<?xml version="1.0" encoding="utf-8"?>
<COLLADA xmlns="http://www.collada.org/2005/11/COLLADASchema" version="1.4.1" xmlns:xsi="http://www.w3.org/2001/XMLSchema-instance">
  <asset>
    <contributor>
      <author>Blender User</author>
      <authoring_tool>Blender 2.79.0 commit date:2017-09-11, commit time:10:43, hash:5bd8ac9</authoring_tool>
    </contributor>
    <created>2019-02-03T11:25:06</created>
    <modified>2019-02-03T11:25:06</modified>
    <unit name="meter" meter="1"/>
    <up_axis>Z_UP</up_axis>
  </asset>
  <library_cameras>
    <camera id="Camera-camera" name="Camera">
      <optics>
        <technique_common>
          <perspective>
            <xfov sid="xfov">49.13434</xfov>
            <aspect_ratio>1.777778</aspect_ratio>
            <znear sid="znear">0.1</znear>
            <zfar sid="zfar">100</zfar>
          </perspective>
        </technique_common>
      </optics>
      <extra>
        <technique profile="blender">
          <shiftx sid="shiftx" type="float">0</shiftx>
          <shifty sid="shifty" type="float">0</shifty>
          <YF_dofdist sid="YF_dofdist" type="float">0</YF_dofdist>
        </technique>
      </extra>
    </camera>
  </library_cameras>
  <library_lights>
    <light id="LAMP_FRONT_PEACH-light" name="Lamp.002">
      <technique_common>
        <ambient>
          <color>1 1 1</color>
        </ambient>
      </technique_common>
      <extra>
        <technique profile="blender">
          <type sid="type" type="int">3</type>
          <flag sid="flag" type="int">0</flag>
          <mode sid="mode" type="int">8192</mode>
          <gamma sid="blender_gamma" type="float">1</gamma>
          <red sid="red" type="float">1</red>
          <green sid="green" type="float">1</green>
          <blue sid="blue" type="float">1</blue>
          <shadow_r sid="blender_shadow_r" type="float">0</shadow_r>
          <shadow_g sid="blender_shadow_g" type="float">0</shadow_g>
          <shadow_b sid="blender_shadow_b" type="float">0</shadow_b>
          <energy sid="blender_energy" type="float">1</energy>
          <dist sid="blender_dist" type="float">29.99998</dist>
          <spotsize sid="spotsize" type="float">75</spotsize>
          <spotblend sid="spotblend" type="float">0.15</spotblend>
          <halo_intensity sid="blnder_halo_intensity" type="float">1</halo_intensity>
          <att1 sid="att1" type="float">0</att1>
          <att2 sid="att2" type="float">1</att2>
          <falloff_type sid="falloff_type" type="int">2</falloff_type>
          <clipsta sid="clipsta" type="float">1.000799</clipsta>
          <clipend sid="clipend" type="float">30.002</clipend>
          <bias sid="bias" type="float">1</bias>
          <soft sid="soft" type="float">3</soft>
          <compressthresh sid="compressthresh" type="float">0.04999995</compressthresh>
          <bufsize sid="bufsize" type="int">2880</bufsize>
          <samp sid="samp" type="int">3</samp>
          <buffers sid="buffers" type="int">1</buffers>
          <filtertype sid="filtertype" type="int">0</filtertype>
          <bufflag sid="bufflag" type="int">0</bufflag>
          <buftype sid="buftype" type="int">2</buftype>
          <ray_samp sid="ray_samp" type="int">1</ray_samp>
          <ray_sampy sid="ray_sampy" type="int">1</ray_sampy>
          <ray_sampz sid="ray_sampz" type="int">1</ray_sampz>
          <ray_samp_type sid="ray_samp_type" type="int">0</ray_samp_type>
          <area_shape sid="area_shape" type="int">0</area_shape>
          <area_size sid="area_size" type="float">10000</area_size>
          <area_sizey sid="area_sizey" type="float">100</area_sizey>
          <area_sizez sid="area_sizez" type="float">1</area_sizez>
          <adapt_thresh sid="adapt_thresh" type="float">0.000999987</adapt_thresh>
          <ray_samp_method sid="ray_samp_method" type="int">1</ray_samp_method>
          <shadhalostep sid="shadhalostep" type="int">0</shadhalostep>
          <sun_effect_type sid="sun_effect_type" type="int">0</sun_effect_type>
          <skyblendtype sid="skyblendtype" type="int">1</skyblendtype>
          <horizon_brightness sid="horizon_brightness" type="float">1</horizon_brightness>
          <spread sid="spread" type="float">1</spread>
          <sun_brightness sid="sun_brightness" type="float">1</sun_brightness>
          <sun_size sid="sun_size" type="float">1</sun_size>
          <backscattered_light sid="backscattered_light" type="float">1</backscattered_light>
          <sun_intensity sid="sun_intensity" type="float">1</sun_intensity>
          <atm_turbidity sid="atm_turbidity" type="float">2</atm_turbidity>
          <atm_extinction_factor sid="atm_extinction_factor" type="float">1</atm_extinction_factor>
          <atm_distance_factor sid="atm_distance_factor" type="float">1</atm_distance_factor>
          <skyblendfac sid="skyblendfac" type="float">1</skyblendfac>
          <sky_exposure sid="sky_exposure" type="float">1</sky_exposure>
          <sky_colorspace sid="sky_colorspace" type="int">0</sky_colorspace>
        </technique>
      </extra>
    </light>
    <light id="Lamp_WEST-light" name="Lamp.003">
      <technique_common>
        <directional>
          <color sid="color">1 1 1</color>
        </directional>
      </technique_common>
      <extra>
        <technique profile="blender">
          <type sid="type" type="int">1</type>
          <flag sid="flag" type="int">0</flag>
          <mode sid="mode" type="int">8192</mode>
          <gamma sid="blender_gamma" type="float">1</gamma>
          <red sid="red" type="float">1</red>
          <green sid="green" type="float">1</green>
          <blue sid="blue" type="float">1</blue>
          <shadow_r sid="blender_shadow_r" type="float">0</shadow_r>
          <shadow_g sid="blender_shadow_g" type="float">0</shadow_g>
          <shadow_b sid="blender_shadow_b" type="float">0</shadow_b>
          <energy sid="blender_energy" type="float">1</energy>
          <dist sid="blender_dist" type="float">29.99998</dist>
          <spotsize sid="spotsize" type="float">75</spotsize>
          <spotblend sid="spotblend" type="float">0.15</spotblend>
          <halo_intensity sid="blnder_halo_intensity" type="float">1</halo_intensity>
          <att1 sid="att1" type="float">0</att1>
          <att2 sid="att2" type="float">1</att2>
          <falloff_type sid="falloff_type" type="int">2</falloff_type>
          <clipsta sid="clipsta" type="float">1.000799</clipsta>
          <clipend sid="clipend" type="float">30.002</clipend>
          <bias sid="bias" type="float">1</bias>
          <soft sid="soft" type="float">3</soft>
          <compressthresh sid="compressthresh" type="float">0.04999995</compressthresh>
          <bufsize sid="bufsize" type="int">2880</bufsize>
          <samp sid="samp" type="int">3</samp>
          <buffers sid="buffers" type="int">1</buffers>
          <filtertype sid="filtertype" type="int">0</filtertype>
          <bufflag sid="bufflag" type="int">0</bufflag>
          <buftype sid="buftype" type="int">2</buftype>
          <ray_samp sid="ray_samp" type="int">1</ray_samp>
          <ray_sampy sid="ray_sampy" type="int">1</ray_sampy>
          <ray_sampz sid="ray_sampz" type="int">1</ray_sampz>
          <ray_samp_type sid="ray_samp_type" type="int">0</ray_samp_type>
          <area_shape sid="area_shape" type="int">1</area_shape>
          <area_size sid="area_size" type="float">0.1</area_size>
          <area_sizey sid="area_sizey" type="float">0.1</area_sizey>
          <area_sizez sid="area_sizez" type="float">1</area_sizez>
          <adapt_thresh sid="adapt_thresh" type="float">0.000999987</adapt_thresh>
          <ray_samp_method sid="ray_samp_method" type="int">1</ray_samp_method>
          <shadhalostep sid="shadhalostep" type="int">0</shadhalostep>
          <sun_effect_type sid="sun_effect_type" type="int">0</sun_effect_type>
          <skyblendtype sid="skyblendtype" type="int">1</skyblendtype>
          <horizon_brightness sid="horizon_brightness" type="float">1</horizon_brightness>
          <spread sid="spread" type="float">1</spread>
          <sun_brightness sid="sun_brightness" type="float">1</sun_brightness>
          <sun_size sid="sun_size" type="float">1</sun_size>
          <backscattered_light sid="backscattered_light" type="float">1</backscattered_light>
          <sun_intensity sid="sun_intensity" type="float">1</sun_intensity>
          <atm_turbidity sid="atm_turbidity" type="float">2</atm_turbidity>
          <atm_extinction_factor sid="atm_extinction_factor" type="float">1</atm_extinction_factor>
          <atm_distance_factor sid="atm_distance_factor" type="float">1</atm_distance_factor>
          <skyblendfac sid="skyblendfac" type="float">1</skyblendfac>
          <sky_exposure sid="sky_exposure" type="float">1</sky_exposure>
          <sky_colorspace sid="sky_colorspace" type="int">0</sky_colorspace>
        </technique>
      </extra>
    </light>
    <light id="Lamp-light" name="Lamp">
      <technique_common>
        <point>
          <color sid="color">1 1 1</color>
          <constant_attenuation>1</constant_attenuation>
          <linear_attenuation>0</linear_attenuation>
          <quadratic_attenuation>0.00111109</quadratic_attenuation>
        </point>
      </technique_common>
      <extra>
        <technique profile="blender">
          <type sid="type" type="int">0</type>
          <flag sid="flag" type="int">0</flag>
          <mode sid="mode" type="int">8192</mode>
          <gamma sid="blender_gamma" type="float">1</gamma>
          <red sid="red" type="float">1</red>
          <green sid="green" type="float">1</green>
          <blue sid="blue" type="float">1</blue>
          <shadow_r sid="blender_shadow_r" type="float">0</shadow_r>
          <shadow_g sid="blender_shadow_g" type="float">0</shadow_g>
          <shadow_b sid="blender_shadow_b" type="float">0</shadow_b>
          <energy sid="blender_energy" type="float">1</energy>
          <dist sid="blender_dist" type="float">29.99998</dist>
          <spotsize sid="spotsize" type="float">75</spotsize>
          <spotblend sid="spotblend" type="float">0.15</spotblend>
          <halo_intensity sid="blnder_halo_intensity" type="float">1</halo_intensity>
          <att1 sid="att1" type="float">0</att1>
          <att2 sid="att2" type="float">1</att2>
          <falloff_type sid="falloff_type" type="int">2</falloff_type>
          <clipsta sid="clipsta" type="float">1.000799</clipsta>
          <clipend sid="clipend" type="float">30.002</clipend>
          <bias sid="bias" type="float">1</bias>
          <soft sid="soft" type="float">3</soft>
          <compressthresh sid="compressthresh" type="float">0.04999995</compressthresh>
          <bufsize sid="bufsize" type="int">2880</bufsize>
          <samp sid="samp" type="int">3</samp>
          <buffers sid="buffers" type="int">1</buffers>
          <filtertype sid="filtertype" type="int">0</filtertype>
          <bufflag sid="bufflag" type="int">0</bufflag>
          <buftype sid="buftype" type="int">2</buftype>
          <ray_samp sid="ray_samp" type="int">1</ray_samp>
          <ray_sampy sid="ray_sampy" type="int">1</ray_sampy>
          <ray_sampz sid="ray_sampz" type="int">1</ray_sampz>
          <ray_samp_type sid="ray_samp_type" type="int">0</ray_samp_type>
          <area_shape sid="area_shape" type="int">1</area_shape>
          <area_size sid="area_size" type="float">0.1</area_size>
          <area_sizey sid="area_sizey" type="float">0.1</area_sizey>
          <area_sizez sid="area_sizez" type="float">1</area_sizez>
          <adapt_thresh sid="adapt_thresh" type="float">0.000999987</adapt_thresh>
          <ray_samp_method sid="ray_samp_method" type="int">1</ray_samp_method>
          <shadhalostep sid="shadhalostep" type="int">0</shadhalostep>
          <sun_effect_type sid="sun_effect_type" type="int">0</sun_effect_type>
          <skyblendtype sid="skyblendtype" type="int">1</skyblendtype>
          <horizon_brightness sid="horizon_brightness" type="float">1</horizon_brightness>
          <spread sid="spread" type="float">1</spread>
          <sun_brightness sid="sun_brightness" type="float">1</sun_brightness>
          <sun_size sid="sun_size" type="float">1</sun_size>
          <backscattered_light sid="backscattered_light" type="float">1</backscattered_light>
          <sun_intensity sid="sun_intensity" type="float">1</sun_intensity>
          <atm_turbidity sid="atm_turbidity" type="float">2</atm_turbidity>
          <atm_extinction_factor sid="atm_extinction_factor" type="float">1</atm_extinction_factor>
          <atm_distance_factor sid="atm_distance_factor" type="float">1</atm_distance_factor>
          <skyblendfac sid="skyblendfac" type="float">1</skyblendfac>
          <sky_exposure sid="sky_exposure" type="float">1</sky_exposure>
          <sky_colorspace sid="sky_colorspace" type="int">0</sky_colorspace>
        </technique>
      </extra>
    </light>
  </library_lights>
  <library_images/>
  <library_effects>
    <effect id="tosita-effect">
      <profile_COMMON>
        <technique sid="common">
          <phong>
            <emission>
              <color sid="emission">0 0 0 1</color>
            </emission>
            <ambient>
              <color sid="ambient">0 0 0 1</color>
            </ambient>
            <diffuse>
              <color sid="diffuse">0.64 0.64 0.64 1</color>
            </diffuse>
            <specular>
              <color sid="specular">0.5 0.5 0.5 1</color>
            </specular>
            <shininess>
              <float sid="shininess">50</float>
            </shininess>
            <index_of_refraction>
              <float sid="index_of_refraction">1</float>
            </index_of_refraction>
          </phong>
        </technique>
      </profile_COMMON>
    </effect>
  </library_effects>
  <library_materials>
    <material id="tosita-material" name="tosita">
      <instance_effect url="#tosita-effect"/>
    </material>
  </library_materials>
  <library_geometries>
    <geometry id="squareshield-mesh" name="squareshield">
      <mesh>
        <source id="squareshield-mesh-positions">
          <float_array id="squareshield-mesh-positions-array" count="993">1.983844 -0.03512054 3.260112 1.983844 -0.03512054 3.260112 1.411161 -0.8130965 3.30659 1.411161 -0.8130965 3.30659 1.924511 0.7357228 3.264928 1.924511 0.7357228 3.264928 1.400266 0.7458142 3.307475 1.400266 0.7458142 3.307475 1.417606 -0.03364109 3.453565 1.93658 0.7357559 3.304144 1.406641 0.7458142 3.386026 1.996822 -0.03508162 3.299254 1.417536 -0.8130967 3.385142 1.423981 -0.03364109 3.532116 0.8275838 -0.03216159 3.353954 0.8275838 -0.03216159 3.353954 0.876111 0.7431675 3.350015 0.876111 0.7431675 3.350015 0.8210874 -0.03220099 3.394676 0.8705233 0.7431347 3.390664 1.720562 -0.8464764 3.28148 1.720562 -0.8464764 3.28148 1.720562 -0.8464764 3.28148 1.988143 -0.6503787 3.259763 1.988143 -0.6503787 3.259763 1.988143 -0.6503787 3.259763 1.839705 -0.7834471 3.280823 1.839705 -0.7834471 3.280823 2.001121 -0.6503391 3.298905 2.001121 -0.6503391 3.298905 1.730536 -0.8464611 3.324879 1.730536 -0.8464611 3.324879 1.850689 -0.7840107 3.322362 1.850689 -0.7840107 3.322362 0.8318575 -0.6436929 3.353606 0.8318575 -0.6436929 3.353606 0.8318575 -0.6436929 3.353606 1.102194 -0.8375866 3.331666 1.102194 -0.8375866 3.331666 1.102194 -0.8375866 3.331666 0.9839844 -0.7749878 3.350382 0.9839844 -0.7749878 3.350382 1.099348 -0.8375587 3.376104 1.099348 -0.8375587 3.376104 0.8253611 -0.6437323 3.394329 0.8253611 -0.6437323 3.394329 0.9798468 -0.7756113 3.393172 0.9798468 -0.7756113 3.393172 -1.659108 -2.289199 3.03997 -1.71908 -2.19691 3.128292 -1.71908 -2.19691 3.128292 -1.801504 -2.197458 3.073812 -1.801504 -2.197458 3.073812 -1.823948 1.875342 3.074395 -1.750786 -2.981084 3.080163 -1.704731 -2.19637 3.063762 -1.704731 -2.19637 3.063762 -1.838943 -2.290286 3.060578 -1.684813 -2.139791 3.040298 -1.7128 -2.140332 3.166599 -1.7128 -2.140332 3.166599 -1.751008 -2.981089 3.081155 -1.75184 -2.981094 3.080414 -1.819 -2.140877 3.072102 -1.717748 1.875886 3.168893 -1.717748 1.875886 3.168893 -1.689761 1.876427 3.042592 -1.686688 -2.28974 3.164045 -0.2102079 -0.02025055 3.818009 -0.190148 0.01837289 3.417439 0.2031862 -0.02025061 3.818011 0.1831331 0.01837295 3.417439 -0.1490961 -0.2802306 3.782475 -0.08518618 -0.2720103 3.391186 -0.08518618 -0.2720103 3.391186 0.1375406 -0.2802305 3.782477 0.07363146 -0.2720103 3.391186 0.07363146 -0.2720103 3.391186 0.07363146 -0.2720103 3.391186 -0.1184927 0.1107024 3.76219 -0.00864464 0.2235763 3.69839 -0.00864464 0.2235763 3.69839 0.1365382 0.1107007 3.762194 0.1843195 0.02091974 3.417276 0.1293127 0.1618376 3.418015 -0.1050772 0.1628139 3.417727 -0.01626604 0.1860622 3.419478 -0.01626604 0.1860622 3.419478 -0.2098368 -0.1569282 3.806625 -0.2098368 -0.1569282 3.806625 -0.1710802 -0.1988972 3.583875 -0.1710802 -0.1988972 3.583875 -0.1171411 -0.3148342 3.556049 -0.1449835 -0.1500623 3.362259 -0.2162585 -9.34038e-4 3.617725 0.2092115 -9.46352e-4 3.617726 0.1640593 -0.1988973 3.583878 0.1640593 -0.1988973 3.583878 0.1379751 -0.1504717 3.359616 0.1055856 -0.3148342 3.55605 0.2028155 -0.1569283 3.806627 0.2028155 -0.1569283 3.806627 -0.005777537 -0.2802305 3.782476 -0.005777537 -0.2802305 3.782476 -0.173165 -0.2304668 3.65433 0.166144 -0.2304668 3.654332 0.001334547 -0.3746699 3.58732 0.03900468 -0.3148536 3.556049 0.03900468 -0.3148536 3.556049 0.001336097 -0.367704 3.629842 -0.03633594 -0.3148537 3.556049 -1.872656 0.116881 3.113512 -1.872656 0.116881 3.113512 1.847119 0.1168659 3.171309 1.847119 0.1168659 3.171309 1.845824 -0.1231876 3.228423 1.845824 -0.1231876 3.228423 -1.657719 0.01647359 3.182171 -1.62688 -0.1209704 3.044302 -1.62688 -0.1209704 3.044302 -1.62688 -0.1209704 3.044302 1.590474 0.09794974 3.060467 1.590474 0.09794974 3.060467 1.630164 0.01647037 3.233293 1.603596 -0.1209575 3.094554 1.603596 -0.1209575 3.094554 1.603596 -0.1209575 3.094554 -0.4065822 -0.1895741 2.894633 -0.4065822 -0.1895741 2.894633 -0.4065822 -0.1895741 2.894633 9.28307e-4 -0.1549994 3.328543 9.28307e-4 -0.1549994 3.328543 -1.612981 0.09501504 3.011852 -1.657545 0.07568645 3.181381 -0.4227682 -0.2477251 2.172206 -0.4227682 -0.2477251 2.172206 -0.4227682 -0.2477251 2.172206 -0.4227682 -0.2477251 2.172206 1.603512 -0.1131589 3.094107 0.5062473 -0.04742121 3.287808 -0.02244049 -0.285131 2.893168 0.2068879 0.1830288 3.22072 0.2068879 0.1830288 3.22072 0.2424283 0.3642639 1.541805 -0.2098169 0.3642586 1.538782 -0.2992459 -0.3030194 1.590071 0.2909345 -0.3030184 1.590104 -0.4889898 0.2708907 1.590037 -0.4889898 0.2708907 1.590037 0.4859179 0.2708953 1.590153 0.4859179 0.2708953 1.590153 -0.427114 0.2584282 2.181615 -0.427114 0.2584282 2.181615 -0.427114 0.2584282 2.181615 -0.427114 0.2584282 2.181615 0.4193412 0.2584328 2.180704 0.4193412 0.2584328 2.180704 0.4193412 0.2584328 2.180704 0.4193412 0.2584328 2.180704 -1.612713 0.09796231 3.010632 -1.612713 0.09796231 3.010632 -1.873125 -0.1232002 3.170646 -1.873125 -0.1232002 3.170646 -1.840085 -0.1246984 2.979164 -1.840085 -0.1246984 2.979164 -1.840085 -0.1246984 2.979164 1.81871 -0.1246855 3.036036 1.81871 -0.1246855 3.036036 1.81871 -0.1246855 3.036036 -1.038403 0.2488247 3.093791 -1.626717 -0.1131909 3.043557 -1.042006 -0.08892083 3.089764 -1.0079 0.07976418 3.003853 -0.3949494 0.3025279 2.903848 -0.3949494 0.3025279 2.903848 -0.3949494 0.3025279 2.903848 -0.3949494 0.3025279 2.903848 -1.061795 -0.04379791 3.238741 0.9903446 0.2489778 3.143002 1.590747 0.09498357 3.061924 1.009248 -0.04379773 3.288741 0.9940704 -0.089055 3.139065 0.9626356 0.07980984 3.05205 0.3653562 0.2998514 2.911964 0.3653562 0.2998514 2.911964 0.3653562 0.2998514 2.911964 0.3653562 0.2998514 2.911964 0.3653562 0.2998514 2.911964 0.4150017 -0.2477208 2.171296 0.4150017 -0.2477208 2.171296 0.4150017 -0.2477208 2.171296 0.4150017 -0.2477208 2.171296 -0.4889898 -0.1300607 1.590037 -0.4889898 -0.1300607 1.590037 -0.5149935 0.1372714 3.185489 -0.5149935 0.1372714 3.185489 -0.5149935 0.1372714 3.185489 -0.424343 0.02788585 3.266513 -0.424343 0.02788585 3.266513 -0.424343 0.02788585 3.266513 0.001026153 0.1282199 3.352591 -0.2170965 0.1821019 3.223134 -0.2170965 0.1821019 3.223134 -0.2170965 0.1821019 3.223134 0.3992861 0.02788585 3.266513 0.3992861 0.02788585 3.266513 0.3992861 0.02788585 3.266513 0.3992861 0.02788585 3.266513 0.4871315 0.1415845 3.181174 0.4871315 0.1415845 3.181174 0.4871315 0.1415845 3.181174 0.4859179 -0.1300548 1.590152 0.4859179 -0.1300548 1.590152 -1.841147 0.09827911 2.978342 1.819795 0.09826612 3.035246 0.3779784 -0.1960505 2.891643 0.3779784 -0.1960505 2.891643 0.3779784 -0.1960505 2.891643 0.5109577 0.1230345 3.312903 0.5109577 0.1230345 3.312903 -0.5485712 -0.04738903 3.26922 1.628675 0.07567846 3.225357 -0.5540546 0.1229509 3.294141 -0.2146492 -0.2343162 3.888578 -0.2146492 -0.2343162 3.888578 0.2025172 -0.2292463 3.883584 0.2025172 -0.2292463 3.883584 -0.2056964 -0.2994202 3.722569 0.2035155 -0.2730214 3.721122 -0.2339682 0.09422069 3.647627 0.2288486 0.09422075 3.648685 -0.008983969 0.2250177 3.678846 -0.008983969 0.2250177 3.678846 0.01294618 -0.3518338 3.753162 0.01294618 -0.3518338 3.753162 0.008997499 -0.3006007 3.89958 0.008997499 -0.3006007 3.89958 0.2571868 0.004978358 3.831093 0.1097975 0.178869 3.794486 -0.003834962 0.2273926 3.781241 -0.003834962 0.2273926 3.781241 -0.1156438 0.180305 3.794619 -0.2731628 0.005381822 3.831786 0.008977949 -0.3005223 3.899642 0.008977949 -0.3005223 3.899642 -0.03979653 0.03719413 4.152624 -0.001655936 0.03081512 4.164814 -0.001655936 0.03081512 4.164814 0.1693034 -0.1345446 3.986073 0.1989385 0.02169638 3.969267 0.1446745 -0.1883219 3.991849 0.03558433 0.02990162 4.153921 -0.2080144 0.0219438 3.969831 -7.50445e-4 0.05698239 4.150393 -7.50445e-4 0.05698239 4.150393 -0.001351237 0.1955926 3.950559 -0.001351237 0.1955926 3.950559 -0.08714544 0.1585317 3.956673 -0.002175748 -0.002083182 4.155739 -0.002175748 -0.002083182 4.155739 -0.1463862 -0.196217 3.995584 -0.1798442 -0.1352467 3.989072 0.08584231 0.1574485 3.956447 0.008480608 -0.2171679 3.995018 0.008480608 -0.2171679 3.995018 0.2424283 0.4336502 0.9502385 -0.2098169 0.4336438 0.9472154 -0.2992459 -0.3855423 0.9985043 0.2909345 -0.385541 0.9985374 -0.570955 0.3190203 0.9984702 -0.570955 0.3190203 0.9984702 0.5678831 0.3190261 0.9985862 0.5678831 0.3190261 0.9985862 -0.5709549 -0.1650543 0.9984702 -0.5709549 -0.1650543 0.9984702 0.5678831 -0.1650474 0.9985858 0.5678831 -0.1650474 0.9985858 0.4072237 0.03588783 1.193372 0.3743782 0.2428812 0.006848454 0.3743782 0.2428812 0.006848454 0.08570969 0.03556907 1.173551 0.1368585 0.2412616 0.006854176 0.1368585 0.2412616 0.006854176 -0.3871089 0.03740787 1.189171 -0.07914245 0.03707313 1.169378 -0.1339394 0.2522601 0.002764463 -0.1339394 0.2522601 0.002764463 0.2525088 -0.01224303 0.1856067 0.2525088 -0.01224303 0.1856067 0.2525088 -0.01224303 0.1856067 0.2319262 -0.1187104 1.017759 0.2367851 -0.1800943 1.338348 -0.2284536 -0.1268163 1.017759 -0.2121686 -0.1920213 1.335124 -0.3744874 0.2539934 0.002758383 -0.3744874 0.2539934 0.002758383 -0.2510623 -0.01371759 0.1815163 -0.2510623 -0.01371759 0.1815163 -0.2510623 -0.01371759 0.1815163 0.4387058 0.07396972 1.027051 -0.07981622 0.07189881 1.027051 0.0841791 0.06960707 1.027059 -0.4195123 0.07886826 1.027051 -0.3543572 0.1609956 1.044447 -0.09839487 0.1605626 1.044557 0.1034471 0.150978 1.046964 0.3522943 0.1513473 1.046893 0.1477569 -0.3119599 0.005373716 0.1477569 -0.3119599 0.005373716 0.1477569 -0.3119599 0.005373716 0.1550478 -0.3119599 0.07639551 0.1550478 -0.3119599 0.07639551 -0.3417108 -0.2576087 0.06942176 -0.3417108 -0.2576087 0.06942176 -0.3918197 -0.2318281 0.001277387 -0.3918197 -0.2318281 0.001277387 -0.3918197 -0.2318281 0.001277387 -0.1511796 -0.3119598 0.06942188 -0.1511796 -0.3119598 0.06942188 -0.1451529 -0.3119598 0.001259386 -0.1451529 -0.3119598 0.001259386 -0.1451529 -0.3119598 0.001259386 0.3397167 -0.2576087 0.07639575 0.3397167 -0.2576087 0.07639575 0.3912028 -0.2318281 0.005393266 0.3912028 -0.2318281 0.005393266 0.3912028 -0.2318281 0.005393266 -0.322975 0.1780498 1.251329 -0.1292576 0.1778393 1.238879 0.1448736 0.1763394 1.243478 0.3770452 0.1765696 1.25779</float_array>
          <technique_common>
            <accessor source="#squareshield-mesh-positions-array" count="331" stride="3">
              <param name="X" type="float"/>
              <param name="Y" type="float"/>
              <param name="Z" type="float"/>
            </accessor>
          </technique_common>
        </source>
        <source id="squareshield-mesh-normals">
          <float_array id="squareshield-mesh-normals-array" count="996">0.3765832 0.00210607 0.9263805 -0.1014582 -0.9945583 0.02366602 -0.3232848 -0.01897323 -0.9461115 -0.08303558 -0.185366 -0.979155 -0.9874891 -0.006811678 -0.1575408 0.1530919 -0.184333 0.9708678 0.3765254 0.02355146 0.9261069 0.1534907 0.1853328 0.9706145 0.1664131 -0.01542419 -0.9859355 0.9530361 0.07518899 -0.2933748 0.01911979 0.9998161 -0.001551985 -0.07856136 -0.1853368 -0.9795297 0.06771135 -0.1176813 0.9907402 -0.3233022 -0.001722633 -0.9462942 -0.09953844 -0.1252667 0.9871173 0.1664745 0.00172311 -0.9860442 0.007579267 0.1843757 0.9828267 -0.2221793 0.01921111 0.9748166 0.002157568 -0.1853116 0.9826775 0.07850056 -0.9968937 -0.006374001 0.09011483 -0.1252371 0.9880259 -0.004996776 0.9999876 1.17747e-4 -0.9856206 0.06203091 -0.157176 0.6312584 -0.7470081 -0.2085471 -0.6462083 -0.7560667 -0.1038185 -0.4659608 -0.8829077 -0.05791902 0.9491607 0.006812036 -0.3147184 0.454946 -0.880644 -0.1322504 0.8985257 0.3899736 0.2014254 0.8976006 0.3913512 0.2028734 -0.1034469 0.1989297 -0.9745388 -0.1129909 0.1847578 -0.9762672 -0.5489372 0.1031326 0.8294767 -0.5582119 0.12134 0.8207777 0.9464074 -0.2467591 0.208382 0.9464526 -0.2463405 0.2086721 -0.2170705 -0.307754 -0.9263736 -0.1024136 -0.06168675 -0.9928274 -0.6533976 -0.1798129 0.7353495 -0.4901283 -0.4507383 0.7460625 0.9763159 0.001079142 0.2163471 0.9763154 0.001079261 0.2163497 -0.2306202 2.71466e-4 -0.9730438 -0.2306227 2.71573e-4 -0.9730433 -0.6647457 -0.001245439 0.7470687 -0.6647416 -0.001245558 0.7470724 0.008352577 -0.9999608 -0.002941012 -0.007467508 0.9999687 0.002627909 0.9693455 -0.1159229 0.2166365 0.9696922 -0.1159983 0.2150385 -0.6649354 -0.02766692 0.7463884 -0.5613276 -0.04705148 0.8262552 -0.1134901 -0.04262578 -0.9926244 -0.2306504 -0.05694776 -0.9713689 0.9310542 0.3632537 0.03442496 0.888298 -0.3992539 0.226987 0.8073258 0.5881187 -0.04838913 0.8760852 0.4767045 0.07230234 -0.8598784 0.5065636 -0.0632674 -0.7737677 0.6278845 0.08393198 -0.8059949 0.5891007 0.05773073 0.5802682 0.8072651 0.1077586 0.1612941 0.9775071 -0.1358832 -0.6907447 0.7184584 0.08178889 -0.2490769 0.9607166 -0.1224112 -0.984753 0.01178193 -0.1735588 -0.967326 -0.2194586 -0.126958 -0.8969084 -0.353516 -0.2656728 -0.9063575 -0.3749189 -0.1948125 0.8291044 -0.5581943 -0.03170311 -0.8588097 -0.4696545 -0.2046228 -0.9746114 -0.2237656 0.007861375 -0.9664259 -0.2111952 -0.1463477 0.9686334 -0.1944976 -0.1546619 0.9746405 -0.2236418 0.007765233 0.8417938 -0.4990788 -0.2056787 0.9670314 -0.208624 -0.146036 0.8841513 -0.381039 -0.2703442 0.8927081 -0.4007934 -0.2060028 0.9847534 0.01178497 -0.1735571 0.9673271 -0.2194553 -0.1269565 1.10164e-6 -0.9678524 -0.2515189 3.88965e-6 -0.4632991 -0.8862021 0 -0.988523 0.1510708 -2.37617e-4 -0.9885054 0.1511855 2.8643e-4 -0.9678672 -0.2514622 -2.3168e-4 -0.9678695 -0.2514532 -9.07836e-7 -0.988523 0.151071 0.9154143 -0.329343 0.2314084 2.85299e-4 -0.988502 0.1512084 0.8620873 -0.5000988 0.08189499 -0.8620954 -0.5000753 0.08195233 -0.9683505 -0.1941784 -0.1568184 -0.8537915 -0.5189841 -0.04117912 -0.8972824 -0.4414477 -0.002899527 0.8825293 -0.4700353 0.01445806 -0.9027226 -0.3900744 0.1814773 -0.1983842 0.2272791 0.9534087 0.246946 0.8485781 0.4679027 0.2922185 -0.002136826 -0.9563492 -0.9740408 -0.005471587 -0.2263067 0.1379582 -0.1592682 -0.9775486 0.3633499 -0.6178965 0.6972668 0.01433676 -0.9998443 0.01029676 0.01999527 0.9910839 -0.1317303 -0.9847597 -0.03844338 -0.1696188 0.1688364 0.2272784 0.9590824 -0.2612408 0.8485845 0.4600629 -0.2625317 -0.002139747 -0.964921 0.9805563 -0.005470037 -0.1961622 -0.1077078 -0.1592686 -0.9813423 -0.3846625 -0.6179061 0.6857309 -0.01464849 -0.9998443 0.00984919 -0.01591587 0.991084 -0.1322844 0.9895231 -0.03844696 -0.1391614 -0.1875751 0.8799869 0.4363929 -0.4076773 -0.7966002 0.4463493 -0.1787681 -0.08318024 0.9803688 1.68914e-4 0.4696859 -0.8828336 0.002704501 0.4436996 0.8961715 -0.2637663 0.9637342 0.04054313 -0.01683598 -0.1494343 -0.9886283 0.08890902 -0.4662459 -0.8801761 -0.03892761 -0.5931436 0.8041551 -0.2137697 -0.9424554 0.257061 0.66197 -0.7462251 -0.07031142 -3.67008e-6 -0.9955193 0.09455895 0.1066243 -0.140572 0.9843124 0.4667086 -0.7535678 0.4629458 0.9377253 -0.1375289 0.3189941 0.6038597 0.7327777 0.3136723 -0.999692 -0.009013056 0.0231235 -0.998811 0.0228039 0.0430895 0.9986012 -0.0095281 0.05200803 0.997128 0.02241533 0.07234287 -4.76274e-4 0.9355714 0.3531371 -2.98973e-5 0.9352955 0.3538676 0.004166245 0.9981212 -0.06113088 -6.61984e-5 0.9983996 -0.05655431 -0.2299816 -0.9289787 0.2900121 -0.2402612 -0.9671335 0.08323132 -5.12647e-5 -0.9986582 -0.05178523 -0.02374047 -0.9576637 0.2869089 -0.04448568 -0.9394671 0.3397389 -0.3259274 -0.3758923 -0.8674541 -0.1689251 0.02244389 -0.9853734 -0.2896233 0.4082815 -0.8656931 -0.05966526 -0.1463811 0.9874274 0.05349308 0.8986935 0.4353027 -0.2405944 0.4462115 0.8619801 0.002416729 0.473233 -0.880934 0.005582749 0.4459084 0.8950612 0.2550123 0.9653808 0.05485266 0.01919859 -0.1516256 -0.9882516 -0.08341163 -0.4686873 -0.8794174 0.0376681 -0.5736998 0.8181991 0.2086305 -0.9417968 0.2636134 -0.2821887 -0.1320962 0.9502211 -0.5732574 -0.6886673 0.4439745 -0.6841253 0.6948878 0.2215933 -0.8519347 -0.5173074 0.08124464 0.00636065 -0.9573594 0.28883 0.02481466 -0.9386043 0.344102 0.4008463 -0.3595836 -0.8426281 0.2441022 0.04590564 -0.9686624 0.3462885 0.3996106 -0.8487613 -7.86172e-4 -0.1456315 0.9893386 -0.08484953 0.8999344 0.4276899 0.1920961 0.4472395 0.8735422 0.4299574 -0.7856343 0.4448769 0.1904757 -0.08312088 0.9781666 0.1912812 0.8815008 0.4317034 -0.6718797 -0.7370985 -0.07255154 0.9926367 -5.0784e-7 0.1211301 0.9936743 -0.01059716 0.1117998 -0.9945428 -0.01046872 0.103803 -0.9935927 0 0.1130207 -0.3081044 0.9499173 0.05223739 0.3472015 0.9359395 0.05889356 0.216741 -0.9728694 0.08092343 0.210096 -0.9397696 0.2696163 -0.2735831 0.4157438 0.8673577 -0.1928188 0.7472854 0.6359132 1.67345e-4 0.9233248 0.3840202 0.3106713 0.6023157 0.7353225 0.1924156 0.4896393 0.8504292 -0.001105904 0.9865068 0.1637171 1.69594e-4 0.9867086 0.1625002 -0.9580201 -0.1185077 -0.2610622 -0.9727959 -0.2286563 0.0372098 -0.7209382 0.6587111 0.2152855 0.1721014 -0.7412878 0.6487477 -0.2825629 -0.8981124 0.3369753 -0.5071772 -0.6075162 0.6113064 -0.2625645 -0.9129538 0.3123703 0.9062189 -0.1207053 0.4052131 0.2693169 -0.553495 0.7881064 0.3844454 0.9060795 0.1766971 0.7197225 0.6571696 0.223892 -0.894137 -0.107015 0.4348182 0.3531648 -0.902796 0.2454261 0.4074071 -0.8585191 0.3113912 0.919637 -0.2770442 -0.2784143 0.9976621 -0.06419944 0.02342879 0.7237868 0.6575311 0.2092502 0.3964389 0.917136 -0.04120653 0.4653337 0.8757606 -0.1284834 -0.4005358 0.89394 -0.2011027 -0.5031358 0.8641915 0.005256712 -0.712637 0.6791136 0.1759354 -0.2716615 -0.8387371 0.4719326 0.7880349 -0.303365 0.5356966 -0.7334604 -0.339607 0.588815 -0.3639227 0.9144411 0.1770811 0.6477732 -0.218265 0.7298975 0.3909149 -0.4148082 0.8216567 -0.3321688 -0.2459422 0.9105913 0.7455908 -0.07013541 0.6627032 -0.6157069 0.5946545 0.5170019 -0.3513537 0.7556221 0.5527983 -0.2996649 0.7835006 0.5443602 0.6086689 0.5601488 0.5619214 0.5149351 0.74594 0.4223924 0.3058245 0.7827454 0.5420158 0.1430431 -0.5878733 0.7962059 0.2597507 0.4592097 0.8495035 0.2651891 -0.2602935 0.9283976 -0.1936479 0.4786823 0.8563666 -0.07815968 -0.5992369 0.7967473 -0.5942114 -0.244236 0.76633 -0.4389095 -0.3549355 0.825457 -0.732967 -0.04829514 0.6785477 0.6575136 -0.7412588 0.1349497 -0.9905372 0 0.1372448 0.9905372 -1.95941e-7 0.137245 -0.2953955 0.9480521 0.118062 -6.17162e-6 -0.9904099 0.1381607 0.3155101 0.9424614 0.1105437 -0.6264618 -0.7719771 0.1076899 -7.90344e-4 0.9931912 0.1164938 0.7988899 -0.5928044 -0.1017733 -0.7829456 -0.6077018 -0.1330219 -0.8659318 -0.4839928 -0.1261474 -0.7330178 -0.6796613 -0.02730518 -0.7736651 -0.6243534 -0.1078205 0.7297854 -0.6693507 -0.1392227 0.979507 0.1966607 0.04348337 -0.8685243 -0.4808053 -0.1203818 0.7952951 -0.5879713 -0.1476338 0.852998 -0.5035692 -0.1371589 0.7989199 -0.5797355 -0.1601061 -0.7625797 -0.640259 -0.09241557 -0.9358958 0.3155717 0.156568 0.001647293 0.9961524 0.08762407 -0.006790578 0.9961392 0.0875256 0.1093387 -0.3715034 0.921971 -0.8033571 0.02684712 0.5948923 4.73254e-5 0.003046751 -0.9999954 -0.1088158 -0.3814581 0.9179591 0.8485499 -0.01827508 0.5287997 0.807724 0.02682179 0.5889503 -0.8510152 -0.01816946 0.5248267 0.6821452 -0.7302248 -0.03807693 -0.7886409 0.610882 0.06977725 0.9780315 0.2079121 -0.01506882 -0.9724248 0.2329565 -0.01101601 0.6750056 0.7335824 0.07889509 0.2822241 -0.958911 -0.02897262 -4.498e-5 0.003063797 -0.9999954 -0.2742377 -0.9613563 -0.02424699 0.6750175 0.6810711 0.283714 -0.9217571 0.3720893 0.1091497 -0.004156589 0.9966624 -0.08152872 0.006381571 0.9928156 -0.1194849 0.257479 -0.1215448 0.9586091 -0.1065658 -0.9942681 0.008644819 -0.9874899 -0.006811559 -0.1575358 0.1556105 -0.260997 0.952715 0.9464195 0.07595533 -0.3138804 0.01799041 0.9998178 -0.006380796 -0.07175266 0.1853905 -0.9800418 -0.2245211 0.09699261 -0.9696302 -0.22227 -0.002106845 0.974983 0.06527084 0.1000102 -0.9928433 -0.006043314 -0.2764368 0.9610131 0.07649636 -0.9970545 0.005525231 -0.08383905 0.1853122 -0.9790967 -0.005016267 0.9999874 4.07787e-4 -0.9888336 0.0611996 -0.1358786 0.6423289 -0.7450023 -0.1799591 -0.6524779 -0.7541784 -0.0740785 -0.4714394 -0.8814004 -0.02963829 0.9491629 0.00681132 -0.3147116 0.4645019 -0.8791509 -0.106451 7.80953e-7 -0.9678527 -0.2515181 1.07913e-4 -0.9955065 0.09469443 -0.6936578 0.6769424 0.2461462 0.3373509 -0.8067197 0.485178 0.9080256 -0.1293712 0.3984378 0.3708111 0.9137217 0.1661679 0.7445076 0.6386291 0.1945799 -0.8966939 -0.1178003 0.4266887 -0.09900808 -0.7495237 0.6545316 -0.3781256 0.9064061 0.188279 0.6191704 -0.7777259 0.1084915 -0.9905372 -2.06175e-7 0.137245 0.9905372 -2.48918e-7 0.137245 -0.2862057 0.9516447 0.1116189 -5.44175e-6 -0.9904099 0.138161 0.3340817 0.9345723 0.1223275 -0.6674362 -0.7321819 0.1357888 -7.9285e-4 0.9931914 0.116492 0.8726463 -0.4709944 -0.1290454 -0.7853347 -0.6113232 -0.09763848 0.9526001 0.2765849 0.1267042 -0.732402 -0.6770793 -0.07177114 0.681571 -0.7277681 -0.07625412 -0.9745272 0.2159921 0.06036865 0.00717473 0.9960252 0.08878254 -0.001453578 0.996257 0.08643025 -0.8012481 0.02300888 0.5978897 7.8865e-4 0.00265181 -0.9999962 0.9539726 0.2877883 0.08434659 0.8054257 0.02265083 0.5922638 -0.9563577 0.2752114 0.09817713 0.3105031 -0.9433009 -0.1173513 -7.95253e-4 0.002660393 -0.9999962 -0.3062914 -0.9428169 -0.1314615 0.9519781 0.2701695 -0.1440352 -0.7776716 0.5540266 0.2971218 0.001722872 0.9960936 -0.08828651 -0.001508116 0.991814 -0.1276823</float_array>
          <technique_common>
            <accessor source="#squareshield-mesh-normals-array" count="332" stride="3">
              <param name="X" type="float"/>
              <param name="Y" type="float"/>
              <param name="Z" type="float"/>
            </accessor>
          </technique_common>
        </source>
        <source id="squareshield-mesh-map-0">
          <float_array id="squareshield-mesh-map-0-array" count="1992">0.246416 0.007461965 0.381445 0.005717992 0.382297 0.130689 0.235053 0.02278697 0.235053 0.02050995 0.234961 0.132578 0.1417379 0.119001 0.142248 0.192688 0.226241 0.119724 0.227797 0.193414 0.226241 0.119724 0.142248 0.192688 0.383148 0.25359 0.248901 0.255336 0.248902 0.257406 0.24395 0.015037 0.382297 0.130689 0.234961 0.132578 0.522386 0.006923973 0.382297 0.130689 0.381445 0.005717992 0.524982 0.1319 0.382297 0.130689 0.522386 0.006923973 0.142758 0.266375 0.227735 0.2671 0.142248 0.192688 0.381446 0.007787942 0.522387 0.008993983 0.522386 0.006923973 0.522387 0.008993983 0.524982 0.1319 0.524982 0.1319 0.227735 0.2671 0.227797 0.193414 0.142248 0.192688 0.059367 0.124568 0.05390995 0.193821 0.05396598 0.127994 0.1417379 0.119001 0.06077897 0.120047 0.142248 0.192688 0.248902 0.257406 0.246395 0.249806 0.382297 0.130689 0.06226795 0.267422 0.142758 0.266375 0.142248 0.192688 0.524879 0.256868 0.382297 0.130689 0.524982 0.1319 0.383148 0.25566 0.382297 0.130689 0.524879 0.256868 0.234961 0.132578 0.382297 0.130689 0.246395 0.249806 0.2372789 0.242379 0.234961 0.132578 0.234961 0.132578 0.05390995 0.193821 0.06083297 0.262883 0.05529999 0.259654 0.524878 0.254798 0.524879 0.256868 0.524982 0.1319 0.383148 0.25359 0.383148 0.25566 0.524879 0.256868 0.340669 0.233182 0.343949 0.220831 0.281734 0.212393 0.299388 0.233201 0.237016 0.241683 0.240305 0.254032 0.341434 0.233201 0.299388 0.233201 0.302097 0.2462469 0.246416 0.009532988 0.381446 0.007787942 0.381445 0.005717992 0.279034 0.225433 0.281734 0.212393 0.239763 0.212393 0.649681 0.785666 0.649766 0.785711 0.663163 0.784237 0.663163 0.784237 0.663023 0.784196 0.649681 0.785666 0.662881 0.76032 0.663163 0.784237 0.649766 0.785711 0.649766 0.785711 0.649595 0.758852 0.662881 0.76032 0.663023 0.784196 0.662881 0.76032 0.649595 0.758852 0.649595 0.758852 0.649681 0.785666 0.663023 0.784196 0.684833 0.911577 0.684868 0.911587 0.688576 0.912532 0.688576 0.912532 0.688541 0.912518 0.684833 0.911577 0.688699 0.882549 0.688576 0.912532 0.684868 0.911587 0.684868 0.911587 0.684991 0.883693 0.688699 0.882549 0.688541 0.912518 0.688699 0.882549 0.684991 0.883693 0.684991 0.883693 0.684833 0.911577 0.688541 0.912518 0.951774 0.912247 0.950964 0.882005 0.688153 0.879964 0.688153 0.879964 0.688576 0.912532 0.951774 0.912247 0.951897 0.882265 0.951774 0.912247 0.688576 0.912532 0.688576 0.912532 0.688699 0.882549 0.951897 0.882265 0.951739 0.912233 0.951897 0.882265 0.688699 0.882549 0.688699 0.882549 0.688541 0.912518 0.951739 0.912233 0.625209 0.772866 0.625211 0.773019 0.62521 0.773018 0.951739 0.912233 0.951774 0.912247 0.951897 0.882265 0.62521 0.773018 0.625211 0.773019 0.649766 0.785711 0.649766 0.785711 0.649681 0.785666 0.62521 0.773018 0.625209 0.772866 0.62521 0.773018 0.649681 0.785666 0.649681 0.785666 0.649595 0.758852 0.625209 0.772866 0.649595 0.758852 0.649766 0.785711 0.625211 0.773019 0.625211 0.773019 0.625209 0.772866 0.649595 0.758852 0.09562796 0.762672 0.05945599 0.759263 0.06900399 0.998288 0.09839099 0.763238 0.09562796 0.762672 0.06900399 0.998288 0.103049 0.881276 0.09839099 0.763238 0.06900399 0.998288 0.11534 0.996162 0.103049 0.881276 0.06900399 0.998288 0.05954694 0.759283 0.094428 0.762233 0.102252 0.879049 0.05954694 0.759283 0.102252 0.879049 0.112742 0.994188 0.06926095 0.998901 0.05954694 0.759283 0.112742 0.994188 0.00395298 0.993012 0.06900399 0.998288 0.05945599 0.759263 0.05945599 0.759263 0.001675963 0.759239 0.00395298 0.993012 0.05954694 0.759283 0.06926095 0.998901 0.005213975 0.995576 0.005213975 0.995576 0.002953946 0.761835 0.05954694 0.759283 0.151419 0.993658 0.112742 0.994188 0.1695089 0.867117 0.165862 0.869471 0.184156 0.913914 0.15237 0.997714 0.165862 0.869471 0.252523 0.756506 0.240683 0.861517 0.240683 0.861517 0.184156 0.913914 0.165862 0.869471 0.18371 0.915151 0.220775 0.988762 0.241909 0.861903 0.183863 0.761939 0.246968 0.758311 0.1695089 0.867117 0.1695089 0.867117 0.112742 0.994188 0.102252 0.879049 0.102252 0.879049 0.094428 0.762233 0.183863 0.761939 0.103049 0.881276 0.170202 0.867982 0.183656 0.762016 0.103049 0.881276 0.11534 0.996162 0.170202 0.867982 0.170202 0.867982 0.247665 0.758483 0.183656 0.762016 0.183656 0.762016 0.09839099 0.763238 0.103049 0.881276 0.241909 0.861903 0.251746 0.755762 0.165661 0.87066 0.165661 0.87066 0.18371 0.915151 0.241909 0.861903 0.170202 0.867982 0.11534 0.996162 0.153814 0.994635 0.151026 0.998675 0.18371 0.915151 0.165661 0.87066 0.365141 0.754987 0.283557 0.861138 0.252523 0.756506 0.310293 0.881749 0.283557 0.861138 0.33873 0.860329 0.307595 0.986535 0.219716 0.986188 0.240683 0.861517 0.307595 0.986535 0.240683 0.861517 0.283557 0.861138 0.241909 0.861903 0.278157 0.861104 0.251746 0.755762 0.240683 0.861517 0.252523 0.756506 0.283557 0.861138 0.241909 0.861903 0.220775 0.988762 0.309291 0.98731 0.307595 0.986535 0.310182 0.89441 0.33873 0.860329 0.241909 0.861903 0.309291 0.98731 0.278157 0.861104 0.310182 0.89441 0.310293 0.881749 0.33873 0.860329 0.283557 0.861138 0.310293 0.881749 0.310182 0.89441 0.102252 0.879049 0.183863 0.761939 0.1695089 0.867117 0.240683 0.861517 0.219716 0.986188 0.184156 0.913914 0.184156 0.913914 0.219716 0.986188 0.15237 0.997714 0.18371 0.915151 0.151026 0.998675 0.220775 0.988762 0.283557 0.861138 0.310182 0.89441 0.307595 0.986535 0.955682 0.789648 0.906316 0.744072 0.990276 0.747908 0.955682 0.789648 0.914286 0.789613 0.906316 0.744072 0.997792 0.787492 0.991573 0.745107 0.915358 0.743797 0.906894 0.743441 0.915358 0.743797 0.991573 0.745107 0.915358 0.743797 0.915735 0.78895 0.997792 0.787492 0.990276 0.747908 0.996366 0.788551 0.955682 0.789648 0.986663 0.74507 0.99546 0.740932 0.996415 0.786638 0.915735 0.78895 0.915358 0.743797 0.906894 0.743441 0.906316 0.744072 0.990982 0.746175 0.990276 0.747908 0.957094 0.786346 0.990881 0.74435 0.906889 0.740949 0.957094 0.786346 0.906889 0.740949 0.915729 0.786459 0.996395 0.786059 0.914815 0.74197 0.991011 0.743683 0.906359 0.74158 0.991011 0.743683 0.914815 0.74197 0.914815 0.74197 0.996395 0.786059 0.914328 0.787121 0.990881 0.74435 0.957094 0.786346 0.997773 0.785001 0.988708 0.746766 0.99845 0.788335 0.997491 0.74263 0.914328 0.787121 0.906359 0.74158 0.914815 0.74197 0.906889 0.740949 0.990881 0.74435 0.991554 0.742615 0.499205 0.744482 0.441636 0.750509 0.488535 0.655889 0.02824097 0.650612 0.12891 0.729279 0.02055799 0.745566 0.127454 0.690296 0.12429 0.737398 0.02206897 0.745577 0.878853 0.149884 0.841599 0.152193 0.882486 0.008809983 0.81437 0.15171 0.878853 0.149884 0.878227 0.007241964 0.878227 0.007241964 0.878853 0.149884 0.882486 0.008809983 0.882486 0.008809983 0.841599 0.152193 0.792311 0.00673896 0.793968 0.148918 0.792311 0.00673896 0.841599 0.152193 0.878227 0.007241964 0.792311 0.00673896 0.793968 0.148918 0.878227 0.007241964 0.793968 0.148918 0.81437 0.15171 0.179454 0.468833 0.217721 0.470289 0.197535 0.554545 0.179454 0.468833 0.07551699 0.556186 0.09147 0.469374 0.856994 0.309008 0.819457 0.309009 0.832627 0.322244 0.832627 0.322244 0.819457 0.309009 0.794703 0.284923 0.855755 0.322455 0.889813 0.286704 0.856994 0.309008 0.856994 0.309008 0.832627 0.322244 0.855755 0.322455 0.279123 0.552622 0.218544 0.554399 0.232904 0.657651 0.290071 0.656206 0.279123 0.552622 0.232904 0.657651 0.218573 0.554316 0.27971 0.553771 0.232926 0.658763 0.232926 0.658763 0.27971 0.553771 0.290061 0.658078 0.29228 0.658399 0.488535 0.655889 0.443589 0.749532 0.443589 0.749532 0.345491 0.747768 0.29228 0.658399 0.482357 0.553454 0.488574 0.656348 0.290037 0.658747 0.482357 0.553454 0.290037 0.658747 0.279384 0.553488 0.02824097 0.650612 0.130821 0.656299 0.12891 0.729279 0.03778797 0.553309 0.130821 0.656299 0.02824097 0.650612 0.218558 0.55591 0.130821 0.656299 0.03778797 0.553309 0.81437 0.15171 0.793968 0.148918 0.819457 0.309009 0.819457 0.309009 0.793968 0.148918 0.794703 0.284923 0.794703 0.284923 0.793968 0.148918 0.841599 0.152193 0.794703 0.284923 0.841599 0.152193 0.889813 0.286704 0.841599 0.152193 0.878853 0.149884 0.889813 0.286704 0.856994 0.309008 0.81437 0.15171 0.819457 0.309009 0.856994 0.309008 0.889813 0.286704 0.878853 0.149884 0.878853 0.149884 0.81437 0.15171 0.856994 0.309008 0.878887 0.15288 0.882479 0.006012976 0.841609 0.155183 0.81437 0.154711 0.878225 0.004443943 0.878887 0.15288 0.878225 0.004443943 0.882479 0.006012976 0.878887 0.15288 0.882479 0.006012976 0.792318 0.003941953 0.841609 0.155183 0.793939 0.151912 0.841609 0.155183 0.792318 0.003941953 0.878225 0.004443943 0.793939 0.151912 0.792318 0.003941953 0.878225 0.004443943 0.81437 0.154711 0.793939 0.151912 0.857013 0.309013 0.832627 0.322244 0.81945 0.309012 0.832627 0.322244 0.793452 0.284345 0.81945 0.309012 0.855294 0.322359 0.83409 0.32088 0.856505 0.311296 0.856505 0.311296 0.887441 0.290067 0.855294 0.322359 0.81437 0.154711 0.81945 0.309012 0.793939 0.151912 0.81945 0.309012 0.793452 0.284345 0.793939 0.151912 0.793452 0.284345 0.841609 0.155183 0.793939 0.151912 0.793452 0.284345 0.889295 0.288272 0.841609 0.155183 0.841609 0.155183 0.889295 0.288272 0.878887 0.15288 0.857013 0.309013 0.81945 0.309012 0.81437 0.154711 0.857013 0.309013 0.878887 0.15288 0.889295 0.288272 0.878887 0.15288 0.857013 0.309013 0.81437 0.154711 0.232903 0.656293 0.250558 0.74757 0.12891 0.729279 0.127454 0.690296 0.251045 0.746055 0.12429 0.737398 0.282784 0.739481 0.29228 0.658399 0.345491 0.747768 0.05359494 0.471428 0.09147 0.469374 0.07551699 0.556186 0.219862 0.469841 0.311042 0.470638 0.198166 0.555203 0.198166 0.555203 0.311042 0.470638 0.322739 0.554336 0.323201 0.55368 0.309845 0.469972 0.198688 0.555949 0.198688 0.555949 0.309845 0.469972 0.218731 0.47029 0.41523 0.460359 0.458159 0.469336 0.447203 0.555949 0.323002 0.555949 0.310907 0.46957 0.348848 0.460884 0.218558 0.55591 0.232903 0.656293 0.130821 0.656299 0.130821 0.656299 0.232903 0.656293 0.12891 0.729279 0.02156299 0.747366 0.02206897 0.745577 0.12429 0.737398 0.12429 0.737398 0.07272696 0.746114 0.02156299 0.747366 0.189454 0.747816 0.07272696 0.746114 0.12429 0.737398 0.189454 0.747816 0.12429 0.737398 0.251045 0.746055 0.251045 0.746055 0.250747 0.746204 0.189454 0.747816 0.348848 0.460884 0.41523 0.460359 0.323002 0.555949 0.447203 0.555949 0.323002 0.555949 0.41523 0.460359 0.185437 0.315967 0.1435959 0.289218 0.145713 0.352382 0.145713 0.352382 0.1864269 0.350382 0.185437 0.315967 0.185657 0.284622 0.185437 0.315967 0.185657 0.284622 0.187434 0.37017 0.1868579 0.363135 0.187434 0.37017 0.187112 0.370353 0.187631 0.365246 0.145713 0.352382 0.187094 0.370367 0.187112 0.370353 0.145713 0.352382 0.187094 0.370367 0.145713 0.352382 0.1459079 0.359339 0.185763 0.315823 0.185829 0.35002 0.185829 0.35002 0.187434 0.37017 0.187415 0.370183 0.1868579 0.363135 0.186194 0.284673 0.184869 0.275367 0.186194 0.284673 0.186194 0.284673 0.185763 0.315823 0.185763 0.315823 0.185437 0.315967 0.1864269 0.350382 0.185437 0.315967 0.145578 0.348669 0.1868579 0.363135 0.187415 0.370183 0.187415 0.370183 0.146077 0.359116 0.145578 0.348669 0.144111 0.288983 0.185763 0.315823 0.185829 0.35002 0.185829 0.35002 0.145578 0.348669 0.144111 0.288983 0.185763 0.315823 0.144111 0.288983 0.186194 0.284673 0.143566 0.28258 0.184869 0.275367 0.186194 0.284673 0.186194 0.284673 0.144111 0.288983 0.143566 0.28258 0.1435959 0.289218 0.185657 0.284622 0.184208 0.275587 0.184208 0.275587 0.143138 0.28281 0.1435959 0.289218 0.1435959 0.289218 0.185437 0.315967 0.185657 0.284622 0.187112 0.370353 0.187631 0.365246 0.187631 0.365246 0.185829 0.35002 0.185829 0.35002 0.1868579 0.363135 0.187631 0.365246 0.187631 0.365246 0.1864269 0.350382 0.185657 0.284622 0.184208 0.275587 0.184208 0.275587 0.1868579 0.363135 0.185829 0.35002 0.248447 0.318415 0.248447 0.318415 0.248847 0.360568 0.1868579 0.363135 0.283065 0.31635 0.24601 0.308756 0.24826 0.360521 0.185829 0.35002 0.185763 0.315823 0.248447 0.318415 0.185657 0.284622 0.185437 0.315967 0.24601 0.308756 0.24601 0.308756 0.2436839 0.282676 0.185657 0.284622 0.185657 0.284622 0.2436839 0.282676 0.184208 0.275587 0.185763 0.315823 0.186194 0.284673 0.244534 0.282705 0.244534 0.282705 0.248447 0.318415 0.185763 0.315823 0.186194 0.284673 0.184869 0.275367 0.244534 0.282705 0.1868579 0.363135 0.248847 0.360568 0.187434 0.37017 0.248447 0.318415 0.244534 0.282705 0.283618 0.316507 0.248447 0.318415 0.283618 0.316507 0.248847 0.360568 0.283065 0.31635 0.2436839 0.282676 0.24601 0.308756 0.187112 0.370353 0.24826 0.360521 0.187631 0.365246 0.24601 0.308756 0.1864269 0.350382 0.187631 0.365246 0.187631 0.365246 0.24826 0.360521 0.24601 0.308756 0.185437 0.315967 0.1864269 0.350382 0.24601 0.308756 0.179454 0.468833 0.2286069 0.384489 0.217721 0.470289 0.309845 0.469972 0.227326 0.386301 0.218731 0.47029 0.311042 0.470638 0.23011 0.385655 0.301058 0.382048 0.41523 0.460359 0.470406 0.38227 0.458159 0.469336 0.09147 0.469374 0.1779659 0.381349 0.179454 0.468833 0.348848 0.460884 0.298421 0.382545 0.348733 0.380859 0.09147 0.469374 0.04189896 0.384886 0.09244698 0.381349 0.41523 0.460359 0.348848 0.460884 0.348733 0.380859 0.649768 0.840044 0.785436 0.797993 0.783788 0.827958 0.787945 0.796243 0.786398 0.826281 0.815931 0.796415 0.65485 0.836445 0.787945 0.796243 0.633899 0.802561 0.782439 0.873529 0.783788 0.827958 0.816386 0.874363 0.786398 0.826281 0.843627 0.828455 0.815931 0.796415 0.818924 0.875364 0.843627 0.828455 0.786398 0.826281 0.774156 0.824093 0.813333 0.79782 0.785436 0.797993 0.649768 0.840044 0.782439 0.873529 0.62709 0.870539 0.783788 0.827958 0.785436 0.797993 0.813333 0.79782 0.78686 0.873567 0.65485 0.836445 0.632183 0.866522 0.841098 0.827104 0.783788 0.827958 0.813333 0.79782 0.841098 0.827104 0.816386 0.874363 0.783788 0.827958 0.777759 0.822181 0.815931 0.796415 0.816482 0.810943 0.628828 0.805764 0.773504 0.836578 0.774156 0.824093 0.633899 0.802561 0.777336 0.834242 0.632183 0.866522 0.626788 0.911601 0.634534 0.841437 0.664941 0.912129 0.628351 0.795936 0.683971 0.834549 0.725869 0.796774 0.628828 0.805764 0.626566 0.875196 0.62709 0.870539 0.626029 0.91178 0.665729 0.911943 0.634775 0.841791 0.683971 0.834549 0.626624 0.872122 0.73277 0.876306 0.683433 0.833517 0.627004 0.796379 0.721934 0.795877 0.626979 0.872705 0.683433 0.833517 0.731133 0.873616 0.786398 0.826281 0.78686 0.873567 0.818924 0.875364 0.782439 0.873529 0.773504 0.836578 0.62709 0.870539 0.774156 0.824093 0.785436 0.797993 0.628828 0.805764 0.787945 0.796243 0.777759 0.822181 0.633899 0.802561 0.777336 0.834242 0.78686 0.873567 0.632183 0.866522 0.662989 0.902084 0.626788 0.911601 0.664941 0.912129 0.63167 0.871042 0.633899 0.802561 0.632183 0.866522 0.626029 0.91178 0.663444 0.901976 0.665729 0.911943 0.777336 0.834242 0.818924 0.875364 0.78686 0.873567 0.773504 0.836578 0.816386 0.874363 0.81575 0.858423 0.81383 0.810276 0.773504 0.836578 0.81575 0.858423 0.777336 0.834242 0.816482 0.810943 0.818643 0.867953 0.246416 0.007461965 0.382297 0.130689 0.24395 0.015037 0.235053 0.02278697 0.234961 0.132578 0.234961 0.132578 0.383148 0.25359 0.248902 0.257406 0.383148 0.25566 0.24395 0.015037 0.234961 0.132578 0.235053 0.02050995 0.381446 0.007787942 0.522386 0.006923973 0.381445 0.005717992 0.522387 0.008993983 0.524982 0.1319 0.522386 0.006923973 0.059367 0.124568 0.05390995 0.193821 0.142248 0.192688 0.142248 0.192688 0.06077897 0.120047 0.059367 0.124568 0.248902 0.257406 0.382297 0.130689 0.383148 0.25566 0.06226795 0.267422 0.142248 0.192688 0.06083297 0.262883 0.234961 0.132578 0.246395 0.249806 0.237289 0.244656 0.2372789 0.242379 0.234961 0.132578 0.237289 0.244656 0.05390995 0.193821 0.06083297 0.262883 0.142248 0.192688 0.524878 0.254798 0.524982 0.1319 0.524982 0.1319 0.383148 0.25359 0.524879 0.256868 0.524878 0.254798 0.340669 0.233182 0.281734 0.212393 0.279034 0.225433 0.299388 0.233201 0.240305 0.254032 0.302097 0.2462469 0.341434 0.233201 0.302097 0.2462469 0.343949 0.24677 0.246416 0.009532988 0.381445 0.005717992 0.246416 0.007461965 0.279034 0.225433 0.239763 0.212393 0.237267 0.225965 0.365141 0.754987 0.33873 0.860329 0.283557 0.861138 0.179454 0.468833 0.197535 0.554545 0.07551699 0.556186 0.185657 0.284622 0.185437 0.315967 0.185437 0.315967 0.187434 0.37017 0.1868579 0.363135 0.1868579 0.363135 0.185763 0.315823 0.185763 0.315823 0.185829 0.35002 0.186194 0.284673 0.184869 0.275367 0.184869 0.275367 0.186194 0.284673 0.186194 0.284673 0.185763 0.315823 0.185437 0.315967 0.1864269 0.350382 0.1864269 0.350382 0.187112 0.370353 0.187112 0.370353 0.187631 0.365246 0.185657 0.284622 0.185657 0.284622 0.184208 0.275587 0.179454 0.468833 0.1779659 0.381349 0.2286069 0.384489 0.309845 0.469972 0.298193 0.381349 0.227326 0.386301 0.311042 0.470638 0.219862 0.469841 0.23011 0.385655 0.41523 0.460359 0.414473 0.380321 0.470406 0.38227 0.09147 0.469374 0.09244698 0.381349 0.1779659 0.381349 0.348848 0.460884 0.310907 0.46957 0.298421 0.382545 0.09147 0.469374 0.05359494 0.471428 0.04189896 0.384886 0.41523 0.460359 0.348733 0.380859 0.414473 0.380321 0.649768 0.840044 0.628828 0.805764 0.785436 0.797993 0.65485 0.836445 0.786398 0.826281 0.787945 0.796243 0.774156 0.824093 0.81383 0.810276 0.813333 0.79782 0.649768 0.840044 0.783788 0.827958 0.782439 0.873529 0.78686 0.873567 0.786398 0.826281 0.65485 0.836445 0.777759 0.822181 0.787945 0.796243 0.815931 0.796415 0.628828 0.805764 0.62709 0.870539 0.773504 0.836578 0.633899 0.802561 0.777759 0.822181 0.777336 0.834242 0.628351 0.795936 0.628707 0.819026 0.683971 0.834549 0.628828 0.805764 0.628341 0.808773 0.626566 0.875196 0.683971 0.834549 0.626176 0.859249 0.626624 0.872122 0.683433 0.833517 0.627917 0.820019 0.627004 0.796379 0.626979 0.872705 0.62618 0.85929 0.683433 0.833517 0.662989 0.902084 0.627101 0.897828 0.626788 0.911601 0.63167 0.871042 0.633421 0.805486 0.633899 0.802561 0.626029 0.91178 0.626706 0.897921 0.663444 0.901976 0.777336 0.834242 0.818643 0.867953 0.818924 0.875364 0.773504 0.836578 0.782439 0.873529 0.816386 0.874363 0.81383 0.810276 0.774156 0.824093 0.773504 0.836578 0.777336 0.834242 0.777759 0.822181 0.816482 0.810943</float_array>
          <technique_common>
            <accessor source="#squareshield-mesh-map-0-array" count="996" stride="2">
              <param name="S" type="float"/>
              <param name="T" type="float"/>
            </accessor>
          </technique_common>
        </source>
        <vertices id="squareshield-mesh-vertices">
          <input semantic="POSITION" source="#squareshield-mesh-positions"/>
        </vertices>
        <triangles material="tosita-material" count="332">
          <input semantic="VERTEX" source="#squareshield-mesh-vertices" offset="0"/>
          <input semantic="NORMAL" source="#squareshield-mesh-normals" offset="1"/>
          <input semantic="TEXCOORD" source="#squareshield-mesh-map-0" offset="2" set="0"/>
          <p>28 0 0 11 0 1 13 0 2 20 1 3 30 1 4 12 1 5 0 2 6 8 2 7 4 2 8 6 3 9 4 3 10 8 3 11 14 4 12 34 4 13 44 4 14 32 5 15 13 5 16 12 5 17 9 6 18 13 6 19 11 6 20 10 7 21 13 7 22 9 7 23 15 8 24 16 8 25 8 8 26 1 9 27 5 9 28 9 9 29 5 10 30 7 10 31 10 10 32 16 11 33 6 11 34 8 11 35 26 12 36 2 12 37 21 12 38 0 13 39 23 13 40 8 13 41 44 14 42 46 14 43 13 14 44 35 15 45 15 15 46 8 15 47 19 16 48 13 16 49 10 16 50 18 17 51 13 17 52 19 17 53 12 18 54 13 18 55 46 18 56 37 19 57 3 19 58 12 19 59 2 20 60 40 20 61 38 20 62 17 21 63 19 21 64 10 21 65 14 22 66 18 22 67 19 22 68 24 23 69 29 23 70 33 23 71 47 24 72 45 24 73 36 24 74 42 25 75 47 25 76 41 25 77 25 26 78 1 26 79 11 26 80 27 27 81 33 27 82 31 27 83 67 28 84 48 28 85 55 28 86 55 29 87 49 29 88 67 29 89 51 30 90 55 30 91 48 30 92 48 31 93 57 31 94 51 31 95 49 32 96 51 32 97 57 32 98 57 33 99 67 33 100 49 33 101 50 34 102 56 34 103 58 34 104 58 35 105 59 35 106 50 35 107 63 36 108 58 36 109 56 36 110 56 37 111 52 37 112 63 37 113 59 38 114 63 38 115 52 38 116 52 39 117 50 39 118 59 39 119 66 40 120 64 40 121 60 40 122 60 41 123 58 41 124 66 41 125 53 42 126 66 42 127 58 42 128 58 43 129 63 43 130 53 43 131 65 44 132 53 44 133 63 44 134 63 45 135 59 45 136 65 45 137 62 46 138 54 46 139 61 46 140 65 47 141 66 47 142 53 47 143 61 48 144 54 48 145 48 48 146 48 49 147 67 49 148 61 49 149 62 50 150 61 50 151 67 50 152 67 51 153 57 51 154 62 51 155 57 52 156 48 52 157 54 52 158 54 53 159 62 53 160 57 53 161 83 54 162 84 54 163 82 54 164 71 55 165 83 55 166 82 55 167 95 56 168 71 56 169 82 56 170 70 57 171 95 57 172 82 57 173 85 58 174 69 58 175 94 58 176 85 59 177 94 59 178 68 59 179 79 60 180 85 60 181 68 60 182 80 61 183 82 61 184 84 61 185 84 62 186 86 62 187 80 62 188 85 63 189 79 63 190 81 63 191 81 64 192 87 64 193 85 64 194 88 65 195 68 65 196 90 65 197 91 66 198 104 66 199 89 66 200 91 67 201 73 67 202 92 67 203 92 68 204 104 68 205 91 68 206 105 69 207 75 69 208 99 69 209 93 70 210 74 70 211 90 70 212 90 71 213 68 71 214 94 71 215 94 72 216 69 72 217 93 72 218 95 73 219 96 73 220 98 73 221 95 74 222 70 74 223 96 74 224 96 75 225 76 75 226 98 75 227 98 76 228 71 76 229 95 76 230 99 77 231 77 77 232 97 77 233 97 78 234 105 78 235 99 78 236 96 79 237 70 79 238 100 79 239 101 80 240 105 80 241 97 80 242 78 81 243 110 81 244 73 81 245 106 82 246 110 82 247 107 82 248 102 83 249 72 83 250 92 83 251 102 84 252 92 84 253 110 84 254 99 85 255 108 85 256 77 85 257 92 86 258 73 86 259 110 86 260 99 87 261 75 87 262 103 87 263 102 88 264 109 88 265 107 88 266 99 89 267 103 89 268 108 89 269 109 90 270 106 90 271 107 90 272 110 91 273 106 91 274 109 91 275 94 92 276 93 92 277 90 92 278 92 93 279 72 93 280 104 93 281 104 94 282 72 94 283 89 94 284 105 95 285 101 95 286 75 95 287 110 96 288 109 96 289 102 96 290 117 97 291 111 97 292 161 97 293 117 98 294 159 98 295 111 98 296 118 99 297 163 99 298 213 99 299 112 100 300 213 100 301 163 100 302 213 101 303 160 101 304 118 101 305 161 102 306 119 102 307 117 102 308 162 103 309 164 103 310 120 103 311 160 104 312 213 104 313 112 104 314 111 105 315 165 105 316 161 105 317 123 106 318 115 106 319 113 106 320 123 107 321 113 107 322 121 107 323 124 108 324 214 108 325 166 108 326 114 109 327 166 109 328 214 109 329 214 110 330 124 110 331 122 110 332 115 111 333 123 111 334 125 111 335 116 112 336 126 112 337 167 112 338 122 113 339 114 113 340 214 113 341 113 114 342 115 114 343 168 114 344 194 115 345 201 115 346 173 115 347 127 116 348 130 116 349 197 116 350 131 117 351 200 117 352 198 117 353 169 118 354 172 118 355 132 118 356 177 119 357 169 119 358 133 119 359 133 120 360 169 120 361 132 120 362 132 121 363 172 121 364 170 121 365 171 122 366 170 122 367 172 122 368 133 123 369 170 123 370 171 123 371 133 124 372 171 124 373 177 124 374 146 125 375 211 125 376 188 125 377 146 126 378 134 126 379 145 126 380 222 127 381 220 127 382 199 127 383 199 128 384 220 128 385 128 128 386 195 129 387 174 129 388 222 129 389 222 130 390 199 130 391 195 130 392 151 131 393 135 131 394 129 131 395 175 132 396 151 132 397 129 132 398 189 133 399 155 133 400 215 133 401 215 134 402 155 134 403 183 134 404 184 135 405 173 135 406 202 135 407 202 136 408 141 136 409 184 136 410 152 137 411 176 137 412 185 137 413 152 138 414 185 138 415 156 138 416 127 139 417 140 139 418 130 139 419 136 140 420 140 140 421 127 140 422 190 141 423 140 141 424 136 141 425 177 142 426 171 142 427 220 142 428 220 143 429 171 143 430 128 143 431 128 144 432 171 144 433 172 144 434 128 145 435 172 145 436 174 145 437 172 146 438 169 146 439 174 146 440 222 147 441 177 147 442 220 147 443 222 148 444 174 148 445 169 148 446 169 149 447 177 149 448 222 149 449 178 150 450 179 150 451 182 150 452 180 151 453 221 151 454 178 151 455 221 152 456 179 152 457 178 152 458 179 153 459 138 153 460 182 153 461 181 154 462 182 154 463 138 154 464 221 155 465 181 155 466 138 155 467 221 156 468 180 156 469 181 156 470 218 157 471 204 157 472 139 157 473 204 158 474 216 158 475 139 158 476 208 159 477 205 159 478 219 159 479 219 160 480 186 160 481 208 160 482 180 161 483 139 161 484 181 161 485 139 162 486 216 162 487 181 162 488 216 163 489 182 163 490 181 163 491 216 164 492 187 164 493 182 164 494 182 165 495 187 165 496 178 165 497 218 166 498 139 166 499 180 166 500 218 167 501 178 167 502 187 167 503 178 168 504 218 168 505 180 168 506 217 169 507 206 169 508 130 169 509 131 170 510 207 170 511 200 170 512 209 171 513 184 171 514 141 171 515 192 172 516 145 172 517 134 172 518 212 173 519 149 173 520 191 173 521 191 174 522 149 174 523 157 174 524 153 175 525 147 175 526 137 175 527 137 176 528 147 176 529 193 176 530 144 177 531 148 177 532 154 177 533 158 178 534 150 178 535 143 178 536 190 179 537 217 179 538 140 179 539 140 180 540 217 180 541 130 180 542 196 181 543 198 181 544 200 181 545 200 182 546 203 182 547 196 182 548 142 183 549 203 183 550 200 183 551 142 184 552 200 184 553 207 184 554 207 185 555 210 185 556 142 185 557 143 186 558 144 186 559 158 186 560 154 187 561 158 187 562 144 187 563 242 188 564 229 188 565 227 188 566 227 189 567 223 189 568 242 189 569 241 190 570 252 190 571 257 190 572 243 191 573 250 191 574 263 191 575 244 192 576 224 192 577 227 192 578 235 193 579 244 193 580 227 193 581 235 194 582 227 194 583 233 194 584 237 195 585 248 195 586 225 195 587 243 196 588 236 196 589 226 196 590 238 197 591 255 197 592 262 197 593 238 198 594 249 198 595 237 198 596 242 199 597 261 199 598 252 199 599 228 200 600 226 200 601 236 200 602 236 201 603 234 201 604 228 201 605 230 202 606 237 202 607 225 202 608 225 203 609 228 203 610 230 203 611 237 204 612 230 204 613 238 204 614 231 205 615 239 205 616 238 205 617 238 206 618 230 206 619 231 206 620 229 207 621 241 207 622 240 207 623 240 208 624 232 208 625 229 208 626 229 209 627 242 209 628 241 209 629 244 210 630 260 210 631 224 210 632 225 211 633 248 211 634 250 211 635 224 212 636 260 212 637 261 212 638 241 213 639 256 213 640 240 213 641 250 214 642 248 214 643 251 214 644 251 215 645 258 215 646 250 215 647 246 216 648 245 216 649 259 216 650 248 217 651 249 217 652 251 217 653 257 218 654 252 218 655 245 218 656 245 219 657 253 219 658 257 219 659 257 220 660 253 220 661 256 220 662 249 221 663 262 221 664 254 221 665 254 222 666 251 222 667 249 222 668 262 223 669 255 223 670 254 223 671 250 224 672 258 224 673 263 224 674 251 225 675 254 225 676 247 225 677 251 226 678 247 226 679 258 226 680 246 227 681 253 227 682 245 227 683 264 228 684 259 228 685 260 228 686 245 229 687 261 229 688 260 229 689 260 230 690 259 230 691 245 230 692 252 231 693 261 231 694 245 231 695 146 232 696 275 232 697 211 232 698 147 233 699 273 233 700 193 233 701 149 234 702 276 234 703 271 234 704 144 235 705 269 235 706 148 235 707 145 236 708 268 236 709 146 236 710 143 237 711 272 237 712 265 237 713 145 238 714 274 238 715 267 238 716 144 239 717 143 239 718 265 239 719 296 240 720 300 240 721 292 240 722 301 241 723 290 241 724 280 241 725 287 242 726 301 242 727 281 242 728 302 243 729 292 243 730 283 243 731 290 244 732 291 244 733 280 244 734 277 245 735 291 245 736 290 245 737 304 246 738 284 246 739 300 246 740 296 247 741 302 247 742 294 247 743 292 248 744 300 248 745 284 248 746 299 249 747 287 249 748 278 249 749 293 250 750 292 250 751 284 250 752 293 251 753 283 251 754 292 251 755 305 252 756 280 252 757 329 252 758 285 253 759 303 253 760 304 253 761 281 254 762 306 254 763 278 254 764 322 255 765 288 255 766 310 255 767 314 256 768 297 256 769 295 256 770 285 257 771 315 257 772 294 257 773 312 258 774 317 258 775 298 258 776 297 259 777 319 259 778 286 259 779 289 260 780 324 260 781 279 260 782 307 261 783 289 261 784 282 261 785 290 262 786 299 262 787 277 262 788 302 263 789 303 263 790 294 263 791 304 264 792 300 264 793 285 264 794 301 265 795 305 265 796 281 265 797 306 266 798 299 266 799 278 266 800 308 267 801 322 267 802 310 267 803 325 268 804 281 268 805 278 268 806 312 269 807 320 269 808 317 269 809 306 270 810 277 270 811 299 270 812 303 271 813 283 271 814 327 271 815 328 272 816 303 272 817 327 272 818 306 273 819 329 273 820 330 273 821 28 274 822 13 274 823 32 274 824 20 275 825 12 275 826 3 275 827 14 276 828 44 276 829 18 276 830 32 277 831 12 277 832 30 277 833 1 278 834 9 278 835 11 278 836 5 279 837 10 279 838 9 279 839 26 280 840 2 280 841 8 280 842 8 281 843 23 281 844 26 281 845 44 282 846 13 282 847 18 282 848 35 283 849 8 283 850 40 283 851 12 284 852 46 284 853 43 284 854 37 285 855 12 285 856 43 285 857 2 286 858 40 286 859 8 286 860 17 287 861 10 287 862 7 287 863 14 288 864 19 288 865 17 288 866 24 289 867 33 289 868 27 289 869 47 290 870 36 290 871 41 290 872 42 291 873 41 291 874 39 291 875 25 292 876 11 292 877 28 292 878 27 293 879 31 293 880 22 293 881 78 294 882 107 294 883 110 294 884 146 295 885 188 295 886 134 295 887 241 296 888 242 296 889 252 296 890 243 297 891 226 297 892 250 297 893 237 298 894 249 298 895 248 298 896 238 299 897 239 299 898 255 299 899 238 300 900 262 300 901 249 300 902 242 301 903 223 301 904 261 301 905 244 302 906 264 302 907 260 302 908 241 303 909 257 303 910 256 303 911 146 304 912 268 304 913 275 304 914 147 305 915 270 305 916 273 305 917 149 306 918 212 306 919 276 306 920 144 307 921 266 307 922 269 307 923 145 308 924 267 308 925 268 308 926 143 309 927 150 309 928 272 309 929 145 310 930 192 310 931 274 310 932 144 311 933 265 311 934 266 311 935 296 312 936 285 312 937 300 312 938 287 313 939 290 313 940 301 313 941 304 314 942 328 314 943 284 314 944 296 315 945 292 315 946 302 315 947 299 316 948 290 316 949 287 316 950 305 317 951 301 317 952 280 317 953 285 318 954 294 318 955 303 318 956 281 319 957 305 319 958 306 319 959 314 320 960 313 320 961 297 320 962 285 321 963 321 321 964 315 321 965 297 322 966 318 322 967 319 322 968 289 323 969 323 323 970 324 323 971 307 324 972 311 324 973 289 324 974 308 325 975 326 325 976 322 325 977 325 326 978 309 326 979 281 326 980 312 327 981 316 327 982 320 327 983 306 328 984 330 328 985 277 328 986 303 329 987 302 329 988 283 329 989 328 330 990 304 330 991 303 330 992 306 331 993 305 331 994 329 331 995</p>
        </triangles>
      </mesh>
    </geometry>
  </library_geometries>
  <library_controllers>
    <controller id="botroas2_Skin_001_squareshield-skin" name="botroas2_Skin.001">
      <skin source="#squareshield-mesh">
        <bind_shape_matrix>1 0 0 0 0 1 0 0 0 0 1 0 0 0 0 1</bind_shape_matrix>
        <source id="botroas2_Skin_001_squareshield-skin-joints">
          <Name_array id="botroas2_Skin_001_squareshield-skin-joints-array" count="34">root pelvis femurleft butt-l knee-l-top knee-l-bopttom ankle_left foot_left01 femurright butt-r knee-r-top knee-r-bopttom ankleright foot_right01 lumbar rib scapula ulna carpal ammo_node_1 scapula01 ulna01 carpal_right smoke_node_1 ammo_node_0 neck skull cloaktop cloak cloakbottom nogginbottom plumes skulltop smoke_node_0</Name_array>
          <technique_common>
            <accessor source="#botroas2_Skin_001_squareshield-skin-joints-array" count="34" stride="1">
              <param name="JOINT" type="name"/>
            </accessor>
          </technique_common>
        </source>
        <source id="botroas2_Skin_001_squareshield-skin-bind_poses">
          <float_array id="botroas2_Skin_001_squareshield-skin-bind_poses-array" count="544">1 0 0 0 0 -1.19209e-7 1 -2.154822 0 -1 -1.34359e-7 1.88312e-7 0 0 0 1 1 0 0 -2.88205e-4 0 -1.19209e-7 1 -1.989969 0 -1 -1.3411e-7 0.05965095 0 0 0 1 1 0 0 -0.2295659 0 0 1 -1.980151 0 -1 0 0 0 0 0 1 1 0 0 -0.2300334 0 -3.96046e-7 1 -1.881625 0 -1 -4.09782e-7 0.2278661 0 0 0 1 1 0 0 -0.2579528 0 2.36724e-7 1 -1.492427 0 -1 2.38419e-7 -0.3577124 0 0 0 1 1 0 0 -0.2616621 0 -1.58757e-7 1 -1.243225 0 -1 -1.71363e-7 0.03760039 0 0 0 1 1 -7.10305e-7 2.57867e-7 -0.2703902 0 -0.3687222 -0.9295397 0.1499913 7.55338e-7 0.9295404 -0.3687222 -0.04846727 0 0 0 1 1 -1.52195e-7 6.95222e-6 -0.2703905 0 -0.9997611 -0.02188599 -0.2401511 6.95389e-6 0.02188634 -0.9997605 0.02883452 0 0 0 1 1 0 0 0.2313526 0 0 1 -1.980151 0 -1 0 0 0 0 0 1 1 0 0 0.2346149 0 -5.54238e-7 1 -1.884255 0 -1 -5.66244e-7 0.2262766 0 0 0 1 1 0 0 0.1784679 0 -3.96045e-7 1 -1.491812 0 -1 -4.17232e-7 -0.3589501 0 0 0 1 1 0 0 0.2454932 0 0 1 -1.243115 0 -1 0 0.03760033 0 0 0 1 1 -7.03689e-7 2.74548e-7 0.2586691 0 -0.3687224 -0.9295396 0.1530216 7.55339e-7 0.9295411 -0.3687224 -0.04726481 0 0 0 1 1 -1.52607e-7 6.97113e-6 0.2586688 0 -0.9997617 -0.02188545 -0.2400799 6.9728e-6 0.02188599 -0.9997606 0.03209739 0 0 0 1 1 0 0 -0.004826366 0 0 1 -2.179733 0 -1 0 0.1130514 0 0 0 1 1 0 0 0.007960081 0 -1.98305e-7 1 -2.884791 0 -1 -2.13455e-7 2.73287e-7 0 0 0 1 0.1845006 -1.63848e-7 0.9828324 -3.151739 -0.9828324 0 0.1845006 -0.1741501 0 -1 -1.80243e-7 2.49135e-7 0 0 0 1 0.1845006 -1.63848e-7 0.9828324 -3.275477 -0.9828324 0 0.1845006 0.4252062 0 -1 -1.80243e-7 2.58878e-7 0 0 0 1 0.1845006 -1.52851e-7 0.9828323 -3.378787 -0.9828323 0 0.1845008 1.00061 0 -1 -1.73226e-7 -0.07377791 0 0 0 1 0.1845012 1.70945e-7 0.9828323 -3.555469 -0.001889884 -0.9999982 3.54938e-4 0.001470685 0.9828304 -0.001922965 -0.1845008 -0.7652621 0 0 0 1 0.2147521 0 -0.9766685 3.153643 0.9766685 0 0.2147521 -0.23142 0 -1 0 -3.93214e-7 0 0 0 1 0.2147517 -1.32428e-7 -0.9766687 3.265645 0.9766686 0 0.2147516 0.3679378 0 -1 0 -7.77102e-7 0 0 0 1 0.214752 0 -0.9766686 3.403389 0.9766686 0 0.2147519 0.8990725 0 -1 0 -5.90152e-7 0 0 0 1 0.2154566 -3.70057e-6 -0.9765134 3.378075 -0.00663048 -0.9999769 -0.001459121 -0.05578398 -0.9764909 0.006789088 -0.2154517 -1.078694 0 0 0 1 0.2147516 0 -0.9766686 3.374676 0.9766685 5.01243e-7 0.2147515 1.136378 5.06639e-7 -0.9999998 0 -1.617805 0 0 0 1 1 0 0 0.02165722 0 0 1 -3.354291 0 -1 -1.34358e-7 1.96722e-7 0 0 0 1 1 0 0 0.02895486 0 0 1 -3.806293 0 -1 0 0 0 0 0 1 1 0 0 -0.001975059 0 0 1 -3.236083 0 -1 0 0.1981267 0 0 0 1 1 0 0 -0.006513178 0 0 1 -2.377002 0 -1 0 0.4338243 0 0 0 1 1 0 0 0.02082639 0 0 1 -1.545783 0 -1 0 0.5515335 0 0 0 1 1 2.45142e-7 0 0.02715581 0 0.04181432 0.9991254 -3.880911 2.45403e-7 -0.9991254 0.04181432 -0.4448758 0 0 0 1 1 2.79193e-7 0 0.03132396 0 0.02110129 0.9997774 -3.98341 2.7926e-7 -0.9997773 0.02110129 -0.2703231 0 0 0 1 1 0 0 0.03312313 0 0 1 -4.176582 0 -1 0 0 0 0 0 1 1 -3.16458e-6 -1.10455e-6 0.0151453 -3.16458e-6 -1 0 -0.2430209 -1.10467e-6 0 -1 3.446479 0 0 0 1</float_array>
          <technique_common>
            <accessor source="#botroas2_Skin_001_squareshield-skin-bind_poses-array" count="34" stride="16">
              <param name="TRANSFORM" type="float4x4"/>
            </accessor>
          </technique_common>
        </source>
        <source id="botroas2_Skin_001_squareshield-skin-weights">
          <float_array id="botroas2_Skin_001_squareshield-skin-weights-array" count="331">1 1 1 1 1 1 1 1 1 1 1 1 1 1 1 1 1 1 1 1 1 1 1 1 1 1 1 1 1 1 1 1 1 1 1 1 1 1 1 1 1 1 1 1 1 1 1 1 1 1 1 1 1 1 1 1 1 1 1 1 1 1 1 1 1 1 1 1 1 1 1 1 1 1 1 1 1 1 1 1 1 1 1 1 1 1 1 1 1 1 1 1 1 1 1 1 1 1 1 1 1 1 1 1 1 1 1 1 1 1 1 1 1 1 1 1 1 1 1 1 1 1 1 1 1 1 1 1 1 1 1 1 1 1 1 1 1 1 1 1 1 1 1 1 1 1 1 1 1 1 1 1 1 1 1 1 1 1 1 1 1 1 1 1 1 1 1 1 1 1 1 1 1 1 1 1 1 1 1 1 1 1 1 1 1 1 1 1 1 1 1 1 1 1 1 1 1 1 1 1 1 1 1 1 1 1 1 1 1 1 1 1 1 1 1 1 1 1 1 1 1 1 1 1 1 1 1 1 1 1 1 1 1 1 1 1 1 1 1 1 1 1 1 1 1 1 1 1 1 1 1 1 1 1 1 1 1 1 1 1 1 1 1 1 1 1 1 1 1 1 1 1 1 1 1 1 1 1 1 1 1 1 1 1 1 1 1 1 1 1 1 1 1 1 1 1 1 1 1 1 1 1 1 1 1 1 1 1 1 1 1 1 1 1 1 1 1 1 1 1 1 1 1 1 1 1 1 1 1 1 1</float_array>
          <technique_common>
            <accessor source="#botroas2_Skin_001_squareshield-skin-weights-array" count="331" stride="1">
              <param name="WEIGHT" type="float"/>
            </accessor>
          </technique_common>
        </source>
        <joints>
          <input semantic="JOINT" source="#botroas2_Skin_001_squareshield-skin-joints"/>
          <input semantic="INV_BIND_MATRIX" source="#botroas2_Skin_001_squareshield-skin-bind_poses"/>
        </joints>
        <vertex_weights count="331">
          <input semantic="JOINT" source="#botroas2_Skin_001_squareshield-skin-joints" offset="0"/>
          <input semantic="WEIGHT" source="#botroas2_Skin_001_squareshield-skin-weights" offset="1"/>
          <vcount>1 1 1 1 1 1 1 1 1 1 1 1 1 1 1 1 1 1 1 1 1 1 1 1 1 1 1 1 1 1 1 1 1 1 1 1 1 1 1 1 1 1 1 1 1 1 1 1 1 1 1 1 1 1 1 1 1 1 1 1 1 1 1 1 1 1 1 1 1 1 1 1 1 1 1 1 1 1 1 1 1 1 1 1 1 1 1 1 1 1 1 1 1 1 1 1 1 1 1 1 1 1 1 1 1 1 1 1 1 1 1 1 1 1 1 1 1 1 1 1 1 1 1 1 1 1 1 1 1 1 1 1 1 1 1 1 1 1 1 1 1 1 1 1 1 1 1 1 1 1 1 1 1 1 1 1 1 1 1 1 1 1 1 1 1 1 1 1 1 1 1 1 1 1 1 1 1 1 1 1 1 1 1 1 1 1 1 1 1 1 1 1 1 1 1 1 1 1 1 1 1 1 1 1 1 1 1 1 1 1 1 1 1 1 1 1 1 1 1 1 1 1 1 1 1 1 1 1 1 1 1 1 1 1 1 1 1 1 1 1 1 1 1 1 1 1 1 1 1 1 1 1 1 1 1 1 1 1 1 1 1 1 1 1 1 1 1 1 1 1 1 1 1 1 1 1 1 1 1 1 1 1 1 1 1 1 1 1 1 1 1 1 1 1 1 1 1 1 1 1 1 1 1 1 1 1 1 1 1 1 1 1 1 1 1 1 1 1 1 1 1 1 1 1 1 1 1 1 1 1 1 </vcount>
          <v>19 0 19 1 19 2 19 3 19 4 19 5 19 6 19 7 19 8 19 9 19 10 19 11 19 12 19 13 19 14 19 15 19 16 19 17 19 18 19 19 19 20 19 21 19 22 19 23 19 24 19 25 19 26 19 27 19 28 19 29 19 30 19 31 19 32 19 33 19 34 19 35 19 36 19 37 19 38 19 39 19 40 19 41 19 42 19 43 19 44 19 45 19 46 19 47 23 48 23 49 23 50 23 51 23 52 23 53 23 54 23 55 23 56 23 57 23 58 23 59 23 60 23 61 23 62 23 63 23 64 23 65 23 66 23 67 26 68 26 69 26 70 26 71 26 72 26 73 26 74 26 75 26 76 26 77 26 78 26 79 26 80 26 81 26 82 26 83 26 84 26 85 26 86 26 87 26 88 26 89 26 90 26 91 26 92 26 93 26 94 26 95 26 96 26 97 26 98 26 99 26 100 26 101 26 102 26 103 26 104 26 105 26 106 26 107 26 108 26 109 26 110 22 111 22 112 18 113 18 114 18 115 18 116 22 117 22 118 22 119 22 120 18 121 18 122 18 123 18 124 18 125 18 126 15 127 15 128 15 129 15 130 15 131 22 132 22 133 1 134 1 135 1 136 1 137 18 138 16 139 15 140 15 141 15 142 3 143 9 144 8 145 2 146 9 147 9 148 3 149 3 150 1 151 1 152 1 153 1 154 1 155 1 156 1 157 1 158 22 159 22 160 22 161 22 162 22 163 22 164 22 165 18 166 18 167 18 168 20 169 22 170 21 171 21 172 15 173 15 174 15 175 15 176 21 177 16 178 18 179 17 180 17 181 17 182 15 183 15 184 15 185 15 186 15 187 1 188 1 189 1 190 1 191 8 192 8 193 15 194 15 195 15 196 15 197 15 198 15 199 15 200 15 201 15 202 15 203 15 204 15 205 15 206 15 207 15 208 15 209 15 210 2 211 2 212 22 213 18 214 15 215 15 216 15 217 16 218 16 219 20 220 18 221 20 222 26 223 26 224 26 225 26 226 26 227 26 228 26 229 26 230 26 231 26 232 26 233 26 234 26 235 26 236 26 237 26 238 26 239 26 240 26 241 26 242 26 243 26 244 26 245 26 246 26 247 26 248 26 249 26 250 26 251 26 252 26 253 26 254 26 255 26 256 26 257 26 258 26 259 26 260 26 261 26 262 26 263 26 264 3 265 9 266 10 267 4 268 9 269 9 270 3 271 3 272 10 273 10 274 4 275 4 276 5 277 6 278 6 279 5 280 6 281 6 282 11 283 11 284 12 285 12 286 6 287 6 288 6 289 5 290 2 291 11 292 8 293 12 294 12 295 12 296 12 297 12 298 5 299 11 300 5 301 11 302 11 303 11 304 5 305 5 306 7 307 7 308 7 309 7 310 7 311 13 312 13 313 13 314 13 315 13 316 13 317 13 318 13 319 13 320 13 321 7 322 7 323 7 324 7 325 7 326 11 327 11 328 5 329 5 330</v>
        </vertex_weights>
      </skin>
    </controller>
  </library_controllers>
  <library_visual_scenes>
    <visual_scene id="Scene" name="Scene">
      <node id="botroas2_Skin_001" name="botroas2_Skin_001" type="NODE">
        <matrix sid="transform">1 0 0 0 0 1 0 0 0 0 1 0 0 0 0 1</matrix>
        <node id="botroas2_Skin_001_root" name="root" sid="root" type="JOINT">
          <matrix sid="transform">1 0 1.51496e-8 0 1.51496e-8 -1.34359e-7 -1 -1.01207e-7 2.03548e-15 1 -1.19209e-7 2.154822 0 0 0 1</matrix>
          <node id="botroas2_Skin_001_pelvis" name="pelvis" sid="pelvis" type="JOINT">
            <matrix sid="transform">1 0 6.27516e-9 2.88204e-4 0 1 0 -0.1648533 -6.27516e-9 0 1 -0.05965077 0 0 0 1</matrix>
            <node id="botroas2_Skin_001_femurleft" name="femurleft" sid="femurleft" type="JOINT">
              <matrix sid="transform">1 -2.8786e-15 4.81517e-9 0.2292777 0 1 3.95482e-8 -0.0098176 -4.81517e-9 -3.92998e-8 1 0.05965088 0 0 0 1</matrix>
              <node id="botroas2_Skin_001_butt-l" name="butt-l" sid="butt-l" type="JOINT">
                <matrix sid="transform">1 -3.33513e-15 4.05936e-9 4.67539e-4 1.28432e-15 1 -3.16384e-7 -0.098526 -4.05936e-9 3.16384e-7 1 -0.2278655 0 0 0 1</matrix>
                <extra>
                  <technique profile="blender">
                    <layer sid="layer" type="string">0</layer>
                    <roll sid="roll" type="float">0</roll>
                    <tip_x sid="tip_x" type="float">0</tip_x>
                    <tip_y sid="tip_y" type="float">0</tip_y>
                    <tip_z sid="tip_z" type="float">0.09419655</tip_z>
                  </technique>
                </extra>
              </node>
              <node id="botroas2_Skin_001_knee-l-top" name="knee-l-top" sid="knee-l-top" type="JOINT">
                <matrix sid="transform">1 -3.33513e-15 7.63573e-9 0.02838683 -2.41583e-15 0.9999999 3.16385e-7 -0.4877242 -7.63573e-9 -3.16385e-7 1 0.3577119 0 0 0 1</matrix>
                <extra>
                  <technique profile="blender">
                    <layer sid="layer" type="string">0</layer>
                    <roll sid="roll" type="float">0</roll>
                    <tip_x sid="tip_x" type="float">0</tip_x>
                    <tip_y sid="tip_y" type="float">0</tip_y>
                    <tip_z sid="tip_z" type="float">0.09419631</tip_z>
                  </technique>
                </extra>
              </node>
              <node id="botroas2_Skin_001_knee-l-bopttom" name="knee-l-bopttom" sid="knee-l-bopttom" type="JOINT">
                <matrix sid="transform">1 -3.33513e-15 1.0869e-8 0.03209621 8.59694e-16 1 -7.90962e-8 -0.736926 -1.0869e-8 7.90962e-8 1 -0.03760035 0 0 0 1</matrix>
                <node id="botroas2_Skin_001_ankle_left" name="ankle left" sid="ankle_left" type="JOINT">
                  <matrix sid="transform">1 -4.97412e-8 7.84337e-7 0.008728117 2.57867e-7 -0.9295397 -0.368722 -1.121673 7.47413e-7 0.368722 -0.929539 -0.06275668 0 0 0 1</matrix>
                  <node id="botroas2_Skin_001_foot_left01" name="foot left01" sid="foot_left01" type="JOINT">
                    <matrix sid="transform">1 7.0449e-7 6.68054e-6 2.98023e-7 -6.42846e-6 0.3889778 0.9212472 0.2168393 -1.94957e-6 -0.9212472 0.3889777 -0.2809224 0 0 0 1</matrix>
                    <extra>
                      <technique profile="blender">
                        <layer sid="layer" type="string">0</layer>
                        <roll sid="roll" type="float">6.95468e-6</roll>
                        <tip_x sid="tip_x" type="float">0</tip_x>
                        <tip_y sid="tip_y" type="float">-0.1210583</tip_y>
                        <tip_z sid="tip_z" type="float">-0.002650141</tip_z>
                      </technique>
                    </extra>
                  </node>
                  <extra>
                    <technique profile="blender">
                      <layer sid="layer" type="string">0</layer>
                      <roll sid="roll" type="float">7.55338e-7</roll>
                      <tip_x sid="tip_x" type="float">0</tip_x>
                      <tip_y sid="tip_y" type="float">-0.03827238</tip_y>
                      <tip_z sid="tip_z" type="float">-0.09648382</tip_z>
                    </technique>
                  </extra>
                </node>
                <extra>
                  <technique profile="blender">
                    <layer sid="layer" type="string">0</layer>
                    <roll sid="roll" type="float">0</roll>
                    <tip_x sid="tip_x" type="float">0</tip_x>
                    <tip_y sid="tip_y" type="float">0</tip_y>
                    <tip_z sid="tip_z" type="float">0.09419643</tip_z>
                  </technique>
                </extra>
              </node>
              <extra>
                <technique profile="blender">
                  <layer sid="layer" type="string">0</layer>
                  <roll sid="roll" type="float">0</roll>
                  <tip_x sid="tip_x" type="float">0</tip_x>
                  <tip_y sid="tip_y" type="float">0</tip_y>
                  <tip_z sid="tip_z" type="float">0.09419631</tip_z>
                </technique>
              </extra>
            </node>
            <node id="botroas2_Skin_001_femurright" name="femurright" sid="femurright" type="JOINT">
              <matrix sid="transform">1 -2.8786e-15 4.81517e-9 -0.2316408 0 1 3.95482e-8 -0.0098176 -4.81517e-9 -3.92998e-8 1 0.05965089 0 0 0 1</matrix>
              <node id="botroas2_Skin_001_butt-r" name="butt-r" sid="butt-r" type="JOINT">
                <matrix sid="transform">1 -3.33513e-15 4.05936e-9 -0.003262371 1.92648e-15 1 -4.74577e-7 -0.09589529 -4.05936e-9 4.74577e-7 1 -0.2262757 0 0 0 1</matrix>
                <extra>
                  <technique profile="blender">
                    <layer sid="layer" type="string">0</layer>
                    <roll sid="roll" type="float">0</roll>
                    <tip_x sid="tip_x" type="float">0</tip_x>
                    <tip_y sid="tip_y" type="float">0</tip_y>
                    <tip_z sid="tip_z" type="float">0.09419643</tip_z>
                  </technique>
                </extra>
              </node>
              <node id="botroas2_Skin_001_knee-r-top" name="knee-r-top" sid="knee-r-top" type="JOINT">
                <matrix sid="transform">1 -3.33513e-15 7.63573e-9 0.05288468 2.41582e-15 1 -3.16384e-7 -0.4883386 -7.63573e-9 3.16384e-7 1 0.3589506 0 0 0 1</matrix>
                <extra>
                  <technique profile="blender">
                    <layer sid="layer" type="string">0</layer>
                    <roll sid="roll" type="float">0</roll>
                    <tip_x sid="tip_x" type="float">0</tip_x>
                    <tip_y sid="tip_y" type="float">0</tip_y>
                    <tip_z sid="tip_z" type="float">0.09419655</tip_z>
                  </technique>
                </extra>
              </node>
              <node id="botroas2_Skin_001_knee-r-bopttom" name="knee-r-bopttom" sid="knee-r-bopttom" type="JOINT">
                <matrix sid="transform">1 -3.33513e-15 1.0869e-8 -0.01414061 0 1 0 -0.7370361 -1.0869e-8 0 1 -0.03760034 0 0 0 1</matrix>
                <node id="botroas2_Skin_001_ankleright" name="ankleright" sid="ankleright" type="JOINT">
                  <matrix sid="transform">1 -1.7945e-8 7.89832e-7 -0.01317592 2.74548e-7 -0.9295397 -0.368722 -1.118303 7.40797e-7 0.368722 -0.9295382 -0.06275676 0 0 0 1</matrix>
                  <node id="botroas2_Skin_001_foot_right01" name="foot right01" sid="foot_right01" type="JOINT">
                    <matrix sid="transform">1 6.9751e-7 6.68292e-6 2.08616e-7 -6.42793e-6 0.3889775 0.9212473 0.2168394 -1.95692e-6 -0.9212474 0.3889775 -0.2809226 0 0 0 1</matrix>
                    <extra>
                      <technique profile="blender">
                        <layer sid="layer" type="string">0</layer>
                        <roll sid="roll" type="float">6.97405e-6</roll>
                        <tip_x sid="tip_x" type="float">0</tip_x>
                        <tip_y sid="tip_y" type="float">-0.1210583</tip_y>
                        <tip_z sid="tip_z" type="float">-0.002650082</tip_z>
                      </technique>
                    </extra>
                  </node>
                  <extra>
                    <technique profile="blender">
                      <layer sid="layer" type="string">0</layer>
                      <roll sid="roll" type="float">7.55338e-7</roll>
                      <tip_x sid="tip_x" type="float">0</tip_x>
                      <tip_y sid="tip_y" type="float">-0.03827238</tip_y>
                      <tip_z sid="tip_z" type="float">-0.09648382</tip_z>
                    </technique>
                  </extra>
                </node>
                <extra>
                  <technique profile="blender">
                    <layer sid="layer" type="string">0</layer>
                    <roll sid="roll" type="float">0</roll>
                    <tip_x sid="tip_x" type="float">0</tip_x>
                    <tip_y sid="tip_y" type="float">0</tip_y>
                    <tip_z sid="tip_z" type="float">0.09419643</tip_z>
                  </technique>
                </extra>
              </node>
              <extra>
                <technique profile="blender">
                  <layer sid="layer" type="string">0</layer>
                  <roll sid="roll" type="float">0</roll>
                  <tip_x sid="tip_x" type="float">0</tip_x>
                  <tip_y sid="tip_y" type="float">0</tip_y>
                  <tip_z sid="tip_z" type="float">0.09419631</tip_z>
                </technique>
              </extra>
            </node>
            <node id="botroas2_Skin_001_lumbar" name="lumbar" sid="lumbar" type="JOINT">
              <matrix sid="transform">1 -2.8786e-15 4.81517e-9 0.004538173 -3.80862e-16 1 7.90963e-8 0.189765 -4.81517e-9 -7.88479e-8 1 -0.05340066 0 0 0 1</matrix>
              <node id="botroas2_Skin_001_rib" name="rib" sid="rib" type="JOINT">
                <matrix sid="transform">1 -3.1447e-15 4.05936e-9 -0.01278647 6.42159e-16 1 -1.58192e-7 0.7050576 -4.05936e-9 1.57575e-7 1 0.1130516 0 0 0 1</matrix>
                <node id="botroas2_Skin_001_scapula" name="scapula" sid="scapula" type="JOINT">
                  <matrix sid="transform">0.1845007 -0.9828324 -3.89126e-8 0.4182977 0.9828323 0.1845007 3.32121e-8 0.2449708 -2.54625e-8 -4.43723e-8 1 -6.38272e-8 0 0 0 1</matrix>
                  <node id="botroas2_Skin_001_ulna" name="ulna" sid="ulna" type="JOINT">
                    <matrix sid="transform">1 0 -1.42109e-14 0.1237381 0 1 -6.75016e-14 -0.5993562 0 6.39488e-14 1 -9.74254e-9 0 0 0 1</matrix>
                    <node id="botroas2_Skin_001_carpal" name="carpal" sid="carpal" type="JOINT">
                      <matrix sid="transform">1 1.63913e-7 1.09971e-8 0.1033096 -1.49012e-7 1 -3.55271e-15 -0.5754042 -1.09971e-8 -3.55271e-15 1 0.07377816 0 0 0 1</matrix>
                      <node id="botroas2_Skin_001_ammo_node_1" name="ammo node 1" sid="ammo_node_1" type="JOINT">
                        <matrix sid="transform">1 3.24479e-7 -5.06639e-7 0.176682 -3.27826e-7 0.001923021 -0.9999982 0.2353451 -3.27514e-7 0.9999982 0.001922964 -0.07377824 0 0 0 1</matrix>
                        <extra>
                          <technique profile="blender">
                            <layer sid="layer" type="string">0</layer>
                            <roll sid="roll" type="float">-2.127647</roll>
                            <tip_x sid="tip_x" type="float">-6.08087e-4</tip_x>
                            <tip_y sid="tip_y" type="float">-0.3217463</tip_y>
                            <tip_z sid="tip_z" type="float">1.14203e-4</tip_z>
                          </technique>
                        </extra>
                      </node>
                      <extra>
                        <technique profile="blender">
                          <layer sid="layer" type="string">0</layer>
                          <roll sid="roll" type="float">-1.385233</roll>
                          <tip_x sid="tip_x" type="float">-0.09257912</tip_x>
                          <tip_y sid="tip_y" type="float">0</tip_y>
                          <tip_z sid="tip_z" type="float">0.01737928</tip_z>
                        </technique>
                      </extra>
                    </node>
                    <extra>
                      <technique profile="blender">
                        <layer sid="layer" type="string">0</layer>
                        <roll sid="roll" type="float">-1.385233</roll>
                        <tip_x sid="tip_x" type="float">-0.09257918</tip_x>
                        <tip_y sid="tip_y" type="float">0</tip_y>
                        <tip_z sid="tip_z" type="float">0.01737928</tip_z>
                      </technique>
                    </extra>
                  </node>
                  <extra>
                    <technique profile="blender">
                      <layer sid="layer" type="string">0</layer>
                      <roll sid="roll" type="float">-1.385233</roll>
                      <tip_x sid="tip_x" type="float">-0.09257918</tip_x>
                      <tip_y sid="tip_y" type="float">0</tip_y>
                      <tip_z sid="tip_z" type="float">0.01737928</tip_z>
                    </technique>
                  </extra>
                </node>
                <node id="botroas2_Skin_001_scapula01" name="scapula01" sid="scapula01" type="JOINT">
                  <matrix sid="transform">0.2147521 0.9766686 2.45167e-8 -0.4432708 -0.9766685 0.2147522 2.36884e-7 0.2449708 2.26092e-7 -7.48161e-8 1 -6.38272e-8 0 0 0 1</matrix>
                  <node id="botroas2_Skin_001_ulna01" name="ulna01" sid="ulna01" type="JOINT">
                    <matrix sid="transform">1 4.76837e-7 -1.06521e-7 -0.1120019 -4.76837e-7 0.9999999 -1.19208e-7 -0.5993562 1.06521e-7 1.19209e-7 1 -7.83359e-9 0 0 0 1</matrix>
                    <node id="botroas2_Skin_001_carpal_right" name="carpal right" sid="carpal_right" type="JOINT">
                      <matrix sid="transform">1 -2.38419e-7 1.45535e-8 -0.1377444 2.98023e-7 1 -4.54747e-13 -0.5311356 -1.45535e-8 4.35207e-13 1 -1.3742e-7 0 0 0 1</matrix>
                      <node id="botroas2_Skin_001_smoke_node_1" name="smoke node 1" sid="smoke_node_1" type="JOINT">
                        <matrix sid="transform">0.9999997 1.31864e-6 7.21544e-4 0.0260942 7.21544e-4 -0.006789055 -0.9999768 -0.1824128 3.58008e-6 0.999977 -0.006789088 0.04844672 0 0 0 1</matrix>
                        <node id="botroas2_Skin_001_ammo_node_0" name="ammo node 0" sid="ammo_node_0" type="JOINT">
                          <matrix sid="transform">0.9999998 7.21931e-4 3.68945e-6 0.002585173 1.21468e-6 -0.006789611 0.9999771 1.569695 7.21946e-4 -0.9999767 -0.006789613 0.04423702 0 0 0 1</matrix>
                          <extra>
                            <technique profile="blender">
                              <layer sid="layer" type="string">0</layer>
                              <roll sid="roll" type="float">1.354359</roll>
                              <tip_x sid="tip_x" type="float">0.09199881</tip_x>
                              <tip_y sid="tip_y" type="float">0</tip_y>
                              <tip_z sid="tip_z" type="float">0.02022886</tip_z>
                            </technique>
                          </extra>
                        </node>
                        <extra>
                          <technique profile="blender">
                            <layer sid="layer" type="string">0</layer>
                            <roll sid="roll" type="float">1.353985</roll>
                            <tip_x sid="tip_x" type="float">-3.18527e-4</tip_x>
                            <tip_y sid="tip_y" type="float">-0.04803603</tip_y>
                            <tip_z sid="tip_z" type="float">-7.00951e-5</tip_z>
                          </technique>
                        </extra>
                      </node>
                      <extra>
                        <technique profile="blender">
                          <layer sid="layer" type="string">0</layer>
                          <roll sid="roll" type="float">1.354358</roll>
                          <tip_x sid="tip_x" type="float">0.09199869</tip_x>
                          <tip_y sid="tip_y" type="float">0</tip_y>
                          <tip_z sid="tip_z" type="float">0.02022886</tip_z>
                        </technique>
                      </extra>
                    </node>
                    <extra>
                      <technique profile="blender">
                        <layer sid="layer" type="string">0</layer>
                        <roll sid="roll" type="float">1.354359</roll>
                        <tip_x sid="tip_x" type="float">0.09199881</tip_x>
                        <tip_y sid="tip_y" type="float">0</tip_y>
                        <tip_z sid="tip_z" type="float">0.02022886</tip_z>
                      </technique>
                    </extra>
                  </node>
                  <extra>
                    <technique profile="blender">
                      <layer sid="layer" type="string">0</layer>
                      <roll sid="roll" type="float">1.354358</roll>
                      <tip_x sid="tip_x" type="float">0.09199857</tip_x>
                      <tip_y sid="tip_y" type="float">0</tip_y>
                      <tip_z sid="tip_z" type="float">0.02022886</tip_z>
                    </technique>
                  </extra>
                </node>
                <node id="botroas2_Skin_001_neck" name="neck" sid="neck" type="JOINT">
                  <matrix sid="transform">1 -4.01119e-15 3.57637e-9 -0.01369714 -2.82879e-16 0.9999999 7.90965e-8 0.4694993 -3.57637e-9 -7.90965e-8 1 -1.88671e-7 0 0 0 1</matrix>
                  <node id="botroas2_Skin_001_skull" name="skull" sid="skull" type="JOINT">
                    <matrix sid="transform">1 -4.4917e-15 -2.19348e-10 -0.007297663 0 1 2.98013e-8 0.4520025 2.19348e-10 -2.98013e-8 1 7.10193e-8 0 0 0 1</matrix>
                    <node id="botroas2_Skin_001_cloaktop" name="cloaktop" sid="cloaktop" type="JOINT">
                      <matrix sid="transform">1 -4.46877e-15 3.25259e-9 0.03092997 0 1 0 -0.57021 -3.25259e-9 0 1 -0.1981267 0 0 0 1</matrix>
                      <node id="botroas2_Skin_001_cloak" name="cloak" sid="cloak" type="JOINT">
                        <matrix sid="transform">1 -4.80885e-15 0 0.004538156 0 1 1.58192e-7 -0.859081 0 -1.57943e-7 1 -0.2356979 0 0 0 1</matrix>
                        <node id="botroas2_Skin_001_cloakbottom" name="cloakbottom" sid="cloakbottom" type="JOINT">
                          <matrix sid="transform">1 -4.80885e-15 0 -0.02733967 0 1 0 -0.8312191 0 5.96931e-9 1 -0.1177093 0 0 0 1</matrix>
                          <extra>
                            <technique profile="blender">
                              <layer sid="layer" type="string">0</layer>
                              <roll sid="roll" type="float">0</roll>
                              <tip_x sid="tip_x" type="float">0</tip_x>
                              <tip_y sid="tip_y" type="float">0</tip_y>
                              <tip_z sid="tip_z" type="float">0.09419643</tip_z>
                            </technique>
                          </extra>
                        </node>
                        <extra>
                          <technique profile="blender">
                            <layer sid="layer" type="string">0</layer>
                            <roll sid="roll" type="float">0</roll>
                            <tip_x sid="tip_x" type="float">0</tip_x>
                            <tip_y sid="tip_y" type="float">0</tip_y>
                            <tip_z sid="tip_z" type="float">0.09419655</tip_z>
                          </technique>
                        </extra>
                      </node>
                      <extra>
                        <technique profile="blender">
                          <layer sid="layer" type="string">0</layer>
                          <roll sid="roll" type="float">0</roll>
                          <tip_x sid="tip_x" type="float">0</tip_x>
                          <tip_y sid="tip_y" type="float">0</tip_y>
                          <tip_z sid="tip_z" type="float">0.09419631</tip_z>
                        </technique>
                      </extra>
                    </node>
                    <node id="botroas2_Skin_001_nogginbottom" name="nogginbottom" sid="nogginbottom" type="JOINT">
                      <matrix sid="transform">1 2.47176e-9 2.11776e-7 0.001799162 -1.13249e-8 0.9991254 0.04181447 0.08982587 -2.11487e-7 -0.04181447 0.9991254 0.2822085 0 0 0 1</matrix>
                      <extra>
                        <technique profile="blender">
                          <layer sid="layer" type="string">0</layer>
                          <roll sid="roll" type="float">2.45403e-7</roll>
                          <tip_x sid="tip_x" type="float">0</tip_x>
                          <tip_y sid="tip_y" type="float">0.003938734</tip_y>
                          <tip_z sid="tip_z" type="float">0.09411382</tip_z>
                        </technique>
                      </extra>
                    </node>
                    <node id="botroas2_Skin_001_plumes" name="plumes" sid="plumes" type="JOINT">
                      <matrix sid="transform">1 -4.44089e-15 2.45611e-7 -0.002369052 -5.18274e-9 0.9997773 0.02110142 0.1819341 -2.45556e-7 -0.02110142 0.9997773 0.1862073 0 0 0 1</matrix>
                      <extra>
                        <technique profile="blender">
                          <layer sid="layer" type="string">0</layer>
                          <roll sid="roll" type="float">2.7926e-7</roll>
                          <tip_x sid="tip_x" type="float">0</tip_x>
                          <tip_y sid="tip_y" type="float">0.001987636</tip_y>
                          <tip_z sid="tip_z" type="float">0.09417486</tip_z>
                        </technique>
                      </extra>
                    </node>
                    <node id="botroas2_Skin_001_skulltop" name="skulltop" sid="skulltop" type="JOINT">
                      <matrix sid="transform">1 -4.46877e-15 3.05119e-9 -0.00416824 0 1 -5.11591e-13 0.3702886 -3.05119e-9 5.11591e-13 1 -2.39808e-14 0 0 0 1</matrix>
                      <extra>
                        <technique profile="blender">
                          <layer sid="layer" type="string">0</layer>
                          <roll sid="roll" type="float">0</roll>
                          <tip_x sid="tip_x" type="float">0</tip_x>
                          <tip_y sid="tip_y" type="float">0</tip_y>
                          <tip_z sid="tip_z" type="float">0.09419631</tip_z>
                        </technique>
                      </extra>
                    </node>
                    <extra>
                      <technique profile="blender">
                        <layer sid="layer" type="string">0</layer>
                        <roll sid="roll" type="float">0</roll>
                        <tip_x sid="tip_x" type="float">0</tip_x>
                        <tip_y sid="tip_y" type="float">0</tip_y>
                        <tip_z sid="tip_z" type="float">0.09419679</tip_z>
                      </technique>
                    </extra>
                  </node>
                  <node id="botroas2_Skin_001_smoke_node_0" name="smoke node 0" sid="smoke_node_0" type="JOINT">
                    <matrix sid="transform">1 -3.19846e-6 -1.10467e-6 0.00651496 -1.10467e-6 1.21116e-7 -0.9999999 0.09218764 3.19846e-6 0.9999999 2.38405e-7 0.2430202 0 0 0 1</matrix>
                    <extra>
                      <technique profile="blender">
                        <layer sid="layer" type="string">0</layer>
                        <roll sid="roll" type="float">3.141592</roll>
                        <tip_x sid="tip_x" type="float">-2.98023e-7</tip_x>
                        <tip_y sid="tip_y" type="float">-0.09419631</tip_y>
                        <tip_z sid="tip_z" type="float">0</tip_z>
                      </technique>
                    </extra>
                  </node>
                  <extra>
                    <technique profile="blender">
                      <layer sid="layer" type="string">0</layer>
                      <roll sid="roll" type="float">0</roll>
                      <tip_x sid="tip_x" type="float">0</tip_x>
                      <tip_y sid="tip_y" type="float">0</tip_y>
                      <tip_z sid="tip_z" type="float">0.09419679</tip_z>
                    </technique>
                  </extra>
                </node>
                <extra>
                  <technique profile="blender">
                    <layer sid="layer" type="string">0</layer>
                    <roll sid="roll" type="float">0</roll>
                    <tip_x sid="tip_x" type="float">0</tip_x>
                    <tip_y sid="tip_y" type="float">0</tip_y>
                    <tip_z sid="tip_z" type="float">0.09419655</tip_z>
                  </technique>
                </extra>
              </node>
              <extra>
                <technique profile="blender">
                  <layer sid="layer" type="string">0</layer>
                  <roll sid="roll" type="float">0</roll>
                  <tip_x sid="tip_x" type="float">0</tip_x>
                  <tip_y sid="tip_y" type="float">0</tip_y>
                  <tip_z sid="tip_z" type="float">0.09419631</tip_z>
                </technique>
              </extra>
            </node>
            <extra>
              <technique profile="blender">
                <layer sid="layer" type="string">0</layer>
                <roll sid="roll" type="float">0</roll>
                <tip_x sid="tip_x" type="float">0</tip_x>
                <tip_y sid="tip_y" type="float">0</tip_y>
                <tip_z sid="tip_z" type="float">0.09419631</tip_z>
              </technique>
            </extra>
          </node>
          <extra>
            <technique profile="blender">
              <layer sid="layer" type="string">0</layer>
              <roll sid="roll" type="float">0</roll>
              <tip_x sid="tip_x" type="float">0</tip_x>
              <tip_y sid="tip_y" type="float">0</tip_y>
              <tip_z sid="tip_z" type="float">0.09419655</tip_z>
            </technique>
          </extra>
        </node>
      </node>
      <node id="squareshield" name="squareshield" type="NODE">
        <translate sid="location">0 0 0</translate>
        <rotate sid="rotationZ">0 0 1 0</rotate>
        <rotate sid="rotationY">0 1 0 0</rotate>
        <rotate sid="rotationX">1 0 0 0</rotate>
        <scale sid="scale">1 1 1</scale>
        <instance_controller url="#botroas2_Skin_001_squareshield-skin">
          <skeleton>#botroas2_Skin_001_root</skeleton>
          <bind_material>
            <technique_common>
              <instance_material symbol="tosita-material" target="#tosita-material"/>
            </technique_common>
          </bind_material>
        </instance_controller>
      </node>
      <node id="LAMP_FRONT_PEACH" name="LAMP_FRONT_PEACH" type="NODE">
        <matrix sid="transform">3.595629 0.1442683 -0.009944758 0.07793808 -0.1375951 3.336951 -1.339883 -21.84175 -0.04449517 1.339181 3.339772 55.79722 0 0 0 1</matrix>
        <instance_light url="#LAMP_FRONT_PEACH-light"/>
      </node>
      <node id="Lamp_WEST" name="Lamp_WEST" type="NODE">
        <matrix sid="transform">-0.5826102 2.612724 -2.404932 -28.80603 -3.542392 -0.5977845 0.2087328 3.436447 -0.2479536 2.401206 2.668743 33.30629 0 0 0 1</matrix>
        <instance_light url="#Lamp_WEST-light"/>
      </node>
      <node id="Camera" name="Camera" type="NODE">
        <matrix sid="transform">0.6859207 -0.3240135 0.6515582 7.481132 0.7276763 0.3054208 -0.6141704 -6.50764 0 0.8953956 0.4452714 5.343665 0 0 0 1</matrix>
        <instance_camera url="#Camera-camera"/>
      </node>
      <node id="Lamp" name="Lamp" type="NODE">
        <matrix sid="transform">-0.2908646 -0.7711008 0.5663932 4.076245 0.9551712 -0.1998834 0.2183912 1.005454 -0.05518906 0.6045247 0.7946723 5.903862 0 0 0 1</matrix>
        <instance_light url="#Lamp-light"/>
      </node>
    </visual_scene>
  </library_visual_scenes>
  <scene>
    <instance_visual_scene url="#Scene"/>
  </scene>
</COLLADA>