<?xml version="1.0" encoding="utf-8"?>
<COLLADA xmlns="http://www.collada.org/2005/11/COLLADASchema" version="1.4.1" xmlns:xsi="http://www.w3.org/2001/XMLSchema-instance">
  <asset>
    <contributor>
      <author>Blender User</author>
      <authoring_tool>Blender 2.79.0 commit date:2017-09-11, commit time:10:43, hash:5bd8ac9</authoring_tool>
    </contributor>
    <created>2019-02-04T08:53:33</created>
    <modified>2019-02-04T08:53:33</modified>
    <unit name="meter" meter="1"/>
    <up_axis>Z_UP</up_axis>
  </asset>
  <library_cameras>
    <camera id="Camera-camera" name="Camera">
      <optics>
        <technique_common>
          <perspective>
            <xfov sid="xfov">49.13434</xfov>
            <aspect_ratio>1.777778</aspect_ratio>
            <znear sid="znear">0.1</znear>
            <zfar sid="zfar">100</zfar>
          </perspective>
        </technique_common>
      </optics>
      <extra>
        <technique profile="blender">
          <shiftx sid="shiftx" type="float">0</shiftx>
          <shifty sid="shifty" type="float">0</shifty>
          <YF_dofdist sid="YF_dofdist" type="float">0</YF_dofdist>
        </technique>
      </extra>
    </camera>
  </library_cameras>
  <library_lights>
    <light id="Lamp-light" name="Lamp">
      <technique_common>
        <point>
          <color sid="color">1 1 1</color>
          <constant_attenuation>1</constant_attenuation>
          <linear_attenuation>0</linear_attenuation>
          <quadratic_attenuation>0.00111109</quadratic_attenuation>
        </point>
      </technique_common>
      <extra>
        <technique profile="blender">
          <type sid="type" type="int">0</type>
          <flag sid="flag" type="int">0</flag>
          <mode sid="mode" type="int">8192</mode>
          <gamma sid="blender_gamma" type="float">1</gamma>
          <red sid="red" type="float">1</red>
          <green sid="green" type="float">1</green>
          <blue sid="blue" type="float">1</blue>
          <shadow_r sid="blender_shadow_r" type="float">0</shadow_r>
          <shadow_g sid="blender_shadow_g" type="float">0</shadow_g>
          <shadow_b sid="blender_shadow_b" type="float">0</shadow_b>
          <energy sid="blender_energy" type="float">1</energy>
          <dist sid="blender_dist" type="float">29.99998</dist>
          <spotsize sid="spotsize" type="float">75</spotsize>
          <spotblend sid="spotblend" type="float">0.15</spotblend>
          <halo_intensity sid="blnder_halo_intensity" type="float">1</halo_intensity>
          <att1 sid="att1" type="float">0</att1>
          <att2 sid="att2" type="float">1</att2>
          <falloff_type sid="falloff_type" type="int">2</falloff_type>
          <clipsta sid="clipsta" type="float">1.000799</clipsta>
          <clipend sid="clipend" type="float">30.002</clipend>
          <bias sid="bias" type="float">1</bias>
          <soft sid="soft" type="float">3</soft>
          <compressthresh sid="compressthresh" type="float">0.04999995</compressthresh>
          <bufsize sid="bufsize" type="int">2880</bufsize>
          <samp sid="samp" type="int">3</samp>
          <buffers sid="buffers" type="int">1</buffers>
          <filtertype sid="filtertype" type="int">0</filtertype>
          <bufflag sid="bufflag" type="int">0</bufflag>
          <buftype sid="buftype" type="int">2</buftype>
          <ray_samp sid="ray_samp" type="int">1</ray_samp>
          <ray_sampy sid="ray_sampy" type="int">1</ray_sampy>
          <ray_sampz sid="ray_sampz" type="int">1</ray_sampz>
          <ray_samp_type sid="ray_samp_type" type="int">0</ray_samp_type>
          <area_shape sid="area_shape" type="int">1</area_shape>
          <area_size sid="area_size" type="float">0.1</area_size>
          <area_sizey sid="area_sizey" type="float">0.1</area_sizey>
          <area_sizez sid="area_sizez" type="float">1</area_sizez>
          <adapt_thresh sid="adapt_thresh" type="float">0.000999987</adapt_thresh>
          <ray_samp_method sid="ray_samp_method" type="int">1</ray_samp_method>
          <shadhalostep sid="shadhalostep" type="int">0</shadhalostep>
          <sun_effect_type sid="sun_effect_type" type="int">0</sun_effect_type>
          <skyblendtype sid="skyblendtype" type="int">1</skyblendtype>
          <horizon_brightness sid="horizon_brightness" type="float">1</horizon_brightness>
          <spread sid="spread" type="float">1</spread>
          <sun_brightness sid="sun_brightness" type="float">1</sun_brightness>
          <sun_size sid="sun_size" type="float">1</sun_size>
          <backscattered_light sid="backscattered_light" type="float">1</backscattered_light>
          <sun_intensity sid="sun_intensity" type="float">1</sun_intensity>
          <atm_turbidity sid="atm_turbidity" type="float">2</atm_turbidity>
          <atm_extinction_factor sid="atm_extinction_factor" type="float">1</atm_extinction_factor>
          <atm_distance_factor sid="atm_distance_factor" type="float">1</atm_distance_factor>
          <skyblendfac sid="skyblendfac" type="float">1</skyblendfac>
          <sky_exposure sid="sky_exposure" type="float">1</sky_exposure>
          <sky_colorspace sid="sky_colorspace" type="int">0</sky_colorspace>
        </technique>
      </extra>
    </light>
  </library_lights>
  <library_images/>
  <library_effects>
    <effect id="dvor_002-effect">
      <profile_COMMON>
        <technique sid="common">
          <phong>
            <emission>
              <color sid="emission">0 0 0 1</color>
            </emission>
            <ambient>
              <color sid="ambient">0 0 0 1</color>
            </ambient>
            <diffuse>
              <color sid="diffuse">0.64 0.64 0.64 1</color>
            </diffuse>
            <specular>
              <color sid="specular">0.5 0.5 0.5 1</color>
            </specular>
            <shininess>
              <float sid="shininess">50</float>
            </shininess>
            <index_of_refraction>
              <float sid="index_of_refraction">1</float>
            </index_of_refraction>
          </phong>
        </technique>
      </profile_COMMON>
    </effect>
    <effect id="dvor_001-effect">
      <profile_COMMON>
        <technique sid="common">
          <phong>
            <emission>
              <color sid="emission">0 0 0 1</color>
            </emission>
            <ambient>
              <color sid="ambient">0 0 0 1</color>
            </ambient>
            <diffuse>
              <color sid="diffuse">0.64 0.64 0.64 1</color>
            </diffuse>
            <specular>
              <color sid="specular">0.5 0.5 0.5 1</color>
            </specular>
            <shininess>
              <float sid="shininess">50</float>
            </shininess>
            <index_of_refraction>
              <float sid="index_of_refraction">1</float>
            </index_of_refraction>
          </phong>
        </technique>
      </profile_COMMON>
    </effect>
  </library_effects>
  <library_materials>
    <material id="dvor_002-material" name="dvor_002">
      <instance_effect url="#dvor_002-effect"/>
    </material>
    <material id="dvor_001-material" name="dvor_001">
      <instance_effect url="#dvor_001-effect"/>
    </material>
  </library_materials>
  <library_geometries>
    <geometry id="battersea_00-mesh" name="battersea.00">
      <mesh>
        <source id="battersea_00-mesh-positions">
          <float_array id="battersea_00-mesh-positions-array" count="1890">-0.469674 0.02788621 3.249619 -0.6422801 -0.1895675 3.036561 -0.469674 0.1183341 3.249619 -0.3949369 0.3025182 2.930658 0.4432091 0.02788639 3.247575 0.5986395 -0.1960437 3.029929 0.4432091 0.1226122 3.247575 0.3653438 0.2998414 2.938339 0.5199099 0.1230348 3.301866 0.5115152 -0.04742085 3.277752 -0.5405483 0.1226564 3.295408 -0.5344296 -0.04727494 3.270697 0.3878091 -0.1997393 2.946845 0.443273 -0.1478058 3.02422 -0.03029751 -0.2866664 3.281535 -0.03029751 -0.2866664 3.281535 -0.03029751 -0.2866664 3.281535 -0.03029751 -0.2866664 3.281535 -0.03029751 -0.2866664 3.281535 0.08377045 -0.3342221 2.918908 0.2251961 -0.2747215 2.896711 0.398292 -0.2327721 2.945755 -0.4111077 -0.1997394 2.946845 -0.4665714 -0.1478058 3.02422 -0.2494288 -0.2747216 2.896711 -0.108003 -0.3342224 2.918908 -0.4215906 -0.2327721 2.945755 0.2190914 -0.2455599 2.89879 0.4578191 -0.1671618 3.034597 -0.4111077 -0.1997394 2.946845 -0.2433241 -0.2455599 2.89879 -0.4811176 -0.1671618 3.034597 0.1034004 -0.1855675 3.274911 0.4298704 -0.1068763 3.155522 0.5007231 0.1934652 3.234878 0.5007231 0.1934652 3.234878 0.5007231 0.1934652 3.234878 -0.01211631 0.1466535 3.369931 -0.01211631 0.1466535 3.369931 0.1485932 -0.1069599 3.357281 0.4544607 -0.01533162 3.250371 0.1738564 0.02019619 3.372352 0.1738564 0.02019619 3.372352 0.4630415 0.04879438 3.261107 0.4630415 0.04879438 3.261107 0.398292 -0.2327721 2.945755 0.3878091 -0.1997393 2.946845 0.443273 -0.1478058 3.02422 0.4578191 -0.1671618 3.034597 0.4578191 -0.1671618 3.034597 0.443273 -0.1478058 3.02422 0.4157443 -0.09308576 3.143195 0.4157443 -0.09308576 3.143195 0.4298704 -0.1068763 3.155522 0.4298704 -0.1068763 3.155522 0.2251961 -0.2747215 2.896711 0.09284973 -0.3107697 2.914998 0.08377045 -0.3342221 2.918908 0.2190914 -0.2455599 2.89879 0.438829 -0.007146298 3.226036 0.4544607 -0.01533162 3.250371 0.5007231 0.1934652 3.234878 0.5007231 0.1934652 3.234878 0.4834765 0.1898665 3.213934 0.4834765 0.1898665 3.213934 0.4834765 0.1898665 3.213934 0.4630415 0.04879438 3.261107 0.4468843 0.05062305 3.235059 -0.127633 -0.1855675 3.274911 -0.4526584 -0.1068763 3.155522 -0.5265168 0.1934652 3.234878 -0.5265168 0.1934652 3.234878 -0.5265168 0.1934652 3.234878 -0.01211631 0.1466535 3.369931 -0.01211631 0.1466535 3.369931 -0.1728259 -0.1069599 3.357281 -0.4772487 -0.01533162 3.250371 -0.1980891 0.02019619 3.372352 -0.1980891 0.02019619 3.372352 -0.4858295 0.04879438 3.261107 -0.4858295 0.04879438 3.261107 -0.4215906 -0.2327721 2.945755 -0.4665714 -0.1478058 3.02422 -0.4111077 -0.1997394 2.946845 -0.4811176 -0.1671618 3.034597 -0.4811176 -0.1671618 3.034597 -0.4811176 -0.1671618 3.034597 -0.4385322 -0.09308576 3.143195 -0.4385322 -0.09308576 3.143195 -0.4526584 -0.1068763 3.155522 -0.2494288 -0.2747216 2.896711 -0.108003 -0.3342224 2.918908 -0.1170824 -0.3107697 2.914998 -0.2433241 -0.2455599 2.89879 -0.461617 -0.007146298 3.226036 -0.4772487 -0.01533162 3.250371 -0.5092703 0.1898665 3.213934 -0.5092703 0.1898665 3.213934 -0.5092703 0.1898665 3.213934 -0.5265168 0.1934652 3.234878 -0.5265168 0.1934652 3.234878 -0.4696723 0.05062305 3.235059 -0.4858295 0.04879438 3.261107 9.19633e-4 -0.1549522 3.34153 0.001017093 0.1281813 3.364291 -0.4877328 0.03070288 3.193709 0.4626209 0.03070306 3.192185 -0.2170963 0.1422637 3.240602 -0.4877328 0.03070288 3.193709 0.001017093 0.1281813 3.364291 0.206888 0.1431903 3.238317 -0.2170963 0.1422637 3.240602 0.001017093 0.1281813 3.364291 0.4626209 0.03070306 3.192185 -0.4877328 0.1243135 3.193709 -0.4877328 0.03070288 3.193709 -0.2170963 0.1422637 3.240602 0.5397761 0.4963899 3.273689 0.5397761 0.4963899 3.273689 -0.01675665 0.4701369 3.389435 -0.01675665 0.4701369 3.389435 -0.01675665 0.4701369 3.389435 0.5397761 0.4963899 3.273689 0.5397761 0.4963899 3.273689 0.5397761 0.4963899 3.273689 0.5229352 0.5017052 3.253329 0.5229352 0.5017052 3.253329 -0.01675665 0.4701369 3.389435 -0.01675665 0.4701369 3.389435 -0.01675665 0.4701369 3.389435 -0.5743075 0.4963899 3.273689 -0.5743075 0.4963899 3.273689 -0.5743075 0.4963899 3.273689 -0.5743075 0.4963899 3.273689 -0.5743075 0.4963899 3.273689 -0.5574666 0.5017052 3.253329 -0.5574666 0.5017052 3.253329 0 0.750108 3.340672 0 0.750108 3.340672 0.5524794 0.6662974 3.240463 0.5524794 0.6662974 3.240463 0.5389464 0.6470482 3.222035 0.5389464 0.6470482 3.222035 0.5524794 0.6662974 3.240463 0.5524794 0.6662974 3.240463 -0.587011 0.6662974 3.240463 -0.587011 0.6662974 3.240463 -0.5658428 1.218348 3.085568 -0.5658428 1.218348 3.085568 -0.5734778 0.6470482 3.222035 -0.5734778 0.6470482 3.222035 -0.5793871 1.228005 3.108107 -0.5793871 1.228005 3.108107 -0.587011 0.6662974 3.240463 -0.587011 0.6662974 3.240463 0 0.750108 3.340672 0 0.750108 3.340672 0 1.316389 3.206356 0 1.316389 3.206356 0.5610469 1.228008 3.108106 0.5610469 1.228008 3.108106 0 1.316389 3.206356 0 1.316389 3.206356 0 1.264508 3.061755 0 1.264508 3.061755 0 0.6982274 3.196071 0 0.6982274 3.196071 0 1.264508 3.061755 0 1.264508 3.061755 0.5475028 1.208759 3.089677 0.5475028 1.208759 3.089677 0.7178708 1.891558 2.917007 0 1.839639 3.112714 0 1.773524 2.928439 -0.6267597 1.867027 2.893522 0.7178708 1.891558 2.917007 0.7017096 1.867027 2.893523 -0.642921 1.891558 2.917007 0 1.839639 3.112714 -0.642921 1.891558 2.917007 0 1.773524 2.928439 0.4476837 0.001962065 1.252539 0.3943449 0.161774 1.504687 0.04524976 0.0016433 1.232718 0.0323807 0.1614313 1.489647 0.04524976 0.0016433 1.232718 0.04524976 0.0016433 1.232718 0.4476837 0.001962065 1.252539 0.4476837 0.001962065 1.252539 0.2327533 -0.2225432 1.483031 0.2327533 -0.2225432 1.483031 0.3943449 0.161774 1.504687 0.2525087 -0.01224297 0.2271173 0.2510321 -0.03943878 0.3254607 0.2322385 -0.01088488 0.3254663 0.1704182 0.2421757 0.002054512 0.1375218 0.1789597 0.3254938 0.3743781 0.2437953 0.002051591 0.3933345 0.1812587 0.32542 0.3339164 0.09613031 0.3254369 0.2510321 -0.03943878 0.3254607 0.2525087 -0.01224297 0.2271173 0.1156281 -0.3485809 0.006905555 0.3685376 -0.2578483 0.006905734 0.2525087 -0.01224297 0.2271173 0.1156281 -0.3485809 0.006905555 0.3685376 -0.2578483 0.006905734 0.3743781 0.2437953 0.002051591 0.3685376 -0.2578483 0.006905734 0.3413465 0.2091447 0.3342625 0.3413465 0.2091447 0.3342625 0.248162 0.111393 1.27145 0.248162 0.111393 1.27145 0.2397299 -0.2476036 1.078211 0.2397299 -0.2476036 1.078211 0.2413823 -0.04447144 0.3184537 0.3476607 0.09557163 0.2497766 0.2397299 -0.2476036 1.078211 0.2397299 -0.2476036 1.078211 0.2367851 -0.2532688 1.298222 0.2367851 -0.2532688 1.298222 0.2367851 -0.2532688 1.298222 0.2367851 -0.2532688 1.298222 0.3958778 0.2047276 0.2497549 0.2715907 0.2436781 0.2610933 0.248162 0.111393 1.27145 0.2172842 -0.03960055 0.3184608 0.2413823 -0.04447144 0.3184537 0.1238054 0.2017797 0.2498496 0.2715907 0.2436781 0.2610933 0.248162 0.111393 1.27145 -0.4256047 0.003482043 1.248338 -0.3943767 0.1711317 1.504574 -0.04064673 0.003147363 1.228546 -0.04696041 0.209053 1.500425 -0.04064673 0.003147363 1.228546 -0.04064673 0.003147363 1.228546 -0.4256047 0.003482043 1.248338 -0.4256047 0.003482043 1.248338 -0.2307813 -0.2338632 1.482921 -0.2307813 -0.2338632 1.482921 -0.3943767 0.1711317 1.504574 -0.2510623 -0.01371753 0.2250735 -0.1674992 0.2531742 1.09195e-5 -0.1338834 0.1869172 0.3255721 -0.2299832 -0.01202803 0.3255999 -0.2510623 -0.01371753 0.2250735 -0.2482635 -0.04262065 0.3256052 -0.3298709 0.09941303 0.3256287 -0.3744874 0.2549075 7.8564e-6 -0.359957 -0.2784513 0.004416882 -0.1032139 -0.3711564 0.004417061 -0.2510623 -0.01371753 0.2250735 -0.1032139 -0.3711564 0.004417061 -0.359957 -0.2784513 0.004416882 -0.359957 -0.2784513 0.004416882 -0.3744874 0.2549075 7.8564e-6 -0.2482635 -0.04262065 0.3256052 -0.3878217 0.1893211 0.3256453 -0.3378285 0.2199346 0.3352621 -0.3378285 0.2199346 0.3352621 -0.2360191 0.1228075 1.266335 -0.2360191 0.1228075 1.266335 -0.2274532 -0.2575259 1.073095 -0.2274532 -0.2575259 1.073095 -0.2379575 -0.04566848 0.3184735 -0.2140457 -0.04034477 0.3184667 -0.3913281 0.2161347 0.2498796 -0.344705 0.09852939 0.2498579 -0.2274532 -0.2575259 1.073095 -0.2274532 -0.2575259 1.073095 -0.2121686 -0.265196 1.294021 -0.2121686 -0.265196 1.294021 -0.2121686 -0.265196 1.294021 -0.2121686 -0.265196 1.294021 -0.1175214 0.2129903 0.2497838 -0.269517 0.2593728 0.262459 -0.2360191 0.1228075 1.266335 -0.2360191 0.1228075 1.266335 -0.269517 0.2593728 0.262459 -0.2379575 -0.04566848 0.3184735 1.721591 0.01647073 3.101899 1.721591 0.01647073 3.101899 1.834553 -0.1231874 3.034316 1.834553 -0.1231874 3.034316 1.836931 0.05287319 3.007147 1.836931 0.05287319 3.007147 1.668432 0.09795004 2.978911 1.68705 -0.1209571 3.013364 1.68705 -0.1209571 3.013364 1.81506 0.03427326 2.949365 1.824859 -0.1246849 2.980085 1.581619 0.09010696 2.983818 1.632987 0.008627653 3.101661 1.632987 0.008627653 3.101661 1.596071 -0.1288002 3.006305 1.596071 -0.1288002 3.006305 -1.72855 0.01647287 3.148715 -1.72855 0.01647287 3.148715 -1.852175 0.05288517 3.065049 -1.852175 0.05288517 3.065049 -1.847288 -0.1231992 3.091881 -1.847288 -0.1231992 3.091881 -1.68702 0.09796035 3.021311 -1.702364 -0.120969 3.057345 -1.702364 -0.120969 3.057345 -1.842082 -0.1246978 3.037131 -1.835758 0.03428369 3.00549 -1.600251 0.09011733 3.018655 -1.612493 -0.128812 3.042134 -1.612493 -0.128812 3.042134 -1.640164 0.008629798 3.139515 -1.640164 0.008629798 3.139515 0.1867808 -0.3458907 1.880356 0.4734838 -0.1972836 1.880391 0.2861434 -0.3247895 1.475852 0.4734838 -0.1972836 1.880391 0.5537784 -0.2000166 1.47718 0.5537784 -0.2000166 1.47718 0.1559716 0.3706853 1.826631 0.4734843 0.2704194 1.880391 0.4734843 0.2704194 1.880391 0.241647 0.3237065 1.447036 0.5543716 0.2329152 1.478477 0.5543716 0.2329152 1.478477 -0.4740602 -0.1972882 1.880308 -0.1880776 -0.3458916 1.880332 -0.2742336 -0.3252654 1.475759 -0.4740602 -0.1972882 1.880308 -0.5387946 -0.2000211 1.477105 -0.5387946 -0.2000211 1.477105 -0.1312761 0.3706795 1.824642 -0.4740607 0.2704137 1.880308 -0.4740607 0.2704137 1.880308 -0.2253113 0.3237013 1.446961 -0.5382013 0.232908 1.478403 -0.5382013 0.232908 1.478403 0.3419938 -0.3624206 1.055039 0.5724357 -0.1420456 1.05657 0.5724357 -0.1420456 1.05657 0.2907263 0.3847572 1.021838 0.5730475 0.1275635 1.058064 0.5730475 0.1275635 1.058064 -0.3036558 -0.3629688 1.054932 -0.5545798 -0.1420491 1.056482 -0.5545798 -0.1420491 1.056482 -0.247289 0.384751 1.021752 -0.5539677 0.1275576 1.057978 -0.5539677 0.1275576 1.057978 -0.1608589 -0.2156919 3.526003 -0.110841 -0.2658297 3.263138 -0.110841 -0.2658297 3.263138 0.1642581 -0.187245 3.711493 0.1642581 -0.187245 3.711493 0.1314116 -0.2157815 3.525821 0.01278322 -0.187245 3.711491 -0.01601588 -0.2631104 3.525867 -0.03281015 -0.2658297 3.263139 -0.189786 -0.187245 3.711487 -0.189786 -0.187245 3.711487 0.08530586 -0.2658297 3.263141 0.08530586 -0.2658297 3.263141 -0.2334898 0.05683302 3.669861 -0.2334898 0.05683302 3.669861 -0.2490621 0.09945267 3.327095 -0.2490621 0.09945267 3.327095 0.2079671 0.05683302 3.669868 0.2079671 0.05683302 3.669868 0.2235413 0.09945267 3.327102 0.2235413 0.09945267 3.327102 -0.01276123 0.234335 3.685195 -0.01276123 0.234335 3.685195 -0.01274722 0.2816935 3.320781 -0.01274722 0.2816935 3.320781 -0.06669723 -0.04118251 3.959189 -0.06669723 -0.04118251 3.959189 -0.06669723 -0.04118251 3.959189 -0.06669723 -0.04118251 3.959189 -0.08647322 0.06064182 3.957128 -0.08647322 0.06064182 3.957128 -0.08647322 0.06064182 3.957128 -0.08647322 0.06064182 3.957128 0.05884027 0.06064182 3.957129 0.05884027 0.06064182 3.957129 0.05884027 0.06064182 3.957129 0.05884027 0.06064182 3.957129 0.03906434 -0.04118251 3.959191 0.03906434 -0.04118251 3.959191 0.03906434 -0.04118251 3.959191 0.03906434 -0.04118251 3.959191 -0.01381641 0.1393957 3.957517 -0.01381641 0.1393957 3.957517 -0.01658999 -0.09736245 4.088206 -0.01658999 -0.09736245 4.088206 -0.009503841 0.2193961 3.827553 0.1840724 0.04415065 3.820376 0.1840724 0.04415065 3.820376 0.1160597 -0.1539559 3.81226 0.1160597 -0.1539559 3.81226 -0.1491581 -0.1671683 3.813645 -0.1491581 -0.1671683 3.813645 -0.2083775 0.04586398 3.815412 -0.2083775 0.04586398 3.815412 -0.2853865 0.07498985 3.469666 -0.2853865 0.07498985 3.469666 -0.2106019 -0.2141392 3.686778 -0.2106019 -0.2141392 3.686778 0.264173 0.07498985 3.469675 0.264173 0.07498985 3.469675 0.1893826 -0.2141392 3.686783 0.1893826 -0.2141392 3.686783 -0.0106067 0.2986106 3.48699 0.006404519 -0.04236698 4.023283 0.006404876 -0.03263682 3.989185 0.006404876 -0.03263682 3.989185 0.01500421 0.04059952 3.993986 -0.03958445 -0.03263616 3.989185 -0.03958445 -0.03263616 3.989185 -0.03958445 -0.03263616 3.989185 -0.04818385 0.04060047 3.993985 -0.04818385 0.04060047 3.993985 -0.01658976 0.08956754 4.013939 -0.01658976 0.08956754 4.013939 -0.01658976 0.08956754 4.013939 0.01500385 -0.0030303 4.033105 -0.03958487 -0.04236638 4.023282 -0.03958487 -0.04236638 4.023282 -0.04818421 -0.003029346 4.033104 -0.01659017 0.04593765 4.054314 -0.01659017 0.04593765 4.054314 -2.009228 -0.9953374 2.978717 -2.056263 -1.502711 2.967097 -2.057201 -1.502757 2.966866 -2.320198 -1.382534 2.895796 -1.975939 -1.603777 2.95675 -1.991309 -1.604243 3.015431 -2.396797 -1.932818 2.876873 -1.942226 -1.647814 2.966613 -1.957981 -1.64695 3.0252 -2.33752 -2.280082 2.891501 -1.830226 -1.675933 2.99455 -1.845513 -1.675933 3.052654 -2.257052 -2.625402 2.911391 -1.830226 -2.287608 2.99455 -1.845513 -2.287609 3.052654 -2.139053 -2.96612 2.940465 -1.911311 -2.396473 2.972717 -1.926463 -2.396602 3.031452 -1.70498 -3.28269 3.047639 -2.040264 -1.356273 2.97105 -2.040382 -1.356355 2.971021 -2.207373 -1.624475 2.915323 -2.214092 -1.624493 2.94248 -2.181351 -2.032655 2.927211 -2.185548 -2.03266 2.944186 -2.15314 -2.297991 2.934585 -2.157117 -2.298007 2.950692 -2.086352 -2.551843 2.951304 -2.090287 -2.551607 2.966932 -2.011504 -2.829693 2.959988 -2.020029 -2.829734 2.994711 -1.869174 -2.915549 3.014845 -1.774955 -2.41709 3.097683 -1.742628 -2.416529 2.96762 -1.836924 -2.417651 3.008223 -1.779649 -2.300078 3.100067 -1.747323 -2.299517 2.970004 -1.841619 -2.30064 3.010607 -1.784815 -1.944688 3.10269 -1.752488 -1.944127 2.972627 -1.846785 -1.848712 3.01323 -1.789509 1.057249 3.105074 -1.757183 1.057811 2.97501 -1.851479 1.056688 3.015613 -2.056263 -1.502711 2.967097 -1.975939 -1.603777 2.95675 -2.057201 -1.502757 2.966866 -1.991309 -1.604243 3.015431 -1.991309 -1.604243 3.015431 -1.975939 -1.603777 2.95675 -1.942226 -1.647814 2.966613 -1.957981 -1.64695 3.0252 -1.942226 -1.647814 2.966613 -2.181351 -2.032655 2.927211 -1.957981 -1.64695 3.0252 -1.942226 -1.647814 2.966613 -1.830226 -1.675933 2.99455 -2.185548 -2.03266 2.944186 -1.957981 -1.64695 3.0252 -1.845513 -1.675933 3.052654 -1.845513 -1.675933 3.052654 -1.830226 -1.675933 2.99455 -1.830226 -2.287608 2.99455 -1.845513 -2.287609 3.052654 -1.845513 -2.287609 3.052654 -1.830226 -2.287608 2.99455 -1.911311 -2.396473 2.972717 -1.926463 -2.396602 3.031452 -1.869174 -2.915549 3.014845 -1.926463 -2.396602 3.031452 -1.911311 -2.396473 2.972717 -2.207373 -1.624475 2.915323 -2.040264 -1.356273 2.97105 -2.040382 -1.356355 2.971021 -2.214092 -1.624493 2.94248 -2.181351 -2.032655 2.927211 -2.185548 -2.03266 2.944186 -2.15314 -2.297991 2.934585 -2.157117 -2.298007 2.950692 -2.086352 -2.551843 2.951304 -2.090287 -2.551607 2.966932 -2.011504 -2.829693 2.959988 -2.020029 -2.829734 2.994711 -1.869174 -2.915549 3.014845 -1.869174 -2.915549 3.014845 -1.747323 -2.299517 2.970004 -1.779649 -2.300078 3.100067 -1.841619 -2.30064 3.010607 -1.752488 -1.944127 2.972627 -1.784815 -1.944688 3.10269 -1.846785 -1.848712 3.01323 0.4272251 0.326781 2.208365 -0.432852 0.3267754 2.209225 0.4228161 -0.3160669 2.199459 -0.4284363 -0.3160719 2.200319 0.4228161 -0.3160669 2.199459 0.4272251 0.326781 2.208365 -0.432852 0.3267754 2.209225 -0.4284363 -0.3160719 2.200319 -0.432852 0.3267754 2.209225 -0.4284363 -0.3160719 2.200319 0.4228161 -0.3160669 2.199459 0.4272251 0.326781 2.208365 -0.432852 0.3267754 2.209225 0.4272251 0.326781 2.208365 -0.4284363 -0.3160719 2.200319 0.4228161 -0.3160669 2.199459 0.1867808 -0.3458907 1.880356 0.4734838 -0.1972836 1.880391 0.4734838 -0.1972836 1.880391 0.1559716 0.3706853 1.826631 0.4734843 0.2704194 1.880391 0.4734843 0.2704194 1.880391 -0.4740602 -0.1972882 1.880308 -0.1880776 -0.3458916 1.880332 -0.4740602 -0.1972882 1.880308 -0.1312761 0.3706796 1.824642 -0.4740607 0.2704138 1.880308 -0.4740607 0.2704138 1.880308 -0.469674 0.1183341 3.249619 -0.2170963 0.1422637 3.274194 -0.3949369 0.3025182 2.930658 -0.6422799 -0.1895675 3.036561 9.1963e-4 -0.1549522 3.375122 -0.469674 0.02788621 3.249619 9.1963e-4 -0.1549522 3.375122 0.001017093 0.1281813 3.397884 -0.469674 0.02788621 3.249619 -0.6422799 -0.1895675 3.036561 -0.6422799 -0.1895675 3.036561 -0.3949369 0.3025182 2.930658 -0.3949369 0.3025182 2.930658 -0.6422799 -0.1895675 3.036561 -0.3949369 0.3025182 2.930658 0.5986395 -0.1960437 3.029929 0.3653438 0.2998414 2.938339 0.206888 0.1431903 3.271909 0.3653438 0.2998414 2.938339 -0.02243888 -0.3679625 2.92055 0.5986395 -0.1960437 3.029929 0.5986395 -0.1960437 3.029929 0.3653438 0.2998414 2.938339 0.3653438 0.2998414 2.938339 0.5986395 -0.1960437 3.029929 0.4432091 0.02788639 3.247575 0.4432091 0.02788639 3.247575 0.4432091 0.1226122 3.247575 -0.2170963 0.1422637 3.274194 -0.469674 0.02788621 3.249619 0.001017093 0.1281813 3.397884 0.206888 0.1431903 3.271909 -0.2170963 0.1422637 3.274194 0.001017093 0.1281813 3.397884 0.4432091 0.02788639 3.247575 0.4432091 0.02788639 3.247575 -0.469674 0.1183341 3.249619 -0.469674 0.02788621 3.249619 -0.2170963 0.1422637 3.274194 1.089357 0.1292759 3.179243 0.5199099 0.1230348 3.301866 1.193815 0.01761823 3.253842 1.091782 0.02869617 3.002135 1.193815 0.01761823 3.253842 1.089357 0.1292759 3.179243 0.5115149 -0.04742085 3.277752 1.154426 -0.08854711 3.113402 1.091782 0.02869617 3.002135 1.091782 0.02869617 3.002135 1.154426 -0.08854711 3.113402 1.030729 0.1722081 3.123457 1.104323 0.2191771 3.129185 1.030729 0.1722081 3.123457 1.581619 0.09010696 2.983818 1.596071 -0.1288002 3.006305 1.632987 0.008627653 3.101661 -1.111046 0.02859693 2.978457 -1.178693 0.01758474 3.246976 -1.178693 0.01759481 3.246976 -1.178693 0.01759481 3.246976 -1.178693 0.01758474 3.246976 -0.5405488 0.1226564 3.295408 -0.5344298 -0.04727494 3.270697 -1.178693 0.01758474 3.246976 -1.111046 0.02859693 2.978457 -1.111046 0.02859693 2.978457 -1.045973 0.1715239 3.091558 -1.235025 0.2191874 3.088113 -1.076862 0.1292759 3.145738 -1.076862 0.1292759 3.145738 -1.146275 -0.08855301 3.10528 -1.146275 -0.08855301 3.10528 -1.045973 0.1715239 3.091558 -1.146275 -0.08855301 3.10528 -1.612493 -0.128812 3.042134 -1.60025 0.09011733 3.018655 -1.640164 0.008629798 3.139515 -1.076862 0.1292759 3.145738 -0.1472293 -0.04772502 3.426717 -0.1365234 0.02494102 3.426724 -0.1315665 -0.02412194 3.426701</float_array>
          <technique_common>
            <accessor source="#battersea_00-mesh-positions-array" count="630" stride="3">
              <param name="X" type="float"/>
              <param name="Y" type="float"/>
              <param name="Z" type="float"/>
            </accessor>
          </technique_common>
        </source>
        <source id="battersea_00-mesh-normals">
          <float_array id="battersea_00-mesh-normals-array" count="1353">0.4258139 -0.1151736 0.8974506 0.7626237 -0.6455402 0.04102659 0.5426642 0 0.8399499 0.3868826 0.7563955 0.5274351 -0.4908341 -0.09829401 0.8656906 -0.758564 -0.6408859 0.1176689 -0.5777462 0 0.8162167 -0.3794234 0.758288 0.5301293 0.4099133 -0.8657193 0.2872301 0.408357 -0.8796589 0.243813 0.2056372 -0.9728346 0.1063308 -0.4321798 -0.86101 0.2681093 -0.4066689 -0.8905243 0.2039288 -0.2114439 -0.9732197 0.09019428 0.2465772 -0.9674596 0.05676013 0.3907195 -0.8459407 0.3629361 0.2533392 0.9666627 -0.03718388 -0.4127618 -0.8426656 0.3457493 0.4754651 -0.5857678 0.6563605 0.3678485 -0.7954639 0.4815856 0.2081033 -0.1506484 0.9664358 0.2589262 -0.05442935 0.9643623 0.3757691 -0.7646514 0.5235511 0.4126157 -0.7065305 0.5749462 0.212175 0.3296436 0.9199549 0.3512471 0.07767683 0.9330551 0.3725625 -0.1818736 0.9100105 0.3689647 -0.2012888 0.9073852 0.1939855 0.1570475 0.9683521 0.2011795 0.1734804 0.9640703 0.7025894 0.2450144 -0.6680839 0.7353895 0.206666 -0.6453616 0.8160288 0.5731517 -0.074795 0.7532625 0.6413888 -0.1456577 0.1023412 0.1249174 0.9868748 0.1473501 -0.039613 0.9882909 0.7794106 0.3135076 -0.5424317 0.8506798 0.2503969 -0.4622181 0.7733669 -0.01851624 -0.6336884 0.7683472 -0.01639109 -0.6398234 0.8003754 -0.3023251 -0.517686 0.7629021 -0.2882737 -0.578687 0.2436998 0.1196309 -0.9624443 0.2446804 0.1094399 -0.9634078 0.7224821 -0.2206679 -0.6552293 0.8671603 -0.1572419 -0.4725547 0.8361705 -0.03106713 -0.547589 0.848732 -0.02513188 -0.5282257 -0.852653 -0.110581 -0.5106413 -0.8713017 -0.1013185 -0.480175 -0.5177718 -0.4508559 0.7270774 -0.3695564 -0.793945 0.4827832 -0.2078185 -0.1564949 0.9655677 -0.2587119 -0.06183159 0.9639736 -0.377111 -0.7645567 0.522724 -0.4142162 -0.7061944 0.5742078 -0.2116908 0.3289385 0.9203187 -0.3536972 0.06963759 0.9327641 -0.374155 -0.182107 0.9093104 -0.3705635 -0.2013908 0.9067108 -0.1922633 0.1744676 0.9657101 -0.1903889 0.1794969 0.9651595 -0.7025899 0.2450146 -0.6680833 -0.7353893 0.2066688 -0.6453608 -0.8154895 0.5742837 -0.0719397 -0.7525544 0.6427446 -0.1433225 -0.102335 0.1249161 0.9868757 -0.147343 -0.03961294 0.9882919 -0.77941 0.31351 -0.5424313 -0.850678 0.250396 -0.4622216 -0.7747576 -0.04140043 -0.6309015 -0.7652505 -0.03708207 -0.6426637 -0.7957366 -0.3173181 -0.5158612 -0.7605003 -0.3033649 -0.5741159 0.2448748 -0.1198539 0.9621182 0.2458478 -0.1097994 0.9630696 -0.7224819 -0.2206688 -0.6552292 -0.8671612 -0.1572418 -0.4725532 -0.8361659 -0.03106808 -0.547596 -0.8487403 -0.02513217 -0.5282124 -0.1953296 0.2274444 0.9539997 -0.1963067 0.2262962 0.9540722 0.2423445 0.2151741 0.9460282 0.1962397 0.1727385 0.9652209 -0.02003914 -0.2533136 -0.9671767 0.01122742 -0.2828901 -0.9590867 -0.02211582 -0.2307303 -0.9727664 -0.02332389 -0.2319754 -0.9724421 0.02611184 -0.2307082 -0.9726727 0.0250647 -0.2296426 -0.9729523 0.2064586 0.2214266 0.9530715 0.2024655 0.226007 0.952853 0.859009 -0.1297801 -0.4952378 0.8588209 -0.1298663 -0.4955415 -0.2644038 0.2434352 0.9331827 -0.1902562 0.1729461 0.966381 -0.8751158 -0.2110973 -0.4354429 -0.892472 -0.201664 -0.4035162 0.8911258 -0.3080387 -0.3331771 0.9028981 -0.3016 -0.3062884 0.02352845 -0.2532942 -0.9671031 -0.009949862 -0.28342 -0.9589443 -0.3150348 -0.07594501 0.9460368 0.3342888 -0.0756374 0.9394307 -0.3682671 0.5920836 0.7168099 -0.00154674 0.9932698 0.1158133 0.3882046 0.5933873 0.7051162 -0.1707241 0 0.985319 -0.8242357 -0.5424628 -0.1623876 -0.8809373 -0.4394891 -0.175496 -0.8809373 -0.4394892 -0.1754963 0.8098515 -0.5652922 -0.1567974 0.8859655 -0.4279875 -0.1785829 0.8859655 -0.4279876 -0.1785829 -0.8609949 -0.4946764 -0.1182504 -0.8609949 -0.4946762 -0.1182505 0.845893 -0.517186 -0.1303213 0.8458932 -0.5171857 -0.1303212 -0.9002059 0.08699399 0.4266865 0.2132569 -0.594437 0.7753491 0.8820509 -0.005710661 0.4711195 -0.2074662 -0.5745677 0.7917258 0.8912601 0.09489971 0.443452 -0.8866627 -0.02033662 0.4619696 -0.00264585 -0.007329642 -0.9999697 -5.44336e-5 -0.00826776 -0.9999659 6.2414e-5 -0.009676754 -0.9999533 0.003048002 -0.00849384 -0.9999594 -0.1515931 0.9728767 0.1747297 -0.007897138 0.9946542 0.1029604 0.846075 -0.5055939 -0.1689141 -0.8320136 -0.5362536 -0.1420759 0.486311 0.8627647 0.138343 -0.5368635 0.831046 0.1453968 0.1655347 0.9695944 0.180236 0.008327662 0.994662 0.1028501 0.4032419 0.8090957 -0.4275047 -0.3318215 0.793518 -0.5101215 -0.4440112 0.7736275 -0.4520562 0.3512104 0.7503064 -0.5600818 0.7424572 -0.6475632 -0.1715204 -0.7959477 -0.604797 -0.02622705 0.7703276 -0.6376191 -0.006107807 -0.8592985 -0.4525223 0.2383902 -0.8066596 -0.5856092 0.07976341 0.8313695 -0.3727844 0.4121366 0.7757499 -0.61954 0.1199262 0.209358 -0.9406791 -0.2670062 0.8418104 -0.5225096 -0.1354212 -0.9240074 -0.3662909 -0.1097336 -0.8277235 -0.5483165 -0.1192598 0.8315147 -0.5501921 -0.0766291 -0.7852975 -0.6182458 0.03286588 0.8754036 -0.3753516 0.304598 0.848742 -0.5017914 0.1668605 -0.8635325 -0.3672936 0.3455533 -0.7848497 -0.6191668 0.02536803 0.3007415 0.9370829 0.177286 0.5333665 0.8403592 0.09652316 0.3088813 0.9352078 0.1731441 0.4861904 0.8649357 0.1245192 -0.3439294 0.9288246 0.1378318 -0.5366815 0.8288403 0.1581032 -0.7522554 -0.6369972 -0.1683635 -0.1077383 0.9579546 -0.2659242 0.008048713 0.9763718 -0.215948 -0.1916993 -0.948046 -0.2538903 -0.818993 -0.5591414 -0.1288847 0.9085708 -0.3880835 -0.1545653 -0.9061822 -0.3943463 -0.1527252 0.9072095 -0.4007638 -0.1279039 0.8053941 -0.5773407 -0.1342318 -0.2807365 0.9446255 0.1699113 -0.4882696 0.8666935 0.1021531 -0.5338806 0.1128742 0.8379923 -0.09660631 0.8524793 0.5137571 0.145523 -0.1986814 -0.9692001 -0.9650439 -0.01370626 -0.2617296 0.1766758 -0.1718939 -0.969143 0.2063033 -0.5141462 0.8325219 0.02240413 -0.9993143 0.02948272 -0.3336735 0.8697399 -0.3636134 -0.9947437 -0.0418502 -0.0934537 0.6091964 0.1129028 0.7849413 0.1438316 0.8524736 0.5025947 -0.2351345 -0.198379 -0.9515029 0.9362751 -0.01014161 -0.3511215 -0.2657915 -0.171898 -0.9485811 -0.1282401 -0.5141243 0.8480747 -0.0195257 -0.999326 0.0310859 0.2985233 0.8697476 -0.3929668 0.9837898 -0.04025346 -0.17475 -0.04256635 0.8243271 0.5645113 -0.07285279 0.805212 0.588495 0.08912694 -0.1474517 -0.9850454 -0.04664283 -0.1051242 -0.9933648 -0.04458731 -0.1592005 -0.986239 -0.174205 -0.09536731 -0.9800806 0.04638236 -0.5492023 0.8344013 -0.01497215 -0.5672894 0.8233825 0.0947116 -0.5385531 0.8372516 0.0343492 -0.5731656 0.8187195 0.1310574 0.8152156 0.5641344 0.09102278 0.8115103 0.5772053 8.56481e-4 -0.9986934 -0.05109846 5.80814e-6 -0.9986423 -0.05209302 0.4204668 -0.902848 0.08985084 0.4591584 -0.8858562 0.06657695 -0.4272605 -0.9030107 0.04494941 -0.4596255 -0.8845216 0.07978808 8.77794e-6 0.9923526 -0.1234367 8.28984e-4 0.992451 -0.1226387 0.9803066 -0.001934647 0.1974722 0.9807428 -1.24932e-6 0.1953037 -0.9873563 8.77779e-4 0.1585145 -0.9875035 -1.32339e-6 0.1575968 -0.2825132 0.9582384 -0.04433578 -0.2875086 0.9566043 -0.04740411 0.2834473 0.9574369 -0.05451804 0.3052301 0.9518845 -0.02739518 8.31022e-4 -0.9960153 0.08917838 8.30978e-4 -0.9960154 0.08917862 0.2923216 0.9306191 -0.2202187 0.649527 0.7384794 0.1810051 -0.2615406 0.9534019 0.1504038 -0.645227 0.7464339 -0.1628453 -0.4258324 -0.8983534 -0.107834 -0.6562029 -0.7461171 0.1127257 0.4180735 -0.8982043 0.1358082 0.6897479 -0.7207787 -0.06874644 0.9990257 -0.001500964 0.04410755 0.9989836 -0.00251609 0.04500812 -0.9993086 0.001258015 0.03715986 -0.9992839 0.002059876 0.03778499 -3.40234e-5 0.9898494 0.1421203 -3.40514e-5 0.9898494 0.1421204 0.04219305 -0.7817689 0.6221392 0.3032391 -0.9444512 0.1267207 -1.80058e-7 -0.9999465 0.01034963 -1.8732e-6 -0.9883944 0.15191 0.2893404 -0.9009632 0.323338 -0.3095868 -0.945932 0.09679186 -7.33671e-6 -0.9256716 0.3783281 -0.3087342 -0.9433956 0.1211937 0 -0.9999465 0.01034963 -0.9708486 -0.197099 -0.1363998 -0.935366 -0.3536782 -0.001481473 0.9353538 -0.3537106 -0.001481056 0.9708431 -0.1971193 -0.1364099 -0.6037634 0.787252 0.1253169 -0.6277326 0.7719408 0.1002958 0.6277311 0.7719358 0.1003433 0.603803 0.7872214 0.1253181 0.7615887 -0.2853026 0.5818806 -0.8371248 -0.2367966 0.493102 0.9725731 -0.09077012 0.2141549 -5.88942e-6 -0.9016521 0.4324622 -0.6026729 0.6592222 0.4496794 -5.8554e-6 -0.7560797 0.6544798 0.04873555 -0.9441306 0.3259484 -0.6257498 0.7531929 0.2028244 -0.6851131 0.6302607 0.365228 -0.6534901 0.7367845 0.1734914 0.6599276 0.7201905 0.2140589 0.6281273 0.7583255 0.1743518 -7.61611e-6 -0.7630382 -0.6463536 -4.51755e-6 -0.961728 0.2740058 -1.1508e-5 -0.9617221 0.2740271 0.6221816 0.5713741 0.5351838 0.6193383 0.08140546 0.7808927 -0.7106204 0.1619378 0.684686 0.6695812 -0.1151906 0.7337521 0.6530261 -0.1256359 0.7468418 0.6152393 0.662068 0.4279562 0.6334897 0.5819357 0.5099428 0.6947574 -0.2658981 0.6682892 0.8242325 -0.1490189 0.5462913 -0.7576435 -0.2157218 0.6159874 -0.7447223 -0.1313878 0.6543134 -1.37066e-5 -0.9616134 -0.2744078 -8.41391e-6 -0.9616123 -0.2744118 0.986833 -0.1079801 -0.1204203 0.9782165 -0.1996218 -0.05695343 0.8347834 0.3739473 0.4041041 0.8377967 0.3644793 0.4065116 -0.9606111 -0.2434554 0.134 0.9606099 -0.2434606 0.1339991 -0.488088 0.4465922 0.7498837 -0.8494405 0.4155446 0.3252289 -0.7179189 -0.1255684 0.6847079 -0.7219851 -0.1293272 0.6797147 0.710617 0.1619399 0.6846891 -0.9928925 -0.1144437 -0.03266942 -0.9687281 -0.1656364 -0.1847448 -0.8328741 0.3694799 0.4120745 -0.8395647 0.3689844 0.398725 -0.9733373 -0.09497177 0.2087938 0.3318823 -0.0107997 -0.943259 0.1527758 0.2200624 -0.9634481 -0.2430279 0.2857828 0.9269659 0.7760061 0.5954487 0.2079795 -0.3216747 0.2306063 0.9183388 -0.1449142 -0.01142901 0.9893782 0.2288449 -0.04262357 -0.9725293 0.177674 -0.01732844 -0.9839369 0.7493561 0.630833 0.2012841 0.7573608 0.6233648 0.1944761 -0.3096951 -0.01768255 0.9506716 -0.3048734 -0.02012079 0.9521804 0.1760978 -0.008634328 -0.9843348 0.2351975 -0.02843898 -0.9715315 0.2378594 0.9700297 0.04965221 0.228908 0.9715838 0.06021815 -0.3188669 -0.01092875 0.9477365 -0.245673 -0.03571623 0.9686946 0.1825792 -4.02969e-7 -0.9831913 0.1830708 -0.01657485 -0.9829601 0.9670894 0 0.2544373 0.9670903 -2.29997e-7 0.2544333 -0.3102926 -0.0209099 0.9504112 -0.3109914 0 0.9504128 -0.1544924 0.3036219 -0.940184 0.1202352 0.001361668 -0.9927445 0.7670866 -0.6089758 0.2018088 0.7670555 -0.610738 0.1965328 -0.3666899 2.94924e-4 0.9303432 -0.5567641 0.2600353 0.7889205 0.3331223 -0.04937726 -0.9415899 0.9635477 0.09840899 0.2487803 -0.1595605 -0.04916691 0.985963 0.2261714 0.02688246 -0.9737165 0.3280755 -0.008143305 -0.9446164 -0.2597745 0.001829504 0.9656677 -0.2650378 0.06933224 0.9617422 0.1270694 -0.02077943 -0.9916762 0.2282683 0.00170511 -0.9735968 -0.3111776 -0.01778936 0.9501854 -0.366096 0.01896655 0.9303839 0.2261867 -0.003022372 -0.9740794 0.2273348 -0.002216041 -0.9738142 -0.3126524 -0.01021128 0.9498128 -0.3090183 -0.01268941 0.9509715 0.2271336 -0.004381418 -0.9738538 0.228803 -0.002752304 -0.9734688 -0.3078564 -0.02021557 0.9512181 -0.3133401 -0.01833045 0.9494641 0.2162419 0.02774888 -0.9759454 0.1754772 -0.02321219 -0.9842099 -0.40441 -0.01081442 0.9145139 -0.306002 -0.02476608 0.9517088 0.2862629 -0.1318206 -0.94904 0.2603111 0.03021627 -0.965052 -0.110096 0.03947246 0.993137 -0.3100455 -0.1052405 0.9448789 0.9698793 0.03399789 0.2412019 0.969879 0.03399854 0.2412028 -0.3955122 0.002841651 -0.9184564 -0.3955106 0.002842187 -0.918457 -0.8210955 -0.0445348 0.569051 -0.8210884 -0.04454296 0.5690606 0.9703885 0.01232331 0.2412351 0.9703881 0.01232349 0.2412367 -0.3954867 8.10537e-4 -0.9184715 -0.3945968 0.001046717 -0.9188538 -0.8218843 -0.01614898 0.5694257 -0.8283073 -0.01271879 0.5601298 0.9704722 0.001326262 0.2412092 0.9704732 0.001326024 0.241205 -0.3953803 1.14738e-4 -0.9185176 -0.3954932 1.10811e-4 -0.918469 -0.8229097 -0.001737952 0.5681695 -0.8220311 -0.001795411 0.5694398 0.01124328 -0.9999356 -0.00151968 -0.01125133 0.9999356 0.001522362 -8.15201e-4 0.9933847 0.1148316 1.07191e-4 0.9935373 0.1135064 0.445679 -0.8597771 -0.2493064 9.9742e-5 -0.9956678 0.09298235 -0.4458377 -0.8580439 -0.2549304 -3.33953e-6 -0.9956861 0.09278583 0.9876251 -1.38066e-6 0.1568332 0.9899523 -0.008744597 0.1411311 -0.9920248 -0.008556306 0.1257529 -0.9899893 -1.33157e-6 0.1411422 -0.2971812 0.9466071 -0.1249736 0.3170225 0.9411708 -0.1170238 -0.1286078 0.8715482 0.4731424 -0.3924537 -0.4656449 0.7931929 -0.2846469 -0.07672083 0.9555575 0.157828 0.5675749 -0.8080527 0.7038648 0 0.7103341 0.07682359 0.6302757 0.7725611 -0.9769638 0 -0.2134055 -0.9689366 -0.003229856 -0.2472881 -0.886343 0.4588581 0.06201034 0.97842 -0.003848493 -0.2065906 0.8943762 0.4377582 0.09197318 3.13593e-4 0.9050989 0.4252012 -0.001085996 0.90603 0.423212 0.00318104 0.9994358 0.03343755 3.04566e-5 0.9993197 0.03688234 -0.1759761 -0.8878765 0.4250975 -0.2621368 -0.9618352 0.07847017 -6.67242e-5 -0.9974174 -0.07182353 -0.1026687 -0.8072624 0.5811942 -0.09198451 -0.8315728 0.5477457 -0.2312805 -0.6817868 -0.6940289 0.01880735 -0.2193823 -0.9754577 -0.3022798 0.6723353 -0.6757161 -0.05102914 -0.1455164 0.9880391 0.1541911 0.6445571 0.7488466 -0.2862445 0.5446437 -0.7883068 -0.0872783 0.4956706 0.8641141 0.09733188 -0.8068709 0.5826541 0.08261108 -0.8415936 0.5337563 0.2312134 -0.6018791 -0.7643834 0.02255743 -0.1713078 -0.9849593 0.3140577 0.6873034 -0.654967 0.04820466 -0.1422368 0.9886582 0.4178502 -0.4672538 0.7791503 0.3053125 -0.07641136 0.9491816 0.1244673 0.8740608 0.4696018 0.2516841 -0.963978 0.08603298 0.1754515 -0.8949 0.4103302 -0.3523076 0.6291185 0.6928848 0.1024305 0 0.9947402 0.3747005 0.6230643 0.6865788 -0.096843 0 0.9952997 -0.1006239 0.5566498 -0.8246307 -0.02417623 -0.1037363 -0.994311 -0.2229965 -0.7310891 -0.6448111 0.1521807 -0.7467209 -0.6474944 -0.09408009 -0.1009575 -0.9904325 0.1392203 -0.5894933 0.7956855 0.177909 -0.8083513 0.5611742 -0.9469788 0 0.3212963 -0.3724293 0.8218466 0.4311203 -0.1964873 0.5724085 0.7960786 0.2748804 0.5910566 0.758349 0.3542667 0.8342968 0.4224263 -0.01174259 -0.8015952 0.5977519 -0.1718105 -0.592321 0.7871703 -0.00929439 0.4941264 -0.8693405 -0.1449776 0.8186422 0.5557036 -0.07977533 0.9062923 0.4150545 0.1712323 0.7272254 0.6646975 -0.378323 0.4975974 0.7805566 -0.171427 0.7428575 0.6471288 0.1058445 0.8386946 0.5342175 0.05814349 0.907258 0.4165362 -0.001413583 3.19444e-4 -0.999999</float_array>
          <technique_common>
            <accessor source="#battersea_00-mesh-normals-array" count="451" stride="3">
              <param name="X" type="float"/>
              <param name="Y" type="float"/>
              <param name="Z" type="float"/>
            </accessor>
          </technique_common>
        </source>
        <source id="battersea_00-mesh-map-0">
          <float_array id="battersea_00-mesh-map-0-array" count="2712">0.104694 0.355421 0.08604598 0.329996 0.08962696 0.329998 0.104694 0.355421 0.08962696 0.329998 0.113572 0.309321 0.08604598 0.329996 0.104694 0.355421 0.104694 0.355421 0.104694 0.355421 0.115209 0.310548 0.08604598 0.329996 0.249598 0.331961 0.233124 0.355133 0.246006 0.331961 0.233124 0.355133 0.223945 0.308922 0.246006 0.331961 0.233124 0.355133 0.233124 0.355133 0.249598 0.331961 0.249598 0.331961 0.222169 0.311628 0.233124 0.355133 0.2253299 0.312825 0.233133 0.32371 0.166508 0.359911 0.166508 0.359911 0.182556 0.308895 0.202453 0.305772 0.226805 0.312672 0.166508 0.359911 0.202453 0.305772 0.112934 0.312825 0.166508 0.359911 0.105131 0.32371 0.166508 0.359911 0.135679 0.305772 0.155576 0.308895 0.111459 0.312672 0.135679 0.305772 0.166508 0.359911 0.2253299 0.312825 0.166508 0.359911 0.2015939 0.306064 0.226805 0.312672 0.235179 0.32517 0.166508 0.359911 0.112934 0.312825 0.166508 0.359911 0.136538 0.306064 0.111459 0.312672 0.166508 0.359911 0.103084 0.32517 0.1853179 0.358979 0.166508 0.359911 0.235179 0.32517 0.1853179 0.358979 0.235179 0.32517 0.231247 0.342183 0.241375 0.306166 0.246869 0.269849 0.168573 0.279657 0.241215 0.353347 0.168413 0.326838 0.169066 0.372347 0.191676 0.370568 0.1853179 0.358979 0.231247 0.342183 0.191676 0.370568 0.231247 0.342183 0.2347069 0.355527 0.241215 0.353347 0.169066 0.372347 0.19523 0.372688 0.241215 0.353347 0.19523 0.372688 0.235914 0.357037 0.19523 0.372688 0.191676 0.370568 0.2347069 0.355527 0.19523 0.372688 0.2347069 0.355527 0.235914 0.357037 0.1712419 0.199125 0.169188 0.253203 0.247485 0.243395 0.1712419 0.199125 0.247485 0.243395 0.244068 0.204078 0.226805 0.312672 0.2253299 0.312825 0.233133 0.32371 0.226805 0.312672 0.233133 0.32371 0.235179 0.32517 0.235179 0.32517 0.233133 0.32371 0.22926 0.340449 0.235179 0.32517 0.22926 0.340449 0.231247 0.342183 0.202453 0.305772 0.183833 0.308344 0.182556 0.308895 0.202453 0.305772 0.2015939 0.306064 0.183833 0.308344 0.231247 0.342183 0.22926 0.340449 0.232508 0.352103 0.231247 0.342183 0.232508 0.352103 0.2347069 0.355527 0.246709 0.31703 0.241215 0.353347 0.238789 0.350401 0.247485 0.243395 0.239564 0.276766 0.245115 0.24158 0.241215 0.353347 0.235914 0.357037 0.233641 0.353373 0.241215 0.353347 0.233641 0.353373 0.238789 0.350401 0.226805 0.312672 0.202453 0.305772 0.2015939 0.306064 0.226805 0.312672 0.2015939 0.306064 0.2253299 0.312825 0.247485 0.243395 0.245115 0.24158 0.2422839 0.205453 0.247485 0.243395 0.2422839 0.205453 0.244068 0.204078 0.2347069 0.355527 0.232508 0.352103 0.233641 0.353373 0.2347069 0.355527 0.233641 0.353373 0.235914 0.357037 0.09386497 0.204078 0.09498196 0.105599 0.095649 0.205453 0.09386497 0.204078 0.09318 0.105599 0.09498196 0.105599 0.152814 0.358979 0.103084 0.32517 0.166508 0.359911 0.152814 0.358979 0.107088 0.342183 0.103084 0.32517 0.09685695 0.306166 0.168573 0.279657 0.09013396 0.269849 0.09669697 0.353347 0.169066 0.372347 0.168413 0.326838 0.146456 0.370568 0.107088 0.342183 0.152814 0.358979 0.146456 0.370568 0.103628 0.355527 0.107088 0.342183 0.09669697 0.353347 0.142902 0.372688 0.169066 0.372347 0.09669697 0.353347 0.102421 0.357037 0.142902 0.372688 0.142902 0.372688 0.103628 0.355527 0.146456 0.370568 0.142902 0.372688 0.102421 0.357037 0.103628 0.355527 0.169188 0.253203 0.09386497 0.204078 0.09074896 0.243395 0.169188 0.253203 0.1712419 0.199125 0.09386497 0.204078 0.111459 0.312672 0.105131 0.32371 0.112934 0.312825 0.111459 0.312672 0.103084 0.32517 0.105131 0.32371 0.103084 0.32517 0.109075 0.340449 0.105131 0.32371 0.103084 0.32517 0.107088 0.342183 0.109075 0.340449 0.135679 0.305772 0.155576 0.308895 0.154299 0.308344 0.135679 0.305772 0.154299 0.308344 0.136538 0.306064 0.107088 0.342183 0.105828 0.352103 0.109075 0.340449 0.107088 0.342183 0.103628 0.355527 0.105828 0.352103 0.08997398 0.31703 0.099123 0.350401 0.09669697 0.353347 0.09074896 0.243395 0.09311795 0.24158 0.09989899 0.276766 0.09669697 0.353347 0.104694 0.353373 0.102421 0.357037 0.09669697 0.353347 0.099123 0.350401 0.104694 0.353373 0.111459 0.312672 0.135679 0.305772 0.136538 0.306064 0.111459 0.312672 0.136538 0.306064 0.112934 0.312825 0.09074896 0.243395 0.095649 0.205453 0.09311795 0.24158 0.09074896 0.243395 0.09386497 0.204078 0.095649 0.205453 0.103628 0.355527 0.104694 0.353373 0.105828 0.352103 0.103628 0.355527 0.102421 0.357037 0.104694 0.353373 0.1712419 0.199125 0.09318 0.105599 0.09386497 0.204078 0.1712419 0.199125 0.170279 0.099936 0.09318 0.105599 0.244939 0.105598 0.245975 0.001929998 0.163706 0.003515958 0.244939 0.105598 0.163706 0.003515958 0.170279 0.099936 0.09498196 0.105599 0.163706 0.002184987 0.170279 0.09870499 0.09498196 0.105599 0.09429997 0.003429949 0.163706 0.002184987 0.1712419 0.197904 0.09498196 0.105599 0.170279 0.09870499 0.1712419 0.197904 0.095649 0.205453 0.09498196 0.105599 0.1712419 0.197904 0.170279 0.09870499 0.243136 0.1069869 0.1712419 0.197904 0.243136 0.1069869 0.2422839 0.205453 0.1712419 0.199125 0.244068 0.204078 0.244939 0.105598 0.1712419 0.199125 0.244939 0.105598 0.170279 0.099936 0.244068 0.204078 0.2422839 0.205453 0.243136 0.1069869 0.244068 0.204078 0.243136 0.1069869 0.244939 0.105598 0.09318 0.105599 0.163706 0.003515958 0.09247696 0.001929998 0.09318 0.105599 0.170279 0.099936 0.163706 0.003515958 0.09318 0.105599 0.09429997 0.003429949 0.09498196 0.105599 0.09318 0.105599 0.09247696 0.001929998 0.09429997 0.003429949 0.244939 0.105598 0.243136 0.1069869 0.244152 0.003429949 0.244939 0.105598 0.244152 0.003429949 0.245975 0.001929998 0.243136 0.1069869 0.170279 0.09870499 0.163706 0.002184987 0.243136 0.1069869 0.163706 0.002184987 0.244152 0.003429949 0.1709 0.368351 0.1709139 0.371554 0.102153 0.347555 0.1709 0.368351 0.235855 0.347341 0.1709139 0.371554 0.140228 0.354152 0.102153 0.347555 0.1709139 0.371554 0.199877 0.353831 0.140228 0.354152 0.1709139 0.371554 0.199877 0.353831 0.1709139 0.371554 0.235855 0.347341 0.102153 0.347555 0.102153 0.347555 0.140228 0.354152 0.05373299 0.09921395 0.03771495 0.09453797 0.03764599 0.09920597 0.07985597 0.134892 0.05373299 0.09921395 0.03764599 0.09920597 0.07985597 0.134892 0.03764599 0.09920597 0.03720098 0.130253 0.07985198 0.135157 0.03720796 0.130629 0.03740197 0.116708 0.05406999 0.09897696 0.08016395 0.136696 0.03716897 0.131554 0.05406999 0.09897696 0.03716897 0.131554 0.03762799 0.09902 0.05406999 0.09897696 0.03769695 0.09401696 0.03736394 0.117244 0.05406999 0.09897696 0.03736394 0.117244 0.08016097 0.136979 0.03740197 0.116708 0.03771495 0.09453797 0.05373299 0.09921395 0.03740197 0.116708 0.05373299 0.09921395 0.07985198 0.135157 0.07985597 0.134892 0.08043497 0.03827399 0.05373299 0.09921395 0.08022499 0.05311095 0.05373299 0.09921395 0.08043497 0.03827399 0.05373299 0.09921395 0.08022499 0.05311095 0.07985198 0.135157 0.08067995 0.04974699 0.08089399 0.03458696 0.05406999 0.09897696 0.08016395 0.136696 0.05406999 0.09897696 0.08089399 0.03458696 0.08016097 0.136979 0.08067995 0.04974699 0.05406999 0.09897696 0.08016395 0.136696 0.08089399 0.03458696 0.08067995 0.04974699 0.08067995 0.04974699 0.08016097 0.136979 0.08016395 0.136696 0.07985597 0.134892 0.07985198 0.135157 0.08022499 0.05311095 0.08022499 0.05311095 0.08043497 0.03827399 0.07985597 0.134892 0.07985597 0.134892 0.03720098 0.130253 0.03569698 0.135168 0.07985597 0.134892 0.03569698 0.135168 0.07985198 0.135157 0.03762799 0.09902 0.03769695 0.09401696 0.05406999 0.09897696 0.03736394 0.117244 0.03715097 0.131947 0.08016097 0.136979 0.03569698 0.135168 0.03720796 0.130629 0.07985198 0.135157 0.03715097 0.131947 0.03550797 0.136931 0.08016097 0.136979 0.03550797 0.136931 0.03716897 0.131554 0.08016395 0.136696 0.03550797 0.136931 0.08016395 0.136696 0.08016097 0.136979 0.03835099 0.03126996 0.065315 0.03835797 0.07451695 0.269517 0.065315 0.03835797 0.03820496 0.02911597 0.07438796 0.267782 0.06652796 0.03773796 0.03849297 0.03080296 0.07559698 0.269448 0.03834599 0.02865296 0.06652796 0.03773796 0.07994896 0.268743 0.018489 0.245808 0.01306796 0.010755 0.04458397 0.009902 0.01023 0.01370698 0.01084697 0.03766798 0.03820496 0.02911597 0.03835099 0.03126996 0.01084697 0.03766798 0.01023 0.01370698 0.01396697 0.271792 0.07438796 0.267782 0.03820496 0.02911597 0.03820496 0.02911597 0.01084697 0.03766798 0.01396697 0.271792 0.03835099 0.03126996 0.07451695 0.269517 0.01396697 0.271792 0.01084697 0.03766798 0.03835099 0.03126996 0.01396697 0.271792 0.017313 0.245276 0.01208996 0.01080495 0.02904999 0.01070696 0.017313 0.245276 0.02904999 0.01070696 0.04833298 0.261673 0.04848796 0.263955 0.07269799 0.01038098 0.04490494 0.009894967 0.04848796 0.263955 0.04490494 0.009894967 0.017313 0.245276 0.009525954 0.03727895 0.009121954 0.01320499 0.03834599 0.02865296 0.009525954 0.03727895 0.03849297 0.03080296 0.009121954 0.01320499 0.07994896 0.268743 0.01265799 0.271847 0.03834599 0.02865296 0.009525954 0.03727895 0.03834599 0.02865296 0.01265799 0.271847 0.07559698 0.269448 0.03849297 0.03080296 0.01265799 0.271847 0.03849297 0.03080296 0.009525954 0.03727895 0.01265799 0.271847 0.04833298 0.261673 0.07235598 0.01038795 0.07712298 0.01152497 0.04833298 0.261673 0.07712298 0.01152497 0.07824701 0.271315 0.04833698 0.264449 0.07145595 0.01043099 0.07540899 0.01146399 0.04833698 0.264449 0.07540899 0.01146399 0.07695996 0.271974 0.07824701 0.271315 0.07712298 0.01152497 0.07269799 0.01038098 0.07824701 0.271315 0.07269799 0.01038098 0.04848796 0.263955 0.04490494 0.009894967 0.01208996 0.01080495 0.017313 0.245276 0.07994896 0.268743 0.06652796 0.03773796 0.07559698 0.269448 0.07451695 0.269517 0.065315 0.03835797 0.07438796 0.267782 0.02965897 0.01067495 0.01306796 0.010755 0.018489 0.245808 0.02965897 0.01067495 0.018489 0.245808 0.04818397 0.262163 0.02904999 0.01070696 0.07235598 0.01038795 0.04833298 0.261673 0.07113599 0.01045894 0.02965897 0.01067495 0.04818397 0.262163 0.04458397 0.009902 0.07145595 0.01043099 0.04833698 0.264449 0.04458397 0.009902 0.04833698 0.264449 0.018489 0.245808 0.07540899 0.01146399 0.07113599 0.01045894 0.04818397 0.262163 0.07540899 0.01146399 0.04818397 0.262163 0.07695996 0.271974 0.871416 0.09003597 0.874581 0.007607996 0.793866 0.01846599 0.648549 0.787885 0.68297 0.7904 0.661832 0.751806 0.673012 0.788789 0.669436 0.752605 0.677738 0.752232 0.661832 0.751806 0.677738 0.752232 0.669436 0.752605 0.677738 0.752232 0.68297 0.7904 0.673012 0.788789 0.793866 0.01846599 0.795105 0.09198397 0.871416 0.09003597 0.655425 0.754686 0.669436 0.752605 0.673012 0.788789 0.68297 0.7904 0.677738 0.752232 0.661832 0.751806 0.661832 0.751806 0.669436 0.752605 0.655425 0.754686 0.871415 0.08336198 0.793873 0.011792 0.874575 9.35e-4 0.722138 0.786692 0.708858 0.750613 0.687721 0.789207 0.697678 0.787596 0.692951 0.75104 0.701253 0.751258 0.708858 0.750613 0.701253 0.751258 0.692951 0.75104 0.692951 0.75104 0.697678 0.787596 0.687721 0.789207 0.793873 0.011792 0.871415 0.08336198 0.795111 0.085312 0.715265 0.753492 0.697678 0.787596 0.701253 0.751258 0.687721 0.789207 0.708858 0.750613 0.692951 0.75104 0.708858 0.750613 0.715265 0.753492 0.701253 0.751258 0.722138 0.786692 0.687721 0.789207 0.681563 0.810739 0.722138 0.786692 0.681563 0.810739 0.714577 0.808224 0.687721 0.789207 0.697678 0.787596 0.688257 0.809128 0.687721 0.789207 0.688257 0.809128 0.681563 0.810739 0.673012 0.788789 0.68297 0.7904 0.688994 0.811931 0.673012 0.788789 0.688994 0.811931 0.682367 0.81032 0.795111 0.085312 0.871415 0.08336198 0.86706 0.1297799 0.795111 0.085312 0.86706 0.1297799 0.790756 0.131729 0.871416 0.09003597 0.795105 0.09198397 0.79075 0.138401 0.871416 0.09003597 0.79075 0.138401 0.867062 0.136453 0.68297 0.7904 0.648549 0.787885 0.656309 0.809417 0.68297 0.7904 0.656309 0.809417 0.688994 0.811931 0.236173 0.434964 0.172769 0.489043 0.1612499 0.434951 0.236173 0.434964 0.2228879 0.489046 0.172769 0.489043 0.261221 0.489051 0.236173 0.434964 0.271956 0.435141 0.2228879 0.489046 0.236173 0.434964 0.261221 0.489051 0.172769 0.489043 0.125878 0.435131 0.1612499 0.434951 0.125878 0.435131 0.172769 0.489043 0.134533 0.48904 0.180364 0.481597 0.230224 0.431111 0.167791 0.431101 0.230224 0.431111 0.180364 0.481597 0.218769 0.481863 0.488796 0.493311 0.420324 0.440204 0.483113 0.440392 0.420324 0.440204 0.488796 0.493311 0.420965 0.493311 0.420964 0.493299 0.483112 0.440381 0.420324 0.440193 0.483112 0.440381 0.420964 0.493299 0.488796 0.493299 0.134533 0.48904 0.167791 0.431101 0.125957 0.435305 0.167791 0.431101 0.134533 0.48904 0.180364 0.481597 0.218769 0.481863 0.272036 0.435315 0.230224 0.431111 0.272036 0.435315 0.218769 0.481863 0.261221 0.489051 0.236173 0.434964 0.1612499 0.434951 0.1598449 0.377198 0.236173 0.434964 0.1598449 0.377198 0.2404969 0.376665 0.230224 0.431111 0.272036 0.435315 0.274533 0.379105 0.230224 0.431111 0.274533 0.379105 0.239929 0.376297 0.125957 0.435305 0.167791 0.431101 0.162324 0.375738 0.125957 0.435305 0.162324 0.375738 0.123849 0.379093 0.1612499 0.434951 0.125878 0.435131 0.123767 0.378893 0.1612499 0.434951 0.123767 0.378893 0.1598449 0.377198 0.271956 0.435141 0.236173 0.434964 0.2404969 0.376665 0.271956 0.435141 0.2404969 0.376665 0.274451 0.378905 0.483113 0.440392 0.420324 0.440204 0.427809 0.374588 0.483113 0.440392 0.427809 0.374588 0.466911 0.374805 0.420324 0.440193 0.483112 0.440381 0.46691 0.374793 0.420324 0.440193 0.46691 0.374793 0.427809 0.374576 0.167791 0.431101 0.230224 0.431111 0.239929 0.376297 0.167791 0.431101 0.239929 0.376297 0.162324 0.375738 0.646868 0.121902 0.56844 0.05608195 0.67895 0.05545598 0.183327 0.942613 0.08171397 0.974871 0.07912898 0.87105 0.07912898 0.87105 0.181559 0.871171 0.183327 0.942613 0.08171397 0.974871 0.004122972 0.999495 0.001035988 0.87477 0.001035988 0.87477 0.07912898 0.87105 0.08171397 0.974871 -0.002047955 0.750173 0.07655996 0.769051 0.07912898 0.87105 0.07912898 0.87105 0.001035988 0.87477 -0.002047955 0.750173 0.07912898 0.87105 0.07655996 0.769051 0.179908 0.804484 0.179908 0.804484 0.181559 0.871171 0.07912898 0.87105 0.651425 0.292106 0.647445 0.1472589 0.522454 0.296203 0.517213 0.147068 0.522454 0.296203 0.647445 0.1472589 0.517198 0.147347 0.647215 0.147267 0.522445 0.295731 0.65141 0.292303 0.522445 0.295731 0.647215 0.147267 0.520167 0.150508 0.518047 0.295234 0.650149 0.294605 0.648877 0.151401 0.520167 0.150508 0.650149 0.294605 0.520142 0.150789 0.648844 0.151732 0.650162 0.294349 0.650162 0.294349 0.518071 0.294774 0.520142 0.150789 0.71721 0.09048497 0.611419 0.093625 0.726874 0.00286895 0.725725 0.003288984 0.6116 0.09558999 0.717379 0.091668 0.726874 0.00286895 0.611419 0.093625 0.609301 -2.97e-4 0.537587 -6.2e-5 0.712162 -1.95e-4 0.67895 0.05545598 0.648211 0.115558 0.622104 0.06785798 0.68956 0.06338798 0.646868 0.121902 0.6028 0.121902 0.56844 0.05608195 0.67895 0.05545598 0.56844 0.05608195 0.537587 -6.2e-5 0.622478 0.005098998 0.71302 -0.002370953 0.68956 0.06338798 0.648211 0.115558 0.623567 0.115701 0.622104 0.06785798 0.68956 0.06338798 0.622104 0.06785798 0.622478 0.005098998 0.622104 0.06785798 0.556445 0.06521499 0.534526 -0.002503991 0.534526 -0.002503991 0.622478 0.005098998 0.622104 0.06785798 0.613777 0.106379 0.613777 0.106379 0.6414 0.05952596 0.607683 0.119949 0.651751 0.119949 0.638143 0.133513 0.607683 0.119949 0.638143 0.133513 0.61898 0.133513 0.604781 0.116535 0.629426 0.1166779 0.630367 0.137448 0.611014 0.05914396 0.613316 9.72e-4 0.611014 0.05914396 0.628905 0.006446957 0.610684 0.06028795 0.641099 0.06057596 0.613777 0.106379 0.611014 0.05914396 0.611014 0.05914396 0.613777 0.106379 0.611014 0.05914396 0.613777 0.106379 0.556445 0.06521499 0.622104 0.06785798 0.623567 0.115701 0.623567 0.115701 0.598922 0.115559 0.556445 0.06521499 0.71721 0.09048497 0.726874 0.00286895 0.804267 -0.001139998 0.804267 -0.001139998 0.805995 0.09020298 0.71721 0.09048497 0.725725 0.003288984 0.717379 0.091668 0.806037 0.091838 0.806037 0.091838 0.804199 -1.14e-4 0.725725 0.003288984 0.613777 0.106379 0.613777 0.106379 0.613777 0.106379 0.613777 0.106379 0.613777 0.106379 0.613777 0.106379 0.613777 0.106379 0.611014 0.05914396 0.611014 0.05914396 0.613777 0.106379 0.611014 0.05914396 0.613777 0.106379 0.611014 0.05914396 0.613316 9.72e-4 0.613316 9.72e-4 0.611014 0.05914396 0.613316 9.72e-4 0.611014 0.05914396 0.610684 0.06028795 0.613555 0.107538 0.641099 0.06057596 0.613777 0.106379 0.611014 0.05914396 0.6414 0.05952596 0.629426 0.1166779 0.65407 0.116535 0.641083 0.130103 0.629426 0.1166779 0.641083 0.130103 0.630367 0.137448 0.610684 0.06028795 0.613555 0.107538 0.613555 0.107538 0.610684 0.06028795 0.613555 0.107538 0.610684 0.06028795 0.611014 0.05914396 0.613316 9.72e-4 0.6414 0.05952596 0.610684 0.06028795 0.613555 0.107538 0.613555 0.107538 0.610684 0.06028795 0.613555 0.107538 0.610684 0.06028795 0.628905 0.006446957 0.610684 0.06028795 0.610684 0.06028795 0.628905 0.006446957 0.610684 0.06028795 0.628905 0.006446957 0.609202 0.001727998 0.6116 0.09558999 0.725725 0.003288984 0.751965 0.155313 0.754882 0.161843 0.752317 0.156293 0.752317 0.156293 0.751813 0.153933 0.751965 0.155313 0.752317 0.156293 0.752364 0.156293 0.751856 0.153954 0.751856 0.153954 0.751813 0.153933 0.752317 0.156293 0.751966 0.155314 0.751856 0.153954 0.752364 0.156293 0.752364 0.156293 0.754882 0.161843 0.751966 0.155314 0.751813 0.153933 0.735457 0.15191 0.741965 0.1700029 0.741965 0.1700029 0.751965 0.155313 0.751813 0.153933 0.751813 0.153933 0.751856 0.153954 0.735515 0.151864 0.735515 0.151864 0.735457 0.15191 0.751813 0.153933 0.751856 0.153954 0.751966 0.155314 0.741965 0.1700029 0.741965 0.1700029 0.735515 0.151864 0.751856 0.153954 0.741334 0.183064 0.741965 0.1700029 0.735457 0.15191 0.735457 0.15191 0.664086 0.149502 0.741334 0.183064 0.735457 0.15191 0.735515 0.151864 0.66415 0.149498 0.66415 0.149498 0.664086 0.149502 0.735457 0.15191 0.735515 0.151864 0.741965 0.1700029 0.741334 0.183064 0.741334 0.183064 0.66415 0.149498 0.735515 0.151864 0.741334 0.183064 0.664086 0.149502 0.666718 0.192471 0.666718 0.192471 0.752002 0.1884019 0.741334 0.183064 0.664086 0.149502 0.66415 0.149498 0.666782 0.192467 0.666782 0.192467 0.666718 0.192471 0.664086 0.149502 0.741334 0.183064 0.752005 0.188391 0.666782 0.192467 0.666782 0.192467 0.66415 0.149498 0.741334 0.183064 0.752002 0.1884019 0.666718 0.192471 0.73616 0.188609 0.73616 0.188609 0.752303 0.186842 0.752002 0.1884019 0.666718 0.192471 0.666782 0.192467 0.736191 0.188614 0.736191 0.188614 0.73616 0.188609 0.666718 0.192471 0.752005 0.188391 0.752303 0.186842 0.736191 0.188614 0.736191 0.188614 0.666782 0.192467 0.752005 0.188391 0.752303 0.186842 0.73616 0.188609 0.751572 0.187317 0.73616 0.188609 0.736191 0.188614 0.751572 0.187317 0.736191 0.188614 0.752303 0.186842 0.751572 0.187317 0.307027 0.746605 0.329743 0.72614 0.390299 0.74317 0.390299 0.74317 0.355589 0.734298 0.307027 0.746605 0.355583 0.734284 0.390299 0.74317 0.329743 0.72614 0.329743 0.72614 0.307025 0.746603 0.355583 0.734284 0.329743 0.72614 0.307027 0.746605 0.26675 0.742841 0.26675 0.742841 0.280018 0.722846 0.329743 0.72614 0.280018 0.722846 0.266749 0.742841 0.307025 0.746603 0.307025 0.746603 0.329743 0.72614 0.280018 0.722846 0.280018 0.722846 0.26675 0.742841 0.2403939 0.741457 0.2403939 0.741457 0.24516 0.723268 0.280018 0.722846 0.24516 0.723268 0.240392 0.741457 0.266749 0.742841 0.266749 0.742841 0.280018 0.722846 0.24516 0.723268 0.24516 0.723268 0.2403939 0.741457 0.2145259 0.744128 0.2145259 0.744128 0.210143 0.725851 0.24516 0.723268 0.210143 0.725851 0.21455 0.744125 0.240392 0.741457 0.240392 0.741457 0.24516 0.723268 0.210143 0.725851 0.210143 0.725851 0.2145259 0.744128 0.186223 0.746993 0.186223 0.746993 0.1679829 0.726078 0.210143 0.725851 0.1679829 0.726078 0.186218 0.746997 0.21455 0.744125 0.21455 0.744125 0.210143 0.725851 0.1679829 0.726078 0.1679829 0.726078 0.186223 0.746993 0.13164 0.733263 0.13164 0.733263 0.100125 0.749932 0.1679829 0.726078 0.100125 0.749932 0.13164 0.733263 0.186218 0.746997 0.186218 0.746997 0.1679829 0.726078 0.100125 0.749932 0.337945 0.33984 0.337986 0.339721 0.337331 0.31501 0.337331 0.31501 0.33729 0.315128 0.337945 0.33984 0.337986 0.339721 0.320712 0.339828 0.320057 0.315116 0.320057 0.315116 0.337331 0.31501 0.337986 0.339721 0.320712 0.339828 0.337945 0.33984 0.33729 0.315128 0.33729 0.315128 0.320057 0.315116 0.320712 0.339828 0.901743 0.125675 0.901784 0.125557 0.901424 0.05051499 0.901424 0.05051499 0.901384 0.05063295 0.901743 0.125675 0.901784 0.125557 0.88451 0.125663 0.884304 0.03023898 0.884304 0.03023898 0.901424 0.05051499 0.901784 0.125557 0.88451 0.125663 0.901743 0.125675 0.901384 0.05063295 0.901384 0.05063295 0.884304 0.03023898 0.88451 0.125663 0.33693 0.240086 0.336971 0.239968 0.337864 0.02957499 0.337864 0.02957499 0.337823 0.02969294 0.33693 0.240086 0.336971 0.239968 0.319851 0.219692 0.32059 0.02968096 0.32059 0.02968096 0.337864 0.02957499 0.336971 0.239968 0.319851 0.219692 0.33693 0.240086 0.337823 0.02969294 0.337823 0.02969294 0.32059 0.02968096 0.319851 0.219692 0.320712 0.339828 0.337986 0.339721 0.337945 0.33984 0.337823 0.02969294 0.337864 0.02957499 0.32059 0.02968096 0.09760797 0.441695 0.148901 0.441402 0.04064095 0.517229 0.213436 0.517542 0.04064095 0.517229 0.148901 0.441402 0.41556 0.441856 0.474423 0.441029 0.471598 0.516303 0.471598 0.516303 0.301915 0.517938 0.41556 0.441856 0.283625 0.441336 0.341875 0.441979 0.301915 0.517938 0.41556 0.441856 0.301915 0.517938 0.341875 0.441979 0.285311 0.443157 0.213114 0.448469 0.303008 0.517473 0.303008 0.517473 0.213114 0.448469 0.214102 0.516514 0.211543 0.51503 0.210514 0.447118 0.302299 0.517061 0.302299 0.517061 0.210514 0.447118 0.282712 0.441821 0.148901 0.441402 0.211946 0.447616 0.213436 0.517542 0.04064095 0.517229 0.03820097 0.44746 0.09760797 0.441695 0.015365 0.700323 0.07992595 0.711329 0.04329997 0.656467 0.49102 0.65664 0.402124 0.725511 0.49059 0.745386 0.401331 0.726079 0.400232 0.754004 0.492234 0.745526 0.437646 0.005012989 0.473632 0.03862398 0.42049 0.240075 0.477373 0.03867495 0.444976 0.008504986 0.47737 0.03867495 0.47737 0.03867495 0.444976 0.008504986 0.42049 0.240075 0.47737 0.03867495 0.513095 0.03589099 0.477373 0.03867495 0.418403 0.522414 0.500075 0.523882 0.500498 0.666687 0.439226 0.66355 0.418403 0.522414 0.500498 0.666687 0.305645 0.512585 0.208768 0.52154 0.307755 0.658947 0.307755 0.658947 0.208768 0.52154 0.199914 0.657474 0.07992595 0.711329 0.168358 0.710854 0.201864 0.657816 0.201864 0.657816 0.04329997 0.656467 0.07992595 0.711329 0.034702 0.526774 0.04329997 0.656467 0.201864 0.657816 0.034702 0.526774 0.201864 0.657816 0.214085 0.526532 0.49102 0.65664 0.403404 0.654981 0.402124 0.725511 0.486917 0.521398 0.403404 0.654981 0.49102 0.65664 0.309323 0.519226 0.403404 0.654981 0.486917 0.521398 0.854449 0.775984 0.847399 0.757987 0.642441 0.770152 0.642441 0.770152 0.847399 0.757987 0.642558 0.753136 0.642558 0.753136 0.847399 0.757987 0.85501 0.777923 0.920997 0.942349 0.954864 0.878987 0.998028 0.943714 0.85501 0.777923 0.849911 0.808276 0.643194 0.810805 0.643015 0.790057 0.854449 0.775984 0.642441 0.770152 0.853393 0.798476 0.643006 0.790101 0.857978 0.774511 0.437508 0.00525999 0.408918 0.03799998 0.473895 0.04153996 0.47808 0.04572796 0.408918 0.03799998 0.444739 0.01232397 0.857978 0.774511 0.642432 0.770135 0.852011 0.756055 0.642432 0.770135 0.642868 0.752367 0.852011 0.756055 0.642868 0.752367 0.856474 0.777328 0.852011 0.756055 0.919983 0.941905 0.997609 0.944916 0.95488 0.880988 0.856474 0.777328 0.642286 0.810517 0.850198 0.80829 0.643006 0.790101 0.642432 0.770135 0.857978 0.774511 0.312761 0.655148 0.31106 0.746571 0.402124 0.725511 0.401331 0.726079 0.311154 0.746863 0.400232 0.754004 0.2213799 0.704823 0.201864 0.657816 0.168358 0.710854 0.309323 0.519226 0.312761 0.655148 0.403404 0.654981 0.403404 0.654981 0.312761 0.655148 0.402124 0.725511 0.07528901 0.71083 5.3e-5 0.755669 0.128443 0.756682 0.171551 0.712221 0.08085 0.711707 0.126533 0.754245 0.254462 0.746709 0.2213799 0.704823 0.168358 0.710854 0.171551 0.712221 0.126533 0.754245 0.25459 0.746532 0.01609498 0.700358 0.001518964 0.75725 0.074364 0.710452 0.408918 0.03799998 0.416018 0.359993 0.473895 0.04153996 0.473895 0.04153996 0.416018 0.359993 0.508919 0.368436 0.473895 0.04153996 0.508919 0.368436 0.514032 0.04511398 0.473632 0.03862398 0.513095 0.03589099 0.509242 0.363327 0.473632 0.03862398 0.509242 0.363327 0.416332 0.354884 0.514032 0.04511398 0.508919 0.368436 0.450401 0.366298 0.514032 0.04511398 0.450401 0.366298 0.47808 0.04572796 0.477373 0.03867495 0.47737 0.03867495 0.42049 0.240075 0.42049 0.240075 0.416332 0.354884 0.450717 0.361187 0.42049 0.240075 0.450717 0.361187 0.477373 0.03867495 0.408918 0.03799998 0.47808 0.04572796 0.450401 0.366298 0.408918 0.03799998 0.450401 0.366298 0.416018 0.359993 0.509242 0.363327 0.513095 0.03589099 0.477373 0.03867495 0.509242 0.363327 0.477373 0.03867495 0.450717 0.361187 0.42049 0.240075 0.473632 0.03862398 0.416332 0.354884 0.849911 0.808276 0.84979 0.799986 0.643015 0.790057 0.849911 0.808276 0.643015 0.790057 0.643194 0.810805 0.42049 0.240075 0.444976 0.008504986 0.437646 0.005012989 0.444739 0.01232397 0.408918 0.03799998 0.437508 0.00525999 0.643015 0.790057 0.84979 0.799986 0.854449 0.775984 0.643006 0.790101 0.853393 0.798476 0.850198 0.80829 0.643006 0.790101 0.850198 0.80829 0.642286 0.810517 0.686913 0.01528698 0.656113 0.01528698 0.676913 0.01528698</float_array>
          <technique_common>
            <accessor source="#battersea_00-mesh-map-0-array" count="1356" stride="2">
              <param name="S" type="float"/>
              <param name="T" type="float"/>
            </accessor>
          </technique_common>
        </source>
        <vertices id="battersea_00-mesh-vertices">
          <input semantic="POSITION" source="#battersea_00-mesh-positions"/>
        </vertices>
        <triangles material="dvor_002-material" count="452">
          <input semantic="VERTEX" source="#battersea_00-mesh-vertices" offset="0"/>
          <input semantic="NORMAL" source="#battersea_00-mesh-normals" offset="1"/>
          <input semantic="TEXCOORD" source="#battersea_00-mesh-map-0" offset="2" set="0"/>
          <p>0 0 0 10 0 1 11 0 2 0 1 3 11 1 4 1 1 5 10 2 6 0 2 7 2 2 8 2 3 9 3 3 10 10 3 11 8 4 12 4 4 13 9 4 14 4 5 15 5 5 16 9 5 17 6 6 18 4 6 19 8 6 20 8 7 21 7 7 22 6 7 23 12 8 24 13 8 25 14 8 26 15 9 27 19 9 28 20 9 29 21 10 30 15 10 31 20 10 32 22 11 33 16 11 34 23 11 35 17 12 36 24 12 37 25 12 38 26 13 39 24 13 40 17 13 41 12 14 42 14 14 43 27 14 44 21 15 45 28 15 46 15 15 47 29 16 48 18 16 49 30 16 50 26 17 51 17 17 52 31 17 53 32 18 54 15 18 55 28 18 56 32 19 57 28 19 58 33 19 59 34 20 60 117 20 61 119 20 62 35 21 63 120 21 64 37 21 65 39 22 66 32 22 67 33 22 68 39 23 69 33 23 70 40 23 71 36 24 72 38 24 73 41 24 74 36 25 75 41 25 76 43 25 77 42 26 78 39 26 79 40 26 80 42 27 81 40 27 82 44 27 83 137 28 84 121 28 85 118 28 86 137 29 87 118 29 88 139 29 89 45 30 90 46 30 91 47 30 92 45 31 93 47 31 94 48 31 95 49 32 96 50 32 97 51 32 98 49 33 99 51 33 100 53 33 101 55 34 102 56 34 103 57 34 104 55 35 105 58 35 106 56 35 107 54 36 108 52 36 109 59 36 110 54 37 111 59 37 112 60 37 113 122 38 114 61 38 115 63 38 116 123 39 117 64 39 118 125 39 119 62 40 120 66 40 121 67 40 122 62 41 123 67 41 124 65 41 125 45 42 126 55 42 127 58 42 128 45 43 129 58 43 130 46 43 131 124 44 132 126 44 133 141 44 134 124 45 135 141 45 136 143 45 137 60 46 138 59 46 139 67 46 140 60 47 141 67 47 142 66 47 143 145 48 144 147 48 145 149 48 146 145 49 147 151 49 148 147 49 149 68 50 150 31 50 151 17 50 152 68 51 153 69 51 154 31 51 155 70 52 156 127 52 157 130 52 158 71 53 159 73 53 160 128 53 161 75 54 162 69 54 163 68 54 164 75 55 165 76 55 166 69 55 167 72 56 168 77 56 169 74 56 170 72 57 171 79 57 172 77 57 173 78 58 174 76 58 175 75 58 176 78 59 177 80 59 178 76 59 179 129 60 180 153 60 181 131 60 182 129 61 183 155 61 184 153 61 185 81 62 186 82 62 187 83 62 188 81 63 189 84 63 190 82 63 191 85 64 192 87 64 193 23 64 194 86 65 195 89 65 196 88 65 197 90 66 198 91 66 199 92 66 200 90 67 201 92 67 202 93 67 203 89 68 204 94 68 205 88 68 206 89 69 207 95 69 208 94 69 209 132 70 210 96 70 211 99 70 212 133 71 213 135 71 214 97 71 215 100 72 216 101 72 217 102 72 218 100 73 219 98 73 220 101 73 221 81 74 222 90 74 223 93 74 224 81 75 225 93 75 226 83 75 227 134 76 228 150 76 229 136 76 230 134 77 231 146 77 232 150 77 233 95 78 234 101 78 235 94 78 236 95 79 237 102 79 238 101 79 239 156 80 240 151 80 241 154 80 242 156 81 243 157 81 244 151 81 245 159 82 246 171 82 247 172 82 248 159 83 249 172 83 250 161 83 251 148 84 252 173 84 253 163 84 254 148 85 255 174 85 256 173 85 257 165 86 258 147 86 259 164 86 260 165 87 261 149 87 262 147 87 263 166 88 264 167 88 265 169 88 266 166 89 267 169 89 268 142 89 269 138 90 270 140 90 271 160 90 272 138 91 273 160 91 274 162 91 275 144 92 276 142 92 277 169 92 278 144 93 279 169 93 280 160 93 281 152 94 282 178 94 283 179 94 284 152 95 285 158 95 286 178 95 287 152 96 288 174 96 289 148 96 290 152 97 291 177 97 292 174 97 293 159 98 294 170 98 295 176 98 296 159 99 297 176 99 298 175 99 299 170 100 300 168 100 301 180 100 302 170 101 303 180 101 304 176 101 305 103 102 306 104 102 307 105 102 308 103 103 309 106 103 310 104 103 311 107 104 312 108 104 313 109 104 314 110 105 315 111 105 316 112 105 317 110 106 318 112 106 319 113 106 320 114 107 321 115 107 322 116 107 323 192 108 324 193 108 325 194 108 326 195 109 327 192 109 328 194 109 329 195 110 330 194 110 331 196 110 332 197 111 333 198 111 334 199 111 335 242 112 336 243 112 337 244 112 338 242 113 339 244 113 340 245 113 341 246 114 342 247 114 343 248 114 344 246 115 345 248 115 346 249 115 347 199 116 348 200 116 349 201 116 350 199 117 351 201 117 352 197 117 353 195 118 354 202 118 355 192 118 356 203 119 357 204 119 358 205 119 359 201 120 360 206 120 361 197 120 362 250 121 363 251 121 364 252 121 365 243 122 366 242 122 367 253 122 368 249 123 369 254 123 370 246 123 371 243 124 372 253 124 373 255 124 374 255 125 375 256 125 376 243 125 377 195 126 378 207 126 379 208 126 380 208 127 381 202 127 382 195 127 383 195 128 384 196 128 385 209 128 386 195 129 387 209 129 388 207 129 389 245 130 390 257 130 391 242 130 392 248 131 393 258 131 394 249 131 395 210 132 396 198 132 397 197 132 398 258 133 399 259 133 400 249 133 401 260 134 402 244 134 403 243 134 404 260 135 405 243 135 406 256 135 407 181 136 408 211 136 409 182 136 410 212 137 411 183 137 412 184 137 413 261 138 414 231 138 415 232 138 416 233 139 417 262 139 418 234 139 419 213 140 420 215 140 421 216 140 422 217 141 423 219 141 424 185 141 425 187 142 426 220 142 427 214 142 428 189 143 429 184 143 430 183 143 431 183 144 432 221 144 433 189 144 434 181 145 435 182 145 436 190 145 437 222 146 438 181 146 439 190 146 440 263 147 441 265 147 442 266 147 443 263 148 444 266 148 445 235 148 446 237 149 447 267 149 448 268 149 449 237 150 450 268 150 451 269 150 452 271 151 453 264 151 454 236 151 455 272 152 456 238 152 457 270 152 458 234 153 459 239 153 460 233 153 461 273 154 462 233 154 463 239 154 464 232 155 465 231 155 466 240 155 467 231 156 468 274 156 469 240 156 470 235 157 471 275 157 472 276 157 473 235 158 474 276 158 475 277 158 476 188 159 477 223 159 478 224 159 479 188 160 480 224 160 481 225 160 482 278 161 483 279 161 484 267 161 485 278 162 486 267 162 487 237 162 488 268 163 489 280 163 490 269 163 491 234 164 492 262 164 493 241 164 494 191 165 495 212 165 496 184 165 497 226 166 498 227 166 499 218 166 500 226 167 501 218 167 502 186 167 503 266 168 504 275 168 505 235 168 506 228 169 507 226 169 508 186 169 509 216 170 510 223 170 511 188 170 512 216 171 513 188 171 514 213 171 515 229 172 516 228 172 517 186 172 518 229 173 519 186 173 520 230 173 521 297 174 522 299 174 523 301 174 524 298 175 525 303 175 526 300 175 527 304 176 528 306 176 529 307 176 530 300 177 531 307 177 532 306 177 533 307 178 534 303 178 535 304 178 536 301 179 537 305 179 538 297 179 539 302 180 540 306 180 541 304 180 542 303 181 543 307 181 544 300 181 545 300 182 546 306 182 547 302 182 548 281 183 549 283 183 550 285 183 551 282 184 552 286 184 553 287 184 554 288 185 555 290 185 556 291 185 557 286 186 558 291 186 559 290 186 560 290 187 561 288 187 562 287 187 563 283 188 564 281 188 565 289 188 566 284 189 567 288 189 568 291 189 569 287 190 570 286 190 571 290 190 572 286 191 573 284 191 574 291 191 575 282 192 576 287 192 577 292 192 578 282 193 579 292 193 580 293 193 581 287 194 582 288 194 583 295 194 584 287 195 585 295 195 586 292 195 587 304 196 588 303 196 589 308 196 590 304 197 591 308 197 592 309 197 593 289 198 594 281 198 595 294 198 596 289 199 597 294 199 598 296 199 599 297 200 600 305 200 601 310 200 602 297 201 603 310 201 604 311 201 605 303 202 606 298 202 607 312 202 608 303 203 609 312 203 610 308 203 611 315 204 612 326 204 613 327 204 614 315 205 615 313 205 616 326 205 617 314 206 618 315 206 619 317 206 620 313 207 621 315 207 622 314 207 623 326 208 624 329 208 625 327 208 626 329 209 627 326 209 628 325 209 629 331 210 630 322 210 631 334 210 632 322 211 633 331 211 634 319 211 635 320 212 636 318 212 637 323 212 638 318 213 639 320 213 640 316 213 641 328 214 642 335 214 643 330 214 644 335 215 645 328 215 646 332 215 647 333 216 648 334 216 649 336 216 650 334 217 651 333 217 652 331 217 653 319 218 654 324 218 655 322 218 656 324 219 657 319 219 658 321 219 659 315 220 660 327 220 661 343 220 662 315 221 663 343 221 664 337 221 665 322 222 666 324 222 667 342 222 668 322 223 669 342 223 670 340 223 671 336 224 672 334 224 673 346 224 674 336 225 675 346 225 676 348 225 677 327 226 678 329 226 679 344 226 680 327 227 681 344 227 682 343 227 683 317 228 684 315 228 685 337 228 686 317 229 687 337 229 688 338 229 689 323 230 690 318 230 691 339 230 692 323 231 693 339 231 694 341 231 695 330 232 696 335 232 697 347 232 698 330 233 699 347 233 700 345 233 701 334 234 702 322 234 703 340 234 704 334 235 705 340 235 706 346 235 707 386 236 708 399 236 709 397 236 710 360 237 711 354 237 712 356 237 713 356 238 714 357 238 715 360 238 716 354 239 717 352 239 718 355 239 719 355 240 720 356 240 721 354 240 722 358 241 723 349 241 724 356 241 725 356 242 726 355 242 727 358 242 728 356 243 729 349 243 730 350 243 731 350 244 732 357 244 733 356 244 734 359 245 735 362 245 736 351 245 737 364 246 738 351 246 739 362 246 740 368 247 741 366 247 742 361 247 743 353 248 744 361 248 745 366 248 746 372 249 747 365 249 748 363 249 749 370 250 750 372 250 751 363 250 752 373 251 753 371 251 754 367 251 755 367 252 756 369 252 757 373 252 758 398 253 759 409 253 760 395 253 761 401 254 762 405 254 763 400 254 764 395 255 765 409 255 766 407 255 767 406 256 768 410 256 769 397 256 770 378 257 771 394 257 772 402 257 773 386 258 774 374 258 775 399 258 776 397 259 777 399 259 778 406 259 779 411 260 780 403 260 781 402 260 782 378 261 783 390 261 784 394 261 785 402 262 786 394 262 787 411 262 788 394 263 789 396 263 790 408 263 791 408 264 792 411 264 793 394 264 794 425 265 795 412 265 796 392 265 797 375 266 798 387 266 799 413 266 800 375 267 801 413 267 802 416 267 803 382 268 804 391 268 805 421 268 806 383 269 807 422 269 808 415 269 809 428 270 810 427 270 811 393 270 812 388 271 813 383 271 814 415 271 815 388 272 816 415 272 817 414 272 818 396 273 819 394 273 820 390 273 821 390 274 822 384 274 823 396 274 824 398 275 825 395 275 826 385 275 827 385 276 828 389 276 829 398 276 830 401 277 831 400 277 832 376 277 833 376 278 834 379 278 835 401 278 836 417 279 837 414 279 838 412 279 839 417 280 840 412 280 841 425 280 842 414 281 843 415 281 844 424 281 845 414 282 846 424 282 847 412 282 848 415 283 849 422 283 850 429 283 851 415 284 852 429 284 853 424 284 854 427 285 855 426 285 856 393 285 857 412 286 858 424 286 859 392 286 860 391 287 861 380 287 862 419 287 863 391 288 864 419 288 865 421 288 866 381 289 867 377 289 868 418 289 869 381 290 870 418 290 871 420 290 872 424 291 873 429 291 874 392 291 875 420 292 876 418 292 877 426 292 878 420 293 879 426 293 880 427 293 881 423 294 882 420 294 883 427 294 884 423 295 885 427 295 886 428 295 887 404 296 888 405 296 889 401 296 890 451 297 891 449 297 892 431 297 893 431 298 894 434 298 895 451 298 896 474 299 897 432 299 898 435 299 899 435 300 900 475 300 901 474 300 902 452 301 903 477 301 904 476 301 905 476 302 906 450 302 907 452 302 908 434 303 909 437 303 910 453 303 911 453 304 912 451 304 913 434 304 914 479 305 915 478 305 916 438 305 917 438 306 918 480 306 919 479 306 920 477 307 921 452 307 922 454 307 923 454 308 924 481 308 925 477 308 926 455 309 927 483 309 928 482 309 929 482 310 930 440 310 931 455 310 932 485 311 933 484 311 934 441 311 935 441 312 936 486 312 937 485 312 938 488 313 939 487 313 940 456 313 941 456 314 942 489 314 943 488 314 944 455 315 945 440 315 946 443 315 947 443 316 948 457 316 949 455 316 950 491 317 951 490 317 952 444 317 953 444 318 954 492 318 955 491 318 956 456 319 957 458 319 958 493 319 959 493 320 960 489 320 961 456 320 962 457 321 963 443 321 964 446 321 965 446 322 966 459 322 967 457 322 968 495 323 969 494 323 970 447 323 971 447 324 972 496 324 973 495 324 974 458 325 975 460 325 976 497 325 977 497 326 978 493 326 979 458 326 980 459 327 981 446 327 982 461 327 983 500 328 984 499 328 985 498 328 986 497 329 987 460 329 988 461 329 989 501 330 990 433 330 991 430 330 992 430 331 993 502 331 994 501 331 995 503 332 996 430 332 997 433 332 998 433 333 999 504 333 1000 503 333 1001 433 334 1002 501 334 1003 505 334 1004 505 335 1005 436 335 1006 433 335 1007 436 336 1008 506 336 1009 504 336 1010 504 337 1011 433 337 1012 436 337 1013 436 338 1014 505 338 1015 507 338 1016 507 339 1017 439 339 1018 436 339 1019 439 340 1020 508 340 1021 506 340 1022 506 341 1023 436 341 1024 439 341 1025 439 342 1026 507 342 1027 509 342 1028 509 343 1029 442 343 1030 439 343 1031 442 344 1032 510 344 1033 508 344 1034 508 345 1035 439 345 1036 442 345 1037 442 346 1038 509 346 1039 511 346 1040 511 347 1041 445 347 1042 442 347 1043 445 348 1044 512 348 1045 510 348 1046 510 349 1047 442 349 1048 445 349 1049 445 350 1050 511 350 1051 513 350 1052 513 351 1053 448 351 1054 445 351 1055 448 352 1056 514 352 1057 512 352 1058 512 353 1059 445 353 1060 448 353 1061 462 354 1062 463 354 1063 466 354 1064 466 355 1065 465 355 1066 462 355 1067 463 356 1068 464 356 1069 467 356 1070 467 357 1071 466 357 1072 463 357 1073 464 358 1074 462 358 1075 465 358 1076 465 359 1077 467 359 1078 464 359 1079 516 360 1080 515 360 1081 469 360 1082 469 361 1083 468 361 1084 516 361 1085 515 362 1086 517 362 1087 470 362 1088 470 363 1089 469 363 1090 515 363 1091 517 364 1092 516 364 1093 468 364 1094 468 365 1095 470 365 1096 517 365 1097 519 366 1098 518 366 1099 472 366 1100 472 367 1101 471 367 1102 519 367 1103 518 368 1104 520 368 1105 473 368 1106 473 369 1107 472 369 1108 518 369 1109 520 370 1110 519 370 1111 471 370 1112 471 371 1113 473 371 1114 520 371 1115 464 372 1116 463 372 1117 462 372 1118 471 373 1119 472 373 1120 473 373 1121 540 374 1122 546 374 1123 521 374 1124 522 375 1125 521 375 1126 546 375 1127 537 376 1128 538 376 1129 523 376 1130 523 377 1131 524 377 1132 537 377 1133 543 378 1134 544 378 1135 524 378 1136 537 379 1137 524 379 1138 544 379 1139 539 380 1140 541 380 1141 525 380 1142 525 381 1143 541 381 1144 526 381 1145 527 382 1146 547 382 1147 528 382 1148 528 383 1149 547 383 1150 545 383 1151 546 384 1152 548 384 1153 522 384 1154 521 385 1155 542 385 1156 540 385 1157 549 386 1158 550 386 1159 551 386 1160 552 387 1161 553 387 1162 554 387 1163 555 388 1164 556 388 1165 557 388 1166 615 389 1167 605 389 1168 616 389 1169 606 390 1170 617 390 1171 607 390 1172 607 391 1173 618 391 1174 616 391 1175 608 392 1176 619 392 1177 609 392 1178 529 393 1179 530 393 1180 562 393 1181 563 394 1182 529 394 1183 562 394 1184 531 395 1185 532 395 1186 564 395 1187 564 396 1188 532 396 1189 565 396 1190 550 397 1191 566 397 1192 567 397 1193 567 398 1194 551 398 1195 550 398 1196 533 399 1197 551 399 1198 567 399 1199 533 400 1200 567 400 1201 534 400 1202 552 401 1203 568 401 1204 553 401 1205 535 402 1206 568 402 1207 552 402 1208 536 403 1209 568 403 1210 535 403 1211 612 404 1212 620 404 1213 611 404 1214 611 405 1215 620 405 1216 558 405 1217 558 406 1218 620 406 1219 613 406 1220 559 407 1221 614 407 1222 560 407 1223 613 408 1224 621 408 1225 561 408 1226 610 409 1227 612 409 1228 611 409 1229 588 410 1230 589 410 1231 590 410 1232 599 411 1233 600 411 1234 591 411 1235 592 412 1236 600 412 1237 593 412 1238 590 413 1239 594 413 1240 595 413 1241 594 414 1242 569 414 1243 595 414 1244 569 415 1245 596 415 1246 595 415 1247 570 416 1248 571 416 1249 597 416 1250 596 417 1251 572 417 1252 601 417 1253 589 418 1254 594 418 1255 590 418 1256 573 419 1257 574 419 1258 553 419 1259 555 420 1260 575 420 1261 556 420 1262 576 421 1263 567 421 1264 566 421 1265 536 422 1266 573 422 1267 568 422 1268 568 423 1269 573 423 1270 553 423 1271 577 424 1272 578 424 1273 579 424 1274 580 105 1275 581 105 1276 582 105 1277 583 425 1278 576 425 1279 566 425 1280 580 426 1281 582 426 1282 584 426 1283 585 427 1284 586 427 1285 587 427 1286 600 428 1287 602 428 1288 591 428 1289 591 429 1290 602 429 1291 603 429 1292 591 430 1293 603 430 1294 598 430 1295 605 431 1296 622 431 1297 623 431 1298 605 432 1299 623 432 1300 624 432 1301 598 433 1302 603 433 1303 604 433 1304 598 434 1305 604 434 1306 592 434 1307 606 435 1308 607 435 1309 616 435 1310 616 436 1311 624 436 1312 625 436 1313 616 437 1314 625 437 1315 606 437 1316 600 438 1317 592 438 1318 604 438 1319 600 439 1320 604 439 1321 602 439 1322 623 440 1323 622 440 1324 606 440 1325 623 441 1326 606 441 1327 625 441 1328 616 442 1329 605 442 1330 624 442 1331 621 443 1332 626 443 1333 610 443 1334 621 444 1335 610 444 1336 561 444 1337 616 445 1338 618 445 1339 615 445 1340 593 446 1341 600 446 1342 599 446 1343 610 447 1344 626 447 1345 612 447 1346 589 448 1347 588 448 1348 601 448 1349 589 449 1350 601 449 1351 572 449 1352 627 450 1353 628 450 1354 629 450 1355</p>
        </triangles>
      </mesh>
    </geometry>
  </library_geometries>
  <library_controllers>
    <controller id="Dorkim_b_hurim_Skin_battersea_00-skin" name="Dorkim b'hurim_Skin">
      <skin source="#battersea_00-mesh">
        <bind_shape_matrix>1 0 0 0 0 1 0 0 0 0 1 0 0 0 0 1</bind_shape_matrix>
        <source id="Dorkim_b_hurim_Skin_battersea_00-skin-joints">
          <Name_array id="Dorkim_b_hurim_Skin_battersea_00-skin-joints-array" count="33">root pelvis femurleft butt-l knee-l-top knee-l-bopttom ankle_left foot_left01 femurright butt-r knee-r-top knee-r-bopttom ankleright foot_right01 lumbar rib scapula ulna carpal ammo_node_1 scapula01 ulna01 smoke_node_1 ammo_node_0 neck skull nogginbottom plumes skulltop smoke_node_0 cloaktop cloak cloakbottom</Name_array>
          <technique_common>
            <accessor source="#Dorkim_b_hurim_Skin_battersea_00-skin-joints-array" count="33" stride="1">
              <param name="JOINT" type="name"/>
            </accessor>
          </technique_common>
        </source>
        <source id="Dorkim_b_hurim_Skin_battersea_00-skin-bind_poses">
          <float_array id="Dorkim_b_hurim_Skin_battersea_00-skin-bind_poses-array" count="528">1 0 0 0 0 -1.19209e-7 1 -2.154822 0 -1 -1.34359e-7 1.88312e-7 0 0 0 1 1 0 0 -2.88205e-4 0 0 1 -1.989969 0 -1 0 0.05965083 0 0 0 1 1 0 0 -0.229566 0 0 1 -1.980152 0 -1 0 0 0 0 0 1 1 0 0 -0.2300335 0 -5.28991e-7 1 -1.881625 0 -1 -5.43892e-7 0.2278664 0 0 0 1 1 0 0 -0.2579528 0 0 1 -1.492427 0 -1 0 -0.357712 0 0 0 1 1 0 0 -0.2616622 0 -1.93715e-7 1 -1.243225 0 -1 -2.10479e-7 0.03760045 0 0 0 1 1 -8.23292e-7 3.22031e-7 -0.2703903 0 -0.3687208 -0.9295402 0.1499912 8.84021e-7 0.9295377 -0.3687207 -0.04846727 0 0 0 1 1 -8.53136e-7 3.90107e-5 -0.2703915 0 -0.9997586 -0.02186501 -0.240151 3.90201e-5 0.02186405 -0.9997609 0.02882039 0 0 0 1 1 0 0 0.2313526 0 0 1 -1.980152 0 -1 0 0 0 0 0 1 1 0 0 0.234615 0 -6.78003e-7 1 -1.884256 0 -1 -6.92904e-7 0.2262768 0 0 0 1 1 0 0 0.1784679 0 -6.78002e-7 1 -1.491813 0 -1 -7.00355e-7 -0.3589498 0 0 0 1 1 0 0 0.2454932 0 0 1 -1.243115 0 -1 0 0.03760033 0 0 0 1 1 -7.66611e-7 3.04765e-7 0.2586692 0 -0.3687213 -0.92954 0.1530215 8.24969e-7 0.9295406 -0.3687213 -0.04726493 0 0 0 1 1 -7.26598e-7 3.32393e-5 0.2586681 0 -0.9997618 -0.02185428 -0.2400807 3.32472e-5 0.02185434 -0.9997613 0.03209614 0 0 0 1 1 0 0 -0.004826366 0 0 1 -2.179734 0 -1 0 0.1130515 0 0 0 1 1 0 0 0.007960081 0 0 1 -2.884792 0 -1 0 -1.77028e-7 0 0 0 1 0.3287915 0 0.9444026 -3.090672 -0.9444026 0 0.3287916 -0.6415156 0 -1 0 0 0 0 0 1 0.3287911 0 0.9444028 -3.214411 -0.9444027 0 0.3287913 -0.0421583 0 -1 0 -2.39031e-7 0 0 0 1 0.3287907 0 0.9444029 -3.317721 -0.9444028 0 0.3287907 0.5332482 0 -1 -1.2666e-7 -0.07377815 0 0 0 1 0.3288202 1.53772e-7 0.9443927 -3.494412 -0.001814305 -0.9999982 6.31859e-4 5.71394e-4 0.9443909 -0.001921236 -0.3288192 -0.2977951 0 0 0 1 0.2398373 0 -0.9708132 3.146637 0.970813 0 0.2398372 -0.3125729 0 -1 0 -5.0195e-7 0 0 0 1 0.2398375 -1.22536e-7 -0.9708131 3.258639 0.970813 -1.31407e-7 0.2398375 0.2867831 -1.5696e-7 -1 0 -7.22901e-7 0 0 0 1 0.2399062 1.19199e-6 -0.9707961 3.37036 -0.006507635 -0.9999776 -0.001609385 -0.05514603 -0.9707744 0.006703853 -0.2399006 -0.9997466 0 0 0 1 0.2397919 1.34114e-6 -0.9708243 3.367625 0.9708244 -3.51885e-7 0.2397921 1.055559 2.23517e-7 -1 -1.37091e-6 -1.617806 0 0 0 1 1 0 0 0.02165722 0 0 1 -3.354292 0 -1 -1.19331e-7 1.59571e-7 0 0 0 1 1 0 0 0.02895486 0 0 1 -3.806294 0 -1 0 0 0 0 0 1 1 3.10625e-7 0 0.02715581 0 0.04181367 0.9991254 -3.880912 3.1088e-7 -0.9991255 0.04181367 -0.4448732 0 0 0 1 1 5.46526e-7 0 0.03132408 0 0.02110123 0.9997774 -3.983411 5.46668e-7 -0.9997773 0.02110117 -0.2703227 0 0 0 1 1 0 0 0.03312313 0 0 1 -4.176583 0 -1 0 0 0 0 0 1 1 -2.02237e-4 -1.10455e-6 0.0150969 -2.02237e-4 -1 0 -0.2430235 -1.10462e-6 0 -1 3.446479 0 0 0 1 1 0 0 -0.001975238 0 -0.919189 0.3938167 -1.092308 0 -0.3938167 -0.919189 3.052598 0 0 0 1 1 0 0 -0.006513416 0 -0.9191896 0.3938155 -0.2332227 0 -0.3938153 -0.9191896 3.288297 0 0 0 1 1 0 0 0.02082622 0 -0.9191889 0.393817 0.5979912 0 -0.3938169 -0.9191888 3.406006 0 0 0 1</float_array>
          <technique_common>
            <accessor source="#Dorkim_b_hurim_Skin_battersea_00-skin-bind_poses-array" count="33" stride="16">
              <param name="TRANSFORM" type="float4x4"/>
            </accessor>
          </technique_common>
        </source>
        <source id="Dorkim_b_hurim_Skin_battersea_00-skin-weights">
          <float_array id="Dorkim_b_hurim_Skin_battersea_00-skin-weights-array" count="630">1 1 1 1 1 1 1 1 1 1 1 1 1 1 1 1 1 1 1 1 1 1 1 1 1 1 1 1 1 1 1 1 1 1 1 1 1 1 1 1 1 1 1 1 1 1 1 1 1 1 1 1 1 1 1 1 1 1 1 1 1 1 1 1 1 1 1 1 1 1 1 1 1 1 1 1 1 1 1 1 1 1 1 1 1 1 1 1 1 1 1 1 1 1 1 1 1 1 1 1 1 1 1 1 1 1 1 1 1 1 1 1 1 1 1 1 1 1 1 1 1 1 1 1 1 1 1 1 1 1 1 1 1 1 1 1 1 1 1 1 1 1 1 1 1 1 1 1 1 1 1 1 1 1 1 1 1 1 1 1 1 1 1 1 1 1 1 1 1 1 1 1 1 1 1 1 1 1 1 1 1 1 1 1 1 1 1 1 1 1 1 1 1 1 1 1 1 1 1 1 1 1 1 1 1 1 1 1 1 1 1 1 1 1 1 1 1 1 1 1 1 1 1 1 1 1 1 1 1 1 1 1 1 1 1 1 1 1 1 1 1 1 1 1 1 1 1 1 1 1 1 1 1 1 1 1 1 1 1 1 1 1 1 1 1 1 1 1 1 1 1 1 1 1 1 1 1 1 1 1 1 1 1 1 1 1 1 1 1 1 1 1 1 1 1 1 1 1 1 1 1 1 1 1 1 1 1 1 1 1 1 1 1 1 1 1 1 1 1 1 1 1 1 1 1 1 1 1 1 1 1 1 1 1 1 1 1 1 1 1 1 1 1 1 1 1 1 1 1 1 1 1 1 1 1 1 1 1 1 1 1 1 1 1 1 1 1 1 1 1 1 1 1 1 1 1 1 1 1 1 1 1 1 1 1 1 1 1 1 1 1 1 1 1 1 1 1 1 1 1 1 1 1 1 1 1 1 1 1 1 1 1 1 1 1 1 1 1 1 1 1 1 1 1 1 1 1 1 1 1 1 1 1 1 1 1 1 1 1 1 1 1 1 1 1 1 1 1 1 1 1 1 1 1 1 1 1 1 1 1 1 1 1 1 1 1 1 1 1 1 1 1 1 1 1 1 1 1 1 1 1 1 1 1 1 1 1 1 1 1 1 1 1 1 1 1 1 1 1 1 1 1 1 1 1 1 1 1 1 1 1 1 1 1 1 1 1 1 1 1 1 1 1 1 1 1 1 1 1 1 1 1 1 1 1 1 1 1 1 1 1 1 1 1 1 1 1 1 1 1 1 1 1 1 1 1 1 1 1 1 1 1 1 1 1 1 1 1 1 1 1 1 1 1 1 1 1 1 1 1 1 1 1 1 1 1 1 1 1 1 1 1 1 1 1 1 1 1 1 1 1 1 1 1 1 1 1 1 1 1 1 1 1 1 1 1 1 1 1 1 1 1 1 1 1 1 1 1 1 1</float_array>
          <technique_common>
            <accessor source="#Dorkim_b_hurim_Skin_battersea_00-skin-weights-array" count="630" stride="1">
              <param name="WEIGHT" type="float"/>
            </accessor>
          </technique_common>
        </source>
        <joints>
          <input semantic="JOINT" source="#Dorkim_b_hurim_Skin_battersea_00-skin-joints"/>
          <input semantic="INV_BIND_MATRIX" source="#Dorkim_b_hurim_Skin_battersea_00-skin-bind_poses"/>
        </joints>
        <vertex_weights count="630">
          <input semantic="JOINT" source="#Dorkim_b_hurim_Skin_battersea_00-skin-joints" offset="0"/>
          <input semantic="WEIGHT" source="#Dorkim_b_hurim_Skin_battersea_00-skin-weights" offset="1"/>
          <vcount>1 1 1 1 1 1 1 1 1 1 1 1 1 1 1 1 1 1 1 1 1 1 1 1 1 1 1 1 1 1 1 1 1 1 1 1 1 1 1 1 1 1 1 1 1 1 1 1 1 1 1 1 1 1 1 1 1 1 1 1 1 1 1 1 1 1 1 1 1 1 1 1 1 1 1 1 1 1 1 1 1 1 1 1 1 1 1 1 1 1 1 1 1 1 1 1 1 1 1 1 1 1 1 1 1 1 1 1 1 1 1 1 1 1 1 1 1 1 1 1 1 1 1 1 1 1 1 1 1 1 1 1 1 1 1 1 1 1 1 1 1 1 1 1 1 1 1 1 1 1 1 1 1 1 1 1 1 1 1 1 1 1 1 1 1 1 1 1 1 1 1 1 1 1 1 1 1 1 1 1 1 1 1 1 1 1 1 1 1 1 1 1 1 1 1 1 1 1 1 1 1 1 1 1 1 1 1 1 1 1 1 1 1 1 1 1 1 1 1 1 1 1 1 1 1 1 1 1 1 1 1 1 1 1 1 1 1 1 1 1 1 1 1 1 1 1 1 1 1 1 1 1 1 1 1 1 1 1 1 1 1 1 1 1 1 1 1 1 1 1 1 1 1 1 1 1 1 1 1 1 1 1 1 1 1 1 1 1 1 1 1 1 1 1 1 1 1 1 1 1 1 1 1 1 1 1 1 1 1 1 1 1 1 1 1 1 1 1 1 1 1 1 1 1 1 1 1 1 1 1 1 1 1 1 1 1 1 1 1 1 1 1 1 1 1 1 1 1 1 1 1 1 1 1 1 1 1 1 1 1 1 1 1 1 1 1 1 1 1 1 1 1 1 1 1 1 1 1 1 1 1 1 1 1 1 1 1 1 1 1 1 1 1 1 1 1 1 1 1 1 1 1 1 1 1 1 1 1 1 1 1 1 1 1 1 1 1 1 1 1 1 1 1 1 1 1 1 1 1 1 1 1 1 1 1 1 1 1 1 1 1 1 1 1 1 1 1 1 1 1 1 1 1 1 1 1 1 1 1 1 1 1 1 1 1 1 1 1 1 1 1 1 1 1 1 1 1 1 1 1 1 1 1 1 1 1 1 1 1 1 1 1 1 1 1 1 1 1 1 1 1 1 1 1 1 1 1 1 1 1 1 1 1 1 1 1 1 1 1 1 1 1 1 1 1 1 1 1 1 1 1 1 1 1 1 1 1 1 1 1 1 1 1 1 1 1 1 1 1 1 1 1 1 1 1 1 1 1 1 1 1 1 1 1 1 1 1 1 1 1 1 1 1 1 1 1 1 1 1 1 1 1 1 1 1 1 1 1 1 1 1 1 1 1 1 1 1 1 1 1 1 1 1 1 1 1 1 1 1 1 1 1 1 1 1 1 1 1 1 1 1 1 1 1 1 1 1 1 1 1 </vcount>
          <v>15 0 20 1 15 2 15 3 15 4 16 5 15 6 15 7 16 8 16 9 20 10 20 11 15 12 15 13 15 14 15 15 15 16 15 17 15 18 15 19 15 20 15 21 15 22 15 23 15 24 15 25 15 26 15 27 15 28 15 29 15 30 15 31 15 32 15 33 15 34 15 35 15 36 15 37 15 38 15 39 15 40 15 41 15 42 15 43 15 44 15 45 15 46 15 47 15 48 15 49 15 50 15 51 15 52 15 53 15 54 15 55 15 56 15 57 15 58 15 59 15 60 15 61 15 62 15 63 15 64 15 65 15 66 15 67 15 68 15 69 15 70 15 71 15 72 15 73 15 74 15 75 15 76 15 77 15 78 15 79 15 80 15 81 15 82 15 83 15 84 15 85 15 86 15 87 15 88 15 89 15 90 15 91 15 92 15 93 15 94 15 95 15 96 15 97 15 98 15 99 15 100 15 101 15 102 15 103 15 104 15 105 15 106 15 107 15 108 15 109 15 110 15 111 15 112 15 113 15 114 15 115 15 116 30 117 30 118 30 119 30 120 30 121 30 122 30 123 30 124 30 125 30 126 30 127 30 128 30 129 30 130 30 131 30 132 30 133 30 134 30 135 30 136 30 137 30 138 30 139 30 140 30 141 30 142 30 143 30 144 30 145 30 146 31 147 31 148 30 149 30 150 31 151 31 152 30 153 30 154 30 155 30 156 31 157 31 158 31 159 31 160 31 161 31 162 31 163 31 164 30 165 30 166 31 167 31 168 31 169 31 170 31 171 31 172 31 173 31 174 31 175 31 176 31 177 31 178 31 179 31 180 2 181 2 182 2 183 2 184 2 185 2 186 2 187 2 188 2 189 2 190 2 191 5 192 5 193 5 194 5 195 5 196 5 197 5 198 5 199 5 200 5 201 5 202 5 203 5 204 5 205 5 206 5 207 5 208 5 209 5 210 5 211 5 212 5 213 5 214 5 215 5 216 5 217 5 218 5 219 5 220 5 221 5 222 5 223 5 224 5 225 5 226 5 227 5 228 5 229 5 230 8 231 8 232 8 233 8 234 8 235 8 236 8 237 8 238 8 239 8 240 8 241 11 242 11 243 11 244 11 245 11 246 11 247 11 248 11 249 11 250 11 251 11 252 11 253 11 254 11 255 11 256 11 257 11 258 11 259 11 260 11 261 11 262 11 263 11 264 11 265 11 266 11 267 11 268 11 269 11 270 11 271 11 272 11 273 11 274 11 275 11 276 11 277 11 278 11 279 11 280 17 281 17 282 17 283 17 284 17 285 17 286 17 287 17 288 17 289 17 290 17 291 17 292 17 293 17 294 17 295 17 296 21 297 21 298 21 299 21 300 21 301 21 302 21 303 21 304 21 305 21 306 21 307 21 308 21 309 21 310 21 311 21 312 2 313 2 314 4 315 2 316 4 317 4 318 3 319 3 320 3 321 3 322 3 323 3 324 8 325 8 326 10 327 8 328 10 329 10 330 9 331 9 332 9 333 10 334 10 335 10 336 4 337 4 338 4 339 3 340 3 341 3 342 10 343 10 344 10 345 10 346 10 347 10 348 24 349 24 350 24 351 24 352 24 353 24 354 24 355 24 356 24 357 24 358 24 359 24 360 24 361 24 362 24 363 24 364 24 365 24 366 24 367 24 368 24 369 24 370 24 371 24 372 24 373 24 374 24 375 24 376 24 377 24 378 24 379 24 380 24 381 24 382 24 383 24 384 24 385 24 386 24 387 24 388 24 389 24 390 24 391 24 392 24 393 24 394 24 395 24 396 24 397 24 398 24 399 24 400 24 401 24 402 24 403 24 404 24 405 24 406 24 407 24 408 24 409 24 410 24 411 24 412 24 413 24 414 24 415 24 416 24 417 24 418 24 419 24 420 24 421 24 422 24 423 24 424 24 425 24 426 24 427 24 428 24 429 22 430 22 431 22 432 22 433 22 434 22 435 22 436 22 437 22 438 22 439 22 440 22 441 22 442 22 443 22 444 22 445 22 446 22 447 22 448 22 449 22 450 22 451 22 452 22 453 22 454 22 455 22 456 22 457 22 458 22 459 22 460 22 461 22 462 22 463 22 464 22 465 22 466 22 467 22 468 22 469 22 470 22 471 22 472 22 473 22 474 22 475 22 476 22 477 22 478 22 479 22 480 22 481 22 482 22 483 22 484 22 485 22 486 22 487 22 488 22 489 22 490 22 491 22 492 22 493 22 494 22 495 22 496 22 497 22 498 22 499 22 500 22 501 22 502 22 503 22 504 22 505 22 506 22 507 22 508 22 509 22 510 22 511 22 512 22 513 22 514 22 515 22 516 22 517 22 518 22 519 22 520 1 521 1 522 1 523 1 524 1 525 1 526 1 527 1 528 1 529 1 530 1 531 1 532 1 533 1 534 1 535 1 536 2 537 2 538 2 539 3 540 3 541 3 542 8 543 8 544 8 545 9 546 9 547 9 548 15 549 15 550 15 551 20 552 15 553 15 554 15 555 15 556 15 557 20 558 20 559 15 560 15 561 20 562 15 563 16 564 15 565 15 566 15 567 15 568 16 569 16 570 15 571 15 572 16 573 15 574 15 575 15 576 15 577 15 578 15 579 15 580 15 581 15 582 15 583 15 584 15 585 15 586 15 587 16 588 16 589 17 590 17 591 17 592 16 593 16 594 17 595 17 596 17 597 17 598 16 599 16 600 16 601 17 602 17 603 17 604 21 605 21 606 21 607 21 608 21 609 20 610 20 611 21 612 21 613 21 614 20 615 20 616 20 617 20 618 21 619 21 620 20 621 21 622 21 623 21 624 21 625 20 626 24 627 24 628 24 629</v>
        </vertex_weights>
      </skin>
    </controller>
  </library_controllers>
  <library_visual_scenes>
    <visual_scene id="Scene" name="Scene">
      <node id="Dorkim_b_hurim_Skin" name="Dorkim_b_hurim_Skin" type="NODE">
        <matrix sid="transform">1 0 0 0 0 1 0 0 0 0 1 0 0 0 0 1</matrix>
        <node id="Dorkim_b_hurim_Skin_root" name="root" sid="root" type="JOINT">
          <matrix sid="transform">1 1.87196e-15 4.0082e-8 0 4.0082e-8 -1.34359e-7 -1 -1.01207e-7 3.51342e-15 1 -1.19209e-7 2.154822 0 0 0 1</matrix>
          <node id="Dorkim_b_hurim_Skin_pelvis" name="pelvis" sid="pelvis" type="JOINT">
            <matrix sid="transform">1 0 1.18083e-8 2.88204e-4 -4.39893e-16 1 3.72529e-8 -0.1648533 -1.18083e-8 -3.72529e-8 1 -0.05965078 0 0 0 1</matrix>
            <node id="Dorkim_b_hurim_Skin_femurleft" name="femurleft" sid="femurleft" type="JOINT">
              <matrix sid="transform">1 -4.66008e-15 5.09433e-9 0.2292778 0 1 0 -0.0098176 -5.09433e-9 2.48583e-10 1 0.05965089 0 0 0 1</matrix>
              <node id="Dorkim_b_hurim_Skin_butt-l" name="butt-l" sid="butt-l" type="JOINT">
                <matrix sid="transform">1 -5.15477e-15 4.2319e-9 4.67524e-4 1.89181e-15 1 -4.47035e-7 -0.09852624 -4.2319e-9 4.47035e-7 1 -0.2278656 0 0 0 1</matrix>
                <extra>
                  <technique profile="blender">
                    <layer sid="layer" type="string">0</layer>
                    <roll sid="roll" type="float">0</roll>
                    <tip_x sid="tip_x" type="float">0</tip_x>
                    <tip_y sid="tip_y" type="float">0</tip_y>
                    <tip_z sid="tip_z" type="float">0.1</tip_z>
                  </technique>
                </extra>
              </node>
              <node id="Dorkim_b_hurim_Skin_knee-l-top" name="knee-l-top" sid="knee-l-top" type="JOINT">
                <matrix sid="transform">1 -5.15477e-15 7.79386e-9 0.02838679 0 0.9999999 0 -0.4877245 -7.79386e-9 0 1 0.357712 0 0 0 1</matrix>
                <extra>
                  <technique profile="blender">
                    <layer sid="layer" type="string">0</layer>
                    <roll sid="roll" type="float">0</roll>
                    <tip_x sid="tip_x" type="float">0</tip_x>
                    <tip_y sid="tip_y" type="float">0</tip_y>
                    <tip_z sid="tip_z" type="float">0.1</tip_z>
                  </technique>
                </extra>
              </node>
              <node id="Dorkim_b_hurim_Skin_knee-l-bopttom" name="knee-l-bopttom" sid="knee-l-bopttom" type="JOINT">
                <matrix sid="transform">1 -5.15477e-15 3.25892e-8 0.03209619 3.64212e-15 1 -1.11759e-7 -0.7369263 -3.25892e-8 1.11759e-7 1 -0.03760035 0 0 0 1</matrix>
                <node id="Dorkim_b_hurim_Skin_ankle_left" name="ankle left" sid="ankle_left" type="JOINT">
                  <matrix sid="transform">1 -3.72529e-8 9.67287e-7 0.008728176 3.22031e-7 -0.9295399 -0.3687219 -1.121673 9.12866e-7 0.3687219 -0.9295423 -0.06275672 0 0 0 1</matrix>
                  <node id="Dorkim_b_hurim_Skin_foot_left01" name="foot left01" sid="foot_left01" type="JOINT">
                    <matrix sid="transform">1 8.16057e-7 3.86801e-5 2.98023e-7 -3.59517e-5 0.3889571 0.9212559 0.216839 -1.42931e-5 -0.9212558 0.3889571 -0.2809216 0 0 0 1</matrix>
                    <extra>
                      <technique profile="blender">
                        <layer sid="layer" type="string">0</layer>
                        <roll sid="roll" type="float">3.9048e-5</roll>
                        <tip_x sid="tip_x" type="float">0</tip_x>
                        <tip_y sid="tip_y" type="float">-0.09997618</tip_y>
                        <tip_z sid="tip_z" type="float">-0.002186357</tip_z>
                      </technique>
                    </extra>
                  </node>
                  <extra>
                    <technique profile="blender">
                      <layer sid="layer" type="string">0</layer>
                      <roll sid="roll" type="float">8.84022e-7</roll>
                      <tip_x sid="tip_x" type="float">0</tip_x>
                      <tip_y sid="tip_y" type="float">-0.03687214</tip_y>
                      <tip_z sid="tip_z" type="float">-0.09295403</tip_z>
                    </technique>
                  </extra>
                </node>
                <extra>
                  <technique profile="blender">
                    <layer sid="layer" type="string">0</layer>
                    <roll sid="roll" type="float">0</roll>
                    <tip_x sid="tip_x" type="float">0</tip_x>
                    <tip_y sid="tip_y" type="float">0</tip_y>
                    <tip_z sid="tip_z" type="float">0.1</tip_z>
                  </technique>
                </extra>
              </node>
              <extra>
                <technique profile="blender">
                  <layer sid="layer" type="string">0</layer>
                  <roll sid="roll" type="float">0</roll>
                  <tip_x sid="tip_x" type="float">0</tip_x>
                  <tip_y sid="tip_y" type="float">0</tip_y>
                  <tip_z sid="tip_z" type="float">0.1000001</tip_z>
                </technique>
              </extra>
            </node>
            <node id="Dorkim_b_hurim_Skin_femurright" name="femurright" sid="femurright" type="JOINT">
              <matrix sid="transform">1 -4.66008e-15 5.09434e-9 -0.2316408 0 1 0 -0.0098176 -5.09434e-9 2.48583e-10 1 0.05965089 0 0 0 1</matrix>
              <node id="Dorkim_b_hurim_Skin_butt-r" name="butt-r" sid="butt-r" type="JOINT">
                <matrix sid="transform">1 -5.15477e-15 5.58592e-9 -0.003262326 3.32947e-15 1 -5.96046e-7 -0.09589553 -5.58592e-9 5.96046e-7 1 -0.2262758 0 0 0 1</matrix>
                <extra>
                  <technique profile="blender">
                    <layer sid="layer" type="string">0</layer>
                    <roll sid="roll" type="float">0</roll>
                    <tip_x sid="tip_x" type="float">0</tip_x>
                    <tip_y sid="tip_y" type="float">0</tip_y>
                    <tip_z sid="tip_z" type="float">0.1</tip_z>
                  </technique>
                </extra>
              </node>
              <node id="Dorkim_b_hurim_Skin_knee-r-top" name="knee-r-top" sid="knee-r-top" type="JOINT">
                <matrix sid="transform">1 -5.15477e-15 9.03823e-9 0.05288471 5.3872e-15 0.9999999 -5.96046e-7 -0.4883389 -9.03824e-9 5.96046e-7 1 0.3589507 0 0 0 1</matrix>
                <extra>
                  <technique profile="blender">
                    <layer sid="layer" type="string">0</layer>
                    <roll sid="roll" type="float">0</roll>
                    <tip_x sid="tip_x" type="float">0</tip_x>
                    <tip_y sid="tip_y" type="float">0</tip_y>
                    <tip_z sid="tip_z" type="float">0.1</tip_z>
                  </technique>
                </extra>
              </node>
              <node id="Dorkim_b_hurim_Skin_knee-r-bopttom" name="knee-r-bopttom" sid="knee-r-bopttom" type="JOINT">
                <matrix sid="transform">1 -5.15477e-15 2.04881e-8 -0.01414061 0 1 0 -0.7370366 -2.04881e-8 0 1 -0.03760033 0 0 0 1</matrix>
                <node id="Dorkim_b_hurim_Skin_ankleright" name="ankleright" sid="ankleright" type="JOINT">
                  <matrix sid="transform">1 -2.79396e-8 8.96982e-7 -0.0131759 3.04766e-7 -0.92954 -0.3687211 -1.118303 8.44083e-7 0.3687211 -0.9295394 -0.06275684 0 0 0 1</matrix>
                  <node id="Dorkim_b_hurim_Skin_foot_right01" name="foot right01" sid="foot_right01" type="JOINT">
                    <matrix sid="transform">1 7.59765e-7 3.29258e-5 2.08616e-7 -3.06287e-5 0.3889474 0.9212598 0.2168394 -1.21065e-5 -0.9212599 0.3889476 -0.2809223 0 0 0 1</matrix>
                    <extra>
                      <technique profile="blender">
                        <layer sid="layer" type="string">0</layer>
                        <roll sid="roll" type="float">3.32472e-5</roll>
                        <tip_x sid="tip_x" type="float">0</tip_x>
                        <tip_y sid="tip_y" type="float">-0.09997612</tip_y>
                        <tip_z sid="tip_z" type="float">-0.002185404</tip_z>
                      </technique>
                    </extra>
                  </node>
                  <extra>
                    <technique profile="blender">
                      <layer sid="layer" type="string">0</layer>
                      <roll sid="roll" type="float">8.24969e-7</roll>
                      <tip_x sid="tip_x" type="float">0</tip_x>
                      <tip_y sid="tip_y" type="float">-0.03687208</tip_y>
                      <tip_z sid="tip_z" type="float">-0.09295403</tip_z>
                    </technique>
                  </extra>
                </node>
                <extra>
                  <technique profile="blender">
                    <layer sid="layer" type="string">0</layer>
                    <roll sid="roll" type="float">0</roll>
                    <tip_x sid="tip_x" type="float">0</tip_x>
                    <tip_y sid="tip_y" type="float">0</tip_y>
                    <tip_z sid="tip_z" type="float">0.1</tip_z>
                  </technique>
                </extra>
              </node>
              <extra>
                <technique profile="blender">
                  <layer sid="layer" type="string">0</layer>
                  <roll sid="roll" type="float">0</roll>
                  <tip_x sid="tip_x" type="float">0</tip_x>
                  <tip_y sid="tip_y" type="float">0</tip_y>
                  <tip_z sid="tip_z" type="float">0.1000001</tip_z>
                </technique>
              </extra>
            </node>
            <node id="Dorkim_b_hurim_Skin_lumbar" name="lumbar" sid="lumbar" type="JOINT">
              <matrix sid="transform">1 -4.66008e-15 4.81516e-9 0.004538175 0 1 3.72529e-8 0.189765 -4.81516e-9 -3.70044e-8 1 -0.05340067 0 0 0 1</matrix>
              <node id="Dorkim_b_hurim_Skin_rib" name="rib" sid="rib" type="JOINT">
                <matrix sid="transform">1 -4.94828e-15 4.31043e-9 -0.01278648 0 1 3.55271e-15 0.7050579 -4.31043e-9 2.48548e-10 1 0.1130517 0 0 0 1</matrix>
                <node id="Dorkim_b_hurim_Skin_scapula" name="scapula" sid="scapula" type="JOINT">
                  <matrix sid="transform">0.3287915 -0.9444025 -5.34784e-8 0.4182978 0.9444025 0.3287915 -7.14978e-9 0.2449713 2.43355e-8 -4.81543e-8 1 -4.32791e-8 0 0 0 1</matrix>
                  <node id="Dorkim_b_hurim_Skin_ulna" name="ulna" sid="ulna" type="JOINT">
                    <matrix sid="transform">1 -2.08616e-7 4.6492e-8 0.123739 2.38419e-7 1 6.43929e-15 -0.5993565 -4.6492e-8 7.10543e-15 1 1.59439e-10 0 0 0 1</matrix>
                    <node id="Dorkim_b_hurim_Skin_carpal" name="carpal" sid="carpal" type="JOINT">
                      <matrix sid="transform">1 -3.8743e-7 -8.44362e-8 0.1033103 5.96046e-7 1 -7.45058e-8 -0.5754046 8.44362e-8 7.45057e-8 1 0.07377819 0 0 0 1</matrix>
                      <node id="Dorkim_b_hurim_Skin_ammo_node_1" name="ammo node 1" sid="ammo_node_1" type="JOINT">
                        <matrix sid="transform">1 2.9814e-7 -3.08156e-5 0.1766818 -3.07858e-5 0.001921355 -0.9999981 0.235345 -2.39136e-7 0.9999982 0.001921294 -0.07377826 0 0 0 1</matrix>
                        <extra>
                          <technique profile="blender">
                            <layer sid="layer" type="string">0</layer>
                            <roll sid="roll" type="float">-2.576035</roll>
                            <tip_x sid="tip_x" type="float">-1.81437e-4</tip_x>
                            <tip_y sid="tip_y" type="float">-0.09999984</tip_y>
                            <tip_z sid="tip_z" type="float">6.31809e-5</tip_z>
                          </technique>
                        </extra>
                      </node>
                      <extra>
                        <technique profile="blender">
                          <layer sid="layer" type="string">0</layer>
                          <roll sid="roll" type="float">-1.235774</roll>
                          <tip_x sid="tip_x" type="float">-0.09444046</tip_x>
                          <tip_y sid="tip_y" type="float">0</tip_y>
                          <tip_z sid="tip_z" type="float">0.03287911</tip_z>
                        </technique>
                      </extra>
                    </node>
                    <extra>
                      <technique profile="blender">
                        <layer sid="layer" type="string">0</layer>
                        <roll sid="roll" type="float">-1.235773</roll>
                        <tip_x sid="tip_x" type="float">-0.09444022</tip_x>
                        <tip_y sid="tip_y" type="float">0</tip_y>
                        <tip_z sid="tip_z" type="float">0.03287911</tip_z>
                      </technique>
                    </extra>
                  </node>
                  <extra>
                    <technique profile="blender">
                      <layer sid="layer" type="string">0</layer>
                      <roll sid="roll" type="float">-1.235773</roll>
                      <tip_x sid="tip_x" type="float">-0.09444016</tip_x>
                      <tip_y sid="tip_y" type="float">0</tip_y>
                      <tip_z sid="tip_z" type="float">0.03287911</tip_z>
                    </technique>
                  </extra>
                </node>
                <node id="Dorkim_b_hurim_Skin_scapula01" name="scapula01" sid="scapula01" type="JOINT">
                  <matrix sid="transform">0.2398373 0.9708131 -8.84498e-8 -0.4432709 -0.9708131 0.2398373 1.04893e-7 0.2449713 1.23045e-7 6.07109e-8 1 -4.32791e-8 0 0 0 1</matrix>
                  <node id="Dorkim_b_hurim_Skin_ulna01" name="ulna01" sid="ulna01" type="JOINT">
                    <matrix sid="transform">1 -2.38419e-7 -5.75233e-8 -0.1120019 2.08616e-7 0.9999999 -1.19209e-7 -0.5993567 5.75234e-8 1.19209e-7 1 -6.84452e-10 0 0 0 1</matrix>
                    <node id="Dorkim_b_hurim_Skin_smoke_node_1" name="smoke node 1" sid="smoke_node_1" type="JOINT">
                      <matrix sid="transform">1 1.78849e-6 7.06315e-5 -0.1116507 7.06464e-5 -0.006703731 -0.9999775 -0.7135485 -1.31469e-6 0.9999775 -0.006703615 0.04844658 0 0 0 1</matrix>
                      <node id="Dorkim_b_hurim_Skin_ammo_node_0" name="ammo node 0" sid="ammo_node_0" type="JOINT">
                        <matrix sid="transform">0.9999999 1.17496e-4 1.49104e-7 0.00261116 6.38189e-7 -0.006703639 0.9999775 1.569697 1.17332e-4 -0.9999775 -0.00670351 0.04454899 0 0 0 1</matrix>
                        <extra>
                          <technique profile="blender">
                            <layer sid="layer" type="string">0</layer>
                            <roll sid="roll" type="float">1.328646</roll>
                            <tip_x sid="tip_x" type="float">0.09762763</tip_x>
                            <tip_y sid="tip_y" type="float">1.19209e-7</tip_y>
                            <tip_z sid="tip_z" type="float">0.02411389</tip_z>
                          </technique>
                        </extra>
                      </node>
                      <extra>
                        <technique profile="blender">
                          <layer sid="layer" type="string">0</layer>
                          <roll sid="roll" type="float">1.32822</roll>
                          <tip_x sid="tip_x" type="float">-6.50763e-4</tip_x>
                          <tip_y sid="tip_y" type="float">-0.09999775</tip_y>
                          <tip_z sid="tip_z" type="float">-1.60933e-4</tip_z>
                        </technique>
                      </extra>
                    </node>
                    <extra>
                      <technique profile="blender">
                        <layer sid="layer" type="string">0</layer>
                        <roll sid="roll" type="float">1.328598</roll>
                        <tip_x sid="tip_x" type="float">0.09708118</tip_x>
                        <tip_y sid="tip_y" type="float">0</tip_y>
                        <tip_z sid="tip_z" type="float">0.02398371</tip_z>
                      </technique>
                    </extra>
                  </node>
                  <extra>
                    <technique profile="blender">
                      <layer sid="layer" type="string">0</layer>
                      <roll sid="roll" type="float">1.328598</roll>
                      <tip_x sid="tip_x" type="float">0.09708118</tip_x>
                      <tip_y sid="tip_y" type="float">0</tip_y>
                      <tip_z sid="tip_z" type="float">0.02398371</tip_z>
                    </technique>
                  </extra>
                </node>
                <node id="Dorkim_b_hurim_Skin_neck" name="neck" sid="neck" type="JOINT">
                  <matrix sid="transform">1 -5.20627e-15 3.8059e-9 -0.01369714 2.26367e-16 1 -5.94782e-8 0.4694998 -3.8059e-9 5.94782e-8 1 -1.37009e-7 0 0 0 1</matrix>
                  <node id="Dorkim_b_hurim_Skin_skull" name="skull" sid="skull" type="JOINT">
                    <matrix sid="transform">1 -5.66044e-15 1.57418e-9 -0.007297663 0 1 4.66265e-10 0.4520023 -1.57418e-9 -4.66258e-10 1 7.1019e-8 0 0 0 1</matrix>
                    <node id="Dorkim_b_hurim_Skin_nogginbottom" name="nogginbottom" sid="nogginbottom" type="JOINT">
                      <matrix sid="transform">1 2.3283e-9 2.44542e-7 0.001799159 -1.25515e-8 0.9991255 0.04181381 0.08982563 -2.44231e-7 -0.04181381 0.9991254 0.2822085 0 0 0 1</matrix>
                      <extra>
                        <technique profile="blender">
                          <layer sid="layer" type="string">0</layer>
                          <roll sid="roll" type="float">3.1088e-7</roll>
                          <tip_x sid="tip_x" type="float">0</tip_x>
                          <tip_y sid="tip_y" type="float">0.004181385</tip_y>
                          <tip_z sid="tip_z" type="float">0.09991264</tip_z>
                        </technique>
                      </extra>
                    </node>
                    <node id="Dorkim_b_hurim_Skin_plumes" name="plumes" sid="plumes" type="JOINT">
                      <matrix sid="transform">1 2.32829e-9 4.80287e-7 -0.002369054 -1.24625e-8 0.9997773 0.02110134 0.1819341 -4.80131e-7 -0.02110134 0.9997773 0.1862074 0 0 0 1</matrix>
                      <extra>
                        <technique profile="blender">
                          <layer sid="layer" type="string">0</layer>
                          <roll sid="roll" type="float">5.46668e-7</roll>
                          <tip_x sid="tip_x" type="float">0</tip_x>
                          <tip_y sid="tip_y" type="float">0.002110123</tip_y>
                          <tip_z sid="tip_z" type="float">0.09997797</tip_z>
                        </technique>
                      </extra>
                    </node>
                    <node id="Dorkim_b_hurim_Skin_skulltop" name="skulltop" sid="skulltop" type="JOINT">
                      <matrix sid="transform">1 -5.84755e-15 4.68295e-9 -0.004168242 0 1 0 0.3702886 -4.68295e-9 0 1 2.20268e-13 0 0 0 1</matrix>
                      <extra>
                        <technique profile="blender">
                          <layer sid="layer" type="string">0</layer>
                          <roll sid="roll" type="float">0</roll>
                          <tip_x sid="tip_x" type="float">0</tip_x>
                          <tip_y sid="tip_y" type="float">0</tip_y>
                          <tip_z sid="tip_z" type="float">0.1000003</tip_z>
                        </technique>
                      </extra>
                    </node>
                    <extra>
                      <technique profile="blender">
                        <layer sid="layer" type="string">0</layer>
                        <roll sid="roll" type="float">0</roll>
                        <tip_x sid="tip_x" type="float">0</tip_x>
                        <tip_y sid="tip_y" type="float">0</tip_y>
                        <tip_z sid="tip_z" type="float">0.1000001</tip_z>
                      </technique>
                    </extra>
                  </node>
                  <node id="Dorkim_b_hurim_Skin_smoke_node_0" name="smoke node 0" sid="smoke_node_0" type="JOINT">
                    <matrix sid="transform">1 -2.02302e-4 -1.10464e-6 0.006514963 -1.1046e-6 1.07102e-7 -1 0.0921874 2.02302e-4 1 7.80598e-8 0.2430203 0 0 0 1</matrix>
                    <extra>
                      <technique profile="blender">
                        <layer sid="layer" type="string">0</layer>
                        <roll sid="roll" type="float">3.141592</roll>
                        <tip_x sid="tip_x" type="float">-2.02237e-5</tip_x>
                        <tip_y sid="tip_y" type="float">-0.1</tip_y>
                        <tip_z sid="tip_z" type="float">0</tip_z>
                      </technique>
                    </extra>
                  </node>
                  <extra>
                    <technique profile="blender">
                      <layer sid="layer" type="string">0</layer>
                      <roll sid="roll" type="float">0</roll>
                      <tip_x sid="tip_x" type="float">0</tip_x>
                      <tip_y sid="tip_y" type="float">0</tip_y>
                      <tip_z sid="tip_z" type="float">0.0999999</tip_z>
                    </technique>
                  </extra>
                </node>
                <node id="Dorkim_b_hurim_Skin_cloaktop" name="cloaktop" sid="cloaktop" type="JOINT">
                  <matrix sid="transform">1 -5.58793e-8 4.56143e-8 0.009935169 6.39343e-8 0.3938167 -0.919189 0.3512921 3.33999e-8 0.919189 0.3938168 -0.1981268 0 0 0 1</matrix>
                  <node id="Dorkim_b_hurim_Skin_cloak" name="cloak" sid="cloak" type="JOINT">
                    <matrix sid="transform">1 -4.6687e-9 1.61808e-10 0.004538158 4.65662e-9 1 -1.3113e-6 -0.8590811 -1.42727e-10 1.3113e-6 1 -0.2356985 0 0 0 1</matrix>
                    <node id="Dorkim_b_hurim_Skin_cloakbottom" name="cloakbottom" sid="cloakbottom" type="JOINT">
                      <matrix sid="transform">1 2.49582e-10 -1.06297e-11 -0.02733968 1.77636e-15 1 1.63913e-6 -0.8312196 -8.52651e-14 -1.75834e-6 1 -0.1177082 0 0 0 1</matrix>
                      <extra>
                        <technique profile="blender">
                          <layer sid="layer" type="string">0</layer>
                          <roll sid="roll" type="float">0</roll>
                          <tip_x sid="tip_x" type="float">0</tip_x>
                          <tip_y sid="tip_y" type="float">-0.09191906</tip_y>
                          <tip_z sid="tip_z" type="float">0.03938174</tip_z>
                        </technique>
                      </extra>
                    </node>
                    <extra>
                      <technique profile="blender">
                        <layer sid="layer" type="string">0</layer>
                        <roll sid="roll" type="float">0</roll>
                        <tip_x sid="tip_x" type="float">0</tip_x>
                        <tip_y sid="tip_y" type="float">-0.09191882</tip_y>
                        <tip_z sid="tip_z" type="float">0.0393815</tip_z>
                      </technique>
                    </extra>
                  </node>
                  <extra>
                    <technique profile="blender">
                      <layer sid="layer" type="string">0</layer>
                      <roll sid="roll" type="float">0</roll>
                      <tip_x sid="tip_x" type="float">0</tip_x>
                      <tip_y sid="tip_y" type="float">-0.09191906</tip_y>
                      <tip_z sid="tip_z" type="float">0.03938174</tip_z>
                    </technique>
                  </extra>
                </node>
                <extra>
                  <technique profile="blender">
                    <layer sid="layer" type="string">0</layer>
                    <roll sid="roll" type="float">0</roll>
                    <tip_x sid="tip_x" type="float">0</tip_x>
                    <tip_y sid="tip_y" type="float">0</tip_y>
                    <tip_z sid="tip_z" type="float">0.1000001</tip_z>
                  </technique>
                </extra>
              </node>
              <extra>
                <technique profile="blender">
                  <layer sid="layer" type="string">0</layer>
                  <roll sid="roll" type="float">0</roll>
                  <tip_x sid="tip_x" type="float">0</tip_x>
                  <tip_y sid="tip_y" type="float">0</tip_y>
                  <tip_z sid="tip_z" type="float">0.0999999</tip_z>
                </technique>
              </extra>
            </node>
            <extra>
              <technique profile="blender">
                <layer sid="layer" type="string">0</layer>
                <roll sid="roll" type="float">0</roll>
                <tip_x sid="tip_x" type="float">0</tip_x>
                <tip_y sid="tip_y" type="float">0</tip_y>
                <tip_z sid="tip_z" type="float">0.0999999</tip_z>
              </technique>
            </extra>
          </node>
          <extra>
            <technique profile="blender">
              <layer sid="layer" type="string">0</layer>
              <roll sid="roll" type="float">0</roll>
              <tip_x sid="tip_x" type="float">0</tip_x>
              <tip_y sid="tip_y" type="float">0</tip_y>
              <tip_z sid="tip_z" type="float">0.0999999</tip_z>
            </technique>
          </extra>
        </node>
      </node>
      <node id="battersea_00" name="battersea_00" type="NODE">
        <translate sid="location">0 0 0</translate>
        <rotate sid="rotationZ">0 0 1 0</rotate>
        <rotate sid="rotationY">0 1 0 0</rotate>
        <rotate sid="rotationX">1 0 0 0</rotate>
        <scale sid="scale">1 1 1</scale>
        <instance_controller url="#Dorkim_b_hurim_Skin_battersea_00-skin">
          <skeleton>#Dorkim_b_hurim_Skin_root</skeleton>
          <bind_material>
            <technique_common>
              <instance_material symbol="dvor_002-material" target="#dvor_002-material"/>
              <instance_material symbol="dvor_001-material" target="#dvor_001-material"/>
              <instance_material symbol="dvor_002-material" target="#dvor_002-material"/>
            </technique_common>
          </bind_material>
        </instance_controller>
      </node>
      <node id="Camera" name="Camera" type="NODE">
        <matrix sid="transform">0.6859207 -0.3240135 0.6515582 7.481132 0.7276763 0.3054208 -0.6141704 -6.50764 0 0.8953956 0.4452714 5.343665 0 0 0 1</matrix>
        <instance_camera url="#Camera-camera"/>
      </node>
      <node id="Lamp" name="Lamp" type="NODE">
        <matrix sid="transform">-0.2908646 -0.7711008 0.5663932 4.076245 0.9551712 -0.1998834 0.2183912 1.005454 -0.05518906 0.6045247 0.7946723 5.903862 0 0 0 1</matrix>
        <instance_light url="#Lamp-light"/>
      </node>
    </visual_scene>
  </library_visual_scenes>
  <scene>
    <instance_visual_scene url="#Scene"/>
  </scene>
</COLLADA>