{"cameraMode":{"drawMode":0,"name":"Shaded","section":"Shading Mode"},"sceneLighting":false,"audioPlay":false,"sceneViewState":{"m_AlwaysRefresh":false,"showFog":true,"showSkybox":false,"showFlares":true,"showImageEffects":true,"showParticleSystems":true,"showVisualEffectGraphs":true,"m_FxEnabled":true},"in2DMode":false,"pivot":{"x":0.42999267578125,"y":7.289999961853027,"z":-65.8800048828125},"rotation":{"x":0.0023979484103620054,"y":0.006000046618282795,"z":-0.000014296459994511679,"w":0.9999788999557495},"size":10.30206298828125,"orthographic":true}