<?xml version="1.0" encoding="utf-8"?>
<COLLADA xmlns="http://www.collada.org/2005/11/COLLADASchema" version="1.4.1" xmlns:xsi="http://www.w3.org/2001/XMLSchema-instance">
  <asset>
    <contributor>
      <author>Blender User</author>
      <authoring_tool>Blender 2.79.0 commit date:2017-09-11, commit time:10:43, hash:5bd8ac9</authoring_tool>
    </contributor>
    <created>2019-02-03T09:06:25</created>
    <modified>2019-02-03T09:06:25</modified>
    <unit name="meter" meter="1"/>
    <up_axis>Z_UP</up_axis>
  </asset>
  <library_cameras>
    <camera id="Camera-camera" name="Camera">
      <optics>
        <technique_common>
          <perspective>
            <xfov sid="xfov">49.13434</xfov>
            <aspect_ratio>1.777778</aspect_ratio>
            <znear sid="znear">0.1</znear>
            <zfar sid="zfar">100</zfar>
          </perspective>
        </technique_common>
      </optics>
      <extra>
        <technique profile="blender">
          <shiftx sid="shiftx" type="float">0</shiftx>
          <shifty sid="shifty" type="float">0</shifty>
          <YF_dofdist sid="YF_dofdist" type="float">0</YF_dofdist>
        </technique>
      </extra>
    </camera>
  </library_cameras>
  <library_lights>
    <light id="Lamp-light" name="Lamp">
      <technique_common>
        <point>
          <color sid="color">1 1 1</color>
          <constant_attenuation>1</constant_attenuation>
          <linear_attenuation>0</linear_attenuation>
          <quadratic_attenuation>0.00111109</quadratic_attenuation>
        </point>
      </technique_common>
      <extra>
        <technique profile="blender">
          <type sid="type" type="int">0</type>
          <flag sid="flag" type="int">0</flag>
          <mode sid="mode" type="int">8192</mode>
          <gamma sid="blender_gamma" type="float">1</gamma>
          <red sid="red" type="float">1</red>
          <green sid="green" type="float">1</green>
          <blue sid="blue" type="float">1</blue>
          <shadow_r sid="blender_shadow_r" type="float">0</shadow_r>
          <shadow_g sid="blender_shadow_g" type="float">0</shadow_g>
          <shadow_b sid="blender_shadow_b" type="float">0</shadow_b>
          <energy sid="blender_energy" type="float">1</energy>
          <dist sid="blender_dist" type="float">29.99998</dist>
          <spotsize sid="spotsize" type="float">75</spotsize>
          <spotblend sid="spotblend" type="float">0.15</spotblend>
          <halo_intensity sid="blnder_halo_intensity" type="float">1</halo_intensity>
          <att1 sid="att1" type="float">0</att1>
          <att2 sid="att2" type="float">1</att2>
          <falloff_type sid="falloff_type" type="int">2</falloff_type>
          <clipsta sid="clipsta" type="float">1.000799</clipsta>
          <clipend sid="clipend" type="float">30.002</clipend>
          <bias sid="bias" type="float">1</bias>
          <soft sid="soft" type="float">3</soft>
          <compressthresh sid="compressthresh" type="float">0.04999995</compressthresh>
          <bufsize sid="bufsize" type="int">2880</bufsize>
          <samp sid="samp" type="int">3</samp>
          <buffers sid="buffers" type="int">1</buffers>
          <filtertype sid="filtertype" type="int">0</filtertype>
          <bufflag sid="bufflag" type="int">0</bufflag>
          <buftype sid="buftype" type="int">2</buftype>
          <ray_samp sid="ray_samp" type="int">1</ray_samp>
          <ray_sampy sid="ray_sampy" type="int">1</ray_sampy>
          <ray_sampz sid="ray_sampz" type="int">1</ray_sampz>
          <ray_samp_type sid="ray_samp_type" type="int">0</ray_samp_type>
          <area_shape sid="area_shape" type="int">1</area_shape>
          <area_size sid="area_size" type="float">0.1</area_size>
          <area_sizey sid="area_sizey" type="float">0.1</area_sizey>
          <area_sizez sid="area_sizez" type="float">1</area_sizez>
          <adapt_thresh sid="adapt_thresh" type="float">0.000999987</adapt_thresh>
          <ray_samp_method sid="ray_samp_method" type="int">1</ray_samp_method>
          <shadhalostep sid="shadhalostep" type="int">0</shadhalostep>
          <sun_effect_type sid="sun_effect_type" type="int">0</sun_effect_type>
          <skyblendtype sid="skyblendtype" type="int">1</skyblendtype>
          <horizon_brightness sid="horizon_brightness" type="float">1</horizon_brightness>
          <spread sid="spread" type="float">1</spread>
          <sun_brightness sid="sun_brightness" type="float">1</sun_brightness>
          <sun_size sid="sun_size" type="float">1</sun_size>
          <backscattered_light sid="backscattered_light" type="float">1</backscattered_light>
          <sun_intensity sid="sun_intensity" type="float">1</sun_intensity>
          <atm_turbidity sid="atm_turbidity" type="float">2</atm_turbidity>
          <atm_extinction_factor sid="atm_extinction_factor" type="float">1</atm_extinction_factor>
          <atm_distance_factor sid="atm_distance_factor" type="float">1</atm_distance_factor>
          <skyblendfac sid="skyblendfac" type="float">1</skyblendfac>
          <sky_exposure sid="sky_exposure" type="float">1</sky_exposure>
          <sky_colorspace sid="sky_colorspace" type="int">0</sky_colorspace>
        </technique>
      </extra>
    </light>
  </library_lights>
  <library_images/>
  <library_effects>
    <effect id="cspain_hostatir-effect">
      <profile_COMMON>
        <technique sid="common">
          <phong>
            <emission>
              <color sid="emission">0 0 0 1</color>
            </emission>
            <ambient>
              <color sid="ambient">0 0 0 1</color>
            </ambient>
            <diffuse>
              <color sid="diffuse">0.64 0.64 0.64 1</color>
            </diffuse>
            <specular>
              <color sid="specular">0.5 0.5 0.5 1</color>
            </specular>
            <shininess>
              <float sid="shininess">50</float>
            </shininess>
            <index_of_refraction>
              <float sid="index_of_refraction">1</float>
            </index_of_refraction>
          </phong>
        </technique>
      </profile_COMMON>
    </effect>
  </library_effects>
  <library_materials>
    <material id="cspain_hostatir-material" name="cspain_hostatir">
      <instance_effect url="#cspain_hostatir-effect"/>
    </material>
  </library_materials>
  <library_geometries>
    <geometry id="gaul_teceitos_Mesh-mesh" name="gaul_teceitos_Mesh">
      <mesh>
        <source id="gaul_teceitos_Mesh-mesh-positions">
          <float_array id="gaul_teceitos_Mesh-mesh-positions-array" count="2331">0.3881901 0.2976046 2.249974 -0.3938167 0.2975996 2.250756 0.3841814 -0.2628485 2.241877 0.3841814 -0.2628485 2.241877 -0.3898019 -0.262853 2.242659 -0.3898019 -0.262853 2.242659 -0.3898019 -0.262853 2.242659 0.3841814 -0.2628485 2.241877 0.3881901 0.2976046 2.249974 -0.3938167 0.2975996 2.250756 -0.3898019 -0.262853 2.242659 -0.3938167 0.2975996 2.250756 -0.3898019 -0.262853 2.242659 0.3881901 0.2976046 2.249974 0.3841814 -0.2628485 2.241877 0.3881901 0.2976046 2.249974 -0.3938167 0.2975996 2.250756 0.3841814 -0.2628485 2.241877 -0.3898019 -0.262853 2.242659 0.4476837 0.001962006 1.252539 0.3943449 0.161774 1.832953 0.04524976 0.0016433 1.232718 0.0323807 0.1614313 1.817913 0.04524976 0.0016433 1.232718 0.4476837 0.001962006 1.252539 0.2327533 -0.2225432 1.811297 0.2327533 -0.2225432 1.811297 0.3943449 0.161774 1.832953 0.2180587 -0.3548724 2.032003 0.4842814 -0.1051475 2.032033 0.2180587 -0.3548724 2.032003 0.4842814 -0.1051475 2.032033 0.336865 -0.3915721 1.640207 0.5711487 -0.124033 1.641497 0.336865 -0.3915721 1.640207 0.5711487 -0.124033 1.641497 0.1858796 0.4819247 1.932217 0.5603863 0.3506218 1.990111 0.5603863 0.3506218 1.990111 0.3110939 0.4585402 1.476213 0.6674675 0.3272376 1.513604 0.6674675 0.3272376 1.513604 0.248162 0.111393 1.27145 0.248162 0.111393 1.27145 0.2397299 -0.2476036 1.078211 0.2413823 -0.07826173 0.2498072 0.3476607 0.09557163 0.2497766 0.2397299 -0.2476036 1.078211 0.2367851 -0.2532688 1.298222 0.2367851 -0.2532688 1.298222 0.2367851 -0.2532688 1.298222 0.2367851 -0.2532688 1.298222 0.4238495 0.2047276 0.2497549 0.3571878 0.2404844 0.2610933 0.248162 0.111393 1.27145 0.2172842 -0.0416485 0.2498143 0.2413823 -0.07826173 0.2498072 0.09583371 0.2017797 0.2498496 0.3571878 0.2404844 0.2610933 0.248162 0.111393 1.27145 0.2525087 -0.01224297 0.2271173 0.2510321 -0.03943878 0.3254607 0.2322385 -0.01088488 0.3254663 0.1704182 0.2421757 0.002054512 0.1375218 0.1789597 0.3254938 0.3743781 0.2437953 0.002051591 0.3933345 0.1812587 0.32542 0.3339164 0.09613031 0.3254369 0.2510321 -0.03943878 0.3254607 0.2525087 -0.01224297 0.2271173 0.1156281 -0.348581 0.006905555 0.3685376 -0.2578483 0.006905734 0.2525087 -0.01224297 0.2271173 0.1156281 -0.348581 0.006905555 0.3685376 -0.2578483 0.006905734 0.3743781 0.2437953 0.002051591 0.3685376 -0.2578483 0.006905734 0.3413465 0.2091447 0.3342625 0.3413465 0.2091447 0.3342625 -0.4256047 0.003482043 1.248339 -0.3943767 0.1711317 1.83284 -0.04064673 0.003147363 1.228546 -0.04696041 0.209053 1.828692 -0.04064673 0.003147363 1.228546 -0.4256047 0.003482043 1.248339 -0.2307813 -0.2338632 1.811187 -0.2307813 -0.2338632 1.811187 -0.3943767 0.1711317 1.83284 -0.4841546 -0.1051524 2.03196 -0.2206481 -0.3548733 2.031982 -0.008786618 -0.3740704 1.800328 -0.008786618 -0.3740704 1.800328 -0.2206481 -0.3548733 2.031982 -0.4841546 -0.1051524 2.03196 -0.5561358 -0.1240383 1.641424 -0.3251973 -0.3921343 1.640116 -0.01483935 -0.3915727 1.640195 -0.3251973 -0.3921343 1.640116 -0.01551574 -0.3429312 1.640057 -0.2206481 -0.3548733 2.031982 -0.5561358 -0.1240383 1.641424 -0.1378217 0.4819175 1.937379 -0.5483823 0.3506143 1.989395 -0.5483823 0.3506143 1.989395 -0.6357431 0.3272272 1.51289 -0.2764195 0.4585328 1.475498 -0.6357431 0.3272272 1.51289 -0.2360191 0.1228075 1.266335 -0.2360191 0.1228075 1.266335 -0.2274532 -0.2575259 1.073095 -0.2379575 -0.08725947 0.249827 -0.2140457 -0.0472424 0.2498202 -0.4205083 0.2161347 0.2498796 -0.344705 0.09852939 0.2498579 -0.2274532 -0.2575259 1.073095 -0.2121686 -0.265196 1.294021 -0.2121686 -0.265196 1.294021 -0.2121686 -0.265196 1.294021 -0.2121686 -0.265196 1.294021 -0.08834117 0.2129903 0.2497838 -0.3551141 0.2561791 0.262459 -0.2360191 0.1228075 1.266335 -0.2360191 0.1228075 1.266335 -0.3551141 0.2561791 0.262459 -0.2379575 -0.08725947 0.249827 -0.2510623 -0.01371753 0.2250735 -0.1674992 0.2531742 1.08976e-5 -0.1338834 0.1869172 0.3255721 -0.2299832 -0.01202803 0.3255999 -0.2510623 -0.01371753 0.2250735 -0.2482635 -0.04262065 0.3256052 -0.3298709 0.09941303 0.3256287 -0.3744874 0.2549075 7.84603e-6 -0.359957 -0.2784513 0.004416882 -0.103214 -0.3711563 0.004417061 -0.2510623 -0.01371753 0.2250735 -0.103214 -0.3711563 0.004417061 -0.359957 -0.2784513 0.004416882 -0.359957 -0.2784513 0.004416882 -0.3744874 0.2549075 7.84603e-6 -0.2482635 -0.04262065 0.3256052 -0.3878217 0.1893211 0.3256453 -0.3378285 0.2199346 0.3352621 -0.3378285 0.2199346 0.3352621 0.4014932 0.3240447 2.568093 -0.4148768 0.3240833 2.568093 -0.4297766 -0.2394122 2.52866 -0.4148768 0.3240833 2.568093 0.4014932 0.3240447 2.568093 0.4148323 -0.2426964 2.52866 -0.2069426 -0.3088006 2.461039 0.1908771 -0.3103476 2.461039 0.4148323 -0.2426964 2.52866 -0.4297766 -0.2394122 2.52866 0.3401468 -0.1914114 2.991458 0.07878965 -0.2075201 3.154889 0.3310494 -0.1458511 3.137365 0.09745454 -0.2335248 3.17347 0.1067358 -0.3322997 2.915126 0.3517107 -0.272799 2.91069 0.3461545 -0.2203904 2.990117 -0.3651632 -0.1914114 2.991458 -0.3564099 -0.1458511 3.137365 -0.1030223 -0.2075201 3.154889 -0.1215052 -0.2335248 3.17347 -0.3767319 -0.272799 2.91069 -0.1307864 -0.3322998 2.915126 -0.3711708 -0.2203904 2.990117 0.3455241 -0.2436373 2.91279 0.3380839 -0.1628318 3.148877 -0.3705454 -0.2436375 2.91279 -0.3634445 -0.1628318 3.148877 0.1310486 -0.183645 3.27476 0.3414311 -0.1317722 3.228078 0.3760262 0.1903491 3.289401 0.3582231 0.277704 3.118844 -0.01675665 0.2884382 3.125657 -0.01722311 0.1857388 3.357232 0.1603589 -0.1050374 3.369532 0.3520894 -0.01467043 3.322746 0.1874573 0.1236584 3.420292 0.3565292 0.07889413 3.335863 0.1874573 0.1236584 3.420292 0.3565292 0.07889413 3.335863 -0.001861631 0.3374005 2.924276 0.363909 0.3225405 2.924276 0.3461545 -0.2203904 2.990117 0.3380839 -0.1628318 3.148877 0.343841 -0.08979755 3.191792 0.3414311 -0.1317722 3.228078 0.3517107 -0.272799 2.91069 0.1067358 -0.3322997 2.915126 0.09284973 -0.3088471 2.911176 0.3440012 -0.00676167 3.293011 0.3520894 -0.01467043 3.322746 0.3582231 0.277704 3.118844 0.3760262 0.1903491 3.289401 0.3671026 0.1552669 3.263812 0.3506851 0.2294781 3.109533 0.3565292 0.07889413 3.335863 0.3481692 0.04905581 3.304037 0.3578517 0.2664152 2.924276 0.363909 0.3225405 2.924276 -0.3935799 0.3225405 2.924276 0.008645117 0.2931267 2.924276 -0.3875225 0.2664152 2.924276 -0.1550992 -0.183645 3.27476 -0.3667868 -0.1317722 3.228078 -0.402937 0.1903491 3.289401 -0.01722311 0.1857388 3.357232 -0.01675665 0.2884382 3.125657 -0.3878939 0.277704 3.118844 -0.1844096 -0.1050374 3.369532 -0.377445 -0.01467043 3.322746 -0.3818848 0.07889413 3.335863 -0.2115079 0.05372381 3.420292 -0.2115079 0.05372381 3.420292 -0.3818848 0.07889413 3.335863 -0.001861631 0.3374005 2.924276 -0.3935799 0.3225405 2.924276 -0.3711708 -0.2203904 2.990117 -0.3634445 -0.1628318 3.148877 -0.3667868 -0.1317722 3.228078 -0.3691967 -0.08979755 3.191792 -0.3767319 -0.272799 2.91069 -0.1170823 -0.3088471 2.911176 -0.1307864 -0.3322998 2.915126 -0.377445 -0.01467043 3.322746 -0.3693569 -0.00676167 3.293011 -0.3878939 0.277704 3.118844 -0.3803559 0.2294781 3.109533 -0.3940134 0.1552669 3.263812 -0.402937 0.1903491 3.289401 -0.3735248 0.04905581 3.304037 -0.3818848 0.07889413 3.335863 0.008645117 0.2931267 2.924276 -0.001861631 0.2627047 2.924276 -0.001861631 0.3374005 2.924276 0.363909 0.3225405 2.924276 0.008645117 0.2931267 2.924276 -0.4065696 -0.1895678 2.896701 -0.3949369 0.302518 2.905422 0.3779656 -0.1960439 2.89387 0.3653438 0.2998411 2.913104 -0.5150049 0.1183338 3.184295 -0.2170963 0.1631294 3.219925 -0.3949369 0.302518 2.905422 -0.4065696 -0.1895678 2.896701 9.19619e-4 -0.1549525 3.37659 -0.424343 0.02788597 3.317877 9.19619e-4 -0.1549525 3.37659 0.001017034 0.1281811 3.399352 -0.424343 0.02788597 3.317877 -0.424343 0.02788597 3.317877 -0.5150049 0.1183338 3.184295 0.3653438 0.2998411 2.913104 0.206888 0.1640561 3.21764 -0.02243888 -0.3454226 2.895314 0.3992865 0.02788615 3.317877 0.4871316 0.1226121 3.180208 0.3779656 -0.1960439 2.89387 0.3992865 0.02788615 3.317877 0.3992865 0.02788615 3.317877 0.4871316 0.1226121 3.180208 -0.3949369 0.302518 2.905422 -0.4065696 -0.1895678 2.896701 0.001017034 0.1281811 3.399352 -0.424343 0.02788597 3.317877 0.3992865 0.02788615 3.317877 0.3653438 0.2998411 2.913104 0.3779656 -0.1960439 2.89387 1.086464 0.01714628 3.302176 0.4964798 -0.04742103 3.286549 1.0582 -0.1401687 3.140027 1.020256 0.02869606 3.046445 1.055018 0.1978641 3.144418 0.5026889 0.1230346 3.311315 1.055018 0.1978641 3.144418 1.020256 0.02869606 3.046445 1.086464 0.01714628 3.302176 1.020256 0.02869606 3.046445 1.0582 -0.1401687 3.140027 1.086464 0.01714628 3.302176 1.95478 0.9666492 3.271805 1.456678 0.3858342 3.524418 1.43276 1.149083 3.321287 2.069542 0.3850458 3.260927 0.9129872 0.9602839 3.370556 0.8156924 0.3820357 3.379779 1.4613 -0.3774144 3.523979 2.063693 -0.3736158 3.261481 0.8203144 -0.3812126 3.37934 1.966398 -0.951864 3.270703 1.446626 -1.140663 3.319972 0.9246059 -0.9582296 3.369455 1.959643 0.9666492 3.323104 1.437623 1.149083 3.372586 1.45746 0.3858342 3.532666 2.063934 0.389633 3.313218 0.91785 0.9602839 3.421855 0.8205547 0.3820357 3.431078 1.462082 -0.3774144 3.532228 2.068556 -0.3736158 3.31278 0.825177 -0.3812127 3.430639 1.97126 -0.951864 3.322002 1.451488 -1.140663 3.371271 0.9294684 -0.9582294 3.420753 1.446626 -1.140663 3.319972 1.966398 -0.951864 3.270703 1.97126 -0.951864 3.322002 1.451488 -1.140663 3.371271 1.43276 1.149083 3.321287 0.9129872 0.9602839 3.370556 0.91785 0.9602839 3.421855 1.437623 1.149083 3.372586 0.8156924 0.3820357 3.379779 0.8203144 -0.3812126 3.37934 0.825177 -0.3812127 3.430639 0.8205547 0.3820357 3.431078 2.063693 -0.3736158 3.261481 2.069542 0.3850458 3.260927 2.063934 0.389633 3.313218 2.068556 -0.3736158 3.31278 0.9246059 -0.9582296 3.369455 0.9294684 -0.9582294 3.420753 1.95478 0.9666492 3.271805 1.959643 0.9666492 3.323104 1.57558 0.09795004 3.02374 1.625209 0.01647073 3.193964 1.57558 0.09795004 3.02374 1.590384 -0.1209571 3.057065 1.625209 0.01647073 3.193964 1.625209 0.01647073 3.193964 1.829145 -0.1231873 3.17892 1.826395 0.1168664 3.121984 1.57558 0.09795004 3.02374 1.590384 -0.1209571 3.057065 1.791041 0.09826648 2.987785 1.790067 -0.1246852 2.988623 1.826395 0.1168664 3.121984 1.57558 0.09795004 3.02374 1.829145 -0.1231873 3.17892 1.625209 0.01647073 3.193964 1.791041 0.09826648 2.987785 -1.130798 0.01708716 3.279498 -1.104736 -0.1396837 3.117551 -0.5316074 -0.04727512 3.271848 -1.068061 0.02859675 3.023801 -1.101494 0.1971797 3.121884 -0.5374825 0.1226562 3.296619 -1.101494 0.1971797 3.121884 -1.068061 0.02859675 3.023801 -1.130798 0.01708716 3.279498 -1.068061 0.02859675 3.023801 -1.104736 -0.1396837 3.117551 -1.130798 0.01708716 3.279498 -1.606352 0.09796029 3.007534 -1.653711 0.01647275 3.17842 -1.606352 0.09796029 3.007534 -1.620711 -0.1209691 3.041055 -1.653711 0.01647275 3.17842 -1.653711 0.01647275 3.17842 -1.855837 0.1168783 3.109119 -1.85783 -0.1231992 3.166092 -1.606352 0.09796029 3.007534 -1.620711 -0.1209691 3.041055 -1.821288 -0.1246975 2.975271 -1.822272 0.09827679 2.974447 -1.855837 0.1168783 3.109119 -1.606352 0.09796029 3.007534 -1.85783 -0.1231992 3.166092 -1.653711 0.01647275 3.17842 -1.822272 0.09827679 2.974447 -2.212254 -1.457271 2.953403 -2.182784 -1.457458 2.8308 -1.763154 -1.502327 2.919701 -1.800167 -1.501974 3.073669 -2.182784 -1.457458 2.8308 -2.201855 -1.053418 2.886264 -1.963182 -1.235569 2.946063 -1.763154 -1.502327 2.919701 -2.201855 -1.053418 2.886264 -1.963182 -1.235569 2.946063 -1.612468 -1.511036 2.959951 -1.649181 -1.511591 3.11399 -1.776604 -1.512151 2.996434 -1.612468 -1.511036 2.959951 -1.776604 -1.512151 2.996434 -1.618513 0.3713478 2.962674 -1.655225 0.3707931 3.116713 -1.782648 0.3702329 2.999157 -1.618513 0.3713478 2.962674 -1.782648 0.3702329 2.999157 -2.447873 -1.403484 2.82872 -2.447722 -1.404434 2.828284 -2.447954 -1.404433 2.829248 -2.447954 -1.404433 2.829248 -2.447722 -1.404434 2.828284 -2.447873 -1.403484 2.82872 -0.06418085 0.2331138 3.832849 -0.03314459 0.2390631 3.866678 -0.01888906 0.2488957 3.816171 0.06842923 0.2323779 3.833374 0.04678452 0.2387651 3.866955 0.04762744 0.2011458 3.988752 0.02234488 0.2486854 3.816314 -0.005227804 -0.04338085 4.058069 -0.005227804 -0.04338085 4.058069 -0.02451765 -0.04128295 4.05677 0.04463076 0.0236051 4.061416 -0.005227804 -0.04338085 4.058069 -0.005227804 -0.04338085 4.058069 9.38146e-4 0.2466447 3.8107 0.05508917 0.1140415 4.267841 -0.05233711 0.1183964 4.262654 -0.05251723 -0.1072279 4.305417 0.06027638 -0.1094588 4.304898 0.06318533 0.3350576 3.748995 -0.04476922 0.3357906 3.7482 -0.04513919 0.349937 3.952266 0.06432372 0.3412783 3.962327 0.05841368 0.3368005 3.645166 -0.003287792 0.3301716 3.635694 -0.04953521 0.3373066 3.644693 0.05851185 0.2464219 4.191081 -0.04991537 0.2544267 4.181998 -0.03311729 -0.2416663 4.218296 -0.007063925 -0.2463787 4.222638 -0.04991537 0.2544267 4.181998 -0.04991537 0.2544267 4.181998 0.05851185 0.2464219 4.191081 0.06432372 0.3412783 3.962327 -0.03695493 0.1594575 4.007107 -0.03874796 0.07981747 4.047481 -0.05233711 0.1183964 4.262654 -0.03695493 0.1594575 4.007107 -0.03874796 0.07981747 4.047481 -0.0388813 0.02487117 4.062271 -0.05251723 -0.1072279 4.305417 -0.03874796 0.07981747 4.047481 -0.0388813 0.02487117 4.062271 -0.02451765 -0.04128295 4.05677 -0.03311729 -0.2416663 4.218296 -0.0388813 0.02487117 4.062271 -0.02451765 -0.04128295 4.05677 -0.005227804 -0.04338085 4.058069 -0.007063925 -0.2463787 4.222638 -0.02451765 -0.04128295 4.05677 -0.005227804 -0.04338085 4.058069 0.04463076 0.0236051 4.061416 0.06027638 -0.1094588 4.304898 0.06027638 -0.1094588 4.304898 -0.007063925 -0.2463787 4.222638 -0.005227804 -0.04338085 4.058069 0.04463076 0.0236051 4.061416 0.0407902 0.07800263 4.049352 0.05508917 0.1140415 4.267841 0.05508917 0.1140415 4.267841 0.06027638 -0.1094588 4.304898 0.04463076 0.0236051 4.061416 0.0407902 0.07800263 4.049352 0.04332435 0.1562322 4.010391 0.05851185 0.2464219 4.191081 0.05851185 0.2464219 4.191081 0.05508917 0.1140415 4.267841 0.0407902 0.07800263 4.049352 0.04332435 0.1562322 4.010391 0.04762744 0.2011458 3.988752 0.06432372 0.3412783 3.962327 0.06432372 0.3412783 3.962327 0.05851185 0.2464219 4.191081 0.04332435 0.1562322 4.010391 0.04762744 0.2011458 3.988752 0.04678452 0.2387651 3.866955 0.06318533 0.3350576 3.748995 0.04762744 0.2011458 3.988752 0.04678452 0.2387651 3.866955 0.02234488 0.2486854 3.816314 0.05841368 0.3368005 3.645166 0.04678452 0.2387651 3.866955 0.02234488 0.2486854 3.816314 9.38146e-4 0.2466447 3.8107 -0.003287792 0.3301716 3.635694 0.02234488 0.2486854 3.816314 9.38146e-4 0.2466447 3.8107 -0.01888906 0.2488957 3.816171 -0.04953521 0.3373066 3.644693 -0.04953521 0.3373066 3.644693 -0.003287792 0.3301716 3.635694 9.38146e-4 0.2466447 3.8107 -0.01888906 0.2488957 3.816171 -0.03314459 0.2390631 3.866678 -0.04476922 0.3357906 3.7482 -0.04476922 0.3357906 3.7482 -0.04953521 0.3373066 3.644693 -0.01888906 0.2488957 3.816171 -0.03314459 0.2390631 3.866678 -0.03341865 0.2046192 3.985049 -0.04513919 0.349937 3.952266 -0.04513919 0.349937 3.952266 -0.04476922 0.3357906 3.7482 -0.03314459 0.2390631 3.866678 -0.03341865 0.2046192 3.985049 -0.03695493 0.1594575 4.007107 -0.04991537 0.2544267 4.181998 -0.04991537 0.2544267 4.181998 -0.04513919 0.349937 3.952266 -0.03341865 0.2046192 3.985049 -0.01359236 -0.2113216 4.019662 0.05185914 -0.2627355 3.920573 0.07132285 -0.2489528 3.910036 0.110347 -0.1608791 3.994581 0.005025744 0.1729542 3.954001 0.0401175 0.2360575 3.755077 0.02144914 0.233743 3.755077 0.0401175 0.2360575 3.755077 0.005025744 0.1729542 3.954001 0.05889272 0.1547776 3.946977 0.1036583 0.2158454 3.755078 0.1927288 -0.2255331 3.765357 0.1673232 -0.04281568 3.97192 0.1260723 -0.06449633 4.010078 0.09923505 -0.1340127 4.012073 0.1198096 0.007566988 4.012636 0.04813683 -0.04424691 4.031811 -0.009994447 -0.1276592 4.046662 0.04834485 -0.1583997 4.020613 -0.01018601 -0.1651915 4.037242 0.2562881 -0.06945365 3.755078 0.2521501 -0.05396032 3.755078 0.1357305 0.03002077 3.94782 0.1798297 0.1185202 3.755078 0.1733967 0.1289625 3.755078 0.1740833 0.1353981 3.755078 0.136018 0.07622706 3.999487 0.1348985 0.2043616 3.774487 0.05517715 0.1395466 4.003359 0.08038038 0.1191778 4.003931 -0.007964611 0.1337268 4.01667 -0.008319675 0.06333374 4.043711 0.04113525 0.02883279 4.034113 0.02306681 -0.01388841 4.042782 -0.008570075 -0.01899027 4.050665 0.1238414 0.1001507 4.004395 0.06049293 0.09199893 4.025599 0.06360983 0.06471526 4.027071 0.1046055 0.1167015 4.006746 0.174117 0.1438652 3.755078 0.1429194 0.2068153 3.755078 -0.008319675 0.06333374 4.043711 0.06049293 0.09199893 4.025599 0.1046055 0.1167015 4.006746 0.08038038 0.1191778 4.003931 -0.07296007 -0.227738 3.936517 -0.01359236 -0.2113216 4.019662 -0.108605 -0.1602026 3.996798 -0.1018183 -0.2484839 3.91398 -0.004611253 0.2427795 3.755077 -0.03254681 0.2343454 3.755077 -0.1085203 0.1530704 3.936452 -0.07414686 0.155905 3.951587 -0.1191669 0.219332 3.755076 -0.154718 0.2103813 3.755076 -0.1055968 -0.1330987 4.014612 -0.120007 -0.06268262 4.017818 -0.1553236 -0.04006761 3.999916 -0.2174078 -0.1236094 3.755076 -0.195385 -0.1702226 3.755076 -0.009994447 -0.1276592 4.046662 -0.06542146 -0.0427457 4.033985 -0.1119089 0.01071012 4.0168 -0.06935882 -0.1578255 4.022366 -0.1928701 -0.1845328 3.755076 -0.01018601 -0.1651915 4.037242 -0.2581925 -0.02750498 3.755076 -0.1816732 -0.01570963 3.953856 -0.1607326 0.03400564 3.948375 -0.2406272 0.06511765 3.729735 -0.2004101 0.1432766 3.755902 -0.2005397 0.1437628 3.755076 -0.1257776 0.07889503 4.008651 -0.1125874 0.1022682 4.013075 -0.1356005 0.1305333 3.964807 -0.06837409 0.1202521 4.006298 -0.04432129 0.1402464 4.004902 -0.007964611 0.1337268 4.01667 -0.04004323 -0.01284062 4.04417 -0.05774593 0.03034198 4.036287 -0.008570075 -0.01899027 4.050665 -0.0794748 0.06656122 4.030219 -0.07565075 0.09343355 4.028531 -0.09241884 0.1181995 4.010047 -0.06837409 0.1202521 4.006298 -0.09241884 0.1181995 4.010047 -0.07565075 0.09343355 4.028531 0.2341549 -0.1375951 3.755078 -0.08454072 -0.317903 3.755076 0.04916757 -0.3179723 3.755077 0.05185914 -0.2627355 3.920573 -0.1018183 -0.2484839 3.91398 -0.123948 -0.2952113 3.755076 -0.1081762 -0.3050605 3.755076 -0.103671 -0.3013231 3.755076 -0.1029797 -0.2960928 3.755077 -0.07296007 -0.227738 3.936517 0.06728011 -0.2967318 3.755077 0.04916757 -0.3179723 3.755077 0.06894218 -0.3018554 3.755077 0.07500642 -0.3060052 3.755077 0.09056562 -0.2975015 3.755078 -0.05302083 0.2369399 3.755076 -0.03254681 0.2343454 3.755077 0.1895703 -0.2260927 3.755078 -0.123948 -0.2952113 3.755076 -0.1029797 -0.2960928 3.755077 -0.004611253 0.2427795 3.755077 0.02144914 0.233743 3.755077 -0.05302083 0.2369399 3.755076 0.2341549 -0.1375951 3.755078 0.1927288 -0.2255331 3.765357 0.1895703 -0.2260927 3.755078 0.2089482 0.003469824 3.595647 0.1572661 -0.2389503 3.667026 0.1433834 -0.2578442 3.596623 0.1184682 -0.1972634 3.506357 0.128959 -0.1519411 3.340981 0.1851543 0.09220165 3.370791 -0.2208361 0.003466248 3.595597 -0.1970275 0.0922001 3.370748 -0.1407932 -0.1518931 3.340954 -0.1272866 -0.1954168 3.495193 -0.1555452 -0.2580043 3.597545 -0.1691415 -0.2661769 3.666984 -0.003861308 -0.2083008 3.340969 0.128959 -0.1519411 3.340981 0.1184682 -0.1972634 3.506357 0.01835232 -0.2791129 3.502418 -0.004045665 -0.2788909 3.501074 -0.004915356 -0.2442189 3.766182 -0.2040055 -0.006894886 3.77037 -0.1691415 -0.2661769 3.666984 0.1923049 -0.006870627 3.770406 -0.2040055 -0.006894886 3.77037 0.2089482 0.003469824 3.595647 0.1851543 0.09220165 3.370791 0.06847292 0.1898903 3.492048 -0.2208361 0.003466248 3.595597 -0.09074997 0.1898903 3.492028 -0.1970275 0.0922001 3.370748 0.1572661 -0.2389503 3.667026 -0.004915535 -0.2657751 3.66519 0.02211236 -0.2715391 3.602584 0.1433834 -0.2578442 3.596623 -0.004915714 -0.2865408 3.683791 -0.02803903 -0.2786909 3.499868 -0.03881442 -0.27184 3.602449 -0.004103422 -0.3471952 3.50247 0.1572661 -0.2389503 3.667026 0.1923049 -0.006870627 3.770406 0.07712906 0.1875947 3.613317 -0.2040055 -0.006894886 3.77037 -0.007201731 0.1850714 3.741634 0.128959 -0.1519411 3.340981 -0.1407932 -0.1518931 3.340954 -0.1970275 0.0922001 3.370748 -0.09074997 0.1898903 3.492028 0.06847292 0.1898903 3.492048 0.1851543 0.09220165 3.370791 -0.1008235 0.1875946 3.613296 -0.1008235 0.1875946 3.613296 0.07712906 0.1875947 3.613317 0.06847292 0.1898903 3.492048 -0.09074997 0.1898903 3.492028 0.1923049 -0.006870627 3.770406 -0.007201731 0.1850714 3.741634 -0.004915356 -0.2442189 3.766182 -0.1008235 0.1875946 3.613296 -0.007201731 0.1850714 3.741634 0.07712906 0.1875947 3.613317 0.3533499 -0.005201578 3.6744 0.332136 0.06504291 3.6744 0.2470669 0.0426709 3.757827 0.2629626 -0.009963333 3.757827 0.2710528 0.1938132 3.6744 0.2012971 0.139159 3.757826 0.1311738 0.2107751 3.757826 0.1774683 0.2893902 3.674399 0.06266981 0.3402456 3.674399 0.04515486 0.2488813 3.757826 0.06266981 0.3402456 3.674399 -0.05949634 0.3402455 3.674398 -0.04638463 0.2488812 3.757826 0.04515486 0.2488813 3.757826 -0.1742949 0.28939 3.674397 -0.1324036 0.2107751 3.757825 -0.21122 0.2094005 3.674452 -0.2678796 0.1938131 3.674397 -0.2025269 0.1391589 3.757825 -0.3289625 0.06504279 3.674397 -0.2482965 0.04267084 3.757825 -0.3501766 -0.00520122 3.674396 -0.2641924 -0.009963512 3.757825 -0.3289625 -0.1516337 3.674396 -0.2482966 -0.1196856 3.757825 -0.2678796 -0.280404 3.674397 -0.2025269 -0.2161736 3.757825 -0.1742948 -0.3759808 3.674397 -0.1324035 -0.2877897 3.757825 -0.0594961 -0.4268363 3.674398 -0.04638439 -0.3258959 3.757826 -0.0594961 -0.4268363 3.674398 0.06266987 -0.4268361 3.674398 0.04515486 -0.3258958 3.757826 -0.04638439 -0.3258959 3.757826 0.1774684 -0.3759807 3.674399 0.1311739 -0.2877897 3.757826 0.271053 -0.2804039 3.674399 0.2012972 -0.2161735 3.757826 0.332136 -0.1516335 3.6744 0.2470669 -0.1196854 3.757827 -0.2482965 0.04267084 3.757825 -0.2641924 -0.009963512 3.757825 -0.2482966 -0.1196856 3.757825 -0.2025269 -0.2161736 3.757825 -0.1324035 -0.2877897 3.757825 -0.04638439 -0.3258959 3.757826 0.04515486 -0.3258958 3.757826 0.1311739 -0.2877897 3.757826 0.2012972 -0.2161735 3.757826 0.2470669 -0.1196854 3.757827 0.2629626 -0.009963333 3.757827 0.2470669 0.0426709 3.757827 0.2012971 0.139159 3.757826 0.1311738 0.2107751 3.757826 0.04515486 0.2488813 3.757826 -0.04638463 0.2488812 3.757826 -0.1324036 0.2107751 3.757825 -0.2025269 0.1391589 3.757825 0.1774684 -0.3759807 3.674399 0.06266987 -0.4268361 3.674398 -0.0594961 -0.4268363 3.674398 -0.1742948 -0.3759808 3.674397 -0.2678796 -0.280404 3.674397 -0.3289625 -0.1516337 3.674396 -0.3501766 -0.00520122 3.674396 -0.3289625 0.06504279 3.674397 -0.2678796 0.1938131 3.674397 -0.21122 0.2094005 3.674452 -0.1742949 0.28939 3.674397 -0.05949634 0.3402455 3.674398 0.06266981 0.3402456 3.674399 0.1774683 0.2893902 3.674399 0.2710528 0.1938132 3.6744 0.332136 0.06504291 3.6744 0.3533499 -0.005201578 3.6744 0.332136 -0.1516335 3.6744 0.271053 -0.2804039 3.674399 -0.2536218 0.003643751 3.682317 -0.1797271 -0.1257213 3.682317 -0.2613916 0.07889711 3.511107 -0.1188346 0.1781048 3.515289 -0.1348053 0.2071075 3.683011 -0.1348053 0.2071075 3.683011 -0.132572 0.2066576 3.682317 -0.1188346 0.1781048 3.515289 0.2536127 0.00364381 3.682319 0.2613829 0.07889717 3.51111 0.179718 -0.1257212 3.682319 0.1351395 0.2071076 3.683012 0.1325629 0.2066576 3.682318 0.1188259 0.1781048 3.51529 0.128959 -0.1519411 3.340981 -0.003861308 -0.2083008 3.340969 -0.1407932 -0.1518931 3.340954 0.128959 -0.1519411 3.340981 -0.1407932 -0.1518931 3.340954 -0.1970275 0.0922001 3.370748</float_array>
          <technique_common>
            <accessor source="#gaul_teceitos_Mesh-mesh-positions-array" count="777" stride="3">
              <param name="X" type="float"/>
              <param name="Y" type="float"/>
              <param name="Z" type="float"/>
            </accessor>
          </technique_common>
        </source>
        <source id="gaul_teceitos_Mesh-mesh-normals">
          <float_array id="gaul_teceitos_Mesh-mesh-normals-array" count="5427">-0.4520407 0.5999068 -0.6601297 -0.2935673 0.9504623 0.1021749 -0.4520433 0.5999091 -0.6601258 0.4660215 0.8745614 0.1340384 0.4660215 0.8745614 0.1340388 0.5912125 0.7717403 0.2342752 0.4660176 0.8745638 0.1340367 0.3239223 0.9456415 0.02892124 0.4660216 0.8745626 0.1340305 0 0 1 -0.4521017 0.5999103 -0.6600848 -0.2810089 -0.1880378 -0.9411035 -0.4521101 0.5999004 -0.6600878 -0.01807987 0.2879117 0.9574863 -0.5938841 0.3315963 0.7330386 -0.6061663 -0.0850265 0.79078 -0.6061484 -0.08502715 0.7907936 -0.07832002 -0.2827529 0.95599 -0.01807564 0.2878711 0.9574986 0.6135421 0.7886757 -0.03945797 0.006193637 0.9998998 -0.01273596 0.04310131 0.994314 0.0973761 0.04311418 0.9943097 0.09741431 0.5184196 0.8391433 0.1645595 0.6135488 0.7886735 -0.03939712 0.5027642 0.7347279 -0.4554153 0.1603947 -0.08780425 -0.9831399 0.005800127 0.9507429 -0.3099266 -0.02787232 0.5060575 0.8620493 -0.7410864 0.3521754 0.5716323 -0.5939146 0.3315769 0.7330227 -0.5938764 0.3315476 0.7330669 -0.01807224 0.2879018 0.9574894 -0.02786159 0.5060608 0.8620478 0.5027423 0.7347163 -0.4554583 0.005797386 0.9507499 -0.3099048 0.00619632 0.9998995 -0.01275098 0.00619477 0.9998995 -0.01276016 0.6135658 0.7886601 -0.03939872 0.5027443 0.7347174 -0.4554543 -0.5414927 -0.7507647 0.3783361 -0.1925421 -0.9766639 0.09515941 -0.07834494 -0.2827283 0.9559953 -0.07835924 -0.2827454 0.955989 -0.6061393 -0.08499264 0.7908044 -0.5415472 -0.7507153 0.3783563 0.518443 0.8391265 0.1645714 0.04311579 0.9943103 0.09740781 0.03764367 0.9224461 0.3842867 0.03599941 0.9228093 0.3835718 -0.9980709 -0.008693933 -0.06147408 -0.5938975 0.3316014 0.7330254 -0.7410858 0.352172 0.5716353 -0.9978039 -0.01972711 -0.06323075 -0.9978399 -0.01480567 -0.06400299 -0.6061449 -0.08502644 0.7907964 -0.5938844 0.3315413 0.7330633 -0.9980735 -0.01078361 -0.06109964 -0.9437782 -0.1819678 -0.2759898 -0.5415496 -0.7507011 0.3783806 -0.6061339 -0.08510029 0.7907969 -0.9919636 -0.07920706 -0.09866315 -0.01618248 -0.6295749 -0.7767713 -0.1924896 -0.9766766 0.09513437 -0.5414988 -0.7507498 0.3783567 0.01611441 -0.6279162 -0.7781141 0.7601388 -0.5483738 -0.3485329 0.9132627 -0.2614928 -0.3123665 0.9957973 0.05388164 -0.07405716 0.9983009 0.01378226 -0.05661618 0.9967694 -0.05927902 -0.05419313 0.9967612 -0.05804467 -0.05565851 0.9880508 -0.1325553 -0.07864242 0.9926142 -0.1188996 -0.02408456 0.9569919 -0.2752602 -0.0916422 0.613559 0.7886671 -0.0393691 0.5184441 0.8391199 0.1646011 0.9929342 -0.1186515 -0.001838862 0.3907071 -0.8493336 -0.3549374 0.5027642 0.7347068 -0.4554494 0.6135635 0.7886625 -0.03938668 0.9731144 -0.2251582 -0.04850083 0.1959716 -0.8831313 -0.4262327 0.1603097 -0.08780014 -0.9831542 0.502818 0.734718 -0.455372 0.1609243 -0.890889 -0.4247592 -0.2152817 -0.8831156 -0.416846 -0.217204 -0.8829616 -0.4161747 -0.8070462 -0.4937252 -0.3239013 -0.9658687 -0.2558109 0.04072737 -0.995871 -0.08652085 -0.02748173 -0.9936782 -0.1121069 0.005969941 -0.9952323 0.03312134 -0.0917375 -0.9938263 -0.09359663 -0.05957436 0.504826 0.7920736 -0.343177 -0.3158736 0.850103 -0.4213654 0.827085 0.5102442 -0.2357568 0.3131094 -0.8652573 0.3915256 0.2267194 -0.9069887 0.3549221 0.3283175 -0.8345538 0.4424111 0.3628563 -0.8250987 0.4330677 0.3131128 -0.8652597 0.3915176 0.3283262 -0.834546 0.4424193 -0.505123 0.7917132 -0.343571 -0.8270429 0.5098557 -0.2367435 0.314867 0.8505454 -0.4212261 -0.3118224 -0.865667 0.3916471 -0.3272004 -0.8349084 0.4425697 -0.2258735 -0.9071826 0.3549661 -0.3614248 -0.8257685 0.4329878 -0.3271895 -0.8349141 0.4425671 -0.311806 -0.8656842 0.3916223 0.5048279 0.7920953 -0.3431239 0.5997734 0.4786928 -0.6411905 -0.3158992 0.8500842 -0.4213842 0.3628275 -0.8251219 0.4330474 0.2963762 -0.892814 0.3391818 0.3131066 -0.8652493 0.3915456 -0.5051077 0.7917272 -0.3435616 0.314881 0.8505252 -0.4212563 -0.5999951 0.4787549 -0.6409365 -0.3614247 -0.8257666 0.4329919 -0.3117969 -0.8656827 0.3916326 -0.2947965 -0.8932531 0.3394024 0.3036173 -0.8594561 0.4112807 0.313099 -0.865268 0.3915103 0.2963796 -0.8928106 0.3391879 0.3036114 -0.8594719 0.4112519 0.296359 -0.8928273 0.3391617 0.357343 -0.7679935 0.5314998 0.1781613 0.7789922 0.6011903 0.03535771 0.950901 0.3074694 0.04185736 0.9292381 0.3671032 0.1781896 0.7789861 0.6011899 0.04187518 0.9292253 0.3671333 0.07203114 0.8758767 0.4771287 0.3781569 -0.556551 0.7397625 0.3036119 -0.8594558 0.4112852 0.3573474 -0.7680013 0.5314855 0.378166 -0.5565516 0.7397572 0.3573237 -0.7680183 0.5314769 0.4066292 -0.3335056 0.8505449 0.1781708 0.7790018 0.601175 0.07202917 0.875863 0.4771539 0.3079111 0.5916873 0.7450483 0.178216 0.7789903 0.6011765 0.3079294 0.5916886 0.7450396 0.485831 0.2625476 0.8336887 0.3741859 -0.1941163 0.9068097 0.3781635 -0.5565288 0.7397757 0.4066576 -0.3335034 0.8505323 0.3741739 -0.1941304 0.9068116 0.4066459 -0.3334991 0.8505396 0.4108552 -0.1456697 0.899988 0.03581142 0.9720638 0.2319689 0.04186642 0.9292263 0.3671315 0.03535282 0.9509001 0.3074722 0.03583163 0.9720715 0.2319334 0.03535282 0.9509087 0.3074456 0.03954762 0.9734453 0.2254779 0.9691865 0.2401641 -0.05476039 0.5048102 0.792112 -0.3431112 0.8270868 0.5102124 -0.2358198 0.9691855 0.2401663 -0.05476784 0.8270824 0.510221 -0.2358164 0.9782735 0.1391382 -0.1536933 0.9782758 0.1391253 -0.15369 0.8270853 0.5102148 -0.2358198 0.9929159 0.0116195 -0.1182499 0.9782737 0.1391336 -0.1536962 0.992915 0.01163995 -0.1182564 0.9971613 -6.08027e-4 -0.07529431 0.4304423 0.05545508 -0.900913 0.01969003 -0.1547009 -0.9877651 0.004110515 -0.04293704 -0.9990693 0.4304755 0.05546802 -0.9008964 0.004104018 -0.04294466 -0.9990691 0.5997877 0.4787601 -0.6411269 0.9971634 -6.20347e-4 -0.07526594 0.9929156 0.01162117 -0.1182527 0.9869061 0.01649689 -0.1604508 0.9971604 -6.28509e-4 -0.07530355 0.9869061 0.01650518 -0.16045 0.9681559 0.02385306 -0.2492089 0.9885035 -0.1283829 -0.07986813 0.979201 -0.1757669 -0.101349 0.9798185 -0.1496522 -0.1325141 0.9885033 -0.1283802 -0.07987368 0.9798191 -0.1496397 -0.1325238 0.9871792 -0.1392328 -0.07804757 0.979201 -0.1757642 -0.1013529 0.9816874 -0.1067685 -0.1577669 0.9805899 -0.1085842 -0.1632571 0.979202 -0.1757766 -0.1013222 0.9805944 -0.1085827 -0.1632316 0.9798198 -0.1496313 -0.132528 0.969182 0.2401798 -0.0547716 0.4304763 0.05543637 -0.9008979 0.599785 0.4787376 -0.6411461 0.969189 0.240149 -0.05478227 0.5997942 0.4787591 -0.6411216 0.5048161 0.792073 -0.3431926 0.9885036 -0.1283765 -0.07987743 0.9873318 -0.1382336 -0.07789367 0.7028655 -0.09331774 -0.7051751 0.9885033 -0.1283856 -0.07986491 0.7028729 -0.0932902 -0.7051714 0.7045334 -0.07602018 -0.7055875 0.9681535 0.02387809 -0.249216 0.9869047 0.01650571 -0.1604577 0.9805931 -0.1086 -0.1632277 0.9681564 0.02385556 -0.2492072 0.9805923 -0.1085963 -0.1632356 0.9816855 -0.10674 -0.1577982 -0.7045516 -0.07608121 -0.7055627 0 0 -1 -0.7028518 -0.09331595 -0.7051889 -0.3019963 -0.8597716 0.4118143 -0.3553645 -0.7684495 0.5321668 -0.2948346 -0.893278 0.3393037 -0.3019964 -0.8597859 0.4117844 -0.2948481 -0.8932702 0.3393127 -0.3117653 -0.865683 0.3916573 -0.1655648 0.7159157 0.6782721 -0.1007556 0.7737349 0.625446 -0.04111367 0.942706 0.3310817 -0.1655908 0.7158957 0.678287 -0.04110687 0.9426983 0.3311046 -0.033432 0.9391826 0.3417868 -0.3832703 -0.5834994 0.7159836 -0.4309731 -0.3654789 0.8250379 -0.3553537 -0.7684503 0.532173 -0.3832728 -0.5835157 0.715969 -0.3553555 -0.7684491 0.5321736 -0.3019989 -0.8597882 0.4117776 -0.1655573 0.7158998 0.6782907 -0.3900533 0.2905582 0.8737473 -0.2673701 0.4444588 0.8549676 -0.1655763 0.7158976 0.6782884 -0.2673692 0.4444769 0.8549585 -0.1007422 0.7737136 0.6254746 -0.4149377 -0.2435616 0.8766438 -0.4564248 -0.1447374 0.877911 -0.4310013 -0.3654772 0.825024 -0.4149457 -0.2435607 0.8766404 -0.4309728 -0.3654853 0.8250352 -0.3833064 -0.5834892 0.7159725 -0.04111772 0.9427018 0.3310932 -0.02971756 0.7847693 -0.6190752 -0.03424561 0.9628529 -0.2678462 -0.04111927 0.9426974 0.3311056 -0.03425645 0.962849 -0.2678589 -0.03343015 0.9391762 0.3418049 -0.9691894 0.2399249 -0.05574989 -0.978244 0.1387619 -0.1542201 -0.8270578 0.5098163 -0.2367756 -0.9691882 0.2399321 -0.05573928 -0.8270437 0.5098363 -0.2367824 -0.5051109 0.7917091 -0.3435983 -0.9782401 0.13879 -0.1542196 -0.997205 -1.06893e-4 -0.07471549 -0.9929186 0.01166266 -0.1182234 -0.9782433 0.1387743 -0.1542132 -0.9929227 0.01165407 -0.1181901 -0.8270639 0.5098064 -0.2367759 -0.4304577 0.05540758 -0.9009086 -0.5999862 0.478725 -0.6409672 -0.004112243 -0.04303741 -0.9990651 -0.4304671 0.05538856 -0.9009053 -0.004101514 -0.04300743 -0.9990663 -0.01965594 -0.1548694 -0.9877395 -0.9971618 -5.96233e-4 -0.0752874 -0.9681553 0.02385556 -0.2492116 -0.9869062 0.01651167 -0.160448 -0.9971637 -6.03229e-4 -0.07526117 -0.9869059 0.0164982 -0.1604514 -0.9929222 0.01164984 -0.1181947 -0.9886527 -0.1312891 -0.0730009 -0.9875487 -0.140826 -0.07011109 -0.9804368 -0.1566762 -0.1191478 -0.9886522 -0.1312826 -0.07301795 -0.9804379 -0.1566897 -0.1191222 -0.9786272 -0.1848431 -0.09012156 -0.9786266 -0.1848555 -0.09010314 -0.9804379 -0.1566802 -0.1191334 -0.980937 -0.1134198 -0.157793 -0.9786268 -0.1848547 -0.09010189 -0.9809388 -0.1134278 -0.1577762 -0.9818613 -0.1116387 -0.1532487 -0.9691869 0.2399379 -0.0557366 -0.5051003 0.7916988 -0.3436378 -0.5999873 0.4787181 -0.6409713 -0.9691885 0.2399309 -0.05573934 -0.6000174 0.4786894 -0.6409646 -0.4304481 0.05542188 -0.9009122 -0.9886498 -0.1312946 -0.07303082 -0.7045337 -0.07602101 -0.7055871 -0.702873 -0.09329098 -0.7051712 -0.9886509 -0.1312981 -0.07300871 -0.7028656 -0.09331876 -0.7051749 -0.9875465 -0.1408193 -0.07015603 -0.9681565 0.02385592 -0.2492069 -0.981861 -0.1116577 -0.1532375 -0.9809392 -0.1134334 -0.1577697 -0.9681549 0.02387899 -0.2492108 -0.9809404 -0.113424 -0.1577693 -0.9869055 0.01650649 -0.1604527 -0.02977502 0.7847812 -0.6190574 -8.51542e-7 0 -1 -0.03417432 0.9628603 -0.2678286 -1.26586e-6 0 -1 -0.7028543 -0.09330737 -0.7051876 1.36656e-6 0 -1 0.7028518 -0.09332722 -0.7051875 9.29117e-7 0 -1 0.7045587 -0.07601565 -0.7055627 0.7028579 -0.09327095 -0.7051889 -0.2903956 -0.1611988 -0.9432314 -0.04579085 -0.09335589 -0.9945793 -0.08956736 -0.2587788 -0.9617751 -0.04579651 -0.09334725 -0.9945798 -0.2904086 -0.1611852 -0.9432297 -0.3964245 -0.02002274 -0.917849 -0.04580003 -0.0933361 -0.9945807 0.1122096 -0.1566237 -0.9812635 -0.08960288 -0.2587789 -0.9617717 0.1122181 -0.1566023 -0.981266 -0.04578399 -0.09337717 -0.9945777 0.2201898 -0.02536326 -0.9751273 -0.3964275 -0.0200513 -0.9178471 -0.1399025 0.09340941 -0.9857495 -0.04578667 -0.09336638 -0.9945785 -0.1398956 0.0933901 -0.9857523 -0.3964295 -0.02002876 -0.9178467 -0.3994746 0.02747815 -0.9163324 -0.04578381 -0.09335869 -0.9945793 0.2199586 0.02006018 -0.975303 0.2201883 -0.02533262 -0.9751285 0.2199585 0.02006024 -0.975303 -0.04577845 -0.0933718 -0.9945783 -0.13991 0.09339267 -0.98575 -0.2945905 0.1566032 -0.9427046 -0.1398926 0.0933932 -0.9857524 -0.3994745 0.02752065 -0.9163312 -0.1398968 0.09341067 -0.9857501 -0.294583 0.1566243 -0.9427034 -0.09270238 0.2587795 -0.9614778 -0.1398792 0.09339839 -0.9857538 0.1103062 0.1590766 -0.9810847 0.2199606 0.02004265 -0.9753029 0.1102977 0.1590985 -0.9810822 -0.1398968 0.09338921 -0.9857522 -0.09273707 0.2587797 -0.9614744 0.2534734 0.1268419 0.9589904 0.09106701 0.206683 0.9741606 0.05709058 0.07312703 0.9956873 0.05709636 0.07312619 0.9956871 0.3401182 0.01611483 0.9402446 0.2534728 0.1268553 0.9589887 0.05707287 0.07314032 0.9956874 0.09108781 0.2066831 0.9741587 -0.07029747 0.1248636 0.9896805 -0.07029575 0.124877 0.9896789 -0.1575958 0.02035951 0.9872938 0.05710208 0.07311719 0.9956874 0.3401194 0.01614075 0.9402438 0.05709469 0.07312995 0.9956869 0.1310022 -0.0731281 0.9886814 0.1310042 -0.07313382 0.9886806 0.3402942 -0.0203855 0.9400981 0.340119 0.01614069 0.9402439 0.05709463 0.07313346 0.9956866 -0.1575962 0.02038514 0.9872932 -0.1573967 -0.01614111 0.9874036 -0.1573981 -0.01614135 0.9874033 0.131003 -0.0731306 0.9886811 0.05709564 0.0731275 0.995687 0.2549964 -0.1248781 0.9588444 0.3402936 -0.02036052 0.9400989 0.1309966 -0.0731182 0.9886828 0.1310238 -0.07314115 0.9886775 0.09356963 -0.206684 0.9739233 0.2549971 -0.1248646 0.9588459 0.131003 -0.07312691 0.9886813 -0.1573996 -0.01611566 0.9874035 -0.06877124 -0.1268559 0.9895343 -0.06877297 -0.1268426 0.9895359 0.09359127 -0.2066837 0.9739212 0.1310071 -0.07312768 0.9886807 0.1229129 -0.9923489 -0.01166754 0.8719744 -0.4825294 -0.08262121 0.6283674 -0.7756335 -0.05955946 0.1229145 -0.9923489 -0.01165199 0.6283697 -0.7756334 -0.0595358 -0.1109167 -0.9937744 0.01049226 -0.1229159 0.9923489 0.01163333 -0.8719682 0.4825295 0.08268672 -0.6283664 0.7756338 0.0595653 -0.1229147 0.9923489 0.01165229 -0.6283643 0.7756333 0.05959212 0.1109131 0.9937743 -0.01053333 -0.9942086 0.05166006 0.09423738 -0.988161 -0.1215049 0.09367138 -0.9935095 -0.06380498 0.09417039 -0.9942086 0.05165964 0.09423691 -0.9935094 -0.06380546 0.09416997 -0.989561 0.1094205 0.09378832 0.998041 -0.05648344 -0.02690196 0.9919268 0.1218581 0.03509968 0.9976914 0.05849558 0.03449887 0.9980408 -0.0564931 -0.0268923 0.9976899 0.05851644 0.03450846 0.9895593 -0.1094214 -0.09380507 -0.6189305 -0.7832538 0.05863946 0.1229432 -0.9923455 -0.01163369 -0.1108884 -0.9937773 0.01051044 -0.6189281 -0.7832535 0.05866742 -0.1108989 -0.9937773 0.0104056 -0.8660668 -0.4931472 0.08206313 0.871976 -0.482518 -0.08266931 0.9980406 -0.05648803 -0.02691161 0.9895573 -0.1094459 -0.09379798 0.871978 -0.4825166 -0.08265781 0.9895577 -0.1094444 -0.09379571 0.6283752 -0.7756243 -0.05959445 -0.8719688 0.4825161 0.08275765 -0.9942071 0.05168294 0.09424036 -0.9895579 0.1094439 0.09379494 -0.8719783 0.4825168 0.08265298 -0.9895567 0.1094446 0.09380567 -0.6283808 0.7756244 0.05953437 0.991927 0.121856 0.03510141 0.6153334 0.7861081 -0.05829983 0.8666284 0.4987898 -0.0128138 0.9919276 0.1218473 0.03511369 0.8666182 0.498807 -0.01283174 0.9976913 0.05850386 0.03448843 -0.9881608 -0.1215299 0.09364223 -0.6189338 -0.7832467 0.05870097 -0.8660687 -0.4931376 0.08209878 -0.9881579 -0.12153 0.09367305 -0.8660679 -0.4931378 0.08210825 -0.9935082 -0.06383025 0.09416699 0.6153299 0.7861067 -0.05835545 -0.1229392 0.9923455 0.0116744 0.1108883 0.9937773 -0.01051104 0.6153321 0.7861067 -0.05833196 0.1108897 0.9937773 -0.01049506 0.8666223 0.4987987 -0.01287633 0.9972532 -0.07200509 0.01735693 0.4570734 0.8673785 -0.196821 0.9433262 0.3318337 -0.004699945 -0.2167317 0.9606827 -0.1735401 -0.9947576 -0.0877242 -0.05255275 -0.6746447 0.7284016 -0.1195231 -0.505939 0.8359248 -0.2127336 -0.9970785 -0.073421 -0.02106416 -0.9508081 0.3075163 -0.03738945 0.9988614 -0.03135538 -0.03595548 0.1844402 0.9603002 -0.2092971 0.6526133 0.7459668 -0.1327762 0.810654 -0.5797806 -0.08182054 0.8485128 -0.518783 -0.1043567 0.8226531 -0.5547943 -0.1242787 -0.8153668 -0.5725225 -0.08599454 -0.7959474 -0.6047974 -0.02622711 -0.9972264 0.07377874 -0.009815692 0.9996995 -0.01953035 0.01482313 0.770328 -0.6376188 -0.006107807 0.8106727 -0.5797512 -0.08184432 -0.8449072 -0.5305418 0.06824332 -0.6746314 0.7284216 -0.1194756 -0.9947644 -0.08768087 -0.05249822 -0.9947647 -0.08769887 -0.05246102 -0.8027352 -0.5956124 0.02936047 -0.8449293 -0.5305049 0.06825798 0.9972543 -0.07198315 0.01738679 0.9433338 0.3318127 -0.004660427 0.8478162 -0.5168954 0.1184348 0.7739809 -0.6316847 0.04391056 0.9972529 -0.07199597 0.01741504 0.8478164 -0.5168978 0.1184234 0.841596 -0.529833 -0.1048494 0.8525941 -0.5094799 -0.1162478 0.8624795 -0.4904922 -0.1246859 0.8415828 -0.5298527 -0.1048548 0.8624817 -0.4904876 -0.1246892 0.9953717 0.09250551 -0.02603971 -0.9592455 -0.2823863 -0.01029896 -0.8594024 0.5009235 0.1024859 -0.8422909 -0.5276904 -0.1099491 -0.9592491 -0.2823744 -0.01028513 -0.8423048 -0.5276712 -0.1099354 -0.828764 -0.5564191 -0.05956673 0.8315154 -0.5501911 -0.07662892 0.8415812 -0.5298607 -0.1048278 0.9953697 0.09253883 -0.02599561 -0.7852973 -0.618246 0.03286588 -0.9592464 -0.2823833 -0.01029866 -0.8287667 -0.5564162 -0.05955588 0.6525883 0.7459906 -0.1327651 0.8834505 -0.4572172 0.1023131 0.9988627 -0.03132945 -0.03594261 0.8477805 -0.5266613 0.06241947 0.9988606 -0.0313481 -0.03598433 0.8834633 -0.4571913 0.1023166 -0.9508165 0.3074922 -0.03737187 -0.9970811 -0.07340359 -0.02101153 -0.8588392 -0.5052775 0.08420097 -0.9970809 -0.07340621 -0.02100718 -0.7837505 -0.6210045 0.009416818 -0.858839 -0.5052742 0.0842235 0.9953722 0.09252578 -0.02594447 0.8911514 0.450577 0.05319291 0.3547406 0.926279 0.1271473 0.9953693 0.09253841 -0.02601116 0.3547768 0.9262699 0.1271126 0.5286415 0.8473794 0.04986453 0.9996998 -0.01953089 0.01479595 0.9756997 0.2181131 0.02090072 0.4871081 0.8581849 0.1620012 0.9997009 -0.01950752 0.01475399 0.4868758 0.8583073 0.1620515 0.4862925 0.858614 0.1621785 -0.5373687 0.8253468 0.1733139 -0.5383563 0.8246783 0.1734318 -0.8594009 0.5009164 0.1025328 -0.5373367 0.8253684 0.1733103 -0.8594105 0.5009042 0.1025118 -0.9592486 -0.2823745 -0.01034158 -0.8422907 -0.5276915 -0.1099459 -0.8634327 -0.4960815 -0.09158176 -0.8287735 -0.5564054 -0.05956143 0.6525874 0.7459852 -0.1328002 0.1844118 0.9603159 -0.2092507 -0.1091451 0.987382 -0.1147356 0.002800405 0.9959298 -0.09008902 -0.2167399 0.9606791 -0.1735499 -0.6746562 0.7283819 -0.119578 -0.8461738 -0.5186066 -0.1226261 -0.8299381 -0.5462259 -0.1133147 -0.8153724 -0.5725116 -0.08601373 -0.8461751 -0.5186042 -0.1226273 -0.8153715 -0.572513 -0.08601331 -0.9972294 0.0737347 -0.009829938 0.8624799 -0.4904896 -0.1246936 0.8911296 0.4506254 0.0531488 0.9953719 0.09252083 -0.02597761 -0.8905086 0.4526062 0.04628288 -0.8461745 -0.5186056 -0.122626 -0.9972265 0.07376796 -0.009882748 0.8226773 -0.5547624 -0.1242614 0.975699 0.2181184 0.02087789 0.9996994 -0.01953136 0.01482832 0.8226621 -0.5547823 -0.1242725 0.9996997 -0.01953244 0.01479744 0.8106652 -0.5797644 -0.08182585 -0.323288 0.9377749 0.1267409 -0.8905107 0.4526024 0.04628026 -0.9972259 0.07377082 -0.009927034 -0.3233034 0.9377733 0.1267133 -0.9972267 0.07377028 -0.009844243 -0.4836494 0.8732451 0.05938309 -0.9452608 -0.3247218 0.03221797 -0.8242356 -0.5424631 -0.1623877 -0.8633731 -0.4745647 -0.1713927 -0.8138269 0.3342049 -0.4753873 -0.9452636 -0.3247138 0.03221416 -0.863369 -0.4745725 -0.1713908 -0.8138013 0.3341785 -0.4754496 -0.8633915 -0.4745306 -0.1713946 -0.8884461 0.4589806 -6.57156e-4 0.9916478 -0.07392245 0.1056883 0.9745619 0.2236881 -0.01388382 0.8342877 -0.5334661 -0.1392055 0.9403706 -0.3394315 -0.02212482 0.6677337 0.5536592 -0.4975876 0.994165 0.05829095 -0.09076559 0.9403733 -0.3394235 -0.02213048 0.9941651 0.05829048 -0.09076386 0.8668551 -0.4672424 -0.1739168 -0.929569 -0.3597853 0.08035093 -0.8609948 -0.4946765 -0.1182504 -0.8516411 -0.5086984 -0.1262276 -0.9295685 -0.3597862 0.08035176 -0.8516413 -0.5086978 -0.1262286 -0.9914205 -0.07004243 0.1103605 0.834272 -0.5334869 -0.1392187 0.8458932 -0.517186 -0.1303213 0.9245113 -0.3735781 0.07561868 0.8342723 -0.5334867 -0.1392183 0.924507 -0.3735873 0.07562714 0.9916476 -0.07392567 0.105688 -0.8138064 0.3342015 -0.4754246 -0.8403864 0.0735296 -0.5369769 -0.9452649 -0.3247093 0.03221946 0.2132568 -0.594437 0.7753492 0.9256344 -0.3712134 0.0734961 0.8820509 -0.00571084 0.4711195 0.9916473 -0.07392579 0.1056918 -0.2074661 -0.5745679 0.7917256 0.6677166 0.5536916 -0.4975744 0.9403736 -0.3394218 -0.02214509 0.8445647 0.08328586 -0.5289366 -0.9914169 -0.07002657 0.1104041 -0.8866627 -0.0203365 0.4619696 -0.9295661 -0.3597995 0.08032047 0.6676959 0.553708 -0.4975838 0.8445727 0.0832262 -0.5289333 -0.001383781 -0.007786631 -0.9999688 -0.001316606 -0.00781089 -0.9999687 0.006249725 0.7397666 -0.6728346 0.6676889 0.5537154 -0.4975849 -0.8138288 0.3341325 -0.4754348 -0.005895376 0.7393374 -0.6733095 0.001577675 -0.009076595 -0.9999576 0.001488208 -0.009112 -0.9999575 -0.8403738 0.07347434 -0.5370042 -0.8137986 0.3342022 -0.4754374 -0.8138213 0.3341652 -0.4754248 -0.8884716 0.4589315 -6.09227e-4 -0.08002734 0.9870089 0.1393162 -0.8137809 0.3341953 -0.4754726 -0.07998704 0.9870152 0.1392949 -0.005846679 0.7393521 -0.6732937 0.8668562 -0.46724 -0.1739174 0.846075 -0.5055939 -0.1689141 0.9403727 -0.3394247 -0.02214372 -0.8516326 -0.5087102 -0.1262372 -0.9775891 0.2105084 0.002397179 -0.9914209 -0.07005113 0.1103518 0.486311 0.8627647 0.138343 0.9745739 0.2236385 -0.01384443 0.9916447 -0.07391107 0.1057257 -0.9775815 0.2105446 0.00234884 -0.5368628 0.8310464 0.1453965 -0.991421 -0.0700652 0.1103417 0.08725416 0.9859997 0.1420966 0.9941627 0.05829244 -0.090788 0.6677227 0.5536471 -0.4976158 0.08729231 0.985995 0.1421058 0.6676877 0.5536621 -0.497646 0.006198406 0.7397908 -0.6728084 -0.3881465 -0.5946202 0.7041088 -0.1624521 -0.9860033 -0.0375089 -0.08815127 -0.9959214 -0.01923084 -0.08822119 -0.995917 -0.01913952 -0.1542784 -0.5947344 0.7889798 -0.3882557 -0.5946006 0.7040651 0.2040481 0.1831489 -0.9616761 0.02728867 0.222082 -0.9746461 0.5776889 0.4152439 -0.7027432 0.5773719 0.4158103 -0.7026689 0.4769886 0.8357118 -0.2721536 0.2040233 0.1831655 -0.9616783 -0.1794863 0.2932723 0.9390293 -0.3882087 -0.5943164 0.7043309 -0.1543254 -0.59472 0.7889816 -0.1543825 -0.5946948 0.7889893 0.3587548 0.6759101 0.6437706 -0.1794364 0.2932975 0.939031 -0.1542612 -0.5947336 0.7889838 -0.08486801 -0.996223 -0.01836115 0.3943819 -0.9141927 0.09335237 0.3944139 -0.9141792 0.09335041 0.745781 -0.1757817 0.6425819 -0.154303 -0.5947435 0.7889682 0.477692 0.8357147 -0.2709085 0.5786942 0.4164374 -0.7012082 0.3346048 0.8736968 -0.3531197 0.3341994 0.873908 -0.352981 -0.1946052 0.4692053 -0.8613799 0.4763909 0.8364278 -0.2709988 0.3597909 0.6771886 0.641846 -0.1543343 -0.5947212 0.7889789 0.745022 -0.1748419 0.6437178 0.7457849 -0.1753845 0.6426858 -0.6527494 0.2742145 0.7062044 0.3606531 0.6774491 0.6410868 0.7502888 -0.1731677 0.638028 0.3961137 -0.9134028 0.09375149 0.8724957 0.4414313 0.2094988 0.8724858 0.4414306 0.2095414 -0.1919475 0.4947283 0.8475849 0.7502908 -0.1731522 0.6380301 -0.1947936 0.4677563 -0.862125 0.3343591 0.8736817 -0.35339 -0.216985 7.15132e-4 -0.9761747 -0.2169799 7.15259e-4 -0.9761759 -0.1948022 0.4677566 -0.862123 -0.653149 0.2720934 0.7066553 0.7458996 -0.1753848 0.6425527 -0.1919066 0.4947298 0.8475933 -0.1919546 0.4947852 0.8475501 -0.4838254 0.7030551 0.5211781 -0.6531472 0.2720935 0.7066569 -0.7440772 0.1777156 -0.6440236 -0.5005113 0.1798997 -0.8468321 -0.9713417 -0.04648351 -0.2330976 -0.1919624 0.4947649 0.8475601 0.8682369 0.4501891 0.2085531 -0.4832952 0.7039068 0.52052 -0.1685718 -0.9849181 -0.03898781 -0.3882161 -0.5945969 0.7040902 -0.3971942 -0.824377 0.403286 -0.3972387 -0.8245026 0.402985 -0.195642 -0.979612 -0.04565739 -0.1686098 -0.9849015 -0.03924089 -0.3882842 -0.594292 0.7043099 -0.1795067 0.2932994 0.939017 -0.3836499 0.3240005 0.8647754 -0.3832353 0.325671 0.8643316 -0.3974939 -0.8239468 0.4038692 -0.3883575 -0.5941861 0.7043588 0.02701318 0.2200312 -0.9751188 0.2039993 0.1831531 -0.9616856 -0.4958884 0.1801774 -0.8494886 -0.4930933 0.1860034 -0.8498599 -0.7358384 0.1824805 -0.6521064 0.02653771 0.2223156 -0.9746136 0.433007 -0.4913334 0.7557093 0.5517224 -0.7487226 0.3674467 0.63056 -0.6259877 0.4588395 0.6305503 -0.6260054 0.4588286 0.5185739 -0.6280291 0.5802246 0.4330123 -0.4913085 0.7557224 -0.1657853 0.9110006 0.3776153 -0.118075 0.9523357 0.2812742 0.3122065 0.8853682 0.3444564 0.2328026 0.9083752 0.3473577 0.2140504 0.9255826 0.3122169 0.2140755 0.9255749 0.3122225 0.2147042 0.9300761 0.2980949 0.3121722 0.8853775 0.3444638 0.7471112 -0.417222 0.5174463 0.8464798 -0.06241142 0.5287503 0.5499669 -0.1558275 0.8205208 0.5500053 -0.1558183 0.8204967 0.6052573 -0.1934331 0.7721704 0.7471281 -0.4171922 0.5174459 0.701882 0.1065476 0.7042793 0.2947284 -0.04314446 0.9546066 0.5499584 -0.1558445 0.8205232 0.8464788 -0.06238496 0.5287551 0.7018852 0.1065394 0.7042773 0.5499935 -0.1558315 0.8205022 0.2866196 -0.1163533 0.9509528 0.6052742 -0.1934053 0.7721644 0.5499664 -0.1558231 0.8205219 0.5499683 -0.1558451 0.8205166 0.2947268 -0.04313755 0.9546074 0.2866166 -0.116365 0.9509523 0.5185749 -0.6280137 0.5802404 0.7471337 -0.41719 0.5174396 0.6052685 -0.1934736 0.7721517 0.6052752 -0.1934209 0.7721596 0.3091896 -0.3357855 0.8897472 0.5185832 -0.6280372 0.5802075 0.2866262 -0.1163579 0.9509503 0.2927165 -0.2974621 0.9087538 0.3091971 -0.3358137 0.8897339 0.3091882 -0.3358067 0.8897396 0.6052683 -0.1933984 0.7721706 0.286601 -0.1163831 0.9509548 0.4329886 -0.491321 0.7557278 0.518588 -0.6280426 0.5801975 0.3091919 -0.3358072 0.8897382 0.3091985 -0.3357918 0.8897417 0.2927072 -0.2974232 0.9087696 0.4330162 -0.4913198 0.7557129 0.7018609 0.1065632 0.704298 0.8464607 -0.06240224 0.528782 0.869262 0.1369957 0.4749903 0.8692743 0.1369716 0.4749749 0.8690276 0.2976763 0.395196 0.8610493 0.3471817 0.3715631 0.8610476 0.3471805 0.371568 0.7019014 0.1065192 0.7042642 0.8692835 0.1369869 0.4749535 0.8610522 0.3471795 0.3715583 0.8223508 0.4218258 0.3818409 0.926209 0.2251296 0.3024131 0.9262107 0.2251287 0.3024088 0.7018724 0.1065197 0.7042931 0.8610331 0.3471988 0.3715847 0.9251768 0.1145477 0.361838 0.7545171 0.08292776 0.65102 0.7018676 0.1065109 0.7042992 0.7018859 0.1065175 0.7042799 0.9262094 0.2251529 0.3023947 0.9251703 0.1145532 0.361853 0.4718527 0.7663766 0.4359153 0.214088 0.9255718 0.312223 0.2376267 0.7548139 0.6113835 0.2376082 0.7548115 0.6113935 0.3122617 0.7188971 0.6210311 0.4718286 0.7663722 0.4359489 0.232779 0.9083884 0.3473392 0.1037951 0.6313697 0.7685044 0.2375704 0.7548283 0.6113874 0.2375749 0.7548263 0.6113881 0.2140523 0.9255796 0.3122243 0.2328127 0.9083767 0.3473471 0.1937738 0.2838925 0.9390723 0.312256 0.718909 0.6210203 0.2376012 0.7548268 0.6113774 0.2376438 0.754822 0.6113668 0.1038335 0.6313856 0.7684862 0.1938051 0.2838789 0.93907 0.701882 0.1065693 0.704276 0.2561396 0.05913692 0.9648292 0.2766066 0.009935021 0.9609319 0.2947218 -0.04312962 0.9546093 0.7018659 0.1065749 0.7042912 0.2765882 0.009954094 0.960937 0.1938074 0.2839077 0.9390608 0.2385361 0.02119082 0.9709024 0.2766533 0.009922683 0.9609186 0.2766045 0.009928643 0.9609327 0.2561379 0.05915433 0.9648286 0.1937538 0.2838983 0.9390747 0.2865928 -0.1163786 0.9509578 0.2947093 -0.04312628 0.9546134 0.2765956 0.00994277 0.960935 0.2766576 0.009943664 0.9609172 0.2385565 0.02123051 0.9708966 0.2866725 -0.1163689 0.9509349 0.6362572 0.3423655 0.6913485 0.2729871 0.1220338 0.9542462 0.2873083 0.05419176 0.9563039 0.2873212 0.05418646 0.9563004 0.7545302 0.08289074 0.6510096 0.6362584 0.3423578 0.6913511 0.1937825 0.283878 0.9390749 0.2561699 0.05914157 0.9648209 0.2873109 0.05419272 0.9563031 0.2873404 0.05419355 0.9562942 0.2729982 0.1220229 0.9542444 0.1938034 0.283898 0.9390646 0.7019044 0.1065471 0.704257 0.7545033 0.08295673 0.6510322 0.2873393 0.05420917 0.9562937 0.2561422 0.05912643 0.9648292 0.7018738 0.1065848 0.7042818 0.2873227 0.05420714 0.9562987 0.4718268 0.7663964 0.4359084 0.3122652 0.7188886 0.6210392 0.3702882 0.6909244 0.6208947 0.3703249 0.6909292 0.6208675 0.2729895 0.1220502 0.9542435 0.6362826 0.3423511 0.6913323 0.4718406 0.7663693 0.4359412 0.3703021 0.6909462 0.6208621 0.636285 0.3423321 0.6913394 0.6362776 0.3423275 0.6913484 0.7545136 0.08289301 0.6510284 0.9251683 0.1145552 0.3618574 0.4718529 0.76638 0.4359092 0.636278 0.3423194 0.6913521 0.9251676 0.1145526 0.3618602 0.4718421 0.7663649 0.4359471 0.9251993 0.114499 0.3617961 0.6833621 0.2196095 0.6962671 0.4718495 0.7663486 0.4359678 0.6833211 0.2195826 0.696316 0.5738903 0.7487035 0.3318028 -0.1815967 0.3086744 0.9336717 -0.1391736 0.7457606 0.651515 -0.08486133 0.6824446 0.7259945 -0.08491367 0.6824902 0.7259455 -0.02954626 0.6106433 0.7913545 -0.1815928 0.3086986 0.9336644 -0.3025583 -0.8310397 0.4667243 -0.380068 -0.651687 0.6563935 -0.6995431 -0.4668266 0.541029 -0.6995394 -0.4667869 0.5410681 -0.6041958 -0.5693615 0.5574721 -0.3025636 -0.8310462 0.4667095 -0.1658092 0.9109956 0.3776168 -0.2728003 0.9035643 0.3303811 -0.2599614 0.8671122 0.424896 -0.2260325 0.903049 0.3652558 -0.2325369 0.908774 0.3464917 -0.2325399 0.9087728 0.3464929 -0.5551851 0.7450358 0.3697178 -0.2599615 0.8671151 0.4248901 -0.6565545 -0.2747712 0.7024508 -0.3676617 -0.03636795 0.9292483 -0.7721576 -0.1350992 0.6209034 -0.6565992 -0.2747863 0.7024031 -0.7722067 -0.1350832 0.6208457 -0.8531062 -0.3883041 0.3484677 -0.9097121 -0.2295022 0.3460531 -0.6565972 -0.274762 0.7024143 -0.8531085 -0.388302 0.3484647 -0.2794601 -0.1040252 0.9545055 -0.3105589 -0.01528996 0.9504312 -0.3676759 -0.03635448 0.9292431 -0.3676755 -0.03636467 0.9292429 -0.6565771 -0.2747954 0.7024201 -0.2794991 -0.104034 0.9544932 -0.534075 0.1621052 0.8297506 -0.7722068 -0.1350994 0.620842 -0.3677152 -0.03634512 0.929228 -0.3105393 -0.01527357 0.9504379 -0.5340514 0.1620801 0.8297705 -0.367664 -0.03636217 0.9292476 -0.6995342 -0.4668285 0.5410389 -0.3572896 -0.3390358 0.8702868 -0.6566014 -0.2747615 0.7024107 -0.6995449 -0.466839 0.5410161 -0.6565859 -0.2747864 0.7024154 -0.9097056 -0.2295162 0.3460611 -0.6995361 -0.4668261 0.5410386 -0.9097069 -0.2295204 0.3460547 -0.8781892 -0.3364122 0.3400155 -0.3800597 -0.651673 0.6564122 -0.2666916 -0.2798963 0.9222439 -0.3572937 -0.3390251 0.8702892 -0.3572971 -0.3389983 0.8702983 -0.6995611 -0.4668412 0.5409931 -0.3800942 -0.6516844 0.656381 -0.2794604 -0.1040278 0.9545052 -0.656563 -0.2747976 0.7024325 -0.3572974 -0.3390401 0.8702818 -0.3572922 -0.3390176 0.8702927 -0.2666972 -0.2799329 0.9222311 -0.2794703 -0.1040443 0.9545005 -0.9309424 0.004471123 0.3651388 -0.8336874 0.2304139 0.5018713 -0.7696233 0.4475325 0.455406 -0.7695998 0.4475475 0.4554311 -0.881132 0.3115184 0.3557568 -0.9309328 0.004496812 0.3651629 -0.5340637 0.162068 0.829765 -0.7696169 0.4475327 0.4554169 -0.8336819 0.2304214 0.5018771 -0.772168 -0.1350761 0.6208953 -0.5340395 0.1621167 0.8297712 -0.83367 0.2304446 0.5018861 -0.8811336 0.3115223 0.3557494 -0.7696056 0.4475544 0.4554145 -0.8638447 0.3336232 0.3774492 -0.863646 0.3338955 0.3776632 -0.8182529 0.4298233 0.3817253 -0.8809579 0.3117922 0.355948 -0.5340357 0.1620348 0.8297895 -0.7331431 0.09070503 0.6739984 -0.8638169 0.3336432 0.3774954 -0.7696037 0.4475433 0.4554286 -0.5340598 0.1620826 0.8297647 -0.8638345 0.3336455 0.3774529 -0.6113815 0.2708237 0.7435504 -0.6374907 0.618375 0.4595847 -0.8638234 0.333651 0.3774734 -0.8638333 0.3336279 0.3774712 -0.7331534 0.09069716 0.6739883 -0.6113425 0.2707939 0.7435934 -0.5553658 0.7449472 0.3696249 -0.8186013 0.4294428 0.3814064 -0.8639448 0.3335012 0.377328 -0.5552027 0.7450215 0.3697201 -0.8638291 0.3336308 0.3774784 -0.6374944 0.6183683 0.4595886 -0.2599505 0.8671185 0.4248898 -0.5551847 0.7450283 0.3697336 -0.6375108 0.6183581 0.4595794 -0.2599803 0.8671192 0.4248702 -0.2658101 0.6755148 0.6877681 -0.2557222 0.7066135 0.6597754 -0.2557104 0.7066159 0.6597774 -0.2260394 0.9030391 0.3652761 -0.2599605 0.8671215 0.4248777 -0.1816239 0.3086747 0.9336663 -0.1322959 0.6354206 0.7607487 -0.2557377 0.7066131 0.6597699 -0.2557173 0.706627 0.6597628 -0.2658463 0.6755132 0.6877555 -0.1816092 0.3086693 0.933671 -0.1658101 0.9109934 0.3776217 -0.2260422 0.9030415 0.3652683 -0.2557283 0.7066281 0.6597574 -0.2557346 0.7066251 0.6597582 -0.1322523 0.6354576 0.7607254 -0.1657787 0.9110025 0.3776133 -0.5340439 0.1621147 0.8297687 -0.3105627 -0.01530015 0.9504298 -0.2709397 0.01640176 0.9624566 -0.2674268 0.03460901 0.9629566 -0.5340529 0.1620857 0.8297685 -0.2709744 0.01639848 0.9624469 -0.2795249 -0.1040176 0.9544874 -0.1973834 0.02504694 0.9800063 -0.2710287 0.01640897 0.9624315 -0.2709366 0.01639914 0.9624575 -0.3105539 -0.01527261 0.9504331 -0.279448 -0.1040341 0.9545081 -0.1816496 0.3086826 0.9336587 -0.267409 0.03462022 0.962961 -0.2709851 0.0163806 0.9624442 -0.2709253 0.01640886 0.9624605 -0.1973075 0.02502191 0.9800223 -0.1816084 0.3086847 0.933666 -0.61136 0.2708086 0.7435736 -0.7331749 0.09068852 0.673966 -0.315093 0.04962027 0.9477627 -0.31503 0.04959613 0.947785 -0.2672563 0.2264913 0.9366301 -0.6113232 0.2708188 0.7436001 -0.5340617 0.1620893 0.8297621 -0.2674078 0.03459405 0.9629623 -0.3150689 0.0495963 0.947772 -0.7331673 0.09072238 0.6739697 -0.5340629 0.162094 0.8297605 -0.3150724 0.04961872 0.9477698 -0.1816071 0.3086785 0.9336683 -0.2673068 0.2264974 0.9366142 -0.3150998 0.04960638 0.9477612 -0.3150492 0.04960632 0.9477781 -0.2673712 0.03460854 0.9629719 -0.1816062 0.3086639 0.9336733 -0.6113485 0.2707896 0.74359 -0.2673141 0.2264734 0.9366179 -0.241275 0.7554466 0.609169 -0.2413261 0.7554282 0.6091715 -0.6375274 0.6183464 0.4595723 -0.6113915 0.2708021 0.7435501 0.1938152 0.2839111 0.9390582 0.0729382 0.6003939 0.7963713 0.09519815 0.6225335 0.7767816 0.0951845 0.622506 0.7768052 0.117317 0.6437928 0.7561533 0.1937856 0.2838836 0.9390726 -0.2599485 0.8671217 0.4248844 -0.637504 0.6183732 0.4595686 -0.2412905 0.7554356 0.6091765 -0.2412968 0.7554494 0.6091569 -0.2658407 0.6755073 0.6877635 -0.2599461 0.8671237 0.4248819 0.86927 0.1370017 0.4749739 0.8464636 -0.06242537 0.5287744 0.7471177 -0.4172065 0.5174495 0.7471193 -0.4172157 0.5174398 0.6118175 -0.1987221 0.7656298 0.8692778 0.1370111 0.4749569 -0.3025802 -0.8310315 0.4667246 -0.3890792 -0.8148186 0.4297534 -0.1108115 -0.9175933 0.3817635 -0.302549 -0.8310543 0.4667046 -0.110824 -0.9175973 0.3817502 -0.2169622 -0.9210974 0.3232757 -0.3800904 -0.6516735 0.656394 -0.3025775 -0.8310494 0.4666946 -0.2169669 -0.9210962 0.3232757 0.321663 -0.9003332 0.2931438 -0.5040165 -0.8070907 0.3075254 0.1778492 -0.6578603 0.7318398 0.17773 -0.657892 0.7318403 -1.77563e-4 -5.11979e-5 1 0.5477077 -0.5840511 0.5990831 0.3216713 -0.900341 0.2931103 0.1778695 -0.657894 0.7318047 0.5477718 -0.5841223 0.5989553 0.4235985 -0.8685871 0.2571398 0.3216817 -0.90034 0.2931022 0.5477947 -0.5841157 0.5989407 0.3166017 -0.7172134 0.6207805 0.5517172 -0.7487263 0.3674468 0.7455256 -0.6357407 0.2000634 -6.4154e-5 -4.97977e-5 1 0.3999446 -0.6337202 0.6621504 0.4000257 -0.6336821 0.6621378 0.6305532 -0.6259932 0.4588413 0.5517383 -0.7487185 0.3674312 0.3999844 -0.6336809 0.662164 0.5516785 -0.7487326 0.367492 0.3166014 -0.7172033 0.6207923 -3.15637e-5 -1.00792e-4 1 0.4000319 -0.6336835 0.6621328 0.3166012 -0.7172309 0.6207605 0.1209786 0.9547216 0.2717921 0.2327791 0.9083758 0.3473721 0.5185611 -0.6280587 0.5802041 0.6305665 -0.6259896 0.4588278 0.4000419 -0.6336616 0.6621477 0.5185874 -0.6280462 0.5801941 0.4000167 -0.6336928 0.6621332 0.12404 -0.9462512 0.298702 0.5185427 -0.6280285 0.5802533 0.124103 -0.9462459 0.2986925 0.7471505 -0.4172 0.5174072 -0.8801712 -0.3884211 0.2728145 -0.6041856 -0.5694136 0.5574299 -0.6995199 -0.4668586 0.5410315 -0.699541 -0.4668385 0.5410215 -0.8782074 -0.33638 0.3400006 -0.8801822 -0.3884002 0.2728089 0.8223661 0.4218026 0.3818331 0.8610489 0.3471856 0.3715602 0.8690196 0.2977045 0.3951922 -0.3890768 -0.8148291 0.4297356 -0.3025941 -0.8310187 0.4667385 -0.7163065 -0.6055856 0.3466572 0.3124111 0.9009599 0.3011159 0.2327737 0.9083791 0.3473671 -0.2242134 0.9092044 0.3508217 -0.2325757 0.9087621 0.346497 -0.2260403 0.9030419 0.3652687 -0.2260354 0.9030388 0.3652791 -0.1658046 0.9109995 0.3776091 -0.224236 0.9092003 0.3508175 -0.9309356 0.004482328 0.3651559 -0.8531118 -0.3882951 0.3484641 -0.7721859 -0.1350838 0.6208716 -0.772185 -0.1350805 0.6208732 -0.8336814 0.2304133 0.5018815 -0.9309337 0.004512727 0.3651604 0.8664114 -0.4365074 -0.2424722 0.2147343 0.9300649 0.2981081 0.2140471 0.9255797 0.3122274 0.4718264 0.7663723 0.4359509 0.4718521 0.7663622 0.435941 0.5739163 0.7486901 0.331788 0.2147344 0.9300702 0.2980917 0.9579589 -0.2526445 -0.1359611 0.9764999 -0.2144585 -0.02134561 0.9354729 -0.2356854 -0.2633305 0.9579635 -0.2526348 -0.1359473 0.935481 -0.2356959 -0.2632924 0.9217067 -0.3144135 -0.2271584 0.9579615 -0.252651 -0.1359313 0.9217057 -0.3144129 -0.2271633 0.947525 -0.2979794 -0.1157788 0.947518 -0.2980124 -0.1157513 0.9630727 -0.1996133 -0.1806814 0.9579647 -0.2526246 -0.1359584 -0.956117 -0.2524228 -0.1487381 -0.9630112 -0.1997887 -0.1808145 -0.594106 -0.629197 -0.501148 -0.9561147 -0.2524403 -0.1487236 -0.5940948 -0.6292353 -0.5011132 -0.7009544 -0.6673635 -0.2515728 -0.9561107 -0.2524479 -0.1487364 -0.700966 -0.6673545 -0.2515645 -0.5086804 -0.8169758 -0.2716522 -0.9561126 -0.2524338 -0.1487483 -0.5086948 -0.8169597 -0.2716731 -0.5727137 -0.806351 -0.1476384 0.1518244 -0.8061111 -0.5719564 0.2437235 -0.5741945 -0.7816007 0.512948 -0.7586183 -0.4017246 0.1518145 -0.8061015 -0.5719729 0.5129263 -0.7586364 -0.4017181 0.4706139 -0.741661 -0.4779766 0.1517942 -0.8061099 -0.5719663 0.4706363 -0.7416333 -0.4779976 -0.04720014 -0.6030783 -0.7962844 0.02517449 -0.450633 0.8923543 -0.4395319 -0.3830567 0.8124527 0.9764957 -0.2144742 -0.02137982 0.957962 -0.2526272 -0.1359722 0.9793679 -0.1845455 0.0823512 -0.9561074 -0.2524505 -0.1487533 -0.5727135 -0.8063426 -0.1476859 -0.9824895 -0.165913 0.08477717 0.7578117 0.6250134 0.187296 0.7348009 0.6538861 0.1802788 0.7785144 0.6240116 0.0672689 -0.7774409 0.5979846 0.1949368 -0.8046227 0.5913437 0.0538069 -0.763181 0.6245855 0.165674 0.1966147 -0.9801437 0.02570891 0.04288083 -0.994159 -0.09904187 0.4460433 -0.8771684 0.1778234 0.4460728 -0.8771479 0.1778504 0.2845033 -0.9537733 -0.09682214 0.1966241 -0.9801411 0.02574139 0.0802024 -0.978353 -0.1907696 -0.5726884 -0.8063743 -0.1476105 0.04289662 -0.9941593 -0.09903198 -0.7009871 -0.667329 -0.2515735 -0.5491053 -0.6810835 -0.4843643 -0.5372951 -0.8431007 -0.0222581 -0.7009747 -0.6673406 -0.2515771 -0.5372676 -0.843119 -0.02222019 -0.5086844 -0.8169609 -0.2716891 -0.5940798 -0.6292365 -0.5011293 0.1517914 -0.8061251 -0.5719455 -0.04717588 -0.6031129 -0.7962595 -0.5940765 -0.6292451 -0.5011227 -0.04721206 -0.6030891 -0.7962755 -0.5491179 -0.6810883 -0.4843431 -0.5940676 -0.6292393 -0.5011402 -0.5491356 -0.6810607 -0.4843618 -0.7009693 -0.667346 -0.2515776 0.4460356 -0.8771714 0.1778274 0.04290586 -0.9941528 -0.09909254 0.08536219 -0.8354809 -0.5428491 0.08541321 -0.8354474 -0.5428923 0.4706255 -0.7416482 -0.477985 0.4460584 -0.8771537 0.1778579 0.08543795 -0.8354684 -0.5428563 0.04289531 -0.9941623 -0.09900116 -0.5372997 -0.8430979 -0.02225261 -0.5372962 -0.8431007 -0.02222895 -0.5490967 -0.6810852 -0.4843716 0.08540016 -0.8355002 -0.5428133 0.4706298 -0.7416611 -0.4779607 0.512926 -0.7586358 -0.4017197 0.2845168 -0.9537668 -0.0968458 0.2845494 -0.9537599 -0.09681874 0.4460582 -0.8771582 0.1778362 0.4706319 -0.7416662 -0.4779509 0.04287308 -0.9941592 -0.0990436 -0.5727115 -0.8063514 -0.1476448 -0.5086758 -0.8169761 -0.27166 -0.5086742 -0.81696 -0.2717108 -0.5372812 -0.8431099 -0.02224647 0.04289913 -0.9941606 -0.09901708 0.0853247 -0.8354535 -0.5428971 -0.5491833 -0.6810356 -0.4843431 -0.0472607 -0.6030867 -0.7962744 0.085446 -0.8354583 -0.5428706 -0.0472126 -0.6031031 -0.7962649 0.4706045 -0.7416839 -0.4779503 0.1966346 -0.9801397 0.02571368 0.08019816 -0.9783495 -0.1907891 0.04288792 -0.9941619 -0.09900975 0.02515012 -0.450617 0.8923631 0.4841454 -0.4159908 0.7697761 0.2437364 -0.5742102 -0.7815852 0.1517554 -0.8061333 -0.5719435 -0.5941016 -0.6291972 -0.5011529 0.7578158 0.6250137 0.1872779 0.7785022 0.6240229 0.06730479 0.8015674 0.551759 0.2303303 -0.7774332 0.5979916 0.1949458 -0.685936 0.7194957 0.1087099 -0.7327342 0.591846 0.3358855 -0.1301957 0.2822149 -0.9504755 1.18615e-4 0.1211887 -0.9926295 0.0850054 0.4685822 -0.8793208 0.08501905 0.4685687 -0.8793267 7.87584e-5 0.7787442 -0.6273417 -0.1330727 0.5314804 -0.8365526 -0.1302046 0.2822054 -0.9504772 0.08502465 0.4685904 -0.8793144 -0.133106 0.5314949 -0.836538 -0.1302027 0.2822204 -0.950473 -0.1330908 0.531461 -0.8365622 -0.6009491 0.2317258 -0.7649598 -0.8046087 0.5913602 0.05383503 -0.7774551 0.5979675 0.1949321 -0.821489 0.511135 0.2527782 -2.50266e-6 0.9998209 0.01892799 -2.60413e-6 0.9998208 0.01892703 0.6811683 0.724159 0.1077201 0.757799 0.6250309 0.1872889 0.7251573 0.6164724 0.3067715 0.0802406 -0.9783419 -0.1908105 0.0715695 -0.8872261 0.4557498 -0.5727366 -0.8063334 -0.1476453 0.07152926 -0.8872237 0.4557607 0.08026206 -0.9783417 -0.1908026 0.1966139 -0.9801433 0.02573299 -0.7774503 0.5979688 0.1949476 -0.7327372 0.5918626 0.3358497 -0.8214901 0.5111151 0.2528153 -2.52805e-6 0.9998068 0.0196579 0.8015576 0.5517582 0.2303659 0.7251282 0.6165145 0.3067558 0.7577964 0.6250279 0.1873092 0.6719049 0.1009325 0.7337278 0.6386976 0.2650675 0.7223605 0.6492412 0.2321591 0.7242845 0.6492478 0.2321596 0.7242785 0.6782327 8.93012e-4 0.7348467 0.6719113 0.1009323 0.733722 0.6387018 0.2650694 0.7223562 0.5398515 0.4224008 0.7281058 0.5854741 0.3608639 0.7259459 0.585473 0.3608683 0.7259446 0.6492438 0.232165 0.7242802 0.6387054 0.2650749 0.7223509 0.4221104 0.5310854 0.7346912 0.5854669 0.3608898 0.7259387 0.5398342 0.4224188 0.7281082 0.5398313 0.4224203 0.7281094 0.3492212 0.5774658 0.7379552 0.42211 0.531089 0.7346889 0.3492618 0.5774458 0.7379517 0.2743204 0.6192299 0.7357327 0.2743154 0.6192319 0.735733 0.422141 0.531064 0.7346891 0.3492593 0.5774526 0.7379475 0 0.6743028 0.738455 -0.1864763 0.6477484 0.7386804 -0.09325134 0.6640362 0.7418627 -0.09326142 0.6640314 0.7418657 -1.05257e-5 0.6743039 0.7384541 -0.1864842 0.6477413 0.7386846 -0.5591306 0.5217282 0.644339 -0.3544439 0.5851455 0.7293658 -0.3544488 0.5851421 0.729366 -0.09326499 0.664026 0.74187 -0.1864904 0.6477425 0.738682 -0.5574276 0.6053708 0.5681555 -0.5188841 0.469752 0.7142076 -0.5713505 0.5032225 0.6483254 -0.559174 0.5216961 0.6443274 -0.5574747 0.6053564 0.5681246 -0.5713642 0.5032066 0.6483256 -0.5591552 0.5217124 0.6443305 -0.5713654 0.5032235 0.6483114 -0.3544705 0.5851331 0.7293628 -0.5189097 0.4697313 0.7142025 -0.6655917 0.2379502 0.7073666 -0.6544653 0.2715879 0.7056311 -0.6544654 0.2715901 0.7056302 -0.5713739 0.5032173 0.6483088 -0.5189034 0.4697302 0.7142079 -0.665589 0.237951 0.7073689 -0.6963406 8.74996e-4 0.7177109 -0.6896453 0.1035782 0.7167015 -0.6896584 0.1035335 0.7166953 -0.6544678 0.2715927 0.705627 -0.6655923 0.2379547 0.7073644 -0.6963299 8.30762e-4 0.7177215 -0.6530145 -0.2330005 0.720613 -0.6760386 -0.1671397 0.7176602 -0.6760426 -0.1671394 0.7176565 -0.6896616 0.1035361 0.7166919 -0.6963459 8.32234e-4 0.7177059 -0.6530227 -0.2329761 0.7206133 -0.5327522 -0.4155215 0.7372362 -0.5816631 -0.357322 0.7307455 -0.5816707 -0.357329 0.7307361 -0.6760534 -0.167118 0.7176514 -0.6530249 -0.232977 0.720611 -0.5327447 -0.4155364 0.7372331 -0.3381715 -0.5569756 0.7585633 -0.4113132 -0.5156435 0.7516204 -0.411315 -0.5156505 0.7516148 -0.5816561 -0.3573384 0.7307432 -0.5327423 -0.4155355 0.7372354 -0.3381647 -0.5569742 0.7585673 -0.2631787 -0.5940722 0.7601417 -0.2631748 -0.5940761 0.7601399 -0.4113066 -0.5156543 0.7516168 -0.3381589 -0.5569741 0.75857 3.7257e-6 -0.6370726 0.7708039 0.1749848 -0.6090344 0.7736003 0.08750826 -0.6255664 0.7752478 0.08749961 -0.6255666 0.7752486 -4.97224e-6 -0.6370714 0.7708048 0.174961 -0.6090276 0.7736111 0.4042688 -0.5075746 0.7608778 0.3332191 -0.549714 0.7660155 0.3332253 -0.5497216 0.7660073 0.08748698 -0.6255598 0.7752556 0.1749646 -0.6090345 0.7736048 0.4042895 -0.5075562 0.760879 0.5686261 -0.3496059 0.7446073 0.5216808 -0.4072031 0.7496898 0.5216761 -0.4071985 0.7496955 0.3332464 -0.5497071 0.7660084 0.4042915 -0.5075595 0.7608756 0.568621 -0.3496267 0.7446015 0.6589315 -0.1630025 0.7343293 0.6369794 -0.2273853 0.7365822 0.6369693 -0.2273831 0.7365915 0.5216657 -0.4072185 0.749692 0.5686148 -0.3496244 0.7446074 0.6589381 -0.1629994 0.734324 0.6719019 0.1009468 0.7337286 0.6782198 9.07022e-4 0.7348586 0.6782206 9.06838e-4 0.7348578 0.6369803 -0.2273823 0.7365822 0.6589372 -0.1630014 0.7343244 2.30955e-5 0 1 1.70873e-5 4.79289e-6 1 -8.81113e-6 7.546e-7 1 -7.03105e-6 -2.6813e-6 1 0 4.79291e-6 1 -3.4175e-5 2.17294e-6 1 -4.68736e-6 -2.34949e-6 1 -1.73238e-6 3.61519e-7 1 -1.3619e-4 -8.65933e-6 1 0 -4.79291e-6 1 -3.60842e-6 3.61735e-6 1 -3.81506e-6 -3.18457e-7 1 0 -7.54656e-7 1 -6.59102e-6 1.25675e-6 1 1.26711e-5 0 1 3.41748e-5 -4.7929e-6 1 3.56884e-6 4.9709e-6 -1 1.91877e-5 1.79568e-5 -1 0 1.6282e-6 -1 5.26348e-6 0 -1 -3.82337e-5 1.21946e-5 -1 4.06469e-4 -1.66819e-4 -1 7.43178e-5 1.72501e-5 -1 5.4297e-4 -2.27367e-4 -0.9999998 2.26309e-4 -2.9528e-4 -1 2.98276e-4 -2.91471e-4 -1 3.91661e-4 -8.59101e-4 -0.9999997 1.45429e-4 -4.47787e-4 -1 9.05232e-5 -3.15623e-4 -1 4.79691e-6 8.81085e-6 -1 4.09455e-4 -3.03559e-4 -1 -6.92691e-5 -3.28696e-4 -1 -4.53567e-5 6.0194e-6 -1 9.23119e-5 3.13263e-5 -1 3.18787e-4 -3.38795e-4 -0.9999999 -1.79019e-5 -3.781e-5 -1 1.91878e-5 7.03231e-6 -1 7.11425e-6 0 -1 3.42718e-6 0 -1 5.34959e-6 -9.70068e-7 -1 0 1.29951e-6 -1 -2.87815e-5 1.0774e-5 -1 0.9458839 -0.324434 -0.006799697 0.8547976 0.4882705 0.1758219 0.9733529 -0.190396 -0.1278027 0.737716 -0.6673918 -0.101801 0.8511515 -0.4976145 0.167096 0.9458723 -0.3244681 -0.0067963 0.9733546 -0.1903544 -0.1278519 0.7377339 -0.6673765 -0.1017714 0.9458847 -0.3244326 -0.006767749 0.1487018 0.9767016 -0.1547313 -0.946058 -0.3239395 -0.00611639 -0.9733527 -0.1903946 -0.1278065 -0.8547974 0.488271 0.1758205 -0.4314848 -0.880949 0.194293 0.1288051 -0.9791958 0.1567959 -0.4915952 -0.8707258 -0.01307165 -0.9460604 -0.3239321 -0.006138622 -0.4315167 -0.8809267 0.1943231 -0.4916411 -0.8706993 -0.01310646 -0.9733539 -0.1903538 -0.1278589 -0.9460573 -0.3239409 -0.006166875 -0.491677 -0.8706796 -0.01307994 -0.08691465 -0.0830487 0.9927482 -0.1389474 -0.9775695 0.1582772 0.1718901 -0.6169096 0.7680342 0.31571 -0.7865052 -0.530789 0.0996977 -0.7131568 0.6938788 -0.1159772 -0.9931519 0.01409256 0.08329755 -0.8663504 -0.4924415 -0.114764 -0.9834813 0.1399777 -0.3162741 0.02428841 -0.9483569 -0.2765531 -0.03290098 -0.9604353 -0.188888 0.9596591 0.2082687 0.06286174 0.897049 -0.4374376 0.2169468 0.4939908 0.8419663 -0.08692145 -0.0830484 0.9927476 0.1719386 -0.6168885 0.7680403 0.1298512 0.5944876 0.793551 0.2426863 0.8258131 -0.5090541 -0.1957314 0.9789219 0.05831933 -0.2452811 0.9436895 0.2220074 -0.08694541 -0.08304649 0.9927456 0.2169138 0.4940156 0.8419601 0.0750395 -0.08242255 0.9937685 -0.1750073 -0.6125473 0.7708166 0.1510894 -0.9749059 0.163495 -0.110738 -0.713414 0.6919376 -0.2729438 -0.7924607 -0.5454427 0.1281679 -0.9916186 0.01629382 -0.05914497 -0.8669139 -0.4949365 0.3497558 0.0322377 -0.9362862 0.1243047 -0.9819887 0.142291 -0.05914676 -0.8603042 -0.506338 -0.007035493 0.9387965 -0.3444006 0.3978164 0.05445432 -0.9158477 0.3058321 -0.02910745 -0.9516405 -0.03433448 0.8976651 -0.4393389 0.1923464 0.960721 0.2000454 -0.2178395 0.50541 0.8349292 -0.1749643 -0.6125426 0.7708301 0.07501691 -0.08242493 0.99377 -0.136769 0.6008853 0.7875475 0.1997105 0.9777832 0.06368553 -0.1941254 0.8358315 -0.5135183 0.2432261 0.9459509 0.2145176 -0.2178865 0.5054005 0.8349227 0.07503521 -0.08243381 0.9937679 0.1939763 0.9640841 0.181425 -0.09394353 0.9705815 0.2216894 0.09032583 0.8843256 0.4580499 -0.1257246 0.8965854 0.4246504 0.09033477 0.8843249 0.4580495 -0.09392976 0.9705794 0.2217047 0.6839144 -0.7291182 0.02545303 0.7051659 -0.7041041 0.08353692 0.6679362 -0.7120356 -0.2164871 4.10715e-4 -0.9159497 0.4012932 -0.04512411 -0.9566532 0.2877123 -0.02960115 -0.9803329 0.1951185 -0.6874411 -0.7253839 -0.03525608 -0.7100473 -0.7012814 0.06353962 -0.6695773 -0.7065608 -0.2289936 -0.04511058 -0.9566543 0.287711 0.01177126 -0.9989321 0.04467862 -0.02960908 -0.9803328 0.195118 0.7098733 -0.2239495 0.6677773 0.9488806 -0.1320802 0.2866712 0.9341955 -0.1062486 0.3405732 0.8883752 -0.06887906 0.4539219 0.8883688 -0.06887966 0.4539344 0.9342056 -0.1062296 0.3405516 0.8348205 -0.01392197 0.5503463 -0.8618655 -0.01349842 0.5069573 -0.9338477 -0.07858735 0.3489307 -0.9022632 -0.05677777 0.4274311 -0.902266 -0.0567789 0.4274252 -0.9338493 -0.07856774 0.3489305 -0.9644581 -0.1133239 0.2387012 -0.09392446 0.9705873 0.2216722 -0.3000814 0.9448114 0.1314642 -0.1257501 0.8966011 0.4246097 0.09032213 0.8843269 0.4580479 0.2977107 0.934722 0.1940705 0.1939801 0.9640797 0.1814442 0.7051432 -0.7041268 0.08353704 0.6996796 -0.6760891 0.2309809 0.7373644 -0.6466516 0.1952832 0.6996864 -0.6760856 0.2309703 0.7051481 -0.7041208 0.08354783 0.6839283 -0.7291066 0.02540999 -0.7100574 -0.7012717 0.06353396 -0.7071713 -0.6757311 0.2080777 -0.7319269 -0.6317291 0.2553458 -0.7071681 -0.6757366 0.2080709 -0.7100632 -0.7012673 0.06351834 -0.6874354 -0.7253882 -0.03528058 -0.02960616 -0.9803295 0.1951347 -0.0139451 -0.9947414 0.1014654 -1.36255e-6 -0.9956417 0.09326183 -0.01395839 -0.9947401 0.1014759 -0.02960515 -0.9803331 0.1951168 0.01176393 -0.9989315 0.04469215 0.01175773 -0.9989326 0.04467284 0.08317923 -0.9951749 -0.05204039 0.153876 -0.9687228 -0.1946752 0.08316987 -0.995175 -0.05205357 0.01176154 -0.998931 0.04470479 0.0102967 -0.9957122 0.09193128 0.1151002 0.99317 -0.01911431 -0.09389913 0.9705865 0.2216867 0.193982 0.9640784 0.1814498 0.9341995 -0.1062357 0.3405662 0.9645851 -0.1415841 0.2225523 0.9642056 -0.1424107 0.2236663 0.9645959 -0.1415604 0.2225211 0.9342069 -0.1062312 0.3405474 0.948872 -0.1320744 0.2867026 -0.964458 -0.1133151 0.2387059 -0.9753954 -0.119736 0.1851144 -0.9753777 -0.1192181 0.1855407 -0.9753937 -0.1196872 0.1851546 -0.9644585 -0.1133143 0.2387042 -0.9338487 -0.07858443 0.3489286 -0.3000842 0.944815 0.1314311 -0.216489 0.9762818 0.00255227 -0.341662 0.9396777 0.0165193 0.193974 0.9640824 0.1814368 0.3341115 0.9418326 0.03634643 0.1151344 0.9931662 -0.01910454 0.334087 0.9418424 0.03631454 0.1939905 0.9640848 0.1814064 0.2977254 0.9347265 0.194026 -0.2221931 0.8240937 0.5210565 -0.07493406 0.9214864 0.3811137 -0.06291741 0.9435553 0.3251844 -0.3507995 -0.9021909 0.250981 8.78945e-4 -0.9134796 0.4068837 -0.4077456 -0.8182389 0.4052512 0.005651175 -0.08012294 0.996769 0.005651175 -0.08014369 0.9967674 -0.1695554 -0.07891732 0.982356 -0.1456061 0.9829403 0.112371 0.09204351 0.5143256 -0.8526414 -0.1098065 0.9378502 -0.3292105 -0.1425114 0.6648908 0.7332195 -0.145606 0.98294 0.1123747 -0.2053449 0.8027052 0.5599088 -0.2053724 0.8027192 0.5598786 -0.145646 0.9829369 0.1123486 -0.1097463 0.9378622 -0.3291965 0.01028144 -0.1520022 -0.9883267 0.06077939 -0.3331513 -0.9409125 -0.004719376 -0.7630799 -0.6462871 -0.07411795 -0.9649246 0.2518474 -0.00469315 -0.7630914 -0.6462736 0.06080877 -0.3331867 -0.940898 -0.1290186 -0.7195479 0.6823526 -0.004725515 -0.7630882 -0.6462771 -0.07409286 -0.9649199 0.2518727 -0.129024 -0.7195591 0.6823397 -0.07411211 -0.9649149 0.2518862 -0.1303408 -0.7227661 0.6786903 0.02444714 0.6007913 0.7990321 0.02683979 0.8470359 0.5308578 -0.2129105 0.2272784 0.9502704 0.0244584 0.600811 0.799017 0.1474465 0.9723565 0.181059 0.02678716 0.8470535 0.5308322 0.3682472 -0.7663132 -0.526458 -0.6866533 -0.4408203 -0.5780872 -0.2282205 -0.07458353 -0.9707486 -0.9764947 -0.02078884 -0.2145368 -0.2281941 -0.07458072 -0.970755 -0.686637 -0.4408621 -0.5780748 -0.2281836 -0.0745728 -0.9707581 0.1493098 -0.1592159 -0.9758878 0.3681978 -0.7663219 -0.52648 -0.3244424 -0.9015516 0.286255 0.3682184 -0.7663063 -0.5264883 0.3744574 -0.6089543 0.6992541 -0.3244349 -0.9015606 0.2862354 -0.6866302 -0.4408525 -0.5780901 0.3681686 -0.7663156 -0.5265095 0.1474581 0.9723507 0.1810811 0.02160447 0.9910797 -0.1315078 0.02681243 0.8470405 0.5308516 -0.2784463 0.4920276 0.8248495 -0.3357872 -0.6628995 0.669187 -0.1375232 -0.2493307 0.958604 -0.0985853 -0.3465192 0.932848 -0.1434379 -0.7453714 0.6510355 0.7375294 -0.6255527 -0.2544296 0.3535805 0.8921942 0.2810168 0.4522665 0.5393431 0.7103267 0.4857261 0.8666765 -0.1137637 0.800288 -0.5284113 0.2834092 0.7828395 -0.05119884 -0.6201137 0.6084534 -0.47558 0.6353017 0.03942209 0.9557297 0.2915933 4.52493e-5 0.9999794 -0.006418466 7.24649e-4 0.9999667 -0.008141279 0.03944087 0.9557344 0.2915756 7.16189e-4 0.9999669 -0.008105635 -0.06290388 0.9435649 0.3251591 -0.9996062 0.01776504 -0.02172631 -0.9996343 0.02672195 -0.004177749 -0.9945444 0.01303881 -0.103497 -0.9996063 0.01775348 -0.02172881 -0.9945445 0.01303714 -0.1034956 -0.9904172 -0.005100846 -0.1380135 -0.07492566 0.9214914 0.3811034 0.1414052 0.8793337 0.4547273 0.03942441 0.9557273 0.2916008 0.0394237 0.9557293 0.2915943 -0.0628913 0.9435557 0.3251882 -0.07493394 0.9214936 0.3810966 0.9971307 0.01050299 -0.0749672 0.9992982 0.02138304 0.03075748 0.999803 0.01470893 0.01332926 0.99713 0.01049154 -0.07497847 0.9998028 0.01470869 0.01334571 0.9943628 -0.005582511 -0.1058838 7.15925e-4 0.999967 -0.008096098 5.11727e-5 0.9999792 -0.006463289 4.71739e-5 0.9965638 -0.08283001 7.16425e-4 0.9999669 -0.008106052 -8.96893e-5 0.9965351 -0.08317297 -0.3508059 -0.9021915 0.2509696 -0.01055067 -0.9856181 0.1686592 8.63627e-4 -0.9134663 0.4069135 -0.0105679 -0.985616 0.1686694 -0.1572417 -0.9867267 -0.04056584 0.1763395 -0.9843235 -0.00343132 -0.9764989 -0.0208007 -0.2145167 -0.6866503 -0.4408873 -0.5780397 -0.324415 -0.9015877 0.2861719 0.07602196 -0.8665372 -0.4932888 -0.3668162 0.03639018 -0.9295814 0.03791052 0.9322884 -0.3597239 0.1439073 0.9832699 0.1116736 0.1036632 0.9384258 -0.329562 -0.09892225 0.5138493 -0.852158 0.1478952 0.664879 0.7321633 0.2069402 0.8030833 0.5587783 0.1438654 0.9832782 0.1116546 0.2069294 0.8030956 0.5587645 0.1037326 0.9384133 -0.329576 0.1438766 0.9832755 0.1116638 -0.0214616 -0.1518797 -0.9881659 -0.002491533 -0.7628428 -0.6465793 -0.06983959 -0.3327561 -0.9404232 0.07568597 -0.9649378 0.2513301 -0.06981766 -0.3327708 -0.9404197 -0.002429366 -0.7628412 -0.6465813 0.1339465 -0.7195098 0.6814426 0.07574969 -0.9649333 0.2513282 -0.002464592 -0.7628484 -0.6465728 0.1339399 -0.7194946 0.68146 0.1352142 -0.7228081 0.6776914 0.07573068 -0.9649375 0.2513176 -0.01381772 0.6007924 0.7992858 0.2255256 0.2272772 0.947356 -0.01976448 0.8470382 0.5311645 -0.01386255 0.6007795 0.7992947 -0.01974886 0.8470369 0.5311673 -0.1450085 0.9723592 0.1830034 -0.375099 -0.7663418 -0.5215564 0.2153013 -0.07459062 -0.9736948 0.6789111 -0.4408205 -0.5871601 0.9735469 -0.02079135 -0.2275395 0.6788662 -0.4408639 -0.5871796 0.2152749 -0.07458084 -0.9737014 0.2152577 -0.07458359 -0.973705 -0.3751792 -0.7663168 -0.5215353 -0.1622729 -0.1592174 -0.9738159 0.3282529 -0.9015452 0.2818976 -0.3650798 -0.6089636 0.7041876 -0.3752111 -0.7663047 -0.5215303 0.3282263 -0.9015608 0.2818788 -0.3751226 -0.7663462 -0.521533 0.678874 -0.4408511 -0.58718 -0.145026 0.9723519 0.1830286 -0.01972192 0.8470424 0.5311595 -0.0233519 0.9910794 -0.1312109 0.1555387 0.4987456 0.8526784 0.02836006 -0.2307718 0.9725945 0.2292752 -0.6618227 0.7137392 0.009905219 -0.3097482 0.950767 -0.7492955 -0.5842816 -0.3117233 0.03978055 -0.7290002 0.6833567 -0.5340199 0.8395327 -0.1000381 -0.5069732 0.4773088 0.7177428 -0.43405 0.8476717 0.3050466 -0.5869238 -0.5975843 0.5462724 -0.7278453 -0.08848947 -0.6800079 -0.7473151 -0.6396083 0.1800594 0.973552 -0.02080672 -0.2275164 0.3281952 -0.9015901 0.2818212 0.6788801 -0.4408915 -0.5871427 0.3426207 -0.9060918 0.2482112 0.4300506 -0.807062 0.4046077 8.62226e-4 -0.9134786 0.4068859 0.005661368 -0.08012759 0.9967686 0.1806931 -0.07887834 0.9803715 0.005661368 -0.08013063 0.9967684 0.1939758 0.8042453 0.5617499 0.03941899 0.95573 0.2915928 0.141433 0.8793205 0.4547443 -0.9979456 0.02243387 0.0600121 -0.9996339 0.02672785 -0.004212558 -0.9996069 0.01775586 -0.02169883 -0.9979516 0.02252984 0.05987513 -0.9996063 0.01775521 -0.02172863 -0.01054638 -0.9856162 0.1686701 0.3426093 -0.9060981 0.2482039 8.73834e-4 -0.9134777 0.4068878 -0.04383319 0.8859077 0.4617859 -0.07493627 0.9214939 0.3810954 -0.2221962 0.8240883 0.5210638 -0.2222071 0.8240935 0.5210508 -0.289732 0.6896833 0.6636207 -0.04382151 0.8859001 0.4618015 0.1414327 0.8793357 0.454715 -0.07493382 0.9214891 0.3811076 -0.04384058 0.885912 0.4617771 0.2520293 0.7788644 0.5743271 0.1939641 0.8042516 0.5617449 0.1413998 0.8793377 0.4547212 0.141404 0.8793295 0.454736 -0.04384124 0.8859184 0.4617647 0.2519969 0.7788508 0.5743597 0.1151331 0.9931664 -0.01910579 -0.2164696 0.9762861 0.002567708 -0.09390676 0.970586 0.2216855 -0.3000894 0.9448132 0.1314324 -0.09394085 0.9705805 0.2216947 -0.2164711 0.9762857 0.002544581 9.9932e-5 -2.17619e-5 -1 0.999803 0.01470619 0.01333022 0.9992982 0.02138358 0.03075391 0.9946576 0.01880526 0.1015017 0.999803 0.01471567 0.01332348 0.994658 0.01880669 0.1014984 0.994984 0.02153629 0.09768873 0.2622134 -0.9605599 0.09256881 0.1763226 -0.9843265 -0.003448069 0.09299314 -0.9871793 -0.1297273 -0.1459412 -0.9856188 -0.08518683 -0.1572471 -0.9867259 -0.04056322 -0.2704553 -0.9583151 0.09212106 -0.157231 -0.9867277 -0.0405842 -0.01055562 -0.9856156 0.1686736 -0.3508155 -0.9021882 0.2509682 0.09295642 -0.9871796 -0.1297514 0.176326 -0.9843258 -0.003455877 -0.1572343 -0.9867282 -0.04055649 0.09296643 -0.9871813 -0.1297321 -0.1572098 -0.9867315 -0.04057103 -0.1459305 -0.9856218 -0.08517009 0.1763481 -0.9843219 -0.003445804 0.3425954 -0.9061058 0.2481955 -0.01054781 -0.9856135 0.1686855 -0.3508172 -0.9021819 0.2509887 -0.2704621 -0.9583152 0.0920996 -0.1572124 -0.9867307 -0.04057949 0.3426083 -0.9060946 0.2482181 0.1763544 -0.9843208 -0.003428757 0.2622143 -0.9605612 0.09255188</float_array>
          <technique_common>
            <accessor source="#gaul_teceitos_Mesh-mesh-normals-array" count="1809" stride="3">
              <param name="X" type="float"/>
              <param name="Y" type="float"/>
              <param name="Z" type="float"/>
            </accessor>
          </technique_common>
        </source>
        <source id="gaul_teceitos_Mesh-mesh-map-0">
          <float_array id="gaul_teceitos_Mesh-mesh-map-0-array" count="3918">0.385615 0.667676 0.403846 0.697053 0.370968 0.670567 0.385122 0.668937 0.403513 0.69834 0.530916 0.699449 0.385122 0.668937 0.370137 0.672219 0.403513 0.69834 0.621747 0.607037 0.621747 0.607037 0.619688 0.607855 0.590119 0.653155 0.621747 0.607037 0.621747 0.607037 0.370968 0.670567 0.368409 0.664619 0.385615 0.667676 0.513094 0.747589 0.510735 0.747376 0.560341 0.737746 0.560341 0.737746 0.56085 0.737444 0.513094 0.747589 0.385411 0.731899 0.385138 0.731888 0.415986 0.742322 0.415986 0.742322 0.419292 0.742571 0.385411 0.731899 0.37176 0.714426 0.3721 0.711677 0.371582 0.714431 0.453756 0.749328 0.450734 0.749116 0.510735 0.747376 0.510735 0.747376 0.513094 0.747589 0.453756 0.749328 0.37176 0.714426 0.371582 0.714431 0.385138 0.731888 0.385138 0.731888 0.385411 0.731899 0.37176 0.714426 0.596693 0.722878 0.598966 0.722943 0.56085 0.737444 0.56085 0.737444 0.560341 0.737746 0.596693 0.722878 0.419292 0.742571 0.415986 0.742322 0.451959 0.749158 0.451959 0.749158 0.454987 0.749351 0.419292 0.742571 0.47574 0.633842 0.530518 0.623618 0.510735 0.747376 0.510735 0.747376 0.450734 0.749116 0.47574 0.633842 0.530518 0.623618 0.575417 0.613554 0.560341 0.737746 0.560341 0.737746 0.510735 0.747376 0.530518 0.623618 0.575417 0.613554 0.61707 0.593567 0.596693 0.722878 0.596693 0.722878 0.560341 0.737746 0.575417 0.613554 0.61707 0.593567 0.619175 0.59343 0.598966 0.722943 0.598966 0.722943 0.596693 0.722878 0.61707 0.593567 0.619263 0.592293 0.576401 0.612062 0.561763 0.736815 0.561763 0.736815 0.59948 0.722085 0.619263 0.592293 0.576401 0.612062 0.533598 0.623178 0.514284 0.747249 0.514284 0.747249 0.561763 0.736815 0.576401 0.612062 0.533598 0.623178 0.479684 0.633678 0.454987 0.749351 0.454987 0.749351 0.514284 0.747249 0.533598 0.623178 0.479684 0.633678 0.433724 0.623666 0.419292 0.742571 0.419292 0.742571 0.454987 0.749351 0.479684 0.633678 0.433724 0.623666 0.395964 0.610003 0.385411 0.731899 0.385411 0.731899 0.419292 0.742571 0.433724 0.623666 0.395964 0.610003 0.374767 0.591808 0.37176 0.714426 0.37176 0.714426 0.385411 0.731899 0.395964 0.610003 0.374767 0.591808 0.374186 0.5884 0.3721 0.711677 0.3721 0.711677 0.37176 0.714426 0.374767 0.591808 0.374262 0.58792 0.374592 0.591359 0.371344 0.713893 0.371344 0.713893 0.371939 0.711142 0.374262 0.58792 0.374592 0.591359 0.395224 0.609675 0.384411 0.731436 0.384411 0.731436 0.371344 0.713893 0.374592 0.591359 0.395224 0.609675 0.429782 0.623447 0.414961 0.742059 0.414961 0.742059 0.384411 0.731436 0.395224 0.609675 0.429782 0.623447 0.47574 0.633842 0.450734 0.749116 0.450734 0.749116 0.414961 0.742059 0.429782 0.623447 0.803898 0.929387 0.802279 0.929459 0.803563 0.930082 0.47945 0.79308 0.441654 0.793858 0.437303 0.845925 0.456092 0.844518 0.47945 0.79308 0.437303 0.845925 0.803973 0.924909 0.80366 0.924204 0.802356 0.92479 0.475511 0.79327 0.437313 0.846149 0.43641 0.792846 0.455884 0.844328 0.437313 0.846149 0.475511 0.79327 0.803898 0.929387 0.804148 0.928944 0.802279 0.929459 0.456092 0.844518 0.487208 0.846025 0.47945 0.79308 0.803973 0.924909 0.802356 0.92479 0.804211 0.925358 0.455884 0.844328 0.475511 0.79327 0.480963 0.846323 0.492163 0.79277 0.47945 0.79308 0.487208 0.846025 0.492163 0.79277 0.487208 0.846025 0.506332 0.846787 0.614333 0.84656 0.651872 0.846418 0.663906 0.791511 0.614333 0.84656 0.663906 0.791511 0.616315 0.790803 0.516235 0.792417 0.492163 0.79277 0.506332 0.846787 0.516235 0.792417 0.506332 0.846787 0.535772 0.846736 0.614333 0.84656 0.616315 0.790803 0.582778 0.792996 0.614333 0.84656 0.582778 0.792996 0.591081 0.846271 0.54156 0.794227 0.516235 0.792417 0.535772 0.846736 0.54156 0.794227 0.535772 0.846736 0.549863 0.847501 0.72312 0.793858 0.663906 0.791511 0.651872 0.846418 0.72312 0.793858 0.651872 0.846418 0.714811 0.848735 0.804058 0.929383 0.803898 0.929387 0.803563 0.930082 0.804058 0.929383 0.803563 0.930082 0.803663 0.930157 0.803663 0.930157 0.803563 0.930082 0.803279 0.930413 0.803663 0.930157 0.803279 0.930413 0.80352 0.930593 0.804319 0.928921 0.803976 0.92748 0.803823 0.927469 0.804319 0.928921 0.803823 0.927469 0.804148 0.928944 0.80352 0.930593 0.803279 0.930413 0.802864 0.930984 0.80352 0.930593 0.802864 0.930984 0.802922 0.931154 0.801194 0.930261 0.801764 0.931135 0.801942 0.930965 0.801194 0.930261 0.801942 0.930965 0.801453 0.930171 0.801764 0.931135 0.802423 0.931278 0.802568 0.931079 0.801764 0.931135 0.802568 0.931079 0.801942 0.930965 0.804058 0.929383 0.804319 0.928921 0.804148 0.928944 0.804058 0.929383 0.804148 0.928944 0.803898 0.929387 0.801194 0.930261 0.801453 0.930171 0.801096 0.929218 0.801194 0.930261 0.801096 0.929218 0.80079 0.929265 0.802922 0.931154 0.802864 0.930984 0.802568 0.931079 0.802922 0.931154 0.802568 0.931079 0.802423 0.931278 0.800856 0.924928 0.800981 0.927232 0.80116 0.924984 0.488631 0.793394 0.500333 0.845486 0.480963 0.846323 0.488631 0.793394 0.480963 0.846323 0.475511 0.79327 0.611485 0.846696 0.615505 0.790756 0.660065 0.792847 0.611485 0.846696 0.660065 0.792847 0.648824 0.846935 0.512612 0.792076 0.529693 0.847111 0.500333 0.845486 0.512612 0.792076 0.500333 0.845486 0.488631 0.793394 0.611485 0.846696 0.587399 0.845129 0.581877 0.79324 0.611485 0.846696 0.581877 0.79324 0.615505 0.790756 0.540659 0.79447 0.546181 0.84636 0.529693 0.847111 0.540659 0.79447 0.529693 0.847111 0.512612 0.792076 0.660065 0.792847 0.71774 0.794215 0.711295 0.848953 0.660065 0.792847 0.711295 0.848953 0.648824 0.846935 0.804133 0.924918 0.803763 0.924131 0.80366 0.924204 0.804133 0.924918 0.80366 0.924204 0.803973 0.924909 0.803763 0.924131 0.803632 0.923692 0.803387 0.923865 0.803763 0.924131 0.803387 0.923865 0.80366 0.924204 0.80438 0.925388 0.804211 0.925358 0.803841 0.926823 0.80438 0.925388 0.803841 0.926823 0.803995 0.926818 0.803632 0.923692 0.803052 0.923113 0.802989 0.923281 0.803632 0.923692 0.802989 0.923281 0.803387 0.923865 0.80129 0.923945 0.801546 0.924043 0.802063 0.923271 0.80129 0.923945 0.802063 0.923271 0.801889 0.923095 0.801889 0.923095 0.802063 0.923271 0.802695 0.923177 0.801889 0.923095 0.802695 0.923177 0.802557 0.922974 0.804133 0.924918 0.803973 0.924909 0.804211 0.925358 0.804133 0.924918 0.804211 0.925358 0.80438 0.925388 0.80129 0.923945 0.800856 0.924928 0.80116 0.924984 0.80129 0.923945 0.80116 0.924984 0.801546 0.924043 0.803052 0.923113 0.802557 0.922974 0.802695 0.923177 0.803052 0.923113 0.802695 0.923177 0.802989 0.923281 0.71774 0.794215 0.726038 0.794805 0.711295 0.848953 0.801147 0.927177 0.80116 0.924984 0.800981 0.927232 0.801147 0.927177 0.800981 0.927232 0.801096 0.929218 0.717954 0.793532 0.709645 0.848408 0.72633 0.793068 0.80079 0.929265 0.801096 0.929218 0.800981 0.927232 0.703078 0.05612802 0.639511 0.140012 0.6389 0.01874297 0.639511 0.140012 0.703078 0.05612802 0.72428 0.136707 0.639511 0.140012 0.707436 0.05740201 0.6389 0.01874297 0.707436 0.05740201 0.639511 0.140012 0.724084 0.1395139 0.72428 0.136707 0.640121 0.261283 0.639511 0.140012 0.640121 0.261283 0.72428 0.136707 0.724889 0.257978 0.639511 0.140012 0.724693 0.260784 0.724084 0.1395139 0.724693 0.260784 0.639511 0.140012 0.640121 0.261283 0.706919 0.342873 0.640121 0.261283 0.724889 0.257978 0.640121 0.261283 0.706919 0.342873 0.640731 0.382553 0.640121 0.261283 0.708874 0.342971 0.724693 0.260784 0.708874 0.342971 0.640121 0.261283 0.640731 0.382553 0.927389 0.938362 0.858191 0.948853 0.858461 0.817935 0.858461 0.817935 0.982428 0.814118 0.927389 0.938362 0.858461 0.817935 0.858191 0.948853 0.927458 0.938451 0.927458 0.938451 0.982965 0.813966 0.858461 0.817935 0.982428 0.814118 0.858461 0.817935 0.858019 0.65619 0.858019 0.65619 0.982146 0.653729 0.982428 0.814118 0.858461 0.817935 0.982965 0.813966 0.981226 0.653988 0.981226 0.653988 0.858019 0.65619 0.858461 0.817935 0.936815 0.534561 0.982146 0.653729 0.858019 0.65619 0.858019 0.65619 0.857857 0.527089 0.936815 0.534561 0.858019 0.65619 0.981226 0.653988 0.935064 0.535276 0.935064 0.535276 0.857857 0.527089 0.858019 0.65619 0.998207 0.48929 0.913188 0.481713 0.913188 0.481713 0.998207 0.48929 0.913188 0.481713 0.998207 0.48929 0.996513 0.02359402 0.921404 0.03575199 0.921404 0.03575199 0.996513 0.02359402 0.921404 0.03575199 0.996513 0.02359402 0.861167 0.173343 0.860212 0.350466 0.860212 0.350466 0.861167 0.173343 0.860212 0.350466 0.861167 0.173343 0.860085 0.348859 0.86124 0.174282 0.86124 0.174282 0.860085 0.348859 0.86124 0.174282 0.860085 0.348859 0.910549 0.48187 0.998207 0.48929 0.998207 0.48929 0.910549 0.48187 0.998207 0.48929 0.910549 0.48187 0.913188 0.481713 0.860085 0.348859 0.860085 0.348859 0.913188 0.481713 0.860085 0.348859 0.913188 0.481713 0.921404 0.03575199 0.861167 0.173343 0.861167 0.173343 0.921404 0.03575199 0.861167 0.173343 0.921404 0.03575199 0.86124 0.174282 0.92117 0.03582298 0.92117 0.03582298 0.86124 0.174282 0.92117 0.03582298 0.86124 0.174282 0.860212 0.350466 0.910549 0.48187 0.910549 0.48187 0.860212 0.350466 0.910549 0.48187 0.860212 0.350466 0.92117 0.03582298 0.996513 0.02359402 0.996513 0.02359402 0.92117 0.03582298 0.996513 0.02359402 0.92117 0.03582298 0.472126 0.1167619 0.511902 0.1117479 0.479204 3.82006e-4 0.511902 0.1117479 0.552713 0.1182379 0.551669 0.001152992 0.514497 0.1126919 0.476701 0.117461 0.479333 4.0102e-4 0.553794 0.11904 0.514497 0.1126919 0.548822 -9.16958e-4 0.514782 0.1503329 0.519571 0.315977 0.498322 0.31664 0.514782 0.1503329 0.514012 0.106325 0.552713 0.1182379 0.472126 0.1167619 0.514012 0.106325 0.514782 0.1503329 0.511647 0.003714025 0.551669 0.001152992 0.552713 0.1182379 0.552713 0.1182379 0.514012 0.106325 0.511647 0.003714025 0.472126 0.1167619 0.479204 3.82006e-4 0.511647 0.003714025 0.514012 0.106325 0.472126 0.1167619 0.511647 0.003714025 0.517404 0.1512759 0.520391 0.315948 0.525172 0.315801 0.517404 0.1512759 0.525172 0.315801 0.553794 0.11904 0.476701 0.117461 0.483891 0.317066 0.499047 0.316601 0.476701 0.117461 0.499047 0.316601 0.517404 0.1512759 0.519094 0.1070079 0.517404 0.1512759 0.553794 0.11904 0.519094 0.1070079 0.476701 0.117461 0.517404 0.1512759 0.548822 -9.16958e-4 0.512177 0.003718972 0.553794 0.11904 0.519094 0.1070079 0.553794 0.11904 0.512177 0.003718972 0.479333 4.0102e-4 0.476701 0.117461 0.512177 0.003718972 0.476701 0.117461 0.519094 0.1070079 0.512177 0.003718972 0.553794 0.11904 0.550306 0.315032 0.496888 0.3141461 0.553794 0.11904 0.496888 0.3141461 0.514497 0.1126919 0.472126 0.1167619 0.483089 0.317115 0.496347 0.314436 0.472126 0.1167619 0.496347 0.314436 0.511902 0.1117479 0.514497 0.1126919 0.496888 0.3141461 0.483891 0.317066 0.514497 0.1126919 0.483891 0.317066 0.476701 0.117461 0.499047 0.316601 0.520391 0.315948 0.517404 0.1512759 0.548822 -9.16958e-4 0.514497 0.1126919 0.479333 4.0102e-4 0.479204 3.82006e-4 0.511902 0.1117479 0.551669 0.001152992 0.52439 0.315827 0.519571 0.315977 0.514782 0.1503329 0.52439 0.315827 0.514782 0.1503329 0.552713 0.1182379 0.525172 0.315801 0.550306 0.315032 0.553794 0.11904 0.548673 0.315069 0.52439 0.315827 0.552713 0.1182379 0.498322 0.31664 0.483089 0.317115 0.472126 0.1167619 0.498322 0.31664 0.472126 0.1167619 0.514782 0.1503329 0.496347 0.314436 0.548673 0.315069 0.552713 0.1182379 0.496347 0.314436 0.552713 0.1182379 0.511902 0.1117479 0.773571 0.04190397 0.775836 0.05633801 0.772575 0.05931997 0.737725 0.010957 0.773571 0.04190397 0.772575 0.05931997 0.737725 0.010957 0.772575 0.05931997 0.74447 0.06589102 0.73728 0.009289979 0.744496 0.06347203 0.753826 0.05656701 0.773369 0.04109901 0.735622 0.008551001 0.743479 0.06483298 0.773369 0.04109901 0.743479 0.06483298 0.772558 0.05911499 0.773687 0.04157102 0.776045 0.05639398 0.753094 0.05769401 0.773687 0.04157102 0.753094 0.05769401 0.735458 0.01024901 0.753826 0.05656701 0.775452 0.05589497 0.773246 0.04142898 0.753826 0.05656701 0.773246 0.04142898 0.73728 0.009289979 0.737725 0.010957 0.821048 0.009662985 0.773571 0.04190397 0.82843 0.495973 0.781496 0.38133 0.727048 0.496023 0.773246 0.04142898 0.818534 0.009537994 0.73728 0.009289979 0.828732 0.497108 0.726002 0.497814 0.781701 0.37549 0.735622 0.008551001 0.773369 0.04109901 0.822704 0.009190022 0.735458 0.01024901 0.820192 0.009285986 0.773687 0.04157102 0.735622 0.008551001 0.822704 0.009190022 0.820118 0.009168028 0.820118 0.009168028 0.735314 0.008547008 0.735622 0.008551001 0.737725 0.010957 0.737437 0.01095801 0.818614 0.009684026 0.818614 0.009684026 0.821048 0.009662985 0.737725 0.010957 0.737725 0.010957 0.74447 0.06589102 0.736557 0.065476 0.737725 0.010957 0.736557 0.065476 0.737437 0.01095801 0.772558 0.05911499 0.775667 0.05595397 0.773369 0.04109901 0.753094 0.05769401 0.742783 0.06459802 0.735458 0.01024901 0.736946 0.06448602 0.744496 0.06347203 0.73728 0.009289979 0.742783 0.06459802 0.735348 0.065701 0.735458 0.01024901 0.735751 0.06469702 0.743479 0.06483298 0.735622 0.008551001 0.735751 0.06469702 0.735622 0.008551001 0.735314 0.008547008 0.49973 0.782007 0.499619 0.78205 0.417473 0.7872 0.417473 0.7872 0.417585 0.787137 0.49973 0.782007 0.497712 0.780549 0.500869 0.760842 0.418724 0.754278 0.418724 0.754278 0.415567 0.785699 0.497712 0.780549 0.502776 0.762343 0.49973 0.782007 0.417585 0.787137 0.417585 0.787137 0.420631 0.755779 0.502776 0.762343 0.417585 0.787137 0.417473 0.7872 0.394314 0.785993 0.394314 0.785993 0.394425 0.78595 0.417585 0.787137 0.415567 0.785699 0.418724 0.754278 0.392631 0.758918 0.392631 0.758918 0.392407 0.784492 0.415567 0.785699 0.420631 0.755779 0.417585 0.787137 0.394425 0.78595 0.394425 0.78595 0.394537 0.760419 0.420631 0.755779 0.394425 0.78595 0.394314 0.785993 0.342071 0.785679 0.342071 0.785679 0.342182 0.785636 0.394425 0.78595 0.392407 0.784492 0.392631 0.758918 0.340388 0.758604 0.340388 0.758604 0.340164 0.784178 0.392407 0.784492 0.394537 0.760419 0.394425 0.78595 0.342182 0.785636 0.342182 0.785636 0.342294 0.760105 0.394537 0.760419 0.562669 0.766922 0.562668 0.767123 0.562669 0.767122 0.342182 0.785636 0.342071 0.785679 0.342294 0.760105 0.499619 0.78205 0.49973 0.782007 0.564575 0.768624 0.564575 0.768624 0.564574 0.768624 0.499619 0.78205 0.49973 0.782007 0.502776 0.762343 0.564576 0.768423 0.564576 0.768423 0.564575 0.768624 0.49973 0.782007 0.500869 0.760842 0.497712 0.780549 0.562668 0.767123 0.562668 0.767123 0.562669 0.766922 0.500869 0.760842 0.45411 0.548361 0.430638 0.477435 0.437298 0.470725 0.437298 0.470725 0.478359 0.532507 0.45411 0.548361 0.636989 0.500626 0.649432 0.460382 0.648503 0.460369 0.65022 0.461743 0.637777 0.501986 0.629187 0.497326 0.629187 0.497326 0.642109 0.461627 0.65022 0.461743 0.464878 0.466577 0.534782 0.518676 0.524107 0.543171 0.524107 0.543171 0.490989 0.543986 0.464878 0.466577 0.558395 0.545313 0.533548 0.557343 0.524107 0.543171 0.534782 0.518676 0.558395 0.545313 0.524107 0.543171 0.493695 0.566366 0.490989 0.543986 0.524107 0.543171 0.524107 0.543171 0.533548 0.557343 0.493695 0.566366 0.478359 0.532507 0.464878 0.466577 0.490989 0.543986 0.490989 0.543986 0.479299 0.549335 0.478359 0.532507 0.493695 0.566366 0.475912 0.560028 0.479299 0.549335 0.479299 0.549335 0.490989 0.543986 0.493695 0.566366 0.45411 0.548361 0.478359 0.532507 0.479299 0.549335 0.479299 0.549335 0.475912 0.560028 0.45411 0.548361 0.558395 0.545313 0.534782 0.518676 0.527619 0.459991 0.527619 0.459991 0.533837 0.46008 0.569778 0.497022 0.569778 0.497022 0.558395 0.545313 0.527619 0.459991 0.569778 0.497022 0.603053 0.461069 0.607243 0.461129 0.607243 0.461129 0.558395 0.545313 0.569778 0.497022 0.609826 0.461165 0.591208 0.537288 0.558395 0.545313 0.558395 0.545313 0.607243 0.461129 0.609826 0.461165 0.637299 0.475687 0.629187 0.497326 0.621321 0.54022 0.621321 0.54022 0.611618 0.54045 0.637299 0.475687 0.637777 0.501986 0.618428 0.548776 0.621321 0.54022 0.621321 0.54022 0.629187 0.497326 0.637777 0.501986 0.584661 0.56576 0.611618 0.54045 0.621321 0.54022 0.621321 0.54022 0.618428 0.548776 0.584661 0.56576 0.558395 0.545313 0.568323 0.559327 0.547901 0.564635 0.533548 0.557343 0.558395 0.545313 0.547901 0.564635 0.584661 0.56576 0.545399 0.569691 0.547901 0.564635 0.547901 0.564635 0.568323 0.559327 0.584661 0.56576 0.493695 0.566366 0.533548 0.557343 0.547901 0.564635 0.547901 0.564635 0.545399 0.569691 0.493695 0.566366 0.602554 0.54062 0.598477 0.554258 0.585472 0.555024 0.585472 0.555024 0.591208 0.537288 0.602554 0.54062 0.584661 0.56576 0.568323 0.559327 0.585472 0.555024 0.585472 0.555024 0.598477 0.554258 0.584661 0.56576 0.558395 0.545313 0.591208 0.537288 0.585472 0.555024 0.568323 0.559327 0.558395 0.545313 0.585472 0.555024 0.637299 0.475687 0.611618 0.54045 0.610412 0.542251 0.610412 0.542251 0.598477 0.554258 0.602554 0.54062 0.637299 0.475687 0.610412 0.542251 0.602554 0.54062 0.602554 0.54062 0.591208 0.537288 0.609826 0.461165 0.637299 0.475687 0.602554 0.54062 0.609826 0.461165 0.637299 0.475687 0.609826 0.461165 0.613224 0.461214 0.637299 0.475687 0.613224 0.461214 0.638485 0.461575 0.583873 0.5644 0.597688 0.552898 0.609624 0.540891 0.609624 0.540891 0.610829 0.53909 0.583873 0.5644 0.446366 0.48661 0.453321 0.547001 0.477872 0.532584 0.477872 0.532584 0.436696 0.471915 0.446366 0.48661 0.636989 0.500626 0.652129 0.460421 0.648745 0.4603731 0.627683 0.489158 0.628893 0.498952 0.64272 0.460286 0.64272 0.460286 0.639128 0.460235 0.627683 0.489158 0.490613 0.544272 0.524111 0.546822 0.535044 0.535415 0.490613 0.544272 0.535044 0.535415 0.505098 0.45832 0.486392 0.458053 0.490613 0.544272 0.505098 0.45832 0.492907 0.565006 0.533454 0.557398 0.524111 0.546822 0.524111 0.546822 0.490613 0.544272 0.492907 0.565006 0.559065 0.546664 0.535044 0.535415 0.524111 0.546822 0.533454 0.557398 0.559065 0.546664 0.524111 0.546822 0.477872 0.532584 0.478768 0.549112 0.490613 0.544272 0.477872 0.532584 0.490613 0.544272 0.486392 0.458053 0.477872 0.532584 0.486392 0.458053 0.48065 0.457971 0.453321 0.547001 0.475123 0.558667 0.478768 0.549112 0.478768 0.549112 0.477872 0.532584 0.453321 0.547001 0.492907 0.565006 0.490613 0.544272 0.478768 0.549112 0.478768 0.549112 0.475123 0.558667 0.492907 0.565006 0.543665 0.458871 0.547066 0.505837 0.570788 0.502635 0.570788 0.502635 0.580834 0.459402 0.543665 0.458871 0.559065 0.546664 0.570788 0.502635 0.547066 0.505837 0.535044 0.535415 0.559065 0.546664 0.547066 0.505837 0.580834 0.459402 0.570788 0.502635 0.61219 0.460451 0.61219 0.460451 0.612394 0.459853 0.580834 0.459402 0.559065 0.546664 0.591605 0.541865 0.61219 0.460451 0.570788 0.502635 0.559065 0.546664 0.61219 0.460451 0.602693 0.544881 0.616597 0.513903 0.61219 0.460451 0.61219 0.460451 0.591605 0.541865 0.602693 0.544881 0.639128 0.460235 0.612394 0.459853 0.61219 0.460451 0.639128 0.460235 0.61219 0.460451 0.616597 0.513903 0.627683 0.489158 0.639128 0.460235 0.616597 0.513903 0.627683 0.489158 0.611319 0.540627 0.620852 0.539861 0.620852 0.539861 0.628893 0.498952 0.627683 0.489158 0.583873 0.5644 0.617639 0.547416 0.620852 0.539861 0.620852 0.539861 0.611319 0.540627 0.583873 0.5644 0.636989 0.500626 0.628893 0.498952 0.620852 0.539861 0.620852 0.539861 0.617639 0.547416 0.636989 0.500626 0.559065 0.546664 0.533454 0.557398 0.547599 0.564178 0.568233 0.559381 0.559065 0.546664 0.547599 0.564178 0.492907 0.565006 0.544611 0.568331 0.547599 0.564178 0.547599 0.564178 0.533454 0.557398 0.492907 0.565006 0.583873 0.5644 0.568233 0.559381 0.547599 0.564178 0.547599 0.564178 0.544611 0.568331 0.583873 0.5644 0.602693 0.544881 0.591605 0.541865 0.585534 0.555709 0.585534 0.555709 0.598344 0.554801 0.602693 0.544881 0.559065 0.546664 0.568233 0.559381 0.585534 0.555709 0.591605 0.541865 0.559065 0.546664 0.585534 0.555709 0.583873 0.5644 0.598344 0.554801 0.585534 0.555709 0.585534 0.555709 0.568233 0.559381 0.583873 0.5644 0.602693 0.544881 0.598344 0.554801 0.610307 0.543034 0.610307 0.543034 0.616597 0.513903 0.602693 0.544881 0.584661 0.56576 0.612107 0.541987 0.611095 0.544394 0.611095 0.544394 0.599133 0.556161 0.584661 0.56576 0.627683 0.489158 0.616597 0.513903 0.610307 0.543034 0.610307 0.543034 0.611319 0.540627 0.627683 0.489158 0.527619 0.459991 0.534782 0.518676 0.464878 0.466577 0.464878 0.466577 0.500274 0.4596 0.527619 0.459991 0.446366 0.48661 0.427129 0.457207 0.427101 0.457206 0.446366 0.48661 0.427101 0.457206 0.429849 0.476075 0.453321 0.547001 0.446366 0.48661 0.429849 0.476075 0.437484 0.473275 0.437023 0.458697 0.433071 0.45864 0.433071 0.45864 0.434571 0.458662 0.436669 0.458692 0.437484 0.473275 0.433071 0.45864 0.436669 0.458692 0.447154 0.48797 0.437484 0.473275 0.436669 0.458692 0.436413 0.458688 0.430638 0.477435 0.427889 0.458566 0.434357 0.458659 0.432692 0.458635 0.436104 0.458684 0.436104 0.458684 0.437298 0.470725 0.430638 0.477435 0.436104 0.458684 0.430638 0.477435 0.436413 0.458688 0.434357 0.458659 0.436104 0.458684 0.436413 0.458688 0.650574 0.461747 0.637777 0.501986 0.649533 0.461733 0.478359 0.532507 0.437298 0.470725 0.436104 0.458684 0.478359 0.532507 0.436104 0.458684 0.46476 0.459093 0.478359 0.532507 0.46476 0.459093 0.464878 0.466577 0.436235 0.457337 0.436696 0.471915 0.477872 0.532584 0.477872 0.532584 0.48065 0.457971 0.436235 0.457337 0.603053 0.461069 0.569778 0.497022 0.533837 0.46008 0.427129 0.457207 0.446366 0.48661 0.435881 0.457331 0.652918 0.461781 0.637777 0.501986 0.649291 0.461729 0.649786 0.460387 0.64272 0.460286 0.628893 0.498952 0.628893 0.498952 0.636989 0.500626 0.649786 0.460387 0.543665 0.458871 0.505098 0.45832 0.535044 0.535415 0.535044 0.535415 0.547066 0.505837 0.543665 0.458871 0.503519 0.458401 0.468123 0.465378 0.468005 0.457894 0.642109 0.461627 0.629187 0.497326 0.637299 0.475687 0.637299 0.475687 0.638485 0.461575 0.642109 0.461627 0.09259599 0.897614 0.1569 0.892482 0.158691 0.87634 0.09259599 0.897614 0.158691 0.87634 0.161906 0.844829 0.09259599 0.897614 0.161906 0.844829 0.160309 0.757916 0.160309 0.757916 0.09619599 0.759643 0.09259599 0.897614 0.09336698 0.899184 0.096969 0.761213 0.160583 0.75968 0.09336698 0.899184 0.160583 0.75968 0.162563 0.841765 0.09336698 0.899184 0.162563 0.841765 0.158918 0.877761 0.09336698 0.899184 0.158918 0.877761 0.157164 0.893589 0.232345 0.759667 0.305236 0.759666 0.304692 0.842596 0.232345 0.759667 0.304692 0.842596 0.263398 0.844477 0.232345 0.759667 0.263398 0.844477 0.229367 0.843946 0.231077 0.995591 0.155741 0.980444 0.1570799 0.894875 0.1569 0.892482 0.09259599 0.897614 0.15018 0.979478 0.09336698 0.899184 0.157164 0.893589 0.151208 0.981114 0.09471499 0.844118 0.07140696 0.754922 0.02129399 0.795288 0.09361696 0.84398 0.02028596 0.79502 0.07047599 0.754742 0.306168 0.892437 0.2282519 0.89166 0.241626 0.878336 0.241626 0.878336 0.305619 0.876434 0.306168 0.892437 0.2282519 0.899585 0.157164 0.893589 0.2282519 0.89166 0.162563 0.841765 0.198812 0.843469 0.218841 0.878295 0.162563 0.841765 0.218841 0.878295 0.158918 0.877761 0.160583 0.75968 0.232345 0.759667 0.229367 0.843946 0.160583 0.75968 0.229367 0.843946 0.198812 0.843469 0.160583 0.75968 0.198812 0.843469 0.162563 0.841765 0.241626 0.878336 0.2282519 0.89166 0.228839 0.845036 0.228839 0.845036 0.263398 0.844477 0.241626 0.878336 0.228839 0.845036 0.2282519 0.89166 0.218841 0.878295 0.218841 0.878295 0.198812 0.843469 0.228839 0.845036 0.263398 0.844477 0.304692 0.842596 0.305619 0.876434 0.305619 0.876434 0.241626 0.878336 0.263398 0.844477 0.2282519 0.89166 0.157164 0.893589 0.158918 0.877761 0.158918 0.877761 0.218841 0.878295 0.2282519 0.89166 0.228839 0.845036 0.198812 0.843469 0.229367 0.843946 0.228839 0.845036 0.229367 0.843946 0.263398 0.844477 0.306168 0.892437 0.2282519 0.899585 0.2282519 0.89166 0.231077 0.995591 0.30633 0.89265 0.309946 0.978875 0.305236 0.759666 0.232345 0.759667 0.160583 0.75968 0.09471499 0.844118 0.02129399 0.795288 0.01634895 0.841231 0.09361696 0.84398 0.08836197 0.916062 0.009723961 0.891448 0.08088499 0.756233 0.09961998 0.756231 0.103525 0.769216 0.103525 0.769216 0.09765499 0.822058 0.08357995 0.822059 0.08088499 0.756233 0.103525 0.769216 0.08357995 0.822059 0.08088499 0.756233 0.08357995 0.822059 0.07698196 0.76922 0.02028596 0.79502 0.09361696 0.84398 0.01525497 0.840953 0.040057 0.814443 0.040057 0.814443 0.01162499 0.784162 0.01162499 0.784162 0.01162499 0.784162 0.040057 0.814443 0.08958697 0.916208 0.09471499 0.844118 0.01091295 0.891734 0.2282519 0.899585 0.23022 0.992686 0.157164 0.893589 0.23022 0.992686 0.2282519 0.899585 0.306168 0.892437 0.09361696 0.84398 0.009723961 0.891448 0.01525497 0.840953 0.02469998 0.846723 0.03827899 0.872199 0.02469998 0.846723 0.01634895 0.841231 0.01091295 0.891734 0.09471499 0.844118 0.552951 0.422065 0.576639 0.422404 0.576092 0.460684 0.576092 0.460684 0.552404 0.460345 0.552951 0.422065 0.576639 0.422404 0.620062 0.423024 0.619515 0.461304 0.619515 0.461304 0.576092 0.460684 0.576639 0.422404 0.651745 0.461764 0.619515 0.461304 0.620062 0.423024 0.620062 0.423024 0.652292 0.423484 0.651745 0.461764 0.652292 0.423484 0.669441 0.423729 0.668894 0.462009 0.668894 0.462009 0.651745 0.461764 0.652292 0.423484 0.668653 0.422369 0.668653 0.422369 0.668106 0.460649 0.668106 0.460649 0.668106 0.460649 0.668653 0.422369 0.668653 0.422369 0.651504 0.422124 0.650957 0.460404 0.650957 0.460404 0.668106 0.460649 0.668653 0.422369 0.631927 0.421845 0.619273 0.421664 0.618727 0.459944 0.651504 0.422124 0.631927 0.421845 0.618727 0.459944 0.651504 0.422124 0.618727 0.459944 0.650957 0.460404 0.619273 0.421664 0.57585 0.421044 0.575303 0.459323 0.575303 0.459323 0.618727 0.459944 0.619273 0.421664 0.57585 0.421044 0.552163 0.420705 0.551616 0.458985 0.551616 0.458985 0.575303 0.459323 0.57585 0.421044 0.552163 0.420705 0.502784 0.42 0.502237 0.45828 0.502237 0.45828 0.551616 0.458985 0.552163 0.420705 0.502784 0.42 0.45936 0.419379 0.458813 0.457659 0.458813 0.457659 0.502237 0.45828 0.502784 0.42 0.45936 0.419379 0.42713 0.418919 0.426583 0.457199 0.426583 0.457199 0.458813 0.457659 0.45936 0.419379 0.42713 0.418919 0.409981 0.418674 0.409434 0.456954 0.409434 0.456954 0.426583 0.457199 0.42713 0.418919 0.41077 0.420034 0.41077 0.420034 0.410223 0.458314 0.410223 0.458314 0.410223 0.458314 0.41077 0.420034 0.41077 0.420034 0.427919 0.420279 0.427372 0.458559 0.427372 0.458559 0.410223 0.458314 0.41077 0.420034 0.427919 0.420279 0.460149 0.42074 0.459602 0.459019 0.459602 0.459019 0.427372 0.458559 0.427919 0.420279 0.460149 0.42074 0.503572 0.42136 0.503025 0.45964 0.503025 0.45964 0.459602 0.459019 0.460149 0.42074 0.503572 0.42136 0.552951 0.422065 0.552404 0.460345 0.552404 0.460345 0.503025 0.45964 0.503572 0.42136 0.568455 0.462242 0.55512 0.462242 0.52732 0.462242 0.52732 0.462242 0.465961 0.461011 0.484728 0.462242 0.484728 0.462242 0.475073 0.462242 0.475073 0.462242 0.52732 0.462242 0.484728 0.462242 0.475073 0.462242 0.475073 0.462242 0.484728 0.462242 0.465961 0.461012 0.465961 0.461012 0.52732 0.462242 0.55512 0.462242 0.475073 0.462242 0.465961 0.461012 0.55512 0.462242 0.52732 0.462242 0.475073 0.462242 0.55512 0.462242 0.55512 0.462242 0.568455 0.462242 0.592902 0.462242 0.592902 0.462242 0.611047 0.462242 0.620702 0.462242 0.55512 0.462242 0.592902 0.462242 0.620702 0.462242 0.52732 0.462242 0.55512 0.462242 0.620702 0.462242 0.620702 0.462242 0.620702 0.462242 0.611047 0.462242 0.52732 0.462242 0.620702 0.462242 0.611047 0.462242 0.568455 0.462242 0.52732 0.462242 0.611047 0.462242 0.592902 0.462242 0.568455 0.462242 0.611047 0.462242 0.482267 0.462883 0.472612 0.462883 0.472612 0.4628821 0.472612 0.4628821 0.482267 0.4628821 0.4635 0.4616521 0.4635 0.4616521 0.524859 0.4628821 0.552659 0.4628821 0.472612 0.4628821 0.4635 0.4616521 0.552659 0.4628821 0.552659 0.4628821 0.565995 0.4628821 0.590441 0.4628821 0.552659 0.4628821 0.590441 0.4628821 0.597565 0.4628821 0.597565 0.4628821 0.608586 0.4628821 0.618241 0.462883 0.618241 0.462883 0.618241 0.462883 0.608586 0.462883 0.597565 0.4628821 0.618241 0.462883 0.608586 0.462883 0.552659 0.4628821 0.597565 0.4628821 0.608586 0.462883 0.608586 0.462883 0.590441 0.462883 0.565995 0.462883 0.565995 0.462883 0.552659 0.462883 0.524859 0.462883 0.608586 0.462883 0.565995 0.462883 0.524859 0.462883 0.552659 0.4628821 0.608586 0.462883 0.524859 0.462883 0.472612 0.4628821 0.552659 0.4628821 0.524859 0.462883 0.482267 0.462883 0.472612 0.4628821 0.524859 0.462883 0.482267 0.462883 0.524859 0.462883 0.463501 0.4616521 0.576452 0.421902 0.628888 0.422651 0.547088 0.341854 0.493313 0.343217 0.488489 0.420645 0.576452 0.421902 0.547088 0.341854 0.493313 0.343217 0.576452 0.421902 0.489278 0.422005 0.481421 0.421893 0.494101 0.344577 0.576452 0.421902 0.547088 0.341854 0.628888 0.422651 0.488489 0.420645 0.480633 0.420533 0.493313 0.343217 0.576452 0.421902 0.488489 0.420645 0.493313 0.343217 0.547088 0.341854 0.576452 0.421902 0.493313 0.343217 0.737059 0.565439 0.73609 0.594781 0.846024 0.572787 0.812174 0.600836 0.846024 0.572787 0.73609 0.594781 0.812174 0.600836 0.73609 0.594781 0.737372 0.563274 0.737372 0.563274 0.734165 0.531904 0.809858 0.508965 0.84466 0.541086 0.737059 0.565439 0.846024 0.572787 0.84466 0.541086 0.809858 0.508965 0.734165 0.531904 0.734165 0.531904 0.737059 0.565439 0.84466 0.541086 0.739471 0.565324 0.846039 0.572814 0.73849 0.594768 0.846039 0.572814 0.811698 0.602066 0.73849 0.594768 0.811698 0.602066 0.739757 0.563153 0.73849 0.594768 0.811698 0.602066 0.811312 0.509402 0.739757 0.563153 0.739757 0.563153 0.811312 0.509402 0.736555 0.531673 0.844673 0.541014 0.846039 0.572814 0.739471 0.565324 0.844673 0.541014 0.736555 0.531673 0.811312 0.509402 0.736555 0.531673 0.844673 0.541014 0.739471 0.565324 0.782292 0.721579 0.780571 0.670525 0.732728 0.754387 0.730414 0.631015 0.732728 0.754387 0.780571 0.670525 0.775929 0.927264 0.776871 0.980641 0.734442 0.961319 0.734442 0.961319 0.73153 0.806141 0.775929 0.927264 0.773438 0.786473 0.774372 0.839305 0.73153 0.806141 0.73153 0.806141 0.821572 0.880958 0.775929 0.927264 0.856296 0.74223 0.737935 0.641961 0.788148 0.68912 0.781588 0.741945 0.792109 0.806163 0.732156 0.754235 0.732156 0.754235 0.792109 0.806163 0.73137 0.807519 0.731207 0.807524 0.792244 0.806157 0.731993 0.754241 0.731993 0.754241 0.792244 0.806157 0.781602 0.741944 0.780571 0.670525 0.771215 0.605898 0.730414 0.631015 0.732728 0.754387 0.774208 0.780826 0.782292 0.721579 0.776871 0.980641 0.854906 0.94969 0.855481 0.996667 0.854906 0.94969 0.776871 0.980641 0.775929 0.927264 0.774372 0.839305 0.851483 0.770651 0.852567 0.816949 0.851483 0.770651 0.774372 0.839305 0.773438 0.786473 0.775929 0.927264 0.853656 0.879174 0.854906 0.94969 0.853656 0.879174 0.775929 0.927264 0.821572 0.880958 0.821572 0.880958 0.852567 0.816949 0.853681 0.879038 0.852567 0.816949 0.821572 0.880958 0.774372 0.839305 0.854585 0.740056 0.780571 0.670525 0.782292 0.721579 0.792109 0.806163 0.855428 0.735648 0.853916 0.79975 0.855428 0.735648 0.792109 0.806163 0.781588 0.741945 0.781602 0.741944 0.854051 0.799742 0.855442 0.735646 0.854051 0.799742 0.781602 0.741944 0.792244 0.806157 0.771215 0.605898 0.853052 0.647365 0.855989 0.597548 0.782292 0.721579 0.856451 0.792078 0.854585 0.740056 0.856451 0.792078 0.782292 0.721579 0.774208 0.780826 0.732268 0.957368 0.678741 0.96377 0.710695 0.907261 0.358135 0.908201 0.440503 0.994112 0.354982 0.982921 0.452645 0.998772 0.46719 0.970406 0.338824 0.982009 0.2120029 0.683962 0.213836 0.706413 0.110196 0.676223 0.212739 0.649025 0.2120029 0.683962 0.108586 0.634038 0.108586 0.634038 0.2120029 0.683962 0.110196 0.676223 0.113017 0.677272 0.216127 0.711636 0.112082 0.668696 0.214031 0.689867 0.112082 0.668696 0.216127 0.711636 0.112123 0.635043 0.112082 0.668696 0.214031 0.689867 0.112123 0.635043 0.214031 0.689867 0.216003 0.654232 0.08632797 0.641643 0.01226598 0.651851 0.01576 0.628005 0.08632797 0.641643 0.089971 0.716971 0.01226598 0.651851 0.09423899 0.703531 0.02078598 0.710079 0.02038395 0.710318 0.02006298 0.651278 0.02038395 0.710318 0.02078598 0.710079 0.02038395 0.710318 0.09635496 0.718844 0.09423899 0.703531 0.02406895 0.627556 0.09423899 0.703531 0.09433096 0.643438 0.02406895 0.627556 0.02078598 0.710079 0.09423899 0.703531 0.089971 0.716971 0.01385498 0.71087 0.01226598 0.651851 0.84466 0.541086 0.846024 0.572787 0.852092 0.555663 0.852092 0.555663 0.846024 0.572787 0.812174 0.600836 0.84466 0.541086 0.852092 0.555663 0.863359 0.54109 0.863359 0.54109 0.809858 0.508965 0.84466 0.541086 0.57409 0.908641 0.567595 0.846651 0.714278 0.846651 0.57409 0.908641 0.714278 0.846651 0.710695 0.907261 0.529611 0.845205 0.56723 0.845293 0.570072 0.790599 0.529611 0.845205 0.570072 0.790599 0.524122 0.793284 0.678741 0.96377 0.602561 0.963359 0.57409 0.908641 0.57409 0.908641 0.710695 0.907261 0.678741 0.96377 0.570072 0.790481 0.567224 0.845293 0.529115 0.845205 0.570072 0.790481 0.529115 0.845205 0.524123 0.793166 0.714278 0.846651 0.567595 0.846651 0.569985 0.789492 0.714278 0.846651 0.569985 0.789492 0.710494 0.789633 0.358135 0.908201 0.436359 0.90873 0.440503 0.994112 0.436359 0.90873 0.39355 0.830911 0.49048 0.831686 0.02006298 0.651278 0.02078598 0.710079 0.02406895 0.627556 0.812174 0.600836 0.737372 0.563274 0.809858 0.508965 0.214187 0.687046 0.108682 0.678103 0.215637 0.709584 0.215521 0.652117 0.1077859 0.635879 0.214187 0.687046 0.1077859 0.635879 0.108682 0.678103 0.214187 0.687046 0.110833 0.677118 0.109753 0.668583 0.218267 0.70427 0.215806 0.682567 0.218267 0.70427 0.109753 0.668583 0.109222 0.634937 0.215806 0.682567 0.109753 0.668583 0.109222 0.634937 0.217177 0.646818 0.215806 0.682567 0.08451896 0.644931 0.01425695 0.629049 0.01025199 0.652769 0.08451896 0.644931 0.01025199 0.652769 0.08654499 0.720328 0.08896899 0.703328 0.01529699 0.712467 0.01569396 0.712215 0.01370698 0.653455 0.01569396 0.712215 0.01529699 0.712467 0.01529699 0.712467 0.08896899 0.703328 0.09141296 0.718569 0.017201 0.629612 0.08776795 0.64325 0.08896899 0.703328 0.017201 0.629612 0.08896899 0.703328 0.01569396 0.712215 0.08654499 0.720328 0.01025199 0.652769 0.01057398 0.711801 0.844673 0.541014 0.852092 0.555663 0.846039 0.572814 0.852092 0.555663 0.811698 0.602066 0.846039 0.572814 0.862562 0.540325 0.852092 0.555663 0.844673 0.541014 0.844673 0.541014 0.811312 0.509402 0.862562 0.540325 0.01370698 0.653455 0.017201 0.629612 0.01569396 0.712215 0.523671 0.908474 0.527453 0.983696 0.440503 0.994112 0.452645 0.998772 0.555088 0.982307 0.46719 0.970406 0.552208 0.956634 0.57409 0.908641 0.602561 0.963359 0.57472 0.907397 0.56723 0.845293 0.529611 0.845205 0.57472 0.907397 0.529611 0.845205 0.523456 0.909012 0.436359 0.90873 0.523671 0.908474 0.440503 0.994112 0.639551 0.996009 0.678741 0.96377 0.732268 0.957368 0.732268 0.957368 0.715979 0.98137 0.639551 0.996009 0.602561 0.963359 0.678741 0.96377 0.639551 0.996009 0.567991 0.98137 0.552208 0.956634 0.602561 0.963359 0.602561 0.963359 0.639551 0.996009 0.567991 0.98137 0.854585 0.740056 0.853052 0.647365 0.780571 0.670525 0.771215 0.605898 0.780571 0.670525 0.853052 0.647365 0.305236 0.759666 0.232345 0.759667 0.160583 0.75968 0.08088499 0.756233 0.09961998 0.756231 0.103525 0.769216 0.529115 0.845205 0.567224 0.845293 0.574316 0.908556 0.529115 0.845205 0.574316 0.908556 0.522479 0.908585 0.530211 0.843683 0.49048 0.831686 0.524774 0.792805 0.36111 0.792169 0.39355 0.830911 0.354018 0.842908 0.39355 0.830911 0.436359 0.90873 0.358135 0.908201 0.524774 0.792805 0.49048 0.831686 0.39355 0.830911 0.524774 0.792805 0.39355 0.830911 0.36111 0.792169 0.49048 0.831686 0.523671 0.908474 0.436359 0.90873 0.358135 0.908201 0.354018 0.842908 0.39355 0.830911 0.523671 0.908474 0.49048 0.831686 0.530211 0.843683</float_array>
          <technique_common>
            <accessor source="#gaul_teceitos_Mesh-mesh-map-0-array" count="1959" stride="2">
              <param name="S" type="float"/>
              <param name="T" type="float"/>
            </accessor>
          </technique_common>
        </source>
        <vertices id="gaul_teceitos_Mesh-mesh-vertices">
          <input semantic="POSITION" source="#gaul_teceitos_Mesh-mesh-positions"/>
        </vertices>
        <triangles material="cspain_hostatir-material" count="653">
          <input semantic="VERTEX" source="#gaul_teceitos_Mesh-mesh-vertices" offset="0"/>
          <input semantic="NORMAL" source="#gaul_teceitos_Mesh-mesh-normals" offset="1"/>
          <input semantic="TEXCOORD" source="#gaul_teceitos_Mesh-mesh-map-0" offset="2" set="0"/>
          <p>399 0 0 400 1 1 401 2 2 402 3 3 403 4 4 404 5 5 402 6 6 405 7 7 403 8 8 406 9 9 407 9 10 408 9 11 409 9 12 410 9 13 411 9 14 401 10 15 412 11 16 399 12 17 413 13 18 414 14 19 415 15 20 415 16 21 416 17 22 413 18 23 417 19 24 418 20 25 419 21 26 419 22 27 420 23 28 417 24 29 421 25 30 422 26 31 423 27 32 424 28 33 425 29 34 414 30 35 414 31 36 413 32 37 424 33 38 421 34 39 423 35 40 418 36 41 418 37 42 417 38 43 421 39 44 426 40 45 427 41 46 416 42 47 416 43 48 415 44 49 426 45 50 420 46 51 419 47 52 428 48 53 429 49 54 430 49 55 431 49 56 432 50 57 433 50 58 434 50 59 414 51 60 425 52 61 435 53 62 436 54 63 437 54 64 438 54 65 415 55 66 414 56 67 439 57 68 440 58 69 441 58 70 442 58 71 426 59 72 415 60 73 443 61 74 444 62 75 445 62 76 446 62 77 427 63 78 426 64 79 447 65 80 448 66 81 449 66 82 450 66 83 451 67 84 452 67 85 453 67 86 454 68 87 455 68 88 456 68 89 457 69 90 458 69 91 459 69 92 460 70 93 461 70 94 462 70 95 463 71 96 464 71 97 465 71 98 466 72 99 467 72 100 468 72 101 469 73 102 470 73 103 471 73 104 472 74 105 473 74 106 474 74 107 417 75 108 420 76 109 475 77 110 476 78 111 477 78 112 478 78 113 421 79 114 417 80 115 479 81 116 480 82 117 481 82 118 482 82 119 422 83 120 421 84 121 483 85 122 484 86 123 485 86 124 486 86 125 487 87 126 488 87 127 489 87 128 490 88 129 491 88 130 492 88 131 493 89 132 494 89 133 495 89 134 496 90 135 497 90 136 498 90 137 499 91 138 500 91 139 501 91 140 502 92 141 503 92 142 504 92 143 505 93 144 506 93 145 507 93 146 154 94 147 155 95 148 156 96 149 157 97 150 158 98 151 159 99 152 160 100 153 157 101 154 159 102 155 161 103 156 162 104 157 163 105 158 164 106 159 165 107 160 166 108 161 167 109 162 165 110 163 164 111 164 154 112 165 168 113 166 155 114 167 160 115 168 169 116 169 157 117 170 161 118 171 163 119 172 170 120 173 167 121 174 164 122 175 171 123 176 172 124 177 157 125 178 169 126 179 172 127 180 169 128 181 173 129 182 174 130 183 175 131 184 176 132 185 174 133 186 176 134 187 177 135 188 178 136 189 172 137 190 173 138 191 178 139 192 173 140 193 179 141 194 174 142 195 177 143 196 180 144 197 174 145 198 180 146 199 181 147 200 182 148 201 178 149 202 179 150 203 182 151 204 179 152 205 183 153 206 184 154 207 176 155 208 175 156 209 184 157 210 175 158 211 185 159 212 186 160 213 154 161 214 156 162 215 186 163 216 156 164 217 187 165 218 187 166 219 156 167 220 188 168 221 187 169 222 188 170 223 189 171 224 190 172 225 191 173 226 192 174 227 190 175 228 192 176 229 168 177 230 189 178 231 188 179 232 193 180 233 189 181 234 193 182 235 194 183 236 195 184 237 196 185 238 197 186 239 195 187 240 197 188 241 198 189 242 196 190 243 199 191 244 200 192 245 196 193 246 200 194 247 197 195 248 186 196 249 190 197 250 168 198 251 186 199 252 168 200 253 154 201 254 195 202 255 198 203 256 201 204 257 195 205 258 201 206 259 202 207 260 194 208 261 193 209 262 200 210 263 194 211 264 200 212 265 199 213 266 203 214 267 204 215 268 205 216 269 206 217 270 207 218 271 171 219 272 206 220 273 171 221 274 164 222 275 208 223 276 209 224 277 210 225 278 208 226 279 210 227 280 211 228 281 212 229 282 213 230 283 207 231 284 212 232 285 207 233 286 206 234 287 208 235 288 214 236 289 215 237 290 208 238 291 215 239 292 209 240 293 216 241 294 217 242 295 213 243 296 216 244 297 213 245 298 212 246 299 210 247 300 218 248 301 219 249 302 210 250 303 219 251 304 211 252 305 220 253 306 221 254 307 162 255 308 220 256 309 162 257 310 161 258 311 221 259 312 222 260 313 223 261 314 221 262 315 223 263 316 162 264 317 224 265 318 170 266 319 225 267 320 224 268 321 225 269 322 226 270 323 222 271 324 227 272 325 228 273 326 222 274 327 228 275 328 223 276 329 229 277 330 230 278 331 231 279 332 229 280 333 231 281 334 232 282 335 232 283 336 231 284 337 233 285 338 232 286 339 233 287 340 234 288 341 220 289 342 161 290 343 170 291 344 220 292 345 170 293 346 224 294 347 229 295 348 203 296 349 205 297 350 229 298 351 205 299 352 230 300 353 227 301 354 234 302 355 233 303 356 227 304 357 233 305 358 228 306 359 218 307 360 235 308 361 219 309 362 236 310 363 205 311 364 204 310 365 236 312 366 204 312 367 201 313 368 237 314 369 238 314 370 239 314 371 202 315 372 201 316 373 204 215 374 283 317 375 284 318 376 285 319 377 284 320 378 283 321 379 286 322 380 284 323 381 287 324 382 285 325 383 287 326 384 284 327 385 288 328 386 286 329 387 289 330 388 284 331 389 289 332 390 286 333 391 290 334 392 284 335 393 291 336 394 288 337 395 291 338 396 284 339 397 289 340 398 292 341 399 289 342 400 290 343 401 289 344 402 292 345 403 293 346 404 289 347 405 294 348 406 291 349 407 294 350 408 289 351 409 293 352 410 295 353 411 296 354 412 297 355 413 297 356 414 298 357 415 295 358 416 297 359 417 296 360 418 299 361 419 299 362 420 300 363 421 297 364 422 298 365 423 297 366 424 301 367 425 301 368 426 302 369 427 298 370 428 297 371 429 300 372 430 303 373 431 303 374 432 301 375 433 297 376 434 304 377 435 302 378 436 301 379 437 301 380 438 305 381 439 304 382 440 301 383 441 303 384 442 306 385 443 306 386 444 305 387 445 301 388 446 307 389 447 308 390 448 309 391 449 307 392 450 309 393 451 310 394 452 311 395 453 312 396 454 313 397 455 311 398 456 313 399 457 314 400 458 315 401 459 316 402 460 317 403 461 315 404 462 317 405 463 318 406 464 319 407 465 320 408 466 321 409 467 319 410 468 321 411 469 322 412 470 323 413 471 307 414 472 310 415 473 323 416 474 310 417 475 324 418 476 308 419 477 319 420 478 322 421 479 308 422 480 322 423 481 309 424 482 312 425 483 315 426 484 318 427 485 312 428 486 318 429 487 313 430 488 320 431 489 325 432 490 326 433 491 320 434 492 326 435 493 321 436 494 316 437 495 323 438 496 324 439 497 316 440 498 324 441 499 317 442 500 325 443 501 311 444 502 314 445 503 325 446 504 314 447 505 326 448 506 19 449 507 42 450 508 20 451 509 43 452 510 21 453 511 22 454 512 107 455 513 79 456 514 80 457 515 81 458 516 108 459 517 82 460 518 44 461 519 45 462 520 46 463 521 47 464 522 48 465 523 23 466 524 24 467 525 49 468 526 44 469 527 25 470 528 22 471 529 21 472 530 21 473 531 50 474 532 25 475 533 19 476 534 20 477 535 26 478 536 51 479 537 19 480 538 26 481 539 109 482 540 110 483 541 111 484 542 109 485 543 111 486 544 83 487 545 84 488 546 112 489 547 113 490 548 84 491 549 113 492 550 114 493 551 115 494 552 109 495 553 83 496 554 116 497 555 84 498 556 114 499 557 82 500 558 85 501 559 81 502 560 117 503 561 81 504 562 85 505 563 80 506 564 79 507 565 86 508 566 79 509 567 118 510 568 86 511 569 83 512 570 119 513 571 120 514 572 83 515 573 120 516 574 121 517 575 24 518 576 52 519 577 53 520 578 24 521 579 53 522 580 54 523 581 122 524 582 123 525 583 112 526 584 122 527 585 112 528 586 84 529 587 113 530 588 124 531 589 114 532 590 82 533 591 108 534 592 87 535 593 27 536 594 43 537 595 22 538 596 55 539 597 56 540 598 47 541 599 55 542 600 47 543 601 23 544 602 111 545 603 119 546 604 83 547 605 57 548 606 55 549 607 23 550 608 46 551 609 52 552 610 24 553 611 46 554 612 24 555 613 44 556 614 58 557 615 57 558 616 23 559 617 58 560 618 23 561 619 59 562 620 60 563 621 61 564 622 62 565 623 63 566 624 60 567 625 62 568 626 63 569 627 62 570 628 64 571 629 65 572 630 66 573 631 67 574 632 125 575 633 126 576 634 127 577 635 125 578 636 127 579 637 128 580 638 129 581 639 130 582 640 131 583 641 129 584 642 131 585 643 132 586 644 67 587 645 68 588 646 69 589 647 67 590 648 69 591 649 65 592 650 63 593 651 70 594 652 60 595 653 71 596 654 72 596 655 73 596 656 69 597 657 74 598 658 65 599 659 133 600 660 134 600 661 135 600 662 126 601 663 125 602 664 136 603 665 132 604 666 137 605 667 129 606 668 126 607 669 136 608 670 138 609 671 138 610 672 139 611 673 126 612 674 63 613 675 75 614 676 76 615 677 76 616 678 70 617 679 63 618 680 63 619 681 64 620 682 77 621 683 63 622 684 77 623 685 75 624 686 128 625 687 140 626 688 125 627 689 131 628 690 141 629 691 132 630 692 78 631 693 66 632 694 65 633 695 141 634 696 142 635 697 132 636 698 143 637 699 127 638 700 126 639 701 143 640 702 126 641 703 139 642 704 373 643 705 374 644 706 375 645 707 375 646 708 376 647 709 373 648 710 377 649 711 378 650 712 379 651 713 379 652 714 380 653 715 377 654 716 381 655 717 373 656 718 376 657 719 376 658 720 382 659 721 381 660 722 376 661 723 375 662 724 383 663 725 383 664 726 384 665 727 376 666 728 380 667 729 379 668 730 385 669 731 385 670 732 386 671 733 380 672 734 382 673 735 376 674 736 384 675 737 384 676 738 387 677 739 382 678 740 384 679 741 383 680 742 388 681 743 388 682 744 389 683 745 384 684 746 386 685 747 385 686 748 390 687 749 390 688 750 391 688 751 386 689 752 387 690 753 384 691 754 389 692 755 389 693 756 392 694 757 387 695 758 393 696 759 394 697 760 395 698 761 389 699 762 388 700 763 392 701 764 374 702 765 373 703 766 396 704 767 396 705 768 397 706 769 374 707 770 373 708 771 381 709 772 398 710 773 398 711 774 396 712 775 373 713 776 378 714 777 377 715 778 394 716 779 394 717 780 393 718 781 378 719 782 508 720 783 509 721 784 510 722 785 510 723 786 511 724 787 508 725 788 512 726 789 513 727 790 514 727 791 515 728 792 516 729 793 517 730 794 517 731 795 518 732 796 515 733 797 519 734 798 520 735 799 521 736 800 521 737 801 522 738 802 519 739 803 523 740 804 524 741 805 521 742 806 520 743 807 523 744 808 521 745 809 525 746 810 522 747 811 521 748 812 521 749 813 524 750 814 525 751 815 511 752 816 519 753 817 522 754 818 522 755 819 526 756 820 511 757 821 525 758 822 527 759 823 526 760 824 526 761 825 522 762 826 525 763 827 508 764 828 511 765 829 526 766 830 526 767 831 527 768 832 508 769 833 523 770 834 520 771 835 528 772 836 528 773 837 529 774 838 530 775 839 530 776 840 523 777 841 528 778 842 530 779 843 531 780 844 532 781 845 532 782 846 523 783 847 530 784 848 533 785 849 534 786 850 523 787 851 523 788 852 532 789 853 533 790 854 535 791 855 517 792 856 536 793 857 536 794 858 537 795 859 535 796 860 516 797 861 538 798 862 536 799 863 536 800 864 517 801 865 516 802 866 539 803 867 537 804 868 536 805 869 536 806 870 538 807 871 539 808 872 523 809 873 540 810 874 541 811 875 524 812 876 523 813 877 541 814 878 539 815 879 542 816 880 541 817 881 541 818 882 540 819 883 539 820 884 525 821 885 524 822 886 541 823 887 541 824 888 542 825 889 525 826 890 543 827 891 544 828 892 545 829 893 545 830 894 534 831 895 543 832 896 539 833 897 540 834 898 545 835 899 545 836 900 544 837 901 539 838 902 523 839 903 534 840 904 545 841 905 540 842 906 523 843 907 545 844 908 535 845 909 537 846 910 546 847 911 546 848 912 544 849 913 543 850 914 535 851 915 546 852 916 543 853 917 543 854 918 534 855 919 533 856 920 535 857 921 543 858 922 533 859 923 535 860 924 533 861 925 547 862 926 535 863 927 547 864 928 548 865 929 549 866 930 550 867 931 551 868 932 551 869 933 552 870 934 549 871 935 553 872 936 554 873 937 555 874 938 555 875 939 556 876 940 553 877 941 512 878 942 557 879 943 558 879 944 559 880 945 560 881 946 561 882 947 561 883 948 562 884 949 559 885 950 563 886 951 564 887 952 565 888 953 563 889 954 565 890 955 566 891 956 567 892 957 563 893 958 566 894 959 568 895 960 569 896 961 564 897 962 564 898 963 563 899 964 568 900 965 570 901 966 565 902 967 564 903 968 569 904 969 570 905 970 564 906 971 555 907 972 571 908 973 563 909 974 555 910 975 563 911 976 567 912 977 555 913 978 567 914 979 572 915 980 554 916 981 573 917 982 571 918 983 571 919 984 555 920 985 554 921 986 568 922 987 563 923 988 571 924 989 571 925 990 573 926 991 568 927 992 574 928 993 575 929 994 576 930 995 576 931 996 577 932 997 574 933 998 570 934 999 576 935 1000 575 936 1001 565 937 1002 570 938 1003 575 939 1004 577 940 1005 576 941 1006 578 942 1007 578 943 1008 579 944 1009 577 945 1010 570 946 1011 580 947 1012 578 948 1013 576 949 1014 570 950 1015 578 951 1016 581 952 1017 582 953 1018 578 954 1019 578 955 1020 580 956 1021 581 957 1022 562 958 1023 579 959 1024 578 960 1025 562 961 1026 578 962 1027 582 963 1028 559 964 1029 562 965 1030 582 966 1031 559 967 1032 583 968 1033 584 969 1034 584 970 1035 560 971 1036 559 972 1037 549 973 1038 585 974 1039 584 975 1040 584 976 1041 583 977 1042 549 978 1043 512 979 1044 560 980 1045 584 981 1046 584 982 1047 585 983 1048 512 984 1049 570 985 1050 569 986 1051 586 987 1052 587 988 1053 570 989 1054 586 990 1055 568 991 1056 588 992 1057 586 993 1058 586 994 1059 569 995 1060 568 996 1061 549 997 1062 587 998 1063 586 999 1064 586 1000 1065 588 1001 1066 549 1002 1067 581 1003 1068 580 1004 1069 589 1005 1070 589 1006 1071 590 1007 1072 581 1008 1073 570 1009 1074 587 1010 1075 589 1011 1076 580 1012 1077 570 1013 1078 589 1014 1079 549 1015 1080 590 1016 1081 589 1017 1082 589 1018 1083 587 1019 1084 549 1020 1085 581 1021 1086 590 1022 1087 591 1023 1088 591 1024 1089 582 1025 1090 581 1026 1091 539 1027 1092 592 1028 1093 593 1029 1094 593 1030 1095 594 1031 1096 539 1032 1097 559 1033 1098 582 1034 1099 591 1035 1100 591 1036 1101 583 1037 1102 559 1038 1103 528 1039 1104 520 1040 1105 519 1041 1106 519 1042 1107 595 1043 1108 528 1044 1109 553 1045 1110 596 1046 1111 597 1047 1112 553 1048 1113 597 1049 1114 598 1050 1115 554 1051 1116 553 1052 1117 598 1053 1118 599 1054 1119 600 1055 1120 601 1056 1121 601 1057 1122 602 1058 1123 603 1059 1124 599 1060 1125 601 1061 1126 603 1062 1127 604 1063 1128 599 1064 1129 603 1065 1130 605 1066 1131 509 1067 1132 606 1068 1133 607 1069 1134 608 1069 1135 609 1070 1136 609 1071 1137 510 1072 1138 509 1073 1139 609 1074 1140 509 1075 1141 605 1076 1142 607 1077 1143 609 1078 1144 605 1079 1145 610 1080 1146 516 1081 1147 611 1080 1148 511 1082 1149 510 1083 1150 609 1084 1151 511 1085 1152 609 1086 1153 612 1087 1154 511 1088 1155 612 1089 1156 519 1090 1157 613 1091 1158 556 1092 1159 555 1093 1160 555 1094 1161 572 1095 1162 613 1096 1163 531 1097 1164 530 1098 1165 529 1099 1166 596 1100 1167 553 1101 1168 614 1102 1169 615 1103 1170 516 1104 1171 616 1103 1172 617 1105 1173 561 1106 1174 560 1107 1175 560 1108 1176 512 1109 1177 617 1110 1178 574 1111 1179 566 1112 1180 565 1113 1181 565 1114 1182 575 1115 1183 574 1116 1184 618 1117 1185 619 1117 1186 620 1117 1187 518 1118 1188 517 1119 1189 535 1120 1190 535 1121 1191 548 1122 1192 518 1123 1193 621 1124 1194 622 1125 1195 623 1126 1196 621 1127 1197 623 1128 1198 624 1129 1199 621 1130 1200 624 1131 1201 625 1132 1202 625 1133 1203 626 1134 1204 621 1135 1205 627 1136 1206 628 1137 1207 629 1138 1208 627 1139 1209 629 1140 1210 630 1141 1211 627 1142 1212 630 1143 1213 631 1144 1214 627 1145 1215 631 1146 1216 632 1147 1217 633 1148 1218 634 1149 1219 635 1150 1220 633 1151 1221 635 1152 1222 636 1153 1223 633 1154 1224 636 1155 1225 637 1156 1226 638 1157 1227 639 1158 1228 640 1158 1229 622 1159 1230 621 1160 1231 641 1161 1232 627 1162 1233 632 1163 1234 642 1164 1235 643 1165 1236 644 1166 1237 645 1167 1238 646 1168 1239 647 1169 1240 648 1170 1241 649 1171 1242 650 1172 1243 651 1173 1244 651 1174 1245 652 1175 1246 649 1176 1247 653 1177 1248 632 1178 1249 650 1179 1250 630 1180 1251 654 1181 1252 655 1182 1253 630 1183 1254 655 1184 1255 631 1185 1256 629 1186 1257 633 1187 1258 637 1188 1259 629 1189 1260 637 1190 1261 654 1191 1262 629 1192 1263 654 1193 1264 630 1194 1265 651 1195 1266 650 1196 1267 656 1197 1268 656 1198 1269 636 1199 1270 651 1200 1271 656 1201 1272 650 1202 1273 655 1203 1274 655 1204 1275 654 1205 1276 656 1206 1277 636 1207 1278 635 1208 1279 652 1209 1280 652 1210 1281 651 1211 1282 636 1212 1283 650 1213 1284 632 1214 1285 631 1215 1286 631 1216 1287 655 1217 1288 650 1218 1289 656 1219 1290 654 1220 1291 637 1221 1292 656 1222 1293 637 1223 1294 636 1224 1295 649 1225 1296 653 1226 1297 650 1227 1298 638 1228 1299 657 1229 1300 658 1229 1301 634 1230 1302 633 1231 1303 629 1232 1304 643 1233 1305 645 1234 1306 659 1235 1307 646 1236 1308 660 1237 1309 661 1238 1310 662 1239 1311 663 1240 1312 664 1241 1313 664 1242 1314 665 1243 1315 666 1244 1316 662 1245 1317 664 1246 1318 666 1247 1319 662 1248 1320 666 1249 1321 667 1250 1322 647 1251 1323 646 1252 1324 668 1253 1325 669 1254 1326 670 1254 1327 671 1254 1328 671 1255 1329 672 1255 1330 669 1255 1331 673 1256 1332 643 1257 1333 674 1258 1334 653 1259 1335 675 1260 1336 632 1261 1337 675 1262 1338 653 1263 1339 649 1264 1340 646 1265 1341 661 1266 1342 668 1267 1343 676 1268 1344 677 1268 1345 678 1268 1346 659 1269 1347 674 1270 1348 643 1271 1349 679 1272 1350 680 1273 1351 681 1274 1352 681 1275 1353 682 1276 1354 679 1277 1355 680 1278 1356 683 1279 1357 684 1280 1358 684 1281 1359 681 1282 1360 680 1283 1361 685 1284 1362 684 1285 1363 683 1286 1364 683 1287 1365 686 1288 1366 685 1289 1367 686 1290 1368 687 1291 1369 688 1291 1370 688 1292 1371 685 1293 1372 686 1294 1373 689 1295 1374 690 1296 1375 691 1297 1376 691 1298 1377 692 1299 1378 689 1299 1379 690 1300 1380 693 1301 1381 694 1302 1382 694 1303 1383 691 1304 1384 690 1305 1385 695 1306 1386 696 1307 1387 697 1308 1388 693 1309 1389 695 1310 1390 697 1311 1391 693 1312 1392 697 1313 1393 694 1314 1394 696 1315 1395 698 1316 1396 699 1317 1397 699 1318 1398 697 1319 1399 696 1320 1400 698 1321 1401 700 1322 1402 701 1323 1403 701 1324 1404 699 1325 1405 698 1326 1406 700 1327 1407 702 1328 1408 703 1329 1409 703 1330 1410 701 1331 1411 700 1332 1412 702 1333 1413 704 1334 1414 705 1335 1415 705 1336 1416 703 1337 1417 702 1338 1418 704 1339 1419 706 1340 1420 707 1341 1421 707 1342 1422 705 1343 1423 704 1344 1424 706 1345 1425 708 1346 1426 709 1346 1427 709 1347 1428 707 1348 1429 706 1349 1430 710 1350 1431 711 1351 1432 712 1352 1433 712 1353 1434 713 1354 1435 710 1354 1436 711 1355 1437 714 1356 1438 715 1357 1439 715 1358 1440 712 1359 1441 711 1360 1442 714 1361 1443 716 1362 1444 717 1363 1445 717 1364 1446 715 1365 1447 714 1366 1448 716 1367 1449 718 1368 1450 719 1369 1451 719 1370 1452 717 1371 1453 716 1372 1454 718 1373 1455 679 1374 1456 682 1375 1457 682 1376 1458 719 1377 1459 718 1378 1460 720 1379 1461 721 1379 1462 722 1379 1463 722 1380 1464 723 1380 1465 724 1380 1466 724 1381 1467 725 1381 1468 726 1381 1469 722 1382 1470 724 1382 1471 726 1382 1472 726 1383 1473 727 1383 1474 728 1383 1475 728 1384 1476 729 1384 1477 730 1384 1478 726 1385 1479 728 1385 1480 730 1385 1481 722 1386 1482 726 1386 1483 730 1386 1484 730 1387 1485 731 1387 1486 732 1387 1487 732 1388 1488 733 1388 1489 734 1388 1490 730 1389 1491 732 1389 1492 734 1389 1493 722 1390 1494 730 1390 1495 734 1390 1496 734 1391 1497 735 1391 1498 736 1391 1499 722 1392 1500 734 1392 1501 736 1392 1502 720 1393 1503 722 1393 1504 736 1393 1505 737 1394 1506 720 1394 1507 736 1394 1508 738 1395 1509 739 1395 1510 740 1395 1511 740 1396 1512 741 1396 1513 742 1396 1514 742 1397 1515 743 1397 1516 744 1397 1517 740 1398 1518 742 1398 1519 744 1398 1520 744 1399 1521 745 1399 1522 746 1400 1523 744 1401 1524 746 1402 1525 747 1403 1526 747 1404 1527 748 1405 1528 749 1406 1529 749 1407 1530 750 1408 1531 751 1408 1532 747 1409 1533 749 1410 1534 751 1411 1535 744 1412 1536 747 1413 1537 751 1414 1538 751 1415 1539 752 1415 1540 753 1415 1541 753 215 1542 754 215 1543 755 215 1544 751 1416 1545 753 1416 1546 755 1416 1547 744 1417 1548 751 1417 1549 755 1417 1550 740 1418 1551 744 1418 1552 755 1418 1553 738 1419 1554 740 1419 1555 755 1419 1556 738 1420 1557 755 1420 1558 756 1420 1559 757 1421 1560 758 1422 1561 759 1423 1562 760 1424 1563 761 1425 1564 757 1426 1565 759 1427 1566 760 1428 1567 757 1429 1568 762 1430 1569 763 1430 1570 764 1430 1571 765 1431 1572 766 1432 1573 767 1433 1574 768 1434 1575 769 1435 1576 770 1436 1577 765 1437 1578 768 1438 1579 770 1439 1580 766 1440 1581 765 1441 1582 770 1442 1583 344 1443 1584 345 1444 1585 346 1445 1586 240 1446 1587 346 1447 1588 345 1448 1589 240 1449 1590 345 1450 1591 347 1451 1592 347 1452 1593 348 1453 1594 241 1454 1595 349 1455 1596 344 1456 1597 346 1457 1598 349 1458 1599 241 1459 1600 348 1460 1601 348 1461 1602 344 1462 1603 349 1463 1604 271 1464 1605 272 1465 1606 273 1466 1607 272 1467 1608 242 1468 1609 273 1469 1610 242 1470 1611 274 1471 1612 273 1472 1613 242 1473 1614 243 1474 1615 274 1475 1616 274 1476 1617 243 1477 1618 275 1478 1619 276 1479 1620 272 1480 1621 271 1481 1622 276 1482 1623 275 1483 1624 243 1484 1625 275 1485 1626 276 1486 1627 271 1487 1628 36 1488 1629 101 1489 1630 0 1490 1631 1 1491 1632 0 1492 1633 101 1493 1634 28 1494 1635 29 1495 1636 2 1496 1637 3 1497 1638 4 1498 1639 30 1499 1640 88 1500 1641 89 1501 1642 5 1502 1643 4 1503 1644 90 1504 1645 30 1505 1646 91 1506 1647 6 1506 1648 92 1506 1649 31 1507 1650 37 1508 1651 7 1509 1652 7 1510 1653 37 1511 1654 8 1512 1655 9 1513 1656 102 1514 1657 10 1515 1658 10 1516 1659 102 1517 1660 93 1518 1661 101 1519 1662 103 1520 1663 1 1521 1664 0 1522 1665 38 1523 1666 36 1524 1667 29 1525 1668 32 1526 1669 33 1527 1670 32 1528 1671 29 1529 1672 28 1530 1673 89 1531 1674 94 1532 1675 95 1533 1676 94 1534 1677 89 1535 1678 88 1536 1679 30 1537 1680 96 1538 1681 34 1539 1682 96 1540 1683 30 1541 1684 90 1542 1685 90 1543 1686 97 1544 1687 98 1545 1688 97 1546 1689 90 1547 1690 99 1548 1691 39 1549 1692 101 1550 1693 36 1551 1694 37 1552 1695 35 1553 1696 40 1554 1697 35 1555 1698 37 1556 1699 31 1557 1700 93 1558 1701 104 1559 1702 100 1560 1703 104 1561 1704 93 1562 1705 102 1563 1706 103 1564 1707 105 1565 1708 106 1566 1709 36 1567 1710 41 1568 1711 39 1569 1712 41 1570 1713 36 1571 1714 38 1572 1715 244 1573 1716 245 1574 1717 246 1575 1718 247 1576 1719 248 1577 1720 249 1578 1721 250 1579 1722 251 1580 1723 252 1581 1724 350 1582 1725 351 1583 1726 356 1584 1727 352 1585 1728 350 1586 1729 357 1587 1730 357 1588 1731 350 1589 1732 356 1590 1733 358 1591 1734 353 1592 1735 359 1593 1736 354 1594 1737 359 1595 1738 353 1596 1739 360 1597 1740 359 1598 1741 354 1599 1742 360 1600 1743 354 1601 1744 355 1602 1745 361 1603 1746 362 1604 1747 363 1605 1748 361 1606 1749 364 1607 1750 362 1608 1751 365 1609 1752 366 1610 1753 367 1611 1754 368 1612 1755 367 1613 1756 366 1614 1757 367 1615 1758 369 1616 1759 365 1617 1760 370 1618 1761 365 1619 1762 371 1620 1763 370 1621 1764 366 1622 1765 365 1623 1766 364 1624 1767 372 1625 1768 362 1626 1769 349 1627 1770 346 1628 1771 253 1629 1772 253 1630 1773 346 1631 1774 240 1632 1775 349 1633 1776 253 1634 1777 254 1635 1778 254 1636 1779 241 1637 1780 349 1638 1781 255 1639 1782 144 1640 1783 145 1641 1784 255 1642 1785 145 1643 1786 246 1644 1787 146 1645 1788 147 1646 1789 11 1647 1790 146 1648 1791 11 1649 1792 12 1650 1793 245 1651 1794 256 1652 1795 255 1653 1796 255 1654 1797 246 1655 1798 245 1656 1799 13 1657 1800 148 1658 1801 149 1659 1802 13 1660 1803 149 1661 1804 14 1662 1805 145 1663 1806 144 1664 1807 15 1665 1808 145 1666 1809 15 1667 1810 16 1667 1811 247 1668 1812 257 1669 1813 248 1670 1814 257 1671 1815 150 1672 1816 151 1673 1817 368 1674 1818 366 1675 1819 370 1676 1820 240 1677 1821 347 1678 1822 241 1679 1823 277 1680 1824 327 1681 1825 278 1682 1826 279 1683 1827 328 1684 1828 277 1685 1829 328 1686 1830 327 1687 1831 277 1688 1832 329 1689 1833 330 1690 1834 280 1691 1835 281 1692 1836 280 1693 1837 330 1694 1838 331 1695 1839 281 1696 1840 330 1697 1841 331 1698 1842 282 1699 1843 281 1700 1844 332 1701 1845 333 1702 1846 334 1703 1847 332 1704 1848 334 1705 1849 335 1706 1850 336 1707 1851 337 1708 1852 338 1709 1853 339 1710 1854 338 1711 1855 337 1712 1856 337 1713 1857 336 1714 1858 340 1715 1859 341 1716 1860 342 1717 1861 336 1718 1862 341 1719 1863 336 1720 1864 338 1721 1865 335 1722 1866 334 1723 1867 343 1724 1868 276 1725 1869 258 1726 1870 272 1727 1871 258 1728 1872 242 1729 1873 272 1730 1874 259 1731 1875 258 1732 1876 276 1733 1877 276 1734 1878 243 1735 1879 259 1736 1880 339 1737 1881 341 1738 1882 338 1739 1883 260 1740 1884 261 1741 1885 248 1742 1886 250 1743 1887 262 1744 1888 251 1745 1889 263 1746 1890 255 1747 1891 256 1748 1892 264 1749 1893 147 1750 1894 146 1751 1895 264 1752 1896 146 1753 1897 265 1752 1898 257 1754 1899 260 1755 1900 248 1756 1901 266 1757 1902 245 1758 1903 244 1759 1904 244 1760 1905 267 1761 1906 266 1762 1907 256 1763 1908 245 1764 1909 266 1765 1910 268 1766 1911 263 1767 1912 256 1768 1913 256 1769 1914 266 1770 1915 268 1771 1916 39 1772 1917 105 1773 1918 101 1774 1919 103 1775 1920 101 1776 1921 105 1777 1922 771 1778 1923 772 1778 1924 773 1778 1925 774 1240 1926 775 1240 1927 776 1240 1928 149 1779 1929 148 1780 1930 269 1781 1931 149 1782 1932 269 1783 1933 270 1784 1934 152 1785 1935 151 1786 1936 17 1787 1937 18 1788 1938 150 1789 1939 153 1790 1940 150 1791 1941 257 1792 1942 247 1793 1943 17 1794 1944 151 1795 1945 150 1796 1946 17 1797 1947 150 1798 1948 18 1799 1949 151 1800 1950 260 1801 1951 257 1802 1952 247 1803 1953 153 1804 1954 150 1805 1955 260 1806 1956 151 1807 1957 152 1808 1958</p>
        </triangles>
      </mesh>
    </geometry>
  </library_geometries>
  <library_controllers>
    <controller id="gaul_teceitos_Skin_gaul_teceitos-skin" name="gaul_teceitos_Skin">
      <skin source="#gaul_teceitos_Mesh-mesh">
        <bind_shape_matrix>1 0 0 0 0 1 0 0 0 0 1 0 0 0 0 1</bind_shape_matrix>
        <source id="gaul_teceitos_Skin_gaul_teceitos-skin-joints">
          <Name_array id="gaul_teceitos_Skin_gaul_teceitos-skin-joints-array" count="34">root pelvis femurleft butt-l knee-l-top knee-l-bopttom ankle_left foot_left01 femurright butt-r knee-r-top knee-r-bopttom ankleright foot_right01 lumbar rib scapula ulna carpal ammo_node_1 scapula01 ulna01 carpal_right smoke_node_1 ammo_node_0 neck skull cloaktop cloak cloakbottom nogginbottom plumes skulltop smoke_node_0</Name_array>
          <technique_common>
            <accessor source="#gaul_teceitos_Skin_gaul_teceitos-skin-joints-array" count="34" stride="1">
              <param name="JOINT" type="name"/>
            </accessor>
          </technique_common>
        </source>
        <source id="gaul_teceitos_Skin_gaul_teceitos-skin-bind_poses">
          <float_array id="gaul_teceitos_Skin_gaul_teceitos-skin-bind_poses-array" count="544">1 0 0 0 0 -1.19209e-7 1 -2.154822 0 -1 -1.34359e-7 1.88312e-7 0 0 0 1 1 0 0 -2.88205e-4 0 0 1 -1.989969 0 -1 0 0.05965083 0 0 0 1 1 0 0 -0.229566 0 0 1 -1.980152 0 -1 0 0 0 0 0 1 1 0 0 -0.2300335 0 -5.28991e-7 1 -1.881625 0 -1 -5.43892e-7 0.2278664 0 0 0 1 1 0 0 -0.2579528 0 0 1 -1.492427 0 -1 0 -0.357712 0 0 0 1 1 0 0 -0.2616622 0 -1.93715e-7 1 -1.243225 0 -1 -2.10479e-7 0.03760045 0 0 0 1 1 -8.33421e-7 3.386e-7 -0.2703903 0 -0.3687217 -0.9295399 0.1499913 8.99548e-7 0.9295405 -0.3687216 -0.04846745 0 0 0 1 1 -9.64348e-7 4.41185e-5 -0.2703917 0 -0.9997618 -0.02185273 -0.2401521 4.4129e-5 0.02185291 -0.9997613 0.02881634 0 0 0 1 1 0 0 0.2313526 0 0 1 -1.980152 0 -1 0 0 0 0 0 1 1 0 0 0.234615 0 -6.78003e-7 1 -1.884256 0 -1 -6.92904e-7 0.2262769 0 0 0 1 1 0 0 0.1784679 0 -6.78002e-7 1 -1.491813 0 -1 -7.00355e-7 -0.3589498 0 0 0 1 1 0 0 0.2454932 0 0 1 -1.243115 0 -1 0 0.03760033 0 0 0 1 1 -7.62964e-7 2.95831e-7 0.2586692 0 -0.3687204 -0.9295402 0.1530215 8.18284e-7 0.9295395 -0.3687204 -0.04726499 0 0 0 1 1 -7.93621e-7 3.63244e-5 0.2586681 0 -0.9997605 -0.02184325 -0.2400807 3.6333e-5 0.02184295 -0.9997613 0.03209418 0 0 0 1 1 0 0 -0.004826366 0 0 1 -2.179734 0 -1 0 0.1130515 0 0 0 1 1 0 0 0.007960081 0 0 1 -2.884792 0 -1 0 -1.76977e-7 0 0 0 1 0.2431919 0 0.9699783 -3.135593 -0.9699783 0 0.2431921 -0.3631151 0 -1 0 -1.53069e-7 0 0 0 1 0.2431921 0 0.9699782 -3.259331 -0.9699782 0 0.2431921 0.2362412 0 -1 0 -1.55032e-7 0 0 0 1 0.2431914 0 0.9699783 -3.362641 -0.9699783 0 0.2431916 0.8116477 0 -1 0 -0.07377839 0 0 0 1 0.2432292 0 0.9699689 -3.539345 -0.001864433 -0.9999982 4.67401e-4 0.001107633 0.9699672 -0.00192213 -0.2432286 -0.5761649 0 0 0 1 0.2302601 0 -0.9731292 3.149564 0.9731292 0 0.2302601 -0.2815538 0 -1 0 -3.11564e-7 0 0 0 1 0.2302601 0 -0.9731292 3.261567 0.9731292 -1.30755e-7 0.2302601 0.3178032 -1.35142e-7 -1 0 -4.40338e-7 0 0 0 1 0.2302592 0 -0.9731293 3.399311 0.9731293 -1.30754e-7 0.2302593 0.8489416 -1.49287e-7 -1 0 -4.98238e-7 0 0 0 1 0.2316097 -9.42787e-6 -0.9728089 3.374646 -0.006489634 -0.9999777 -0.001535356 -0.05532413 -0.9727871 0.006668686 -0.2316047 -1.026325 0 0 0 1 0.2302125 4.88314e-7 -0.9731404 3.370549 0.9731404 -1.50799e-6 0.2302124 1.086569 -1.55717e-6 -0.9999999 -9.23872e-7 -1.617812 0 0 0 1 1 0 0 0.02165722 0 0 1 -3.354292 0 -1 -1.1924e-7 1.5935e-7 0 0 0 1 1 0 0 0.02895486 0 0 1 -3.806294 0 -1 0 0 0 0 0 1 1 0 0 -0.001975059 0 -5.51008e-7 1 -3.236084 0 -1 -5.66244e-7 0.1981283 0 0 0 1 1 0 0 -0.006513178 0 0 1 -2.377003 0 -1 -1.19209e-7 0.4338248 0 0 0 1 1 0 0 0.02082639 0 0 1 -1.545783 0 -1 0 0.5515338 0 0 0 1 1 3.1956e-7 0 0.02715581 0 0.04181367 0.9991254 -3.880912 3.19805e-7 -0.9991255 0.04181367 -0.4448732 0 0 0 1 1 5.5322e-7 0 0.03132408 0 0.02110123 0.9997774 -3.983411 5.53321e-7 -0.9997773 0.02110117 -0.2703227 0 0 0 1 1 0 0 0.03312313 0 0 1 -4.176583 0 -1 0 0 0 0 0 1 0.9999997 -8.08955e-4 -2.00661e-4 0.01563721 -8.08955e-4 -0.9999997 -1.78814e-7 -0.243032 -2.00661e-4 1.59314e-7 -1 3.446476 0 0 0 1</float_array>
          <technique_common>
            <accessor source="#gaul_teceitos_Skin_gaul_teceitos-skin-bind_poses-array" count="34" stride="16">
              <param name="TRANSFORM" type="float4x4"/>
            </accessor>
          </technique_common>
        </source>
        <source id="gaul_teceitos_Skin_gaul_teceitos-skin-weights">
          <float_array id="gaul_teceitos_Skin_gaul_teceitos-skin-weights-array" count="777">1 1 1 1 1 1 1 1 1 1 1 1 1 1 1 1 1 1 1 1 1 1 1 1 1 1 1 1 1 1 1 1 1 1 1 1 1 1 1 1 1 1 1 1 1 1 1 1 1 1 1 1 1 1 1 1 1 1 1 1 1 1 1 1 1 1 1 1 1 1 1 1 1 1 1 1 1 1 1 1 1 1 1 1 1 1 1 1 1 1 1 1 1 1 1 1 1 1 1 1 1 1 1 1 1 1 1 1 1 1 1 1 1 1 1 1 1 1 1 1 1 1 1 1 1 1 1 1 1 1 1 1 1 1 1 1 1 1 1 1 1 1 1 1 1 1 1 1 1 1 1 1 1 1 1 1 1 1 1 1 1 1 1 1 1 1 1 1 1 1 1 1 1 1 1 1 1 1 1 1 1 1 1 1 1 1 1 1 1 1 1 1 1 1 1 1 1 1 1 1 1 1 1 1 1 1 1 1 1 1 1 1 1 1 1 1 1 1 1 1 1 1 1 1 1 1 1 1 1 1 1 1 1 1 1 1 1 1 1 1 1 1 1 1 1 1 1 1 1 1 1 1 1 1 1 1 1 1 1 1 1 1 1 1 1 1 1 1 1 1 1 1 1 1 1 1 1 1 1 1 1 1 1 1 1 1 1 1 1 1 1 1 1 1 1 1 1 1 1 1 1 1 1 1 1 1 1 1 1 1 1 1 1 1 1 1 1 1 1 1 1 1 1 1 1 1 1 1 1 1 1 1 1 1 1 1 1 1 1 1 1 1 1 1 1 1 1 1 1 1 1 1 1 1 1 1 1 1 1 1 1 1 1 1 1 1 1 1 1 1 1 1 1 1 1 1 1 1 1 1 1 1 1 1 1 1 1 1 1 1 1 1 1 1 1 1 1 1 1 1 1 1 1 1 1 1 1 1 1 1 1 1 1 1 1 1 1 1 1 1 1 1 1 1 1 1 1 1 1 1 1 1 1 1 1 1 1 1 1 1 1 1 1 1 1 1 1 1 1 1 1 1 1 1 1 1 1 1 1 1 1 1 1 1 1 1 1 1 1 1 1 1 1 1 1 1 1 1 1 1 1 1 1 1 1 1 1 1 1 1 1 1 1 1 1 1 1 1 1 1 1 1 1 1 1 1 1 1 1 1 1 1 1 1 1 1 1 1 1 1 1 1 1 1 1 1 1 1 1 1 1 1 1 1 1 1 1 1 1 1 1 1 1 1 1 1 1 1 1 1 1 1 1 1 1 1 1 1 1 1 1 1 1 1 1 1 1 1 1 1 1 1 1 1 1 1 1 1 1 1 1 1 1 1 1 1 1 1 1 1 1 1 1 1 1 1 1 1 1 1 1 1 1 1 1 1 1 1 1 1 1 1 1 1 1 1 1 1 1 1 1 1 1 1 1 1 1 1 1 1 1 1 1 1 1 1 1 1 1 1 1 1 1 1 1 1 1 1 1 1 1 1 1 1 1 1 1 1 1 1 1 1 1 1 1 1 1 1 1 1 1 1 1 1 1 1 1 1 1 1 1 1 1 1 1 1 1 1 1 1 1 1 1 1 1 1 1 1 1 1 1 1 1 1 1 1 1 1 1 1 1 1 1 1 1 1 1 1 1 1 1 1 1 1 1 1 1 1 1 1 1 1 1 1 1 1 1 1 1 1 1 1 1 1 1 1 1 1 1 1 1 1 1 1 1 1 1 1 1 1 1 1 1 1 1 1 1 1 1 1 1 1 1 1 1 1 1</float_array>
          <technique_common>
            <accessor source="#gaul_teceitos_Skin_gaul_teceitos-skin-weights-array" count="777" stride="1">
              <param name="WEIGHT" type="float"/>
            </accessor>
          </technique_common>
        </source>
        <joints>
          <input semantic="JOINT" source="#gaul_teceitos_Skin_gaul_teceitos-skin-joints"/>
          <input semantic="INV_BIND_MATRIX" source="#gaul_teceitos_Skin_gaul_teceitos-skin-bind_poses"/>
        </joints>
        <vertex_weights count="777">
          <input semantic="JOINT" source="#gaul_teceitos_Skin_gaul_teceitos-skin-joints" offset="0"/>
          <input semantic="WEIGHT" source="#gaul_teceitos_Skin_gaul_teceitos-skin-weights" offset="1"/>
          <vcount>1 1 1 1 1 1 1 1 1 1 1 1 1 1 1 1 1 1 1 1 1 1 1 1 1 1 1 1 1 1 1 1 1 1 1 1 1 1 1 1 1 1 1 1 1 1 1 1 1 1 1 1 1 1 1 1 1 1 1 1 1 1 1 1 1 1 1 1 1 1 1 1 1 1 1 1 1 1 1 1 1 1 1 1 1 1 1 1 1 1 1 1 1 1 1 1 1 1 1 1 1 1 1 1 1 1 1 1 1 1 1 1 1 1 1 1 1 1 1 1 1 1 1 1 1 1 1 1 1 1 1 1 1 1 1 1 1 1 1 1 1 1 1 1 1 1 1 1 1 1 1 1 1 1 1 1 1 1 1 1 1 1 1 1 1 1 1 1 1 1 1 1 1 1 1 1 1 1 1 1 1 1 1 1 1 1 1 1 1 1 1 1 1 1 1 1 1 1 1 1 1 1 1 1 1 1 1 1 1 1 1 1 1 1 1 1 1 1 1 1 1 1 1 1 1 1 1 1 1 1 1 1 1 1 1 1 1 1 1 1 1 1 1 1 1 1 1 1 1 1 1 1 1 1 1 1 1 1 1 1 1 1 1 1 1 1 1 1 1 1 1 1 1 1 1 1 1 1 1 1 1 1 1 1 1 1 1 1 1 1 1 1 1 1 1 1 1 1 1 1 1 1 1 1 1 1 1 1 1 1 1 1 1 1 1 1 1 1 1 1 1 1 1 1 1 1 1 1 1 1 1 1 1 1 1 1 1 1 1 1 1 1 1 1 1 1 1 1 1 1 1 1 1 1 1 1 1 1 1 1 1 1 1 1 1 1 1 1 1 1 1 1 1 1 1 1 1 1 1 1 1 1 1 1 1 1 1 1 1 1 1 1 1 1 1 1 1 1 1 1 1 1 1 1 1 1 1 1 1 1 1 1 1 1 1 1 1 1 1 1 1 1 1 1 1 1 1 1 1 1 1 1 1 1 1 1 1 1 1 1 1 1 1 1 1 1 1 1 1 1 1 1 1 1 1 1 1 1 1 1 1 1 1 1 1 1 1 1 1 1 1 1 1 1 1 1 1 1 1 1 1 1 1 1 1 1 1 1 1 1 1 1 1 1 1 1 1 1 1 1 1 1 1 1 1 1 1 1 1 1 1 1 1 1 1 1 1 1 1 1 1 1 1 1 1 1 1 1 1 1 1 1 1 1 1 1 1 1 1 1 1 1 1 1 1 1 1 1 1 1 1 1 1 1 1 1 1 1 1 1 1 1 1 1 1 1 1 1 1 1 1 1 1 1 1 1 1 1 1 1 1 1 1 1 1 1 1 1 1 1 1 1 1 1 1 1 1 1 1 1 1 1 1 1 1 1 1 1 1 1 1 1 1 1 1 1 1 1 1 1 1 1 1 1 1 1 1 1 1 1 1 1 1 1 1 1 1 1 1 1 1 1 1 1 1 1 1 1 1 1 1 1 1 1 1 1 1 1 1 1 1 1 1 1 1 1 1 1 1 1 1 1 1 1 1 1 1 1 1 1 1 1 1 1 1 1 1 1 1 1 1 1 1 1 1 1 1 1 1 1 1 1 1 1 1 1 1 1 1 1 1 1 1 1 1 1 1 1 1 1 1 1 1 1 1 1 1 1 1 1 1 1 1 1 1 1 1 1 1 1 1 1 1 1 1 1 1 1 1 1 1 1 1 1 1 1 1 1 1 1 1 1 1 1 1 1 1 1 1 1 1 1 1 1 1 1 1 </vcount>
          <v>1 0 1 1 1 2 1 3 1 4 1 5 1 6 1 7 1 8 1 9 1 10 1 11 1 12 1 13 1 14 1 15 1 16 1 17 1 18 2 19 2 20 2 21 2 22 2 23 2 24 2 25 2 26 2 27 2 28 2 29 2 30 2 31 2 32 2 33 2 34 2 35 3 36 3 37 3 38 3 39 3 40 3 41 5 42 5 43 5 44 5 45 5 46 5 47 5 48 5 49 5 50 5 51 5 52 5 53 5 54 5 55 5 56 5 57 5 58 5 59 5 60 5 61 5 62 5 63 5 64 5 65 5 66 5 67 5 68 5 69 5 70 5 71 5 72 5 73 5 74 5 75 5 76 5 77 5 78 8 79 8 80 8 81 8 82 8 83 8 84 8 85 8 86 8 87 8 88 8 89 8 90 8 91 8 92 8 93 8 94 8 95 8 96 8 97 8 98 8 99 8 100 9 101 9 102 9 103 9 104 9 105 9 106 11 107 11 108 11 109 11 110 11 111 11 112 11 113 11 114 11 115 11 116 11 117 11 118 11 119 11 120 11 121 11 122 11 123 11 124 11 125 11 126 11 127 11 128 11 129 11 130 11 131 11 132 11 133 11 134 11 135 11 136 11 137 11 138 11 139 11 140 11 141 11 142 11 143 14 144 14 145 14 146 14 147 14 148 14 149 14 150 14 151 14 152 14 153 15 154 15 155 15 156 15 157 15 158 15 159 15 160 15 161 15 162 15 163 15 164 15 165 15 166 15 167 15 168 15 169 15 170 15 171 15 172 15 173 15 174 15 175 15 176 15 177 15 178 15 179 15 180 15 181 15 182 15 183 15 184 15 185 15 186 15 187 15 188 15 189 15 190 15 191 15 192 15 193 15 194 15 195 15 196 15 197 15 198 15 199 15 200 15 201 15 202 15 203 15 204 15 205 15 206 15 207 15 208 15 209 15 210 15 211 15 212 15 213 15 214 15 215 15 216 15 217 15 218 15 219 15 220 15 221 15 222 15 223 15 224 15 225 15 226 15 227 15 228 15 229 15 230 15 231 15 232 15 233 15 234 15 235 15 236 15 237 15 238 15 239 15 240 15 241 15 242 15 243 15 244 15 245 15 246 15 247 15 248 15 249 15 250 15 251 15 252 15 253 15 254 15 255 15 256 15 257 15 258 15 259 15 260 15 261 15 262 15 263 15 264 15 265 15 266 15 267 15 268 15 269 15 270 16 271 16 272 16 273 16 274 16 275 16 276 16 277 16 278 16 279 16 280 16 281 16 282 17 283 17 284 17 285 17 286 17 287 17 288 17 289 17 290 17 291 17 292 17 293 17 294 17 295 17 296 17 297 17 298 17 299 17 300 17 301 17 302 17 303 17 304 17 305 17 306 17 307 17 308 17 309 17 310 17 311 17 312 17 313 17 314 17 315 17 316 17 317 17 318 17 319 17 320 17 321 17 322 17 323 17 324 17 325 17 326 17 327 17 328 17 329 17 330 17 331 17 332 17 333 17 334 17 335 17 336 17 337 17 338 17 339 17 340 17 341 17 342 17 343 20 344 20 345 20 346 20 347 20 348 20 349 20 350 20 351 20 352 20 353 20 354 20 355 21 356 21 357 21 358 21 359 21 360 21 361 21 362 21 363 21 364 21 365 21 366 21 367 21 368 21 369 21 370 21 371 21 372 23 373 23 374 23 375 23 376 23 377 23 378 23 379 23 380 23 381 23 382 23 383 23 384 23 385 23 386 23 387 23 388 23 389 23 390 23 391 23 392 23 393 23 394 23 395 23 396 23 397 23 398 25 399 25 400 25 401 25 402 25 403 25 404 25 405 25 406 25 407 25 408 25 409 25 410 25 411 25 412 25 413 25 414 25 415 25 416 25 417 25 418 25 419 25 420 25 421 25 422 25 423 25 424 25 425 25 426 25 427 25 428 25 429 25 430 25 431 25 432 25 433 25 434 25 435 25 436 25 437 25 438 25 439 25 440 25 441 25 442 25 443 25 444 25 445 25 446 25 447 25 448 25 449 25 450 25 451 25 452 25 453 25 454 25 455 25 456 25 457 25 458 25 459 25 460 25 461 25 462 25 463 25 464 25 465 25 466 25 467 25 468 25 469 25 470 25 471 25 472 25 473 25 474 25 475 25 476 25 477 25 478 25 479 25 480 25 481 25 482 25 483 25 484 25 485 25 486 25 487 25 488 25 489 25 490 25 491 25 492 25 493 25 494 25 495 25 496 25 497 25 498 25 499 25 500 25 501 25 502 25 503 25 504 25 505 25 506 25 507 25 508 25 509 25 510 25 511 25 512 25 513 25 514 25 515 25 516 25 517 25 518 25 519 25 520 25 521 25 522 25 523 25 524 25 525 25 526 25 527 25 528 25 529 25 530 25 531 25 532 25 533 25 534 25 535 25 536 25 537 25 538 25 539 25 540 25 541 25 542 25 543 25 544 25 545 25 546 25 547 25 548 25 549 25 550 25 551 25 552 25 553 25 554 25 555 25 556 25 557 25 558 25 559 25 560 25 561 25 562 25 563 25 564 25 565 25 566 25 567 25 568 25 569 25 570 25 571 25 572 25 573 25 574 25 575 25 576 25 577 25 578 25 579 25 580 25 581 25 582 25 583 25 584 25 585 25 586 25 587 25 588 25 589 25 590 25 591 25 592 25 593 25 594 25 595 25 596 25 597 25 598 25 599 25 600 25 601 25 602 25 603 25 604 25 605 25 606 25 607 25 608 25 609 25 610 25 611 25 612 25 613 25 614 25 615 25 616 25 617 25 618 25 619 25 620 25 621 25 622 25 623 25 624 25 625 25 626 25 627 25 628 25 629 25 630 25 631 25 632 25 633 25 634 25 635 25 636 25 637 25 638 25 639 25 640 25 641 25 642 25 643 25 644 25 645 25 646 25 647 25 648 25 649 25 650 25 651 25 652 25 653 25 654 25 655 25 656 25 657 25 658 25 659 25 660 25 661 25 662 25 663 25 664 25 665 25 666 25 667 25 668 25 669 25 670 25 671 25 672 25 673 25 674 25 675 25 676 25 677 25 678 25 679 25 680 25 681 25 682 25 683 25 684 25 685 25 686 25 687 25 688 25 689 25 690 25 691 25 692 25 693 25 694 25 695 25 696 25 697 25 698 25 699 25 700 25 701 25 702 25 703 25 704 25 705 25 706 25 707 25 708 25 709 25 710 25 711 25 712 25 713 25 714 25 715 25 716 25 717 25 718 25 719 25 720 25 721 25 722 25 723 25 724 25 725 25 726 25 727 25 728 25 729 25 730 25 731 25 732 25 733 25 734 25 735 25 736 25 737 25 738 25 739 25 740 25 741 25 742 25 743 25 744 25 745 25 746 25 747 25 748 25 749 25 750 25 751 25 752 25 753 25 754 25 755 25 756 25 757 25 758 25 759 25 760 25 761 25 762 25 763 25 764 25 765 25 766 25 767 25 768 25 769 25 770 25 771 25 772 25 773 25 774 25 775 25 776</v>
        </vertex_weights>
      </skin>
    </controller>
  </library_controllers>
  <library_visual_scenes>
    <visual_scene id="Scene" name="Scene">
      <node id="Camera" name="Camera" type="NODE">
        <matrix sid="transform">0.6859207 -0.3240135 0.6515582 7.481132 0.7276763 0.3054208 -0.6141704 -6.50764 0 0.8953956 0.4452714 5.343665 0 0 0 1</matrix>
        <instance_camera url="#Camera-camera"/>
      </node>
      <node id="Lamp" name="Lamp" type="NODE">
        <matrix sid="transform">-0.2908646 -0.7711008 0.5663932 4.076245 0.9551712 -0.1998834 0.2183912 1.005454 -0.05518906 0.6045247 0.7946723 5.903862 0 0 0 1</matrix>
        <instance_light url="#Lamp-light"/>
      </node>
      <node id="gaul_teceitos_Skin" name="gaul_teceitos_Skin" type="NODE">
        <matrix sid="transform">1 0 0 0 0 1 0 0 0 0 1 0 0 0 0 1</matrix>
        <node id="gaul_teceitos_Skin_root" name="root" sid="root" type="JOINT">
          <matrix sid="transform">1 3.61195e-15 4.54487e-8 0 4.54487e-8 -1.34359e-7 -1 -1.01207e-7 2.49451e-15 1 -1.19209e-7 2.154822 0 0 0 1</matrix>
          <node id="gaul_teceitos_Skin_pelvis" name="pelvis" sid="pelvis" type="JOINT">
            <matrix sid="transform">1 0 1.28251e-8 2.88204e-4 -4.77771e-16 1 3.72529e-8 -0.1648533 -1.28251e-8 -3.72529e-8 1 -0.05965078 0 0 0 1</matrix>
            <node id="gaul_teceitos_Skin_femurleft" name="femurleft" sid="femurleft" type="JOINT">
              <matrix sid="transform">1 -3.7399e-15 5.09437e-9 0.2292778 0 1 0 -0.0098176 -5.09437e-9 2.48583e-10 1 0.05965089 0 0 0 1</matrix>
              <node id="gaul_teceitos_Skin_butt-l" name="butt-l" sid="butt-l" type="JOINT">
                <matrix sid="transform">1 -4.2346e-15 4.2319e-9 4.67524e-4 1.89181e-15 1 -4.47035e-7 -0.09852624 -4.2319e-9 4.47035e-7 1 -0.2278656 0 0 0 1</matrix>
                <extra>
                  <technique profile="blender">
                    <layer sid="layer" type="string">0</layer>
                    <roll sid="roll" type="float">0</roll>
                    <tip_x sid="tip_x" type="float">0</tip_x>
                    <tip_y sid="tip_y" type="float">0</tip_y>
                    <tip_z sid="tip_z" type="float">0.1</tip_z>
                  </technique>
                </extra>
              </node>
              <node id="gaul_teceitos_Skin_knee-l-top" name="knee-l-top" sid="knee-l-top" type="JOINT">
                <matrix sid="transform">1 -4.23459e-15 7.79386e-9 0.02838679 0 0.9999999 0 -0.4877245 -7.79386e-9 0 1 0.357712 0 0 0 1</matrix>
                <extra>
                  <technique profile="blender">
                    <layer sid="layer" type="string">0</layer>
                    <roll sid="roll" type="float">0</roll>
                    <tip_x sid="tip_x" type="float">0</tip_x>
                    <tip_y sid="tip_y" type="float">0</tip_y>
                    <tip_z sid="tip_z" type="float">0.1</tip_z>
                  </technique>
                </extra>
              </node>
              <node id="gaul_teceitos_Skin_knee-l-bopttom" name="knee-l-bopttom" sid="knee-l-bopttom" type="JOINT">
                <matrix sid="transform">1 -4.23459e-15 3.25892e-8 0.03209619 3.64213e-15 1 -1.11759e-7 -0.7369263 -3.25892e-8 1.11759e-7 1 -0.03760034 0 0 0 1</matrix>
                <node id="gaul_teceitos_Skin_ankle_left" name="ankle left" sid="ankle_left" type="JOINT">
                  <matrix sid="transform">1 -2.79396e-8 9.88743e-7 0.008728176 3.386e-7 -0.9295399 -0.3687216 -1.121673 9.29379e-7 0.3687216 -0.9295392 -0.06275672 0 0 0 1</matrix>
                  <node id="gaul_teceitos_Skin_foot_left01" name="foot left01" sid="foot_left01" type="JOINT">
                    <matrix sid="transform">1 8.25823e-7 4.37723e-5 2.68221e-7 -4.06469e-5 0.3889465 0.9212603 0.2168393 -1.62643e-5 -0.9212602 0.3889466 -0.2809225 0 0 0 1</matrix>
                    <extra>
                      <technique profile="blender">
                        <layer sid="layer" type="string">0</layer>
                        <roll sid="roll" type="float">4.41412e-5</roll>
                        <tip_x sid="tip_x" type="float">0</tip_x>
                        <tip_y sid="tip_y" type="float">-0.09997606</tip_y>
                        <tip_z sid="tip_z" type="float">-0.002185285</tip_z>
                      </technique>
                    </extra>
                  </node>
                  <extra>
                    <technique profile="blender">
                      <layer sid="layer" type="string">0</layer>
                      <roll sid="roll" type="float">8.99548e-7</roll>
                      <tip_x sid="tip_x" type="float">0</tip_x>
                      <tip_y sid="tip_y" type="float">-0.03687214</tip_y>
                      <tip_z sid="tip_z" type="float">-0.09295403</tip_z>
                    </technique>
                  </extra>
                </node>
                <extra>
                  <technique profile="blender">
                    <layer sid="layer" type="string">0</layer>
                    <roll sid="roll" type="float">0</roll>
                    <tip_x sid="tip_x" type="float">0</tip_x>
                    <tip_y sid="tip_y" type="float">0</tip_y>
                    <tip_z sid="tip_z" type="float">0.1</tip_z>
                  </technique>
                </extra>
              </node>
              <extra>
                <technique profile="blender">
                  <layer sid="layer" type="string">0</layer>
                  <roll sid="roll" type="float">0</roll>
                  <tip_x sid="tip_x" type="float">0</tip_x>
                  <tip_y sid="tip_y" type="float">0</tip_y>
                  <tip_z sid="tip_z" type="float">0.1000001</tip_z>
                </technique>
              </extra>
            </node>
            <node id="gaul_teceitos_Skin_femurright" name="femurright" sid="femurright" type="JOINT">
              <matrix sid="transform">1 -3.7399e-15 5.09437e-9 -0.2316408 0 1 0 -0.0098176 -5.09437e-9 2.48583e-10 1 0.05965088 0 0 0 1</matrix>
              <node id="gaul_teceitos_Skin_butt-r" name="butt-r" sid="butt-r" type="JOINT">
                <matrix sid="transform">1 -4.23459e-15 5.58592e-9 -0.003262326 3.32947e-15 1 -5.96046e-7 -0.09589553 -5.58592e-9 5.96046e-7 1 -0.2262758 0 0 0 1</matrix>
                <extra>
                  <technique profile="blender">
                    <layer sid="layer" type="string">0</layer>
                    <roll sid="roll" type="float">0</roll>
                    <tip_x sid="tip_x" type="float">0</tip_x>
                    <tip_y sid="tip_y" type="float">0</tip_y>
                    <tip_z sid="tip_z" type="float">0.1</tip_z>
                  </technique>
                </extra>
              </node>
              <node id="gaul_teceitos_Skin_knee-r-top" name="knee-r-top" sid="knee-r-top" type="JOINT">
                <matrix sid="transform">1 -4.23459e-15 9.03823e-9 0.0528847 5.3872e-15 0.9999999 -5.96046e-7 -0.4883389 -9.03823e-9 5.96046e-7 1 0.3589507 0 0 0 1</matrix>
                <extra>
                  <technique profile="blender">
                    <layer sid="layer" type="string">0</layer>
                    <roll sid="roll" type="float">0</roll>
                    <tip_x sid="tip_x" type="float">0</tip_x>
                    <tip_y sid="tip_y" type="float">0</tip_y>
                    <tip_z sid="tip_z" type="float">0.1</tip_z>
                  </technique>
                </extra>
              </node>
              <node id="gaul_teceitos_Skin_knee-r-bopttom" name="knee-r-bopttom" sid="knee-r-bopttom" type="JOINT">
                <matrix sid="transform">1 -4.23459e-15 2.04881e-8 -0.01414061 0 1 0 -0.7370366 -2.04881e-8 0 1 -0.03760033 0 0 0 1</matrix>
                <node id="gaul_teceitos_Skin_ankleright" name="ankleright" sid="ankleright" type="JOINT">
                  <matrix sid="transform">1 -3.72529e-8 8.96233e-7 -0.0131759 2.95832e-7 -0.9295402 -0.3687208 -1.118303 8.4682e-7 0.3687208 -0.9295411 -0.06275685 0 0 0 1</matrix>
                  <node id="gaul_teceitos_Skin_foot_right01" name="foot right01" sid="foot_right01" type="JOINT">
                    <matrix sid="transform">1 7.5632e-7 3.60206e-5 1.49012e-7 -3.34787e-5 0.3889367 0.9212645 0.2168391 -1.3313e-5 -0.9212645 0.3889366 -0.280922 0 0 0 1</matrix>
                    <extra>
                      <technique profile="blender">
                        <layer sid="layer" type="string">0</layer>
                        <roll sid="roll" type="float">3.63186e-5</roll>
                        <tip_x sid="tip_x" type="float">0</tip_x>
                        <tip_y sid="tip_y" type="float">-0.09997612</tip_y>
                        <tip_z sid="tip_z" type="float">-0.002184271</tip_z>
                      </technique>
                    </extra>
                  </node>
                  <extra>
                    <technique profile="blender">
                      <layer sid="layer" type="string">0</layer>
                      <roll sid="roll" type="float">8.18284e-7</roll>
                      <tip_x sid="tip_x" type="float">0</tip_x>
                      <tip_y sid="tip_y" type="float">-0.03687202</tip_y>
                      <tip_z sid="tip_z" type="float">-0.09295403</tip_z>
                    </technique>
                  </extra>
                </node>
                <extra>
                  <technique profile="blender">
                    <layer sid="layer" type="string">0</layer>
                    <roll sid="roll" type="float">0</roll>
                    <tip_x sid="tip_x" type="float">0</tip_x>
                    <tip_y sid="tip_y" type="float">0</tip_y>
                    <tip_z sid="tip_z" type="float">0.1</tip_z>
                  </technique>
                </extra>
              </node>
              <extra>
                <technique profile="blender">
                  <layer sid="layer" type="string">0</layer>
                  <roll sid="roll" type="float">0</roll>
                  <tip_x sid="tip_x" type="float">0</tip_x>
                  <tip_y sid="tip_y" type="float">0</tip_y>
                  <tip_z sid="tip_z" type="float">0.1000001</tip_z>
                </technique>
              </extra>
            </node>
            <node id="gaul_teceitos_Skin_lumbar" name="lumbar" sid="lumbar" type="JOINT">
              <matrix sid="transform">1 -3.7399e-15 4.81516e-9 0.004538175 0 1 3.72529e-8 0.189765 -4.81516e-9 -3.70044e-8 1 -0.05340067 0 0 0 1</matrix>
              <node id="gaul_teceitos_Skin_rib" name="rib" sid="rib" type="JOINT">
                <matrix sid="transform">1 -4.0281e-15 4.31047e-9 -0.01278648 0 1 3.55271e-15 0.7050579 -4.31047e-9 2.48548e-10 1 0.1130517 0 0 0 1</matrix>
                <node id="gaul_teceitos_Skin_scapula" name="scapula" sid="scapula" type="JOINT">
                  <matrix sid="transform">0.2431921 -0.9699781 -3.72452e-8 0.4182978 0.9699781 0.2431919 1.10769e-8 0.2449713 -1.68658e-9 -3.88209e-8 1 -4.32924e-8 0 0 0 1</matrix>
                  <node id="gaul_teceitos_Skin_ulna" name="ulna" sid="ulna" type="JOINT">
                    <matrix sid="transform">1 7.45058e-8 -3.55271e-15 0.1237385 -5.96046e-8 1 -1.59872e-14 -0.5993567 -7.10543e-15 1.15463e-14 1 1.96246e-9 0 0 0 1</matrix>
                    <node id="gaul_teceitos_Skin_carpal" name="carpal" sid="carpal" type="JOINT">
                      <matrix sid="transform">1 -7.00355e-7 -7.16454e-9 0.1033103 5.81145e-7 0.9999999 -7.45057e-8 -0.5754044 7.1646e-9 7.45057e-8 1 0.07377818 0 0 0 1</matrix>
                      <node id="gaul_teceitos_Skin_ammo_node_1" name="ammo node 1" sid="ammo_node_1" type="JOINT">
                        <matrix sid="transform">0.9999999 1.16415e-10 -3.87132e-5 0.1766818 -3.86685e-5 0.001922249 -0.9999981 0.235345 7.34391e-8 0.9999982 0.001922249 -0.07377826 0 0 0 1</matrix>
                        <extra>
                          <technique profile="blender">
                            <layer sid="layer" type="string">0</layer>
                            <roll sid="roll" type="float">-2.307649</roll>
                            <tip_x sid="tip_x" type="float">-1.86443e-4</tip_x>
                            <tip_y sid="tip_y" type="float">-0.09999984</tip_y>
                            <tip_z sid="tip_z" type="float">4.673e-5</tip_z>
                          </technique>
                        </extra>
                      </node>
                      <extra>
                        <technique profile="blender">
                          <layer sid="layer" type="string">0</layer>
                          <roll sid="roll" type="float">-1.325142</roll>
                          <tip_x sid="tip_x" type="float">-0.09699797</tip_x>
                          <tip_y sid="tip_y" type="float">0</tip_y>
                          <tip_z sid="tip_z" type="float">0.02431917</tip_z>
                        </technique>
                      </extra>
                    </node>
                    <extra>
                      <technique profile="blender">
                        <layer sid="layer" type="string">0</layer>
                        <roll sid="roll" type="float">-1.325141</roll>
                        <tip_x sid="tip_x" type="float">-0.09699773</tip_x>
                        <tip_y sid="tip_y" type="float">0</tip_y>
                        <tip_z sid="tip_z" type="float">0.02431917</tip_z>
                      </technique>
                    </extra>
                  </node>
                  <extra>
                    <technique profile="blender">
                      <layer sid="layer" type="string">0</layer>
                      <roll sid="roll" type="float">-1.325141</roll>
                      <tip_x sid="tip_x" type="float">-0.09699773</tip_x>
                      <tip_y sid="tip_y" type="float">0</tip_y>
                      <tip_z sid="tip_z" type="float">0.02431917</tip_z>
                    </technique>
                  </extra>
                </node>
                <node id="gaul_teceitos_Skin_scapula01" name="scapula01" sid="scapula01" type="JOINT">
                  <matrix sid="transform">0.2302601 0.9731291 -7.94248e-8 -0.4432709 -0.9731291 0.2302601 4.53839e-8 0.2449713 6.24528e-8 6.68405e-8 1 -4.32924e-8 0 0 0 1</matrix>
                  <node id="gaul_teceitos_Skin_ulna01" name="ulna01" sid="ulna01" type="JOINT">
                    <matrix sid="transform">1 7.45058e-8 -3.08803e-8 -0.1120026 -1.04308e-7 1 -1.1921e-7 -0.5993565 3.08803e-8 1.1921e-7 1 -9.82956e-9 0 0 0 1</matrix>
                    <node id="gaul_teceitos_Skin_carpal_right" name="carpal right" sid="carpal_right" type="JOINT">
                      <matrix sid="transform">1 8.49366e-7 -6.14342e-8 -0.1377454 -7.45058e-7 1 9.03277e-13 -0.5311359 6.14342e-8 -8.70637e-13 1 -1.50932e-7 0 0 0 1</matrix>
                      <node id="gaul_teceitos_Skin_smoke_node_1" name="smoke node 1" sid="smoke_node_1" type="JOINT">
                        <matrix sid="transform">0.999999 -7.47386e-8 0.001388058 0.02609372 0.001388043 -0.006668565 -0.9999769 -0.1824127 9.33101e-6 0.9999778 -0.00666868 0.04844672 0 0 0 1</matrix>
                        <node id="gaul_teceitos_Skin_ammo_node_0" name="ammo node 0" sid="ammo_node_0" type="JOINT">
                          <matrix sid="transform">0.999999 0.001436099 9.91402e-6 0.002555132 -3.39816e-7 -0.006667138 0.9999778 1.569697 0.001436204 -0.9999768 -0.006667181 0.04459167 0 0 0 1</matrix>
                          <extra>
                            <technique profile="blender">
                              <layer sid="layer" type="string">0</layer>
                              <roll sid="roll" type="float">1.338501</roll>
                              <tip_x sid="tip_x" type="float">0.0979439</tip_x>
                              <tip_y sid="tip_y" type="float">0</tip_y>
                              <tip_z sid="tip_z" type="float">0.02317023</tip_z>
                            </technique>
                          </extra>
                        </node>
                        <extra>
                          <technique profile="blender">
                            <layer sid="layer" type="string">0</layer>
                            <roll sid="roll" type="float">1.338595</roll>
                            <tip_x sid="tip_x" type="float">-6.48975e-4</tip_x>
                            <tip_y sid="tip_y" type="float">-0.09999781</tip_y>
                            <tip_z sid="tip_z" type="float">-1.53542e-4</tip_z>
                          </technique>
                        </extra>
                      </node>
                      <extra>
                        <technique profile="blender">
                          <layer sid="layer" type="string">0</layer>
                          <roll sid="roll" type="float">1.338452</roll>
                          <tip_x sid="tip_x" type="float">0.09731304</tip_x>
                          <tip_y sid="tip_y" type="float">0</tip_y>
                          <tip_z sid="tip_z" type="float">0.02302598</tip_z>
                        </technique>
                      </extra>
                    </node>
                    <extra>
                      <technique profile="blender">
                        <layer sid="layer" type="string">0</layer>
                        <roll sid="roll" type="float">1.338451</roll>
                        <tip_x sid="tip_x" type="float">0.09731286</tip_x>
                        <tip_y sid="tip_y" type="float">0</tip_y>
                        <tip_z sid="tip_z" type="float">0.02302598</tip_z>
                      </technique>
                    </extra>
                  </node>
                  <extra>
                    <technique profile="blender">
                      <layer sid="layer" type="string">0</layer>
                      <roll sid="roll" type="float">1.338451</roll>
                      <tip_x sid="tip_x" type="float">0.0973128</tip_x>
                      <tip_y sid="tip_y" type="float">0</tip_y>
                      <tip_z sid="tip_z" type="float">0.02302598</tip_z>
                    </technique>
                  </extra>
                </node>
                <node id="gaul_teceitos_Skin_neck" name="neck" sid="neck" type="JOINT">
                  <matrix sid="transform">1 2.32826e-10 3.80594e-9 -0.01369714 2.26023e-16 1 -5.93869e-8 0.4694998 -3.80594e-9 5.93869e-8 1 -1.37043e-7 0 0 0 1</matrix>
                  <node id="gaul_teceitos_Skin_skull" name="skull" sid="skull" type="JOINT">
                    <matrix sid="transform">1 -4.73992e-15 1.57444e-9 -0.007297663 0 1 1.16955e-10 0.4520023 -1.57444e-9 -1.16955e-10 1 7.1019e-8 0 0 0 1</matrix>
                    <node id="gaul_teceitos_Skin_cloaktop" name="cloaktop" sid="cloaktop" type="JOINT">
                      <matrix sid="transform">1 -4.92747e-15 3.25259e-9 0.03092998 1.45402e-15 1 -4.47034e-7 -0.5702102 -3.25259e-9 4.47034e-7 1 -0.1981268 0 0 0 1</matrix>
                      <node id="gaul_teceitos_Skin_cloak" name="cloak" sid="cloak" type="JOINT">
                        <matrix sid="transform">1 5.82009e-11 1.42791e-10 0.004538157 0 1 4.47035e-7 -0.8590815 -1.42784e-10 -4.47122e-7 0.9999999 -0.2356975 0 0 0 1</matrix>
                        <node id="gaul_teceitos_Skin_cloakbottom" name="cloakbottom" sid="cloakbottom" type="JOINT">
                          <matrix sid="transform">1 -6.78596e-15 0 -0.02733968 0 1 1.49011e-7 -0.8312194 0 -1.49099e-7 1 -0.1177092 0 0 0 1</matrix>
                          <extra>
                            <technique profile="blender">
                              <layer sid="layer" type="string">0</layer>
                              <roll sid="roll" type="float">0</roll>
                              <tip_x sid="tip_x" type="float">0</tip_x>
                              <tip_y sid="tip_y" type="float">0</tip_y>
                              <tip_z sid="tip_z" type="float">0.1000001</tip_z>
                            </technique>
                          </extra>
                        </node>
                        <extra>
                          <technique profile="blender">
                            <layer sid="layer" type="string">0</layer>
                            <roll sid="roll" type="float">0</roll>
                            <tip_x sid="tip_x" type="float">0</tip_x>
                            <tip_y sid="tip_y" type="float">0</tip_y>
                            <tip_z sid="tip_z" type="float">0.0999999</tip_z>
                          </technique>
                        </extra>
                      </node>
                      <extra>
                        <technique profile="blender">
                          <layer sid="layer" type="string">0</layer>
                          <roll sid="roll" type="float">0</roll>
                          <tip_x sid="tip_x" type="float">0</tip_x>
                          <tip_y sid="tip_y" type="float">0</tip_y>
                          <tip_z sid="tip_z" type="float">0.1000001</tip_z>
                        </technique>
                      </extra>
                    </node>
                    <node id="gaul_teceitos_Skin_nogginbottom" name="nogginbottom" sid="nogginbottom" type="JOINT">
                      <matrix sid="transform">1 2.3283e-9 2.47089e-7 0.001799157 -1.2658e-8 0.9991255 0.04181381 0.08982563 -2.46775e-7 -0.04181381 0.9991254 0.2822085 0 0 0 1</matrix>
                      <extra>
                        <technique profile="blender">
                          <layer sid="layer" type="string">0</layer>
                          <roll sid="roll" type="float">3.19805e-7</roll>
                          <tip_x sid="tip_x" type="float">0</tip_x>
                          <tip_y sid="tip_y" type="float">0.004181385</tip_y>
                          <tip_z sid="tip_z" type="float">0.09991264</tip_z>
                        </technique>
                      </extra>
                    </node>
                    <node id="gaul_teceitos_Skin_plumes" name="plumes" sid="plumes" type="JOINT">
                      <matrix sid="transform">1 -3.9968e-15 4.80557e-7 -0.002369057 -1.01404e-8 0.9997773 0.02110134 0.1819341 -4.8045e-7 -0.02110134 0.9997773 0.1862074 0 0 0 1</matrix>
                      <extra>
                        <technique profile="blender">
                          <layer sid="layer" type="string">0</layer>
                          <roll sid="roll" type="float">5.53321e-7</roll>
                          <tip_x sid="tip_x" type="float">0</tip_x>
                          <tip_y sid="tip_y" type="float">0.002110123</tip_y>
                          <tip_z sid="tip_z" type="float">0.09997797</tip_z>
                        </technique>
                      </extra>
                    </node>
                    <node id="gaul_teceitos_Skin_skulltop" name="skulltop" sid="skulltop" type="JOINT">
                      <matrix sid="transform">1 -4.92747e-15 4.68319e-9 -0.004168242 0 1 2.91323e-13 0.3702886 -4.68319e-9 -2.84217e-13 1 1.20792e-13 0 0 0 1</matrix>
                      <extra>
                        <technique profile="blender">
                          <layer sid="layer" type="string">0</layer>
                          <roll sid="roll" type="float">0</roll>
                          <tip_x sid="tip_x" type="float">0</tip_x>
                          <tip_y sid="tip_y" type="float">0</tip_y>
                          <tip_z sid="tip_z" type="float">0.1000003</tip_z>
                        </technique>
                      </extra>
                    </node>
                    <extra>
                      <technique profile="blender">
                        <layer sid="layer" type="string">0</layer>
                        <roll sid="roll" type="float">0</roll>
                        <tip_x sid="tip_x" type="float">0</tip_x>
                        <tip_y sid="tip_y" type="float">0</tip_y>
                        <tip_z sid="tip_z" type="float">0.1000001</tip_z>
                      </technique>
                    </extra>
                  </node>
                  <node id="gaul_teceitos_Skin_smoke_node_0" name="smoke node 0" sid="smoke_node_0" type="JOINT">
                    <matrix sid="transform">0.9999996 -8.09026e-4 -2.00661e-4 0.006514964 -2.00661e-4 1.07102e-7 -1 0.0921874 8.09026e-4 0.9999998 -2.20816e-7 0.2430203 0 0 0 1</matrix>
                    <extra>
                      <technique profile="blender">
                        <layer sid="layer" type="string">0</layer>
                        <roll sid="roll" type="float">3.141392</roll>
                        <tip_x sid="tip_x" type="float">-8.08956e-5</tip_x>
                        <tip_y sid="tip_y" type="float">-0.1</tip_y>
                        <tip_z sid="tip_z" type="float">0</tip_z>
                      </technique>
                    </extra>
                  </node>
                  <extra>
                    <technique profile="blender">
                      <layer sid="layer" type="string">0</layer>
                      <roll sid="roll" type="float">0</roll>
                      <tip_x sid="tip_x" type="float">0</tip_x>
                      <tip_y sid="tip_y" type="float">0</tip_y>
                      <tip_z sid="tip_z" type="float">0.0999999</tip_z>
                    </technique>
                  </extra>
                </node>
                <extra>
                  <technique profile="blender">
                    <layer sid="layer" type="string">0</layer>
                    <roll sid="roll" type="float">0</roll>
                    <tip_x sid="tip_x" type="float">0</tip_x>
                    <tip_y sid="tip_y" type="float">0</tip_y>
                    <tip_z sid="tip_z" type="float">0.1000001</tip_z>
                  </technique>
                </extra>
              </node>
              <extra>
                <technique profile="blender">
                  <layer sid="layer" type="string">0</layer>
                  <roll sid="roll" type="float">0</roll>
                  <tip_x sid="tip_x" type="float">0</tip_x>
                  <tip_y sid="tip_y" type="float">0</tip_y>
                  <tip_z sid="tip_z" type="float">0.0999999</tip_z>
                </technique>
              </extra>
            </node>
            <extra>
              <technique profile="blender">
                <layer sid="layer" type="string">0</layer>
                <roll sid="roll" type="float">0</roll>
                <tip_x sid="tip_x" type="float">0</tip_x>
                <tip_y sid="tip_y" type="float">0</tip_y>
                <tip_z sid="tip_z" type="float">0.0999999</tip_z>
              </technique>
            </extra>
          </node>
          <extra>
            <technique profile="blender">
              <layer sid="layer" type="string">0</layer>
              <roll sid="roll" type="float">0</roll>
              <tip_x sid="tip_x" type="float">0</tip_x>
              <tip_y sid="tip_y" type="float">0</tip_y>
              <tip_z sid="tip_z" type="float">0.0999999</tip_z>
            </technique>
          </extra>
        </node>
      </node>
      <node id="gaul_teceitos" name="gaul_teceitos" type="NODE">
        <translate sid="location">0 0 0</translate>
        <rotate sid="rotationZ">0 0 1 0</rotate>
        <rotate sid="rotationY">0 1 0 0</rotate>
        <rotate sid="rotationX">1 0 0 0</rotate>
        <scale sid="scale">1 1 1</scale>
        <instance_controller url="#gaul_teceitos_Skin_gaul_teceitos-skin">
          <skeleton>#gaul_teceitos_Skin_root</skeleton>
          <bind_material>
            <technique_common>
              <instance_material symbol="cspain_hostatir-material" target="#cspain_hostatir-material"/>
            </technique_common>
          </bind_material>
        </instance_controller>
      </node>
    </visual_scene>
  </library_visual_scenes>
  <scene>
    <instance_visual_scene url="#Scene"/>
  </scene>
</COLLADA>