<?xml version="1.0" encoding="utf-8"?>
<COLLADA xmlns="http://www.collada.org/2005/11/COLLADASchema" version="1.4.1" xmlns:xsi="http://www.w3.org/2001/XMLSchema-instance">
  <asset>
    <contributor>
      <author>Blender User</author>
      <authoring_tool>Blender 2.79.0 commit date:2017-09-11, commit time:10:43, hash:5bd8ac9</authoring_tool>
    </contributor>
    <created>2018-11-15T14:52:24</created>
    <modified>2018-11-15T14:52:24</modified>
    <unit name="meter" meter="1"/>
    <up_axis>Z_UP</up_axis>
  </asset>
  <library_cameras>
    <camera id="Camera-camera" name="Camera">
      <optics>
        <technique_common>
          <perspective>
            <xfov sid="xfov">49.13434</xfov>
            <aspect_ratio>1.777778</aspect_ratio>
            <znear sid="znear">0.1</znear>
            <zfar sid="zfar">100</zfar>
          </perspective>
        </technique_common>
      </optics>
      <extra>
        <technique profile="blender">
          <shiftx sid="shiftx" type="float">0</shiftx>
          <shifty sid="shifty" type="float">0</shifty>
          <YF_dofdist sid="YF_dofdist" type="float">0</YF_dofdist>
        </technique>
      </extra>
    </camera>
  </library_cameras>
  <library_lights>
    <light id="LAMP_FRONT_PEACH-light" name="Lamp.002">
      <technique_common>
        <ambient>
          <color>1 1 1</color>
        </ambient>
      </technique_common>
      <extra>
        <technique profile="blender">
          <type sid="type" type="int">3</type>
          <flag sid="flag" type="int">0</flag>
          <mode sid="mode" type="int">8192</mode>
          <gamma sid="blender_gamma" type="float">1</gamma>
          <red sid="red" type="float">1</red>
          <green sid="green" type="float">1</green>
          <blue sid="blue" type="float">1</blue>
          <shadow_r sid="blender_shadow_r" type="float">0</shadow_r>
          <shadow_g sid="blender_shadow_g" type="float">0</shadow_g>
          <shadow_b sid="blender_shadow_b" type="float">0</shadow_b>
          <energy sid="blender_energy" type="float">1</energy>
          <dist sid="blender_dist" type="float">29.99998</dist>
          <spotsize sid="spotsize" type="float">75</spotsize>
          <spotblend sid="spotblend" type="float">0.15</spotblend>
          <halo_intensity sid="blnder_halo_intensity" type="float">1</halo_intensity>
          <att1 sid="att1" type="float">0</att1>
          <att2 sid="att2" type="float">1</att2>
          <falloff_type sid="falloff_type" type="int">2</falloff_type>
          <clipsta sid="clipsta" type="float">1.000799</clipsta>
          <clipend sid="clipend" type="float">30.002</clipend>
          <bias sid="bias" type="float">1</bias>
          <soft sid="soft" type="float">3</soft>
          <compressthresh sid="compressthresh" type="float">0.04999995</compressthresh>
          <bufsize sid="bufsize" type="int">2880</bufsize>
          <samp sid="samp" type="int">3</samp>
          <buffers sid="buffers" type="int">1</buffers>
          <filtertype sid="filtertype" type="int">0</filtertype>
          <bufflag sid="bufflag" type="int">0</bufflag>
          <buftype sid="buftype" type="int">2</buftype>
          <ray_samp sid="ray_samp" type="int">1</ray_samp>
          <ray_sampy sid="ray_sampy" type="int">1</ray_sampy>
          <ray_sampz sid="ray_sampz" type="int">1</ray_sampz>
          <ray_samp_type sid="ray_samp_type" type="int">0</ray_samp_type>
          <area_shape sid="area_shape" type="int">0</area_shape>
          <area_size sid="area_size" type="float">10000</area_size>
          <area_sizey sid="area_sizey" type="float">100</area_sizey>
          <area_sizez sid="area_sizez" type="float">1</area_sizez>
          <adapt_thresh sid="adapt_thresh" type="float">0.000999987</adapt_thresh>
          <ray_samp_method sid="ray_samp_method" type="int">1</ray_samp_method>
          <shadhalostep sid="shadhalostep" type="int">0</shadhalostep>
          <sun_effect_type sid="sun_effect_type" type="int">0</sun_effect_type>
          <skyblendtype sid="skyblendtype" type="int">1</skyblendtype>
          <horizon_brightness sid="horizon_brightness" type="float">1</horizon_brightness>
          <spread sid="spread" type="float">1</spread>
          <sun_brightness sid="sun_brightness" type="float">1</sun_brightness>
          <sun_size sid="sun_size" type="float">1</sun_size>
          <backscattered_light sid="backscattered_light" type="float">1</backscattered_light>
          <sun_intensity sid="sun_intensity" type="float">1</sun_intensity>
          <atm_turbidity sid="atm_turbidity" type="float">2</atm_turbidity>
          <atm_extinction_factor sid="atm_extinction_factor" type="float">1</atm_extinction_factor>
          <atm_distance_factor sid="atm_distance_factor" type="float">1</atm_distance_factor>
          <skyblendfac sid="skyblendfac" type="float">1</skyblendfac>
          <sky_exposure sid="sky_exposure" type="float">1</sky_exposure>
          <sky_colorspace sid="sky_colorspace" type="int">0</sky_colorspace>
        </technique>
      </extra>
    </light>
    <light id="Lamp_WEST-light" name="Lamp.003">
      <technique_common>
        <directional>
          <color sid="color">1 1 1</color>
        </directional>
      </technique_common>
      <extra>
        <technique profile="blender">
          <type sid="type" type="int">1</type>
          <flag sid="flag" type="int">0</flag>
          <mode sid="mode" type="int">8192</mode>
          <gamma sid="blender_gamma" type="float">1</gamma>
          <red sid="red" type="float">1</red>
          <green sid="green" type="float">1</green>
          <blue sid="blue" type="float">1</blue>
          <shadow_r sid="blender_shadow_r" type="float">0</shadow_r>
          <shadow_g sid="blender_shadow_g" type="float">0</shadow_g>
          <shadow_b sid="blender_shadow_b" type="float">0</shadow_b>
          <energy sid="blender_energy" type="float">1</energy>
          <dist sid="blender_dist" type="float">29.99998</dist>
          <spotsize sid="spotsize" type="float">75</spotsize>
          <spotblend sid="spotblend" type="float">0.15</spotblend>
          <halo_intensity sid="blnder_halo_intensity" type="float">1</halo_intensity>
          <att1 sid="att1" type="float">0</att1>
          <att2 sid="att2" type="float">1</att2>
          <falloff_type sid="falloff_type" type="int">2</falloff_type>
          <clipsta sid="clipsta" type="float">1.000799</clipsta>
          <clipend sid="clipend" type="float">30.002</clipend>
          <bias sid="bias" type="float">1</bias>
          <soft sid="soft" type="float">3</soft>
          <compressthresh sid="compressthresh" type="float">0.04999995</compressthresh>
          <bufsize sid="bufsize" type="int">2880</bufsize>
          <samp sid="samp" type="int">3</samp>
          <buffers sid="buffers" type="int">1</buffers>
          <filtertype sid="filtertype" type="int">0</filtertype>
          <bufflag sid="bufflag" type="int">0</bufflag>
          <buftype sid="buftype" type="int">2</buftype>
          <ray_samp sid="ray_samp" type="int">1</ray_samp>
          <ray_sampy sid="ray_sampy" type="int">1</ray_sampy>
          <ray_sampz sid="ray_sampz" type="int">1</ray_sampz>
          <ray_samp_type sid="ray_samp_type" type="int">0</ray_samp_type>
          <area_shape sid="area_shape" type="int">1</area_shape>
          <area_size sid="area_size" type="float">0.1</area_size>
          <area_sizey sid="area_sizey" type="float">0.1</area_sizey>
          <area_sizez sid="area_sizez" type="float">1</area_sizez>
          <adapt_thresh sid="adapt_thresh" type="float">0.000999987</adapt_thresh>
          <ray_samp_method sid="ray_samp_method" type="int">1</ray_samp_method>
          <shadhalostep sid="shadhalostep" type="int">0</shadhalostep>
          <sun_effect_type sid="sun_effect_type" type="int">0</sun_effect_type>
          <skyblendtype sid="skyblendtype" type="int">1</skyblendtype>
          <horizon_brightness sid="horizon_brightness" type="float">1</horizon_brightness>
          <spread sid="spread" type="float">1</spread>
          <sun_brightness sid="sun_brightness" type="float">1</sun_brightness>
          <sun_size sid="sun_size" type="float">1</sun_size>
          <backscattered_light sid="backscattered_light" type="float">1</backscattered_light>
          <sun_intensity sid="sun_intensity" type="float">1</sun_intensity>
          <atm_turbidity sid="atm_turbidity" type="float">2</atm_turbidity>
          <atm_extinction_factor sid="atm_extinction_factor" type="float">1</atm_extinction_factor>
          <atm_distance_factor sid="atm_distance_factor" type="float">1</atm_distance_factor>
          <skyblendfac sid="skyblendfac" type="float">1</skyblendfac>
          <sky_exposure sid="sky_exposure" type="float">1</sky_exposure>
          <sky_colorspace sid="sky_colorspace" type="int">0</sky_colorspace>
        </technique>
      </extra>
    </light>
    <light id="Lamp-light" name="Lamp">
      <technique_common>
        <point>
          <color sid="color">1 1 1</color>
          <constant_attenuation>1</constant_attenuation>
          <linear_attenuation>0</linear_attenuation>
          <quadratic_attenuation>0.00111109</quadratic_attenuation>
        </point>
      </technique_common>
      <extra>
        <technique profile="blender">
          <type sid="type" type="int">0</type>
          <flag sid="flag" type="int">0</flag>
          <mode sid="mode" type="int">8192</mode>
          <gamma sid="blender_gamma" type="float">1</gamma>
          <red sid="red" type="float">1</red>
          <green sid="green" type="float">1</green>
          <blue sid="blue" type="float">1</blue>
          <shadow_r sid="blender_shadow_r" type="float">0</shadow_r>
          <shadow_g sid="blender_shadow_g" type="float">0</shadow_g>
          <shadow_b sid="blender_shadow_b" type="float">0</shadow_b>
          <energy sid="blender_energy" type="float">1</energy>
          <dist sid="blender_dist" type="float">29.99998</dist>
          <spotsize sid="spotsize" type="float">75</spotsize>
          <spotblend sid="spotblend" type="float">0.15</spotblend>
          <halo_intensity sid="blnder_halo_intensity" type="float">1</halo_intensity>
          <att1 sid="att1" type="float">0</att1>
          <att2 sid="att2" type="float">1</att2>
          <falloff_type sid="falloff_type" type="int">2</falloff_type>
          <clipsta sid="clipsta" type="float">1.000799</clipsta>
          <clipend sid="clipend" type="float">30.002</clipend>
          <bias sid="bias" type="float">1</bias>
          <soft sid="soft" type="float">3</soft>
          <compressthresh sid="compressthresh" type="float">0.04999995</compressthresh>
          <bufsize sid="bufsize" type="int">2880</bufsize>
          <samp sid="samp" type="int">3</samp>
          <buffers sid="buffers" type="int">1</buffers>
          <filtertype sid="filtertype" type="int">0</filtertype>
          <bufflag sid="bufflag" type="int">0</bufflag>
          <buftype sid="buftype" type="int">2</buftype>
          <ray_samp sid="ray_samp" type="int">1</ray_samp>
          <ray_sampy sid="ray_sampy" type="int">1</ray_sampy>
          <ray_sampz sid="ray_sampz" type="int">1</ray_sampz>
          <ray_samp_type sid="ray_samp_type" type="int">0</ray_samp_type>
          <area_shape sid="area_shape" type="int">1</area_shape>
          <area_size sid="area_size" type="float">0.1</area_size>
          <area_sizey sid="area_sizey" type="float">0.1</area_sizey>
          <area_sizez sid="area_sizez" type="float">1</area_sizez>
          <adapt_thresh sid="adapt_thresh" type="float">0.000999987</adapt_thresh>
          <ray_samp_method sid="ray_samp_method" type="int">1</ray_samp_method>
          <shadhalostep sid="shadhalostep" type="int">0</shadhalostep>
          <sun_effect_type sid="sun_effect_type" type="int">0</sun_effect_type>
          <skyblendtype sid="skyblendtype" type="int">1</skyblendtype>
          <horizon_brightness sid="horizon_brightness" type="float">1</horizon_brightness>
          <spread sid="spread" type="float">1</spread>
          <sun_brightness sid="sun_brightness" type="float">1</sun_brightness>
          <sun_size sid="sun_size" type="float">1</sun_size>
          <backscattered_light sid="backscattered_light" type="float">1</backscattered_light>
          <sun_intensity sid="sun_intensity" type="float">1</sun_intensity>
          <atm_turbidity sid="atm_turbidity" type="float">2</atm_turbidity>
          <atm_extinction_factor sid="atm_extinction_factor" type="float">1</atm_extinction_factor>
          <atm_distance_factor sid="atm_distance_factor" type="float">1</atm_distance_factor>
          <skyblendfac sid="skyblendfac" type="float">1</skyblendfac>
          <sky_exposure sid="sky_exposure" type="float">1</sky_exposure>
          <sky_colorspace sid="sky_colorspace" type="int">0</sky_colorspace>
        </technique>
      </extra>
    </light>
  </library_lights>
  <library_images/>
  <library_effects>
    <effect id="natarin-effect">
      <profile_COMMON>
        <technique sid="common">
          <phong>
            <emission>
              <color sid="emission">0 0 0 1</color>
            </emission>
            <ambient>
              <color sid="ambient">0 0 0 1</color>
            </ambient>
            <diffuse>
              <color sid="diffuse">0.64 0.64 0.64 1</color>
            </diffuse>
            <specular>
              <color sid="specular">0.5 0.5 0.5 1</color>
            </specular>
            <shininess>
              <float sid="shininess">50</float>
            </shininess>
            <index_of_refraction>
              <float sid="index_of_refraction">1</float>
            </index_of_refraction>
          </phong>
        </technique>
      </profile_COMMON>
    </effect>
    <effect id="RSoldier_001-effect">
      <profile_COMMON>
        <technique sid="common">
          <phong>
            <emission>
              <color sid="emission">0 0 0 1</color>
            </emission>
            <ambient>
              <color sid="ambient">0 0 0 1</color>
            </ambient>
            <diffuse>
              <color sid="diffuse">0.16 0.32 0.7184314 1</color>
            </diffuse>
            <specular>
              <color sid="specular">0 0 0 1</color>
            </specular>
            <shininess>
              <float sid="shininess">50</float>
            </shininess>
            <index_of_refraction>
              <float sid="index_of_refraction">1</float>
            </index_of_refraction>
          </phong>
        </technique>
      </profile_COMMON>
    </effect>
  </library_effects>
  <library_materials>
    <material id="natarin-material" name="natarin">
      <instance_effect url="#natarin-effect"/>
    </material>
    <material id="RSoldier_001-material" name="RSoldier_001">
      <instance_effect url="#RSoldier_001-effect"/>
    </material>
  </library_materials>
  <library_geometries>
    <geometry id="jead-mesh" name="jead">
      <mesh>
        <source id="jead-mesh-positions">
          <float_array id="jead-mesh-positions-array" count="963">-0.2102079 -0.02025055 3.818008 -0.1901479 0.01837289 3.417438 0.2031862 -0.02025055 3.818011 0.1831331 0.01837295 3.417438 -0.1490961 -0.2802305 3.782474 -0.08518618 -0.2720103 3.391185 0.1375406 -0.2802305 3.782476 0.07363146 -0.2720103 3.391185 -0.1184927 0.1107024 3.762189 -0.00864464 0.2235762 3.69839 0.1365381 0.1107007 3.762193 0.1843194 0.02091974 3.417275 0.1293126 0.1618375 3.418014 -0.1050772 0.1628139 3.417726 -0.01626604 0.1860622 3.419477 -0.2098368 -0.1569281 3.806624 -0.1710802 -0.1988971 3.583875 -0.1171411 -0.3148341 3.556048 -0.1449835 -0.1500622 3.362259 -0.2162584 -9.34038e-4 3.617724 0.2092115 -9.46352e-4 3.617725 0.1640592 -0.1988973 3.583877 0.137975 -0.1504716 3.359616 0.1055856 -0.3148342 3.556049 0.2028154 -0.1569283 3.806627 -0.005777537 -0.2802305 3.782475 -0.1731649 -0.2304667 3.65433 0.166144 -0.2304667 3.654332 0.001334547 -0.3746699 3.58732 0.03900468 -0.3148536 3.556048 0.001336038 -0.367704 3.629841 -0.03633594 -0.3148536 3.556048 0.07878965 -0.1826535 3.119953 0.0541709 -0.2839804 2.878701 0.3344864 -0.2187708 2.862493 0.3362746 -0.1665448 2.958172 0.3981806 -0.06493091 3.112028 0.4280928 0.07392239 3.235148 0.4207082 0.1253375 3.21857 0.3753297 0.2840965 3.003782 0.3301153 0.3097417 2.854735 0.4203552 0.01810485 3.223054 0.3846479 -0.1209845 3.052328 0.04629415 0.3071372 2.914981 0.4357467 0.1285821 3.242041 0.3874084 0.2976959 3.013243 0.443613 0.07215559 3.270057 0.4353706 0.01019608 3.255668 0.1485932 -0.08017075 3.320984 0.07066494 0.2956198 3.0829 0.03924375 0.3241788 2.913702 0.1034003 -0.1587783 3.238613 0.07627683 -0.2086582 3.138347 0.3973344 -0.1379652 3.064955 0.3454174 -0.1955239 2.956846 0.04843723 -0.3074331 2.882611 0.3436379 -0.2479323 2.860414 0.1422556 0.128733 3.310475 0.338442 0.3269531 2.848171 0.4117497 -0.07825553 3.12855 0.1738563 0.04698526 3.326292 -1.872743 0.116881 3.125622 1.847663 0.1168658 3.11702 1.848526 -0.1231876 3.174143 -1.657229 0.01647353 3.192447 -1.627566 -0.1209704 3.054321 1.587015 0.09794974 3.015949 1.633204 0.01647037 3.187154 1.601415 -0.1209574 3.049518 -1.659879 -2.3296 3.051398 -1.724939 -2.226679 3.128392 -1.786382 -2.227226 3.089056 -1.82437 1.875341 3.086092 -1.751162 -2.981084 3.091237 0.4289299 -0.02405673 1.223753 0.08205604 -0.02442824 1.202812 0.1733614 -0.4039305 0.002129733 -0.4065822 -0.1895741 2.894633 9.28307e-4 -0.1549994 3.328542 -1.613944 0.09501504 3.021754 -1.657062 0.07568645 3.191656 -0.4227681 -0.247725 2.172206 1.601314 -0.1131589 3.049074 0.5121479 -0.04742121 3.284073 -0.02244049 -0.285131 2.893168 0.2068878 0.1830288 3.220719 0.1820019 0.3937029 1.499534 -0.1541717 0.3936968 1.496511 -0.2206482 -0.3729059 1.5478 0.2180587 -0.3729047 1.547833 -0.5459492 0.286431 1.547766 0.5424069 0.2864364 1.547882 -0.4271138 0.2584282 2.181615 0.419341 0.2584327 2.180704 -0.2490826 0.1338598 1.198943 -0.3829554 0.1769894 1.831042 -0.08205604 -0.02442824 1.211228 -0.03055238 0.1765816 1.807237 -0.2607011 -0.08606082 0.1930381 -0.2431452 -0.2043769 0.9977698 -0.1610171 0.2084753 0.004186213 -0.1733614 -0.4039305 0.002129733 -1.613686 0.09796231 3.020531 -1.872726 -0.1232002 3.182758 -1.841318 -0.1246984 2.991002 1.814166 -0.1246855 2.982917 -1.714908 -2.226138 3.081408 -1.838853 -2.330686 3.067632 -1.685531 -2.13979 3.050811 -1.712441 -2.140332 3.177346 -1.751375 -2.981088 3.092231 -1.752214 -2.981093 3.091496 0.2490826 0.1338598 1.190527 0.2431452 -0.2043769 0.9893543 0.2607011 -0.08606082 0.1930381 0.2471483 -0.275974 1.42852 0.243673 -0.2103816 1.796766 0.3829555 0.1769894 1.831043 -1.038689 0.2488247 3.098794 -1.627409 -0.1131908 3.053575 -1.042326 -0.08892083 3.094798 -1.008953 0.07976418 3.0086 -0.3949493 0.3025278 2.903847 -1.060844 -0.04379785 3.243938 0.9904311 0.2489778 3.121089 1.587343 0.09498351 3.017395 1.014825 -0.04379773 3.26601 0.9940055 -0.089055 3.117014 0.959307 0.07980984 3.031248 0.3653562 0.2998512 2.911963 0.4150016 -0.2477208 2.171295 -0.5459491 -0.1740467 1.547766 -0.5149934 0.1372714 3.185488 -0.4243429 0.02788585 3.266512 0.001026153 0.1282198 3.35259 -0.2170965 0.1821019 3.223133 0.399286 0.02788585 3.266512 0.4871315 0.1415845 3.181174 0.5424067 -0.1740417 1.547882 -0.2471484 -0.275974 1.436935 -0.243673 -0.2103816 1.796766 -0.3657453 0.2103645 0.004179 -1.842387 0.09827911 2.990188 1.815221 0.09826612 2.982086 -1.819442 -2.140877 3.083757 -1.717369 1.875886 3.179682 -1.690459 1.876427 3.053147 0.03055238 0.1765816 1.807237 0.3850721 -0.3737065 0.002130866 0.3779783 -0.1960504 2.891643 0.5178027 0.1230345 3.308972 -0.42893 -0.02405673 1.232169 -0.3850721 -0.3737065 0.002130866 -1.68693 -2.330141 3.178207 0.3657453 0.2103645 0.004178941 0.1610171 0.2084752 0.004186213 -0.5473795 -0.04738903 3.270044 1.631415 0.07567846 3.179279 -0.5526507 0.1229508 3.29501 -0.1030222 -0.1826535 3.119953 -0.07840353 -0.2839804 2.878701 -0.3587191 -0.2187708 2.862493 -0.3605073 -0.1665448 2.958172 -0.4224132 -0.06493091 3.112028 -0.4523255 0.07392239 3.235148 -0.4449408 0.1253375 3.21857 -0.3995623 0.2840965 3.003782 -0.3543479 0.3097416 2.854735 -0.4445878 0.01810485 3.223054 -0.4088805 -0.1209845 3.052328 -0.07052683 0.3071372 2.914981 -0.4599793 0.1285821 3.242041 -0.4116411 0.2976959 3.013243 -0.4678456 0.07215559 3.270057 -0.4596031 0.01019608 3.255668 -0.1728259 -0.08017075 3.320984 -0.09489762 0.2956198 3.0829 -0.06347644 0.3241788 2.913702 -0.1276329 -0.1587783 3.238613 -0.1005095 -0.2086582 3.138347 -0.421567 -0.1379652 3.064955 -0.3696501 -0.1955239 2.956846 -0.07266986 -0.3074331 2.882611 -0.3678706 -0.2479324 2.860414 -0.1664882 0.128733 3.310475 -0.3626746 0.3269531 2.848171 -0.4359824 -0.07825553 3.12855 -0.198089 0.04698526 3.326292 -0.1731808 -0.2183472 3.929943 0.1677794 -0.2099359 3.924118 -0.02451461 0.07782822 4.126167 -0.2334841 -0.3050081 3.732782 -0.003892004 0.0249142 4.13991 0.01680701 0.06817734 4.129701 0.218236 -0.2749223 3.731133 -0.2389317 0.1224496 3.650845 -0.003110647 0.1043267 4.118339 0.2203344 0.1224497 3.652051 -0.009297668 0.2363786 3.604828 0.01569545 -0.3647422 3.767648 -0.003607034 0.07205682 4.144365 0.008253872 -0.2427425 3.933241 0.1966307 -0.1488858 3.907169 0.2313464 0.02847993 3.857895 0.09886103 0.182927 3.817144 -0.003280997 0.2258876 3.803052 -0.1037838 0.1842223 3.817198 -0.2453746 0.02887362 3.8585 -0.2123749 -0.1491243 3.910769 0.1929563 -0.118942 3.753438 0.1854826 0.036134 3.505312 0.1385514 -0.09311258 3.329696 0.1273413 -0.1683232 3.480232 0.08255296 -0.2384983 3.367961 0.08962678 -0.2804009 3.451109 0.1503984 -0.1834716 3.563742 0.1932218 0.03958004 3.709952 0.2084587 -0.119059 3.753362 0.2087239 0.03946298 3.709876 0.2105045 0.03601688 3.505236 0.1590387 -0.09322971 3.329621 0.1708857 -0.1835887 3.563667 0.1620746 -0.1684402 3.480156 0.1022883 -0.280518 3.451032 0.09521436 -0.2386152 3.367886 -0.2094158 -0.118942 3.753438 -0.2019422 0.03613394 3.505312 -0.1550109 -0.09311258 3.329696 -0.1438008 -0.1683232 3.480232 -0.09901249 -0.2384983 3.367961 -0.1060863 -0.2804009 3.451109 -0.166858 -0.1834716 3.563742 -0.2096813 0.03958004 3.709951 -0.2344381 -0.119059 3.753362 -0.2347033 0.03946298 3.709876 -0.2269641 0.03601688 3.505236 -0.1754982 -0.09322971 3.329621 -0.1873453 -0.1835887 3.563667 -0.1785342 -0.1684402 3.480156 -0.1187478 -0.280518 3.451032 -0.1116739 -0.2386152 3.367886 0.1820019 0.3937029 0.9589527 -0.1541717 0.3936968 0.9559297 -0.2206482 -0.3729059 1.007218 0.2180587 -0.3729047 1.007252 -0.6063875 0.286431 1.007184 0.6028452 0.2864364 1.0073 -0.6063874 -0.2294204 1.007184 0.6028451 -0.2294154 1.0073 1.407829 0.8435128 3.280393 1.050932 0.7599788 3.361453 0.7647228 0.5259216 3.426459 0.6058886 0.1876992 3.462534 0.6058886 -0.1876993 3.462534 0.7647228 -0.5259219 3.426459 1.050932 -0.7599791 3.361453 1.407829 -0.8435132 3.280393 1.764726 -0.7599791 3.199332 2.050935 -0.525922 3.134326 2.209769 -0.1876994 3.098251 2.20977 0.187699 3.098251 2.050935 0.5259217 3.134326 1.764726 0.7599788 3.199332 1.417031 0.8435128 3.320904 1.060134 0.7599788 3.401965 0.7739241 0.5259216 3.466971 0.6150899 0.1876992 3.503046 0.6150899 -0.1876993 3.503046 0.7739239 -0.5259219 3.466971 1.060133 -0.7599791 3.401965 1.417031 -0.8435132 3.320904 1.773928 -0.7599791 3.239844 2.060136 -0.525922 3.174838 2.218971 -0.1876994 3.138762 2.218971 0.187699 3.138762 2.060137 0.5259217 3.174838 1.773928 0.7599788 3.239844 1.416404 0.7150776 3.318142 1.113849 0.6442625 3.38686 0.8712185 0.4458435 3.441968 0.7365689 0.1591196 3.47255 0.7365687 -0.1591199 3.47255 0.8712182 -0.4458438 3.441968 1.113848 -0.6442629 3.38686 1.416404 -0.7150778 3.318142 1.718958 -0.6442629 3.249424 1.961588 -0.4458436 3.194316 2.096238 -0.15912 3.163734 2.096238 0.1591194 3.163734 1.961588 0.4458434 3.194316 1.718959 0.6442624 3.249424 1.399642 0 3.244349 1.418633 0.7582056 3.327959 1.09783 0.6831195 3.400822 0.8405664 0.4727334 3.459253 0.6977954 0.1687166 3.49168 0.6977952 -0.1687167 3.49168 0.8405662 -0.4727336 3.459253 1.09783 -0.6831197 3.400822 1.418633 -0.7582058 3.327959 1.739436 -0.6831198 3.255096 1.996699 -0.4727337 3.196665 2.13947 -0.1687169 3.164238 2.13947 0.1687164 3.164238 1.996699 0.4727335 3.196665 1.739436 0.6831194 3.255096 1.43407 0.456127 3.395926 1.241079 0.4109561 3.439759 1.086313 0.2843904 3.474911 1.000423 0.1014977 3.494419 1.000423 -0.101498 3.494419 1.086313 -0.2843907 3.474911 1.241079 -0.4109564 3.439759 1.43407 -0.4561272 3.395926 1.627061 -0.4109564 3.352093 1.781828 -0.2843906 3.316941 1.867716 -0.1014981 3.297433 1.867716 0.1014975 3.297433 1.781827 0.2843904 3.316941 1.627061 0.410956 3.352093 1.444975 -1.71463e-7 3.443938</float_array>
          <technique_common>
            <accessor source="#jead-mesh-positions-array" count="321" stride="3">
              <param name="X" type="float"/>
              <param name="Y" type="float"/>
              <param name="Z" type="float"/>
            </accessor>
          </technique_common>
        </source>
        <source id="jead-mesh-normals">
          <float_array id="jead-mesh-normals-array" count="1572">0.9310543 0.3632534 0.03442496 0.8883105 -0.3992328 0.226975 0.8073254 0.5881193 -0.04838913 0.8760848 0.4767053 0.0723024 -0.859878 0.506564 -0.06326746 -0.7737692 0.6278828 0.08393174 -0.8059948 0.5891008 0.05773073 0.5802688 0.8072648 0.1077585 0.1612934 0.9775072 -0.1358829 -0.6907453 0.7184578 0.08178883 -0.2490754 0.960717 -0.1224113 -0.9847531 0.01178145 -0.1735588 -0.9673262 -0.219458 -0.126958 -0.8969085 -0.3535154 -0.2656728 -0.9063571 -0.3749196 -0.1948129 0.8291059 -0.5581922 -0.03170299 -0.8588096 -0.469655 -0.2046225 -0.9746113 -0.2237656 0.007861256 -0.9664256 -0.2111961 -0.1463485 0.9686334 -0.1944974 -0.1546617 0.9746405 -0.2236418 0.007765233 0.841795 -0.499077 -0.2056778 0.9670312 -0.2086245 -0.1460366 0.8841514 -0.3810389 -0.2703441 0.8927052 -0.4007989 -0.2060045 0.9847533 0.01178473 -0.1735576 0.9673268 -0.2194561 -0.1269565 5.20628e-7 -0.9678527 -0.2515182 0 -0.9678526 -0.2515182 4.54662e-6 -0.4633024 -0.8862003 0 -0.988523 0.1510707 -2.37618e-4 -0.9885055 0.1511852 2.89058e-4 -0.967867 -0.2514627 -2.33845e-4 -0.9678694 -0.2514536 -1.81567e-6 -0.988523 0.1510707 0.915414 -0.329344 0.2314086 2.85299e-4 -0.9885018 0.1512092 0.8620862 -0.5001006 0.08189523 -0.8620933 -0.5000792 0.08195227 -0.9683506 -0.1941784 -0.156818 -0.8537908 -0.5189851 -0.04117935 -0.8972823 -0.4414477 -0.002899527 0.8825302 -0.4700335 0.01445794 -0.9027224 -0.3900749 0.1814772 -0.3328045 0.8303184 -0.4470041 -0.2536829 0.9153808 -0.3126068 0.2103056 -0.9194523 0.3322336 0.3010798 -0.7283067 0.6155651 0.3493406 -0.8731797 0.3398801 0.1183876 0.8181304 0.5627141 0.133485 0.8102471 0.5706851 0.378127 -0.7913613 0.4803827 0.3623232 -0.7654953 0.531732 0.276355 -0.8970417 0.3448828 0.3400162 -0.8288934 0.4442126 0.1406615 0.455949 0.8788202 0.2190136 0.2662859 0.9386825 0.219837 -0.2483301 0.9434002 0.2479159 -0.08952391 0.9646363 0.03000229 0.9857022 0.1658045 0.02625465 0.986501 0.1616364 0.8202297 0.2202006 -0.5279538 0.8003671 0.2768521 -0.5317569 0.8407278 0.2864242 -0.4594975 0.8407286 0.2864224 -0.4594973 -0.06908571 0.04933762 -0.9963901 -0.04317986 -0.1540189 -0.987124 0.9029359 0.2376592 -0.3580849 0.8423088 0.3562985 -0.4044347 0.7985891 -0.3909073 -0.4576539 0.7985986 -0.3908964 -0.4576465 0.8440858 -0.05087262 -0.5337895 0.9096949 -0.07589346 -0.4082835 0.9351071 0.3034036 -0.1830878 0.9340754 0.3062214 -0.1836615 0.7948486 -0.5099617 -0.3288691 0.8079788 -0.4904145 -0.3265946 0.9123772 -0.03817802 -0.4075663 0.9060521 -0.0223962 -0.4225731 -0.2036931 -0.1568471 -0.9663892 -0.2042234 -0.2610275 -0.9434816 -0.1902537 0.2272781 0.9550645 0.250922 0.8485781 0.4657825 0.284061 -0.002137601 -0.9588038 -0.9759337 -0.005472719 -0.2179987 0.1296286 -0.1592683 -0.978688 0.3692767 -0.617896 0.6941464 0.01442396 -0.9998442 0.01017421 0.01887214 0.991084 -0.1318956 -0.986169 -0.03844088 -0.1612235 0.2049399 0.227279 0.9520211 -0.2436809 0.8485845 0.4696 -0.298785 -0.00214082 -0.9543182 0.9724492 -0.005468785 -0.2330508 -0.1446924 -0.15927 -0.9765743 -0.3584905 -0.6179059 0.6997691 -0.01426601 -0.9998443 0.01039558 -0.0209003 0.991084 -0.1315888 0.9835619 -0.03844588 -0.1764314 0.8885057 0.4170821 0.1913121 0.8868513 0.4192842 0.1941542 -0.1070632 0.224025 -0.9686849 -0.08905541 0.2450774 -0.9654048 -0.5371506 0.09896862 0.8376601 -0.5802736 0.1702882 0.7964199 0.9470904 -0.251598 0.1992944 0.9471138 -0.2506693 0.200351 -0.2290577 -0.2549481 -0.9394329 -0.1043419 -0.1006671 -0.9894337 -0.6442872 -0.2014074 0.7377866 -0.4981333 -0.3719743 0.7832614 0.9781237 0.001079082 0.2080215 0.9781237 0.001079261 0.2080219 -0.2389025 2.71541e-4 -0.9710435 -0.2389053 2.71574e-4 -0.9710429 -0.6583535 -0.001245498 0.7527078 -0.658354 -0.001245439 0.7527075 0.008148491 -0.9999618 -0.003175556 -0.007444858 0.9999688 0.00269097 0.9703333 -0.1232581 0.2079924 0.9706315 -0.1233726 0.2065282 -0.6585947 -0.03413748 0.7517231 -0.5876588 -0.04864728 0.8076452 -0.08993512 -0.04823035 -0.9947792 -0.2381252 -0.06727838 -0.9689015 0.6674235 0.7205526 -0.1880155 -0.6703006 0.6851866 -0.2849853 -0.79981 -0.5909217 -0.1054315 -0.908447 -0.3950482 -0.1366065 0.7824073 -0.6028072 -0.1564045 0.9355812 -0.3516924 -0.03162813 -0.793173 -0.6021682 -0.0909413 0.7608224 -0.6393672 -0.111171 -0.8716936 -0.4824181 0.0861569 -0.8648007 -0.4956804 0.08012932 0.9195588 -0.3469584 0.1844767 0.8441179 -0.5264175 0.1017322 -0.009206473 0.9979426 0.06344944 0.643868 0.7568766 0.1121255 -0.6809363 0.7259956 0.09620964 -0.8964619 -0.01955646 0.4426893 0.07545214 -0.5285527 0.8455407 0.8553711 0.02648997 0.5173382 0.003432035 0.9976865 -0.0678972 -4.7263e-4 0.003348469 -0.9999943 -6.77433e-5 0.003504276 -0.9999939 -0.1875757 0.8799868 0.4363928 -0.4076777 -0.7966001 0.4463488 -0.1787678 -0.0831803 0.9803689 -0.00735414 0.4696847 -0.8828036 0.01033908 0.4436997 0.896116 -0.2634104 0.9637345 0.04278868 -0.02525818 -0.1494332 -0.9884492 0.08140695 -0.4662455 -0.8809019 -0.03207564 -0.5931445 0.8044569 -0.2115719 -0.9424553 0.2588734 0.5226837 -0.8525052 0.006064593 2.1877e-4 -0.9804451 0.1967928 0.1142469 -0.1406074 0.9834517 0.4725667 -0.7507507 0.4615779 0.9385708 -0.1695956 0.3005364 0.6097443 0.7314441 0.3052893 -0.999692 -0.009012877 0.02312356 -0.998811 0.02280408 0.04308956 0.9986012 -0.0095281 0.05200803 0.997128 0.02241557 0.07234287 -4.76043e-4 0.9355715 0.3531373 -3.07515e-5 0.9352958 0.3538672 0.004166245 0.9981211 -0.06113088 -6.61984e-5 0.9983996 -0.05655431 -0.2299818 -0.9289787 0.2900121 -0.2402614 -0.9671334 0.08323138 -5.12647e-5 -0.9986583 -0.05178529 -0.02129459 -0.9576637 0.2871008 -0.041624 -0.9394334 0.3401946 -0.331925 -0.3763366 -0.8649836 -0.1760922 0.0225898 -0.9841145 -0.2955883 0.4086809 -0.8634857 -0.05124992 -0.146381 0.9878999 0.05690377 0.8984372 0.4353996 -0.2332406 0.4462116 0.863999 -0.03085297 0.4732331 -0.8803969 0.03937822 0.4459075 0.8942124 0.2569039 0.9653801 0.04518383 -0.01813596 -0.151627 -0.9882715 -0.1165599 -0.468687 -0.8756406 0.06853938 -0.5736993 0.8161934 0.2184363 -0.941797 0.2555469 -0.2382087 -0.1326381 0.9621143 -0.5424601 -0.7072661 0.453334 -0.6594592 0.7051191 0.2606159 -0.8912023 -0.4274366 0.1518443 0.01726341 -0.9573593 0.2883841 0.03768652 -0.9387097 0.3426426 0.3750035 -0.3573819 -0.8553657 0.2128431 0.045412 -0.9760305 0.3200488 0.3977646 -0.859856 0.0365768 -0.1456319 0.9886625 -0.06990391 0.901011 0.4281271 0.2249491 0.4472383 0.865665 0.4299573 -0.7856346 0.4448767 0.1904753 -0.08312094 0.9781668 0.1912805 0.8815013 0.4317031 -0.5215713 -0.8532048 0.002218008 0.9797493 -2.03428e-7 0.2002282 0.9816393 -0.01195466 0.1903718 -0.982901 -0.0118547 0.1837527 -0.9810931 -1.65993e-7 0.1935365 -0.2520574 0.9635345 0.08982408 0.2721964 0.9575102 0.09530615 0.2167409 -0.9728695 0.08092337 0.2100962 -0.9397695 0.2696161 -0.273583 0.4157453 0.8673571 -0.1928186 0.747286 0.6359124 1.67345e-4 0.9233249 0.3840198 0.3106714 0.6023157 0.7353224 0.1924163 0.4896402 0.8504285 0.001774728 -0.9807268 -0.1953762 -2.03369e-4 -0.9810448 -0.1937809 -0.6673609 0.7199668 -0.1904657 0.6696866 0.6842555 -0.2886422 0.7993624 -0.591704 -0.1044343 0.9088314 -0.3945181 -0.1355769 -0.7819854 -0.6035979 -0.155462 -0.9356684 -0.3514928 -0.03126609 0.7931726 -0.6021686 -0.0909413 -0.7608225 -0.6393671 -0.1111711 0.8715868 -0.4823923 0.08737397 0.8653073 -0.4945243 0.08178764 -0.9190273 -0.3469938 0.1870405 -0.844686 -0.5250864 0.1038745 0.009206771 0.9979708 0.06300437 -0.6440075 0.7568724 0.1113491 0.681007 0.7260179 0.09553861 0.8964618 -0.01955652 0.4426893 -0.07545208 -0.5285526 0.8455408 -0.8553711 0.02648985 0.5173382 -0.003493666 0.9976237 -0.06880992 6.77425e-5 0.003504335 -0.9999939 4.72635e-4 0.003348529 -0.9999943 -0.3328043 -0.8303183 0.4470042 -0.2536831 -0.9153808 0.312607 0.2103056 0.9194523 -0.3322337 0.3010798 0.7283066 -0.6155652 0.3493407 0.8731796 -0.3398803 0.1183876 -0.8181306 -0.5627139 0.133485 -0.8102473 -0.5706849 0.3781269 0.7913612 -0.4803828 0.3623234 0.7654954 -0.5317318 0.2763552 0.8970418 -0.3448826 0.3400161 0.8288932 -0.4442129 0.1406616 -0.455949 -0.8788202 0.2190136 -0.2662859 -0.9386826 0.2198371 0.2483301 -0.9434002 0.247916 0.08952397 -0.9646363 0.03000229 -0.985702 -0.165805 0.02625465 -0.986501 -0.1616364 0.8202286 -0.2202042 0.5279538 0.8003666 -0.2768538 0.531757 0.8407283 -0.2864217 0.4594983 0.8407272 -0.2864254 0.4594981 -0.06908404 -0.04933756 0.9963901 -0.04317969 0.1540181 0.9871241 0.9029366 -0.2376576 0.358084 0.8423082 -0.3563002 0.4044342 0.7985849 0.3909103 0.4576587 0.7985979 0.3908986 0.4576458 0.8440858 0.05087262 0.5337895 0.9096956 0.07589262 0.4082822 0.9351059 -0.3034062 0.183089 0.9340745 -0.3062236 0.1836626 0.7948486 0.5099624 0.328868 0.8079786 0.4904143 0.3265951 0.9123777 0.03817981 0.4075651 0.9060527 0.02239781 0.4225717 -0.2036942 0.1568484 0.9663888 -0.2042219 0.2610251 0.9434826 -0.8365978 -0.3590877 0.4137151 0.7009329 -0.1369178 0.6999619 0.6819494 -0.1577367 0.7141878 -0.9989824 -0.02043795 -0.04020565 -0.9693254 -0.1160911 0.2166364 -0.6654353 -0.06623363 0.7435113 0.7860822 0.01778906 0.617866 -0.6253496 0.6743583 0.3926561 -0.6562729 0.6455166 0.3906589 -0.3186124 0.8843672 0.3411464 0.6455701 0.6566566 0.3899248 0.6996229 0.5345133 0.4741556 0.3243238 0.8826746 0.3401465 -0.1279073 -0.8929456 0.4316111 -0.2662992 -0.7816967 0.563946 0.1677473 -0.597718 0.7839605 0.5628111 0.5136554 0.6476123 0.5713526 -0.08062887 0.8167346 -0.4469497 0.5657459 0.6929413 0.2076245 -0.9093565 0.3605035 0.4193549 -0.7217792 0.5506145 0.8832798 -0.3231021 0.3397379 0.9600616 -0.2315452 -0.1570624 0.993787 0.0166527 0.1100462 0.6954025 0.6670526 0.267313 0.383063 0.9229722 0.03722059 0.4446054 0.8957261 -9.89425e-4 -0.3862347 0.921958 -0.02857011 -0.433825 0.8989473 0.06074398 -0.6682974 0.6857604 0.2882903 -0.09643942 -0.6110476 0.7856974 -0.6515282 -0.1637235 0.7407466 -0.7153722 -0.09916657 0.691671 -0.774392 0.04182124 0.6313225 -0.9992215 0.01198434 0.0375871 -0.974539 0.1881436 0.1219669 -0.6401696 0.7052339 0.304677 -0.8689445 0.4083002 0.2796897 -0.950841 0.2994812 0.07881915 -0.9690946 0.1950186 0.1510742 0.999962 7.10972e-4 0.008689105 0.9691607 -0.2094095 -0.1299048 0.9553369 -0.2562069 -0.147273 0.8428376 -0.4483557 -0.297661 0.8828716 -0.4127394 -0.2240179 0.9706418 -0.2074858 -0.1216732 -0.004213929 -0.9464249 0.3228967 -0.005586028 -0.9463701 0.3230366 -0.00495404 -0.2527175 -0.9675275 -0.008146822 -0.2511915 -0.9679031 0.006674289 0.264531 0.9643541 0.006736278 0.264535 0.9643527 -0.003701984 -0.9841153 -0.177492 -0.006279706 -0.9840397 -0.1778383 0.007466375 0.9998257 -0.01711905 0.00462687 0.9998483 -0.01679694 0.003512859 -0.2525965 0.9675654 0.001257121 -0.2521302 0.9676925 0.001975417 0.8051427 -0.5930781 0.002411365 0.8050529 -0.5931983 -0.01093286 -0.8933301 -0.4492681 -0.01096981 -0.8933288 -0.44927 -0.9992216 -0.01198482 -0.03758716 -0.9745389 -0.188144 -0.121967 -0.6401691 -0.7052345 -0.3046768 -0.8689445 -0.4083003 -0.27969 -0.9508411 -0.299481 -0.07881891 -0.9690946 -0.1950186 -0.1510742 0.9992215 0.01198232 0.03758728 0.9691609 0.2094092 0.1299046 0.9553371 0.2562061 0.1472732 0.8428375 0.4483556 0.2976615 0.8828716 0.4127395 0.2240179 0.9620511 0.2174298 0.1648697 -0.004213929 0.9464247 -0.3228972 -0.003461837 0.9464547 -0.3228186 -0.00495404 0.2527172 0.9675276 -0.008146822 0.2511924 0.9679029 0.004135072 -0.2645413 -0.9643656 0.004173457 -0.264543 -0.9643649 -0.003701984 0.9841153 0.1774923 -0.006279706 0.9840398 0.1778378 0.00462687 -0.9998446 0.01701211 0.004625797 -0.9998446 0.01701205 0.003512859 0.2525969 -0.9675653 0.001257121 0.2521303 -0.9676926 0.001961112 -0.8051428 0.5930778 0.002411365 -0.8050538 0.593197 -0.01093286 0.8933302 0.449268 -0.01096975 0.8933288 0.4492698 -0.5161336 -0.8442844 0.1441877 -0.3486369 -0.937258 0 -0.2640736 0.9645026 0 -0.2279856 0.9733309 0.02548938 0.5226939 -0.8525205 0 0.3462455 -0.9285499 0.1338257 1.80849e-5 -1 0 1.80849e-5 -1 0 -0.9938082 0 0.1111102 -0.9938082 -3.02816e-7 0.11111 0.2812429 0.9591214 0.03144359 0.246988 0.9690185 0 0.9938081 -4.75929e-7 0.1111102 0.9938082 -1.74771e-7 0.1111101 2.78522e-6 -1 0 -0.2169948 0.9749278 0.04928588 -0.2169942 0.9749281 0.04928421 -0.6080017 0.781834 0.1380939 -0.608006 0.7818306 0.1380929 -0.8785908 0.4338862 0.1995524 -0.8785933 0.4338814 0.1995514 -0.9751639 0 0.2214846 -0.9751632 0 0.2214875 -0.8785932 -0.4338817 0.1995517 -0.8785917 -0.4338868 0.1995468 -0.6080072 -0.7818303 0.1380899 -0.607999 -0.7818357 0.1380953 -0.2169911 -0.9749287 0.0492841 -0.2169988 -0.9749269 0.04928648 0.216995 -0.974928 -0.04928267 0.2169939 -0.9749279 -0.04928761 0.6080021 -0.7818335 -0.1380944 0.6080028 -0.7818335 -0.1380906 0.8785951 -0.4338809 -0.1995442 0.8785892 -0.4338883 -0.1995547 0.975164 0 -0.221484 0.9751644 0 -0.2214826 0.8785907 0.4338883 -0.1995481 0.8785918 0.433884 -0.1995527 0.6079996 0.7818354 -0.1380949 0.6080096 0.7818276 -0.1380939 0.2169991 0.9749269 -0.04928445 0.2169913 0.9749286 -0.04928594 -0.1475118 -0.2879576 -0.9462139 -0.1475134 -0.2879579 -0.9462136 -0.03202342 -0.2309224 -0.972445 -0.03202354 -0.2309241 -0.9724447 0.04790174 -0.128152 -0.9905971 0.04789835 -0.1281521 -0.9905972 0.07642722 0 -0.9970752 0.07641553 0 -0.9970762 0.0478987 0.1281528 -0.9905972 0.047899 0.1281528 -0.9905971 -0.03201919 0.230924 -0.9724448 -0.0320236 0.2309237 -0.9724447 -0.1475135 0.2879556 -0.9462142 -0.1475107 0.2879581 -0.946214 -0.2756955 0.2879589 -0.9170997 -0.2756968 0.2879562 -0.9171001 -0.3911855 0.2309231 -0.8908696 -0.3911854 0.2309255 -0.890869 -0.4711068 0.1281535 -0.8727171 -0.4711083 0.1281532 -0.8727164 -0.4996303 0 -0.8662388 -0.4996282 0 -0.86624 -0.4711082 -0.1281526 -0.8727165 -0.4711034 -0.1281526 -0.8727191 -0.3911886 -0.2309233 -0.8908681 -0.391185 -0.2309235 -0.8908697 -0.2756942 -0.2879582 -0.9171003 -0.2756954 -0.2879575 -0.9171001 -0.243609 0.105206 -0.9641507 -0.285803 0.08436888 -0.9545673 -0.3150025 0.04682105 -0.9479352 -0.3254237 1.33545e-7 -0.9455683 -0.3150014 -0.04682093 -0.9479357 -0.2858018 -0.08436876 -0.9545676 -0.243609 -0.1052057 -0.9641507 -0.1967744 -0.1052056 -0.974788 -0.1545827 -0.08436864 -0.984371 -0.1253804 -0.04682028 -0.9910034 -0.1149611 0 -0.9933701 -0.1253814 0.04682087 -0.9910033 -0.1545809 0.08436852 -0.9843713 -0.1967765 0.105206 -0.9747876 0.2018448 0.08448874 0.9757665 0.2018486 0.08448815 0.9757659 0.1679625 0.06775361 0.9834623 0.1679652 0.06775122 0.983462 0.1445198 0.03759902 0.9887874 0.1445084 0.03759992 0.9887889 0.1361361 0 0.9906902 0.1361557 0 0.9906876 0.1445106 -0.03760069 0.9887887 0.1445127 -0.03760004 0.9887884 0.1679623 -0.06775343 0.9834624 0.1679617 -0.06775397 0.9834624 0.2018486 -0.08448767 0.9757659 0.2018463 -0.0844857 0.9757665 0.2394568 -0.08448612 0.9672242 0.2394573 -0.0844869 0.967224 0.2733381 -0.06775385 0.9595289 0.2733448 -0.06775158 0.9595272 0.2967836 -0.03759938 0.9542043 0.2967935 -0.03759926 0.9542013 0.3051582 0 0.9523017 0.3051549 0 0.9523028 0.2967879 0.03759843 0.9542031 0.296791 0.03760057 0.9542019 0.2733404 0.06775534 0.9595282 0.2733442 0.06775343 0.9595272 0.2394563 0.08448797 0.9672242 0.239456 0.0844891 0.9672242 0.1655572 0.2245253 0.9603017 0.1655585 0.2245248 0.9603015 0.07550966 0.1800546 0.9807542 0.07550793 0.1800546 0.9807543 0.01319485 0.09992378 0.9949076 0.01319116 0.09992349 0.9949077 -0.009046733 0 0.9999591 -0.009048819 0 0.9999591 0.01319241 -0.09992432 0.9949077 0.01319432 -0.09992325 0.9949077 0.0755077 -0.1800547 0.9807543 0.07550907 -0.1800554 0.9807541 0.1655553 -0.2245255 0.9603019 0.1655585 -0.2245259 0.9603013 0.2655046 -0.2245257 0.937601 0.2655057 -0.2245258 0.9376006 0.3555542 -0.1800552 0.9171485 0.355558 -0.1800547 0.9171471 0.417867 -0.09992271 0.9029965 0.417874 -0.09992265 0.9029933 0.4401105 0 0.8979437 0.4401122 0 0.8979428 0.4178707 0.09992218 0.9029949 0.417873 0.09992176 0.9029939 0.3555545 0.1800549 0.9171485 0.3555558 0.1800554 0.9171478 0.2655063 0.224526 0.9376004 0.2655058 0.2245249 0.9376008 0.1962568 0.1072844 0.9746658 0.1532322 0.08603531 0.9844378 0.1234587 0.04774701 0.9912005 0.1128289 0 0.9936144 0.1234593 -0.04774707 0.9912004 0.1532335 -0.08603531 0.9844377 0.1962595 -0.1072846 0.9746652 0.2440183 -0.1072845 0.963818 0.2870467 -0.08603513 0.9540452 0.3168239 -0.04774612 0.947282 0.3274519 0 0.9448679 0.3168248 0.04774475 0.9472817 0.2870472 0.08603525 0.954045 0.2440205 0.1072845 0.9638174 -1.2267e-5 -0.9804909 0.1965649 2.78522e-6 -1 0</float_array>
          <technique_common>
            <accessor source="#jead-mesh-normals-array" count="524" stride="3">
              <param name="X" type="float"/>
              <param name="Y" type="float"/>
              <param name="Z" type="float"/>
            </accessor>
          </technique_common>
        </source>
        <source id="jead-mesh-map-0">
          <float_array id="jead-mesh-map-0-array" count="3144">0.09562796 0.762672 0.05945599 0.759263 0.06900399 0.998288 0.09839099 0.763238 0.09562796 0.762672 0.06900399 0.998288 0.103049 0.881276 0.09839099 0.763238 0.06900399 0.998288 0.11534 0.996162 0.103049 0.881276 0.06900399 0.998288 0.05954694 0.759283 0.094428 0.762233 0.102252 0.879049 0.112742 0.994188 0.05954694 0.759283 0.102252 0.879049 0.112742 0.994188 0.06926095 0.998901 0.05954694 0.759283 0.00395298 0.993012 0.06900399 0.998288 0.05945599 0.759263 0.05945599 0.759263 0.001675963 0.759239 0.00395298 0.993012 0.05954694 0.759283 0.06926095 0.998901 0.005213975 0.995576 0.005213975 0.995576 0.002953946 0.761835 0.05954694 0.759283 0.151419 0.993658 0.112742 0.994188 0.1695089 0.867117 0.165862 0.869471 0.184156 0.913914 0.15237 0.997714 0.165862 0.869471 0.252523 0.756506 0.240683 0.861517 0.240683 0.861517 0.184156 0.913914 0.165862 0.869471 0.18371 0.915151 0.220775 0.988762 0.241909 0.861903 0.183863 0.761939 0.246968 0.758311 0.1695089 0.867117 0.1695089 0.867117 0.112742 0.994188 0.102252 0.879049 0.102252 0.879049 0.094428 0.762233 0.183863 0.761939 0.103049 0.881276 0.170202 0.867982 0.183656 0.762016 0.103049 0.881276 0.11534 0.996162 0.170202 0.867982 0.170202 0.867982 0.247665 0.758483 0.183656 0.762016 0.183656 0.762016 0.09839099 0.763238 0.103049 0.881276 0.241909 0.861903 0.251746 0.755762 0.165661 0.87066 0.165661 0.87066 0.18371 0.915151 0.241909 0.861903 0.170202 0.867982 0.11534 0.996162 0.153814 0.994635 0.151026 0.998675 0.18371 0.915151 0.165661 0.87066 0.365141 0.754987 0.33873 0.860329 0.283557 0.861138 0.365141 0.754987 0.283557 0.861138 0.252523 0.756506 0.310293 0.881749 0.283557 0.861138 0.33873 0.860329 0.307595 0.986535 0.219716 0.986188 0.240683 0.861517 0.307595 0.986535 0.240683 0.861517 0.283557 0.861138 0.241909 0.861903 0.278157 0.861104 0.251746 0.755762 0.240683 0.861517 0.252523 0.756506 0.283557 0.861138 0.241909 0.861903 0.220775 0.988762 0.309291 0.98731 0.307595 0.986535 0.310182 0.89441 0.33873 0.860329 0.241909 0.861903 0.309291 0.98731 0.278157 0.861104 0.310182 0.89441 0.310293 0.881749 0.33873 0.860329 0.283557 0.861138 0.310293 0.881749 0.310182 0.89441 0.102252 0.879049 0.183863 0.761939 0.1695089 0.867117 0.240683 0.861517 0.219716 0.986188 0.184156 0.913914 0.184156 0.913914 0.219716 0.986188 0.15237 0.997714 0.18371 0.915151 0.151026 0.998675 0.220775 0.988762 0.283557 0.861138 0.310182 0.89441 0.307595 0.986535 0.784177 0.502007 0.782396 0.46342 0.693746 0.526445 0.784177 0.502007 0.693746 0.526445 0.781145 0.536959 0.691873 0.531072 0.700956 0.472772 0.77027 0.468367 0.691873 0.531072 0.783615 0.541089 0.78177 0.557921 0.691873 0.531072 0.78177 0.557921 0.692304 0.558996 0.785981 0.523755 0.694082 0.516252 0.691939 0.580491 0.785981 0.523755 0.691939 0.580491 0.778684 0.58189 0.692304 0.558996 0.78177 0.557921 0.777684 0.585416 0.692304 0.558996 0.777684 0.585416 0.690056 0.583661 0.771998 0.507149 0.783615 0.541089 0.691873 0.531072 0.771998 0.507149 0.691873 0.531072 0.77027 0.468367 0.703977 0.58778 0.792721 0.591864 0.790831 0.55287 0.703977 0.58778 0.790831 0.55287 0.704086 0.551471 0.79091 0.553733 0.792721 0.591864 0.703977 0.58778 0.79091 0.553733 0.703977 0.58778 0.703283 0.551979 0.697465 0.516559 0.785981 0.523755 0.783318 0.477123 0.697465 0.516559 0.783318 0.477123 0.695995 0.478569 0.70241 0.991251 0.72853 0.991544 0.727039 0.996041 0.70241 0.991251 0.727039 0.996041 0.701284 0.997647 0.72853 0.991544 0.747942 0.992601 0.747622 0.997342 0.72853 0.991544 0.747622 0.997342 0.727039 0.996041 0.702709 0.472132 0.782396 0.46342 0.784918 0.463484 0.702709 0.472132 0.784918 0.463484 0.700956 0.472772 0.747942 0.992601 0.786894 0.99155 0.784729 0.998744 0.747942 0.992601 0.784729 0.998744 0.747622 0.997342 0.829337 0.992507 0.878445 0.992885 0.879386 0.996472 0.829337 0.992507 0.879386 0.996472 0.829777 0.997793 0.804108 0.99005 0.829337 0.992507 0.829777 0.997793 0.804108 0.99005 0.829777 0.997793 0.803288 0.997832 0.678447 0.992044 0.70241 0.991251 0.701284 0.997647 0.678447 0.992044 0.701284 0.997647 0.677148 0.998459 0.878445 0.992885 0.917404 0.989893 0.917886 0.993988 0.878445 0.992885 0.917886 0.993988 0.879386 0.996472 0.786894 0.99155 0.804108 0.99005 0.803288 0.997832 0.786894 0.99155 0.803288 0.997832 0.784729 0.998744 0.782667 0.46461 0.702669 0.472226 0.700916 0.471426 0.782667 0.46461 0.700916 0.471426 0.785271 0.463451 0.952778 0.716175 0.919692 0.785271 0.994503 0.78356 0.952778 0.716175 0.927477 0.713293 0.919692 0.785271 0.995555 0.717141 0.994897 0.786327 0.925496 0.78488 0.919692 0.785271 0.925496 0.78488 0.994897 0.786327 0.925496 0.78488 0.927477 0.713293 0.995555 0.717141 0.994503 0.78356 0.995555 0.717141 0.952778 0.716175 0.994503 0.78356 0.994897 0.786327 0.995555 0.717141 0.927477 0.713293 0.925496 0.78488 0.919692 0.785271 0.919692 0.785271 0.994897 0.786327 0.994503 0.78356 0.952675 0.720127 0.994395 0.787511 0.919593 0.789223 0.952675 0.720127 0.919593 0.789223 0.927377 0.717244 0.995447 0.721092 0.925396 0.78883 0.994789 0.790277 0.919593 0.789223 0.994789 0.790277 0.925396 0.78883 0.925396 0.78883 0.995447 0.721092 0.927377 0.717244 0.994395 0.787511 0.952675 0.720127 0.995447 0.721092 0.994395 0.787511 0.995447 0.721092 0.994789 0.790277 0.927377 0.717244 0.919593 0.789223 0.925396 0.78883 0.919593 0.789223 0.994395 0.787511 0.994789 0.790277 0.650711 0.763876 0.650754 0.763851 0.652173 0.75687 0.652173 0.75687 0.652131 0.756908 0.650711 0.763876 0.653165 0.758794 0.653893 0.784283 0.652166 0.782367 0.652166 0.782367 0.651638 0.76488 0.653165 0.758794 0.652131 0.756908 0.653211 0.782403 0.651438 0.78136 0.651438 0.78136 0.650711 0.763876 0.652131 0.756908 0.652131 0.756908 0.652173 0.75687 0.662703 0.762905 0.662703 0.762905 0.66266 0.76293 0.652131 0.756908 0.663581 0.763742 0.664109 0.781228 0.653893 0.784283 0.653893 0.784283 0.653165 0.758794 0.663581 0.763742 0.66266 0.76293 0.663387 0.780414 0.653211 0.782403 0.653211 0.782403 0.652131 0.756908 0.66266 0.76293 0.951229 0.880126 0.951206 0.910374 0.68483 0.910395 0.68483 0.910395 0.684854 0.880147 0.951229 0.880126 0.951046 0.880127 0.951229 0.880126 0.684854 0.880147 0.684854 0.880147 0.68467 0.880148 0.951046 0.880127 0.951206 0.910374 0.951046 0.880127 0.68467 0.880148 0.68467 0.880148 0.68483 0.910395 0.951206 0.910374 0.625904 0.771541 0.625908 0.771678 0.625908 0.771677 0.951206 0.910374 0.951229 0.880126 0.951046 0.880127 0.625183 0.772997 0.625183 0.772996 0.650754 0.763851 0.650754 0.763851 0.650711 0.763876 0.625183 0.772997 0.625189 0.773134 0.625183 0.772997 0.650711 0.763876 0.650711 0.763876 0.651438 0.78136 0.625189 0.773134 0.651638 0.76488 0.652166 0.782367 0.625908 0.771678 0.625908 0.771678 0.625904 0.771541 0.651638 0.76488 0.858756 0.1648949 0.885263 0.161723 0.885984 0.322565 0.887864 0.161564 0.861229 0.163107 0.888443 0.320554 0.829831 0.02116894 0.827849 0.147195 0.861229 0.163107 0.8838 0.001018941 0.829831 0.02116894 0.861229 0.163107 0.883044 0.001068949 0.858756 0.1648949 0.825248 0.1473529 0.825248 0.1473529 0.82723 0.02132695 0.883044 0.001068949 0.827849 0.147195 0.816095 0.181698 0.861229 0.163107 0.858756 0.1648949 0.813494 0.181856 0.825248 0.1473529 0.817968 0.321284 0.888443 0.320554 0.861229 0.163107 0.861229 0.163107 0.816095 0.181698 0.817968 0.321284 0.858756 0.1648949 0.885984 0.322565 0.815367 0.321442 0.813494 0.181856 0.858756 0.1648949 0.815367 0.321442 0.883916 0.001015961 0.8838 0.001018941 0.887864 0.161564 0.858756 0.1648949 0.883044 0.001068949 0.885263 0.161723 0.887864 0.161564 0.8838 0.001018941 0.861229 0.163107 0.8838 0.001018941 0.79202 0.00110495 0.829831 0.02116894 0.794921 0.001142978 0.82723 0.02132695 0.789419 0.001263976 0.82723 0.02132695 0.794921 0.001142978 0.883044 0.001068949 0.888585 0.322407 0.887864 0.161564 0.888443 0.320554 0.797522 9.85e-4 0.79202 0.00110495 0.8838 0.001018941 0.8838 0.001018941 0.883916 0.001015961 0.797522 9.85e-4 0.99425 0.650052 0.937346 0.646908 0.985497 0.581911 0.517228 0.595173 0.613322 0.658889 0.515268 0.667321 0.613322 0.658889 0.612439 0.710259 0.515268 0.667321 0.998072 0.139874 0.958879 0.141525 0.986898 0.004972994 0.90688 0.138968 0.998072 0.139874 0.985137 0.004212975 0.985137 0.004212975 0.998072 0.139874 0.986898 0.004972994 0.986898 0.004972994 0.958879 0.141525 0.903172 0.004212975 0.900179 0.1366879 0.903172 0.004212975 0.958879 0.141525 0.985137 0.004212975 0.903172 0.004212975 0.900179 0.1366879 0.985137 0.004212975 0.900179 0.1366879 0.90688 0.138968 0.643634 0.4107 0.700413 0.412202 0.675182 0.492477 0.675182 0.492477 0.548629 0.492479 0.643634 0.4107 0.970937 0.261915 0.932514 0.259824 0.937713 0.321786 0.937713 0.321786 0.932514 0.259824 0.900204 0.223605 0.968808 0.32268 1.004893 0.222038 0.970937 0.261915 0.970937 0.261915 0.937713 0.321786 0.968808 0.32268 0.800277 0.487898 0.703914 0.489304 0.714046 0.593158 0.806998 0.592085 0.800277 0.487898 0.714046 0.593158 0.703943 0.48922 0.800864 0.489047 0.714067 0.59427 0.714067 0.59427 0.800864 0.489047 0.806988 0.593958 0.806963 0.594626 0.982814 0.584415 0.942775 0.651039 0.942775 0.651039 0.854317 0.650623 0.806963 0.594626 0.979776 0.486899 0.982814 0.584415 0.806963 0.594626 0.979776 0.486899 0.806963 0.594626 0.800538 0.488765 0.517228 0.595173 0.607323 0.598734 0.613322 0.658889 0.519114 0.493593 0.607323 0.598734 0.517228 0.595173 0.703928 0.490814 0.607323 0.598734 0.519114 0.493593 0.90688 0.138968 0.900179 0.1366879 0.932514 0.259824 0.932514 0.259824 0.900179 0.1366879 0.900204 0.223605 0.900204 0.223605 0.900179 0.1366879 0.958879 0.141525 0.900204 0.223605 0.958879 0.141525 1.004893 0.222038 0.958879 0.141525 0.998072 0.139874 1.004893 0.222038 0.970937 0.261915 0.90688 0.138968 0.932514 0.259824 0.970937 0.261915 1.004893 0.222038 0.998072 0.139874 0.998072 0.139874 0.90688 0.138968 0.970937 0.261915 0.998033 0.140787 0.98696 0.003791987 0.958723 0.144586 0.906768 0.141022 0.985201 0.003031969 0.998033 0.140787 0.985201 0.003031969 0.98696 0.003791987 0.998033 0.140787 0.98696 0.003791987 0.903274 0.002424955 0.958723 0.144586 0.900047 0.1387349 0.958723 0.144586 0.903274 0.002424955 0.985201 0.003031969 0.900047 0.1387349 0.903274 0.002424955 0.985201 0.003031969 0.906768 0.141022 0.900047 0.1387349 0.971965 0.261899 0.937032 0.321438 0.932642 0.260461 0.937032 0.321438 0.899799 0.223199 0.932642 0.260461 0.969114 0.322403 0.937032 0.321438 0.971965 0.261899 0.970956 0.261921 1.004189 0.223836 0.969834 0.32176 0.906768 0.141022 0.932507 0.259827 0.900047 0.1387349 0.932507 0.259827 0.89878 0.222851 0.900047 0.1387349 0.89878 0.222851 0.958723 0.144586 0.900047 0.1387349 0.89878 0.222851 1.004189 0.223836 0.958723 0.144586 0.958723 0.144586 1.004189 0.223836 0.998033 0.140787 0.970956 0.261921 0.932507 0.259827 0.906768 0.141022 0.970956 0.261921 0.998033 0.140787 1.004189 0.223836 0.998033 0.140787 0.970956 0.261921 0.906768 0.141022 0.714045 0.591801 0.724865 0.666942 0.613322 0.658889 0.613322 0.658889 0.724865 0.666942 0.612439 0.710259 0.778453 0.660966 0.80651 0.59543 0.859311 0.651327 0.521638 0.411704 0.578543 0.410311 0.548629 0.492479 0.700087 0.412799 0.813993 0.411002 0.675062 0.491447 0.675062 0.491447 0.813993 0.411002 0.834771 0.491216 0.833286 0.490427 0.81493 0.410532 0.676337 0.491215 0.676337 0.491215 0.81493 0.410532 0.700087 0.412799 0.934498 0.399974 0.996529 0.409428 0.965393 0.491799 0.834996 0.491799 0.813962 0.409428 0.879617 0.4007 0.703928 0.490814 0.714045 0.591801 0.607323 0.598734 0.607323 0.598734 0.714045 0.591801 0.613322 0.658889 0.990328 0.653877 0.985679 0.700413 0.90567 0.693735 0.90567 0.693735 0.942426 0.650659 0.990328 0.653877 0.943806 0.651462 0.853265 0.651649 0.905879 0.694092 0.853101 0.651555 0.90567 0.693735 0.824152 0.698884 0.824152 0.698884 0.810531 0.654979 0.853101 0.651555 0.879617 0.4007 0.834996 0.491799 0.934498 0.399974 0.965393 0.491799 0.934498 0.399974 0.834996 0.491799 0.858756 0.1648949 0.885984 0.322565 0.885263 0.161723 0.887864 0.161564 0.888443 0.320554 0.861229 0.163107 0.829831 0.02116894 0.861229 0.163107 0.827849 0.147195 0.8838 0.001018941 0.861229 0.163107 0.829831 0.02116894 0.883044 0.001068949 0.825248 0.1473529 0.858756 0.1648949 0.825248 0.1473529 0.883044 0.001068949 0.82723 0.02132695 0.827849 0.147195 0.861229 0.163107 0.816095 0.181698 0.858756 0.1648949 0.825248 0.1473529 0.813494 0.181856 0.817968 0.321284 0.861229 0.163107 0.888443 0.320554 0.861229 0.163107 0.817968 0.321284 0.816095 0.181698 0.858756 0.1648949 0.815367 0.321442 0.885984 0.322565 0.813494 0.181856 0.815367 0.321442 0.858756 0.1648949 0.883916 0.001015961 0.887864 0.161564 0.8838 0.001018941 0.858756 0.1648949 0.885263 0.161723 0.883044 0.001068949 0.887864 0.161564 0.861229 0.163107 0.8838 0.001018941 0.8838 0.001018941 0.829831 0.02116894 0.79202 0.00110495 0.794921 0.001142978 0.789419 0.001263976 0.82723 0.02132695 0.82723 0.02132695 0.883044 0.001068949 0.794921 0.001142978 0.888585 0.322407 0.888443 0.320554 0.887864 0.161564 0.797522 9.85e-4 0.883916 0.001015961 0.8838 0.001018941 0.8838 0.001018941 0.79202 0.00110495 0.797522 9.85e-4 0.784721 0.501508 0.78294 0.462921 0.69429 0.525946 0.784721 0.501508 0.69429 0.525946 0.78169 0.53646 0.692418 0.530573 0.701501 0.472272 0.770814 0.467868 0.692418 0.530573 0.78416 0.54059 0.782314 0.557422 0.692418 0.530573 0.782314 0.557422 0.692849 0.558497 0.786525 0.523256 0.694626 0.515752 0.692483 0.579991 0.786525 0.523256 0.692483 0.579991 0.779228 0.581391 0.692849 0.558497 0.782314 0.557422 0.778228 0.584917 0.692849 0.558497 0.778228 0.584917 0.6906 0.583162 0.772543 0.50665 0.78416 0.54059 0.692418 0.530573 0.772543 0.50665 0.692418 0.530573 0.770814 0.467868 0.704521 0.58728 0.793265 0.591365 0.791375 0.552371 0.704521 0.58728 0.791375 0.552371 0.70463 0.550972 0.791455 0.553234 0.793265 0.591365 0.704521 0.58728 0.791455 0.553234 0.704521 0.58728 0.703827 0.551479 0.698009 0.51606 0.786525 0.523256 0.783862 0.476623 0.698009 0.51606 0.783862 0.476623 0.696539 0.47807 0.70241 0.991251 0.72853 0.991544 0.727039 0.996041 0.70241 0.991251 0.727039 0.996041 0.701284 0.997647 0.72853 0.991544 0.747942 0.992601 0.747622 0.997342 0.72853 0.991544 0.747622 0.997342 0.727039 0.996041 0.703254 0.471633 0.78294 0.462921 0.785463 0.462985 0.703254 0.471633 0.785463 0.462985 0.701501 0.472272 0.747942 0.992601 0.786894 0.99155 0.784729 0.998744 0.747942 0.992601 0.784729 0.998744 0.747622 0.997342 0.829337 0.992507 0.878445 0.992885 0.879386 0.996472 0.829337 0.992507 0.879386 0.996472 0.829777 0.997793 0.804108 0.99005 0.829337 0.992507 0.829777 0.997793 0.804108 0.99005 0.829777 0.997793 0.803288 0.997832 0.678447 0.992044 0.70241 0.991251 0.701284 0.997647 0.678447 0.992044 0.701284 0.997647 0.677148 0.998459 0.878445 0.992885 0.917405 0.989892 0.917886 0.993988 0.878445 0.992885 0.917886 0.993988 0.879386 0.996472 0.786894 0.99155 0.804108 0.99005 0.803288 0.997832 0.786894 0.99155 0.803288 0.997832 0.784729 0.998744 0.783211 0.464111 0.703213 0.471727 0.701461 0.470927 0.783211 0.464111 0.701461 0.470927 0.785815 0.462951 0.133116 0.06498098 0.139488 0.13313 0.122582 0.06416696 0.02730697 0.064956 0.019131 0.06417196 0.06838899 0.005407989 0.06838899 0.005407989 0.07442396 0.005414962 0.02730697 0.064956 0.141022 0.06489896 0.13854 0.128064 0.139488 0.13313 0.139488 0.13313 0.133116 0.06498098 0.141022 0.06489896 0.074099 0.00118798 0.07986998 0.005781948 0.07442396 0.005414962 0.019131 0.06417196 0.005938947 0.06375396 0.06838899 0.005407989 0.099339 0.064619 0.141022 0.06489896 0.07986998 0.005781948 0.07986998 0.005781948 0.07373398 0.006198942 0.099339 0.064619 0.099339 0.064619 0.07373398 0.006198942 0.07223999 0.06596797 0.005938947 0.06375396 0.04397499 0.06456398 0.07373398 0.006198942 0.07373398 0.006198942 0.06838899 0.005407989 0.005938947 0.06375396 0.04397499 0.06456398 0.07223999 0.06596797 0.07373398 0.006198942 0.072057 0.06467598 0.122582 0.06416696 0.139488 0.13313 0.072052 0.064695 0.139488 0.13313 0.070293 0.127284 0.02730697 0.064956 0.07442396 0.005414962 0.072057 0.06467598 0.06838899 0.005407989 0.07373398 0.006198942 0.074099 0.00118798 0.06838899 0.005407989 0.074099 0.00118798 0.07442396 0.005414962 0.074099 0.00118798 0.07373398 0.006198942 0.07986998 0.005781948 0.01317298 0.131314 0.02730697 0.064956 0.072052 0.064695 0.072052 0.064695 0.070293 0.127284 0.01317298 0.131314 0.019131 0.06417196 0.02730697 0.064956 0.01317298 0.131314 0.01028496 0.127391 0.005938947 0.06375396 0.019131 0.06417196 0.019131 0.06417196 0.01317298 0.131314 0.01028496 0.127391 0.005938947 0.06375396 0.01028496 0.127391 0.04397499 0.06456398 0.073704 0.133114 0.07223999 0.06596797 0.04397499 0.06456398 0.04397499 0.06456398 0.01028496 0.127391 0.073704 0.133114 0.13854 0.128064 0.099339 0.064619 0.07223999 0.06596797 0.07223999 0.06596797 0.073704 0.133114 0.13854 0.128064 0.13854 0.128064 0.141022 0.06489896 0.099339 0.064619 0.072057 0.06467598 0.07442396 0.005414962 0.122582 0.06416696 0.07986998 0.005781948 0.133116 0.06498098 0.122582 0.06416696 0.122582 0.06416696 0.07442396 0.005414962 0.07986998 0.005781948 0.141022 0.06489896 0.133116 0.06498098 0.07986998 0.005781948 7.55e-4 0.212854 1.75e-4 0.15431 0.072636 0.135517 0.152646 0.150974 0.07210397 0.217797 0.072636 0.135517 0.07210397 0.217797 0.152646 0.150974 0.107844 0.192102 0.1276839 0.228469 0.152646 0.150974 0.1534759 0.206194 0.152646 0.150974 0.1276839 0.228469 0.107844 0.192102 0.072636 0.135517 0.07210397 0.217797 7.55e-4 0.212854 8.03e-4 0.212886 0.072685 0.13555 2.24e-4 0.1543419 0.152695 0.151006 0.072685 0.13555 0.07215195 0.217829 0.07215195 0.217829 0.107892 0.192134 0.152695 0.151006 0.127732 0.228501 0.153524 0.206225 0.152695 0.151006 0.152695 0.151006 0.107892 0.192134 0.127732 0.228501 0.072685 0.13555 8.03e-4 0.212886 0.07215195 0.217829 7.55e-4 0.212854 0.07210397 0.217797 0.07215195 0.217829 7.55e-4 0.212854 0.07215195 0.217829 8.03e-4 0.212886 0.1534759 0.206194 0.152646 0.150974 0.152695 0.151006 0.1534759 0.206194 0.152695 0.151006 0.153524 0.206225 1.75e-4 0.15431 7.55e-4 0.212854 8.03e-4 0.212886 1.75e-4 0.15431 8.03e-4 0.212886 2.24e-4 0.1543419 0.07210397 0.217797 0.107844 0.192102 0.107892 0.192134 0.07210397 0.217797 0.107892 0.192134 0.07215195 0.217829 0.072636 0.135517 1.75e-4 0.15431 2.24e-4 0.1543419 0.072636 0.135517 2.24e-4 0.1543419 0.072685 0.13555 0.107844 0.192102 0.1276839 0.228469 0.127732 0.228501 0.107844 0.192102 0.127732 0.228501 0.107892 0.192134 0.152646 0.150974 0.072636 0.135517 0.072685 0.13555 0.152646 0.150974 0.072685 0.13555 0.152695 0.151006 0.1276839 0.228469 0.1534759 0.206194 0.153524 0.206225 0.1276839 0.228469 0.153524 0.206225 0.127732 0.228501 7.55e-4 0.212854 1.75e-4 0.154311 0.072636 0.135517 0.152646 0.150974 0.07210397 0.217797 0.072636 0.135517 0.07210397 0.217797 0.152646 0.150974 0.107844 0.192102 0.1276839 0.228469 0.152646 0.150974 0.1534759 0.206194 0.152646 0.150974 0.1276839 0.228469 0.107844 0.192102 0.072636 0.135517 0.07210397 0.217797 7.55e-4 0.212854 8.03e-4 0.212886 0.072685 0.13555 2.24e-4 0.1543419 0.152695 0.151006 0.072685 0.13555 0.07215195 0.217829 0.07215195 0.217829 0.107892 0.192134 0.152695 0.151006 0.127732 0.228501 0.153524 0.206225 0.152695 0.151006 0.152695 0.151006 0.107892 0.192134 0.127732 0.228501 0.072685 0.13555 8.03e-4 0.212886 0.07215195 0.217829 7.55e-4 0.212854 0.07210397 0.217797 0.07215195 0.217829 7.55e-4 0.212854 0.07215195 0.217829 8.03e-4 0.212886 0.1534759 0.206194 0.152646 0.150974 0.152695 0.151006 0.1534759 0.206194 0.152695 0.151006 0.153524 0.206225 1.75e-4 0.154311 7.55e-4 0.212854 8.03e-4 0.212886 1.75e-4 0.154311 8.03e-4 0.212886 2.24e-4 0.1543419 0.07210397 0.217797 0.107844 0.192102 0.107892 0.192134 0.07210397 0.217797 0.107892 0.192134 0.07215195 0.217829 0.072636 0.135517 1.75e-4 0.154311 2.24e-4 0.1543419 0.072636 0.135517 2.24e-4 0.1543419 0.072685 0.13555 0.107844 0.192102 0.1276839 0.228469 0.127732 0.228501 0.107844 0.192102 0.127732 0.228501 0.107892 0.192134 0.152646 0.150974 0.072636 0.135517 0.072685 0.13555 0.152646 0.150974 0.072685 0.13555 0.152695 0.151006 0.1276839 0.228469 0.1534759 0.206194 0.153524 0.206225 0.1276839 0.228469 0.153524 0.206225 0.127732 0.228501 0.578543 0.410311 0.521638 0.411704 0.517084 0.331228 0.578543 0.410311 0.517084 0.331228 0.577194 0.331847 0.996529 0.409428 0.934498 0.399974 0.933811 0.331947 0.996529 0.409428 0.933811 0.331947 0.997806 0.33187 0.700413 0.412202 0.643634 0.4107 0.643247 0.332111 0.700413 0.412202 0.643247 0.332111 0.705066 0.332272 0.879617 0.4007 0.934498 0.399974 0.933811 0.331947 0.879617 0.4007 0.933811 0.331947 0.878427 0.332654 0.700087 0.412799 0.81493 0.410532 0.803398 0.331152 0.700087 0.412799 0.803398 0.331152 0.706252 0.332278 0.879617 0.4007 0.813962 0.409428 0.802929 0.33017 0.879617 0.4007 0.802929 0.33017 0.878427 0.332654 0.813993 0.411002 0.700087 0.412799 0.705868 0.331952 0.813993 0.411002 0.705868 0.331952 0.803625 0.330756 0.577194 0.331847 0.643247 0.332111 0.643634 0.4107 0.609487 0.2417359 0.662922 0.252228 0.662922 0.252228 0.662922 0.252228 0.609487 0.2417359 0.609487 0.2417359 0.566042 0.209673 0.609487 0.2417359 0.609487 0.2417359 0.609487 0.2417359 0.566042 0.209673 0.566042 0.209673 0.541192 0.1623899 0.566042 0.209673 0.566042 0.209673 0.566042 0.209673 0.541192 0.1623899 0.541192 0.1623899 0.539859 0.109252 0.541192 0.1623899 0.541192 0.1623899 0.541192 0.1623899 0.539859 0.109252 0.539859 0.109252 0.562307 0.06078195 0.539859 0.109252 0.539859 0.109252 0.539859 0.109252 0.562307 0.06078195 0.562307 0.06078195 0.60409 0.02658098 0.562307 0.06078195 0.562307 0.06078195 0.562307 0.06078195 0.60409 0.02658098 0.60409 0.02658098 0.654479 0.008885979 0.60409 0.02658098 0.60409 0.02658098 0.60409 0.02658098 0.654479 0.008885979 0.654479 0.008885979 0.710368 0.02391499 0.654479 0.008885979 0.654479 0.008885979 0.654479 0.008885979 0.710368 0.02391499 0.710368 0.02391499 0.753812 0.055978 0.710368 0.02391499 0.710368 0.02391499 0.710368 0.02391499 0.753812 0.055978 0.753812 0.055978 0.778663 0.103261 0.753812 0.055978 0.753812 0.055978 0.753812 0.055978 0.778663 0.103261 0.778663 0.103261 0.779995 0.1564 0.778663 0.103261 0.778663 0.103261 0.778663 0.103261 0.779995 0.1564 0.779995 0.1564 0.757547 0.20487 0.779995 0.1564 0.779995 0.1564 0.779995 0.1564 0.757547 0.20487 0.757547 0.20487 0.715765 0.2390699 0.757547 0.20487 0.757547 0.20487 0.757547 0.20487 0.715765 0.2390699 0.715765 0.2390699 0.662922 0.252228 0.715765 0.2390699 0.715765 0.2390699 0.715765 0.2390699 0.662922 0.252228 0.662922 0.252228 0.661547 0.197392 0.632652 0.1917189 0.609487 0.2417359 0.609487 0.2417359 0.662922 0.252228 0.661547 0.197392 0.632652 0.1917189 0.609159 0.174381 0.566042 0.209673 0.566042 0.209673 0.609487 0.2417359 0.632652 0.1917189 0.609159 0.174381 0.595722 0.148813 0.541192 0.1623899 0.541192 0.1623899 0.566042 0.209673 0.609159 0.174381 0.595722 0.148813 0.595001 0.120078 0.539859 0.109252 0.539859 0.109252 0.541192 0.1623899 0.595722 0.148813 0.595001 0.120078 0.607139 0.09386795 0.562307 0.06078195 0.562307 0.06078195 0.539859 0.109252 0.595001 0.120078 0.607139 0.09386795 0.629733 0.075374 0.60409 0.02658098 0.60409 0.02658098 0.562307 0.06078195 0.607139 0.09386795 0.629733 0.075374 0.658308 0.06825995 0.654479 0.008885979 0.654479 0.008885979 0.60409 0.02658098 0.629733 0.075374 0.658308 0.06825995 0.687203 0.073933 0.710368 0.02391499 0.710368 0.02391499 0.654479 0.008885979 0.658308 0.06825995 0.687203 0.073933 0.710695 0.09127098 0.753812 0.055978 0.753812 0.055978 0.710368 0.02391499 0.687203 0.073933 0.710695 0.09127098 0.724133 0.116839 0.778663 0.103261 0.778663 0.103261 0.753812 0.055978 0.710695 0.09127098 0.724133 0.116839 0.724854 0.145574 0.779995 0.1564 0.779995 0.1564 0.778663 0.103261 0.724133 0.116839 0.724854 0.145574 0.712715 0.171783 0.757547 0.20487 0.757547 0.20487 0.779995 0.1564 0.724854 0.145574 0.712715 0.171783 0.690121 0.190277 0.715765 0.2390699 0.715765 0.2390699 0.757547 0.20487 0.712715 0.171783 0.690121 0.190277 0.661547 0.197392 0.662922 0.252228 0.662922 0.252228 0.715765 0.2390699 0.690121 0.190277 0.777391 0.291508 0.784363 0.260962 0.713962 0.260962 0.757857 0.316004 0.777391 0.291508 0.713962 0.260962 0.729628 0.329598 0.757857 0.316004 0.713962 0.260962 0.698296 0.329598 0.729628 0.329598 0.713962 0.260962 0.670068 0.316004 0.698296 0.329598 0.713962 0.260962 0.650533 0.291508 0.670068 0.316004 0.713962 0.260962 0.643561 0.260962 0.650533 0.291508 0.713962 0.260962 0.776557 0.291731 0.783456 0.261169 0.713055 0.261338 0.757081 0.316274 0.776557 0.291731 0.713055 0.261338 0.728886 0.329936 0.757081 0.316274 0.713055 0.261338 0.697554 0.330011 0.728886 0.329936 0.713055 0.261338 0.669293 0.316485 0.697554 0.330011 0.713055 0.261338 0.649699 0.292036 0.669293 0.316485 0.713055 0.261338 0.642654 0.261507 0.649699 0.292036 0.713055 0.261338 0.614588 0.230722 0.66262 0.240152 0.662922 0.252228 0.662922 0.252228 0.609487 0.2417359 0.614588 0.230722 0.575537 0.201902 0.614588 0.230722 0.609487 0.2417359 0.609487 0.2417359 0.566042 0.209673 0.575537 0.201902 0.5532 0.1594 0.575537 0.201902 0.566042 0.209673 0.566042 0.209673 0.541192 0.1623899 0.5532 0.1594 0.552002 0.111636 0.5532 0.1594 0.541192 0.1623899 0.541192 0.1623899 0.539859 0.109252 0.552002 0.111636 0.57218 0.06806796 0.552002 0.111636 0.539859 0.109252 0.539859 0.109252 0.562307 0.06078195 0.57218 0.06806796 0.609737 0.03732597 0.57218 0.06806796 0.562307 0.06078195 0.562307 0.06078195 0.60409 0.02658098 0.609737 0.03732597 0.657235 0.02549898 0.609737 0.03732597 0.60409 0.02658098 0.60409 0.02658098 0.654479 0.008885979 0.657235 0.02549898 0.705266 0.03492999 0.657235 0.02549898 0.654479 0.008885979 0.654479 0.008885979 0.710368 0.02391499 0.705266 0.03492999 0.744318 0.06374996 0.705266 0.03492999 0.710368 0.02391499 0.710368 0.02391499 0.753812 0.055978 0.744318 0.06374996 0.766654 0.106251 0.744318 0.06374996 0.753812 0.055978 0.753812 0.055978 0.778663 0.103261 0.766654 0.106251 0.767853 0.154016 0.766654 0.106251 0.778663 0.103261 0.778663 0.103261 0.779995 0.1564 0.767853 0.154016 0.747675 0.197584 0.767853 0.154016 0.779995 0.1564 0.779995 0.1564 0.757547 0.20487 0.747675 0.197584 0.710117 0.228325 0.747675 0.197584 0.757547 0.20487 0.757547 0.20487 0.715765 0.2390699 0.710117 0.228325 0.66262 0.240152 0.710117 0.228325 0.715765 0.2390699 0.715765 0.2390699 0.662922 0.252228 0.66262 0.240152 0.632652 0.1917189 0.661547 0.197392 0.66262 0.240152 0.66262 0.240152 0.614588 0.230722 0.632652 0.1917189 0.609159 0.174381 0.632652 0.1917189 0.614588 0.230722 0.614588 0.230722 0.575537 0.201902 0.609159 0.174381 0.595722 0.148813 0.609159 0.174381 0.575537 0.201902 0.575537 0.201902 0.5532 0.1594 0.595722 0.148813 0.595001 0.120078 0.595722 0.148813 0.5532 0.1594 0.5532 0.1594 0.552002 0.111636 0.595001 0.120078 0.607139 0.09386795 0.595001 0.120078 0.552002 0.111636 0.552002 0.111636 0.57218 0.06806796 0.607139 0.09386795 0.629733 0.075374 0.607139 0.09386795 0.57218 0.06806796 0.57218 0.06806796 0.609737 0.03732597 0.629733 0.075374 0.658308 0.06825995 0.629733 0.075374 0.609737 0.03732597 0.609737 0.03732597 0.657235 0.02549898 0.658308 0.06825995 0.687203 0.073933 0.658308 0.06825995 0.657235 0.02549898 0.657235 0.02549898 0.705266 0.03492999 0.687203 0.073933 0.710695 0.09127098 0.687203 0.073933 0.705266 0.03492999 0.705266 0.03492999 0.744318 0.06374996 0.710695 0.09127098 0.724133 0.116839 0.710695 0.09127098 0.744318 0.06374996 0.744318 0.06374996 0.766654 0.106251 0.724133 0.116839 0.724854 0.145574 0.724133 0.116839 0.766654 0.106251 0.766654 0.106251 0.767853 0.154016 0.724854 0.145574 0.712715 0.171783 0.724854 0.145574 0.767853 0.154016 0.767853 0.154016 0.747675 0.197584 0.712715 0.171783 0.690121 0.190277 0.712715 0.171783 0.747675 0.197584 0.747675 0.197584 0.710117 0.228325 0.690121 0.190277 0.661547 0.197392 0.690121 0.190277 0.710117 0.228325 0.710117 0.228325 0.66262 0.240152 0.661547 0.197392 0.661547 0.197392 0.632652 0.1917189 0.659927 0.132826 0.632652 0.1917189 0.609159 0.174381 0.659927 0.132826 0.609159 0.174381 0.595722 0.148813 0.659927 0.132826 0.595722 0.148813 0.595001 0.120078 0.659927 0.132826 0.595001 0.120078 0.607139 0.09386795 0.659927 0.132826 0.607139 0.09386795 0.629733 0.075374 0.659927 0.132826 0.629733 0.075374 0.658308 0.06825995 0.659927 0.132826 0.658308 0.06825995 0.687203 0.073933 0.659927 0.132826 0.687203 0.073933 0.710695 0.09127098 0.659927 0.132826 0.710695 0.09127098 0.724133 0.116839 0.659927 0.132826 0.724133 0.116839 0.724854 0.145574 0.659927 0.132826 0.724854 0.145574 0.712715 0.171783 0.659927 0.132826 0.712715 0.171783 0.690121 0.190277 0.659927 0.132826 0.690121 0.190277 0.661547 0.197392 0.659927 0.132826 0.643634 0.4107 0.548629 0.492479 0.578543 0.410311 0.643634 0.4107 0.578543 0.410311 0.577194 0.331847</float_array>
          <technique_common>
            <accessor source="#jead-mesh-map-0-array" count="1572" stride="2">
              <param name="S" type="float"/>
              <param name="T" type="float"/>
            </accessor>
          </technique_common>
        </source>
        <vertices id="jead-mesh-vertices">
          <input semantic="POSITION" source="#jead-mesh-positions"/>
        </vertices>
        <triangles material="natarin-material" count="524">
          <input semantic="VERTEX" source="#jead-mesh-vertices" offset="0"/>
          <input semantic="NORMAL" source="#jead-mesh-normals" offset="1"/>
          <input semantic="TEXCOORD" source="#jead-mesh-map-0" offset="2" set="0"/>
          <p>11 0 0 12 0 1 10 0 2 3 1 3 11 1 4 10 1 5 20 2 6 3 2 7 10 2 8 2 3 9 20 3 10 10 3 11 13 4 12 1 4 13 19 4 14 0 5 15 13 5 16 19 5 17 0 6 18 8 6 19 13 6 20 9 7 21 10 7 22 12 7 23 12 8 24 14 8 25 9 8 26 13 9 27 8 9 28 9 9 29 9 10 30 14 10 31 13 10 32 15 11 33 0 11 34 16 11 35 16 12 36 26 12 37 15 12 38 16 13 39 5 13 40 17 13 41 17 14 42 26 14 43 16 14 44 27 15 45 6 15 46 23 15 47 18 16 48 5 16 49 16 16 50 16 17 51 0 17 52 19 17 53 19 18 54 1 18 55 18 18 56 20 19 57 21 19 58 22 19 59 20 20 60 2 20 61 21 20 62 21 21 63 7 21 64 22 21 65 22 22 66 3 22 67 20 22 68 23 23 69 7 23 70 21 23 71 21 24 72 27 24 73 23 24 74 21 25 75 2 25 76 24 25 77 24 26 78 27 26 79 21 26 80 7 27 81 29 27 82 31 27 83 7 28 84 31 28 85 5 28 86 28 29 87 31 29 88 29 29 89 25 30 90 4 30 91 17 30 92 25 31 93 17 31 94 31 31 95 23 32 96 29 32 97 7 32 98 17 33 99 5 33 100 31 33 101 23 34 102 6 34 103 25 34 104 25 35 105 30 35 106 29 35 107 23 36 108 25 36 109 29 36 110 30 37 111 28 37 112 29 37 113 31 38 114 28 38 115 30 38 116 19 39 117 18 39 118 16 39 119 17 40 120 4 40 121 26 40 122 26 41 123 4 41 124 15 41 125 27 42 126 24 42 127 6 42 128 31 43 129 30 43 130 25 43 131 35 44 132 34 44 133 32 44 134 35 45 135 32 45 136 42 45 137 52 46 138 55 46 139 56 46 140 52 47 141 53 47 142 59 47 143 52 48 144 59 48 145 51 48 146 45 49 147 49 49 148 57 49 149 45 50 150 57 50 151 44 50 152 51 51 153 59 51 154 47 51 155 51 52 156 47 52 157 48 52 158 54 53 159 53 53 160 52 53 161 54 54 162 52 54 163 56 54 164 60 55 165 46 55 166 44 55 167 60 56 168 44 56 169 57 56 170 47 57 171 46 57 172 60 57 173 47 58 174 60 58 175 48 58 176 49 59 177 45 59 178 58 59 179 49 60 180 58 60 181 50 60 182 35 61 183 42 61 184 53 61 185 35 62 186 53 62 187 54 62 188 42 63 189 36 63 190 59 63 191 42 64 192 59 64 193 53 64 194 33 65 195 34 65 196 56 65 197 33 66 198 56 66 199 55 66 200 36 67 201 41 67 202 47 67 203 36 68 204 47 68 205 59 68 206 38 69 207 39 69 208 45 69 209 38 70 210 45 70 211 44 70 212 37 71 213 38 71 214 44 71 215 37 72 216 44 72 217 46 72 218 34 73 219 35 73 220 54 73 221 34 74 222 54 74 223 56 74 224 39 75 225 40 75 226 58 75 227 39 76 228 58 76 229 45 76 230 41 77 231 37 77 232 46 77 233 41 78 234 46 78 235 47 78 236 40 79 237 43 79 238 50 79 239 40 80 240 50 80 241 58 80 242 64 81 243 61 81 244 103 81 245 64 82 246 102 82 247 61 82 248 65 83 249 104 83 250 142 83 251 61 84 252 142 84 253 104 84 254 142 85 255 102 85 256 65 85 257 103 86 258 65 86 259 64 86 260 103 87 261 104 87 262 65 87 263 102 88 264 142 88 265 61 88 266 61 89 267 104 89 268 103 89 269 67 90 270 63 90 271 62 90 272 67 91 273 62 91 274 66 91 275 68 92 276 143 92 277 105 92 278 62 93 279 105 93 280 143 93 281 143 94 282 68 94 283 66 94 284 63 95 285 67 95 286 68 95 287 63 96 288 68 96 289 105 96 290 66 97 291 62 97 292 143 97 293 62 98 294 63 98 295 105 98 296 153 99 297 69 99 298 106 99 299 106 100 300 70 100 301 153 100 302 71 101 303 106 101 304 69 101 305 69 102 306 107 102 307 71 102 308 70 103 309 71 103 310 107 103 311 107 104 312 153 104 313 70 104 314 70 105 315 106 105 316 108 105 317 108 106 318 109 106 319 70 106 320 144 107 321 108 107 322 106 107 323 106 108 324 71 108 325 144 108 326 109 109 327 144 109 328 71 109 329 71 110 330 70 110 331 109 110 332 146 111 333 145 111 334 109 111 335 109 112 336 108 112 337 146 112 338 72 113 339 146 113 340 108 113 341 108 114 342 144 114 343 72 114 344 145 115 345 72 115 346 144 115 347 144 116 348 109 116 349 145 116 350 111 117 351 73 117 352 110 117 353 145 118 354 146 118 355 72 118 356 110 119 357 73 119 358 69 119 359 69 120 360 153 120 361 110 120 362 111 121 363 110 121 364 153 121 365 153 122 366 107 122 367 111 122 368 107 123 369 69 123 370 73 123 371 73 124 372 111 124 373 107 124 374 74 125 375 112 125 376 117 125 377 112 126 378 75 126 379 147 126 380 114 127 381 113 127 382 75 127 383 155 128 384 114 128 385 75 128 386 154 129 387 74 129 388 113 129 389 113 130 390 114 130 391 154 130 392 113 131 393 115 131 394 75 131 395 74 132 396 115 132 397 113 132 398 116 133 399 147 133 400 75 133 401 75 134 402 115 134 403 116 134 404 74 135 405 117 135 406 116 135 407 115 136 408 74 136 409 116 136 410 154 137 411 155 137 412 112 137 413 74 138 414 154 138 415 112 138 416 112 139 417 155 139 418 75 139 419 155 140 420 76 140 421 114 140 422 148 141 423 114 141 424 76 141 425 114 142 426 148 142 427 154 142 428 117 143 429 112 143 430 147 143 431 148 144 432 76 144 433 155 144 434 155 145 435 154 145 436 148 145 437 132 146 438 135 146 439 122 146 440 77 147 441 78 147 442 133 147 443 78 148 444 134 148 445 133 148 446 118 149 447 121 149 448 79 149 449 123 150 450 118 150 451 80 150 452 80 151 453 118 151 454 79 151 455 79 152 456 121 152 457 119 152 458 120 153 459 119 153 460 121 153 461 80 154 462 119 154 463 120 154 464 80 155 465 120 155 466 123 155 467 89 156 468 138 156 469 130 156 470 130 157 471 81 157 472 89 157 473 158 158 474 156 158 475 133 158 476 133 159 477 156 159 478 77 159 479 132 160 480 122 160 481 158 160 482 158 161 483 133 161 484 132 161 485 92 162 486 81 162 487 77 162 488 122 163 489 92 163 490 77 163 491 130 164 492 93 164 493 149 164 494 149 165 495 93 165 496 129 165 497 129 166 498 122 166 499 135 166 500 135 167 501 85 167 502 129 167 503 92 168 504 122 168 505 129 168 506 92 169 507 129 169 508 93 169 509 77 170 510 84 170 511 78 170 512 81 171 513 84 171 514 77 171 515 130 172 516 84 172 517 81 172 518 123 173 519 120 173 520 156 173 521 156 174 522 120 174 523 77 174 524 77 175 525 120 175 526 121 175 527 77 176 528 121 176 529 122 176 530 121 177 531 118 177 532 122 177 533 158 178 534 123 178 535 156 178 536 158 179 537 122 179 538 118 179 539 118 180 540 123 180 541 158 180 542 124 181 543 125 181 544 128 181 545 126 182 546 157 182 547 124 182 548 157 183 549 125 183 550 124 183 551 125 184 552 82 184 553 128 184 554 127 185 555 128 185 556 82 185 557 157 186 558 127 186 559 82 186 560 157 187 561 126 187 562 127 187 563 150 188 564 136 188 565 83 188 566 136 189 567 149 189 568 83 189 569 137 190 570 136 190 571 150 190 572 150 191 573 129 191 574 137 191 575 126 192 576 83 192 577 127 192 578 83 193 579 149 193 580 127 193 581 149 194 582 128 194 583 127 194 584 149 195 585 129 195 586 128 195 587 128 196 588 129 196 589 124 196 590 150 197 591 83 197 592 126 197 593 150 198 594 124 198 595 129 198 596 124 199 597 150 199 598 126 199 599 149 200 600 136 200 601 78 200 602 78 201 603 136 201 604 134 201 605 137 202 606 129 202 607 85 202 608 131 203 609 88 203 610 81 203 611 138 204 612 91 204 613 130 204 614 130 205 615 91 205 616 93 205 617 92 206 618 90 206 619 81 206 620 81 207 621 90 207 622 131 207 623 87 208 624 90 208 625 92 208 626 93 209 627 91 209 628 86 209 629 130 210 630 149 210 631 84 210 632 84 211 633 149 211 634 78 211 635 132 212 636 133 212 637 134 212 638 134 213 639 135 213 640 132 213 641 85 214 642 135 214 643 134 214 644 85 215 645 134 215 646 136 215 647 136 216 648 137 216 649 85 216 650 86 217 651 93 217 652 87 217 653 92 218 654 87 218 655 93 218 656 151 219 657 95 219 658 94 219 659 94 220 660 97 220 661 96 220 662 98 221 663 96 221 664 99 221 665 100 222 666 96 222 667 98 222 668 141 223 669 99 223 670 151 223 671 99 224 672 141 224 673 98 224 674 99 225 675 96 225 676 139 225 677 151 226 678 99 226 679 139 226 680 140 227 681 96 227 682 97 227 683 96 228 684 140 228 685 139 228 686 151 229 687 140 229 688 95 229 689 139 230 690 140 230 691 151 230 692 141 231 693 94 231 694 100 231 695 151 232 696 94 232 697 141 232 698 94 233 699 96 233 700 100 233 701 100 234 702 98 234 703 101 234 704 152 235 705 101 235 706 98 235 707 98 236 708 141 236 709 152 236 710 95 237 711 97 237 712 94 237 713 152 238 714 141 238 715 100 238 716 100 239 717 101 239 718 152 239 719 162 240 720 161 240 721 159 240 722 162 241 723 159 241 724 169 241 725 179 242 726 182 242 727 183 242 728 179 243 729 180 243 730 186 243 731 179 244 732 186 244 733 178 244 734 172 245 735 176 245 736 184 245 737 172 246 738 184 246 739 171 246 740 178 247 741 186 247 742 174 247 743 178 248 744 174 248 745 175 248 746 181 249 747 180 249 748 179 249 749 181 250 750 179 250 751 183 250 752 187 251 753 173 251 754 171 251 755 187 252 756 171 252 757 184 252 758 174 253 759 173 253 760 187 253 761 174 254 762 187 254 763 175 254 764 176 255 765 172 255 766 185 255 767 176 256 768 185 256 769 177 256 770 162 257 771 169 257 772 180 257 773 162 258 774 180 258 775 181 258 776 169 259 777 163 259 778 186 259 779 169 260 780 186 260 781 180 260 782 160 261 783 161 261 784 183 261 785 160 262 786 183 262 787 182 262 788 163 263 789 168 263 790 174 263 791 163 264 792 174 264 793 186 264 794 165 265 795 166 265 796 172 265 797 165 266 798 172 266 799 171 266 800 164 267 801 165 267 802 171 267 803 164 268 804 171 268 805 173 268 806 161 269 807 162 269 808 181 269 809 161 270 810 181 270 811 183 270 812 166 271 813 167 271 814 185 271 815 166 272 816 185 272 817 172 272 818 168 273 819 164 273 820 173 273 821 168 274 822 173 274 823 174 274 824 167 275 825 170 275 826 177 275 827 167 276 828 177 276 829 185 276 830 208 277 831 191 277 832 188 277 833 189 278 834 202 278 835 193 278 836 193 279 837 192 279 838 189 279 839 207 280 840 195 280 841 191 280 842 191 281 843 208 281 844 207 281 845 200 282 846 190 282 847 192 282 848 202 283 849 203 283 850 193 283 851 206 284 852 207 284 853 190 284 854 190 285 855 196 285 856 206 285 857 206 286 858 196 286 859 205 286 860 203 287 861 204 287 862 196 287 863 196 288 864 193 288 865 203 288 866 204 289 867 205 289 868 196 289 869 201 290 870 188 290 871 191 290 872 201 291 873 191 291 874 199 291 875 189 292 876 192 292 877 201 292 878 193 293 879 196 293 880 200 293 881 193 294 882 200 294 883 192 294 884 200 295 885 196 295 886 190 295 887 194 296 888 189 296 889 201 296 890 201 297 891 199 297 892 194 297 893 202 298 894 189 298 895 194 298 896 197 299 897 203 299 898 202 299 899 202 300 900 194 300 901 197 300 902 203 301 903 197 301 904 204 301 905 198 302 906 205 302 907 204 302 908 204 303 909 197 303 910 198 303 911 195 304 912 206 304 913 205 304 914 205 305 915 198 305 916 195 305 917 195 306 918 207 306 919 206 306 920 201 307 921 192 307 922 188 307 923 190 308 924 208 308 925 188 308 926 188 309 927 192 309 928 190 309 929 207 310 930 208 310 931 190 310 932 209 311 933 216 311 934 210 311 935 211 312 936 215 312 937 210 312 938 215 313 939 211 313 940 212 313 941 214 314 942 211 314 943 213 314 944 211 315 945 214 315 946 212 315 947 210 316 948 215 316 949 209 316 950 217 317 951 219 317 952 218 317 953 220 318 954 219 318 955 221 318 956 221 319 957 222 319 958 220 319 959 223 320 960 224 320 961 220 320 962 220 321 963 222 321 964 223 321 965 219 322 966 217 322 967 221 322 968 209 323 969 215 323 970 221 323 971 209 324 972 221 324 973 217 324 974 213 325 975 211 325 976 220 325 977 213 326 978 220 326 979 224 326 980 216 327 981 209 327 982 217 327 983 216 328 984 217 328 985 218 328 986 215 329 987 212 329 988 222 329 989 215 330 990 222 330 991 221 330 992 210 331 993 216 331 994 218 331 995 210 332 996 218 332 997 219 332 998 212 333 999 214 333 1000 223 333 1001 212 334 1002 223 334 1003 222 334 1004 211 335 1005 210 335 1006 219 335 1007 211 336 1008 219 336 1009 220 336 1010 214 337 1011 213 337 1012 224 337 1013 214 338 1014 224 338 1015 223 338 1016 225 339 1017 232 339 1018 226 339 1019 227 340 1020 231 340 1021 226 340 1022 231 341 1023 227 341 1024 228 341 1025 230 342 1026 227 342 1027 229 342 1028 227 343 1029 230 343 1030 228 343 1031 226 344 1032 231 344 1033 225 344 1034 233 345 1035 235 345 1036 234 345 1037 236 346 1038 235 346 1039 237 346 1040 237 347 1041 238 347 1042 236 347 1043 239 348 1044 240 348 1045 236 348 1046 236 349 1047 238 349 1048 239 349 1049 235 350 1050 233 350 1051 237 350 1052 225 351 1053 231 351 1054 237 351 1055 225 352 1056 237 352 1057 233 352 1058 229 353 1059 227 353 1060 236 353 1061 229 354 1062 236 354 1063 240 354 1064 232 355 1065 225 355 1066 233 355 1067 232 356 1068 233 356 1069 234 356 1070 231 357 1071 228 357 1072 238 357 1073 231 358 1074 238 358 1075 237 358 1076 226 359 1077 232 359 1078 234 359 1079 226 360 1080 234 360 1081 235 360 1082 228 361 1083 230 361 1084 239 361 1085 228 362 1086 239 362 1087 238 362 1088 227 363 1089 226 363 1090 235 363 1091 227 364 1092 235 364 1093 236 364 1094 230 365 1095 229 365 1096 240 365 1097 230 366 1098 240 366 1099 239 366 1100 88 367 1101 131 367 1102 247 367 1103 88 368 1104 247 368 1105 243 368 1106 90 369 1107 87 369 1108 242 369 1109 90 370 1110 242 370 1111 245 370 1112 138 371 1113 89 371 1114 244 371 1115 138 372 1116 244 372 1117 248 372 1118 86 373 1119 87 373 1120 242 373 1121 86 374 1122 242 374 1123 241 374 1124 131 375 1125 90 375 1126 245 375 1127 131 376 1128 245 376 1129 247 376 1130 86 377 1131 91 377 1132 246 377 1133 86 378 1134 246 378 1135 241 378 1136 91 379 1137 138 379 1138 248 379 1139 91 380 1140 248 380 1141 246 380 1142 243 381 1143 244 381 1144 89 381 1145 264 382 1146 263 382 1147 249 382 1148 249 383 1149 250 383 1150 264 383 1151 265 384 1152 264 384 1153 250 384 1154 250 385 1155 251 385 1156 265 385 1157 266 386 1158 265 386 1159 251 386 1160 251 387 1161 252 387 1162 266 387 1163 267 388 1164 266 388 1165 252 388 1166 252 389 1167 253 389 1168 267 389 1169 268 390 1170 267 390 1171 253 390 1172 253 391 1173 254 391 1174 268 391 1175 269 392 1176 268 392 1177 254 392 1178 254 393 1179 255 393 1180 269 393 1181 270 394 1182 269 394 1183 255 394 1184 255 395 1185 256 395 1186 270 395 1187 271 396 1188 270 396 1189 256 396 1190 256 397 1191 257 397 1192 271 397 1193 272 398 1194 271 398 1195 257 398 1196 257 399 1197 258 399 1198 272 399 1199 273 400 1200 272 400 1201 258 400 1202 258 401 1203 259 401 1204 273 401 1205 274 402 1206 273 402 1207 259 402 1208 259 403 1209 260 403 1210 274 403 1211 275 404 1212 274 404 1213 260 404 1214 260 405 1215 261 405 1216 275 405 1217 276 406 1218 275 406 1219 261 406 1220 261 407 1221 262 407 1222 276 407 1223 263 408 1224 276 408 1225 262 408 1226 262 409 1227 249 409 1228 263 409 1229 277 410 1230 278 410 1231 250 410 1232 250 411 1233 249 411 1234 277 411 1235 278 412 1236 279 412 1237 251 412 1238 251 413 1239 250 413 1240 278 413 1241 279 414 1242 280 414 1243 252 414 1244 252 415 1245 251 415 1246 279 415 1247 280 416 1248 281 416 1249 253 416 1250 253 417 1251 252 417 1252 280 417 1253 281 418 1254 282 418 1255 254 418 1256 254 419 1257 253 419 1258 281 419 1259 282 420 1260 283 420 1261 255 420 1262 255 421 1263 254 421 1264 282 421 1265 283 422 1266 284 422 1267 256 422 1268 256 423 1269 255 423 1270 283 423 1271 284 424 1272 285 424 1273 257 424 1274 257 425 1275 256 425 1276 284 425 1277 285 426 1278 286 426 1279 258 426 1280 258 427 1281 257 427 1282 285 427 1283 286 428 1284 287 428 1285 259 428 1286 259 429 1287 258 429 1288 286 429 1289 287 430 1290 288 430 1291 260 430 1292 260 431 1293 259 431 1294 287 431 1295 288 432 1296 289 432 1297 261 432 1298 261 433 1299 260 433 1300 288 433 1301 289 434 1302 290 434 1303 262 434 1304 262 435 1305 261 435 1306 289 435 1307 290 436 1308 277 436 1309 249 436 1310 249 437 1311 262 437 1312 290 437 1313 278 438 1314 277 438 1315 291 438 1316 279 439 1317 278 439 1318 291 439 1319 280 440 1320 279 440 1321 291 440 1322 281 441 1323 280 441 1324 291 441 1325 282 442 1326 281 442 1327 291 442 1328 283 443 1329 282 443 1330 291 443 1331 284 444 1332 283 444 1333 291 444 1334 285 445 1335 284 445 1336 291 445 1337 286 446 1338 285 446 1339 291 446 1340 287 447 1341 286 447 1342 291 447 1343 288 448 1344 287 448 1345 291 448 1346 289 449 1347 288 449 1348 291 449 1349 290 450 1350 289 450 1351 291 450 1352 277 451 1353 290 451 1354 291 451 1355 293 452 1356 292 452 1357 263 452 1358 263 453 1359 264 453 1360 293 453 1361 294 454 1362 293 454 1363 264 454 1364 264 455 1365 265 455 1366 294 455 1367 295 456 1368 294 456 1369 265 456 1370 265 457 1371 266 457 1372 295 457 1373 296 458 1374 295 458 1375 266 458 1376 266 459 1377 267 459 1378 296 459 1379 297 460 1380 296 460 1381 267 460 1382 267 461 1383 268 461 1384 297 461 1385 298 462 1386 297 462 1387 268 462 1388 268 463 1389 269 463 1390 298 463 1391 299 464 1392 298 464 1393 269 464 1394 269 465 1395 270 465 1396 299 465 1397 300 466 1398 299 466 1399 270 466 1400 270 467 1401 271 467 1402 300 467 1403 301 468 1404 300 468 1405 271 468 1406 271 469 1407 272 469 1408 301 469 1409 302 470 1410 301 470 1411 272 470 1412 272 471 1413 273 471 1414 302 471 1415 303 472 1416 302 472 1417 273 472 1418 273 473 1419 274 473 1420 303 473 1421 304 474 1422 303 474 1423 274 474 1424 274 475 1425 275 475 1426 304 475 1427 305 476 1428 304 476 1429 275 476 1430 275 477 1431 276 477 1432 305 477 1433 292 478 1434 305 478 1435 276 478 1436 276 479 1437 263 479 1438 292 479 1439 307 480 1440 306 480 1441 292 480 1442 292 481 1443 293 481 1444 307 481 1445 308 482 1446 307 482 1447 293 482 1448 293 483 1449 294 483 1450 308 483 1451 309 484 1452 308 484 1453 294 484 1454 294 485 1455 295 485 1456 309 485 1457 310 486 1458 309 486 1459 295 486 1460 295 487 1461 296 487 1462 310 487 1463 311 488 1464 310 488 1465 296 488 1466 296 489 1467 297 489 1468 311 489 1469 312 490 1470 311 490 1471 297 490 1472 297 491 1473 298 491 1474 312 491 1475 313 492 1476 312 492 1477 298 492 1478 298 493 1479 299 493 1480 313 493 1481 314 494 1482 313 494 1483 299 494 1484 299 495 1485 300 495 1486 314 495 1487 315 496 1488 314 496 1489 300 496 1490 300 497 1491 301 497 1492 315 497 1493 316 498 1494 315 498 1495 301 498 1496 301 499 1497 302 499 1498 316 499 1499 317 500 1500 316 500 1501 302 500 1502 302 501 1503 303 501 1504 317 501 1505 318 502 1506 317 502 1507 303 502 1508 303 503 1509 304 503 1510 318 503 1511 319 504 1512 318 504 1513 304 504 1514 304 505 1515 305 505 1516 319 505 1517 306 506 1518 319 506 1519 305 506 1520 305 507 1521 292 507 1522 306 507 1523 306 508 1524 307 508 1525 320 508 1526 307 509 1527 308 509 1528 320 509 1529 308 510 1530 309 510 1531 320 510 1532 309 511 1533 310 511 1534 320 511 1535 310 512 1536 311 512 1537 320 512 1538 311 513 1539 312 513 1540 320 513 1541 312 514 1542 313 514 1543 320 514 1544 313 515 1545 314 515 1546 320 515 1547 314 516 1548 315 516 1549 320 516 1550 315 517 1551 316 517 1552 320 517 1553 316 518 1554 317 518 1555 320 518 1556 317 519 1557 318 519 1558 320 519 1559 318 520 1560 319 520 1561 320 520 1562 319 521 1563 306 521 1564 320 521 1565 89 522 1566 81 522 1567 88 522 1568 89 523 1569 88 523 1570 243 523 1571</p>
        </triangles>
      </mesh>
    </geometry>
  </library_geometries>
  <library_controllers>
    <controller id="Dorkim_b_hurim_Skin_jead-skin" name="Dorkim b'hurim_Skin">
      <skin source="#jead-mesh">
        <bind_shape_matrix>1 0 0 0 0 1 0 0 0 0 1 0 0 0 0 1</bind_shape_matrix>
        <source id="Dorkim_b_hurim_Skin_jead-skin-joints">
          <Name_array id="Dorkim_b_hurim_Skin_jead-skin-joints-array" count="34">root pelvis femurleft butt-l knee-l-top knee-l-bopttom ankle_left foot_left01 femurright butt-r knee-r-top knee-r-bopttom ankleright foot_right01 lumbar rib scapula ulna carpal ammo_node_1 scapula01 ulna01 carpal_right smoke_node_1 ammo_node_0 neck skull cloaktop cloak cloakbottom nogginbottom plumes skulltop smoke_node_0</Name_array>
          <technique_common>
            <accessor source="#Dorkim_b_hurim_Skin_jead-skin-joints-array" count="34" stride="1">
              <param name="JOINT" type="name"/>
            </accessor>
          </technique_common>
        </source>
        <source id="Dorkim_b_hurim_Skin_jead-skin-bind_poses">
          <float_array id="Dorkim_b_hurim_Skin_jead-skin-bind_poses-array" count="544">1 0 0 0 0 -1.19209e-7 1 -2.154822 0 -1 -1.34359e-7 1.88312e-7 0 0 0 1 1 0 0 -2.88205e-4 0 0 1 -1.989969 0 -1 0 0.05965083 0 0 0 1 1 0 0 -0.2295659 0 0 1 -1.980151 0 -1 0 0 0 0 0 1 1 0 0 -0.2300334 0 -5.28991e-7 1 -1.881625 0 -1 -5.43892e-7 0.2278663 0 0 0 1 1 0 0 -0.2579528 0 0 1 -1.492427 0 -1 0 -0.3577119 0 0 0 1 1 0 0 -0.2616621 0 -2.30968e-7 1 -1.243225 0 -1 -2.45869e-7 0.03760051 0 0 0 1 1 -8.01552e-7 3.09469e-7 -0.2703902 0 -0.368721 -0.92954 0.1499912 8.59182e-7 0.9295386 -0.368721 -0.04846733 0 0 0 1 1 -7.15618e-7 3.27223e-5 -0.2703912 0 -0.9997594 -0.02186477 -0.2401512 3.27301e-5 0.02186417 -0.9997609 0.02882218 0 0 0 1 1 0 0 0.2313526 0 0 1 -1.980151 0 -1 0 0 0 0 0 1 1 0 0 0.2346149 0 -6.78003e-7 1 -1.884255 0 -1 -6.92904e-7 0.2262768 0 0 0 1 1 0 0 0.1784679 0 -6.78003e-7 1 -1.491813 0 -1 -6.85453e-7 -0.3589497 0 0 0 1 1 0 0 0.2454932 0 0 1 -1.243115 0 -1 0 0.03760027 0 0 0 1 1 -7.42666e-7 2.91746e-7 0.2586691 0 -0.3687213 -0.92954 0.1530215 7.97911e-7 0.9295406 -0.3687213 -0.04726493 0 0 0 1 1 -5.42409e-7 2.48011e-5 0.2586683 0 -0.9997615 -0.02186495 -0.2400804 2.4807e-5 0.02186506 -0.9997611 0.03209668 0 0 0 1 1 0 0 -0.004826366 0 0 1 -2.179733 0 -1 0 0.1130514 0 0 0 1 1 0 0 0.007960081 0 0 1 -2.884791 0 -1 0 -1.77087e-7 0 0 0 1 0.2214858 0 0.9751636 -3.142914 -0.9751635 0 0.2214858 -0.2930517 0 -1 0 0 0 0 0 1 0.2214854 0 0.9751636 -3.266652 -0.9751637 0 0.2214857 0.3063051 0 -1 -1.2016e-7 0 0 0 0 1 0.2214861 0 0.9751635 -3.369963 -0.9751634 0 0.2214864 0.8817067 0 -1 0 -0.07377827 0 0 0 1 0.221509 -1.29398e-6 0.9751584 -3.54666 -0.00187397 -0.9999982 4.24341e-4 0.001246154 0.9751566 -0.001921415 -0.2215086 -0.646278 0 0 0 1 0.2064225 0 -0.9784628 3.1555 0.9784629 0 0.2064223 -0.2045402 0 -1 0 -4.08495e-7 0 0 0 1 0.2064225 -1.21317e-7 -0.978463 3.267502 0.978463 -1.23691e-7 0.2064225 0.3948158 -1.4607e-7 -1 0 -7.31897e-7 0 0 0 1 0.2064226 0 -0.978463 3.405246 0.9784629 -1.23691e-7 0.2064226 0.9259511 -1.45435e-7 -1 0 -5.84414e-7 0 0 0 1 0.2053423 6.39176e-6 -0.9786902 3.377927 -0.00659281 -0.9999774 -0.001389801 -0.05591702 -0.9786682 0.006737828 -0.2053374 -1.111743 0 0 0 1 0.2063857 1.01162e-6 -0.9784709 3.376493 0.9784709 1.49798e-6 0.2063854 1.163587 1.87755e-6 -1 -6.25849e-7 -1.617803 0 0 0 1 1 0 0 0.02165722 0 0 1 -3.354291 0 -1 -1.19697e-7 1.60604e-7 0 0 0 1 1 0 0 0.02895486 0 0 1 -3.806293 0 -1 0 0 0 0 0 1 1 0 0 -0.001975059 0 -4.00709e-7 1 -3.236083 0 -1 -4.17232e-7 0.1981278 0 0 0 1 1 0 0 -0.006513178 0 0 1 -2.377002 0 -1 0 0.4338244 0 0 0 1 1 0 0 0.02082639 0 0 1 -1.545783 0 -1 0 0.5515338 0 0 0 1 1 2.98285e-7 0 0.02715581 0 0.04181396 0.9991254 -3.880911 2.98529e-7 -0.9991254 0.04181396 -0.4448743 0 0 0 1 1 5.38945e-7 0 0.03132402 0 0.02110123 0.9997774 -3.98341 5.39049e-7 -0.9997773 0.02110117 -0.2703227 0 0 0 1 1 0 0 0.03312313 0 0 1 -4.176582 0 -1 0 0 0 0 0 1 1 -5.05506e-5 -1.10455e-6 0.01513373 -5.05506e-5 -1 1.19209e-7 -0.2430216 -1.10467e-6 0 -1 3.446479 0 0 0 1</float_array>
          <technique_common>
            <accessor source="#Dorkim_b_hurim_Skin_jead-skin-bind_poses-array" count="34" stride="16">
              <param name="TRANSFORM" type="float4x4"/>
            </accessor>
          </technique_common>
        </source>
        <source id="Dorkim_b_hurim_Skin_jead-skin-weights">
          <float_array id="Dorkim_b_hurim_Skin_jead-skin-weights-array" count="321">1 1 1 1 1 1 1 1 1 1 1 1 1 1 1 1 1 1 1 1 1 1 1 1 1 1 1 1 1 1 1 1 1 1 1 1 1 1 1 1 1 1 1 1 1 1 1 1 1 1 1 1 1 1 1 1 1 1 1 1 1 1 1 1 1 1 1 1 1 1 1 1 1 1 1 1 1 1 1 1 1 1 1 1 1 1 1 1 1 1 1 1 1 1 1 1 1 1 1 1 1 1 1 1 1 1 1 1 1 1 1 1 1 1 1 1 1 1 1 1 1 1 1 1 1 1 1 1 1 1 1 1 1 1 1 1 1 1 1 1 1 1 1 1 1 1 1 1 1 1 1 1 1 1 1 1 1 1 1 1 1 1 1 1 1 1 1 1 1 1 1 1 1 1 1 1 1 1 1 1 1 1 1 1 1 1 1 1 1 1 1 1 1 1 1 1 1 1 1 1 1 1 1 1 1 1 1 1 1 1 1 1 1 1 1 1 1 1 1 1 1 1 1 1 1 1 1 1 1 1 1 1 1 1 1 1 1 1 1 1 1 1 1 1 1 1 1 1 1 1 1 1 1 1 1 1 1 1 1 1 1 1 1 1 1 1 1 1 1 1 1 1 1 1 1 1 1 1 1 1 1 1 1 1 1 1 1 1 1 1 1 1 1 1 1 1 1 1 1 1 1 1 1 1 1 1 1 1 1 1 1 1 1 1 1 1 1 1 1 1 1</float_array>
          <technique_common>
            <accessor source="#Dorkim_b_hurim_Skin_jead-skin-weights-array" count="321" stride="1">
              <param name="WEIGHT" type="float"/>
            </accessor>
          </technique_common>
        </source>
        <joints>
          <input semantic="JOINT" source="#Dorkim_b_hurim_Skin_jead-skin-joints"/>
          <input semantic="INV_BIND_MATRIX" source="#Dorkim_b_hurim_Skin_jead-skin-bind_poses"/>
        </joints>
        <vertex_weights count="321">
          <input semantic="JOINT" source="#Dorkim_b_hurim_Skin_jead-skin-joints" offset="0"/>
          <input semantic="WEIGHT" source="#Dorkim_b_hurim_Skin_jead-skin-weights" offset="1"/>
          <vcount>1 1 1 1 1 1 1 1 1 1 1 1 1 1 1 1 1 1 1 1 1 1 1 1 1 1 1 1 1 1 1 1 1 1 1 1 1 1 1 1 1 1 1 1 1 1 1 1 1 1 1 1 1 1 1 1 1 1 1 1 1 1 1 1 1 1 1 1 1 1 1 1 1 1 1 1 1 1 1 1 1 1 1 1 1 1 1 1 1 1 1 1 1 1 1 1 1 1 1 1 1 1 1 1 1 1 1 1 1 1 1 1 1 1 1 1 1 1 1 1 1 1 1 1 1 1 1 1 1 1 1 1 1 1 1 1 1 1 1 1 1 1 1 1 1 1 1 1 1 1 1 1 1 1 1 1 1 1 1 1 1 1 1 1 1 1 1 1 1 1 1 1 1 1 1 1 1 1 1 1 1 1 1 1 1 1 1 1 1 1 1 1 1 1 1 1 1 1 1 1 1 1 1 1 1 1 1 1 1 1 1 1 1 1 1 1 1 1 1 1 1 1 1 1 1 1 1 1 1 1 1 1 1 1 1 1 1 1 1 1 1 1 1 1 1 1 1 1 1 1 1 1 1 1 1 1 1 1 1 1 1 1 1 1 1 1 1 1 1 1 1 1 1 1 1 1 1 1 1 1 1 1 1 1 1 1 1 1 1 1 1 1 1 1 1 1 1 1 1 1 1 1 1 1 1 1 1 1 1 1 1 1 1 1 1 1 1 1 1 1 1 </vcount>
          <v>26 0 26 1 26 2 26 3 26 4 26 5 26 6 26 7 26 8 26 9 26 10 26 11 26 12 26 13 26 14 26 15 26 16 26 17 26 18 26 19 26 20 26 21 26 22 26 23 26 24 26 25 26 26 26 27 26 28 26 29 26 30 26 31 15 32 15 33 15 34 15 35 15 36 15 37 15 38 15 39 15 40 15 41 15 42 15 43 15 44 15 45 15 46 15 47 15 48 15 49 15 50 15 51 15 52 15 53 15 54 15 55 15 56 15 57 15 58 15 59 15 60 22 61 18 62 18 63 22 64 22 65 18 66 18 67 18 68 23 69 23 70 23 71 23 72 23 73 5 74 5 75 7 76 15 77 15 78 22 79 22 80 1 81 18 82 16 83 15 84 15 85 3 86 9 87 8 88 2 89 9 90 3 91 1 92 1 93 11 94 1 95 11 96 8 97 12 98 11 99 12 100 13 101 22 102 22 103 22 104 18 105 23 106 23 107 23 108 23 109 23 110 23 111 5 112 5 113 6 114 2 115 2 116 2 117 20 118 22 119 21 120 21 121 15 122 21 123 16 124 18 125 17 126 17 127 17 128 15 129 1 130 8 131 15 132 15 133 15 134 15 135 15 136 15 137 2 138 8 139 8 140 12 141 22 142 18 143 23 144 23 145 23 146 2 147 7 148 15 149 16 150 11 151 13 152 23 153 6 154 6 155 20 156 18 157 20 158 15 159 15 160 15 161 15 162 15 163 15 164 15 165 15 166 15 167 15 168 15 169 15 170 15 171 15 172 15 173 15 174 15 175 15 176 15 177 15 178 15 179 15 180 15 181 15 182 15 183 15 184 15 185 15 186 15 187 26 188 26 189 26 190 26 191 26 192 26 193 26 194 26 195 26 196 26 197 26 198 26 199 26 200 26 201 26 202 26 203 26 204 26 205 26 206 26 207 26 208 26 209 26 210 26 211 26 212 26 213 26 214 26 215 26 216 26 217 26 218 26 219 26 220 26 221 26 222 26 223 26 224 26 225 26 226 26 227 26 228 26 229 26 230 26 231 26 232 26 233 26 234 26 235 26 236 26 237 26 238 26 239 26 240 3 241 9 242 11 243 5 244 9 245 3 246 10 247 5 248 19 249 19 250 19 251 19 252 19 253 19 254 19 255 19 256 19 257 19 258 19 259 19 260 19 261 19 262 19 263 19 264 19 265 19 266 19 267 19 268 19 269 19 270 19 271 19 272 19 273 19 274 19 275 19 276 19 277 19 278 19 279 19 280 19 281 19 282 19 283 19 284 19 285 19 286 19 287 19 288 19 289 19 290 19 291 19 292 19 293 19 294 19 295 19 296 19 297 19 298 19 299 19 300 19 301 19 302 19 303 19 304 19 305 19 306 19 307 19 308 19 309 19 310 19 311 19 312 19 313 19 314 19 315 19 316 19 317 19 318 19 319 19 320</v>
        </vertex_weights>
      </skin>
    </controller>
  </library_controllers>
  <library_visual_scenes>
    <visual_scene id="Scene" name="Scene">
      <node id="Dorkim_b_hurim_Skin" name="Dorkim_b_hurim_Skin" type="NODE">
        <matrix sid="transform">1 0 0 0 0 1 0 0 0 0 1 0 0 0 0 1</matrix>
        <node id="Dorkim_b_hurim_Skin_root" name="root" sid="root" type="JOINT">
          <matrix sid="transform">1 0 3.38755e-8 0 3.38755e-8 -1.34359e-7 -1 -1.01207e-7 4.50959e-15 1 -1.19209e-7 2.154822 0 0 0 1</matrix>
          <node id="Dorkim_b_hurim_Skin_pelvis" name="pelvis" sid="pelvis" type="JOINT">
            <matrix sid="transform">1 0 1.06555e-8 2.88204e-4 -3.96948e-16 1 3.72528e-8 -0.1648533 -1.06555e-8 -3.72528e-8 1 -0.05965076 0 0 0 1</matrix>
            <node id="Dorkim_b_hurim_Skin_femurleft" name="femurleft" sid="femurleft" type="JOINT">
              <matrix sid="transform">1 -5.5443e-15 5.09364e-9 0.2292777 0 1 0 -0.0098176 -5.09364e-9 2.48278e-10 1 0.05965088 0 0 0 1</matrix>
              <node id="Dorkim_b_hurim_Skin_butt-l" name="butt-l" sid="butt-l" type="JOINT">
                <matrix sid="transform">1 -6.03892e-15 4.2319e-9 4.67554e-4 1.89181e-15 1 -4.47035e-7 -0.098526 -4.2319e-9 4.47035e-7 1 -0.2278655 0 0 0 1</matrix>
                <extra>
                  <technique profile="blender">
                    <layer sid="layer" type="string">0</layer>
                    <roll sid="roll" type="float">0</roll>
                    <tip_x sid="tip_x" type="float">0</tip_x>
                    <tip_y sid="tip_y" type="float">0</tip_y>
                    <tip_z sid="tip_z" type="float">0.1</tip_z>
                  </technique>
                </extra>
              </node>
              <node id="Dorkim_b_hurim_Skin_knee-l-top" name="knee-l-top" sid="knee-l-top" type="JOINT">
                <matrix sid="transform">1 -6.03892e-15 7.79386e-9 0.0283868 0 0.9999999 0 -0.4877242 -7.79386e-9 0 1 0.3577119 0 0 0 1</matrix>
                <extra>
                  <technique profile="blender">
                    <layer sid="layer" type="string">0</layer>
                    <roll sid="roll" type="float">0</roll>
                    <tip_x sid="tip_x" type="float">0</tip_x>
                    <tip_y sid="tip_y" type="float">0</tip_y>
                    <tip_z sid="tip_z" type="float">0.1</tip_z>
                  </technique>
                </extra>
              </node>
              <node id="Dorkim_b_hurim_Skin_knee-l-bopttom" name="knee-l-bopttom" sid="knee-l-bopttom" type="JOINT">
                <matrix sid="transform">1 -6.03892e-15 3.00215e-8 0.03209621 4.47355e-15 1 -1.49012e-7 -0.736926 -3.00215e-8 1.49012e-7 1 -0.03760034 0 0 0 1</matrix>
                <node id="Dorkim_b_hurim_Skin_ankle_left" name="ankle left" sid="ankle_left" type="JOINT">
                  <matrix sid="transform">1 -5.11041e-8 9.27724e-7 0.008728117 3.09469e-7 -0.9295399 -0.3687218 -1.121673 8.81199e-7 0.3687218 -0.9295413 -0.0627567 0 0 0 1</matrix>
                  <node id="Dorkim_b_hurim_Skin_foot_left01" name="foot left01" sid="foot_left01" type="JOINT">
                    <matrix sid="transform">1 7.94595e-7 3.24032e-5 2.38419e-7 -3.01607e-5 0.3889571 0.9212559 0.216839 -1.18714e-5 -0.9212559 0.388957 -0.2809219 0 0 0 1</matrix>
                    <extra>
                      <technique profile="blender">
                        <layer sid="layer" type="string">0</layer>
                        <roll sid="roll" type="float">3.2705e-5</roll>
                        <tip_x sid="tip_x" type="float">0</tip_x>
                        <tip_y sid="tip_y" type="float">-0.09997612</tip_y>
                        <tip_z sid="tip_z" type="float">-0.002186357</tip_z>
                      </technique>
                    </extra>
                  </node>
                  <extra>
                    <technique profile="blender">
                      <layer sid="layer" type="string">0</layer>
                      <roll sid="roll" type="float">8.59183e-7</roll>
                      <tip_x sid="tip_x" type="float">0</tip_x>
                      <tip_y sid="tip_y" type="float">-0.03687214</tip_y>
                      <tip_z sid="tip_z" type="float">-0.09295403</tip_z>
                    </technique>
                  </extra>
                </node>
                <extra>
                  <technique profile="blender">
                    <layer sid="layer" type="string">0</layer>
                    <roll sid="roll" type="float">0</roll>
                    <tip_x sid="tip_x" type="float">0</tip_x>
                    <tip_y sid="tip_y" type="float">0</tip_y>
                    <tip_z sid="tip_z" type="float">0.1</tip_z>
                  </technique>
                </extra>
              </node>
              <extra>
                <technique profile="blender">
                  <layer sid="layer" type="string">0</layer>
                  <roll sid="roll" type="float">0</roll>
                  <tip_x sid="tip_x" type="float">0</tip_x>
                  <tip_y sid="tip_y" type="float">0</tip_y>
                  <tip_z sid="tip_z" type="float">0.0999999</tip_z>
                </technique>
              </extra>
            </node>
            <node id="Dorkim_b_hurim_Skin_femurright" name="femurright" sid="femurright" type="JOINT">
              <matrix sid="transform">1 -5.5443e-15 5.09365e-9 -0.2316408 0 1 0 -0.0098176 -5.09365e-9 2.48278e-10 1 0.05965088 0 0 0 1</matrix>
              <node id="Dorkim_b_hurim_Skin_butt-r" name="butt-r" sid="butt-r" type="JOINT">
                <matrix sid="transform">1 -6.03892e-15 5.58592e-9 -0.003262356 3.32947e-15 1 -5.96046e-7 -0.09589529 -5.58592e-9 5.96046e-7 1 -0.2262757 0 0 0 1</matrix>
                <extra>
                  <technique profile="blender">
                    <layer sid="layer" type="string">0</layer>
                    <roll sid="roll" type="float">0</roll>
                    <tip_x sid="tip_x" type="float">0</tip_x>
                    <tip_y sid="tip_y" type="float">0</tip_y>
                    <tip_z sid="tip_z" type="float">0.1</tip_z>
                  </technique>
                </extra>
              </node>
              <node id="Dorkim_b_hurim_Skin_knee-r-top" name="knee-r-top" sid="knee-r-top" type="JOINT">
                <matrix sid="transform">1 -6.03892e-15 9.03824e-9 0.05288468 5.38721e-15 0.9999999 -5.96046e-7 -0.4883386 -9.03824e-9 5.96046e-7 1 0.3589506 0 0 0 1</matrix>
                <extra>
                  <technique profile="blender">
                    <layer sid="layer" type="string">0</layer>
                    <roll sid="roll" type="float">0</roll>
                    <tip_x sid="tip_x" type="float">0</tip_x>
                    <tip_y sid="tip_y" type="float">0</tip_y>
                    <tip_z sid="tip_z" type="float">0.1</tip_z>
                  </technique>
                </extra>
              </node>
              <node id="Dorkim_b_hurim_Skin_knee-r-bopttom" name="knee-r-bopttom" sid="knee-r-bopttom" type="JOINT">
                <matrix sid="transform">1 -6.03892e-15 1.89711e-8 -0.01414061 0 1 0 -0.7370361 -1.89711e-8 0 1 -0.03760032 0 0 0 1</matrix>
                <node id="Dorkim_b_hurim_Skin_ankleright" name="ankleright" sid="ankleright" type="JOINT">
                  <matrix sid="transform">1 -2.79397e-8 8.61673e-7 -0.01317592 2.91746e-7 -0.92954 -0.3687211 -1.118303 8.11261e-7 0.3687211 -0.9295394 -0.06275678 0 0 0 1</matrix>
                  <node id="Dorkim_b_hurim_Skin_foot_right01" name="foot right01" sid="foot_right01" type="JOINT">
                    <matrix sid="transform">1 7.36109e-7 2.44991e-5 2.68221e-7 -2.28563e-5 0.3889574 0.9212557 0.2168392 -8.85097e-6 -0.9212557 0.3889574 -0.2809224 0 0 0 1</matrix>
                    <extra>
                      <technique profile="blender">
                        <layer sid="layer" type="string">0</layer>
                        <roll sid="roll" type="float">2.48081e-5</roll>
                        <tip_x sid="tip_x" type="float">0</tip_x>
                        <tip_y sid="tip_y" type="float">-0.09997606</tip_y>
                        <tip_z sid="tip_z" type="float">-0.002186477</tip_z>
                      </technique>
                    </extra>
                  </node>
                  <extra>
                    <technique profile="blender">
                      <layer sid="layer" type="string">0</layer>
                      <roll sid="roll" type="float">7.9791e-7</roll>
                      <tip_x sid="tip_x" type="float">0</tip_x>
                      <tip_y sid="tip_y" type="float">-0.03687208</tip_y>
                      <tip_z sid="tip_z" type="float">-0.09295403</tip_z>
                    </technique>
                  </extra>
                </node>
                <extra>
                  <technique profile="blender">
                    <layer sid="layer" type="string">0</layer>
                    <roll sid="roll" type="float">0</roll>
                    <tip_x sid="tip_x" type="float">0</tip_x>
                    <tip_y sid="tip_y" type="float">0</tip_y>
                    <tip_z sid="tip_z" type="float">0.1</tip_z>
                  </technique>
                </extra>
              </node>
              <extra>
                <technique profile="blender">
                  <layer sid="layer" type="string">0</layer>
                  <roll sid="roll" type="float">0</roll>
                  <tip_x sid="tip_x" type="float">0</tip_x>
                  <tip_y sid="tip_y" type="float">0</tip_y>
                  <tip_z sid="tip_z" type="float">0.0999999</tip_z>
                </technique>
              </extra>
            </node>
            <node id="Dorkim_b_hurim_Skin_lumbar" name="lumbar" sid="lumbar" type="JOINT">
              <matrix sid="transform">1 -5.5443e-15 4.81516e-9 0.004538174 0 1 3.72529e-8 0.189765 -4.81516e-9 -3.70047e-8 1 -0.05340066 0 0 0 1</matrix>
              <node id="Dorkim_b_hurim_Skin_rib" name="rib" sid="rib" type="JOINT">
                <matrix sid="transform">1 -5.8325e-15 4.3098e-9 -0.01278648 0 1 0 0.7050576 -4.3098e-9 2.48249e-10 1 0.1130516 0 0 0 1</matrix>
                <node id="Dorkim_b_hurim_Skin_scapula" name="scapula" sid="scapula" type="JOINT">
                  <matrix sid="transform">0.2214859 -0.9751636 -5.90293e-8 0.4182977 0.9751635 0.2214858 -3.19663e-8 0.2449708 4.42466e-8 -5.04832e-8 1 -4.3226e-8 0 0 0 1</matrix>
                  <node id="Dorkim_b_hurim_Skin_ulna" name="ulna" sid="ulna" type="JOINT">
                    <matrix sid="transform">1 -1.63913e-7 -2.90622e-8 0.1237388 1.78814e-7 0.9999999 -1.95399e-14 -0.5993563 2.90622e-8 1.24345e-14 1 -1.95749e-9 0 0 0 1</matrix>
                    <node id="Dorkim_b_hurim_Skin_carpal" name="carpal" sid="carpal" type="JOINT">
                      <matrix sid="transform">0.9999999 9.98378e-7 4.7535e-8 0.1033101 -7.7486e-7 1 -7.45058e-8 -0.5754043 -4.75351e-8 7.45058e-8 1 0.07377817 0 0 0 1</matrix>
                      <node id="Dorkim_b_hurim_Skin_ammo_node_1" name="ammo node 1" sid="ammo_node_1" type="JOINT">
                        <matrix sid="transform">1 -1.19151e-6 -2.34693e-5 0.1766815 -2.31415e-5 0.001921504 -0.9999982 0.2353454 1.23644e-6 0.9999982 0.00192153 -0.07377823 0 0 0 1</matrix>
                        <extra>
                          <technique profile="blender">
                            <layer sid="layer" type="string">0</layer>
                            <roll sid="roll" type="float">-2.23957</roll>
                            <tip_x sid="tip_x" type="float">-1.87397e-4</tip_x>
                            <tip_y sid="tip_y" type="float">-0.09999984</tip_y>
                            <tip_z sid="tip_z" type="float">4.24385e-5</tip_z>
                          </technique>
                        </extra>
                      </node>
                      <extra>
                        <technique profile="blender">
                          <layer sid="layer" type="string">0</layer>
                          <roll sid="roll" type="float">-1.347458</roll>
                          <tip_x sid="tip_x" type="float">-0.09751629</tip_x>
                          <tip_y sid="tip_y" type="float">0</tip_y>
                          <tip_z sid="tip_z" type="float">0.0221486</tip_z>
                        </technique>
                      </extra>
                    </node>
                    <extra>
                      <technique profile="blender">
                        <layer sid="layer" type="string">0</layer>
                        <roll sid="roll" type="float">-1.347459</roll>
                        <tip_x sid="tip_x" type="float">-0.09751653</tip_x>
                        <tip_y sid="tip_y" type="float">0</tip_y>
                        <tip_z sid="tip_z" type="float">0.0221486</tip_z>
                      </technique>
                    </extra>
                  </node>
                  <extra>
                    <technique profile="blender">
                      <layer sid="layer" type="string">0</layer>
                      <roll sid="roll" type="float">-1.347459</roll>
                      <tip_x sid="tip_x" type="float">-0.09751647</tip_x>
                      <tip_y sid="tip_y" type="float">0</tip_y>
                      <tip_z sid="tip_z" type="float">0.0221486</tip_z>
                    </technique>
                  </extra>
                </node>
                <node id="Dorkim_b_hurim_Skin_scapula01" name="scapula01" sid="scapula01" type="JOINT">
                  <matrix sid="transform">0.2064224 0.978463 -6.53309e-8 -0.4432708 -0.9784629 0.2064225 7.83301e-8 0.2449708 9.01289e-8 4.77547e-8 1 -4.3226e-8 0 0 0 1</matrix>
                  <node id="Dorkim_b_hurim_Skin_ulna01" name="ulna01" sid="ulna01" type="JOINT">
                    <matrix sid="transform">0.9999998 -1.49012e-7 -8.60043e-8 -0.1120012 1.78814e-7 0.9999999 -1.19209e-7 -0.5993565 8.60044e-8 1.19209e-7 1 -4.6835e-9 0 0 0 1</matrix>
                    <node id="Dorkim_b_hurim_Skin_carpal_right" name="carpal right" sid="carpal_right" type="JOINT">
                      <matrix sid="transform">1 -2.38419e-7 3.07591e-9 -0.1377442 1.49012e-7 1 -1.59872e-13 -0.5311359 -3.0759e-9 1.40332e-13 1 -1.37008e-7 0 0 0 1</matrix>
                      <node id="Dorkim_b_hurim_Skin_smoke_node_1" name="smoke node 1" sid="smoke_node_1" type="JOINT">
                        <matrix sid="transform">0.9999994 -9.29926e-7 -0.001104012 0.02609444 -0.001104191 -0.006737708 -0.9999766 -0.1824126 -6.50858e-6 0.9999772 -0.006737587 0.04844672 0 0 0 1</matrix>
                        <node id="Dorkim_b_hurim_Skin_ammo_node_0" name="ammo node 0" sid="ammo_node_0" type="JOINT">
                          <matrix sid="transform">0.9999993 -0.001065955 -5.38174e-6 0.002667427 -1.80386e-6 -0.006739378 0.9999773 1.569697 -0.001066133 -0.9999768 -0.006739328 0.04451418 0 0 0 1</matrix>
                          <extra>
                            <technique profile="blender">
                              <layer sid="layer" type="string">0</layer>
                              <roll sid="roll" type="float">1.362918</roll>
                              <tip_x sid="tip_x" type="float">0.09832477</tip_x>
                              <tip_y sid="tip_y" type="float">1.19209e-7</tip_y>
                              <tip_z sid="tip_z" type="float">0.02073931</tip_z>
                            </technique>
                          </extra>
                        </node>
                        <extra>
                          <technique profile="blender">
                            <layer sid="layer" type="string">0</layer>
                            <roll sid="roll" type="float">1.363243</roll>
                            <tip_x sid="tip_x" type="float">-6.59347e-4</tip_x>
                            <tip_y sid="tip_y" type="float">-0.09999769</tip_y>
                            <tip_z sid="tip_z" type="float">-1.38998e-4</tip_z>
                          </technique>
                        </extra>
                      </node>
                      <extra>
                        <technique profile="blender">
                          <layer sid="layer" type="string">0</layer>
                          <roll sid="roll" type="float">1.362879</roll>
                          <tip_x sid="tip_x" type="float">0.09784626</tip_x>
                          <tip_y sid="tip_y" type="float">0</tip_y>
                          <tip_z sid="tip_z" type="float">0.02064228</tip_z>
                        </technique>
                      </extra>
                    </node>
                    <extra>
                      <technique profile="blender">
                        <layer sid="layer" type="string">0</layer>
                        <roll sid="roll" type="float">1.362879</roll>
                        <tip_x sid="tip_x" type="float">0.09784638</tip_x>
                        <tip_y sid="tip_y" type="float">0</tip_y>
                        <tip_z sid="tip_z" type="float">0.02064228</tip_z>
                      </technique>
                    </extra>
                  </node>
                  <extra>
                    <technique profile="blender">
                      <layer sid="layer" type="string">0</layer>
                      <roll sid="roll" type="float">1.362879</roll>
                      <tip_x sid="tip_x" type="float">0.09784638</tip_x>
                      <tip_y sid="tip_y" type="float">0</tip_y>
                      <tip_z sid="tip_z" type="float">0.02064228</tip_z>
                    </technique>
                  </extra>
                </node>
                <node id="Dorkim_b_hurim_Skin_neck" name="neck" sid="neck" type="JOINT">
                  <matrix sid="transform">1 -6.09045e-15 3.8053e-9 -0.01369714 2.27727e-16 0.9999999 -5.98444e-8 0.4694993 -3.8053e-9 5.98444e-8 1 -1.36874e-7 0 0 0 1</matrix>
                  <node id="Dorkim_b_hurim_Skin_skull" name="skull" sid="skull" type="JOINT">
                    <matrix sid="transform">1 -6.54594e-15 1.56953e-9 -0.007297663 0 1 1.86269e-9 0.4520025 -1.56953e-9 -1.86269e-9 1 7.10191e-8 0 0 0 1</matrix>
                    <node id="Dorkim_b_hurim_Skin_cloaktop" name="cloaktop" sid="cloaktop" type="JOINT">
                      <matrix sid="transform">1 -6.73088e-15 3.25259e-9 0.03092997 9.6935e-16 1 -2.98024e-7 -0.57021 -3.25259e-9 2.98024e-7 1 -0.1981267 0 0 0 1</matrix>
                      <node id="Dorkim_b_hurim_Skin_cloak" name="cloak" sid="cloak" type="JOINT">
                        <matrix sid="transform">1 -8.0835e-15 1.42791e-10 0.004538156 0 1 4.47034e-7 -0.8590813 -1.42791e-10 -4.48409e-7 1 -0.2356976 0 0 0 1</matrix>
                        <node id="Dorkim_b_hurim_Skin_cloakbottom" name="cloakbottom" sid="cloakbottom" type="JOINT">
                          <matrix sid="transform">1 -8.07905e-15 0 -0.02733967 0 1 -7.45058e-8 -0.8312191 0 7.3132e-8 1 -0.1177093 0 0 0 1</matrix>
                          <extra>
                            <technique profile="blender">
                              <layer sid="layer" type="string">0</layer>
                              <roll sid="roll" type="float">0</roll>
                              <tip_x sid="tip_x" type="float">0</tip_x>
                              <tip_y sid="tip_y" type="float">0</tip_y>
                              <tip_z sid="tip_z" type="float">0.1</tip_z>
                            </technique>
                          </extra>
                        </node>
                        <extra>
                          <technique profile="blender">
                            <layer sid="layer" type="string">0</layer>
                            <roll sid="roll" type="float">0</roll>
                            <tip_x sid="tip_x" type="float">0</tip_x>
                            <tip_y sid="tip_y" type="float">0</tip_y>
                            <tip_z sid="tip_z" type="float">0.1000001</tip_z>
                          </technique>
                        </extra>
                      </node>
                      <extra>
                        <technique profile="blender">
                          <layer sid="layer" type="string">0</layer>
                          <roll sid="roll" type="float">0</roll>
                          <tip_x sid="tip_x" type="float">0</tip_x>
                          <tip_y sid="tip_y" type="float">0</tip_y>
                          <tip_z sid="tip_z" type="float">0.0999999</tip_z>
                        </technique>
                      </extra>
                    </node>
                    <node id="Dorkim_b_hurim_Skin_nogginbottom" name="nogginbottom" sid="nogginbottom" type="JOINT">
                      <matrix sid="transform">1 2.3283e-9 2.3955e-7 0.001799161 -1.23428e-8 0.9991254 0.0418141 0.08982587 -2.39243e-7 -0.0418141 0.9991254 0.2822085 0 0 0 1</matrix>
                      <extra>
                        <technique profile="blender">
                          <layer sid="layer" type="string">0</layer>
                          <roll sid="roll" type="float">2.98529e-7</roll>
                          <tip_x sid="tip_x" type="float">0</tip_x>
                          <tip_y sid="tip_y" type="float">0.004181385</tip_y>
                          <tip_z sid="tip_z" type="float">0.09991264</tip_z>
                        </technique>
                      </extra>
                    </node>
                    <node id="Dorkim_b_hurim_Skin_plumes" name="plumes" sid="plumes" type="JOINT">
                      <matrix sid="transform">1 -6.66134e-15 4.80032e-7 -0.002369052 -1.01293e-8 0.9997773 0.02110134 0.1819341 -4.79925e-7 -0.02110134 0.9997773 0.1862074 0 0 0 1</matrix>
                      <extra>
                        <technique profile="blender">
                          <layer sid="layer" type="string">0</layer>
                          <roll sid="roll" type="float">5.39049e-7</roll>
                          <tip_x sid="tip_x" type="float">0</tip_x>
                          <tip_y sid="tip_y" type="float">0.002110123</tip_y>
                          <tip_z sid="tip_z" type="float">0.09997797</tip_z>
                        </technique>
                      </extra>
                    </node>
                    <node id="Dorkim_b_hurim_Skin_skulltop" name="skulltop" sid="skulltop" type="JOINT">
                      <matrix sid="transform">1 -6.73088e-15 4.67863e-9 -0.00416824 0 1 7.10543e-14 0.3702886 -4.67863e-9 -7.10543e-14 1 -4.26326e-14 0 0 0 1</matrix>
                      <extra>
                        <technique profile="blender">
                          <layer sid="layer" type="string">0</layer>
                          <roll sid="roll" type="float">0</roll>
                          <tip_x sid="tip_x" type="float">0</tip_x>
                          <tip_y sid="tip_y" type="float">0</tip_y>
                          <tip_z sid="tip_z" type="float">0.0999999</tip_z>
                        </technique>
                      </extra>
                    </node>
                    <extra>
                      <technique profile="blender">
                        <layer sid="layer" type="string">0</layer>
                        <roll sid="roll" type="float">0</roll>
                        <tip_x sid="tip_x" type="float">0</tip_x>
                        <tip_y sid="tip_y" type="float">0</tip_y>
                        <tip_z sid="tip_z" type="float">0.1000001</tip_z>
                      </technique>
                    </extra>
                  </node>
                  <node id="Dorkim_b_hurim_Skin_smoke_node_0" name="smoke node 0" sid="smoke_node_0" type="JOINT">
                    <matrix sid="transform">1 -5.06081e-5 -1.10468e-6 0.006514961 -1.10467e-6 1.02446e-7 -0.9999999 0.09218764 5.06081e-5 0.9999999 2.35801e-7 0.2430202 0 0 0 1</matrix>
                    <extra>
                      <technique profile="blender">
                        <layer sid="layer" type="string">0</layer>
                        <roll sid="roll" type="float">3.141592</roll>
                        <tip_x sid="tip_x" type="float">-5.05522e-6</tip_x>
                        <tip_y sid="tip_y" type="float">-0.09999996</tip_y>
                        <tip_z sid="tip_z" type="float">0</tip_z>
                      </technique>
                    </extra>
                  </node>
                  <extra>
                    <technique profile="blender">
                      <layer sid="layer" type="string">0</layer>
                      <roll sid="roll" type="float">0</roll>
                      <tip_x sid="tip_x" type="float">0</tip_x>
                      <tip_y sid="tip_y" type="float">0</tip_y>
                      <tip_z sid="tip_z" type="float">0.1000001</tip_z>
                    </technique>
                  </extra>
                </node>
                <extra>
                  <technique profile="blender">
                    <layer sid="layer" type="string">0</layer>
                    <roll sid="roll" type="float">0</roll>
                    <tip_x sid="tip_x" type="float">0</tip_x>
                    <tip_y sid="tip_y" type="float">0</tip_y>
                    <tip_z sid="tip_z" type="float">0.0999999</tip_z>
                  </technique>
                </extra>
              </node>
              <extra>
                <technique profile="blender">
                  <layer sid="layer" type="string">0</layer>
                  <roll sid="roll" type="float">0</roll>
                  <tip_x sid="tip_x" type="float">0</tip_x>
                  <tip_y sid="tip_y" type="float">0</tip_y>
                  <tip_z sid="tip_z" type="float">0.0999999</tip_z>
                </technique>
              </extra>
            </node>
            <extra>
              <technique profile="blender">
                <layer sid="layer" type="string">0</layer>
                <roll sid="roll" type="float">0</roll>
                <tip_x sid="tip_x" type="float">0</tip_x>
                <tip_y sid="tip_y" type="float">0</tip_y>
                <tip_z sid="tip_z" type="float">0.1000001</tip_z>
              </technique>
            </extra>
          </node>
          <extra>
            <technique profile="blender">
              <layer sid="layer" type="string">0</layer>
              <roll sid="roll" type="float">0</roll>
              <tip_x sid="tip_x" type="float">0</tip_x>
              <tip_y sid="tip_y" type="float">0</tip_y>
              <tip_z sid="tip_z" type="float">0.1000001</tip_z>
            </technique>
          </extra>
        </node>
      </node>
      <node id="jead" name="jead" type="NODE">
        <translate sid="location">0 0 0</translate>
        <rotate sid="rotationZ">0 0 1 0</rotate>
        <rotate sid="rotationY">0 1 0 0</rotate>
        <rotate sid="rotationX">1 0 0 0</rotate>
        <scale sid="scale">1 1 1</scale>
        <instance_controller url="#Dorkim_b_hurim_Skin_jead-skin">
          <skeleton>#Dorkim_b_hurim_Skin_root</skeleton>
          <bind_material>
            <technique_common>
              <instance_material symbol="natarin-material" target="#natarin-material"/>
              <instance_material symbol="RSoldier_001-material" target="#RSoldier_001-material"/>
            </technique_common>
          </bind_material>
        </instance_controller>
      </node>
      <node id="LAMP_FRONT_PEACH" name="LAMP_FRONT_PEACH" type="NODE">
        <matrix sid="transform">3.595629 0.1442683 -0.009944758 0.07793808 -0.1375951 3.336951 -1.339883 -21.84175 -0.04449517 1.339181 3.339772 55.79722 0 0 0 1</matrix>
        <instance_light url="#LAMP_FRONT_PEACH-light"/>
      </node>
      <node id="Lamp_WEST" name="Lamp_WEST" type="NODE">
        <matrix sid="transform">-0.3873922 2.703377 -2.343318 -28.80603 -3.577471 -0.3144135 0.2286955 3.436447 -0.03293585 2.354221 2.7214 33.30629 0 0 0 1</matrix>
        <instance_light url="#Lamp_WEST-light"/>
      </node>
      <node id="Camera" name="Camera" type="NODE">
        <matrix sid="transform">0.6859207 -0.3240135 0.6515582 7.481132 0.7276763 0.3054208 -0.6141704 -6.50764 0 0.8953956 0.4452714 5.343665 0 0 0 1</matrix>
        <instance_camera url="#Camera-camera"/>
      </node>
      <node id="Lamp" name="Lamp" type="NODE">
        <matrix sid="transform">-0.2908646 -0.7711008 0.5663932 4.076245 0.9551712 -0.1998834 0.2183912 1.005454 -0.05518906 0.6045247 0.7946723 5.903862 0 0 0 1</matrix>
        <instance_light url="#Lamp-light"/>
      </node>
    </visual_scene>
  </library_visual_scenes>
  <scene>
    <instance_visual_scene url="#Scene"/>
  </scene>
</COLLADA>