{"cameraMode":{"drawMode":0,"name":"Shaded","section":"Shading Mode"},"sceneLighting":true,"audioPlay":false,"sceneViewState":{"m_AlwaysRefresh":false,"showFog":true,"showSkybox":true,"showFlares":true,"showImageEffects":true,"showParticleSystems":true,"showVisualEffectGraphs":true,"m_FxEnabled":true},"in2DMode":false,"pivot":{"x":466.3790283203125,"y":94.38972473144531,"z":72.55320739746094},"rotation":{"x":0.053251415491104129,"y":-0.06735283136367798,"z":0.003599627176299691,"w":0.9963014721870422},"size":679.3040161132813,"orthographic":true}