{"cameraMode":{"drawMode":0,"name":"Shaded","section":"Shading Mode"},"sceneLighting":true,"audioPlay":false,"sceneViewState":{"m_AlwaysRefresh":false,"showFog":true,"showSkybox":true,"showFlares":true,"showImageEffects":true,"showParticleSystems":true,"showVisualEffectGraphs":true,"m_FxEnabled":true},"in2DMode":false,"pivot":{"x":127.16311645507813,"y":0.08120536804199219,"z":118.32792663574219},"rotation":{"x":0.1844312697649002,"y":-0.666598379611969,"z":0.17547835409641267,"w":0.7006508111953735},"size":10.64177131652832,"orthographic":true}