{"cameraMode":{"drawMode":0,"name":"Shaded","section":"Shading Mode"},"sceneLighting":true,"audioPlay":false,"sceneViewState":{"m_AlwaysRefresh":false,"showFog":true,"showSkybox":true,"showFlares":true,"showImageEffects":true,"showParticleSystems":true,"showVisualEffectGraphs":true,"m_FxEnabled":true},"in2DMode":false,"pivot":{"x":4.174800872802734,"y":-3.2327992916107179,"z":4.660200119018555},"rotation":{"x":-0.17606990039348603,"y":0.009442157112061978,"z":-0.0016905161319300533,"w":-0.9843377470970154},"size":7.758789539337158,"orthographic":false}