{"cameraMode":{"drawMode":0,"name":"Shaded","section":"Shading Mode"},"sceneLighting":true,"audioPlay":false,"sceneViewState":{"m_AlwaysRefresh":false,"showFog":true,"showSkybox":true,"showFlares":true,"showImageEffects":true,"showParticleSystems":true,"showVisualEffectGraphs":true,"m_FxEnabled":true},"in2DMode":false,"pivot":{"x":18.501373291015626,"y":10.162878036499024,"z":-71.41310119628906},"rotation":{"x":-0.36929601430892947,"y":-0.05347621068358421,"z":0.021285517141222955,"w":-0.9275659322738648},"size":18.748918533325197,"orthographic":true}