{"cameraMode":{"drawMode":0,"name":"Shaded","section":"Shading Mode"},"sceneLighting":true,"audioPlay":false,"sceneViewState":{"m_AlwaysRefresh":false,"showFog":true,"showSkybox":true,"showFlares":true,"showImageEffects":true,"showParticleSystems":true,"showVisualEffectGraphs":true,"m_FxEnabled":true},"in2DMode":false,"pivot":{"x":-32.599998474121097,"y":12.345388412475586,"z":-67.0999984741211},"rotation":{"x":-0.3782429099082947,"y":0.003323871875181794,"z":-0.0013633251655846835,"w":-0.9257065653800964},"size":4.726706504821777,"orthographic":true}