{"cameraMode":{"drawMode":0,"name":"Shaded","section":"Shading Mode"},"sceneLighting":true,"audioPlay":false,"sceneViewState":{"m_AlwaysRefresh":false,"showFog":true,"showSkybox":true,"showFlares":true,"showImageEffects":true,"showParticleSystems":true,"showVisualEffectGraphs":true,"m_FxEnabled":true},"in2DMode":false,"pivot":{"x":-24.844722747802736,"y":0.8006623983383179,"z":2.2366507053375246},"rotation":{"x":0.028491035103797914,"y":0.019490834325551988,"z":-0.0005570226348936558,"w":0.9994077086448669},"size":1.4750170707702637,"orthographic":true}