{"cameraMode":{"drawMode":0,"name":"Shaded","section":"Shading Mode"},"sceneLighting":true,"audioPlay":false,"sceneViewState":{"m_AlwaysRefresh":false,"showFog":true,"showSkybox":true,"showFlares":true,"showImageEffects":true,"showParticleSystems":true,"showVisualEffectGraphs":true,"m_FxEnabled":true},"in2DMode":false,"pivot":{"x":-14.440339088439942,"y":6.207571029663086,"z":-75.05508422851563},"rotation":{"x":0.16300645470619203,"y":0.0886763408780098,"z":-0.014684836380183697,"w":0.9825722575187683},"size":9.367009162902832,"orthographic":true}