{"cameraMode":{"drawMode":0,"name":"Shaded","section":"Shading Mode"},"sceneLighting":true,"audioPlay":false,"sceneViewState":{"m_AlwaysRefresh":false,"showFog":true,"showSkybox":true,"showFlares":true,"showImageEffects":true,"showParticleSystems":true,"showVisualEffectGraphs":true,"m_FxEnabled":true},"in2DMode":false,"pivot":{"x":0.23708558082580567,"y":9.82409954071045,"z":-79.98908233642578},"rotation":{"x":0.11664886772632599,"y":-0.1996653974056244,"z":0.024143477901816369,"w":0.9726585149765015},"size":7.134917259216309,"orthographic":true}