{"cameraMode":{"drawMode":0,"name":"Shaded","section":"Shading Mode"},"sceneLighting":true,"audioPlay":false,"sceneViewState":{"m_AlwaysRefresh":false,"showFog":true,"showSkybox":true,"showFlares":true,"showImageEffects":true,"showParticleSystems":true,"showVisualEffectGraphs":true,"m_FxEnabled":true},"in2DMode":false,"pivot":{"x":9.492799758911133,"y":16.69188117980957,"z":-48.93524169921875},"rotation":{"x":-0.3782429099082947,"y":0.003323871875181794,"z":-0.0013633251655846835,"w":-0.9257065653800964},"size":59.199066162109378,"orthographic":true}