{"cameraMode":{"drawMode":0,"name":"Shaded","section":"Shading Mode"},"sceneLighting":true,"audioPlay":false,"sceneViewState":{"m_AlwaysRefresh":false,"showFog":true,"showSkybox":true,"showFlares":true,"showImageEffects":true,"showParticleSystems":true,"showVisualEffectGraphs":true,"m_FxEnabled":true},"in2DMode":false,"pivot":{"x":-5.839183807373047,"y":11.421653747558594,"z":-61.166282653808597},"rotation":{"x":0.2602432072162628,"y":-0.14559794962406159,"z":0.03973151743412018,"w":0.9536781311035156},"size":22.896804809570314,"orthographic":false}