{"cameraMode":{"drawMode":0,"name":"Shaded","section":"Shading Mode"},"sceneLighting":true,"audioPlay":false,"sceneViewState":{"m_AlwaysRefresh":false,"showFog":true,"showSkybox":true,"showFlares":true,"showImageEffects":true,"showParticleSystems":true,"showVisualEffectGraphs":true,"m_FxEnabled":true},"in2DMode":false,"pivot":{"x":18.00002670288086,"y":15.048755645751954,"z":-55.77920913696289},"rotation":{"x":0.4348736107349396,"y":0.058021388947963718,"z":-0.028071841225028039,"w":0.8981925845146179},"size":75.12562561035156,"orthographic":true}