{"cameraMode":{"drawMode":0,"name":"Shaded","section":"Shading Mode"},"sceneLighting":true,"audioPlay":false,"sceneViewState":{"m_AlwaysRefresh":false,"showFog":true,"showSkybox":true,"showFlares":true,"showImageEffects":true,"showParticleSystems":true,"showVisualEffectGraphs":true,"m_FxEnabled":true},"in2DMode":false,"pivot":{"x":5.44325065612793,"y":14.830621719360352,"z":-65.33856201171875},"rotation":{"x":-0.24141328036785127,"y":-0.025316154584288598,"z":0.006286449730396271,"w":-0.9701104164123535},"size":25.514686584472658,"orthographic":true}