<?xml version="1.0" encoding="utf-8"?>
<COLLADA xmlns="http://www.collada.org/2005/11/COLLADASchema" version="1.4.1" xmlns:xsi="http://www.w3.org/2001/XMLSchema-instance">
  <asset>
    <contributor>
      <author>Blender User</author>
      <authoring_tool>Blender 2.79.0 commit date:2017-09-11, commit time:10:43, hash:5bd8ac9</authoring_tool>
    </contributor>
    <created>2018-11-21T15:14:36</created>
    <modified>2018-11-21T15:14:36</modified>
    <unit name="meter" meter="1"/>
    <up_axis>Z_UP</up_axis>
  </asset>
  <library_cameras>
    <camera id="Camera-camera" name="Camera">
      <optics>
        <technique_common>
          <perspective>
            <xfov sid="xfov">49.13434</xfov>
            <aspect_ratio>1.777778</aspect_ratio>
            <znear sid="znear">0.1</znear>
            <zfar sid="zfar">100</zfar>
          </perspective>
        </technique_common>
      </optics>
      <extra>
        <technique profile="blender">
          <shiftx sid="shiftx" type="float">0</shiftx>
          <shifty sid="shifty" type="float">0</shifty>
          <YF_dofdist sid="YF_dofdist" type="float">0</YF_dofdist>
        </technique>
      </extra>
    </camera>
  </library_cameras>
  <library_lights>
    <light id="LAMP_FRONT_PEACH-light" name="Lamp.002">
      <technique_common>
        <ambient>
          <color>1 1 1</color>
        </ambient>
      </technique_common>
      <extra>
        <technique profile="blender">
          <type sid="type" type="int">3</type>
          <flag sid="flag" type="int">0</flag>
          <mode sid="mode" type="int">8192</mode>
          <gamma sid="blender_gamma" type="float">1</gamma>
          <red sid="red" type="float">1</red>
          <green sid="green" type="float">1</green>
          <blue sid="blue" type="float">1</blue>
          <shadow_r sid="blender_shadow_r" type="float">0</shadow_r>
          <shadow_g sid="blender_shadow_g" type="float">0</shadow_g>
          <shadow_b sid="blender_shadow_b" type="float">0</shadow_b>
          <energy sid="blender_energy" type="float">1</energy>
          <dist sid="blender_dist" type="float">29.99998</dist>
          <spotsize sid="spotsize" type="float">75</spotsize>
          <spotblend sid="spotblend" type="float">0.15</spotblend>
          <halo_intensity sid="blnder_halo_intensity" type="float">1</halo_intensity>
          <att1 sid="att1" type="float">0</att1>
          <att2 sid="att2" type="float">1</att2>
          <falloff_type sid="falloff_type" type="int">2</falloff_type>
          <clipsta sid="clipsta" type="float">1.000799</clipsta>
          <clipend sid="clipend" type="float">30.002</clipend>
          <bias sid="bias" type="float">1</bias>
          <soft sid="soft" type="float">3</soft>
          <compressthresh sid="compressthresh" type="float">0.04999995</compressthresh>
          <bufsize sid="bufsize" type="int">2880</bufsize>
          <samp sid="samp" type="int">3</samp>
          <buffers sid="buffers" type="int">1</buffers>
          <filtertype sid="filtertype" type="int">0</filtertype>
          <bufflag sid="bufflag" type="int">0</bufflag>
          <buftype sid="buftype" type="int">2</buftype>
          <ray_samp sid="ray_samp" type="int">1</ray_samp>
          <ray_sampy sid="ray_sampy" type="int">1</ray_sampy>
          <ray_sampz sid="ray_sampz" type="int">1</ray_sampz>
          <ray_samp_type sid="ray_samp_type" type="int">0</ray_samp_type>
          <area_shape sid="area_shape" type="int">0</area_shape>
          <area_size sid="area_size" type="float">10000</area_size>
          <area_sizey sid="area_sizey" type="float">100</area_sizey>
          <area_sizez sid="area_sizez" type="float">1</area_sizez>
          <adapt_thresh sid="adapt_thresh" type="float">0.000999987</adapt_thresh>
          <ray_samp_method sid="ray_samp_method" type="int">1</ray_samp_method>
          <shadhalostep sid="shadhalostep" type="int">0</shadhalostep>
          <sun_effect_type sid="sun_effect_type" type="int">0</sun_effect_type>
          <skyblendtype sid="skyblendtype" type="int">1</skyblendtype>
          <horizon_brightness sid="horizon_brightness" type="float">1</horizon_brightness>
          <spread sid="spread" type="float">1</spread>
          <sun_brightness sid="sun_brightness" type="float">1</sun_brightness>
          <sun_size sid="sun_size" type="float">1</sun_size>
          <backscattered_light sid="backscattered_light" type="float">1</backscattered_light>
          <sun_intensity sid="sun_intensity" type="float">1</sun_intensity>
          <atm_turbidity sid="atm_turbidity" type="float">2</atm_turbidity>
          <atm_extinction_factor sid="atm_extinction_factor" type="float">1</atm_extinction_factor>
          <atm_distance_factor sid="atm_distance_factor" type="float">1</atm_distance_factor>
          <skyblendfac sid="skyblendfac" type="float">1</skyblendfac>
          <sky_exposure sid="sky_exposure" type="float">1</sky_exposure>
          <sky_colorspace sid="sky_colorspace" type="int">0</sky_colorspace>
        </technique>
      </extra>
    </light>
    <light id="Lamp_WEST-light" name="Lamp.003">
      <technique_common>
        <directional>
          <color sid="color">1 1 1</color>
        </directional>
      </technique_common>
      <extra>
        <technique profile="blender">
          <type sid="type" type="int">1</type>
          <flag sid="flag" type="int">0</flag>
          <mode sid="mode" type="int">8192</mode>
          <gamma sid="blender_gamma" type="float">1</gamma>
          <red sid="red" type="float">1</red>
          <green sid="green" type="float">1</green>
          <blue sid="blue" type="float">1</blue>
          <shadow_r sid="blender_shadow_r" type="float">0</shadow_r>
          <shadow_g sid="blender_shadow_g" type="float">0</shadow_g>
          <shadow_b sid="blender_shadow_b" type="float">0</shadow_b>
          <energy sid="blender_energy" type="float">1</energy>
          <dist sid="blender_dist" type="float">29.99998</dist>
          <spotsize sid="spotsize" type="float">75</spotsize>
          <spotblend sid="spotblend" type="float">0.15</spotblend>
          <halo_intensity sid="blnder_halo_intensity" type="float">1</halo_intensity>
          <att1 sid="att1" type="float">0</att1>
          <att2 sid="att2" type="float">1</att2>
          <falloff_type sid="falloff_type" type="int">2</falloff_type>
          <clipsta sid="clipsta" type="float">1.000799</clipsta>
          <clipend sid="clipend" type="float">30.002</clipend>
          <bias sid="bias" type="float">1</bias>
          <soft sid="soft" type="float">3</soft>
          <compressthresh sid="compressthresh" type="float">0.04999995</compressthresh>
          <bufsize sid="bufsize" type="int">2880</bufsize>
          <samp sid="samp" type="int">3</samp>
          <buffers sid="buffers" type="int">1</buffers>
          <filtertype sid="filtertype" type="int">0</filtertype>
          <bufflag sid="bufflag" type="int">0</bufflag>
          <buftype sid="buftype" type="int">2</buftype>
          <ray_samp sid="ray_samp" type="int">1</ray_samp>
          <ray_sampy sid="ray_sampy" type="int">1</ray_sampy>
          <ray_sampz sid="ray_sampz" type="int">1</ray_sampz>
          <ray_samp_type sid="ray_samp_type" type="int">0</ray_samp_type>
          <area_shape sid="area_shape" type="int">1</area_shape>
          <area_size sid="area_size" type="float">0.1</area_size>
          <area_sizey sid="area_sizey" type="float">0.1</area_sizey>
          <area_sizez sid="area_sizez" type="float">1</area_sizez>
          <adapt_thresh sid="adapt_thresh" type="float">0.000999987</adapt_thresh>
          <ray_samp_method sid="ray_samp_method" type="int">1</ray_samp_method>
          <shadhalostep sid="shadhalostep" type="int">0</shadhalostep>
          <sun_effect_type sid="sun_effect_type" type="int">0</sun_effect_type>
          <skyblendtype sid="skyblendtype" type="int">1</skyblendtype>
          <horizon_brightness sid="horizon_brightness" type="float">1</horizon_brightness>
          <spread sid="spread" type="float">1</spread>
          <sun_brightness sid="sun_brightness" type="float">1</sun_brightness>
          <sun_size sid="sun_size" type="float">1</sun_size>
          <backscattered_light sid="backscattered_light" type="float">1</backscattered_light>
          <sun_intensity sid="sun_intensity" type="float">1</sun_intensity>
          <atm_turbidity sid="atm_turbidity" type="float">2</atm_turbidity>
          <atm_extinction_factor sid="atm_extinction_factor" type="float">1</atm_extinction_factor>
          <atm_distance_factor sid="atm_distance_factor" type="float">1</atm_distance_factor>
          <skyblendfac sid="skyblendfac" type="float">1</skyblendfac>
          <sky_exposure sid="sky_exposure" type="float">1</sky_exposure>
          <sky_colorspace sid="sky_colorspace" type="int">0</sky_colorspace>
        </technique>
      </extra>
    </light>
    <light id="Lamp-light" name="Lamp">
      <technique_common>
        <point>
          <color sid="color">1 1 1</color>
          <constant_attenuation>1</constant_attenuation>
          <linear_attenuation>0</linear_attenuation>
          <quadratic_attenuation>0.00111109</quadratic_attenuation>
        </point>
      </technique_common>
      <extra>
        <technique profile="blender">
          <type sid="type" type="int">0</type>
          <flag sid="flag" type="int">0</flag>
          <mode sid="mode" type="int">8192</mode>
          <gamma sid="blender_gamma" type="float">1</gamma>
          <red sid="red" type="float">1</red>
          <green sid="green" type="float">1</green>
          <blue sid="blue" type="float">1</blue>
          <shadow_r sid="blender_shadow_r" type="float">0</shadow_r>
          <shadow_g sid="blender_shadow_g" type="float">0</shadow_g>
          <shadow_b sid="blender_shadow_b" type="float">0</shadow_b>
          <energy sid="blender_energy" type="float">1</energy>
          <dist sid="blender_dist" type="float">29.99998</dist>
          <spotsize sid="spotsize" type="float">75</spotsize>
          <spotblend sid="spotblend" type="float">0.15</spotblend>
          <halo_intensity sid="blnder_halo_intensity" type="float">1</halo_intensity>
          <att1 sid="att1" type="float">0</att1>
          <att2 sid="att2" type="float">1</att2>
          <falloff_type sid="falloff_type" type="int">2</falloff_type>
          <clipsta sid="clipsta" type="float">1.000799</clipsta>
          <clipend sid="clipend" type="float">30.002</clipend>
          <bias sid="bias" type="float">1</bias>
          <soft sid="soft" type="float">3</soft>
          <compressthresh sid="compressthresh" type="float">0.04999995</compressthresh>
          <bufsize sid="bufsize" type="int">2880</bufsize>
          <samp sid="samp" type="int">3</samp>
          <buffers sid="buffers" type="int">1</buffers>
          <filtertype sid="filtertype" type="int">0</filtertype>
          <bufflag sid="bufflag" type="int">0</bufflag>
          <buftype sid="buftype" type="int">2</buftype>
          <ray_samp sid="ray_samp" type="int">1</ray_samp>
          <ray_sampy sid="ray_sampy" type="int">1</ray_sampy>
          <ray_sampz sid="ray_sampz" type="int">1</ray_sampz>
          <ray_samp_type sid="ray_samp_type" type="int">0</ray_samp_type>
          <area_shape sid="area_shape" type="int">1</area_shape>
          <area_size sid="area_size" type="float">0.1</area_size>
          <area_sizey sid="area_sizey" type="float">0.1</area_sizey>
          <area_sizez sid="area_sizez" type="float">1</area_sizez>
          <adapt_thresh sid="adapt_thresh" type="float">0.000999987</adapt_thresh>
          <ray_samp_method sid="ray_samp_method" type="int">1</ray_samp_method>
          <shadhalostep sid="shadhalostep" type="int">0</shadhalostep>
          <sun_effect_type sid="sun_effect_type" type="int">0</sun_effect_type>
          <skyblendtype sid="skyblendtype" type="int">1</skyblendtype>
          <horizon_brightness sid="horizon_brightness" type="float">1</horizon_brightness>
          <spread sid="spread" type="float">1</spread>
          <sun_brightness sid="sun_brightness" type="float">1</sun_brightness>
          <sun_size sid="sun_size" type="float">1</sun_size>
          <backscattered_light sid="backscattered_light" type="float">1</backscattered_light>
          <sun_intensity sid="sun_intensity" type="float">1</sun_intensity>
          <atm_turbidity sid="atm_turbidity" type="float">2</atm_turbidity>
          <atm_extinction_factor sid="atm_extinction_factor" type="float">1</atm_extinction_factor>
          <atm_distance_factor sid="atm_distance_factor" type="float">1</atm_distance_factor>
          <skyblendfac sid="skyblendfac" type="float">1</skyblendfac>
          <sky_exposure sid="sky_exposure" type="float">1</sky_exposure>
          <sky_colorspace sid="sky_colorspace" type="int">0</sky_colorspace>
        </technique>
      </extra>
    </light>
  </library_lights>
  <library_images/>
  <library_effects>
    <effect id="spearman-keltoi2_Mat-effect">
      <profile_COMMON>
        <technique sid="common">
          <phong>
            <emission>
              <color sid="emission">0 0 0 1</color>
            </emission>
            <ambient>
              <color sid="ambient">0 0 0 1</color>
            </ambient>
            <diffuse>
              <color sid="diffuse">0.64 0.64 0.64 1</color>
            </diffuse>
            <specular>
              <color sid="specular">0.5 0.5 0.5 1</color>
            </specular>
            <shininess>
              <float sid="shininess">50</float>
            </shininess>
            <index_of_refraction>
              <float sid="index_of_refraction">1</float>
            </index_of_refraction>
          </phong>
        </technique>
      </profile_COMMON>
    </effect>
    <effect id="spearman-kel-effect">
      <profile_COMMON>
        <technique sid="common">
          <phong>
            <emission>
              <color sid="emission">0 0 0 1</color>
            </emission>
            <ambient>
              <color sid="ambient">0 0 0 1</color>
            </ambient>
            <diffuse>
              <color sid="diffuse">0.64 0.64 0.64 1</color>
            </diffuse>
            <specular>
              <color sid="specular">0.5 0.5 0.5 1</color>
            </specular>
            <shininess>
              <float sid="shininess">50</float>
            </shininess>
            <index_of_refraction>
              <float sid="index_of_refraction">1</float>
            </index_of_refraction>
          </phong>
        </technique>
      </profile_COMMON>
    </effect>
  </library_effects>
  <library_materials>
    <material id="spearman-keltoi2_Mat-material" name="spearman-keltoi2_Mat">
      <instance_effect url="#spearman-keltoi2_Mat-effect"/>
    </material>
    <material id="spearman-kel-material" name="spearman-kel">
      <instance_effect url="#spearman-kel-effect"/>
    </material>
  </library_materials>
  <library_geometries>
    <geometry id="spearman-keltoi2_Mesh-mesh" name="spearman-keltoi2_Mesh">
      <mesh>
        <source id="spearman-keltoi2_Mesh-mesh-positions">
          <float_array id="spearman-keltoi2_Mesh-mesh-positions-array" count="489">-0.2240291 0.1090694 3.328625 0.2126964 0.1090694 3.328625 -0.3439251 0.3291572 3.123807 0.3326051 0.3291484 3.123806 0.214084 0.1116162 3.328461 0.2203625 0.2792131 3.329274 0.1056202 0.3172113 3.329037 -0.1951333 0.2806924 3.328838 -0.1105418 0.3177413 3.328396 9.18116e-4 -0.1549445 3.342726 0.001015543 0.1281747 3.365488 -0.3949369 0.3025181 2.898262 -0.424343 0.02788609 3.284013 -0.4065696 -0.1895676 2.889541 0.3653439 0.2998411 2.905944 0.3779656 -0.1960438 2.88671 0.6088988 0.1230348 3.050473 0.3992865 0.02788627 3.284013 -0.02243858 -0.3679506 2.888154 -0.5150049 0.1183339 3.150431 -0.2170963 0.1631295 3.18606 0.206888 0.1640562 3.183775 0.4871316 0.1226121 3.146345 0.5250889 -0.04742091 3.281611 1.012006 0.2647779 3.119751 0.9819598 0.09560978 3.029607 1.03598 0.08406001 3.264718 1.015376 -0.07325488 3.115747 1.566939 0.09795004 3.027466 1.611747 0.01647073 3.199022 1.580797 -0.1209571 3.061195 1.814883 0.1168664 3.132746 1.816026 -0.1231874 3.189737 1.782331 -0.1246852 2.998413 1.783328 0.09826642 2.997603 1.753992 0.7682403 3.321845 1.279661 -1.471399 3.394402 0.6755403 0.7213782 3.371239 1.239627 0.3069094 3.637826 1.413132 1.315883 3.410247 1.04858 1.296258 3.426765 1.634395 -1.212126 3.573812 1.27922 -0.3704148 3.717963 1.183731 -1.434069 3.460708 0.6303932 -0.8566319 3.445209 0.9898115 1.107354 3.564154 1.107501 1.18681 3.548297 1.389407 1.20795 3.531685 1.487636 1.126866 3.522433 1.819285 -0.7998412 3.254422 1.818215 -0.8026012 3.254873 1.408029 -1.424845 3.448676 1.288691 -1.429753 3.455077 0.9010722 -1.239898 3.607712 1.142556 -1.234529 3.546167 -0.571512 -0.04725682 3.257805 -1.018955 0.09549951 2.960038 -1.055014 0.2640177 3.047587 -1.08871 0.08399432 3.190035 -1.058107 -0.07271611 3.043379 -0.5786903 0.1226091 3.28222 -1.582038 0.09795981 2.936727 -1.638383 0.01647263 3.104864 -1.465011 -0.1209688 3.008498 -1.836554 0.1168777 3.024951 -1.795901 0.09827625 2.892247 -1.794962 -0.1246972 2.893123 -1.841562 -0.123199 3.081739 -1.699242 -2.724084 3.042806 -1.668541 -2.72363 2.938779 -1.782617 -2.724542 2.957633 -1.679977 -2.389534 3.051357 -1.649199 -2.389081 2.947353 -1.809051 -2.389993 2.952779 -1.708407 -2.283266 3.046209 -1.677706 -2.282812 2.942182 -1.791781 -2.283723 2.961037 -1.803871 1.776524 3.02109 -1.681976 1.776979 2.943814 -1.796051 1.776068 2.96267 -1.735189 -2.988172 2.971719 -1.735431 -2.988175 2.972536 -1.736086 -2.988179 2.971867 -0.285091 0.07044583 3.729194 0.2737504 0.07044583 3.729197 -0.2090373 -0.2029094 3.706426 -0.1183497 -0.2868474 3.260928 0.1976969 -0.2029093 3.706428 0.1070106 -0.2868474 3.260929 -8.15305e-4 0.2818665 3.741568 -0.1533191 -0.1395738 3.840678 -0.2085375 0.05889433 3.857209 0.1972064 0.05889439 3.857211 0.1419883 -0.1395738 3.84068 -8.1122e-4 0.2123953 3.866193 -0.005661368 0.007491469 3.913694 -0.1401953 0.2013989 3.673375 -0.03443473 0.296186 3.706838 0.1581815 0.2013972 3.67338 0.03333657 0.2954006 3.70632 -0.03393143 0.2963399 3.704114 0.411096 0.09393602 1.258248 0.0086627 0.09354841 1.24538 0.3609784 0.228251 1.932243 0.001328945 0.3342789 2.02457 0.1980964 -0.1688071 1.367048 0.2485851 -0.1569398 2.117437 0.3414517 0.1895697 0.4351448 0.2229036 0.2768607 0.4348141 0.3377442 0.2744967 0.00559926 0.08790111 0.1893479 0.4348595 0.1002245 0.2728769 0.005605161 0.2158747 -0.06221473 0.1528226 0.2181047 -0.05221605 0.4319517 0.4079373 0.3291853 0.3551362 0.05283474 0.3267383 0.3551375 0.21542 -0.2294807 0.3998756 0.203376 0.3089135 1.268604 0.1949442 -0.1152269 1.099602 0.3964443 -0.3780313 0.002431213 0.09578365 -0.4097504 0.002430558 -0.4621919 0.09578502 1.254635 -0.07723402 0.09537816 1.241785 -0.4325319 0.2396026 1.931996 -0.08089613 0.3456554 2.024363 -0.2330191 -0.1833163 1.363435 -0.3181352 -0.1707106 2.117191 -0.4095258 0.1872726 0.4387802 -0.2845261 0.2752566 0.4385426 -0.4111213 0.2856089 0.001508831 -0.1550543 0.1870514 0.4385097 -0.1705732 0.2838754 0.00151515 -0.2798994 -0.05536562 0.4357502 -0.2876963 -0.06368923 0.1487324 -0.4593378 0.3396933 0.3548927 -0.09604847 0.3371765 0.3548943 -0.3009358 -0.250254 0.3978894 -0.2808049 0.3227991 1.268644 -0.241703 -0.1272972 1.100666 -0.4775494 -0.3986344 -0.002549827 -0.1730555 -0.4323257 -0.00254929 -0.4284363 -0.316072 2.317482 0.4228162 -0.316067 2.316622 -0.432852 0.3178442 2.326389 0.4272252 0.3178498 2.325527 0.4272252 0.326781 2.325527 -0.432852 0.3267755 2.326389 0.5238223 -0.1051474 2.030133 0.2180587 -0.3729043 2.030102 0.336865 -0.3915719 1.638306 0.6178943 -0.1240329 1.639597 0.5275388 0.3506219 1.98821 0.6435014 0.3272377 1.511703 0.2690494 0.4290722 1.95161 0.311094 0.4585403 1.474311 -0.5249353 -0.1051523 2.03006 -0.2206481 -0.3729052 2.030081 -0.6028865 -0.1240382 1.639523 -0.3251973 -0.3921341 1.638216 -0.2908458 0.4590001 1.471642 -0.5220028 0.3506143 1.987494 -0.6166092 0.3272274 1.510989 -0.2909551 0.4290723 1.95161</float_array>
          <technique_common>
            <accessor source="#spearman-keltoi2_Mesh-mesh-positions-array" count="163" stride="3">
              <param name="X" type="float"/>
              <param name="Y" type="float"/>
              <param name="Z" type="float"/>
            </accessor>
          </technique_common>
        </source>
        <source id="spearman-keltoi2_Mesh-mesh-normals">
          <float_array id="spearman-keltoi2_Mesh-mesh-normals-array" count="2133">-0.6339634 -0.7346974 0.2414751 -0.9417876 0.2230945 0.2515254 -0.4881744 -0.8706926 0.05983626 -0.9999257 0.004368305 0.0113883 -0.4881525 -0.8707096 0.05976635 -0.9417972 0.2230431 0.2515349 0.9743811 -0.2239266 0.02094072 0.9476715 0.2271246 0.2243505 0.4881358 -0.870718 0.05978041 0.6339635 -0.7346969 0.2414764 0.4881345 -0.8707141 0.0598495 0.9476635 0.2271496 0.2243592 -0.4881396 -0.8707171 0.05976283 0.4881381 -0.8707177 0.05976611 -0.6339644 -0.7346734 0.2415455 -0.6339762 -0.734688 0.2414699 0.488148 -0.8707091 0.05980992 0.6339722 -0.7346853 0.2414889 -0.4307242 0.8086709 0.4006596 -0.999926 0.00432533 0.01137179 -0.6863526 0.6298388 0.3636253 0.1472994 0.9532856 0.2637223 -0.3089171 0.8276023 0.4686628 -0.6171168 0.7294697 0.295027 -0.617147 0.7294536 0.2950032 -0.9417853 0.2230591 0.2515656 0.1473235 0.9532779 0.2637371 -0.3088887 0.8276014 0.468683 0.147311 0.9532905 0.2636982 0.9476801 0.2271264 0.2243124 0.947673 0.2271308 0.2243378 0.7102681 0.66578 0.2285962 0.2094638 0.7270715 0.6538287 -0.3088409 0.8276206 0.4686805 0.9476674 0.227146 0.2243462 0.209514 0.7270799 0.6538034 0.9333492 -0.2241503 0.2803854 0.7500675 0.5437858 0.3764253 0.7102665 0.6657975 0.2285505 0.9743893 -0.2238903 0.02095025 0.9333508 -0.2241333 0.2803935 0.7102258 0.6658088 0.2286437 0.9476575 0.2271487 0.2243855 0.9743804 -0.2239349 0.02088409 0.7102553 0.6657969 0.2285867 -0.9417888 0.2230718 0.2515413 -0.6339403 -0.7347017 0.2415223 -0.396968 -0.5763422 0.7143152 -0.3969707 -0.5763937 0.7142722 -0.6434232 0.2098097 0.7361973 -0.9417782 0.2231174 0.2515404 0.6339733 -0.7346755 0.241516 0.9476722 0.2271167 0.2243558 0.6452317 0.2005828 0.7371855 0.6452659 0.2006192 0.7371457 0.3969981 -0.5763463 0.714295 0.6339756 -0.7346746 0.241512 -0.6339755 -0.7346708 0.241524 0.633974 -0.7346689 0.2415343 0.3969748 -0.5763751 0.7142848 0.3970082 -0.576388 0.7142558 -0.3969489 -0.5763613 0.7143104 -0.6339794 -0.7346581 0.2415526 0.1473132 0.9532749 0.2637535 -0.9417873 0.2230618 0.2515555 -0.643436 0.2098488 0.736175 -0.6434574 0.2098079 0.7361679 0.009275138 0.6817083 0.7315652 0.1473469 0.9532762 0.2637299 0.9476578 0.227126 0.2244071 0.1472977 0.9532791 0.2637469 0.009276986 0.6817253 0.7315494 0.009288072 0.6816713 0.7315997 0.645279 0.2005833 0.7371441 0.9476724 0.2271181 0.224353 -0.6434479 0.2097942 0.7361803 -0.3969858 -0.5763699 0.7142829 -0.001037061 -0.07255047 0.9973642 0.3969805 -0.5763745 0.7142821 0.6452375 0.200591 0.7371783 -0.001021981 -0.07255667 0.9973638 -0.3969866 -0.5763372 0.7143089 0.3970193 -0.5763496 0.7142807 -0.001027226 -0.07256126 0.9973635 0.009289562 0.6817172 0.7315568 -0.6434449 0.209845 0.7361683 -0.001014292 -0.07257682 0.9973623 0.6452428 0.2006087 0.7371689 0.009250342 0.6816967 0.7315764 -0.001006484 -0.07257777 0.9973623 -0.4307104 0.8086721 0.4006717 -0.686312 0.629877 0.3636357 -0.1578139 0.9786914 0.1313697 -0.3088939 0.8276003 0.4686815 0.2094438 0.7270891 0.6538155 0.006461739 0.998307 0.05780452 -0.6863384 0.6298341 0.3636601 -0.999926 0.004351019 0.01136726 -0.941784 0.2230933 0.2515398 -0.9418019 0.2230669 0.2514961 -0.6171405 0.7294585 0.2950051 -0.6863352 0.6298393 0.3636574 0.2094738 0.7270588 0.6538396 0.7102721 0.6657776 0.2285909 0.7500599 0.5438134 0.3764004 0.2094565 0.7270718 0.6538307 0.7500638 0.5438063 0.3764027 0.1256471 0.9853702 0.1151453 0.00644207 0.9983066 0.05781435 0.2094679 0.7270934 0.6538031 0.1256603 0.9853699 0.1151343 0.7500578 0.5437925 0.3764348 0.9333385 -0.2241911 0.2803881 0.4553289 0.822097 0.3418075 0.1256445 0.9853682 0.1151654 0.7500602 0.5438074 0.3764085 0.4553874 0.8220936 0.3417376 -0.4307018 0.8086708 0.4006841 -0.1578279 0.9786871 0.1313843 0.1256632 0.9853696 0.1151335 0.1256788 0.9853659 0.1151474 0.4553918 0.8220942 0.3417299 -0.4306859 0.8086787 0.4006852 -0.6863234 0.6298537 0.3636546 -0.6171197 0.7294741 0.29501 -0.308896 0.8276159 0.4686526 -0.3087893 0.8276311 0.4686962 0.006504118 0.9983057 0.05782365 -0.1577317 0.9787022 0.1313885 -0.6863363 0.6298378 0.3636577 -0.3088873 0.8276069 0.4686743 -0.1578168 0.9786911 0.1313686 0.006411969 0.9983074 0.05780369 0.125677 0.9853667 0.1151431 -0.1578456 0.9786857 0.1313742 -0.7679646 -0.396838 -0.5027428 -0.6278257 -0.04163557 -0.7772396 -0.6902419 -0.6251087 -0.3644246 -0.3341125 -0.4932944 -0.8031373 0.01713484 -0.7489958 -0.6623532 0.009441971 -0.7407674 -0.6716953 -0.05948734 -0.1098845 -0.9921626 -0.02195185 -0.07129794 -0.9972136 -0.673471 0.1708748 -0.7191931 -0.1272224 -0.09166985 -0.9876291 -0.002225697 -0.04845589 -0.9988229 -0.6892977 -0.4677683 -0.5532284 -0.5929801 0.009928464 -0.8051559 0.00540775 -0.04839324 -0.9988138 0.5278345 0.4472345 -0.722061 0.4309833 -0.07682651 -0.8990836 0.2945481 0.003971695 -0.9556285 0.007924497 -0.04677319 -0.9988742 0.5316224 0.4452086 -0.7205324 0.005257129 -0.04844176 -0.9988123 -0.1063295 -0.0906887 -0.9901866 0.5284048 0.02632707 -0.8485844 0.5711365 0.6664885 -0.4791619 -0.001091122 0.5886768 -0.8083678 0.04659801 0.1876893 -0.9811225 -0.1064985 -0.07313483 -0.9916196 -0.5351603 0.4641086 -0.7058377 0.03031742 0.4411825 -0.8969052 -0.4532358 0.5169242 -0.7262003 -0.3129084 0.5653924 -0.7631644 -0.4091041 0.8901373 -0.2007222 -0.06730997 0.5581367 -0.8270146 -0.06396257 0.8272003 -0.5582548 -0.3455347 0.9042756 -0.2507817 -0.06396031 0.8272007 -0.5582547 0.5703282 -0.05473637 -0.8195912 0.7779175 -0.4832035 -0.4016948 0.7840651 -0.4020621 -0.4728509 0.8059928 -0.4910905 -0.3304632 0.3224642 -0.6203266 -0.7149908 -0.05036395 -0.1085801 -0.9928111 -0.02360701 -0.07683724 -0.9967642 -0.01270699 -0.0512889 -0.9986031 -0.1653436 -0.08822679 -0.9822818 -0.6426742 -0.5541358 -0.5290591 -0.6731701 -0.5038844 -0.5412418 -0.4751979 0.04050159 -0.8789463 -0.7801783 -0.3525226 -0.5167685 -0.8267651 -0.06415158 -0.5588776 -0.6510855 -0.5319016 -0.5414502 -0.5691245 0.3293407 -0.7534136 -0.006476998 -0.04789322 -0.9988315 -0.273643 0.9475142 -0.1653375 -0.4459848 0.8920066 -0.07363355 -0.8525944 0.07247883 -0.5175225 -0.5033004 0.862851 -0.04665827 -0.721675 0.5585421 -0.4089205 -0.8863962 0.1447252 -0.4397232 0.4187631 0.5965426 -0.6846711 -0.124014 -0.07336705 -0.9895645 -0.2452827 0.2262108 -0.9426904 -0.2393354 0.3401003 -0.9094231 0.3890784 0.606068 -0.6937577 -0.0651564 0.3814656 -0.9220839 -0.4060225 0.6829507 0.6072266 -0.1045621 0.9055696 0.4111088 -0.2839465 0.9388424 0.1948062 -0.4641788 -0.8577634 0.2208617 0.0107879 -0.6176832 0.786353 -0.5024279 -0.08471626 0.8604589 0.01079523 -0.617648 0.7863807 0.01410514 0.570356 0.8212766 -0.5024709 -0.08470553 0.8604348 -0.2420122 0.9620389 -0.1261406 0.04571813 -0.01266139 -0.9988742 -0.03230053 0.755334 -0.6545436 -0.2297612 -0.05036777 0.9719429 -0.2346704 0.962249 -0.1378648 -0.02715563 0.1989759 0.9796281 -0.04946732 0.2123454 0.9759418 -0.2609378 0.9520007 -0.1600192 -0.00932604 0.7407479 -0.6717184 -0.1541156 0.6451047 -0.7483906 0.05580121 -0.1441302 -0.9879842 0.4705152 -0.8593758 -0.200222 0.02871519 -0.9907346 -0.1327428 0.3325489 -0.8893801 -0.3137106 0.01997047 -0.01793295 -0.9996398 -0.1415067 0.3529213 0.9248906 0.4443352 -0.8881937 -0.1169547 0.05590277 -0.9975224 0.04270803 -0.02253019 0.1917877 0.9811778 0.01473635 -0.9907459 -0.1349286 -0.1924513 -0.05433452 0.9798012 -0.005380809 0.1760367 0.984369 -0.6476181 0.6934608 0.3157576 -0.6101546 -0.5632291 0.5572112 -0.005440533 0.1760907 0.984359 0.05962598 0.7654915 -0.6406775 -0.6476819 0.6934003 0.3157597 0.252678 -0.9176152 -0.3068163 -0.3914808 -0.5831799 -0.7117894 -0.4627996 0.4519681 -0.7625887 -0.6476578 0.6934091 0.31579 -0.3918681 0.5181216 -0.7602562 -0.3654416 -0.5852409 -0.7238408 -0.4478048 0.4283157 -0.7848674 -0.08033573 0.7076666 -0.7019646 0.5103504 -0.8271971 -0.235133 -0.7158496 -0.4417274 0.5407739 0.4424001 -0.8957129 -0.0445069 -0.300027 0.3537532 0.8859134 -0.6722027 -0.5612633 0.4828324 -0.3814834 -0.5816026 -0.7184767 0.2157889 -0.9253006 -0.311856 0.059695 0.765488 -0.6406751 -0.3918186 0.5181156 -0.7602857 -0.6476477 0.6934201 0.3157864 -0.245813 0.4158297 0.8755922 -0.2129182 -0.5987635 0.7721062 0.2425912 -0.1236381 0.9622178 0.09456247 -0.1159983 0.9887378 -0.1613833 -0.6608628 0.73295 0.03925597 -0.9293451 0.3671196 0.1776767 0.8658734 0.4676477 0.553474 0.4947552 0.669988 0.4575125 0.8867528 -0.06596851 0.8593973 -0.2152681 0.4637846 0.9328275 0.2324048 0.275356 0.4675681 -0.2312732 0.8531664 -0.6767344 0.7121814 0.1866235 -0.6924446 -0.714718 0.09848266 -0.4622054 -0.8586152 0.2216896 -0.280888 0.9376298 0.2048228 -0.6765452 0.7181911 0.1627524 -0.4648702 -0.8693782 0.1675627 0.692555 -0.711259 0.1203261 0.6741933 0.708148 0.2097378 0.45593 -0.8610203 0.2253261 0.460388 -0.8709059 0.1719477 0.6754169 0.7135109 0.186318 0.2682616 0.9388926 0.2156768 -0.1045567 0.9055616 0.411128 0.1434732 0.8691012 0.4733694 0.2728629 0.9403886 0.2030152 0.2728821 0.9403775 0.2030405 -0.2839698 0.9388313 0.1948261 -0.104569 0.9055657 0.4111157 -0.6749402 0.7224671 0.1499902 -0.2825406 0.939947 0.1914955 0.2824186 0.9419816 0.1814123 -0.6710253 0.7215486 0.1705662 0.278218 0.9416638 0.1893778 0.6792691 0.7185392 0.1493148 -0.4641692 -0.8577706 0.2208547 -0.01746761 -0.9673683 0.2527715 0.0107876 -0.6176551 0.7863752 -0.693295 -0.7102221 0.122175 -0.009018063 -0.962509 0.2710998 -0.4595736 -0.847319 0.2661632 -0.6476444 0.6934509 0.3157256 -0.3654156 -0.5851749 -0.7239074 -0.6101549 -0.5632349 0.5572052 -0.218427 -0.05514776 0.9742938 -0.1306551 -0.9765927 -0.1708683 0.09632825 -0.6002607 0.7939823 0.02143526 -0.7039849 0.7098915 -0.1911919 -0.9061093 -0.3773745 0.09063667 -0.930154 0.3558068 0.1404518 -0.8982224 0.4164974 -0.2170799 -0.9604769 -0.1742424 -0.2115648 0.07127243 -0.9747618 0.1982865 -0.8827557 0.4259401 -0.2360377 0.05327868 -0.9702822 0.2775837 0.9090048 0.3108981 -0.1562703 -0.05323958 -0.9862784 -0.1295872 0.9821773 -0.1361439 0.2919155 0.9316132 0.2165228 0.1606425 0.398171 0.9031357 -0.1903433 -0.04651433 0.9806151 0.139628 -0.5827072 0.8005976 0.1066195 0.4939323 0.8629388 0.370496 0.902547 0.2194122 -0.04640179 0.9636956 -0.2629404 -0.04416513 0.9953713 -0.08535546 -0.1841175 -0.05247914 0.9815023 0.1647782 0.3681621 0.9150437 0.2461904 0.9643553 -0.09700083 0.05738872 0.7518933 -0.6567824 0.02638846 -0.0122556 -0.9995766 0.1677855 -0.04920279 0.984595 -0.02870279 0.199944 0.9793868 0.2408998 0.9645276 -0.107953 -0.008271038 0.2114333 0.9773575 0.03676545 0.7392588 -0.6724171 0.2666524 0.9554636 -0.1264355 0.02392399 0.7612366 -0.6480328 -0.25399 -0.9056009 -0.3396707 0.01155775 -0.001170217 -0.9999326 -8.84146e-4 -0.9933724 -0.1149377 -0.009385228 -0.01512444 -0.9998416 -0.2901614 -0.9006661 -0.3234301 -0.05983835 0.1977788 0.9784186 -0.02594989 -0.993234 -0.1131939 -0.2708755 -0.9041394 -0.3303917 -0.03282058 0.1929106 0.9806674 0.1308654 -0.05303478 0.9899806 0.002523958 -0.9928037 -0.1197268 -0.05007034 0.1774583 0.9828538 0.5709471 -0.5632205 0.5973292 0.6247143 0.693466 0.3589388 -0.05007469 0.1774891 0.9828479 0.624745 0.6934114 0.3589909 -0.03092813 0.7613406 -0.6476142 -0.1866414 -0.9213835 -0.3409069 0.4425678 0.5180625 -0.7319461 0.4137426 -0.585193 -0.6973996 0.624751 0.6934056 0.3589916 0.4137373 -0.5852254 -0.6973757 0.4425375 0.5181176 -0.7319254 0.4425674 0.5180899 -0.731927 -0.1866632 -0.921384 -0.3408938 -0.03083324 0.7613525 -0.6476045 0.5709775 -0.5631788 0.5973395 -0.05002439 0.1774613 0.9828556 -0.1866945 -0.9213743 -0.3409026 0.571019 -0.5631886 0.5972906 -0.1866199 -0.9213998 -0.3408746 0.413687 -0.585191 -0.6974343 -0.03091132 0.7613534 -0.6475999 0.6247416 0.693418 0.3589841 0.4425028 0.518112 -0.7319504 0.4686304 0.8789002 0.08899402 0.06431835 0.7135262 0.6976701 0.4440955 0.2126507 0.8703786 -0.1961487 -0.02963626 0.9801263 -0.1685693 -0.9111868 0.3759297 0.01369851 -0.6359323 0.7716234 0.3777155 0.7006148 0.6053677 0.50238 -0.03941559 0.8637482 0.8272544 0.4133366 0.3805299 0.827261 0.413303 0.3805522 0.2728948 0.9403799 0.2030125 0.3777192 0.7006146 0.6053655 0.6247378 0.6934496 0.3589295 0.5709533 -0.5632369 0.5973077 0.4137195 -0.5851589 -0.6974419 0.1506814 -0.05342191 0.987138 -0.1623054 -0.5983455 0.7846271 0.1487082 -0.9780384 -0.1460363 -0.07981669 -0.7046294 0.7050722 -0.120101 -0.934087 0.3362398 0.2268726 -0.9094199 -0.3485462 -0.1756501 -0.9019858 0.3944221 0.2925305 0.07886636 -0.9529985 0.2312958 -0.9620679 -0.1446645 -0.240599 -0.8912257 0.3844853 -0.3037769 0.9054833 0.2963438 0.3127363 0.07416254 -0.9469403 0.2289974 -0.0547946 -0.9718836 -0.3112906 0.9329814 0.1806762 0.1370953 0.983668 -0.116628 -0.2739198 0.9582409 -0.08211302 -0.4968605 0.4195681 0.759666 -0.1200309 0.8759148 0.4672964 -0.2526237 -0.2410631 0.9370539 -0.1166269 0.8690789 0.4807287 -0.5984129 0.3864552 0.7018222 -0.08528453 0.996289 -0.01161223 -0.6851527 0.2916069 0.6674813 -0.3521674 -0.133731 0.9263337 0.4598858 -0.8598968 0.2215458 0.5024177 -0.03938305 0.8637277 0.01075994 -0.6176456 0.786383 0.01078432 -0.6176517 0.7863779 0.5023735 -0.0394144 0.8637519 0.01413416 0.5703697 0.8212665 0.3776915 0.7006237 0.6053723 0.2728995 0.9403815 0.2029991 0.1434842 0.869095 0.4733774 0.6951528 -0.7044335 0.1433047 0.4553748 -0.8488038 0.2686371 -0.02533602 -0.9621904 0.2711972 -0.01745045 -0.9673658 0.2527825 0.4598857 -0.8599006 0.2215312 0.01078307 -0.6176666 0.7863663 0.01410323 0.5703641 0.821271 -0.1045453 0.9055651 0.4111232 -0.4060109 0.6829686 0.6072142 -0.4059902 0.6829599 0.6072379 -0.5024524 -0.08467322 0.8604488 0.01415419 0.5703364 0.8212894 0.1434772 0.8690969 0.4733762 -0.1045823 0.905562 0.4111205 0.01419061 0.570366 0.8212681 0.5023612 -0.03940862 0.8637594 0.3777034 0.7006143 0.6053757 0.1434778 0.8691003 0.4733698 0.1435006 0.8690932 0.4733757 0.01414954 0.570348 0.8212813 0.5023915 -0.03941261 0.8637416 0.367908 -0.1520888 0.91734 0.8353735 -0.1536253 -0.5277789 0.9064832 0.06929159 -0.4165174 0.9063479 0.06946653 -0.4167829 0.5311564 0.01540589 0.8471338 0.3681104 -0.1520596 0.9172637 0.6593393 -0.1497254 -0.7367863 -0.943503 -0.1202538 -0.3087738 -0.9449605 0.02918338 -0.3258802 -0.9450398 0.0291453 -0.3256539 0.7134741 0.09366762 -0.6943926 0.6305861 -0.1296493 -0.7652139 -0.9459577 -0.1200623 -0.301246 0.1540685 -0.1432633 0.9776188 0.2728899 0.03664225 0.9613473 0.2303435 0.02649056 0.9727488 -0.9453791 0.02921277 -0.3246614 -0.9455507 -0.1204158 -0.3023805 0.5196951 0.08994573 0.8496039 0.900321 0.1468862 -0.409691 0.7820255 0.1012868 -0.6149612 0.782158 0.1012645 -0.6147964 0.3074485 0.1165314 0.9444025 0.5195268 0.08972895 0.8497297 0.7114905 0.1039412 -0.6949659 -0.9450433 0.02921456 -0.3256375 -0.9398636 0.05750548 -0.3366746 -0.9397178 0.0572282 -0.3371281 0.6456785 0.05913996 -0.7613158 0.7475445 0.08352255 -0.6589395 -0.9453842 0.02919417 -0.3246483 0.2345976 0.01279264 0.9720085 0.1030293 0.06477504 0.992567 0.1289341 0.0956934 0.9870253 -0.9408475 0.0575512 -0.3339067 -0.9454723 0.02923029 -0.3243885 0.3084927 0.08670198 0.9472672 0.7856122 0.0724703 -0.6144605 0.7019921 0.5276758 -0.4782942 0.836572 0.5394065 0.09585428 -0.3058997 0.5278329 0.7923496 -0.3931543 0.0870046 0.9153469 0.6423149 0.06769537 -0.7634454 -0.9396723 0.05759137 -0.3371931 -0.7720175 0.5367053 -0.3404945 -0.7716056 0.5372572 -0.3405578 0.5610057 0.5262834 -0.6389824 0.6421391 0.0696274 -0.7634195 -0.9417811 0.03658372 -0.3342308 0.128857 0.09316021 0.9872776 0.09156715 0.5333908 0.8408983 -0.601038 0.5325068 0.5959782 -0.3637843 0.5342214 -0.7630653 -0.3158431 0.05395519 -0.9472761 -0.6187406 -0.7581206 -0.2059449 0.4332514 -0.7974 -0.4200553 0.1195252 -0.8049529 0.5811752 -0.3996427 0.6814696 0.6130946 0.6795125 0.6836113 -0.2663426 -0.5329961 0.6680941 -0.5191971 0.8343532 -0.1779523 -0.5217161 0.3696548 -0.1718683 0.9131357 0.27208 -0.6360074 0.7221267 0.2725051 -0.6360839 0.721899 0.642866 -0.6253193 -0.4423789 0.8342084 -0.1777879 -0.5220035 0.1480437 -0.1562713 0.9765564 -0.9459399 -0.1205801 -0.301095 -0.7862104 -0.5986644 -0.1532129 -0.7862355 -0.5985841 -0.153398 0.03946042 -0.6220237 0.7820034 0.1478445 -0.1563355 0.9765763 -0.9434528 -0.1204916 -0.3088347 0.6560252 -0.1577486 -0.7380694 0.4772886 -0.6098657 -0.6326606 0.477585 -0.6098387 -0.6324629 -0.7232474 -0.5979881 -0.3454322 -0.9433439 -0.1205134 -0.309158 -0.03233301 -0.5912638 0.8058298 0.04408854 -0.9985708 -0.03020942 -0.9768744 0.2067013 0.05469071 -0.6531092 0.5431175 -0.5277044 -0.03295409 -0.6078411 0.7933747 -0.9759504 0.2110623 0.05452978 0.6568103 0.5390639 -0.527267 0.987131 0.1586019 0.02044165 0.04245418 -0.9978075 -0.05077332 0.04386222 -0.9982855 -0.03875905 -0.03559553 -0.5996028 0.7995058 0.6635817 0.5551201 -0.5014987 -0.01333522 -0.9981926 -0.05860054 0.02378457 -0.5609185 0.8275294 0.980565 0.1912298 0.04386061 0.02548563 -0.5773275 0.8161149 0.6483723 0.5521274 -0.5241839 0.9795855 0.1962772 0.04344421 -0.9884162 0.1478818 0.034123 -0.6590085 0.547828 -0.5153566 -0.01167851 -0.9967912 -0.0791893 0.02795386 -0.5686873 0.8220787 -0.01089477 -0.9976859 -0.06711483 -0.6650749 0.5624958 -0.4911964 0.6497565 0.5306302 -0.5442868 -0.6606496 0.5384299 -0.5231018 -7.11193e-4 0.9863703 0.1645393 0.6586123 0.5287834 -0.5353673 -0.6542975 0.5208743 -0.5482562 0.02747523 0.9902988 0.1362112 0.9868069 0.159966 0.02496206 0.6582803 0.5326983 -0.531883 0.02703863 0.9897564 0.1401833 0.02808338 0.9898405 0.1393809 -0.6535604 0.5248897 -0.5452978 -0.9766697 0.2068485 0.05770683 -4.83394e-5 0.9857783 0.1680508 -0.660471 0.5421944 -0.5194261 -0.9879881 0.149492 0.03913724 0.9803345 0.1916807 0.04693371 0.6486657 0.5347208 -0.5415778 -0.001715362 0.9858831 0.1674269 -0.7905842 0.4073064 -0.4572508 -0.5994359 -0.7181949 0.3533734 0.215455 -0.3633912 0.9063808 0.6688435 -0.6754503 0.3105082 -0.07551962 -0.1348503 0.987984 -0.5670237 -0.7706606 0.2908028 -0.3124378 -0.3909062 0.8657799 0.6871441 -0.6154475 0.3860794 0.8104305 0.4227948 -0.4055206 -0.6676593 -0.6769012 0.3098965 0.5628024 -0.7745437 0.288679 0.07047963 -0.1067665 0.991783 0.7830239 0.4215689 -0.4573327 -0.2246052 -0.333184 0.9157187 0.5962353 -0.7214763 0.3521016 -0.8084852 0.4408273 -0.3899018 -0.6807259 -0.624494 0.3829094 0.3130851 -0.3640551 0.8771782 0.6212915 0.3071177 -0.7208853 0.5704475 -0.8178079 0.07602721 -0.6918676 -0.7169556 0.08540552 -0.6938371 -0.7167925 0.06927317 -0.6564024 0.3191444 -0.6835809 0.6474332 0.2933951 -0.7033844 -0.6517526 0.2716545 -0.7081118 0.6546549 0.2960094 -0.6955612 0.6961733 -0.7141301 0.0732187 0.6942244 -0.7142034 0.08925193 -0.5748189 -0.8144217 0.07937759 -0.6253431 0.2862194 -0.7259646 0.9919108 0.1187595 -0.04482263 -0.2031081 0.9791302 -0.007158994 0.7902718 0.6091991 0.06593167 0.1764373 0.9837957 -0.03187501 -0.9888371 0.1278235 -0.07656651 -0.6249167 0.7788206 0.05401515 0.1519396 0.9883727 -0.005827546 -0.9957939 0.0704779 -0.05854403 -0.8017174 0.5959482 0.04577147 0.9850647 0.1576983 -0.06912934 -0.2038986 0.9785353 -0.02989953 0.6124707 0.788697 0.05326104 0.04293972 -0.9990262 0.01014029 0.06385082 -0.9923212 -0.105933 -0.9981808 -0.05729109 -0.01878219 -0.7599849 0.6468798 -0.06300568 0.04292583 -0.9990271 0.01011741 -0.9981836 -0.05724334 -0.01878142 0.8016205 0.596552 0.03912156 0.9954017 -0.06787711 -0.06758803 0.07879751 -0.990971 -0.1084777 0.07383996 -0.9915203 -0.1069354 0.04292613 -0.9990271 0.01011645 0.801623 0.596558 0.03897809 0.06472396 -0.9920607 -0.107826 -0.05394363 -0.9944253 -0.09060049 -0.9981824 -0.0572797 -0.01873487 0.9953987 -0.06789898 -0.06761133 -0.05397254 -0.9944319 -0.09051156 0.07910609 -0.9909756 -0.1082115 0.03870964 -0.9757211 0.2155689 -0.7544359 0.6548388 0.04486536 -0.9990238 -0.0392546 -0.02026546 -0.9981821 -0.05726701 -0.01878839 -0.05396902 -0.9944297 -0.09053677 0.05553334 -0.9871223 0.1500191 0.9951797 0.09527814 -0.02323186 0.8155793 0.5774288 -0.03750377 0.2010681 -0.9203479 0.3354572 -0.05396282 -0.9944306 -0.09053206 0.9954035 -0.06786686 -0.06757205 0.05555379 -0.9871196 0.1500298 0.006554484 -0.9901033 -0.1401877 -0.1123787 -0.9900948 0.08416301 0.9997328 -0.02032464 -0.01101261 -0.1124116 -0.990094 0.08412927 0.7801328 0.6234135 -0.05242872 0.9997329 -0.0203219 -0.01101189 -0.9919573 -0.09896588 -0.0789082 -0.7893186 0.6114057 0.05620729 -0.009538829 -0.9897814 -0.1422736 -0.1123722 -0.990095 0.0841695 -0.00329715 -0.990002 -0.1410151 -0.7893093 0.61141 0.05629396 0.13629 -0.9866176 -0.08950394 0.005606353 -0.9898742 -0.1418375 0.9997333 -0.02029788 -0.01102262 0.1362875 -0.9866194 -0.08948785 -0.9919622 -0.09892904 -0.07889282 -0.0100606 -0.9898709 -0.1416141 0.7391275 0.6718686 0.04778355 -0.04085218 -0.9768837 0.2098315 0.9999213 -0.0018844 -0.01240879 0.1363309 -0.9866085 -0.08954036 0.9997331 -0.0203154 -0.011002 -0.05717986 -0.9877557 0.1451527 -0.8254252 0.5622597 -0.0503723 -0.998336 0.04406976 -0.03719323 -0.1886068 -0.9287962 0.3190065 -0.991957 -0.09896159 -0.0789172 0.1363189 -0.9866104 -0.08953905 -0.05718243 -0.9877519 0.1451775 0.7801495 0.6253814 0.01627695 -0.7892655 0.6016836 0.1226258 -0.0184254 0.9917402 0.1269321 0.8015781 0.5887852 0.1039456 -0.7600106 0.6498579 0.00828588 -0.01595908 0.9919382 0.1257141 0.9933142 0.1120399 -0.02781987 0.6766976 0.7322328 0.07691258 -0.2033993 0.9764347 0.07213926 0.1652392 0.9826479 0.08425611 -0.6316691 0.7750687 -0.01621627 -0.9927793 0.1183023 0.01984637 0.151112 0.98524 0.08042031 -0.6741143 0.7320589 0.09828448 -0.9971202 0.06355464 -0.0413779 0.9889829 0.1456447 0.02646541 0.6622006 0.7492467 -0.01094448 -0.1924615 0.9778771 0.08194619 0.7062618 0.6966559 0.1259558 -0.0728175 0.9940175 -0.08140683 -0.9096034 0.4083285 -0.07674336 0.9095272 0.4112387 -0.06035828 0.03424966 0.9957838 -0.08509904 -0.7235379 0.6788017 0.1253848 -0.627188 0.716179 0.306142 0.6274732 0.7131158 0.3126392 -0.9370524 -0.02439993 -0.3483356 -0.9586631 0.0105139 -0.2843496 0.9672229 0.01015889 -0.253726 0.9385456 -0.03807699 -0.3430486 -0.6755117 0.7105244 -0.1970763 -0.641231 0.7322765 -0.2293339 0.6777528 0.7030557 -0.2153227 0.6514599 0.7403373 -0.1658336 -0.9717069 -0.01171684 -0.2358995 -0.9722529 -0.0135535 -0.2335397 0.9805719 -0.02557706 -0.1944856 0.9807911 -0.02438491 -0.1935313 0 0.9980617 0.06223297 0.3718981 -0.9278421 -0.02829879 0.2639388 0.9493106 0.1707218 0.2873626 0.9575472 0.02294182 0.3572651 0.9297651 0.0888741 -2.39693e-7 -0.9987983 0.04901123 -0.3127474 0.9479998 0.05904012 -0.2934404 0.9410656 0.1681916 2.7916e-4 0.958528 0.2849983 4.88876e-4 0.9980968 0.06166464 8.4162e-4 -0.9988544 0.04784679 1.3613e-7 0.9586708 0.2845178 -8.55966e-5 -0.9958989 -0.09047406 2.02235e-4 -0.9809144 0.1944401 -7.30387e-6 -0.9810041 0.1939873</float_array>
          <technique_common>
            <accessor source="#spearman-keltoi2_Mesh-mesh-normals-array" count="711" stride="3">
              <param name="X" type="float"/>
              <param name="Y" type="float"/>
              <param name="Z" type="float"/>
            </accessor>
          </technique_common>
        </source>
        <source id="spearman-keltoi2_Mesh-mesh-map-0">
          <float_array id="spearman-keltoi2_Mesh-mesh-map-0-array" count="1584">0.1555575 0.5564402 0.06421679 0.5555168 0.1969006 0.3751977 0.06355857 0.3882334 0.1969006 0.3751977 0.06421679 0.5555168 0.06200218 0.3923314 0.06791287 0.5594539 0.1948323 0.3727793 0.1592124 0.5559059 0.1948323 0.3727793 0.06791287 0.5594539 0.1856266 0.361039 0.2922352 0.361039 0.1333522 0.5717571 0.1333522 0.5717571 0.2922352 0.361039 0.332206 0.5717571 0.08060008 0.5198111 0.09196853 0.5195178 0.06860744 0.5308586 0.03246742 0.6139919 0.02999013 0.6030052 0.0846222 0.5991636 0.0846222 0.5991636 0.1496641 0.6147534 0.03246742 0.6139919 0.02999013 0.6030052 0.03246742 0.6139919 0.1496641 0.6147534 0.1496641 0.6147534 0.08462321 0.5991639 0.03044295 0.6029734 0.02999013 0.6030052 0.1496641 0.6147534 0.03044295 0.6029734 0.06115818 0.3922085 0.005416572 0.3889267 0.02532976 0.5334543 0.06200218 0.3923314 0.06115818 0.3922085 0.02532976 0.5334543 0.06791287 0.5594539 0.06200218 0.3923314 0.02532976 0.5334543 0.04005461 0.5744864 0.1598879 0.6184799 0.1507065 0.5422708 0.1507065 0.5422708 0.0637021 0.5103295 0.04005461 0.5744864 0.1594324 0.6165249 0.03843241 0.5758664 0.06412833 0.5127145 0.06412833 0.5127145 0.1519798 0.5422343 0.1594324 0.6165249 0.1332859 0.5718309 0.3298024 0.5723392 0.3280319 0.6135257 0.3280319 0.6135257 0.1362237 0.6157964 0.1332859 0.5718309 0.010055 0.546992 0.1086065 0.5477751 0.1100782 0.6161355 0.1100782 0.6161355 0.0385254 0.615567 0.010055 0.546992 0.107522 0.5459421 0.008984327 0.5479856 0.03971487 0.6155028 0.03971487 0.6155028 0.1112577 0.6140193 0.107522 0.5459421 0.01644927 0.5962169 0.1156985 0.5930344 0.04677069 0.5590589 0.1156985 0.5389471 0.01644927 0.5219025 0.04677069 0.5590589 0.1156985 0.5930344 0.1156985 0.5389471 0.04677069 0.5590589 0.005615055 0.5224255 0.09298312 0.609878 0.01504009 0.6118148 0.09258908 0.6105929 0.005615055 0.5224255 0.01504009 0.6118148 0.1093321 0.5442827 0.03852766 0.516319 0.02646523 0.5068293 0.01856911 0.5355835 0.02725327 0.5608593 0.01938575 0.5353074 0.006646037 0.3818253 0.06355857 0.3882334 0.06421679 0.5555168 0.06421679 0.5555168 0.02248239 0.5274519 0.006646037 0.3818253 0.07251489 0.6059303 0.01244783 0.613561 0.006733059 0.4761016 0.07251489 0.6059303 0.006733059 0.4761016 0.04737079 0.4837254 0.07336908 0.6060818 0.07251489 0.6059303 0.04737079 0.4837254 0.06824505 0.5311946 0.09183698 0.5195212 0.08060342 0.5198109 0.02653974 0.5029543 0.0422213 0.5276284 0.1088165 0.5370275 0.05518931 0.6090658 0.07427573 0.5867325 0.07354986 0.5418568 0.07354986 0.5418568 0.05192011 0.4686623 0.05518931 0.6090658 0.01300728 0.4748496 0.01799416 0.6153219 0.07933485 0.6080688 0.07933485 0.6080688 0.0803467 0.6079883 0.05421859 0.4821788 0.01300728 0.4748496 0.07933485 0.6080688 0.05421859 0.4821788 0.07336908 0.6060818 0.04737079 0.4837254 0.04762941 0.4838312 0.6704576 0.02541279 0.6749414 0.01066243 0.7174498 0.08836948 0.7174498 0.08836948 0.6830326 0.03719377 0.6704576 0.02541279 0.6749414 0.01066243 0.6704576 0.02541279 0.6330222 0.02669697 0.6330222 0.02669697 0.6266047 0.01125818 0.6749414 0.01066243 0.6330222 0.02669697 0.6462182 0.149078 0.6169466 0.03699463 0.6967312 0.3613786 0.6461825 0.2429206 0.6462182 0.149078 0.6830326 0.03719377 0.7174498 0.08836948 0.7254066 0.3055418 0.6462182 0.149078 0.5995594 0.3609587 0.5669602 0.3064506 0.5669602 0.3064506 0.6169466 0.03699463 0.6462182 0.149078 0.5995594 0.3609587 0.6462182 0.149078 0.6461825 0.2429206 0.5672473 0.306252 0.5999427 0.3606969 0.637144 0.3891459 0.6467023 0.3616327 0.6461825 0.2429206 0.6967312 0.3613786 0.6506235 0.3894928 0.6467023 0.3616327 0.6967312 0.3613786 0.6967312 0.3613786 0.6664444 0.3895077 0.6506235 0.3894928 0.6506235 0.3894928 0.6664444 0.3895077 0.6495766 0.3952143 0.6495766 0.3952143 0.6367102 0.3894795 0.6506235 0.3894928 0.6169466 0.03699463 0.5669602 0.3064506 0.5745147 0.08858418 0.6169466 0.03699463 0.5745147 0.08858418 0.6266047 0.01125818 0.6266047 0.01125818 0.6330222 0.02669697 0.6169466 0.03699463 0.6704576 0.02541279 0.6462182 0.149078 0.6330222 0.02669697 0.6462182 0.149078 0.6704576 0.02541279 0.6830326 0.03719377 0.6830326 0.03719377 0.7254066 0.3055418 0.7252473 0.305917 0.6830326 0.03719377 0.7252473 0.305917 0.6967312 0.3613786 0.6830326 0.03719377 0.6967312 0.3613786 0.6462182 0.149078 0.6500204 0.3948557 0.6668782 0.3891165 0.7255333 0.3054123 0.6668782 0.3891165 0.6971151 0.360929 0.7255333 0.3054123 0.5995594 0.3609587 0.6461825 0.2429206 0.6467023 0.3616327 0.6367102 0.3894795 0.5995594 0.3609587 0.6467023 0.3616327 0.6467023 0.3616327 0.6506235 0.3894928 0.6367102 0.3894795 0.4621869 0.3255133 0.4003989 0.3315664 0.4372842 0.282672 0.01889294 0.2770774 0.1034103 0.3540696 0.01520663 0.3440948 0.1175043 0.3667551 0.1177461 0.3301107 0.003808557 0.3429352 0.7476354 0.714159 0.74382 0.6250142 0.956897 0.6616928 0.7437699 0.6201719 0.7473537 0.7153631 0.9585862 0.6172616 0.9585862 0.6172616 0.7473537 0.7153631 0.9562754 0.6603807 0.956897 0.6616928 0.74382 0.6250142 0.9592952 0.5459256 0.7492275 0.5360295 0.9592952 0.5459256 0.74382 0.6250142 0.9585862 0.6172616 0.9579408 0.544589 0.7478185 0.5372214 0.9585862 0.6172616 0.7478185 0.5372214 0.7437699 0.6201719 0.08632785 0.6416434 0.01226598 0.6518514 0.01576024 0.6280051 0.08632785 0.6416434 0.08997106 0.7169712 0.01226598 0.6518514 0.09423869 0.7035313 0.02078551 0.7100786 0.02038353 0.7103176 0.02006262 0.6512783 0.02038353 0.7103176 0.02078551 0.7100786 0.02038353 0.7103176 0.09635508 0.7188438 0.09423869 0.7035313 0.02406847 0.6275558 0.09423869 0.7035313 0.09433066 0.6434381 0.02406847 0.6275558 0.02078551 0.7100786 0.09423869 0.7035313 0.08997106 0.7169712 0.01385498 0.71087 0.01226598 0.6518514 0.9145292 0.6436774 0.9148707 0.5886675 0.9680218 0.6136586 0.9680218 0.6136586 0.9148707 0.5886675 0.8784538 0.5421503 0.9145292 0.6436774 0.9680218 0.6136586 0.9373642 0.6425608 0.9373642 0.6425608 0.8794638 0.7014722 0.9145292 0.6436774 0.2653575 0.1669434 0.1907923 0.1535898 0.1703699 0.2749024 0.2668118 0.2970141 0.2653575 0.1669434 0.1703699 0.2749024 0.1945362 0.1462103 0.278397 0.1607809 0.1832874 0.2728806 0.1832874 0.2728806 0.278397 0.1607809 0.2752957 0.2791112 0.4003989 0.3315664 0.3124623 0.3311783 0.2795976 0.283977 0.2795976 0.283977 0.4372842 0.282672 0.4003989 0.3315664 0.4451479 0.157171 0.4372842 0.282672 0.2795976 0.283977 0.4451479 0.157171 0.2795976 0.283977 0.2667631 0.1570248 0.01889294 0.2770774 0.09856343 0.2768418 0.1034103 0.3540696 0.01435762 0.151545 0.09856343 0.2768418 0.01889294 0.2770774 0.02006262 0.6512783 0.02078551 0.7100786 0.02406847 0.6275558 0.7524749 0.6074935 0.7500659 0.5567103 0.9148707 0.5886675 0.9148707 0.5886675 0.7500659 0.5567103 0.8784538 0.5421503 0.877521 0.5398315 0.7492274 0.5559805 0.7524451 0.6104581 0.877521 0.5398315 0.7524451 0.6104581 0.8795109 0.6991348 0.7524451 0.6104581 0.7501748 0.6650337 0.8795109 0.6991348 0.9145292 0.6436774 0.7524749 0.6074935 0.9148707 0.5886675 0.9145292 0.6436774 0.8794638 0.7014722 0.7503424 0.6657709 0.7503424 0.6657709 0.7524749 0.6074935 0.9145292 0.6436774 0.7424314 0.7157843 0.9608827 0.6603198 0.7380723 0.6263793 0.7396947 0.6189593 0.9640896 0.618602 0.7427105 0.7145208 0.9640896 0.618602 0.9615045 0.6616873 0.7427105 0.7145208 0.9608827 0.6603198 0.9625483 0.5445398 0.7380723 0.6263793 0.7428928 0.5370242 0.7380723 0.6263793 0.9625483 0.5445398 0.9640896 0.618602 0.7443033 0.535773 0.9639027 0.5459318 0.9640896 0.618602 0.7396947 0.6189593 0.7443033 0.535773 0.08451908 0.6449313 0.01425689 0.6290488 0.01025182 0.6527686 0.08451908 0.6449313 0.01025182 0.6527686 0.08654528 0.7203284 0.08896863 0.7033284 0.01529747 0.7124668 0.01569384 0.7122147 0.01370728 0.653455 0.01569384 0.7122147 0.01529747 0.7124668 0.01529747 0.7124668 0.08896863 0.7033284 0.09141337 0.7185691 0.01720082 0.6296117 0.08776843 0.6432501 0.08896863 0.7033284 0.01720082 0.6296117 0.08896863 0.7033284 0.01569384 0.7122147 0.08654528 0.7203284 0.01025182 0.6527686 0.01057398 0.7118012 0.9142399 0.6410306 0.9675253 0.6102281 0.9142398 0.5858488 0.9675253 0.6102281 0.8768751 0.537735 0.9142398 0.5858488 0.9361143 0.6408938 0.9675253 0.6102281 0.9142399 0.6410306 0.9142399 0.6410306 0.8812634 0.6982684 0.9361143 0.6408938 0.01370728 0.653455 0.01720082 0.6296117 0.01569384 0.7122147 0.7548999 0.6067513 0.9142398 0.5858488 0.7521575 0.5558235 0.9142398 0.5858488 0.8768751 0.537735 0.7521575 0.5558235 0.8778207 0.5400459 0.7558652 0.6112939 0.7529968 0.5565895 0.8778207 0.5400459 0.8812217 0.7006274 0.7558652 0.6112939 0.7558652 0.6112939 0.8812217 0.7006274 0.7532715 0.6660287 0.9142399 0.6410306 0.9142398 0.5858488 0.7548999 0.6067513 0.9142399 0.6410306 0.7531053 0.6652552 0.8812634 0.6982684 0.7531053 0.6652552 0.9142399 0.6410306 0.7548999 0.6067513 0.1816098 0.2765964 0.1860318 0.3440948 0.1034103 0.3540696 0.1175043 0.3667551 0.2242775 0.3432384 0.1177461 0.3301107 0.2543382 0.324819 0.2795976 0.283977 0.3124623 0.3311783 0.1909121 0.151399 0.1816098 0.2765964 0.09856343 0.2768418 0.09856343 0.2768418 0.1816098 0.2765964 0.1034103 0.3540696 0.1072925 0.3672788 0.1525324 0.3367957 0.2143203 0.3307426 0.2143203 0.3307426 0.1955165 0.353437 0.1072925 0.3672788 0.06459575 0.3364076 0.1525324 0.3367957 0.1072925 0.3672788 0.02469122 0.353437 0.006471693 0.3300483 0.06459575 0.3364076 0.06459575 0.3364076 0.1072925 0.3672788 0.02469122 0.353437 0.4522027 0.782997 0.4520914 0.7830405 0.4174733 0.7872004 0.4174733 0.7872004 0.4175847 0.7871371 0.4522027 0.782997 0.4501849 0.7815391 0.453342 0.7618318 0.4187241 0.7542779 0.4187241 0.7542779 0.4155668 0.785699 0.4501849 0.7815391 0.4552484 0.7633332 0.4522027 0.782997 0.4175847 0.7871371 0.4175847 0.7871371 0.4206306 0.7557793 0.4552484 0.7633332 0.4175847 0.7871371 0.4174733 0.7872004 0.3943136 0.7859931 0.3943136 0.7859931 0.394425 0.7859497 0.4175847 0.7871371 0.4155668 0.785699 0.4187241 0.7542779 0.3926306 0.7589176 0.3926306 0.7589176 0.3924071 0.7844917 0.4155668 0.785699 0.4206306 0.7557793 0.4175847 0.7871371 0.394425 0.7859497 0.394425 0.7859497 0.3945373 0.760419 0.4206306 0.7557793 0.394425 0.7859497 0.3943136 0.7859931 0.3420706 0.7856792 0.3420706 0.7856792 0.342182 0.7856359 0.394425 0.7859497 0.3924071 0.7844917 0.3926306 0.7589176 0.3403877 0.7586038 0.3403877 0.7586038 0.3401641 0.7841779 0.3924071 0.7844917 0.3945373 0.760419 0.394425 0.7859497 0.342182 0.7856359 0.342182 0.7856359 0.3422942 0.7601051 0.3945373 0.760419 0.4973193 0.7758331 0.4973175 0.776034 0.4973183 0.7760336 0.342182 0.7856359 0.3420706 0.7856792 0.3422942 0.7601051 0.4520914 0.7830405 0.4522027 0.782997 0.499225 0.777535 0.499225 0.777535 0.499224 0.7775354 0.4520914 0.7830405 0.4522027 0.782997 0.4552484 0.7633332 0.4992258 0.7773345 0.4992258 0.7773345 0.499225 0.777535 0.4522027 0.782997 0.453342 0.7618318 0.4501849 0.7815391 0.4973175 0.776034 0.4973175 0.776034 0.4973193 0.7758331 0.453342 0.7618318 0.4513456 0.5036278 0.3985756 0.5042963 0.3807939 0.4550244 0.4829965 0.457741 0.4513456 0.5036278 0.3807939 0.4550244 0.482409 0.554808 0.3811033 0.5661252 0.3985756 0.5042963 0.3985756 0.5042963 0.4513456 0.5036278 0.482409 0.554808 0.3994828 0.5080382 0.4533993 0.5110158 0.3819498 0.4572229 0.4533993 0.5110158 0.4854528 0.4655598 0.3819498 0.4572229 0.3816134 0.5634711 0.4840818 0.5634942 0.3994828 0.5080382 0.4533993 0.5110158 0.3994828 0.5080382 0.4840818 0.5634942 0.4862988 0.4572548 0.4857369 0.5551487 0.3888126 0.5073111 0.4838046 0.559887 0.4851911 0.4627804 0.3881228 0.5078874 0.3815441 0.5659495 0.4838046 0.559887 0.3881228 0.5078874 0.3881228 0.5078874 0.4851911 0.4627804 0.3818229 0.4548833 0.3888126 0.5073111 0.4857369 0.5551487 0.382449 0.5603733 0.3822227 0.4540876 0.4862988 0.4572548 0.3888126 0.5073111 0.4829965 0.457741 0.4834927 0.46163 0.4513456 0.5036278 0.4782849 0.5173557 0.4689566 0.5102869 0.4811972 0.5130059 0.45313 0.5078339 0.4842929 0.566002 0.4838046 0.559887 0.4732645 0.5051292 0.4842805 0.4755465 0.4824134 0.5350312 0.4854528 0.4655598 0.4533993 0.5110158 0.4859018 0.4695082 0.4857369 0.5551487 0.4863027 0.5613266 0.4546604 0.5035436 0.4862988 0.4572548 0.4867963 0.4611912 0.4863027 0.5613266 0.4863027 0.5613266 0.4857369 0.5551487 0.4862988 0.4572548 0.4851911 0.4627804 0.4838046 0.559887 0.4842929 0.566002 0.4842929 0.566002 0.4856393 0.4666809 0.4851911 0.4627804 0.9273784 0.01761215 0.9703369 0.01530724 0.9522762 0.1739353 0.8405019 0.03910356 0.796166 0.0398097 0.8419651 0.1878529 0.9690397 0.01710134 0.9244239 0.01952284 0.9525821 0.1743777 0.7999321 0.03677415 0.8460232 0.0374093 0.8446779 0.1861221 0.8582832 0.02775001 0.8528975 0.1719723 0.8180602 0.1955263 0.7557785 0.01931482 0.8582832 0.02775001 0.8180602 0.1955263 0.9780116 0.01094174 0.9139915 0.1715613 0.880591 0.143774 0.880591 0.143774 0.8780153 0.01810556 0.9780116 0.01094174 0.8768339 0.1469269 0.8638858 0.1940878 0.9106225 0.1718121 0.9139915 0.1715613 0.8668258 0.190701 0.880591 0.143774 0.7513751 0.1885099 0.8419651 0.1878529 0.796166 0.0398097 0.9240094 0.01786297 0.8772727 0.04013866 0.8805668 0.1749679 0.9273784 0.01761215 0.9522762 0.1739353 0.8811641 0.1716184 0.8802127 0.03675192 0.9273784 0.01761215 0.8811641 0.1716184 0.8508364 0.1683592 0.8555073 0.02433246 0.8142941 0.1924908 0.8555073 0.02433246 0.7471055 0.01789134 0.8142941 0.1924908 0.911037 0.1734719 0.973346 0.01235044 0.8750646 0.1462931 0.8678916 0.02100229 0.8750646 0.1462931 0.973346 0.01235044 0.8642362 0.1900288 0.8788329 0.1431095 0.9142752 0.168605 0.8612849 0.1934612 0.911037 0.1734719 0.8750646 0.1462931 0.8446779 0.1861221 0.7494518 0.1852773 0.7999321 0.03677415 0.8776231 0.0360797 0.9276621 0.01465588 0.8787014 0.1715525 0.9525821 0.1743777 0.9244239 0.01952284 0.8781032 0.1749454 0.9244239 0.01952284 0.8746718 0.03951209 0.8781032 0.1749454 0.9794412 0.01091074 0.9798914 0.01091438 0.9589789 0.169276 0.971467 0.01241052 0.9710294 0.01241469 0.9536238 0.1710661 0.9139915 0.1715613 0.9780116 0.01094174 0.95695 0.1692563 0.7737243 0.1948202 0.7557785 0.01931482 0.8180602 0.1955263 0.9556528 0.1710504 0.973346 0.01235044 0.911037 0.1734719 0.8142941 0.1924908 0.7471055 0.01789134 0.768203 0.1931259 0.9704644 0.1742185 0.9690397 0.01710134 0.9525821 0.1743777 0.9522762 0.1739353 0.9703369 0.01530724 0.9690259 0.1724647 0.428897 0.07809197 0.530906 0.251751 0.538592 0.07809799 0.402798 0.09361797 0.452471 0.265197 0.512218 0.09362298 0.451537 0.07844698 0.447094 0.250765 0.549532 0.07900696 0.447094 0.250765 0.547637 0.258081 0.549532 0.07900696 0.550343 0.258081 0.447094 0.250765 0.546501 0.07927495 0.447094 0.250765 0.45178 0.076954 0.546501 0.07927495 0.39502 0.09394097 0.395169 0.003107964 0.291796 0.003137946 0.291796 0.003137946 0.285325 0.09393399 0.39502 0.09394097 0.1419 0.092633 0.07535099 0.003139972 0.00910896 0.003301978 0.00910896 0.003301978 0.03248095 0.092628 0.1419 0.092633 0.40596 0.09485 0.420958 0.007071971 0.312784 0.007562994 0.312784 0.007562994 0.307964 0.094289 0.40596 0.09485 0.308207 0.09279698 0.314416 0.005693972 0.419505 0.007407963 0.419505 0.007407963 0.402929 0.09511798 0.308207 0.09279698 0.317624 0.06880295 0.387348 0.009821951 0.421245 0.09623396 0.436031 0.070728 0.5452 0.074409 0.558422 0.003782987 0.266763 0.157025 0.262094 0.07738095 0.317624 0.06880295 0.317624 0.06880295 0.262094 0.07738095 0.258393 0.011693 0.258393 0.011693 0.296408 0.005513966 0.317624 0.06880295 0.03576999 0.00614196 0.1484439 0.07271999 0.05745398 0.07271599 0.410832 0.005500972 0.458081 0.07736897 0.430956 0.09444695 0.430956 0.09444695 0.458081 0.07736897 0.445148 0.157171 0.317624 0.06880295 0.445148 0.157171 0.266763 0.157025 0.317624 0.06880295 0.296408 0.005513966 0.387348 0.009821951 0.03576999 0.00614196 0.173085 0.00615698 0.1484439 0.07271999 0.317624 0.06880295 0.421245 0.09623396 0.445148 0.157171 0.190912 0.151399 0.09856295 0.276842 0.01435798 0.151545 0.190912 0.151399 0.01435798 0.151545 0.1484439 0.07271999 0.05745398 0.07271599 0.1484439 0.07271999 0.01435798 0.151545</float_array>
          <technique_common>
            <accessor source="#spearman-keltoi2_Mesh-mesh-map-0-array" count="792" stride="2">
              <param name="S" type="float"/>
              <param name="T" type="float"/>
            </accessor>
          </technique_common>
        </source>
        <vertices id="spearman-keltoi2_Mesh-mesh-vertices">
          <input semantic="POSITION" source="#spearman-keltoi2_Mesh-mesh-positions"/>
        </vertices>
        <triangles material="spearman-keltoi2_Mat-material" count="264">
          <input semantic="VERTEX" source="#spearman-keltoi2_Mesh-mesh-vertices" offset="0"/>
          <input semantic="NORMAL" source="#spearman-keltoi2_Mesh-mesh-normals" offset="1"/>
          <input semantic="TEXCOORD" source="#spearman-keltoi2_Mesh-mesh-map-0" offset="2" set="0"/>
          <p>85 0 0 83 1 1 86 2 2 0 3 3 86 4 4 83 5 5 1 6 6 84 7 7 88 8 8 87 9 9 88 10 10 84 11 11 86 12 12 88 13 13 85 14 14 85 15 15 88 16 16 87 17 17 2 18 18 0 19 19 7 20 20 89 21 21 97 22 22 96 23 23 96 24 24 83 25 25 89 26 26 97 27 27 89 28 28 84 29 29 84 30 30 98 31 31 99 32 32 97 33 33 84 34 34 99 35 35 4 36 36 5 37 37 98 38 38 1 39 39 4 40 40 98 41 41 84 42 42 1 43 43 98 44 44 83 45 45 85 46 46 90 47 47 90 48 48 91 49 49 83 50 50 87 51 51 84 52 52 92 53 53 92 54 54 93 55 55 87 56 56 85 57 57 87 58 58 93 59 59 93 60 60 90 61 61 85 62 62 89 63 63 83 64 64 91 65 65 91 66 66 94 67 67 89 68 68 84 69 69 89 70 70 94 71 71 94 72 72 92 73 73 84 74 74 91 75 75 90 76 76 95 77 77 93 78 78 92 79 79 95 80 80 90 81 81 93 82 82 95 83 83 94 84 84 91 85 85 95 86 86 92 87 87 94 88 88 95 89 89 2 90 90 7 91 91 8 92 92 97 93 93 99 94 94 100 95 95 7 96 96 0 97 97 83 98 98 83 99 99 96 100 100 7 101 101 99 102 102 98 103 103 5 104 104 99 105 105 5 106 106 6 107 107 100 108 108 99 109 109 6 110 110 5 111 111 4 112 112 3 113 113 6 114 114 5 115 115 3 116 116 2 117 117 8 118 118 6 119 119 6 120 120 3 121 121 2 122 122 7 123 123 96 124 124 97 125 125 97 126 126 100 127 127 8 128 128 7 129 129 97 130 130 8 131 131 100 132 132 6 133 133 8 134 134 47 135 135 39 135 136 35 135 137 35 136 138 48 137 139 47 138 140 39 139 141 47 139 142 46 139 143 46 140 144 40 140 145 39 140 146 46 141 147 38 142 148 45 141 149 41 143 150 42 144 151 38 145 152 48 146 153 35 147 154 49 147 155 38 148 156 53 149 157 44 150 158 44 151 159 45 151 160 38 152 161 53 153 162 38 154 163 42 155 164 44 156 165 53 157 166 43 158 167 54 159 168 42 160 169 41 161 170 52 162 171 54 162 172 41 163 173 41 164 174 51 165 175 52 166 176 52 167 177 51 168 178 36 167 179 36 169 180 43 169 181 52 169 182 45 170 183 44 170 184 37 170 185 45 171 186 37 172 187 40 173 188 40 174 189 46 174 190 45 174 191 47 175 192 38 176 193 46 175 194 38 177 195 47 178 196 48 179 197 48 180 198 49 181 199 50 181 200 48 182 201 50 183 202 41 183 203 48 184 204 41 185 205 38 186 206 36 187 207 51 188 208 50 189 209 51 190 210 41 191 211 50 192 212 53 193 213 42 194 214 54 195 215 43 196 216 53 197 217 54 196 218 54 198 219 52 198 220 43 198 221 19 199 222 20 200 223 11 201 224 13 202 225 9 203 226 12 204 227 9 205 228 10 206 229 12 207 230 57 208 231 56 209 232 61 210 233 58 211 234 57 212 235 62 213 236 62 214 237 57 215 238 61 216 239 61 217 240 56 218 241 63 219 242 59 220 243 63 221 244 56 222 245 62 223 246 63 224 247 59 225 248 62 226 249 59 227 250 58 228 251 62 229 252 64 230 253 67 231 254 62 232 255 61 233 256 64 234 257 63 235 258 66 236 259 65 237 260 64 238 261 65 239 262 66 240 263 65 241 264 61 242 265 63 243 266 67 244 267 63 245 268 62 246 269 67 247 270 66 248 271 63 249 272 61 250 273 65 251 274 64 252 275 60 253 276 55 254 277 12 255 278 12 256 279 55 257 280 13 258 281 60 259 282 12 260 283 19 261 284 19 262 285 11 263 286 60 264 287 146 265 288 141 266 289 13 267 290 11 268 291 146 269 292 13 270 293 142 271 294 145 272 295 15 273 296 15 274 297 145 275 298 14 276 299 20 277 300 21 278 301 14 279 302 14 280 303 11 281 304 20 282 305 143 283 306 11 284 307 14 285 308 143 286 309 14 287 310 144 288 311 13 289 312 18 290 313 9 291 314 141 292 315 18 293 316 13 294 317 64 295 318 66 296 319 67 297 320 58 298 321 59 299 322 55 300 323 55 301 324 59 302 325 13 303 326 13 304 327 59 305 328 56 306 329 13 307 330 56 308 331 11 309 332 56 310 333 57 311 334 11 312 335 60 313 336 58 314 337 55 315 338 60 316 339 11 317 340 57 318 341 57 319 342 58 320 343 60 321 344 24 322 345 28 323 346 25 324 347 26 325 348 29 326 349 24 327 350 29 328 351 28 329 352 24 330 353 28 331 354 30 332 355 25 333 356 27 334 357 25 335 358 30 336 359 29 337 360 27 338 361 30 339 362 29 340 363 26 341 364 27 342 365 29 343 366 32 344 367 31 345 368 29 346 369 31 347 370 28 348 371 30 349 372 34 350 373 33 351 374 31 352 375 33 353 376 34 354 377 34 355 378 30 356 379 28 357 380 32 358 381 29 359 382 30 360 383 32 361 384 30 362 385 33 363 386 28 364 387 31 365 388 34 366 389 16 367 390 17 368 391 23 369 392 17 370 393 15 371 394 23 372 395 22 373 396 17 374 397 16 375 398 16 376 399 14 377 400 22 378 401 31 379 402 32 380 403 33 381 404 26 382 405 23 383 406 27 384 407 23 385 408 15 386 409 27 387 410 15 388 411 25 389 412 27 390 413 15 391 414 14 392 415 25 393 416 25 394 417 14 395 418 24 396 419 16 397 420 23 398 421 26 399 422 16 400 423 24 401 424 14 402 425 24 403 426 16 404 427 26 405 428 15 406 429 17 407 430 9 408 431 9 409 432 17 410 433 10 411 434 22 412 435 14 413 436 21 414 437 142 415 438 15 416 439 18 417 440 18 418 441 15 419 442 9 420 443 10 421 444 20 422 445 19 423 446 19 424 447 12 425 448 10 426 449 21 427 450 20 428 451 10 429 452 17 430 453 22 431 454 21 432 455 21 433 456 10 434 457 17 435 458 68 436 459 69 437 460 72 438 461 72 439 462 71 440 463 68 441 464 69 442 465 70 443 466 73 444 467 73 445 468 72 446 469 69 447 470 70 448 471 68 449 472 71 450 473 71 451 474 73 452 475 70 453 476 71 454 477 72 455 478 75 456 479 75 457 480 74 458 481 71 459 482 72 460 483 73 461 484 76 462 485 76 463 486 75 464 487 72 465 488 73 466 489 71 467 490 74 468 491 74 469 492 76 470 493 73 471 494 74 472 495 75 473 496 78 474 497 78 475 498 77 476 499 74 477 500 75 478 501 76 479 502 79 480 503 79 481 504 78 482 505 75 483 506 76 484 507 74 485 508 77 486 509 77 487 510 79 488 511 76 489 512 82 490 513 80 491 514 81 492 515 77 493 516 78 494 517 79 495 518 69 496 519 68 497 520 81 498 521 81 499 522 80 500 523 69 501 524 68 502 525 70 503 526 82 504 527 82 505 528 81 506 529 68 507 530 70 508 531 69 509 532 80 510 533 80 511 534 82 512 535 70 513 536 112 514 537 113 515 538 110 516 539 111 517 540 112 518 541 110 519 542 109 520 543 107 521 544 113 522 545 113 523 546 112 524 547 109 525 548 132 526 549 133 527 550 130 528 551 133 529 552 131 530 553 130 531 554 127 532 555 129 533 556 132 534 557 133 535 558 132 536 559 129 537 560 131 538 561 129 539 562 128 540 563 109 541 564 111 542 565 108 543 566 107 544 567 109 545 568 108 546 569 108 547 570 111 548 571 110 549 572 128 550 573 129 551 574 127 552 575 130 553 576 131 554 577 128 555 578 111 556 579 120 557 580 112 558 581 119 559 582 112 560 583 120 561 584 112 562 585 119 563 586 109 564 587 139 565 588 140 566 589 133 567 590 131 568 591 133 569 592 140 570 593 129 571 594 139 572 595 133 573 596 131 574 597 140 575 598 139 576 599 139 577 600 129 578 601 131 579 602 111 580 603 109 581 604 119 582 605 119 583 606 120 584 607 111 585 608 101 586 609 117 587 610 103 588 611 117 589 612 102 590 613 104 591 614 137 592 615 121 593 616 123 594 617 122 595 618 137 596 619 124 597 620 116 598 621 118 599 622 102 600 623 115 601 624 116 602 625 102 603 626 114 604 627 101 605 628 118 606 629 118 607 630 116 608 631 114 609 632 118 610 633 105 611 634 102 612 635 101 613 636 105 614 637 118 615 638 106 616 639 104 617 640 102 618 641 102 619 642 105 620 643 106 621 644 101 622 645 103 623 646 106 624 647 105 625 648 101 626 649 106 627 650 138 628 651 136 629 652 122 630 653 136 631 654 135 632 655 122 633 656 121 634 657 134 635 658 138 636 659 136 637 660 138 638 661 134 639 662 125 640 663 138 641 664 122 642 665 125 643 666 121 644 667 138 645 668 124 646 669 126 647 670 122 648 671 125 649 672 122 650 673 126 651 674 123 652 675 121 653 676 126 654 677 121 655 678 125 656 679 126 657 680 135 658 681 134 659 682 137 660 683 114 661 684 115 662 685 117 663 686 101 664 687 114 665 688 117 666 689 117 667 690 115 668 691 102 669 692 137 670 693 134 671 694 121 672 695 122 673 696 135 674 697 137 675 698 124 676 699 137 677 700 123 678 701 103 679 702 117 680 703 104 681 704 148 682 705 142 682 706 147 682 707 155 683 708 141 683 709 156 683 710 147 684 711 142 684 712 151 684 713 142 685 714 145 685 715 151 685 716 146 686 717 141 686 718 160 686 719 141 687 720 155 687 721 160 687 722 147 688 723 150 688 724 149 688 725 149 689 726 148 689 727 147 689 728 156 690 729 158 690 730 157 690 731 157 691 732 155 691 733 156 691 734 151 692 735 152 692 736 150 692 737 150 693 738 147 693 739 151 693 740 155 694 741 157 694 742 161 694 743 161 695 744 160 695 745 155 695 746 153 696 747 159 696 748 162 696 749 159 697 750 160 697 751 161 697 752 144 698 753 151 698 754 153 698 755 153 699 756 151 699 757 152 699 758 152 700 759 154 700 760 153 700 761 158 701 762 148 701 763 156 701 764 159 702 765 160 702 766 162 702 767 162 703 768 160 703 769 143 703 770 153 704 771 143 704 772 144 704 773 153 705 774 154 705 775 159 705 776 158 706 777 149 706 778 148 706 779 153 707 780 162 707 781 143 707 782 142 708 783 18 708 784 141 708 785 142 709 786 141 709 787 148 709 788 156 710 789 148 710 790 141 710 791</p>
        </triangles>
      </mesh>
    </geometry>
  </library_geometries>
  <library_controllers>
    <controller id="spear_keltoi_Skin_spearman-keltoi2-skin" name="spear keltoi_Skin">
      <skin source="#spearman-keltoi2_Mesh-mesh">
        <bind_shape_matrix>1 0 0 0 0 1 0 0 0 0 1 0 0 0 0 1</bind_shape_matrix>
        <source id="spear_keltoi_Skin_spearman-keltoi2-skin-joints">
          <Name_array id="spear_keltoi_Skin_spearman-keltoi2-skin-joints-array" count="24">root pelvis femurleft butt-l knee-l-top knee-l-bopttom femurright butt-r knee-r-top knee-r-bopttom lumbar rib cloaktop cloak cloakbottom scapula ulna carpal scapula01 ulna01 smoke_node_1 ammo_node_0 smoke_node_0 neck</Name_array>
          <technique_common>
            <accessor source="#spear_keltoi_Skin_spearman-keltoi2-skin-joints-array" count="24" stride="1">
              <param name="JOINT" type="name"/>
            </accessor>
          </technique_common>
        </source>
        <source id="spear_keltoi_Skin_spearman-keltoi2-skin-bind_poses">
          <float_array id="spear_keltoi_Skin_spearman-keltoi2-skin-bind_poses-array" count="384">1 0 0 0 0 -1.19209e-7 1 -2.154822 0 -1 -1.34359e-7 1.88312e-7 0 0 0 1 1 0 0 -2.88205e-4 0 0 1 -1.989969 0 -1 0 0.05965083 0 0 0 1 1 0 0 -0.229566 0 0 1 -1.980152 0 -1 0 0 0 0 0 1 1 0 0 -0.2300335 0 -5.28991e-7 1 -1.881625 0 -1 -5.43892e-7 0.2278664 0 0 0 1 1 0 0 -0.2579528 0 0 1 -1.492427 0 -1 0 -0.357712 0 0 0 1 1 0 0 -0.2616622 0 -1.93715e-7 1 -1.243225 0 -1 -2.06754e-7 0.03760045 0 0 0 1 1 0 0 0.2313526 0 0 1 -1.980152 0 -1 -1.34359e-7 0 0 0 0 1 1 0 0 0.234615 0 -7.15255e-7 1 -1.884256 0 -1 -7.30157e-7 0.2262769 0 0 0 1 1 0 0 0.1784679 0 -7.15256e-7 1 -1.491813 0 -1 -7.45058e-7 -0.3589497 0 0 0 1 1 0 0 0.2454932 0 -1.56462e-7 1 -1.243115 0 -1 -1.71363e-7 0.03760039 0 0 0 1 1 0 0 -0.004826366 0 0 1 -2.179734 0 -1 0 0.1130515 0 0 0 1 1 0 0 0.007960081 0 0 1 -2.884792 0 -1 -1.34359e-7 0 0 0 0 1 1 0 0 -0.001975059 0 -4.0191e-7 1 -3.236084 0 -1 -4.13507e-7 0.1981278 0 0 0 1 1 0 0 -0.006513178 0 0 1 -2.377003 0 -1 0 0.4338245 0 0 0 1 1 0 0 0.02082639 0 0 1 -1.545783 0 -1 0 0.5515339 0 0 0 1 0.2157331 1.37382e-6 0.9764525 -3.144588 -0.9764524 0 0.2157331 -0.2745184 3.06757e-7 -1 1.32403e-6 -4.56441e-6 0 0 0 1 0.215733 1.51932e-6 0.9764525 -3.268326 -0.9764524 0 0.2157329 0.3248391 3.38146e-7 -1 1.4661e-6 -5.21611e-6 0 0 0 1 0.2157351 -8.11432e-7 0.9764519 -3.371637 -0.9764519 0 0.2157351 0.9002358 0 -1 -8.25152e-7 -0.07377576 0 0 0 1 0.2814912 -9.746e-7 -0.9595638 3.130225 0.9595638 0 0.2814911 -0.4480157 -2.91407e-7 -1 9.15035e-7 -3.34539e-6 0 0 0 1 0.2814911 -1.12674e-6 -0.9595638 3.242227 0.9595639 -1.36994e-7 0.2814909 0.1513422 -4.48621e-7 -1 1.02747e-6 -3.95805e-6 0 0 0 1 0.2821007 -4.51269e-6 -0.9593849 3.354426 -0.006413042 -0.9999777 -0.001881003 -0.05422681 -0.9593635 0.00668329 -0.2820942 -0.8624162 0 0 0 1 0.281466 0 -0.9595713 3.351236 0.9595714 1.55832e-6 0.2814655 0.9199898 1.46031e-6 -1 3.57628e-7 -1.617809 0 0 0 1 1 -4.0447e-4 -4.26682e-4 0.01651448 -4.0447e-4 -0.9999999 0 -0.2430264 -4.26682e-4 1.69599e-7 -0.9999999 3.446472 0 0 0 1 1 0 0 0.02165722 0 0 1 -3.354292 0 -1 -1.1927e-7 1.59415e-7 0 0 0 1</float_array>
          <technique_common>
            <accessor source="#spear_keltoi_Skin_spearman-keltoi2-skin-bind_poses-array" count="24" stride="16">
              <param name="TRANSFORM" type="float4x4"/>
            </accessor>
          </technique_common>
        </source>
        <source id="spear_keltoi_Skin_spearman-keltoi2-skin-weights">
          <float_array id="spear_keltoi_Skin_spearman-keltoi2-skin-weights-array" count="163">1 1 1 1 1 1 1 1 1 1 1 1 1 1 1 1 1 1 1 1 1 1 1 1 1 1 1 1 1 1 1 1 1 1 1 1 1 1 1 1 1 1 1 1 1 1 1 1 1 1 1 1 1 1 1 1 1 1 1 1 1 1 1 1 1 1 1 1 1 1 1 1 1 1 1 1 1 1 1 1 1 1 1 1 1 1 1 1 1 1 1 1 1 1 1 1 1 1 1 1 1 1 1 1 1 1 1 1 1 1 1 1 1 1 1 1 1 1 1 1 1 1 1 1 1 1 1 1 1 1 1 1 1 1 1 1 1 1 1 1 1 1 1 1 1 1 1 1 1 1 1 1 1 1 1 1 1 1 1 1 1 1 1</float_array>
          <technique_common>
            <accessor source="#spear_keltoi_Skin_spearman-keltoi2-skin-weights-array" count="163" stride="1">
              <param name="WEIGHT" type="float"/>
            </accessor>
          </technique_common>
        </source>
        <joints>
          <input semantic="JOINT" source="#spear_keltoi_Skin_spearman-keltoi2-skin-joints"/>
          <input semantic="INV_BIND_MATRIX" source="#spear_keltoi_Skin_spearman-keltoi2-skin-bind_poses"/>
        </joints>
        <vertex_weights count="163">
          <input semantic="JOINT" source="#spear_keltoi_Skin_spearman-keltoi2-skin-joints" offset="0"/>
          <input semantic="WEIGHT" source="#spear_keltoi_Skin_spearman-keltoi2-skin-weights" offset="1"/>
          <vcount>1 1 1 1 1 1 1 1 1 1 1 1 1 1 1 1 1 1 1 1 1 1 1 1 1 1 1 1 1 1 1 1 1 1 1 1 1 1 1 1 1 1 1 1 1 1 1 1 1 1 1 1 1 1 1 1 1 1 1 1 1 1 1 1 1 1 1 1 1 1 1 1 1 1 1 1 1 1 1 1 1 1 1 1 1 1 1 1 1 1 1 1 1 1 1 1 1 1 1 1 1 1 1 1 1 1 1 1 1 1 1 1 1 1 1 1 1 1 1 1 1 1 1 1 1 1 1 1 1 1 1 1 1 1 1 1 1 1 1 1 1 1 1 1 1 1 1 1 1 1 1 1 1 1 1 1 1 1 1 1 1 1 1 </vcount>
          <v>11 0 11 1 11 2 11 3 11 4 11 5 11 6 11 7 11 8 11 9 11 10 11 11 11 12 11 13 11 14 11 15 11 16 11 17 11 18 11 19 11 20 11 21 11 22 15 23 15 24 15 25 15 26 15 27 16 28 16 29 16 30 16 31 16 32 16 33 16 34 16 35 16 36 16 37 16 38 16 39 16 40 16 41 16 42 16 43 16 44 16 45 16 46 16 47 16 48 16 49 16 50 16 51 16 52 16 53 16 54 18 55 18 56 18 57 18 58 18 59 18 60 19 61 19 62 19 63 19 64 19 65 19 66 19 67 20 68 20 69 20 70 20 71 20 72 20 73 20 74 20 75 20 76 20 77 20 78 20 79 20 80 20 81 20 82 23 83 23 84 23 85 23 86 23 87 23 88 23 89 23 90 23 91 23 92 23 93 23 94 23 95 23 96 23 97 23 98 23 99 23 100 2 101 2 102 2 103 2 104 2 105 2 106 5 107 5 108 5 109 5 110 5 111 5 112 5 113 5 114 5 115 5 116 5 117 5 118 5 119 5 120 6 121 6 122 6 123 6 124 6 125 6 126 9 127 9 128 9 129 9 130 9 131 9 132 9 133 9 134 9 135 9 136 9 137 9 138 9 139 9 140 1 141 1 142 1 143 1 144 1 145 1 146 2 147 2 148 2 149 2 150 3 151 3 152 3 153 3 154 6 155 6 156 6 157 6 158 7 159 7 160 7 161 7 162</v>
        </vertex_weights>
      </skin>
    </controller>
  </library_controllers>
  <library_visual_scenes>
    <visual_scene id="Scene" name="Scene">
      <node id="LAMP_FRONT_PEACH" name="LAMP_FRONT_PEACH" type="NODE">
        <matrix sid="transform">3.595629 0.1442683 -0.009944758 0.07793808 -0.1375951 3.336951 -1.339883 -21.84175 -0.04449517 1.339181 3.339772 55.79722 0 0 0 1</matrix>
        <instance_light url="#LAMP_FRONT_PEACH-light"/>
      </node>
      <node id="Lamp_WEST" name="Lamp_WEST" type="NODE">
        <matrix sid="transform">-0.7364148 2.458481 -2.522504 -28.80603 -3.515288 -0.6763866 0.3670271 3.436447 -0.223385 2.539259 2.540025 33.30629 0 0 0 1</matrix>
        <instance_light url="#Lamp_WEST-light"/>
      </node>
      <node id="Camera" name="Camera" type="NODE">
        <matrix sid="transform">0.6859207 -0.3240135 0.6515582 7.481132 0.7276763 0.3054208 -0.6141704 -6.50764 0 0.8953956 0.4452714 5.343665 0 0 0 1</matrix>
        <instance_camera url="#Camera-camera"/>
      </node>
      <node id="Lamp" name="Lamp" type="NODE">
        <matrix sid="transform">-0.2908646 -0.7711008 0.5663932 4.076245 0.9551712 -0.1998834 0.2183912 1.005454 -0.05518906 0.6045247 0.7946723 5.903862 0 0 0 1</matrix>
        <instance_light url="#Lamp-light"/>
      </node>
      <node id="spear_keltoi_Skin" name="spear_keltoi_Skin" type="NODE">
        <matrix sid="transform">1 0 0 0 0 1 0 0 0 0 1 0 0 0 0 1</matrix>
        <node id="spear_keltoi_Skin_root" name="root" sid="root" type="JOINT">
          <matrix sid="transform">1 3.37867e-15 4.28495e-8 0 4.28495e-8 -1.34359e-7 -1 -1.01207e-7 2.37855e-15 1 -1.19209e-7 2.154822 0 0 0 1</matrix>
          <node id="spear_keltoi_Skin_pelvis" name="pelvis" sid="pelvis" type="JOINT">
            <matrix sid="transform">1 0 1.23306e-8 2.88204e-4 -4.59353e-16 1 3.72529e-8 -0.1648533 -1.23306e-8 -3.72529e-8 1 -0.05965078 0 0 0 1</matrix>
            <node id="spear_keltoi_Skin_femurleft" name="femurleft" sid="femurleft" type="JOINT">
              <matrix sid="transform">1 -3.57593e-15 5.09436e-9 0.2292778 0 1 0 -0.0098176 -5.09436e-9 2.48583e-10 1 0.05965089 0 0 0 1</matrix>
              <node id="spear_keltoi_Skin_butt-l" name="butt-l" sid="butt-l" type="JOINT">
                <matrix sid="transform">1 -4.07063e-15 4.2319e-9 4.67524e-4 1.89181e-15 1 -4.47035e-7 -0.09852624 -4.2319e-9 4.47035e-7 1 -0.2278655 0 0 0 1</matrix>
                <extra>
                  <technique profile="blender">
                    <layer sid="layer" type="string">0</layer>
                    <roll sid="roll" type="float">0</roll>
                    <tip_x sid="tip_x" type="float">0</tip_x>
                    <tip_y sid="tip_y" type="float">0</tip_y>
                    <tip_z sid="tip_z" type="float">0.1</tip_z>
                  </technique>
                </extra>
              </node>
              <node id="spear_keltoi_Skin_knee-l-top" name="knee-l-top" sid="knee-l-top" type="JOINT">
                <matrix sid="transform">1 -4.07063e-15 7.79386e-9 0.02838679 0 0.9999999 0 -0.4877245 -7.79386e-9 0 1 0.357712 0 0 0 1</matrix>
                <extra>
                  <technique profile="blender">
                    <layer sid="layer" type="string">0</layer>
                    <roll sid="roll" type="float">0</roll>
                    <tip_x sid="tip_x" type="float">0</tip_x>
                    <tip_y sid="tip_y" type="float">0</tip_y>
                    <tip_z sid="tip_z" type="float">0.1</tip_z>
                  </technique>
                </extra>
              </node>
              <node id="spear_keltoi_Skin_knee-l-bopttom" name="knee-l-bopttom" sid="knee-l-bopttom" type="JOINT">
                <matrix sid="transform">1 -4.07063e-15 3.25892e-8 0.03209619 3.64213e-15 1 -1.11759e-7 -0.7369262 -3.25892e-8 1.11759e-7 1 -0.03760034 0 0 0 1</matrix>
                <node id="spear_keltoi_Skin_ankle_left" name="ankle left" sid="ankle_left" type="JOINT">
                  <matrix sid="transform">1 -5.11041e-8 9.80475e-7 0.008728147 3.28921e-7 -0.9295397 -0.368722 -1.121673 9.30234e-7 0.3687219 -0.9295399 -0.06275673 0 0 0 1</matrix>
                  <node id="spear_keltoi_Skin_foot_left01" name="foot left01" sid="foot_left01" type="JOINT">
                    <matrix sid="transform">1 8.29979e-7 4.13533e-5 2.68221e-7 -3.84198e-5 0.3889549 0.9212567 0.2168392 -1.53199e-5 -0.9212567 0.388955 -0.2809223 0 0 0 1</matrix>
                    <extra>
                      <technique profile="blender">
                        <layer sid="layer" type="string">0</layer>
                        <roll sid="roll" type="float">4.16872e-5</roll>
                        <tip_x sid="tip_x" type="float">0</tip_x>
                        <tip_y sid="tip_y" type="float">-0.09997612</tip_y>
                        <tip_z sid="tip_z" type="float">-0.002186119</tip_z>
                      </technique>
                    </extra>
                  </node>
                  <extra>
                    <technique profile="blender">
                      <layer sid="layer" type="string">0</layer>
                      <roll sid="roll" type="float">8.99649e-7</roll>
                      <tip_x sid="tip_x" type="float">0</tip_x>
                      <tip_y sid="tip_y" type="float">-0.03687214</tip_y>
                      <tip_z sid="tip_z" type="float">-0.09295386</tip_z>
                    </technique>
                  </extra>
                </node>
                <extra>
                  <technique profile="blender">
                    <layer sid="layer" type="string">0</layer>
                    <roll sid="roll" type="float">0</roll>
                    <tip_x sid="tip_x" type="float">0</tip_x>
                    <tip_y sid="tip_y" type="float">0</tip_y>
                    <tip_z sid="tip_z" type="float">0.0999999</tip_z>
                  </technique>
                </extra>
              </node>
              <extra>
                <technique profile="blender">
                  <layer sid="layer" type="string">0</layer>
                  <roll sid="roll" type="float">0</roll>
                  <tip_x sid="tip_x" type="float">0</tip_x>
                  <tip_y sid="tip_y" type="float">0</tip_y>
                  <tip_z sid="tip_z" type="float">0.1000001</tip_z>
                </technique>
              </extra>
            </node>
            <node id="spear_keltoi_Skin_femurright" name="femurright" sid="femurright" type="JOINT">
              <matrix sid="transform">1 -3.57593e-15 5.09437e-9 -0.2316408 0 1 -3.72529e-8 -0.0098176 -5.09437e-9 3.75014e-8 1 0.05965089 0 0 0 1</matrix>
              <node id="spear_keltoi_Skin_butt-r" name="butt-r" sid="butt-r" type="JOINT">
                <matrix sid="transform">1 -4.26041e-15 5.58592e-9 -0.003262326 3.32947e-15 1 -5.96046e-7 -0.09589553 -5.58592e-9 5.96046e-7 1 -0.2262758 0 0 0 1</matrix>
                <extra>
                  <technique profile="blender">
                    <layer sid="layer" type="string">0</layer>
                    <roll sid="roll" type="float">0</roll>
                    <tip_x sid="tip_x" type="float">0</tip_x>
                    <tip_y sid="tip_y" type="float">0</tip_y>
                    <tip_z sid="tip_z" type="float">0.1</tip_z>
                  </technique>
                </extra>
              </node>
              <node id="spear_keltoi_Skin_knee-r-top" name="knee-r-top" sid="knee-r-top" type="JOINT">
                <matrix sid="transform">1 -4.2604e-15 9.03823e-9 0.05288471 5.38721e-15 1 -5.96047e-7 -0.4883388 -9.03823e-9 5.96047e-7 1 0.3589507 0 0 0 1</matrix>
                <extra>
                  <technique profile="blender">
                    <layer sid="layer" type="string">0</layer>
                    <roll sid="roll" type="float">0</roll>
                    <tip_x sid="tip_x" type="float">0</tip_x>
                    <tip_y sid="tip_y" type="float">0</tip_y>
                    <tip_z sid="tip_z" type="float">0.1</tip_z>
                  </technique>
                </extra>
              </node>
              <node id="spear_keltoi_Skin_knee-r-bopttom" name="knee-r-bopttom" sid="knee-r-bopttom" type="JOINT">
                <matrix sid="transform">1 -4.26041e-15 2.04881e-8 -0.01414061 7.63243e-16 1 -3.72529e-8 -0.7370365 -2.04881e-8 3.72529e-8 1 -0.0376003 0 0 0 1</matrix>
                <node id="spear_keltoi_Skin_ankleright" name="ankleright" sid="ankleright" type="JOINT">
                  <matrix sid="transform">1 -2.79397e-8 8.9574e-7 -0.0131759 3.04306e-7 -0.9295402 -0.3687208 -1.118303 8.42927e-7 0.3687208 -0.9295411 -0.06275677 0 0 0 1</matrix>
                  <node id="spear_keltoi_Skin_foot_right01" name="foot right01" sid="foot_right01" type="JOINT">
                    <matrix sid="transform">1 7.55335e-7 3.37015e-5 1.78814e-7 -3.13417e-5 0.3889425 0.9212621 0.2168392 -1.24121e-5 -0.921262 0.3889425 -0.2809219 0 0 0 1</matrix>
                    <extra>
                      <technique profile="blender">
                        <layer sid="layer" type="string">0</layer>
                        <roll sid="roll" type="float">3.4019e-5</roll>
                        <tip_x sid="tip_x" type="float">0</tip_x>
                        <tip_y sid="tip_y" type="float">-0.09997606</tip_y>
                        <tip_z sid="tip_z" type="float">-0.002184927</tip_z>
                      </technique>
                    </extra>
                  </node>
                  <extra>
                    <technique profile="blender">
                      <layer sid="layer" type="string">0</layer>
                      <roll sid="roll" type="float">8.20666e-7</roll>
                      <tip_x sid="tip_x" type="float">0</tip_x>
                      <tip_y sid="tip_y" type="float">-0.03687202</tip_y>
                      <tip_z sid="tip_z" type="float">-0.09295409</tip_z>
                    </technique>
                  </extra>
                </node>
                <extra>
                  <technique profile="blender">
                    <layer sid="layer" type="string">0</layer>
                    <roll sid="roll" type="float">0</roll>
                    <tip_x sid="tip_x" type="float">0</tip_x>
                    <tip_y sid="tip_y" type="float">0</tip_y>
                    <tip_z sid="tip_z" type="float">0.0999999</tip_z>
                  </technique>
                </extra>
              </node>
              <extra>
                <technique profile="blender">
                  <layer sid="layer" type="string">0</layer>
                  <roll sid="roll" type="float">0</roll>
                  <tip_x sid="tip_x" type="float">0</tip_x>
                  <tip_y sid="tip_y" type="float">0</tip_y>
                  <tip_z sid="tip_z" type="float">0.1000001</tip_z>
                </technique>
              </extra>
            </node>
            <node id="spear_keltoi_Skin_lumbar" name="lumbar" sid="lumbar" type="JOINT">
              <matrix sid="transform">1 -3.57593e-15 4.81517e-9 0.004538175 0 1 3.72529e-8 0.189765 -4.81517e-9 -3.70044e-8 1 -0.05340067 0 0 0 1</matrix>
              <node id="spear_keltoi_Skin_rib" name="rib" sid="rib" type="JOINT">
                <matrix sid="transform">1 -3.86413e-15 4.31046e-9 -0.01278648 3.21154e-16 1 -7.45057e-8 0.7050579 -4.31046e-9 7.47542e-8 1 0.1130517 0 0 0 1</matrix>
                <node id="spear_keltoi_Skin_scapula" name="scapula" sid="scapula" type="JOINT">
                  <matrix sid="transform">0.2157331 -0.9764524 2.42451e-7 0.4182978 0.9764524 0.2157331 1.45838e-6 0.2449713 -1.47635e-6 -7.78798e-8 1 -5.40892e-8 0 0 0 1</matrix>
                  <node id="spear_keltoi_Skin_ulna" name="ulna" sid="ulna" type="JOINT">
                    <matrix sid="transform">1 -1.49012e-7 1.45503e-7 0.1237378 1.63913e-7 1 3.12639e-13 -0.5993569 -1.45503e-7 -3.12639e-13 1 1.76145e-7 0 0 0 1</matrix>
                    <node id="spear_keltoi_Skin_carpal" name="carpal" sid="carpal" type="JOINT">
                      <matrix sid="transform">1 2.19047e-6 -2.33075e-6 0.1033094 -2.29478e-6 1 -7.45003e-8 -0.5754046 2.33075e-6 7.45056e-8 1 0.07377837 0 0 0 1</matrix>
                      <node id="spear_keltoi_Skin_ammo_node_1" name="ammo node 1" sid="ammo_node_1" type="JOINT">
                        <matrix sid="transform">0.9999992 3.4273e-6 0.001309842 0.1766818 0.001309827 0.001922249 -0.9999974 0.2353452 -5.94382e-6 0.9999982 0.001922247 -0.07377839 0 0 0 1</matrix>
                        <extra>
                          <technique profile="blender">
                            <layer sid="layer" type="string">0</layer>
                            <roll sid="roll" type="float">-2.224537</roll>
                            <tip_x sid="tip_x" type="float">-1.87635e-4</tip_x>
                            <tip_y sid="tip_y" type="float">-0.09999984</tip_y>
                            <tip_z sid="tip_z" type="float">4.17232e-5</tip_z>
                          </technique>
                        </extra>
                      </node>
                      <extra>
                        <technique profile="blender">
                          <layer sid="layer" type="string">0</layer>
                          <roll sid="roll" type="float">-1.353352</roll>
                          <tip_x sid="tip_x" type="float">-0.09764528</tip_x>
                          <tip_y sid="tip_y" type="float">0</tip_y>
                          <tip_z sid="tip_z" type="float">0.02157354</tip_z>
                        </technique>
                      </extra>
                    </node>
                    <extra>
                      <technique profile="blender">
                        <layer sid="layer" type="string">0</layer>
                        <roll sid="roll" type="float">-1.353352</roll>
                        <tip_x sid="tip_x" type="float">-0.09764528</tip_x>
                        <tip_y sid="tip_y" type="float">0</tip_y>
                        <tip_z sid="tip_z" type="float">0.0215733</tip_z>
                      </technique>
                    </extra>
                  </node>
                  <extra>
                    <technique profile="blender">
                      <layer sid="layer" type="string">0</layer>
                      <roll sid="roll" type="float">-1.353352</roll>
                      <tip_x sid="tip_x" type="float">-0.09764522</tip_x>
                      <tip_y sid="tip_y" type="float">0</tip_y>
                      <tip_z sid="tip_z" type="float">0.0215733</tip_z>
                    </technique>
                  </extra>
                </node>
                <node id="spear_keltoi_Skin_scapula01" name="scapula01" sid="scapula01" type="JOINT">
                  <matrix sid="transform">0.2814912 0.9595639 -3.55713e-7 -0.4432709 -0.9595639 0.2814913 1.04939e-6 0.2449713 1.10709e-6 4.59339e-8 1 -5.40892e-8 0 0 0 1</matrix>
                  <node id="spear_keltoi_Skin_ulna01" name="ulna01" sid="ulna01" type="JOINT">
                    <matrix sid="transform">1 2.98023e-7 -1.5214e-7 -0.1120017 -2.98023e-7 1 -1.19209e-7 -0.5993569 1.5214e-7 1.19209e-7 1 1.01351e-7 0 0 0 1</matrix>
                    <node id="spear_keltoi_Skin_carpal_right" name="carpal right" sid="carpal_right" type="JOINT">
                      <matrix sid="transform">0.9999999 -2.08616e-6 2.48492e-6 -0.1377444 2.23517e-6 1 2.72848e-12 -0.5311355 -2.48492e-6 2.64322e-12 1 2.50429e-9 0 0 0 1</matrix>
                      <node id="spear_keltoi_Skin_smoke_node_1" name="smoke node 1" sid="smoke_node_1" type="JOINT">
                        <matrix sid="transform">0.9999998 -1.64041e-6 6.33061e-4 0.02609372 6.3321e-4 -0.006683168 -0.9999775 -0.1824129 5.87113e-6 0.9999776 -0.006683109 0.04844676 0 0 0 1</matrix>
                        <node id="spear_keltoi_Skin_ammo_node_0" name="ammo node 0" sid="ammo_node_0" type="JOINT">
                          <matrix sid="transform">0.9999998 6.6182e-4 4.55481e-6 0.002589464 -1.32481e-7 -0.006684792 0.9999777 1.569697 6.6179e-4 -0.9999775 -0.006684863 0.04452026 0 0 0 1</matrix>
                          <extra>
                            <technique profile="blender">
                              <layer sid="layer" type="string">0</layer>
                              <roll sid="roll" type="float">1.285475</roll>
                              <tip_x sid="tip_x" type="float">0.09642589</tip_x>
                              <tip_y sid="tip_y" type="float">2.38419e-7</tip_y>
                              <tip_z sid="tip_z" type="float">0.02828407</tip_z>
                            </technique>
                          </extra>
                        </node>
                        <extra>
                          <technique profile="blender">
                            <layer sid="layer" type="string">0</layer>
                            <roll sid="roll" type="float">1.286551</roll>
                            <tip_x sid="tip_x" type="float">-6.41346e-4</tip_x>
                            <tip_y sid="tip_y" type="float">-0.09999775</tip_y>
                            <tip_z sid="tip_z" type="float">-1.88112e-4</tip_z>
                          </technique>
                        </extra>
                      </node>
                      <extra>
                        <technique profile="blender">
                          <layer sid="layer" type="string">0</layer>
                          <roll sid="roll" type="float">1.285448</roll>
                          <tip_x sid="tip_x" type="float">0.09595644</tip_x>
                          <tip_y sid="tip_y" type="float">0</tip_y>
                          <tip_z sid="tip_z" type="float">0.02814936</tip_z>
                        </technique>
                      </extra>
                    </node>
                    <extra>
                      <technique profile="blender">
                        <layer sid="layer" type="string">0</layer>
                        <roll sid="roll" type="float">1.285448</roll>
                        <tip_x sid="tip_x" type="float">0.0959565</tip_x>
                        <tip_y sid="tip_y" type="float">0</tip_y>
                        <tip_z sid="tip_z" type="float">0.02814912</tip_z>
                      </technique>
                    </extra>
                  </node>
                  <extra>
                    <technique profile="blender">
                      <layer sid="layer" type="string">0</layer>
                      <roll sid="roll" type="float">1.285447</roll>
                      <tip_x sid="tip_x" type="float">0.09595638</tip_x>
                      <tip_y sid="tip_y" type="float">0</tip_y>
                      <tip_z sid="tip_z" type="float">0.02814912</tip_z>
                    </technique>
                  </extra>
                </node>
                <node id="spear_keltoi_Skin_neck" name="neck" sid="neck" type="JOINT">
                  <matrix sid="transform">1 -4.44328e-15 3.80593e-9 -0.01369714 0 1 1.50885e-8 0.4694998 -3.80593e-9 -1.50885e-8 1 -1.64562e-7 0 0 0 1</matrix>
                  <node id="spear_keltoi_Skin_skull" name="skull" sid="skull" type="JOINT">
                    <matrix sid="transform">1 -4.89722e-15 1.57439e-9 -0.007297663 0 1 2.3298e-10 0.4520023 -1.57439e-9 -2.32987e-10 1 7.1019e-8 0 0 0 1</matrix>
                    <node id="spear_keltoi_Skin_cloaktop" name="cloaktop" sid="cloaktop" type="JOINT">
                      <matrix sid="transform">1 -5.08463e-15 3.25259e-9 0.03092998 9.69347e-16 1 -2.98023e-7 -0.5702102 -3.25259e-9 2.98023e-7 1 -0.1981268 0 0 0 1</matrix>
                      <node id="spear_keltoi_Skin_cloak" name="cloak" sid="cloak" type="JOINT">
                        <matrix sid="transform">1 -6.44116e-15 1.42791e-10 0.004538157 0 1 4.47035e-7 -0.8590815 -1.42791e-10 -4.43482e-7 1 -0.2356977 0 0 0 1</matrix>
                        <node id="spear_keltoi_Skin_cloakbottom" name="cloakbottom" sid="cloakbottom" type="JOINT">
                          <matrix sid="transform">1 -6.43688e-15 0 -0.02733968 0 1 -7.45057e-8 -0.8312194 0 7.43329e-8 1 -0.1177093 0 0 0 1</matrix>
                          <extra>
                            <technique profile="blender">
                              <layer sid="layer" type="string">0</layer>
                              <roll sid="roll" type="float">0</roll>
                              <tip_x sid="tip_x" type="float">0</tip_x>
                              <tip_y sid="tip_y" type="float">0</tip_y>
                              <tip_z sid="tip_z" type="float">0.1000001</tip_z>
                            </technique>
                          </extra>
                        </node>
                        <extra>
                          <technique profile="blender">
                            <layer sid="layer" type="string">0</layer>
                            <roll sid="roll" type="float">0</roll>
                            <tip_x sid="tip_x" type="float">0</tip_x>
                            <tip_y sid="tip_y" type="float">0</tip_y>
                            <tip_z sid="tip_z" type="float">0.0999999</tip_z>
                          </technique>
                        </extra>
                      </node>
                      <extra>
                        <technique profile="blender">
                          <layer sid="layer" type="string">0</layer>
                          <roll sid="roll" type="float">0</roll>
                          <tip_x sid="tip_x" type="float">0</tip_x>
                          <tip_y sid="tip_y" type="float">0</tip_y>
                          <tip_z sid="tip_z" type="float">0.1000001</tip_z>
                        </technique>
                      </extra>
                    </node>
                    <node id="spear_keltoi_Skin_nogginbottom" name="nogginbottom" sid="nogginbottom" type="JOINT">
                      <matrix sid="transform">1 3.49245e-9 2.45821e-7 0.001799157 -1.37681e-8 0.9991255 0.04181381 0.08982563 -2.4546e-7 -0.04181381 0.9991254 0.2822086 0 0 0 1</matrix>
                      <extra>
                        <technique profile="blender">
                          <layer sid="layer" type="string">0</layer>
                          <roll sid="roll" type="float">3.15446e-7</roll>
                          <tip_x sid="tip_x" type="float">0</tip_x>
                          <tip_y sid="tip_y" type="float">0.004181385</tip_y>
                          <tip_z sid="tip_z" type="float">0.09991264</tip_z>
                        </technique>
                      </extra>
                    </node>
                    <node id="spear_keltoi_Skin_plumes" name="plumes" sid="plumes" type="JOINT">
                      <matrix sid="transform">1 2.3283e-9 4.80421e-7 -0.002369052 -1.24654e-8 0.9997773 0.02110149 0.1819341 -4.80265e-7 -0.02110149 0.9997773 0.1862074 0 0 0 1</matrix>
                      <extra>
                        <technique profile="blender">
                          <layer sid="layer" type="string">0</layer>
                          <roll sid="roll" type="float">5.50092e-7</roll>
                          <tip_x sid="tip_x" type="float">0</tip_x>
                          <tip_y sid="tip_y" type="float">0.002110123</tip_y>
                          <tip_z sid="tip_z" type="float">0.09997797</tip_z>
                        </technique>
                      </extra>
                    </node>
                    <node id="spear_keltoi_Skin_skulltop" name="skulltop" sid="skulltop" type="JOINT">
                      <matrix sid="transform">1 -5.08463e-15 4.68314e-9 -0.00416824 0 1 3.19744e-13 0.3702886 -4.68314e-9 -3.19744e-13 1 8.52651e-14 0 0 0 1</matrix>
                      <extra>
                        <technique profile="blender">
                          <layer sid="layer" type="string">0</layer>
                          <roll sid="roll" type="float">0</roll>
                          <tip_x sid="tip_x" type="float">0</tip_x>
                          <tip_y sid="tip_y" type="float">0</tip_y>
                          <tip_z sid="tip_z" type="float">0.1000003</tip_z>
                        </technique>
                      </extra>
                    </node>
                    <extra>
                      <technique profile="blender">
                        <layer sid="layer" type="string">0</layer>
                        <roll sid="roll" type="float">0</roll>
                        <tip_x sid="tip_x" type="float">0</tip_x>
                        <tip_y sid="tip_y" type="float">0</tip_y>
                        <tip_z sid="tip_z" type="float">0.1000001</tip_z>
                      </technique>
                    </extra>
                  </node>
                  <node id="spear_keltoi_Skin_smoke_node_0" name="smoke node 0" sid="smoke_node_0" type="JOINT">
                    <matrix sid="transform">0.9999998 -4.04538e-4 -4.26682e-4 0.006514963 -4.26682e-4 1.07102e-7 -0.9999999 0.0921874 4.04538e-4 0.9999999 -9.78419e-8 0.2430203 0 0 0 1</matrix>
                    <extra>
                      <technique profile="blender">
                        <layer sid="layer" type="string">0</layer>
                        <roll sid="roll" type="float">3.141166</roll>
                        <tip_x sid="tip_x" type="float">-4.04473e-5</tip_x>
                        <tip_y sid="tip_y" type="float">-0.1</tip_y>
                        <tip_z sid="tip_z" type="float">0</tip_z>
                      </technique>
                    </extra>
                  </node>
                  <extra>
                    <technique profile="blender">
                      <layer sid="layer" type="string">0</layer>
                      <roll sid="roll" type="float">0</roll>
                      <tip_x sid="tip_x" type="float">0</tip_x>
                      <tip_y sid="tip_y" type="float">0</tip_y>
                      <tip_z sid="tip_z" type="float">0.0999999</tip_z>
                    </technique>
                  </extra>
                </node>
                <extra>
                  <technique profile="blender">
                    <layer sid="layer" type="string">0</layer>
                    <roll sid="roll" type="float">0</roll>
                    <tip_x sid="tip_x" type="float">0</tip_x>
                    <tip_y sid="tip_y" type="float">0</tip_y>
                    <tip_z sid="tip_z" type="float">0.1000001</tip_z>
                  </technique>
                </extra>
              </node>
              <extra>
                <technique profile="blender">
                  <layer sid="layer" type="string">0</layer>
                  <roll sid="roll" type="float">0</roll>
                  <tip_x sid="tip_x" type="float">0</tip_x>
                  <tip_y sid="tip_y" type="float">0</tip_y>
                  <tip_z sid="tip_z" type="float">0.0999999</tip_z>
                </technique>
              </extra>
            </node>
            <extra>
              <technique profile="blender">
                <layer sid="layer" type="string">0</layer>
                <roll sid="roll" type="float">0</roll>
                <tip_x sid="tip_x" type="float">0</tip_x>
                <tip_y sid="tip_y" type="float">0</tip_y>
                <tip_z sid="tip_z" type="float">0.0999999</tip_z>
              </technique>
            </extra>
          </node>
          <extra>
            <technique profile="blender">
              <layer sid="layer" type="string">0</layer>
              <roll sid="roll" type="float">0</roll>
              <tip_x sid="tip_x" type="float">0</tip_x>
              <tip_y sid="tip_y" type="float">0</tip_y>
              <tip_z sid="tip_z" type="float">0.0999999</tip_z>
            </technique>
          </extra>
        </node>
      </node>
      <node id="spearman-keltoi2" name="spearman-keltoi2" type="NODE">
        <translate sid="location">0 0 0</translate>
        <rotate sid="rotationZ">0 0 1 0</rotate>
        <rotate sid="rotationY">0 1 0 0</rotate>
        <rotate sid="rotationX">1 0 0 0</rotate>
        <scale sid="scale">1 1 1</scale>
        <instance_controller url="#spear_keltoi_Skin_spearman-keltoi2-skin">
          <skeleton>#spear_keltoi_Skin_root</skeleton>
          <bind_material>
            <technique_common>
              <instance_material symbol="spearman-keltoi2_Mat-material" target="#spearman-keltoi2_Mat-material"/>
              <instance_material symbol="spearman-kel-material" target="#spearman-kel-material"/>
            </technique_common>
          </bind_material>
        </instance_controller>
      </node>
    </visual_scene>
  </library_visual_scenes>
  <scene>
    <instance_visual_scene url="#Scene"/>
  </scene>
</COLLADA>