<?xml version="1.0" encoding="utf-8"?>
<COLLADA xmlns="http://www.collada.org/2005/11/COLLADASchema" version="1.4.1" xmlns:xsi="http://www.w3.org/2001/XMLSchema-instance">
  <asset>
    <contributor>
      <author>Blender User</author>
      <authoring_tool>Blender 2.79.0 commit date:2017-09-11, commit time:10:43, hash:5bd8ac9</authoring_tool>
    </contributor>
    <created>2019-02-03T08:42:52</created>
    <modified>2019-02-03T08:42:52</modified>
    <unit name="meter" meter="1"/>
    <up_axis>Z_UP</up_axis>
  </asset>
  <library_cameras>
    <camera id="Camera-camera" name="Camera">
      <optics>
        <technique_common>
          <perspective>
            <xfov sid="xfov">49.13434</xfov>
            <aspect_ratio>1.777778</aspect_ratio>
            <znear sid="znear">0.1</znear>
            <zfar sid="zfar">100</zfar>
          </perspective>
        </technique_common>
      </optics>
      <extra>
        <technique profile="blender">
          <shiftx sid="shiftx" type="float">0</shiftx>
          <shifty sid="shifty" type="float">0</shifty>
          <YF_dofdist sid="YF_dofdist" type="float">0</YF_dofdist>
        </technique>
      </extra>
    </camera>
  </library_cameras>
  <library_lights>
    <light id="LAMP_FRONT_PEACH-light" name="Lamp.002">
      <technique_common>
        <ambient>
          <color>1 1 1</color>
        </ambient>
      </technique_common>
      <extra>
        <technique profile="blender">
          <type sid="type" type="int">3</type>
          <flag sid="flag" type="int">0</flag>
          <mode sid="mode" type="int">8192</mode>
          <gamma sid="blender_gamma" type="float">1</gamma>
          <red sid="red" type="float">1</red>
          <green sid="green" type="float">1</green>
          <blue sid="blue" type="float">1</blue>
          <shadow_r sid="blender_shadow_r" type="float">0</shadow_r>
          <shadow_g sid="blender_shadow_g" type="float">0</shadow_g>
          <shadow_b sid="blender_shadow_b" type="float">0</shadow_b>
          <energy sid="blender_energy" type="float">1</energy>
          <dist sid="blender_dist" type="float">29.99998</dist>
          <spotsize sid="spotsize" type="float">75</spotsize>
          <spotblend sid="spotblend" type="float">0.15</spotblend>
          <halo_intensity sid="blnder_halo_intensity" type="float">1</halo_intensity>
          <att1 sid="att1" type="float">0</att1>
          <att2 sid="att2" type="float">1</att2>
          <falloff_type sid="falloff_type" type="int">2</falloff_type>
          <clipsta sid="clipsta" type="float">1.000799</clipsta>
          <clipend sid="clipend" type="float">30.002</clipend>
          <bias sid="bias" type="float">1</bias>
          <soft sid="soft" type="float">3</soft>
          <compressthresh sid="compressthresh" type="float">0.04999995</compressthresh>
          <bufsize sid="bufsize" type="int">2880</bufsize>
          <samp sid="samp" type="int">3</samp>
          <buffers sid="buffers" type="int">1</buffers>
          <filtertype sid="filtertype" type="int">0</filtertype>
          <bufflag sid="bufflag" type="int">0</bufflag>
          <buftype sid="buftype" type="int">2</buftype>
          <ray_samp sid="ray_samp" type="int">1</ray_samp>
          <ray_sampy sid="ray_sampy" type="int">1</ray_sampy>
          <ray_sampz sid="ray_sampz" type="int">1</ray_sampz>
          <ray_samp_type sid="ray_samp_type" type="int">0</ray_samp_type>
          <area_shape sid="area_shape" type="int">0</area_shape>
          <area_size sid="area_size" type="float">10000</area_size>
          <area_sizey sid="area_sizey" type="float">100</area_sizey>
          <area_sizez sid="area_sizez" type="float">1</area_sizez>
          <adapt_thresh sid="adapt_thresh" type="float">0.000999987</adapt_thresh>
          <ray_samp_method sid="ray_samp_method" type="int">1</ray_samp_method>
          <shadhalostep sid="shadhalostep" type="int">0</shadhalostep>
          <sun_effect_type sid="sun_effect_type" type="int">0</sun_effect_type>
          <skyblendtype sid="skyblendtype" type="int">1</skyblendtype>
          <horizon_brightness sid="horizon_brightness" type="float">1</horizon_brightness>
          <spread sid="spread" type="float">1</spread>
          <sun_brightness sid="sun_brightness" type="float">1</sun_brightness>
          <sun_size sid="sun_size" type="float">1</sun_size>
          <backscattered_light sid="backscattered_light" type="float">1</backscattered_light>
          <sun_intensity sid="sun_intensity" type="float">1</sun_intensity>
          <atm_turbidity sid="atm_turbidity" type="float">2</atm_turbidity>
          <atm_extinction_factor sid="atm_extinction_factor" type="float">1</atm_extinction_factor>
          <atm_distance_factor sid="atm_distance_factor" type="float">1</atm_distance_factor>
          <skyblendfac sid="skyblendfac" type="float">1</skyblendfac>
          <sky_exposure sid="sky_exposure" type="float">1</sky_exposure>
          <sky_colorspace sid="sky_colorspace" type="int">0</sky_colorspace>
        </technique>
      </extra>
    </light>
    <light id="Lamp_WEST-light" name="Lamp.003">
      <technique_common>
        <directional>
          <color sid="color">1 1 1</color>
        </directional>
      </technique_common>
      <extra>
        <technique profile="blender">
          <type sid="type" type="int">1</type>
          <flag sid="flag" type="int">0</flag>
          <mode sid="mode" type="int">8192</mode>
          <gamma sid="blender_gamma" type="float">1</gamma>
          <red sid="red" type="float">1</red>
          <green sid="green" type="float">1</green>
          <blue sid="blue" type="float">1</blue>
          <shadow_r sid="blender_shadow_r" type="float">0</shadow_r>
          <shadow_g sid="blender_shadow_g" type="float">0</shadow_g>
          <shadow_b sid="blender_shadow_b" type="float">0</shadow_b>
          <energy sid="blender_energy" type="float">1</energy>
          <dist sid="blender_dist" type="float">29.99998</dist>
          <spotsize sid="spotsize" type="float">75</spotsize>
          <spotblend sid="spotblend" type="float">0.15</spotblend>
          <halo_intensity sid="blnder_halo_intensity" type="float">1</halo_intensity>
          <att1 sid="att1" type="float">0</att1>
          <att2 sid="att2" type="float">1</att2>
          <falloff_type sid="falloff_type" type="int">2</falloff_type>
          <clipsta sid="clipsta" type="float">1.000799</clipsta>
          <clipend sid="clipend" type="float">30.002</clipend>
          <bias sid="bias" type="float">1</bias>
          <soft sid="soft" type="float">3</soft>
          <compressthresh sid="compressthresh" type="float">0.04999995</compressthresh>
          <bufsize sid="bufsize" type="int">2880</bufsize>
          <samp sid="samp" type="int">3</samp>
          <buffers sid="buffers" type="int">1</buffers>
          <filtertype sid="filtertype" type="int">0</filtertype>
          <bufflag sid="bufflag" type="int">0</bufflag>
          <buftype sid="buftype" type="int">2</buftype>
          <ray_samp sid="ray_samp" type="int">1</ray_samp>
          <ray_sampy sid="ray_sampy" type="int">1</ray_sampy>
          <ray_sampz sid="ray_sampz" type="int">1</ray_sampz>
          <ray_samp_type sid="ray_samp_type" type="int">0</ray_samp_type>
          <area_shape sid="area_shape" type="int">1</area_shape>
          <area_size sid="area_size" type="float">0.1</area_size>
          <area_sizey sid="area_sizey" type="float">0.1</area_sizey>
          <area_sizez sid="area_sizez" type="float">1</area_sizez>
          <adapt_thresh sid="adapt_thresh" type="float">0.000999987</adapt_thresh>
          <ray_samp_method sid="ray_samp_method" type="int">1</ray_samp_method>
          <shadhalostep sid="shadhalostep" type="int">0</shadhalostep>
          <sun_effect_type sid="sun_effect_type" type="int">0</sun_effect_type>
          <skyblendtype sid="skyblendtype" type="int">1</skyblendtype>
          <horizon_brightness sid="horizon_brightness" type="float">1</horizon_brightness>
          <spread sid="spread" type="float">1</spread>
          <sun_brightness sid="sun_brightness" type="float">1</sun_brightness>
          <sun_size sid="sun_size" type="float">1</sun_size>
          <backscattered_light sid="backscattered_light" type="float">1</backscattered_light>
          <sun_intensity sid="sun_intensity" type="float">1</sun_intensity>
          <atm_turbidity sid="atm_turbidity" type="float">2</atm_turbidity>
          <atm_extinction_factor sid="atm_extinction_factor" type="float">1</atm_extinction_factor>
          <atm_distance_factor sid="atm_distance_factor" type="float">1</atm_distance_factor>
          <skyblendfac sid="skyblendfac" type="float">1</skyblendfac>
          <sky_exposure sid="sky_exposure" type="float">1</sky_exposure>
          <sky_colorspace sid="sky_colorspace" type="int">0</sky_colorspace>
        </technique>
      </extra>
    </light>
    <light id="Lamp-light" name="Lamp">
      <technique_common>
        <point>
          <color sid="color">1 1 1</color>
          <constant_attenuation>1</constant_attenuation>
          <linear_attenuation>0</linear_attenuation>
          <quadratic_attenuation>0.00111109</quadratic_attenuation>
        </point>
      </technique_common>
      <extra>
        <technique profile="blender">
          <type sid="type" type="int">0</type>
          <flag sid="flag" type="int">0</flag>
          <mode sid="mode" type="int">8192</mode>
          <gamma sid="blender_gamma" type="float">1</gamma>
          <red sid="red" type="float">1</red>
          <green sid="green" type="float">1</green>
          <blue sid="blue" type="float">1</blue>
          <shadow_r sid="blender_shadow_r" type="float">0</shadow_r>
          <shadow_g sid="blender_shadow_g" type="float">0</shadow_g>
          <shadow_b sid="blender_shadow_b" type="float">0</shadow_b>
          <energy sid="blender_energy" type="float">1</energy>
          <dist sid="blender_dist" type="float">29.99998</dist>
          <spotsize sid="spotsize" type="float">75</spotsize>
          <spotblend sid="spotblend" type="float">0.15</spotblend>
          <halo_intensity sid="blnder_halo_intensity" type="float">1</halo_intensity>
          <att1 sid="att1" type="float">0</att1>
          <att2 sid="att2" type="float">1</att2>
          <falloff_type sid="falloff_type" type="int">2</falloff_type>
          <clipsta sid="clipsta" type="float">1.000799</clipsta>
          <clipend sid="clipend" type="float">30.002</clipend>
          <bias sid="bias" type="float">1</bias>
          <soft sid="soft" type="float">3</soft>
          <compressthresh sid="compressthresh" type="float">0.04999995</compressthresh>
          <bufsize sid="bufsize" type="int">2880</bufsize>
          <samp sid="samp" type="int">3</samp>
          <buffers sid="buffers" type="int">1</buffers>
          <filtertype sid="filtertype" type="int">0</filtertype>
          <bufflag sid="bufflag" type="int">0</bufflag>
          <buftype sid="buftype" type="int">2</buftype>
          <ray_samp sid="ray_samp" type="int">1</ray_samp>
          <ray_sampy sid="ray_sampy" type="int">1</ray_sampy>
          <ray_sampz sid="ray_sampz" type="int">1</ray_sampz>
          <ray_samp_type sid="ray_samp_type" type="int">0</ray_samp_type>
          <area_shape sid="area_shape" type="int">1</area_shape>
          <area_size sid="area_size" type="float">0.1</area_size>
          <area_sizey sid="area_sizey" type="float">0.1</area_sizey>
          <area_sizez sid="area_sizez" type="float">1</area_sizez>
          <adapt_thresh sid="adapt_thresh" type="float">0.000999987</adapt_thresh>
          <ray_samp_method sid="ray_samp_method" type="int">1</ray_samp_method>
          <shadhalostep sid="shadhalostep" type="int">0</shadhalostep>
          <sun_effect_type sid="sun_effect_type" type="int">0</sun_effect_type>
          <skyblendtype sid="skyblendtype" type="int">1</skyblendtype>
          <horizon_brightness sid="horizon_brightness" type="float">1</horizon_brightness>
          <spread sid="spread" type="float">1</spread>
          <sun_brightness sid="sun_brightness" type="float">1</sun_brightness>
          <sun_size sid="sun_size" type="float">1</sun_size>
          <backscattered_light sid="backscattered_light" type="float">1</backscattered_light>
          <sun_intensity sid="sun_intensity" type="float">1</sun_intensity>
          <atm_turbidity sid="atm_turbidity" type="float">2</atm_turbidity>
          <atm_extinction_factor sid="atm_extinction_factor" type="float">1</atm_extinction_factor>
          <atm_distance_factor sid="atm_distance_factor" type="float">1</atm_distance_factor>
          <skyblendfac sid="skyblendfac" type="float">1</skyblendfac>
          <sky_exposure sid="sky_exposure" type="float">1</sky_exposure>
          <sky_colorspace sid="sky_colorspace" type="int">0</sky_colorspace>
        </technique>
      </extra>
    </light>
  </library_lights>
  <library_images/>
  <library_effects>
    <effect id="spear_keltoi_Mat-effect">
      <profile_COMMON>
        <technique sid="common">
          <phong>
            <emission>
              <color sid="emission">0 0 0 1</color>
            </emission>
            <ambient>
              <color sid="ambient">0 0 0 1</color>
            </ambient>
            <diffuse>
              <color sid="diffuse">0.64 0.64 0.64 1</color>
            </diffuse>
            <specular>
              <color sid="specular">0.5 0.5 0.5 1</color>
            </specular>
            <shininess>
              <float sid="shininess">50</float>
            </shininess>
            <index_of_refraction>
              <float sid="index_of_refraction">1</float>
            </index_of_refraction>
          </phong>
        </technique>
      </profile_COMMON>
    </effect>
  </library_effects>
  <library_materials>
    <material id="spear_keltoi_Mat-material" name="spear_keltoi_Mat">
      <instance_effect url="#spear_keltoi_Mat-effect"/>
    </material>
  </library_materials>
  <library_geometries>
    <geometry id="spear_keltoi_Mesh-mesh" name="spear keltoi_Mesh">
      <mesh>
        <source id="spear_keltoi_Mesh-mesh-positions">
          <float_array id="spear_keltoi_Mesh-mesh-positions-array" count="1428">-3.812141 3.365813 22.59906 2.964279 3.365942 22.59441 2.929537 -1.142572 22.54779 -0.5160153 -1.772159 16.56309 -0.7069167 -1.73418 22.5503 -3.812141 3.365813 22.59906 -3.812141 3.365813 22.59906 2.964279 3.365942 22.59441 2.929537 -1.142572 22.54779 2.964279 3.365942 22.59441 -3.812141 3.365813 22.59906 -0.7069167 -1.73418 22.5503 2.929537 -1.142572 22.54779 2.964279 3.365942 22.59441 -3.812141 3.365813 22.59906 2.964279 3.365942 22.59441 -0.3556747 1.571104 33.43405 -4.314969 3.374991 28.76184 -4.60937 0.6292347 32.61931 -4.431268 -1.5449 28.67463 -0.3566537 -1.872718 33.20643 3.28636 3.348231 28.83858 3.412555 -1.609652 28.64624 -6.016846 1.576465 33.18358 5.388042 1.580747 32.71158 3.626099 0.6292406 32.61931 -0.5902158 -2.905669 28.66072 -4.763937 1.45109 32.26903 -2.536935 1.996685 31.63978 1.703125 2.007958 31.61693 4.505443 1.503686 31.24263 5.388042 1.580747 32.71158 -3.400001 2.409536 31.55072 -4.1 1.889448 31.31401 4.100001 1.889444 31.31401 3.400002 2.409445 31.55071 -0.008950054 3.139215 32.99087 -3.400001 2.409536 31.55072 -4.1 1.889448 31.31401 4.100001 1.889444 31.31401 3.400002 2.409445 31.55071 -0.008950054 3.139215 32.99087 -4.60937 0.6292347 32.61931 -4.431268 -1.5449 28.67463 -4.60937 0.6292347 32.61931 -4.763937 1.45109 32.26903 -4.431268 -1.5449 28.67463 -4.431268 -1.5449 28.67463 -4.314969 3.374991 28.76184 3.412555 -1.609652 28.64624 3.28636 3.348231 28.83858 -2.536935 1.996685 31.63978 -4.314969 3.374991 28.76184 -4.314969 3.374991 28.76184 -4.431268 -1.5449 28.67463 -4.314969 3.374991 28.76184 -4.314969 3.374991 28.76184 -6.016846 1.576465 33.18358 -6.016846 1.576465 33.18358 3.412555 -1.609652 28.64624 3.626099 0.6292406 32.61931 5.388042 1.580747 32.71158 5.388042 1.580747 32.71158 3.28636 3.348231 28.83858 3.412555 -1.609652 28.64624 3.28636 3.348231 28.83858 3.28636 3.348231 28.83858 5.388042 1.580747 32.71158 5.388042 1.580747 32.71158 3.626099 0.6292406 32.61931 1.703125 2.007958 31.61693 3.28636 3.348231 28.83858 4.505443 1.503686 31.24263 -4.763937 1.45109 32.26903 -2.536935 1.996685 31.63978 -0.3556747 1.571104 33.43405 -4.60937 0.6292347 32.61931 1.703125 2.007958 31.61693 4.505443 1.503686 31.24263 3.626099 0.6292406 32.61931 -6.016846 1.576465 33.18358 -4.314969 3.374991 28.76184 -4.763937 1.45109 32.26903 4.505443 1.503686 31.24263 9.939507 2.819723 31.0939 9.674639 1.128041 30.18136 10.12216 1.012546 32.55185 9.974741 -0.560605 31.05521 5.342791 -0.1238068 32.46029 9.674639 1.128041 30.18136 10.12216 1.012546 32.55185 5.342791 -0.1238068 32.46029 9.974741 -0.560605 31.05521 5.342791 -0.1238068 32.46029 10.12216 1.012546 32.55185 9.674639 1.128041 30.18136 9.674639 1.128041 30.18136 9.939507 2.819723 31.0939 9.674639 1.128041 30.18136 10.12216 1.012546 32.55185 15.75344 1.820577 30.34767 16.13384 1.005785 32.07949 15.87867 -0.3684907 30.69014 18.18964 2.009737 31.49697 18.1787 -0.3907895 32.06689 17.9171 -0.4057683 30.14191 17.92738 1.823739 30.1342 15.75344 1.820577 30.34767 16.13384 1.005785 32.07949 18.18964 2.009737 31.49697 18.1787 -0.3907895 32.06689 17.92738 1.823739 30.1342 -5.956322 -0.1236302 32.9356 -10.23504 1.125364 30.24769 -10.5549 2.810155 31.13756 -10.82592 1.010438 32.57469 -10.58775 -0.5549249 31.09725 -10.23504 1.125364 30.24769 -10.82592 1.010438 32.57469 -5.956322 -0.1236302 32.9356 -5.956322 -0.1236302 32.9356 -10.58775 -0.5549249 31.09725 -10.82592 1.010438 32.57469 -10.23504 1.125364 30.24769 -10.23504 1.125364 30.24769 -10.5549 2.810155 31.13756 -10.23504 1.125364 30.24769 -10.82592 1.010438 32.57469 -16.10012 1.820654 30.21687 -16.58563 1.00579 31.9223 -16.24604 -0.3685875 30.55106 -18.60341 2.009407 31.21536 -18.25787 1.823374 29.86875 -18.24712 -0.4058545 29.87924 -18.62857 -0.3916644 31.78562 -16.10012 1.820654 30.21687 -16.58563 1.00579 31.9223 -18.60341 2.009407 31.21536 -18.62857 -0.3916644 31.78562 -18.25787 1.823374 29.86875 -2.703806 0.9570913 39.27086 -3.041269 -2.469864 37.28887 1.448355 -3.647025 38.86499 3.408211 0.8156589 38.65388 2.05696 0.6784367 35.95466 -2.688414 1.687299 34.71778 -0.5177573 3.730719 38.8928 2.749623 0.2221346 36.31144 0.03061395 4.84682 35.36578 0.8852021 -3.524923 37.7653 -0.2471318 1.064635 39.94048 -2.923352 -0.8943785 39.25849 0.1003385 -2.863617 38.22192 -0.3091725 -1.124714 39.57832 2.474259 -0.904603 38.48785 2.126752 -1.097702 37.55107 2.969926 0.5721177 37.4724 -2.342144 0.03122764 36.66902 -3.437343 1.208321 36.07775 -0.7375485 1.064635 39.13505 0.8273433 -2.646142 39.53094 2.40329 0.4502856 36.4799 3.406729 0.2843685 37.25993 -0.1406027 2.435553 39.82484 -1.664108 3.222869 38.95311 -1.680105 2.828214 36.00301 0.03454834 3.488178 35.71796 -1.3289 2.824066 35.04178 1.051101 3.10918 37.95914 0.4998412 2.736232 38.93871 1.390118 1.932001 36.13416 1.540874 -3.199381 38.10954 -0.5553348 -3.189158 37.87769 1.471081 -1.423243 36.51313 1.252419 1.064635 40.09745 -0.8207902 -1.5542 38.3219 2.335159 -0.3769239 37.87469 -2.650091 0.3837829 37.98076 0.2110362 -2.312513 39.80668 2.519518 0.6550686 37.16057 -1.234184 1.89559 40.04961 -3.189677 2.157362 37.17421 -0.8447632 3.97983 36.00243 2.302196 2.32871 38.04877 1.158113 3.546296 37.00093 0.3619591 -3.084052 38.06972 1.712903 -1.906775 36.92878 1.567127 -0.2481905 39.87663 1.042333 1.259487 40.59449 -2.577795 1.408983 38.41949 -2.009044 1.828584 34.072 2.625093 1.408983 38.41954 2.056371 1.828585 34.07204 -1.869723 -1.561863 38.17201 -1.025401 -2.474106 33.32964 1.917027 -1.561862 38.17205 1.072735 -2.474104 33.32966 0.02364981 3.303911 38.554 0.02377641 3.229631 34.3181 -3.041269 -2.469864 37.28887 1.448355 -3.647025 38.86499 2.05696 0.6784367 35.95466 -2.688414 1.687299 34.71778 2.749623 0.2221346 36.31144 0.03061378 3.960833 35.36578 0.8852021 -3.524923 37.7653 -2.329459 -0.8943786 38.70224 0.1003385 -2.863617 38.22192 0.2133885 -2.646142 38.88229 2.474259 -0.904603 38.48785 2.126752 -1.097702 37.55107 2.969926 0.5721177 37.4724 -2.342144 0.03122764 36.66902 -3.437343 1.208321 36.07775 0.8273433 -2.646142 39.53094 2.40329 0.4502856 36.4799 3.406729 0.2843685 37.25993 -1.680105 2.828214 36.00301 0.03454834 3.488178 35.71796 -1.3289 2.824066 35.04178 1.051101 3.10918 37.95914 1.390118 1.932001 36.13416 1.540874 -3.199381 38.10954 -0.5553348 -3.189158 37.87769 1.471081 -1.423243 36.51313 -0.8207902 -1.5542 38.3219 2.335159 -0.3769239 37.87469 -3.147198 0.3837831 37.98076 0.2110371 -2.312514 39.25116 2.519518 0.6550686 37.16057 -2.260519 2.157364 36.72674 -0.844763 3.093843 36.00243 2.302196 2.32871 38.04877 1.158113 3.546296 37.00093 0.3619591 -3.084052 38.06972 1.712903 -1.906775 36.92878 -1.869723 -1.561863 38.17201 1.072735 -2.474104 33.32966 -1.025401 -2.474106 33.32964 1.917027 -1.561862 38.17205 -9.254259 16.62587 28.98197 8.364026 16.5178 28.9583 0.5960857 16.30385 30.79707 -5.139556 8.317965 32.58699 -5.684791 8.175137 32.25031 5.658835 8.308514 32.53668 5.14776 8.42524 32.81351 -0.006116747 8.881968 33.90732 -7.002604 11.78624 30.99566 -6.623172 11.85571 31.15991 6.871716 11.87826 31.30959 6.553901 11.92309 31.41188 0.3504067 12.45703 32.46127 -9.254259 16.62587 28.98197 8.364026 16.5178 28.9583 0.5960857 16.30385 30.79707 -5.139556 8.317965 32.58699 -5.684791 8.175137 32.25031 5.658835 8.308514 32.53668 5.14776 8.42524 32.81351 -0.006116747 8.881968 33.90732 -7.002604 11.78624 30.99566 -6.623172 11.85571 31.15991 6.871716 11.87826 31.30959 6.553901 11.92309 31.41188 0.3504067 12.45703 32.46127 3.509475 -0.7763383 20.07079 1.458018 -1.955138 20.07064 1.440552 -1.914625 17.31883 2.749067 0.1099761 17.96406 4.110959 0.9393631 12.56953 0.0866273 0.9354867 12.44085 -0.8089605 3.456555 20.02051 1.980964 -1.688068 13.65753 2.485851 -1.569396 20.01922 3.509475 -0.7763383 20.07079 2.749067 0.1099761 17.96406 3.509475 -0.7763383 20.07079 0.0866273 0.9354867 12.44085 0.0866273 0.9354867 12.44085 1.980964 -1.688068 13.65753 2.485851 -1.569396 20.01922 2.485851 -1.569396 20.01922 -0.8089605 3.456555 20.02051 3.414516 1.895701 4.698328 2.229035 2.76861 4.695021 3.377441 2.74497 0.08752757 0.8790111 1.893482 4.695475 1.002246 2.728773 0.0875867 2.158748 -0.6221435 1.875107 2.181046 -0.522157 4.666397 4.079372 3.291856 3.898242 0.5283479 3.267387 3.898255 2.154199 -2.294804 4.345634 1.002246 2.728773 0.0875867 3.377441 2.74497 0.08752757 3.414516 1.895701 4.698328 0.8790111 1.893482 4.695475 2.158748 -0.6221435 1.875107 2.158748 -0.6221435 1.875107 2.154199 -2.294804 4.345634 0.5283479 3.267387 3.898255 4.079372 3.291856 3.898242 2.03376 4.088151 12.67309 1.949442 -1.152266 10.98307 2.03376 4.088151 12.67309 1.949442 -1.152266 10.98307 1.949442 -1.152266 10.98307 2.03376 4.088151 12.67309 2.03376 4.088151 12.67309 3.964442 -3.780307 0.02387094 0.9578364 -4.097496 0.02386403 0.9578364 -4.097496 0.02386403 3.964442 -3.780307 0.02387094 0.9578364 -4.097496 0.02386403 1.02421 4.327766 19.72827 3.994025 3.156396 19.99488 1.117117 4.043298 17.13427 3.680831 2.792664 17.31546 3.893104 2.793982 19.94192 1.02421 4.327766 19.72827 3.994025 3.156396 19.99488 3.994025 3.156396 19.99488 3.680831 2.792664 17.31546 1.117117 4.043298 17.13427 -3.777426 -1.142628 22.55243 -4.166091 -0.7763949 20.07044 -2.12573 -1.955149 20.07055 -0.3950597 -1.506353 19.99165 -3.214274 -1.44529 18.00405 -2.047642 -1.98056 17.23677 0.01328891 3.342789 20.02175 -4.621918 0.9578525 12.5334 -0.7723401 0.9537842 12.4049 -2.33019 -1.83316 13.6214 -3.181352 -1.707104 20.01774 -3.777426 -1.142628 22.55243 -3.777426 -1.142628 22.55243 -3.777426 -1.142628 22.55243 -4.166091 -0.7763949 20.07044 -4.166091 -0.7763949 20.07044 -3.214274 -1.44529 18.00405 -0.7723401 0.9537842 12.4049 -0.7723401 0.9537842 12.4049 -2.33019 -1.83316 13.6214 -3.181352 -1.707104 20.01774 -3.181352 -1.707104 20.01774 0.01328891 3.342789 20.02175 -4.095256 1.872729 4.734682 -2.845261 2.752569 4.732306 -4.111212 2.856093 0.04662352 -1.550543 1.870518 4.731977 -1.705731 2.838758 0.04668551 -2.798993 -0.553653 4.704381 -2.876961 -0.636888 1.834205 -4.593377 3.396936 3.895807 -0.9604846 3.371768 3.895823 -3.009359 -2.502537 4.325775 -4.111212 2.856093 0.04662352 -1.705731 2.838758 0.04668551 -4.095256 1.872729 4.734682 -1.550543 1.870518 4.731977 -2.876961 -0.636888 1.834205 -2.876961 -0.636888 1.834205 -3.009359 -2.502537 4.325775 -4.593377 3.396936 3.895807 -0.9604846 3.371768 3.895823 -2.808049 4.227008 12.67348 -2.417029 -1.272969 10.99371 -2.808049 4.227008 12.67348 -2.417029 -1.272969 10.99371 -2.417029 -1.272969 10.99371 -2.808049 4.227008 12.67348 -2.808049 4.227008 12.67348 -4.775493 -3.986337 -0.02594017 -1.730556 -4.323251 -0.02593517 -1.730556 -4.323251 -0.02593517 -4.775493 -3.986337 -0.02594017 -1.730556 -4.323251 -0.02593517 -1.20905 4.327673 19.72452 -4.657553 3.156312 19.99069 -1.707443 4.043204 17.13008 -4.358153 0.4409058 17.31127 -4.613379 2.932936 19.93635 -4.657553 3.156312 19.99069 -4.657553 3.156312 19.99069 -4.358153 0.4409058 17.31127 -16.99426 -27.59153 31.14843 -16.68389 -27.58609 29.88545 -18.03991 -27.59701 30.1742 -16.75878 -23.57999 31.24023 -16.44747 -23.57455 29.97748 -18.35922 -23.58548 30.13063 -17.10216 -22.30575 31.19425 -16.79179 -22.3003 29.93126 -18.1478 -22.31122 30.22003 -17.1524 18.07091 31.21615 -16.84204 18.07635 29.95317 -18.19804 18.06543 30.24193 -17.46405 -30.75816 30.31676 -17.46649 -30.75821 30.32668 -17.47471 -30.75825 30.31902 -16.68389 -27.58609 29.88545 -16.44747 -23.57455 29.97748 -18.03991 -27.59701 30.1742 -18.35922 -23.58548 30.13063 -16.79179 -22.3003 29.93126 -18.1478 -22.31122 30.22003 -16.79179 -22.3003 29.93126 -17.10216 -22.30575 31.19425 -18.1478 -22.31122 30.22003 -17.46649 -30.75821 30.32668 -17.46405 -30.75816 30.31676 -17.47471 -30.75825 30.31902 12.50009 -13.55871 33.48262 5.458036 -4.371356 34.10425 12.73381 -5.192158 35.25896 19.70857 -4.502372 32.84629 5.520578 2.48461 34.09873 12.81014 3.174396 35.25223 19.77112 2.353588 32.84077 12.72905 11.54094 33.4624 5.631514 -9.418595 34.08894 9.045744 -13.68695 33.78755 12.61695 -9.375435 34.37079 8.408911 -5.206454 34.74225 15.95151 -13.75044 33.17796 19.44305 -9.545581 32.86974 16.90034 -5.284523 33.99267 5.408897 -0.9426327 34.10859 12.77197 -1.008881 35.2556 8.486226 3.266758 34.73543 19.82025 -1.075131 32.83642 16.97764 3.188689 33.98585 5.78611 7.527818 34.07529 12.76959 7.357669 34.35732 9.27763 11.73268 33.76708 19.59764 7.400842 32.85607 16.1834 11.66919 33.15747 6.991487 -12.51765 34.41814 18.10545 -12.61983 33.43706 8.220309 -0.96776 34.75891 17.16625 -1.050007 33.9692 7.202385 10.60207 34.39952 18.31636 10.49989 33.41843 12.52484 -13.55871 33.62003 5.482784 -4.371356 34.24167 12.75855 -5.192158 35.39638 19.73332 -4.502372 32.9837 5.545326 2.48461 34.23615 12.83489 3.174396 35.38965 19.79586 2.353588 32.97818 12.75379 11.54094 33.59981 5.656261 -9.418595 34.22636 9.070492 -13.68695 33.92496 12.6417 -9.375435 34.5082 8.433659 -5.206454 34.87967 15.97626 -13.75044 33.31537 19.4678 -9.545581 33.00716 16.92509 -5.284523 34.13009 5.433645 -0.9426327 34.24601 12.79672 -1.008881 35.39302 8.510973 3.266758 34.87285 19.845 -1.075131 32.97384 17.00238 3.188689 34.12327 5.810858 7.527818 34.21271 12.79434 7.357669 34.49473 9.302376 11.73268 33.90449 19.62239 7.400842 32.99349 16.20815 11.66919 33.29488 7.016233 -12.51765 34.55555 18.1302 -12.61983 33.57447 8.245055 -0.96776 34.89632 17.191 -1.050007 34.10662 7.227133 10.60207 34.53693 18.34111 10.49989 33.55585</float_array>
          <technique_common>
            <accessor source="#spear_keltoi_Mesh-mesh-positions-array" count="476" stride="3">
              <param name="X" type="float"/>
              <param name="Y" type="float"/>
              <param name="Z" type="float"/>
            </accessor>
          </technique_common>
        </source>
        <source id="spear_keltoi_Mesh-mesh-normals">
          <float_array id="spear_keltoi_Mesh-mesh-normals-array" count="3672">-0.3436281 -0.6478441 0.6798661 -0.06520724 -0.4281604 0.9013472 -0.7283335 -0.2435231 0.6404895 -0.7282747 -0.2435489 0.6405466 -0.7953534 -0.4205698 0.4365022 -0.3436177 -0.6478573 0.6798587 -0.2381653 -0.2360485 0.9421032 -0.06524002 -0.4281624 0.901344 -0.3436132 -0.6478683 0.6798505 -0.3436319 -0.6478387 0.6798692 0.2853826 -0.9098912 0.3010893 -0.2381419 -0.2360737 0.9421027 -0.7283447 -0.2435476 0.6404675 -0.06522727 -0.42816 0.901346 -0.2381934 -0.2360469 0.9420965 -0.238147 -0.2360419 0.9421095 -0.6689077 0.1856057 0.7198007 -0.7283324 -0.2435107 0.6404955 0.9025326 -0.3092213 -0.299695 0.8505398 -0.4866588 -0.1993626 0.9101884 -0.366406 0.1931418 0.9102187 -0.3663327 0.1931381 0.2853995 -0.9098724 0.3011299 0.9025315 -0.3092145 -0.2997053 0.2624787 -0.9646316 0.02431023 0.8505522 -0.4866333 -0.1993719 0.9025304 -0.3092325 -0.2996901 0.9025251 -0.3092325 -0.2997062 0.7496724 -0.4976262 -0.436302 0.2624709 -0.9646331 0.0243352 0.9102088 -0.3663486 0.1931543 0.8505454 -0.4866486 -0.1993632 0.2624282 -0.9646456 0.02429801 0.2624623 -0.964636 0.02431309 0.9430777 0.2143719 0.2542623 0.9102004 -0.3663707 0.1931524 -0.7282977 -0.2434982 0.6405398 -0.9678357 -0.2492366 -0.03428387 -0.899178 -0.4003292 -0.176679 -0.8991669 -0.4003656 -0.1766533 -0.7953618 -0.420592 0.4364656 -0.7283095 -0.2435306 0.6405141 -0.6689003 0.1855767 0.7198151 -0.956674 -0.1116917 -0.2688862 -0.9678352 -0.2492355 -0.03430604 -0.96783 -0.2492616 -0.0342592 -0.72831 -0.2435696 0.6404986 -0.6688825 0.185616 0.7198215 -0.8991699 -0.4003371 -0.1767026 -0.9678379 -0.2492323 -0.03425246 -0.9566767 -0.1116909 -0.268877 -0.9566627 -0.1116905 -0.268927 -0.8154949 0.4789091 -0.3249834 -0.8991599 -0.4003674 -0.1766846 -0.238106 -0.2360112 0.9421275 -0.3933819 -0.70873 0.5856215 -0.3966879 -0.09797763 0.9127097 -0.396756 -0.0980187 0.9126757 -0.6688913 0.1855348 0.7198342 -0.2381264 -0.2360396 0.9421153 -0.1851752 -0.5648586 0.8041424 -0.3934022 -0.7087188 0.5856214 -0.2382149 -0.235984 0.9421069 -0.2382147 -0.235987 0.9421062 0.2853634 -0.9098742 0.3011591 -0.1852265 -0.5648457 0.8041397 -0.3967599 -0.09801042 0.912675 -0.3934767 -0.7086697 0.5856308 -0.1852729 -0.5648294 0.8041404 -0.1852162 -0.5648543 0.804136 -0.5544252 -0.06593388 0.8296177 -0.3967281 -0.09798943 0.912691 0.8334004 -0.5526098 0.008144557 -0.8039637 0.490582 0.3361127 -0.755698 -0.4408029 0.4843692 -0.7558146 -0.4408444 0.4841495 0.8963474 -0.2848855 -0.3397086 0.8333935 -0.5526205 0.008118331 0.262471 -0.9646336 0.02431434 -0.8039383 0.4906211 0.3361162 0.8333899 -0.5526264 0.008098602 0.8333981 -0.552612 0.008223354 0.9430665 0.2143326 0.2543367 0.2624726 -0.9646326 0.02433544 -0.7556847 -0.4408473 0.4843493 -0.8039371 0.4906288 0.3361081 0.2624134 -0.9646493 0.0243113 0.2624531 -0.9646399 0.02425813 0.7496849 -0.4975749 -0.4363391 -0.7556598 -0.4408227 0.484411 -0.5701608 0.6768843 0.4655582 -0.5081461 -0.2783753 0.8150429 0.09496575 0.4377739 0.8940557 0.09492576 0.4377716 0.8940611 0.0123834 0.8933677 0.4491559 -0.5701553 0.6768945 0.46555 -0.3967034 -0.09806442 0.9126937 -0.508113 -0.2784187 0.8150486 -0.57015 0.6769106 0.4655332 -0.570174 0.6768655 0.4655693 -0.6688962 0.1855822 0.7198174 -0.396751 -0.09797561 0.9126825 0.09489446 0.4377425 0.8940786 -0.5081205 -0.2783942 0.8150523 -0.3967167 -0.09795331 0.9126999 -0.3967396 -0.0980218 0.9126826 -0.5544273 -0.06592863 0.8296167 0.09495967 0.4377971 0.8940449 -0.5702132 0.6768693 0.4655157 -0.9162036 0.1377638 0.3762874 -0.9566838 -0.1116414 -0.2688723 -0.9566752 -0.1117089 -0.2688747 -0.6688907 0.1856188 0.7198131 -0.5701788 0.6768715 0.4655548 -0.6712864 0.7232 -0.1623465 -0.9161997 0.1377646 0.3762965 -0.5701496 0.6769039 0.4655436 -0.570184 0.6768881 0.4655241 0.01240485 0.8933684 0.4491536 -0.6713115 0.7231699 -0.1623768 -0.9566821 -0.1116586 -0.2688713 -0.9162079 0.1377353 0.3762876 -0.6712839 0.723199 -0.1623614 -0.6713002 0.7231906 -0.1623312 -0.8155215 0.478887 -0.3249492 -0.9566702 -0.1117089 -0.2688928 0.01240563 0.8933565 0.4491773 0.07820999 0.8598923 0.5044488 -0.2179766 0.9418048 -0.25591 -0.2180016 0.9418123 -0.2558612 -0.6712942 0.7231881 -0.1623678 0.01241934 0.8933664 0.4491572 -0.6360374 0.7404184 -0.2173407 -0.2179937 0.9418094 -0.2558791 0.07825982 0.8598864 0.5044509 0.07819414 0.8598982 0.5044412 -0.3373146 0.2353078 0.9115093 -0.6359478 0.7405034 -0.2173134 -0.6712805 0.7232028 -0.1623585 -0.217986 0.9418112 -0.2558788 -0.6360074 0.7404429 -0.2173452 -0.6359963 0.7404547 -0.2173377 -0.8155198 0.478887 -0.3249534 -0.6713107 0.7231799 -0.1623353 0.6739089 0.6812321 0.2859541 0.8227536 0.5393124 0.1794964 0.8333993 -0.5526117 0.008127391 0.8334144 -0.552588 0.008193075 0.8963094 -0.2848957 -0.3397999 0.673852 0.6812753 0.2859854 0.5379393 0.6351571 0.5542534 0.8227407 0.5393307 0.1795002 0.6738755 0.6812625 0.2859603 0.6738726 0.6812616 0.2859693 0.01240468 0.893366 0.4491584 0.5379435 0.6351632 0.5542424 0.8334454 -0.5525419 0.008140206 0.822708 0.5393801 0.1795011 0.5379464 0.6351786 0.554222 0.537979 0.6351548 0.5542175 0.9430696 0.2143662 0.2542972 0.8334159 -0.552586 0.008159935 0.07820713 0.8598964 0.5044423 0.707535 0.701715 -0.08360946 0.8266806 0.5212293 -0.2119415 0.8267307 0.5211471 -0.2119486 -0.3373474 0.235298 0.9114997 0.07821041 0.8598842 0.5044627 0.01240718 0.8933437 0.4492028 0.6738656 0.6812616 0.285986 0.7074906 0.7017623 -0.08358722 0.7075313 0.7017207 -0.08359169 0.07819837 0.8598888 0.5044564 0.01240104 0.8933568 0.4491769 0.8266814 0.5212146 -0.2119746 0.7075141 0.7017356 -0.0836125 0.6738972 0.6812493 0.2859407 0.6738814 0.6812411 0.2859973 0.8963387 -0.2849047 -0.3397152 0.8266903 0.521205 -0.2119635 -0.3436341 -0.6478357 0.6798709 -0.08801805 -0.634607 0.7678065 0.6461219 -0.7085413 -0.283718 0.6460865 -0.7085376 -0.2838075 0.2853804 -0.9098919 0.3010897 -0.3436028 -0.6478537 0.6798697 -0.2536505 -0.4136717 0.8743782 -0.08801448 -0.6346075 0.7678066 -0.3436293 -0.6478412 0.6798682 -0.3436039 -0.6478352 0.6798868 -0.7953804 -0.4205558 0.4364665 -0.2536706 -0.4136598 0.874378 0.6460912 -0.7085601 -0.2837408 -0.08801996 -0.6346127 0.7678016 -0.2536741 -0.4136849 0.8743651 -0.2536931 -0.4136599 0.8743713 0.2210624 -0.8830232 0.4140068 0.6460079 -0.7086072 -0.2838127 0.9025425 -0.3092117 -0.2996753 0.5725668 -0.4945842 -0.6538761 0.773069 -0.3150742 -0.5505385 0.77305 -0.315049 -0.5505797 0.749688 -0.4976058 -0.4362986 0.9025358 -0.3092153 -0.2996916 0.6460745 -0.7085523 -0.2837986 0.5725678 -0.494577 -0.6538806 0.9025353 -0.3092297 -0.2996782 0.9025292 -0.3092108 -0.299716 0.2853462 -0.9099189 0.3010402 0.6460521 -0.7085695 -0.2838064 0.7730525 -0.3150529 -0.550574 0.5725065 -0.4946029 -0.6539146 0.6460551 -0.7085549 -0.283836 0.6460844 -0.70855 -0.2837814 0.2210372 -0.8830336 0.413998 0.7730615 -0.3150375 -0.5505699 -0.1852136 -0.5648627 0.8041307 0.5435407 -0.09934794 0.8334828 0.3871209 0.1258785 0.9133959 0.3870832 0.1259285 0.913405 -0.5544265 -0.0659129 0.8296185 -0.18522 -0.5648538 0.8041355 0.9102023 -0.3663806 0.1931244 0.5435717 -0.09935396 0.8334618 -0.1852515 -0.5648192 0.8041524 -0.1852654 -0.5648102 0.8041557 0.2853826 -0.9098865 0.3011036 0.9102023 -0.3663755 0.1931344 0.3871002 0.1259399 0.9133962 0.5435941 -0.09930968 0.8334525 0.9102001 -0.3663707 0.1931536 0.9102144 -0.3663418 0.1931412 0.9430957 0.214308 0.2542495 0.3871298 0.1259086 0.913388 0.09495276 0.4377573 0.8940653 0.1967594 -0.3667798 0.9092625 0.537924 0.6351903 0.5542302 0.5379327 0.6351588 0.5542578 0.01240265 0.893345 0.4492005 0.09495466 0.4377639 0.8940618 0.3871787 0.1259111 0.913367 0.1967937 -0.3667942 0.9092493 0.09495478 0.4377623 0.8940625 0.09492564 0.4377962 0.8940491 -0.5544034 -0.06594938 0.829631 0.3871094 0.1259069 0.9133968 0.5379588 0.6351455 0.5542478 0.1967747 -0.3667845 0.9092573 0.3871494 0.1258701 0.913385 0.3871359 0.125873 0.9133903 0.9430758 0.2143566 0.2542822 0.5379492 0.6351696 0.5542295 -0.7110073 -0.7031337 0.008471608 -0.9357585 0.3413273 -0.08861041 -0.5062499 -0.8595986 0.06929236 -0.925552 0.3688403 -0.08550095 -0.5062726 -0.8595886 0.06925088 -0.9357553 0.34134 -0.08859556 0.9255692 0.3687974 -0.08550029 0.9357712 0.3412967 -0.08859491 0.5062735 -0.8595879 0.06925261 0.7110081 -0.7031328 0.008475244 0.5062505 -0.8595981 0.06929475 0.9357587 0.3413285 -0.08860355 -0.5062808 -0.8595825 0.06926554 0.5062721 -0.8595903 0.06923222 -0.7110145 -0.7031267 0.008447587 -0.7110219 -0.7031187 0.008491814 0.5062741 -0.8595885 0.06924116 0.711026 -0.7031142 0.008523702 6.22589e-6 0.999995 -0.003162264 -0.9255617 0.3688247 -0.0854631 -0.9357474 0.3413379 -0.08868771 -2.07424e-5 0.9998464 -0.01753139 2.81334e-5 0.9999952 -0.003132283 -0.9357606 0.3413196 -0.0886175 2.00272e-5 0.9999951 -0.003131687 -2.64099e-5 0.9998465 -0.01752531 0.9357538 0.3413268 -0.0886622 0.9357631 0.3413238 -0.08857506 0.925581 0.3687765 -0.0854631 4.42564e-5 0.9999952 -0.003089666 0.3977565 0.6857233 -0.6095681 0.7141153 0.2373239 -0.6585717 0.822431 0.3086757 -0.4778354 0.8224252 0.3086726 -0.4778473 -0.164886 -0.0407446 -0.9854707 0.3978069 0.6856752 -0.6095895 0.631416 0.6540719 -0.4165381 -0.01574885 0.9931319 0.1159351 0.3977353 0.6857057 -0.6096018 0.3977303 0.6857107 -0.6095995 -0.1649522 -0.04069375 -0.9854617 0.6314071 0.6540743 -0.4165477 -0.9025339 0.3092118 0.299701 -0.01575618 0.9931333 0.1159227 -0.9182256 0.2764285 0.2836354 -0.9182258 0.2764219 0.2836413 -0.9373798 0.3260462 -0.1225272 -0.9025357 0.3092204 0.2996869 -0.8893414 0.1852694 0.4180276 -0.7496752 0.497625 0.4362986 -0.902523 0.3092439 0.2997007 -0.9025405 0.3092051 0.299688 -0.9373884 0.3260299 -0.1225057 -0.8893382 0.1852957 0.4180229 0.8224444 0.3086673 -0.4778179 0.7141069 0.2373812 -0.6585603 0.8250269 0.5189436 0.2236702 0.8250154 0.5189509 0.2236954 0.7044688 0.6626275 0.2542609 0.8224114 0.308688 -0.4778614 0.8250214 0.5189515 0.2236716 0.8155097 -0.4789012 0.3249582 0.8589051 0.3003057 0.4148477 0.8588944 0.3003086 0.4148679 0.7044704 0.6626262 0.2542599 0.8250384 0.5189217 0.2236786 0.5489583 0.6547282 -0.5195919 -0.01577407 0.9931399 0.1158635 0.6314392 0.6540576 -0.4165253 0.6314319 0.6540695 -0.4165176 0.5767898 0.6076722 -0.5459378 0.5489602 0.6547231 -0.5195964 -0.7133365 -0.2419297 0.6577394 -0.8963278 0.2848918 0.3397545 0.7556656 0.4408128 -0.4844109 0.7557024 0.4408028 -0.4843622 -0.3492755 -0.8791691 0.3241426 -0.7133489 -0.2419695 0.6577113 0.755666 0.4408238 -0.4844 -0.7497104 0.497572 0.4362987 -0.8893326 0.1853202 0.4180239 -0.889325 0.1852706 0.4180619 -0.3493332 -0.8791455 0.3241443 0.7556413 0.4408381 -0.4844256 0.8589126 0.3003447 0.4148041 0.815519 -0.4788887 0.3249529 0.5402211 -0.835104 0.1037434 0.5402186 -0.8351051 0.1037464 0.6676493 -0.7308135 -0.1419727 0.858884 0.3003143 0.4148852 0.5085843 -0.8578638 0.073565 0.2622724 -0.5751534 -0.7748625 -0.1025857 -0.8180202 -0.5659674 -0.1026276 -0.8180234 -0.5659553 0.3771603 -0.9235529 0.069283 0.5086331 -0.857833 0.07358634 0.5402215 -0.8351036 0.1037438 0.8155173 -0.4788876 0.324959 0.5086185 -0.8578439 0.07355922 0.5086351 -0.8578333 0.07356923 0.3771525 -0.9235554 0.06929278 0.5402336 -0.8350955 0.1037458 -0.8870789 -0.4006342 0.2293105 -0.8963297 0.2848836 0.3397566 -0.7133332 -0.2419292 0.6577432 -0.713335 -0.2419075 0.6577492 -0.3687952 -0.5012936 0.7827484 -0.8870675 -0.400686 0.2292642 -0.1026471 -0.8180049 -0.5659784 0.2622441 -0.5751593 -0.7748677 -0.8221642 -0.5112137 0.250413 -0.8221274 -0.5112587 0.2504424 -0.9471034 -0.2464964 0.205511 -0.1026485 -0.8179854 -0.5660065 -0.8221186 -0.5112803 0.2504268 -0.8963212 0.2848981 0.3397669 -0.8870809 -0.4006517 0.2292724 -0.8870881 -0.400625 0.2292911 -0.9471004 -0.2464829 0.205541 -0.8221231 -0.5112484 0.2504773 0.3977423 0.6857287 -0.6095713 -0.01575982 0.9931366 0.1158946 -0.6460853 0.7085373 0.2838113 -0.6460105 0.7086127 0.2837933 0.08802121 0.6346067 -0.7678065 0.3977252 0.6857283 -0.6095831 0.253673 0.413661 -0.8743768 0.7140607 0.2345824 -0.6596124 0.3977462 0.6857282 -0.6095695 0.3977335 0.6857056 -0.6096032 0.08801448 0.6346077 -0.7678064 0.2536396 0.413665 -0.8743845 -0.6460494 0.7085811 0.2837835 -0.2210597 0.8830243 -0.4140055 0.2536916 0.4136587 -0.8743725 0.2536782 0.4136881 -0.8743624 0.08801996 0.6346127 -0.7678016 -0.646036 0.708594 0.2837816 -0.9025332 0.3092234 0.2996909 -0.749679 0.4976013 0.4363193 -0.7730468 0.3150541 0.5505813 -0.7730629 0.3150725 0.550548 -0.5725659 0.494583 0.6538776 -0.9025421 0.3092115 0.2996767 -0.6460505 0.7085782 0.2837885 -0.01576447 0.9931447 0.1158243 -0.9025287 0.3092126 0.2997157 -0.9025384 0.3092204 0.2996785 -0.572567 0.494581 0.6538782 -0.6460741 0.7085515 0.2838011 -0.7730618 0.3150397 0.5505684 -0.2211037 0.8829973 -0.4140398 -0.6460681 0.7085625 0.2837874 -0.6460303 0.708591 0.2838025 -0.5725121 0.4946095 0.6539047 -0.7730252 0.3151116 0.5505786 -0.2076115 0.7651185 0.6095008 0.003177165 0.9289124 0.3702861 -0.2083885 0.97088 0.1181792 -0.4390648 -0.886485 0.146173 0.01212751 -0.6800958 0.7330229 -0.52399 -0.03509187 0.8510012 0.01214838 -0.6801077 0.7330116 0.01136314 0.5587319 0.8292706 -0.5239636 -0.03509962 0.8510172 -0.1607988 0.9813396 -0.1054344 0.01842129 -0.002193152 -0.999828 0.03565454 0.7655377 -0.6424024 -0.1742164 -0.04999005 0.9834377 -0.1608248 0.9813347 -0.1054408 0.03958237 0.1767573 0.9834583 0.03961658 0.1767544 0.9834574 -0.160842 0.9813315 -0.1054443 0.03557723 0.7655262 -0.6424204 0.0356267 0.7655406 -0.6424004 0.01842468 -0.002174735 -0.999828 0.1916888 -0.9240314 -0.3307891 -0.07865077 -0.9862484 -0.1453554 0.1917965 -0.9239926 -0.3308351 0.0183956 -0.002209961 -0.9998285 0.03956609 0.176751 0.98346 0.1917837 -0.9240127 -0.3307867 -0.078718 -0.9862421 -0.1453621 0.03962123 0.1767429 0.9834592 -0.07866138 -0.9862468 -0.1453612 -0.1742555 -0.05001813 0.9834293 0.03957492 0.1767464 0.9834605 -0.6325516 0.6933826 0.3451074 -0.5842937 -0.5631284 0.5843693 0.03956758 0.1767357 0.9834628 0.0356909 0.765519 -0.6424226 -0.6325682 0.6933985 0.345045 0.1917563 -0.9240148 -0.3307964 -0.3979952 -0.5853904 -0.7063413 -0.4264056 0.5177492 -0.7416968 -0.6325826 0.6933794 0.345057 -0.4264035 0.5177191 -0.741719 -0.3979759 -0.58535 -0.7063856 0.1529455 0.98252 0.1061231 -0.1540745 0.9793221 0.1311078 0.6736201 0.7388957 0.01641118 -0.6774915 0.735423 0.01258492 0.6787661 0.7336664 0.03178524 -0.1339086 0.9840945 0.1167339 0.2214077 -0.9721869 0.07636326 0.921216 -0.3890481 -0.001667201 0.8166743 -0.5679445 0.1023823 -0.0221135 -0.9918001 0.125872 -0.7515878 -0.6513529 0.1041897 -0.07531839 -0.9886761 0.129795 -0.05103492 -0.996207 0.07047843 0.005807638 -0.9999435 -0.008908271 0.006637454 -0.9971331 0.07537728 -0.426353 0.5177749 -0.7417091 0.03566783 0.7655239 -0.6424181 0.1918041 -0.9240013 -0.3308063 -0.5842869 -0.5631481 0.5843569 0.1916766 -0.9240318 -0.3307952 0.03963834 0.1767655 0.9834545 -0.584303 -0.5631261 0.584362 -0.3979568 -0.5854004 -0.7063547 0.1917761 -0.9240076 -0.330805 0.0356332 0.7655366 -0.6424049 -0.4264156 0.5177767 -0.7416718 -0.6325923 0.6933605 0.3450773 0.1178386 0.4345629 0.8928994 0.12857 -0.5893013 0.7976176 0.5855935 -0.05729919 0.8085772 0.3055998 0.03009819 0.9516843 0.08180731 -0.5979348 0.7973592 0.2243953 -0.9309572 0.2880372 0.6394181 0.5433044 0.5440266 0.1723539 0.3628982 0.9157506 0.4302093 -0.1386964 0.8920108 -0.6965381 0.7165102 -0.0380516 -0.7481771 -0.656927 -0.09315615 -0.4397631 -0.8978435 0.0220322 -0.29282 0.942741 0.1596747 -0.696516 0.7169528 -0.02905547 -0.4485604 -0.8884681 0.0970478 0.7439911 -0.6638364 -0.07614821 0.6987264 0.7152149 -0.015787 0.4391293 -0.8982741 0.01640301 0.4472686 -0.889567 0.09285122 0.6972754 0.7167772 -0.006129026 0.2815102 0.9448207 0.1675289 -0.1209235 0.8888088 0.4420366 0.146506 0.8649818 0.4799402 0.2702471 0.9467265 0.1751443 0.2702617 0.9467194 0.1751602 -0.2811585 0.9451987 0.1659796 -0.1209168 0.8888161 0.4420237 -0.6978517 0.716017 -0.01796728 -0.2889363 0.9403368 0.1796739 0.268859 0.9417412 0.2020854 -0.6975956 0.7162933 0.01686364 0.2787263 0.9417885 0.1880061 0.6999025 0.7141566 0.0108115 -0.4390515 -0.8864856 0.1462097 -0.01749885 -0.992592 0.1202291 0.0121504 -0.6801036 0.7330154 -0.7516478 -0.6487519 -0.1189388 -0.02048945 -0.9995625 -0.02133774 -0.4443007 -0.8958714 -0.003381907 -0.01995897 -0.9843101 -0.1753153 0.7474364 -0.6594508 -0.08039629 -0.01687872 -0.9995584 -0.02445805 -0.01782608 -0.9995262 -0.02509838 -0.7537454 -0.6490382 -0.1030405 -0.01425969 -0.9844068 -0.1753284 -0.6325833 0.693358 0.3450987 -0.3979585 -0.5854256 -0.7063328 -0.5843003 -0.5631526 0.5843393 -0.1635343 -0.05485993 0.9850111 -0.113691 -0.9811464 -0.1562885 0.150853 -0.5919209 0.7917532 0.09501016 -0.7166603 0.6909205 -0.2099803 -0.9031345 -0.3745083 0.1000172 -0.9653182 0.241159 0.1276972 -0.9297203 0.3454183 -0.2391587 -0.9559931 -0.1699421 -0.3317059 0.09732615 -0.938349 0.1916797 -0.9076195 0.3734781 -0.3764596 0.05242043 -0.9249489 0.2796646 0.9198581 0.2750434 -0.282633 -0.0812968 -0.9557769 -0.1828841 0.9740669 -0.1332191 0.2598034 0.9529893 0.1559285 0.2113779 0.411767 0.8864352 -0.1386904 -0.04732114 0.9892047 0.1912657 -0.5798566 0.7919495 0.1655137 0.5338183 0.8292427 0.3408151 0.931355 0.1281524 -0.1043308 0.9507341 -0.2919242 -0.06568014 0.9941956 -0.0852127 -0.1404263 -0.05106455 0.9887735 0.205504 0.3855778 0.8994987 0.1662411 0.9827353 -0.08121144 -0.009814977 0.7613211 -0.6483008 0.04954904 2.78885e-4 -0.9987717 0.117475 -0.04941499 0.9918457 -0.08841973 0.178043 0.9800422 0.1662419 0.9827357 -0.08120471 -0.08834528 0.1780076 0.9800554 -0.009835541 0.7613151 -0.6483076 0.1662571 0.9827321 -0.08121705 -0.009885787 0.7613089 -0.6483141 -0.1746697 -0.9207776 -0.3487967 0.04952561 2.75224e-4 -0.9987729 0.092799 -0.9878343 -0.1247867 0.04955589 2.70844e-4 -0.9987713 -0.1746119 -0.9207801 -0.348819 -0.08834195 0.1780077 0.9800556 0.09286022 -0.9878293 -0.1247813 -0.1746581 -0.9207778 -0.348802 -0.08838671 0.1780119 0.9800508 0.1174541 -0.04938429 0.9918497 0.09287238 -0.9878309 -0.1247598 -0.08838415 0.1779972 0.9800537 0.5470612 -0.5632178 0.6192817 0.6101434 0.6934667 0.383183 -0.08839935 0.1779996 0.9800519 0.6101756 0.6934098 0.3832345 -0.00989902 0.7613024 -0.6483215 -0.1745728 -0.92079 -0.3488126 0.4709518 0.5180612 -0.7140148 0.4407947 -0.5851929 -0.6806244 0.6101772 0.6934077 0.3832359 0.4407915 -0.5852242 -0.6805994 0.4709213 0.5181189 -0.713993 0.4709565 0.5180898 -0.7139909 -0.1747129 -0.9207735 -0.3487859 -0.009891092 0.7612975 -0.6483274 0.5470942 -0.5631764 0.6192901 -0.08841443 0.1780256 0.9800459 -0.1746379 -0.9207883 -0.3487844 0.5471369 -0.5631875 0.6192423 -0.1746178 -0.9207843 -0.3488048 0.4407436 -0.5851902 -0.6806597 -0.00983566 0.7613177 -0.6483045 0.6101719 0.6934169 0.3832274 0.4708898 0.518112 -0.7140188 0.7534768 -0.4387036 0.4897062 0 0 1 0.7564114 0.1161504 0.6437009 -0.03563302 -0.01882737 0.9991877 -0.2918865 -0.04673993 0.9553103 0.1634696 -0.591696 0.7894135 -0.08503925 -0.02858155 0.9959676 -0.03334152 -0.9607858 0.2752801 0.1626137 -0.6438607 0.7476632 0.09577053 0.2017242 0.974749 0.6685692 0.4931725 -0.5565933 -0.4145227 0.09783816 0.9047644 -0.8677992 0.3689521 0.3328646 -0.8421372 -0.07351374 0.5342292 0.6101694 0.6934494 0.3831726 0.5470687 -0.5632368 0.6192578 0.4407744 -0.5851599 -0.6806657 0.09943109 -0.05306971 0.9936283 -0.2129771 -0.5894747 0.779205 0.1283164 -0.9827578 -0.1331241 -0.1010541 -0.6812446 0.7250475 -0.112297 -0.9518773 0.2851651 0.1961568 -0.9268847 -0.3200114 -0.1322926 -0.9180395 0.3737676 0.299887 0.06714612 -0.9516088 0.2024744 -0.9694551 -0.1384236 -0.1881992 -0.9142154 0.3588753 -0.2772607 0.9143744 0.295036 0.3211554 0.07142519 -0.9443293 0.2404764 -0.04787176 -0.9694738 -0.2731227 0.9433413 0.1884448 0.1458792 0.9838975 -0.1032711 -0.1394615 0.5556384 0.8196441 -0.2551062 -0.5758879 0.7767073 0.07093989 -0.0445556 0.9964851 -0.09440189 0.6393721 0.7630804 0.08252477 0.9753392 -0.2047024 -0.3613206 0.908131 0.2115315 0.06530421 0.9956125 -0.06701636 -0.1435244 0.5371726 0.8311718 0.07457292 -0.05032432 0.995945 0.4348312 -0.888639 0.1457483 0.5265337 -0.002928495 0.8501493 0.01215243 -0.6801183 0.7330017 0.01218682 -0.6801009 0.7330173 0.5265815 -0.002945959 0.8501195 0.01135522 0.5587096 0.8292857 0.3604965 0.7148414 0.5992028 0.2702618 0.9467208 0.1751528 0.1465001 0.8649861 0.4799343 -0.9164647 -0.3987268 0.03330755 -0.1963813 -0.9797125 0.03997284 -0.8279321 -0.559414 0.03980523 0.8817507 -0.4714436 -0.01602566 0.9303725 0.3505297 0.1074057 0.7630522 -0.6427164 0.06831532 0.7700563 -0.6365002 0.04336857 0.924992 0.320992 0.2033572 0.6846511 0.7194909 0.1165581 -0.689983 0.7211571 0.06209701 -0.9350867 0.3171022 0.1583007 -0.7790665 -0.6268081 -0.0129314 -0.7719084 -0.6356933 0.007176339 -0.9334353 0.355072 0.05121111 -0.8743511 -0.4851361 0.01238363 -0.2331234 0.9719941 0.0296818 -0.6200568 0.784497 -0.009694814 -0.6701403 0.7411614 0.03989839 0.6722564 0.733594 0.09955543 0.6668137 0.744561 0.03143978 0.3607844 0.9301717 0.06793618 0.7447327 -0.6595948 -0.1015288 0.4394052 -0.898259 -0.007343113 -0.01541775 -0.9996377 -0.02206695 -0.01748907 -0.9925919 0.1202319 0.4348123 -0.8886511 0.1457315 0.01210606 -0.6801249 0.7329964 0.1187313 0.6528958 0.7480843 -0.03188902 0.9423725 0.3330426 -0.254911 0.7892963 0.558598 -0.3459138 0.3534536 0.8691458 -0.5783376 -0.3899607 0.7165587 0.08010482 0.1514782 0.9852095 0.1465196 0.8649857 0.4799289 -0.1209195 0.8888223 0.4420109 0.01137882 0.5586946 0.8292954 0.5265852 -0.002919852 0.8501175 0.3604981 0.7148296 0.5992159 0.1465105 0.8649898 0.4799246 0.1465123 0.864983 0.479936 0.011433 0.5587047 0.8292879 0.526619 -0.002910971 0.8500965 0.9227063 -0.3789485 -0.07079017 0.2108658 -0.9764865 -0.0448324 0.4030522 -0.9021056 -0.1541253 0.5013922 -0.7729836 -0.3887185 0.9707382 -0.08129274 -0.2259624 0.9681471 -0.2056158 -0.1428754 -0.1923389 -0.9799565 -0.05187547 -0.9124193 -0.4045848 -0.06166279 -0.767388 -0.6318036 -0.10927 -0.6999236 -0.7139896 0.01804965 -0.1204497 -0.9782181 -0.1690603 -0.02122998 -0.9971258 -0.07272994 0.08575809 -0.9949869 -0.05144673 -0.01597583 -0.9970496 -0.07507938 -0.1189771 -0.9928083 0.01327794 -0.1739273 -0.9834808 0.05014961 0.1991263 -0.9665907 -0.1614042 0.02042484 -0.9992448 -0.03305441 0.006625175 -0.9991999 -0.03944194 -0.06537681 -0.9971793 -0.03687083 -0.1263968 -0.9919786 0.001540422 -0.2286889 -0.9722996 0.04832214 0.1648505 -0.983799 0.07045531 -0.08835202 -0.9960644 -0.007052183 1.42033e-4 0.9940413 -0.1090046 1.28753e-4 0.99404 -0.1090173 0.8914425 0.3477239 -0.2905485 0.8543689 -0.4791881 -0.2010783 0.8725663 -0.3469585 -0.3438718 0.9177185 -0.3084695 -0.2502784 0.907884 0.4084331 -0.09449464 0.8831083 0.4391788 -0.1650516 -0.876279 -0.4800804 -0.04071909 -0.9443433 0.3077885 -0.116113 -0.9842165 -0.03356349 -0.173757 -0.9625474 0.08859735 -0.2562286 -0.7497805 -0.6474826 -0.1363655 -0.8975136 -0.4367965 -0.06064873 -0.622274 0.7708423 -0.1362984 -0.2355823 0.9697894 -0.06332099 -0.3242092 0.9450816 -0.04134321 -0.5078881 0.7556562 -0.4135618 -0.8829937 0.1116563 -0.4559112 -0.682249 0.474027 -0.5566281 0.3747093 0.9118707 -0.1675859 0.6504628 0.7431473 -0.1569403 0.767441 0.6268135 -0.1346818 0.718436 0.6885507 -0.09873074 0.4416378 0.8934239 -0.08215874 0.2651965 0.9577212 -0.1115388 0.1055089 -0.981065 0.1624176 0.7445933 -0.651197 0.1467087 -0.006720006 -0.9912545 0.1317933 -0.0543161 -0.9970966 0.05336993 -0.005452215 -0.9995978 -0.0278328 0.06731009 -0.9949914 0.07390201 -0.03233343 -0.591264 0.8058297 0.04408824 -0.9985708 -0.03020948 -0.9768743 0.2067016 0.05469053 -0.6494199 0.521122 -0.5537922 -0.03231453 -0.5912635 0.8058308 -0.9768707 0.2067136 0.05471068 0.6540231 0.5289658 -0.5407855 0.9869801 0.1594123 0.02140074 0.04411542 -0.9985688 -0.03023576 0.0441088 -0.998571 -0.03017067 -0.03237128 -0.5912581 0.8058326 0.6540547 0.528977 -0.5407364 -0.01333558 -0.9981925 -0.05860096 0.02378439 -0.5609186 0.8275293 0.980565 0.1912295 0.04386055 0.02383351 -0.5608158 0.8275976 0.6452153 0.529972 -0.5502972 0.9805594 0.191266 0.04382467 -0.9882329 0.148986 0.03462648 -0.6558667 0.537738 -0.5297894 -0.01333189 -0.9981917 -0.05861431 0.02379161 -0.5608884 0.8275496 -0.01333791 -0.9981967 -0.05852675 -0.6558727 0.5377625 -0.5297573 0.6452478 0.5299761 -0.5502551 -0.6558614 0.5377538 -0.5297799 -8.82281e-4 0.9866097 0.1630968 0.6540659 0.5289822 -0.5407177 -0.6494249 0.5211436 -0.5537659 0.02760255 0.9902309 0.1366779 0.98698 0.1594156 0.02138483 0.6540616 0.5290013 -0.5407044 0.02759718 0.9902285 0.1366963 0.02757996 0.9902303 0.1366868 -0.6494655 0.5211514 -0.5537111 -0.9768747 0.2067069 0.05466604 -8.65996e-4 0.9866096 0.1630979 -0.6558808 0.5377312 -0.5297789 -0.9882306 0.1490086 0.03459542 0.9805606 0.1912546 0.04384672 0.6452175 0.5300078 -0.55026 -8.7031e-4 0.9866082 0.1631062 -0.7480383 0.3919395 -0.5355579 -0.6420484 -0.7159162 0.2742957 0.1264226 -0.3752203 0.9182741 0.6679807 -0.7023879 0.2458721 -0.0675053 -0.216256 0.9740002 -0.5605762 -0.7958579 0.2288336 -0.2217212 -0.3938824 0.8920181 0.7329617 -0.6078782 0.3053709 0.7707799 0.4060916 -0.4909055 -0.6670917 -0.7026088 0.2476482 0.5567809 -0.7983756 0.2293284 0.06218785 -0.185353 0.9807023 0.7409522 0.4068292 -0.5343032 -0.1359424 -0.3449254 0.9287336 0.6380937 -0.7196568 0.2737348 -0.7705356 0.4244896 -0.4754826 -0.7261164 -0.616639 0.3041571 0.2217485 -0.3652991 0.904093 0.6216466 0.3103318 -0.7192008 0.5704092 -0.8181406 0.07265853 -0.6919057 -0.7173318 0.08186352 -0.6938337 -0.7171136 0.06590205 -0.6563803 0.3223318 -0.682105 0.6474545 0.2966814 -0.7019851 -0.6517742 0.2751239 -0.7067512 0.6546323 0.2994109 -0.6941251 0.6961704 -0.7144852 0.06969732 0.6942645 -0.7146161 0.0855599 -0.5747791 -0.8147864 0.07584351 -0.6257014 0.2896189 -0.7243056 0.9979953 -0.06243962 0.01033812 -0.01696884 0.9987679 0.0466358 0.8275816 0.5496842 -0.113825 -0.01870989 0.9995571 0.02314656 -0.9982662 -0.05302804 -0.02554589 -0.7609857 0.6417431 0.09521943 -0.01918649 0.9985949 0.04939931 -0.9955755 -0.09396481 -3.74213e-4 -0.8648272 0.4853492 -0.1284921 0.9997246 -0.01561486 -0.01752263 -0.01682174 0.9995116 0.02633863 0.7460526 0.6588205 0.09675437 0.04667419 -0.9986926 0.02084666 0.06709331 -0.9928404 -0.09882557 -0.9978801 -0.06138885 -0.02160626 -0.7605173 0.6464508 -0.06094914 0.04199826 -0.9989512 0.01824253 -0.998053 -0.05776596 -0.02352368 0.8006992 0.5970247 0.04942041 0.9954921 -0.06489592 -0.06916624 0.08040636 -0.9893162 -0.1216065 0.07451182 -0.9917113 -0.1046746 0.04281842 -0.9989516 0.01619505 0.8003825 0.5971843 0.0525248 0.06472307 -0.9920607 -0.1078264 -0.05394452 -0.9944253 -0.0906009 -0.9981824 -0.05727881 -0.01873469 0.9953987 -0.06789851 -0.06761115 -0.05397218 -0.9944319 -0.09051185 0.07910639 -0.9909755 -0.1082121 0.05594837 -0.9897944 0.1310605 -0.7603127 0.6410583 0.1047331 -0.9982455 -0.05878072 -0.007137775 -0.9986934 -0.05063271 0.006914317 -0.0594719 -0.9945759 -0.08533334 0.05280846 -0.9885575 0.1412993 0.9966903 0.08111697 -0.005344629 0.8481139 0.5190383 0.1063115 0.1929423 -0.9680821 0.1599698 -0.05688631 -0.9943216 -0.08993691 0.9959657 -0.06984513 -0.05633801 0.05310791 -0.988699 0.1401927 0.004735648 -0.9910637 -0.1333058 -0.1135966 -0.9889236 0.09553033 0.9996302 -0.02215534 -0.01577371 -0.1108428 -0.989455 0.09323447 0.780655 0.6229832 -0.04969537 0.9996722 -0.02083843 -0.01487904 -0.9920818 -0.09610211 -0.08085906 -0.788495 0.611401 0.06681877 -0.01097255 -0.9876839 -0.1560773 -0.1117545 -0.9895465 0.09115117 -0.004518091 -0.990346 -0.1385439 -0.7873538 0.6124195 0.07082718 0.1362888 -0.9866177 -0.0895043 0.005605101 -0.9898741 -0.141838 0.9997333 -0.02029919 -0.0110228 0.1362871 -0.9866194 -0.08948826 -0.9919623 -0.09892863 -0.07889294 -0.01006108 -0.9898709 -0.1416144 0.7455131 0.6580301 0.1058617 -0.05723744 -0.9904685 0.125284 0.999761 -0.02182686 0.001233935 0.1456344 -0.986028 -0.0808677 0.9997781 -0.009538412 0.01878237 -0.05126982 -0.9892764 0.1367612 -0.8538619 0.5136074 0.08442318 -0.9987764 0.04565435 -0.0190109 -0.1911764 -0.9699933 0.1502158 -0.9920133 -0.1028523 -0.07301509 0.1408179 -0.9860822 -0.08838689 -0.05422586 -0.9894403 0.1344158 0.7801003 0.6235749 -0.05097126 -0.7887294 0.6120036 0.05794537 -0.01840633 0.9997256 0.01448959 0.8010812 0.5971204 0.04142874 -0.7600061 0.6469286 -0.06224274 -0.01602262 0.999783 0.01331508 0.9955526 -0.06667882 -0.06655061 0.8015648 0.5962409 0.04461848 -0.01528555 0.9997043 0.01891553 -0.01691955 0.9996848 0.01855075 -0.7603566 0.6467984 -0.05924421 -0.9982014 -0.05676108 -0.01929759 -0.02011531 0.9995852 0.0206108 -0.7892528 0.6110252 0.06106209 -0.9921342 -0.09770566 -0.07825213 0.9997527 -0.01977401 -0.01018327 0.780627 0.6231893 -0.04750382 -0.01821893 0.9996253 0.0204277 0.7305246 0.6732537 0.114295 -0.04729974 0.9979072 0.04409229 -0.8345771 0.542254 0.09716928 0.8320105 0.5431757 0.1127772 0.01105219 0.9991535 0.03962492 -0.7458463 0.6565493 0.112501 0.4812602 0.6420323 0.5968109 0.3031674 0.9300425 0.2076305 0.03365969 0.4460879 0.894356 -0.4582124 0.8884224 0.02733415 -0.4797603 0.503951 0.7182365 -0.4428522 0.5214625 0.7293552 0.4180567 -0.176294 -0.8911504 -0.3439556 0.2253521 -0.9115432 -0.4010214 0.2983214 -0.8661329 -0.1602264 0.2221028 -0.9617682 -0.2122985 0.1075554 -0.9712679 -0.01972246 -0.06548297 -0.9976589 0.04443359 -0.3149271 -0.9480752 0.05376362 -0.3189591 -0.9462423 0.201346 -0.3997262 -0.8942477 0.1600903 -0.3355483 -0.9283202 0.04938209 -0.3121289 -0.9487555 -0.581225 0.1440718 -0.8008877 -0.2171688 0.08998256 -0.9719778 -0.3579895 0.1473172 -0.922031 -0.1599472 0.2354577 -0.9586327 -0.1795167 0.2517806 -0.9509891 -0.3743928 0.2484284 -0.893372 0.5920832 0.1525099 -0.7913142 0.4625707 0.2436069 -0.8524577 0.1640945 0.2170844 -0.9622616 0.01344823 -0.03666347 -0.9992372 0.1932527 0.1232815 -0.9733731 -0.3276481 -0.234983 -0.9151119 -0.494745 -0.1274037 -0.8596487 0.3771717 0.2378478 -0.895081 0.2185337 0.2306414 -0.9481812 0.3597236 0.1468669 -0.9214277 0.2194299 0.08967977 -0.9714979 0.5908814 0.12896 -0.7963848 -0.2240263 -0.3461558 -0.9110371 -0.0744788 -0.2071979 -0.9754599 -0.001883029 -0.2566689 -0.9664977 -0.04087829 -0.2925949 -0.9553624 -0.1841834 -0.300905 -0.9356991 0.540663 -0.09317594 -0.8360633 0.4186035 -0.1832558 -0.8894879 0.1997606 -0.2933531 -0.9349009 0.06034821 -0.2751362 -0.9595094 0.06930398 -0.2737891 -0.9592896 0.1053885 -0.2082522 -0.9723808 0.2693436 -0.3840743 -0.8831427 -0.3312203 -0.339608 -0.880318 -0.1859863 -0.3800967 -0.9060549 -0.02907329 -0.3028022 -0.9526099 -0.03332996 -0.3130289 -0.9491586 -0.04718488 -0.3124117 -0.9487742 -0.2008327 -0.3987114 -0.8948159 -0.4180567 0.176294 0.8911504 -0.08374947 -0.014705 0.9963784 0.1715158 -0.09779924 0.9803152 0.1602251 -0.2221028 0.9617683 0.4010236 -0.298321 0.8661321 0.3443929 -0.2249702 0.9114725 -0.05080926 0.3072868 0.9502596 -0.1600903 0.3355482 0.9283203 -0.2013462 0.3997261 0.8942476 -0.05483883 0.3173322 0.9467276 -0.04047429 0.3213552 0.9460935 0.3747094 -0.2358189 0.8966506 0.1795167 -0.2517806 0.9509892 0.1598761 -0.2355393 0.9586245 0.3579894 -0.1473172 0.9220311 0.2111377 -0.1073712 0.9715413 0.5816669 -0.1245249 0.803839 -0.1635032 -0.1197012 0.979254 0.07791066 -0.04750937 0.9958277 -0.1640967 -0.2170844 0.9622613 -0.4625694 -0.2436071 0.8524584 -0.5912797 -0.1507681 0.7922483 0.4947471 0.1274035 0.8596475 0.3276495 0.2349824 0.9151116 -0.5902718 -0.1086719 0.7998561 -0.2133984 -0.1070792 0.9710795 -0.3597243 -0.1468668 0.9214276 -0.2185337 -0.2306414 0.9481813 -0.3780756 -0.2271854 0.8974663 0.1841835 0.3009051 0.9356991 0.04266136 0.2803402 0.9589523 -0.009479284 0.2855633 0.958313 0.07472956 0.2069448 0.9754945 0.2240263 0.3461557 0.9110371 -0.4186035 0.1832558 0.8894879 -0.540665 0.09317576 0.836062 -0.2693436 0.3840743 0.8831427 -0.1051346 0.2084786 0.9723598 -0.05819195 0.2928743 0.9543785 -0.06510066 0.2563362 0.964393 -0.1997603 0.293353 0.9349011 0.3312203 0.339608 0.880318 0.2008323 0.3987113 0.8948159 0.04361528 0.3179845 0.9470922 0.03033077 0.3190008 0.947269 0.02799308 0.3046853 0.9520417 0.1859863 0.3800967 0.906055 0.4097136 -0.1520894 0.8994464 0.8102133 -0.1536247 -0.5656446 0.8863653 0.06929218 -0.457772 0.8862229 0.06946599 -0.4580215 0.5695516 0.01540654 0.8218112 0.4099025 -0.1520595 0.8993653 0.624749 -0.1497287 -0.7663355 -0.9567079 -0.1202527 -0.2650457 -0.9589507 0.02918356 -0.2820674 -0.9590173 0.02914732 -0.2818445 0.6807823 0.09366798 -0.7264722 0.5947245 -0.1296494 -0.7934064 -0.9588137 -0.1200619 -0.2574129 0.1988748 -0.1432638 0.9694969 0.3168219 0.03664362 0.947777 0.2748376 0.02649283 0.9611257 -0.9593102 0.02921283 -0.2808389 -0.9584572 -0.1204166 -0.2585726 0.5582161 0.08994668 0.8248057 0.8805279 0.1468877 -0.4506604 0.7529168 0.1012881 -0.6502746 0.7530542 0.1012665 -0.650119 0.3505582 0.1165288 0.9292632 0.5580582 0.0897274 0.8249364 0.6787741 0.1039415 -0.7269538 -0.9590201 0.02921032 -0.2818282 -0.9543537 0.05750006 -0.2930917 -0.9542291 0.05722701 -0.2935507 0.6099804 0.05913972 -0.7902067 0.7164465 0.08352249 -0.6926243 -0.9593157 0.02919149 -0.2808226 0.2790573 0.01278859 0.9601894 0.1485714 0.06477004 0.9867783 0.1741963 0.0956906 0.9800506 -0.95521 0.0575475 -0.2902795 -0.9593926 0.02922618 -0.2805562 0.3517913 0.089814 0.9317598 0.7565056 0.07265609 -0.6499388 0.6793887 0.5265705 -0.5110331 0.6793863 0.526575 -0.5110315 0.3374276 0.5246011 0.7816243 0.3517949 0.08984827 0.9317552 0.6062445 0.07086318 -0.792115 -0.9541941 0.05747878 -0.2936152 -0.7880642 0.5350964 -0.3043465 -0.7881193 0.5350246 -0.3043298 0.5309674 0.5263869 -0.6640712 0.6062384 0.07087856 -0.7921182 -0.9552067 0.05748802 -0.2903021 0.1757627 0.08870244 0.9804282 0.1429821 0.5241476 0.8395388 0.1429896 0.5241471 0.839538 -0.832451 0.5350022 -0.1442154 -0.9552142 0.05738198 -0.2902987 -0.627404 -0.7583255 -0.1769373 0.4137083 -0.7976179 -0.4389207 0.1459255 -0.804377 0.5759197 0.2070851 0.6794799 0.7038629 0.5224962 0.6847352 -0.5080705 -0.7131405 0.6729394 -0.1964264 0.8094746 -0.1779542 -0.5595384 0.4112607 -0.1718689 0.895168 0.3042773 -0.6366007 0.7086288 0.303952 -0.636442 0.708911 0.6222404 -0.6254301 -0.4708017 0.8096225 -0.1779104 -0.5593383 0.1928037 -0.1562726 0.9687134 -0.9587883 -0.1205763 -0.2572674 -0.7926197 -0.598346 -0.1172012 -0.7925384 -0.5984659 -0.1171393 0.07520633 -0.6223844 0.7790903 0.192902 -0.1563432 0.9686824 -0.9566611 -0.1204883 -0.2651078 0.6213782 -0.1577494 -0.7674662 0.4480259 -0.6095927 -0.6539645 0.4484454 -0.6096181 -0.6536532 -0.7384625 -0.5975862 -0.3123525 -0.9565168 -0.1205144 -0.2656164 -0.1493842 0.2530378 -0.9558538 -0.1003997 0.2187392 -0.9706045 -0.09369146 0.2092759 -0.9733579 -0.03713351 0.05144166 -0.9979855 0.1154918 0.2032087 -0.9723003 -0.04957741 0.1397812 -0.9889405 0.02887666 0.1946997 -0.9804378 0.2314909 -0.001751601 -0.9728355 0.04551249 0.118718 -0.9918845 0.2141044 0.01032209 -0.9767563 -0.01577395 0.2518033 -0.9676499 -0.06720232 0.2184277 -0.9735364 -0.07445329 0.2090989 -0.9750561 -0.3983113 0.004038989 -0.9172415 -0.2163782 0.1211257 -0.9687668 -0.3816642 0.01579612 -0.9241662 -0.1373256 0.05236226 -0.989141 -0.1966155 0.196772 -0.9605329 -0.121879 0.1404451 -0.9825583 -0.2802962 0.2068467 -0.9373626 0.2254575 0.01385867 -0.9741545 0.2124796 0.004281222 -0.9771562 0.1085582 0.00873512 -0.9940518 -0.0879454 9.83477e-7 -0.9961254 -0.08791321 -9.78436e-6 -0.9961282 -0.05682384 0.1071607 -0.9926165 0.1186344 -0.001880049 -0.9929363 -0.08794796 4.02983e-6 -0.9961252 0.108363 -0.01231473 -0.9940351 0.1186376 -0.001881957 -0.9929359 -0.05877584 -0.1077114 -0.9924433 -0.08790993 1.13845e-5 -0.9961285 0.225154 -0.01953858 -0.9741274 0.2123483 -0.009730041 -0.9771457 -0.0879175 0 -0.9961278 -0.2808268 0.01231426 -0.9596795 -0.2907488 0.001883924 -0.9567977 -0.1159924 0.1077134 -0.9873924 -0.08795458 -8.9705e-6 -0.9961245 -0.3923271 0.01953798 -0.9196183 -0.3802499 0.009729206 -0.9248327 -0.3926311 -0.01385784 -0.9195917 -0.3803775 -0.004279911 -0.9248214 -0.2810176 -0.008733868 -0.9596629 -0.08791643 0 -0.9961279 -0.08795648 1.17028e-5 -0.9961244 -0.1179551 -0.1071673 -0.9872193 -0.2907509 0.001882135 -0.956797 0.2314726 -0.004037141 -0.972833 0.04332756 -0.121125 -0.9916913 0.2138658 -0.01580017 -0.9767354 -0.03808027 -0.05236297 -0.9979018 0.02530604 -0.1967732 -0.9801225 -0.05213314 -0.1404463 -0.9887149 0.1117517 -0.2068477 -0.97197 -0.1539869 -0.2518082 -0.9554479 -0.1043852 -0.2184327 -0.9702531 -0.09751248 -0.2091006 -0.9730203 -0.1382725 -0.05144196 -0.9890574 -0.2840393 -0.2032096 -0.9370313 -0.1244411 -0.1397747 -0.9823327 -0.2001892 -0.1947006 -0.9602167 -0.3983399 0.00175172 -0.9172362 -0.2185743 -0.1187171 -0.968572 -0.3819087 -0.01032269 -0.9241424 -0.0203756 -0.2530382 -0.9672417 -0.07118672 -0.2187395 -0.9731833 -0.07827329 -0.2092774 -0.9747186 0.09369117 -0.2092758 0.9733579 0.1493847 -0.2530369 0.9558538 0.1004004 -0.2187381 0.9706047 -0.0288769 -0.194696 0.9804385 0.04957467 -0.1397731 0.9889419 -0.1154918 -0.2032077 0.9723006 0.03713232 -0.05144155 0.9979855 -0.2141039 -0.01032215 0.9767565 -0.231491 0.00175172 0.9728355 -0.04552203 -0.1187328 0.9918822 0.07445251 -0.2090991 0.9750562 0.01577281 -0.251804 0.9676497 0.06720113 -0.2184284 0.9735364 0.3816658 -0.01579695 0.9241655 0.398312 -0.004038989 0.9172411 0.2163878 -0.1211409 0.9687628 0.280299 -0.2068459 0.9373619 0.121885 -0.1404377 0.9825586 0.1966188 -0.1967688 0.9605328 0.1373243 -0.05236202 0.9891412 -0.21248 -0.004282355 0.9771561 -0.2254571 -0.01385962 0.9741545 -0.1186341 0.00187993 0.9929363 0.05681705 -0.1071726 0.9926157 0.08791369 1.34706e-5 0.9961281 0.0879485 -1.21873e-5 0.9961251 -0.108555 -0.008736014 0.9940521 0.08791124 -1.52913e-5 0.9961284 0.0587753 0.1077147 0.992443 -0.1186362 0.001882016 0.9929361 -0.1083619 0.01231563 0.9940353 0.08794981 1.14813e-5 0.9961249 -0.2123497 0.009731233 0.9771454 -0.225153 0.01953953 0.9741275 0.08795416 1.32383e-5 0.9961245 0.115994 -0.1077164 0.9873919 0.2907482 -0.001883625 0.9567977 0.2808234 -0.01231521 0.9596804 0.08791309 -1.12504e-5 0.9961282 0.3802453 -0.009729564 0.9248346 0.3923283 -0.01953899 0.9196177 0.3803754 0.004280686 0.9248223 0.3926307 0.01385867 0.9195918 0.2907511 -0.001882493 0.956797 0.1179575 0.1071702 0.9872187 0.0879569 -1.57505e-5 0.9961243 0.08791369 1.09924e-5 0.9961281 0.2810158 0.008734643 0.9596635 -0.2138631 0.0157994 0.9767359 -0.2314717 0.004037499 0.9728333 -0.04333561 0.1211403 0.991689 -0.1117524 0.2068468 0.9719702 0.05212962 0.1404386 0.9887162 -0.02530711 0.1967697 0.9801231 0.0380795 0.05236285 0.9979019 0.09751081 0.2091014 0.9730203 0.1539897 0.2518088 0.9554473 0.1043881 0.2184333 0.9702526 0.2001881 0.1946973 0.9602176 0.1244392 0.1397744 0.982333 0.2840378 0.2032091 0.9370319 0.138275 0.05144184 0.989057 0.3819038 0.01032245 0.9241445 0.3983392 -0.001751482 0.9172365 0.2185828 0.1187326 0.9685681 0.07827222 0.2092784 0.9747185 0.02037733 0.2530387 0.9672416 0.07118827 0.2187399 0.973183</float_array>
          <technique_common>
            <accessor source="#spear_keltoi_Mesh-mesh-normals-array" count="1224" stride="3">
              <param name="X" type="float"/>
              <param name="Y" type="float"/>
              <param name="Z" type="float"/>
            </accessor>
          </technique_common>
        </source>
        <source id="spear_keltoi_Mesh-mesh-map-0">
          <float_array id="spear_keltoi_Mesh-mesh-map-0-array" count="2742">0.04163926 0.9528001 0.05746519 0.9399183 0.07967799 0.9513785 0.07967799 0.9513785 0.07023894 0.988602 0.04163926 0.9528001 0.05107831 0.9155765 0.05746519 0.9399183 0.04163926 0.9528001 0.04163926 0.9528001 0.01303964 0.9169982 0.05107831 0.9155765 0.07967799 0.9513785 0.05746519 0.9399183 0.05107831 0.9155765 0.05107831 0.9155765 0.08911705 0.9141549 0.07967799 0.9513785 0.04163926 0.9528001 0.05746519 0.9399183 0.05107831 0.9155765 0.05107831 0.9155765 0.01303964 0.9169982 0.04163926 0.9528001 0.07967799 0.9513785 0.05746519 0.9399183 0.04163926 0.9528001 0.04163926 0.9528001 0.07023894 0.988602 0.07967799 0.9513785 0.05107831 0.9155765 0.05746519 0.9399183 0.07967799 0.9513785 0.07967799 0.9513785 0.08911705 0.9141549 0.05107831 0.9155765 0.07967799 0.9513785 0.1024837 0.9636226 0.109167 0.9883565 0.109167 0.9883565 0.07023894 0.988602 0.07967799 0.9513785 0.08911705 0.9141549 0.1186061 0.951133 0.1024837 0.9636226 0.1024837 0.9636226 0.07967799 0.9513785 0.08911705 0.9141549 0.109167 0.9883565 0.1024837 0.9636226 0.1186061 0.951133 0.1186061 0.951133 0.1480951 0.988111 0.109167 0.9883565 0.05107831 0.9155765 0.06199371 0.9054933 0.08647078 0.8997408 0.08647078 0.8997408 0.08911705 0.9141549 0.05107831 0.9155765 0.04843211 0.9011624 0.06199371 0.9054933 0.05107831 0.9155765 0.05107831 0.9155765 0.01303964 0.9169982 0.04843211 0.9011624 0.08647078 0.8997408 0.06199371 0.9054933 0.04843211 0.9011624 0.04843211 0.9011624 0.08382457 0.8853266 0.08647078 0.8997408 0.1186061 0.951133 0.1024837 0.9636226 0.109167 0.9883565 0.109167 0.9883565 0.1480951 0.988111 0.1186061 0.951133 0.07967799 0.9513785 0.1024837 0.9636226 0.1186061 0.951133 0.1186061 0.951133 0.08911705 0.9141549 0.07967799 0.9513785 0.109167 0.9883565 0.1024837 0.9636226 0.07967799 0.9513785 0.07967799 0.9513785 0.07023894 0.988602 0.109167 0.9883565 0.1249845 0.9289225 0.1112645 0.9143906 0.1223382 0.9145085 0.1223382 0.9145085 0.1608518 0.9436903 0.1249845 0.9289225 0.08647078 0.8997408 0.1112645 0.9143906 0.1249845 0.9289225 0.1249845 0.9289225 0.08911705 0.9141549 0.08647078 0.8997408 0.1223382 0.9145085 0.1112645 0.9143906 0.08647078 0.8997408 0.08647078 0.8997408 0.08382457 0.8853266 0.1223382 0.9145085 0.1249845 0.9289225 0.132688 0.948652 0.1186061 0.951133 0.1186061 0.951133 0.08911705 0.9141549 0.1249845 0.9289225 0.1544735 0.9659006 0.132688 0.948652 0.1249845 0.9289225 0.1249845 0.9289225 0.1608518 0.9436903 0.1544735 0.9659006 0.1186061 0.951133 0.132688 0.948652 0.1544735 0.9659006 0.1544735 0.9659006 0.1480951 0.988111 0.1186061 0.951133 0.1608518 0.9436903 0.2243526 0.9656333 0.1989334 0.9731259 0.1989334 0.9731259 0.1544735 0.9659006 0.1608518 0.9436903 0.2179743 0.9878437 0.1989334 0.9731259 0.2243526 0.9656333 0.2243526 0.9656333 0.2878534 0.9875763 0.2179743 0.9878437 0.1544735 0.9659006 0.1989334 0.9731259 0.2179743 0.9878437 0.2179743 0.9878437 0.1480951 0.988111 0.1544735 0.9659006 0.1544735 0.9659006 0.132688 0.948652 0.1186061 0.951133 0.1186061 0.951133 0.1480951 0.988111 0.1544735 0.9659006 0.1249845 0.9289225 0.132688 0.948652 0.1544735 0.9659006 0.1544735 0.9659006 0.1608518 0.9436903 0.1249845 0.9289225 0.1186061 0.951133 0.132688 0.948652 0.1249845 0.9289225 0.1249845 0.9289225 0.08911705 0.9141549 0.1186061 0.951133 0.2243526 0.9656333 0.1989334 0.9731259 0.2179743 0.9878437 0.2179743 0.9878437 0.2878534 0.9875763 0.2243526 0.9656333 0.1608518 0.9436903 0.1544735 0.9659006 0.1989334 0.9731259 0.1989334 0.9731259 0.2243526 0.9656333 0.1608518 0.9436903 0.2179743 0.9878437 0.1989334 0.9731259 0.1544735 0.9659006 0.1544735 0.9659006 0.1480951 0.988111 0.2179743 0.9878437 0.04163926 0.9528001 0.03767848 0.9614157 0.02139824 0.9478225 0.02139824 0.9478225 0.01303964 0.9169982 0.04163926 0.9528001 0.04999792 0.9836245 0.03767848 0.9614157 0.04163926 0.9528001 0.04163926 0.9528001 0.07023894 0.988602 0.04999792 0.9836245 0.02139824 0.9478225 0.03767848 0.9614157 0.04999792 0.9836245 0.04999792 0.9836245 0.0297569 0.9786469 0.02139824 0.9478225 0.04163926 0.9528001 0.03767848 0.9614157 0.04999792 0.9836245 0.04999792 0.9836245 0.07023894 0.988602 0.04163926 0.9528001 0.02139824 0.9478225 0.03767848 0.9614157 0.04163926 0.9528001 0.04163926 0.9528001 0.01303964 0.9169982 0.02139824 0.9478225 0.04999792 0.9836245 0.03767848 0.9614157 0.02139824 0.9478225 0.02139824 0.9478225 0.0297569 0.9786469 0.04999792 0.9836245 0.04843211 0.9011624 0.06199371 0.9054933 0.08647078 0.8997408 0.08647078 0.8997408 0.08382457 0.8853266 0.04843211 0.9011624 0.05107831 0.9155765 0.06199371 0.9054933 0.04843211 0.9011624 0.04843211 0.9011624 0.01303964 0.9169982 0.05107831 0.9155765 0.08647078 0.8997408 0.06199371 0.9054933 0.05107831 0.9155765 0.05107831 0.9155765 0.08911705 0.9141549 0.08647078 0.8997408 0.1223382 0.9145085 0.1112645 0.9143906 0.1249845 0.9289225 0.1249845 0.9289225 0.1608518 0.9436903 0.1223382 0.9145085 0.08647078 0.8997408 0.1112645 0.9143906 0.1223382 0.9145085 0.1223382 0.9145085 0.08382457 0.8853266 0.08647078 0.8997408 0.1249845 0.9289225 0.1112645 0.9143906 0.08647078 0.8997408 0.08647078 0.8997408 0.08911705 0.9141549 0.1249845 0.9289225 0.1470764 0.8950669 0.09586131 0.8948906 0.1608852 0.7663676 0.09719705 0.7720875 0.1608852 0.7663676 0.09586131 0.8948906 0.09719705 0.7720875 0.09586131 0.8948906 0.1608852 0.7663676 0.1470764 0.8950669 0.1608852 0.7663676 0.09586131 0.8948906 0.1661556 0.7564418 0.288513 0.7548269 0.1392545 0.9666467 0.1392545 0.9666467 0.288513 0.7548269 0.3186912 0.9653888 0.01771765 0.776358 0.09719705 0.7720875 0.09586131 0.8948906 0.02183246 0.8918463 0.01771765 0.776358 0.09586131 0.8948906 0.01771765 0.776358 0.02183246 0.8918463 0.09586131 0.8948906 0.09586131 0.8948906 0.09719705 0.7720875 0.01771765 0.776358 0.04163926 0.9528001 0.07023894 0.988602 0.07967799 0.9513785 0.07967799 0.9513785 0.05746519 0.9399183 0.04163926 0.9528001 0.05107831 0.9155765 0.01303964 0.9169982 0.04163926 0.9528001 0.04163926 0.9528001 0.05746519 0.9399183 0.05107831 0.9155765 0.04163926 0.9528001 0.01303964 0.9169982 0.05107831 0.9155765 0.05107831 0.9155765 0.05746519 0.9399183 0.04163926 0.9528001 0.07967799 0.9513785 0.07023894 0.988602 0.04163926 0.9528001 0.04163926 0.9528001 0.05746519 0.9399183 0.07967799 0.9513785 0.07967799 0.9513785 0.07023894 0.988602 0.109167 0.9883565 0.109167 0.9883565 0.1024837 0.9636226 0.07967799 0.9513785 0.109167 0.9883565 0.1480951 0.988111 0.1186061 0.951133 0.1186061 0.951133 0.1024837 0.9636226 0.109167 0.9883565 0.04843211 0.9011624 0.01303964 0.9169982 0.05107831 0.9155765 0.05107831 0.9155765 0.06199371 0.9054933 0.04843211 0.9011624 0.1186061 0.951133 0.1480951 0.988111 0.109167 0.9883565 0.109167 0.9883565 0.1024837 0.9636226 0.1186061 0.951133 0.109167 0.9883565 0.07023894 0.988602 0.07967799 0.9513785 0.07967799 0.9513785 0.1024837 0.9636226 0.109167 0.9883565 0.1186061 0.951133 0.1480951 0.988111 0.1544735 0.9659006 0.1544735 0.9659006 0.132688 0.948652 0.1186061 0.951133 0.2179743 0.9878437 0.2878534 0.9875763 0.2243526 0.9656333 0.2243526 0.9656333 0.1989334 0.9731259 0.2179743 0.9878437 0.1544735 0.9659006 0.1480951 0.988111 0.2179743 0.9878437 0.2179743 0.9878437 0.1989334 0.9731259 0.1544735 0.9659006 0.1544735 0.9659006 0.1480951 0.988111 0.1186061 0.951133 0.1186061 0.951133 0.132688 0.948652 0.1544735 0.9659006 0.2243526 0.9656333 0.2878534 0.9875763 0.2179743 0.9878437 0.2179743 0.9878437 0.1989334 0.9731259 0.2243526 0.9656333 0.2179743 0.9878437 0.1480951 0.988111 0.1544735 0.9659006 0.1544735 0.9659006 0.1989334 0.9731259 0.2179743 0.9878437 0.04163926 0.9528001 0.01303964 0.9169982 0.02139824 0.9478225 0.02139824 0.9478225 0.03767848 0.9614157 0.04163926 0.9528001 0.04999792 0.9836245 0.07023894 0.988602 0.04163926 0.9528001 0.04163926 0.9528001 0.03767848 0.9614157 0.04999792 0.9836245 0.02139824 0.9478225 0.0297569 0.9786469 0.04999792 0.9836245 0.04999792 0.9836245 0.03767848 0.9614157 0.02139824 0.9478225 0.04163926 0.9528001 0.07023894 0.988602 0.04999792 0.9836245 0.04999792 0.9836245 0.03767848 0.9614157 0.04163926 0.9528001 0.02139824 0.9478225 0.01303964 0.9169982 0.04163926 0.9528001 0.04163926 0.9528001 0.03767848 0.9614157 0.02139824 0.9478225 0.04999792 0.9836245 0.0297569 0.9786469 0.02139824 0.9478225 0.02139824 0.9478225 0.03767848 0.9614157 0.04999792 0.9836245 0.5597583 0.9856823 0.4793164 0.9953053 0.5273328 0.9175855 0.349862 0.914758 0.4408116 0.9939712 0.3528354 0.9848089 0.4408116 0.9939712 0.4407889 0.997919 0.3528354 0.9848089 0.1989875 0.7144995 0.2023539 0.7419338 0.08237183 0.7159377 0.2018691 0.6275925 0.1989875 0.7144995 0.07923507 0.6538103 0.07923507 0.6538103 0.1989875 0.7144995 0.08237183 0.7159377 0.07701951 0.6487721 0.2052597 0.6301583 0.07638472 0.6520389 0.2006239 0.6706075 0.07638472 0.6520389 0.2052597 0.6301583 0.07597678 0.6931743 0.07638472 0.6520389 0.2006239 0.6706075 0.07597678 0.6931743 0.2006239 0.6706075 0.203934 0.7371338 0.07923507 0.6538103 0.01050788 0.6639522 0.01410794 0.6475597 0.07923507 0.6538103 0.08237183 0.7159377 0.01050788 0.6639522 0.07638472 0.6520389 0.01107996 0.6459832 0.01067924 0.6457561 0.009789049 0.6865168 0.01067924 0.6457561 0.01107996 0.6459832 0.8526882 0.6050003 0.8109205 0.605396 0.8905958 0.5193652 0.7630516 0.5204154 0.8905958 0.5193652 0.8109205 0.605396 0.8409138 0.9127894 0.8869598 0.9113628 0.8742184 0.9896857 0.8057761 0.9904196 0.7479854 0.9910393 0.782023 0.9133446 0.782023 0.9133446 0.8104438 0.9107279 0.8057761 0.9904196 0.01067924 0.6457561 0.07701951 0.6487721 0.07638472 0.6520389 0.01308476 0.702966 0.07638472 0.6520389 0.07597678 0.6931743 0.01308476 0.702966 0.01107996 0.6459832 0.07638472 0.6520389 0.08237183 0.7159377 0.01458978 0.7102978 0.01050788 0.6639522 0.5660616 0.9930778 0.5572413 0.9251297 0.4920273 0.970242 0.5083003 0.9888368 0.5405433 0.9382402 0.5111999 0.9033851 0.516179 0.9904432 0.5660616 0.9930778 0.4920273 0.970242 0.3698564 0.8014326 0.3707723 0.7998941 0.3650952 0.9109498 0.5050687 0.9216295 0.5054681 0.7934387 0.5079759 0.919904 0.5287067 0.8047123 0.5295862 0.8062627 0.5266863 0.9154531 0.5416733 0.9232971 0.5412077 0.7972379 0.5447657 0.9271696 0.4917529 0.9763417 0.3864568 0.9751436 0.3477251 0.9192484 0.3477251 0.9192484 0.5365251 0.9190399 0.4917529 0.9763417 0.7244377 0.7987703 0.7272562 0.9269611 0.5447657 0.9271696 0.7244377 0.7987703 0.5447657 0.9271696 0.5412077 0.7972379 0.349862 0.914758 0.4364399 0.9150983 0.4408116 0.9939712 0.3555392 0.8037024 0.4364399 0.9150983 0.349862 0.914758 0.4348169 0.8041648 0.5287067 0.8047123 0.4364399 0.9150983 0.4364399 0.9150983 0.3555392 0.8037024 0.4348169 0.8041648 0.009789049 0.6865168 0.01107996 0.6459832 0.01308476 0.702966 0.2000013 0.6290237 0.1972358 0.7159762 0.3350644 0.638512 0.3350644 0.638512 0.1972358 0.7159762 0.3331665 0.7330785 0.3331665 0.7330785 0.1972358 0.7159762 0.201044 0.743152 0.349862 0.914758 0.3413522 0.8392953 0.3524666 0.9162881 0.2025164 0.7424302 0.199155 0.7150114 0.3364503 0.7339022 0.3349934 0.631033 0.2000013 0.6290237 0.3350644 0.638512 0.342805 0.6307464 0.3364503 0.7339022 0.199155 0.7150114 0.199155 0.7150114 0.2020595 0.6281745 0.342805 0.6307464 0.1992301 0.7138839 0.07551908 0.7202617 0.2026966 0.7413442 0.201949 0.6268506 0.07680743 0.6551651 0.1992301 0.7138839 0.07680743 0.6551651 0.07551908 0.7202617 0.1992301 0.7138839 0.07454663 0.6499754 0.07397228 0.6532519 0.2043182 0.6361444 0.2001935 0.67682 0.2043182 0.6361444 0.07397228 0.6532519 0.06897515 0.6970795 0.2001935 0.67682 0.07397228 0.6532519 0.06897515 0.6970795 0.2043423 0.7434545 0.2001935 0.67682 0.07680743 0.6551651 0.006174445 0.6529972 0.002846181 0.6694165 0.07680743 0.6551651 0.002846181 0.6694165 0.07551908 0.7202617 0.07397228 0.6532519 0.002855122 0.6508012 0.003214061 0.6509671 0.002716183 0.6914975 0.003214061 0.6509671 0.002855122 0.6508012 0.002855122 0.6508012 0.07397228 0.6532519 0.07454663 0.6499754 0.006348133 0.7078595 0.06897515 0.6970795 0.07397228 0.6532519 0.006348133 0.7078595 0.07397228 0.6532519 0.003214061 0.6509671 0.07551908 0.7202617 0.002846181 0.6694165 0.007686138 0.7156808 0.5540056 0.9244534 0.5628559 0.9924839 0.5628559 0.9924839 0.5628559 0.9924839 0.4908851 0.969731 0.5540056 0.9244534 0.5078308 0.9908814 0.5102147 0.904815 0.5400967 0.9402907 0.3448549 0.8951197 0.3858245 0.8866165 0.3858245 0.8866165 0.3858245 0.8866165 0.3443601 0.8223292 0.3448549 0.8951197 0.002716183 0.6914975 0.006348133 0.7078595 0.003214061 0.6509671 0.2019647 0.627495 0.3383103 0.6394522 0.1987754 0.7146477 0.3383103 0.6394522 0.333609 0.7335023 0.1987754 0.7146477 0.333609 0.7335023 0.2024263 0.7418961 0.1987754 0.7146477 0.5266863 0.9154531 0.5238038 0.9187698 0.5405753 0.8428529 0.2028591 0.7426038 0.3365653 0.7351959 0.1993976 0.7151828 0.3383797 0.6319649 0.3383103 0.6394522 0.2019647 0.627495 0.339439 0.6322512 0.1993976 0.7151828 0.3365653 0.7351959 0.1993976 0.7151828 0.339439 0.6322512 0.2021395 0.6283275 0.5266863 0.9154531 0.5179625 0.9866101 0.4408116 0.9939712 0.4408116 0.9939712 0.5179625 0.9866101 0.4407889 0.997919 0.5575126 0.9845799 0.5245909 0.9196579 0.481835 0.9946882 0.7370929 0.913767 0.782023 0.9133446 0.7479854 0.9910393 0.8875083 0.910829 0.9443458 0.9105874 0.8762056 0.9873593 0.8762056 0.9873593 0.9443458 0.9105874 0.9613639 0.9897606 0.9627411 0.9893473 0.944368 0.910537 0.8775572 0.9885597 0.8775572 0.9885597 0.944368 0.910537 0.8875317 0.9110106 0.8109205 0.605396 0.7540708 0.599465 0.7630516 0.5204154 0.9581019 0.9903662 0.9447756 0.9108389 0.9960095 0.9047312 0.5287067 0.8047123 0.5266863 0.9154531 0.4364399 0.9150983 0.4364399 0.9150983 0.5266863 0.9154531 0.4408116 0.9939712 0.4189563 0.9552903 0.4815527 0.9275406 0.5093415 0.9491072 0.5093415 0.9491072 0.5098779 0.9702908 0.4189563 0.9552903 0.3971442 0.9251089 0.4815527 0.9275406 0.4189563 0.9552903 0.3586735 0.9651518 0.3627541 0.9494427 0.3971442 0.9251089 0.3971442 0.9251089 0.4189563 0.9552903 0.3586735 0.9651518 0.8869598 0.9113628 0.8409138 0.9127894 0.8459144 0.8700692 0.8459144 0.8700692 0.8707052 0.849831 0.8869598 0.9113628 0.782023 0.9133446 0.7370929 0.913767 0.755059 0.8521161 0.755059 0.8521161 0.7750903 0.8682987 0.782023 0.9133446 0.8409138 0.9127894 0.8104438 0.9107279 0.8222129 0.8501558 0.8222129 0.8501558 0.8459144 0.8700692 0.8409138 0.9127894 0.8104438 0.9107279 0.782023 0.9133446 0.7750903 0.8682987 0.7750903 0.8682987 0.7937366 0.851634 0.8104438 0.9107279 0.8109205 0.605396 0.8526882 0.6050003 0.8580207 0.6680001 0.8580207 0.6680001 0.7993955 0.6685661 0.8109205 0.605396 0.9450337 0.9104996 0.8871863 0.9107363 0.9033705 0.8465688 0.9033705 0.8465688 0.9422321 0.8444462 0.9450337 0.9104996 0.8870584 0.9114276 0.9449121 0.9109333 0.9061574 0.8468785 0.9061574 0.8468785 0.8738952 0.850834 0.8870584 0.9114276 0.7540708 0.599465 0.8109205 0.605396 0.7993955 0.6685661 0.7993955 0.6685661 0.7593382 0.6645414 0.7540708 0.599465 0.9960095 0.9047312 0.9447756 0.9108389 0.9502024 0.846519 0.9502024 0.846519 0.9906771 0.8417313 0.9960095 0.9047312 0.8409138 0.9127894 0.8742184 0.9896857 0.8057761 0.9904196 0.8057761 0.9904196 0.8104438 0.9107279 0.8409138 0.9127894 0.3384547 0.6798157 0.188987 0.6799709 0.1396986 0.6271559 0.4290934 0.6311395 0.3384547 0.6798157 0.1396986 0.6271559 0.4253172 0.7348096 0.1381576 0.7458249 0.188987 0.6799709 0.188987 0.6799709 0.3384547 0.6798157 0.4253172 0.7348096 0.1914748 0.6839773 0.34411 0.6877284 0.1429244 0.6295163 0.34411 0.6877284 0.4358797 0.6395165 0.1429244 0.6295163 0.1396603 0.7429955 0.4298661 0.744105 0.1914748 0.6839773 0.34411 0.6877284 0.1914748 0.6839773 0.4298661 0.744105 0.4384565 0.630655 0.4347351 0.7352088 0.1612711 0.6830877 0.4291594 0.7402493 0.4351992 0.6365451 0.1593049 0.6836959 0.1394099 0.7456419 0.4291594 0.7402493 0.1593049 0.6836959 0.1593049 0.6836959 0.4351992 0.6365451 0.1426159 0.627016 0.1612711 0.6830877 0.4347351 0.7352088 0.1420942 0.7396955 0.1437655 0.6261702 0.4384565 0.630655 0.1612711 0.6830877 0.4290934 0.6311395 0.4304139 0.6352984 0.3384547 0.6798157 0.4144523 0.6947635 0.3881865 0.6871146 0.422795 0.6901484 0.3434168 0.684327 0.4304095 0.7467858 0.4291594 0.7402493 0.4004995 0.6816512 0.4323422 0.650171 0.4257601 0.7136863 0.4358797 0.6395165 0.34411 0.6877284 0.4370654 0.6437386 0.4347351 0.7352088 0.4362034 0.7418134 0.3478443 0.6797608 0.4384565 0.630655 0.4397798 0.6348648 0.4362034 0.7418134 0.4362034 0.7418134 0.4347351 0.7352088 0.4384565 0.630655 0.4351992 0.6365451 0.4291594 0.7402493 0.4304095 0.7467858 0.4304095 0.7467858 0.4363838 0.640716 0.4351992 0.6365451 0.9190115 0.7538906 0.96197 0.7515857 0.9439094 0.9102138 0.8360171 0.6878929 0.7930158 0.6886389 0.8374363 0.8450497 0.9606729 0.7533798 0.9160571 0.7558013 0.9442152 0.9106562 0.7966685 0.6854318 0.8413722 0.6861029 0.8400673 0.8432212 0.8532631 0.6758977 0.8480396 0.8282717 0.814251 0.8531569 0.7538441 0.6669857 0.8532631 0.6758977 0.814251 0.8531569 0.9830316 0.5664973 0.9190115 0.7538906 0.8856111 0.7261034 0.8856111 0.7261034 0.8830354 0.5736612 0.9830316 0.5664973 0.8818539 0.7292563 0.8689059 0.7764171 0.9156426 0.7541415 0.9190115 0.7538906 0.8718459 0.7730304 0.8856111 0.7261034 0.7495732 0.8457439 0.8374363 0.8450497 0.7930158 0.6886389 0.9156426 0.7541415 0.8689059 0.7764171 0.8722 0.9112464 0.9190115 0.7538906 0.9439094 0.9102138 0.8727973 0.9078969 0.8718459 0.7730304 0.9190115 0.7538906 0.8727973 0.9078969 0.8460405 0.8244543 0.8505707 0.6722869 0.8105982 0.8499498 0.8505707 0.6722869 0.7454322 0.6654818 0.8105982 0.8499498 0.9160571 0.7558013 0.9783661 0.567906 0.8800847 0.7286224 0.8729117 0.5765579 0.8800847 0.7286224 0.9783661 0.567906 0.8692563 0.7723582 0.883853 0.7254388 0.9192953 0.7509344 0.866305 0.7757906 0.9160571 0.7558013 0.8800847 0.7286224 0.8400673 0.8432212 0.7477078 0.8423286 0.7966685 0.6854318 0.8692563 0.7723582 0.9192953 0.7509344 0.8703346 0.9078311 0.9442152 0.9106562 0.9160571 0.7558013 0.8697364 0.9112239 0.9160571 0.7558013 0.866305 0.7757906 0.8697364 0.9112239 0.9844613 0.5664663 0.9849115 0.56647 0.963999 0.7516054 0.9764871 0.5679661 0.9760494 0.5679703 0.9586439 0.7533954 0.9190115 0.7538906 0.9830316 0.5664973 0.96197 0.7515857 0.7712497 0.8524109 0.7538441 0.6669857 0.814251 0.8531569 0.9606729 0.7533798 0.9783661 0.567906 0.9160571 0.7558013 0.8105982 0.8499498 0.7454322 0.6654818 0.7658945 0.8506208 0.9620976 0.9104971 0.9606729 0.7533798 0.9442152 0.9106562 0.9439094 0.9102138 0.96197 0.7515857 0.960659 0.9087433 0.3463727 0.8971083 0.3477387 0.821698 0.3871279 0.8872529 0.5143184 0.991225 0.4908851 0.969731 0.5628559 0.9924839 0.5107437 0.4092969 0.5156198 0.5339301 0.5102586 0.5341638 0.7043461 0.781679 0.7163076 0.6617424 0.7259985 0.6619089 0.7259985 0.6619089 0.7219417 0.7704865 0.7043461 0.781679 0.6182335 0.4110377 0.6142129 0.5349231 0.5156198 0.5339301 0.5156198 0.5339301 0.5107437 0.4092969 0.6182335 0.4110377 0.7043461 0.781679 0.6175534 0.7867526 0.6185797 0.6600852 0.6185797 0.6600852 0.7163076 0.6617424 0.7043461 0.781679 0.5131855 0.7766072 0.5108945 0.658329 0.5212342 0.6584924 0.5212342 0.6584924 0.5312314 0.7855715 0.5131855 0.7766072 0.7163076 0.6617424 0.7211859 0.5439767 0.7256849 0.5445409 0.7256849 0.5445409 0.7259985 0.6619089 0.7163076 0.6617424 0.5312314 0.7855715 0.5212342 0.6584924 0.6185797 0.6600852 0.6185797 0.6600852 0.6175534 0.7867526 0.5312314 0.7855715 0.7163076 0.6617424 0.6185797 0.6600852 0.6142129 0.5349231 0.6142129 0.5349231 0.7211859 0.5439767 0.7163076 0.6617424 0.5212342 0.6584924 0.5108945 0.658329 0.5102586 0.5341638 0.5102586 0.5341638 0.5156198 0.5339301 0.5212342 0.6584924 0.5212342 0.6584924 0.5156198 0.5339301 0.6142129 0.5349231 0.6142129 0.5349231 0.6185797 0.6600852 0.5212342 0.6584924 0.7256849 0.5445409 0.7211859 0.5439767 0.7255771 0.4101936 0.7211859 0.5439767 0.6142129 0.5349231 0.6182335 0.4110377 0.6182335 0.4110377 0.7255771 0.4101936 0.7211859 0.5439767 0.5084081 0.4094361 0.5073821 0.5362854 0.5127432 0.5360179 0.7005161 0.7824685 0.7180989 0.7712218 0.7223306 0.6617419 0.7223306 0.6617419 0.7126405 0.6615676 0.7005161 0.7824685 0.6159099 0.4111246 0.5084081 0.4094361 0.5127432 0.5360179 0.5127432 0.5360179 0.6113367 0.53639 0.6159099 0.4111246 0.7005161 0.7824685 0.7126405 0.6615676 0.6149197 0.6598319 0.6149197 0.6598319 0.613729 0.7878105 0.7005161 0.7824685 0.5093576 0.7779878 0.5274135 0.786896 0.5175814 0.6581609 0.5175814 0.6581609 0.5072422 0.6579892 0.5093576 0.7779878 0.7126405 0.6615676 0.7223306 0.6617419 0.7228137 0.5453057 0.7228137 0.5453057 0.7183145 0.5447697 0.7126405 0.6615676 0.5274135 0.786896 0.613729 0.7878105 0.6149197 0.6598319 0.6149197 0.6598319 0.5175814 0.6581609 0.5274135 0.786896 0.7126405 0.6615676 0.7183145 0.5447697 0.6113367 0.53639 0.6113367 0.53639 0.6149197 0.6598319 0.7126405 0.6615676 0.5175814 0.6581609 0.5127432 0.5360179 0.5073821 0.5362854 0.5073821 0.5362854 0.5072422 0.6579892 0.5175814 0.6581609 0.5175814 0.6581609 0.6149197 0.6598319 0.6113367 0.53639 0.6113367 0.53639 0.5127432 0.5360179 0.5175814 0.6581609 0.7228137 0.5453057 0.7232474 0.4102284 0.7183145 0.5447697 0.7183145 0.5447697 0.7232474 0.4102284 0.6159099 0.4111246 0.6159099 0.4111246 0.6113367 0.53639 0.7183145 0.5447697 0.4456641 0.7596992 0.4456169 0.7596632 0.410741 0.755014 0.410741 0.755014 0.4107881 0.7550661 0.4456641 0.7596992 0.4456322 0.7815917 0.4456324 0.760752 0.410718 0.755988 0.410718 0.755988 0.4107612 0.7863721 0.4456322 0.7815917 0.4456384 0.7805028 0.4456641 0.7596992 0.4107881 0.7550661 0.4107881 0.7550661 0.410729 0.7853981 0.4456384 0.7805028 0.4107881 0.7550661 0.410741 0.755014 0.3996379 0.7606342 0.3996379 0.7606342 0.399685 0.7606702 0.4107881 0.7550661 0.4107612 0.7863721 0.410718 0.755988 0.3996525 0.759954 0.3996525 0.759954 0.3996523 0.7807936 0.4107612 0.7863721 0.410729 0.7853981 0.4107881 0.7550661 0.399685 0.7606702 0.399685 0.7606702 0.3996593 0.7814738 0.410729 0.7853981 0.3888966 0.786068 0.3399223 0.7860569 0.3399223 0.7536529 0.3399223 0.7536529 0.3888966 0.753664 0.3888966 0.786068 0.3399223 0.7860569 0.3399223 0.7860791 0.3399223 0.7536749 0.3399223 0.7536749 0.3399223 0.7536529 0.3399223 0.7860569 0.3399223 0.7860791 0.3888966 0.786068 0.3888966 0.753664 0.3888966 0.753664 0.3399223 0.7536749 0.3399223 0.7860791 0.4731714 0.7700262 0.4731714 0.77019 0.4731718 0.7701897 0.3888966 0.753664 0.3399223 0.7536529 0.3399223 0.7536749 0.4456169 0.7596632 0.4456641 0.7596992 0.4731681 0.7709617 0.4731681 0.7709617 0.4731677 0.7709613 0.4456169 0.7596632 0.4456641 0.7596992 0.4456384 0.7805028 0.4731678 0.771125 0.4731678 0.771125 0.4731681 0.7709617 0.4456641 0.7596992 0.4456324 0.760752 0.4456322 0.7815917 0.4731714 0.77019 0.4731714 0.77019 0.4731714 0.7700262 0.4456324 0.760752 0.9973146 0.3927727 0.9854043 0.3717798 0.952331 0.4272226 0.952331 0.4272226 0.9956575 0.4272226 0.9973146 0.3927727 0.952331 0.4272226 0.9854043 0.3717798 0.9095567 0.3848626 0.9095567 0.3848626 0.9090043 0.4272226 0.952331 0.4272226 0.9095567 0.3848626 0.9854043 0.3717798 0.9534356 0.3583229 0.9534356 0.3583229 0.9011817 0.3561328 0.9095567 0.3848626 0.952331 0.4272226 0.9854044 0.4826654 0.9973146 0.4616725 0.9973146 0.4616725 0.9956575 0.4272226 0.952331 0.4272226 0.9534357 0.4961225 0.9854044 0.4826654 0.9095567 0.4695827 0.9095567 0.4695827 0.9011817 0.4983124 0.9534357 0.4961225 0.9095567 0.4695827 0.9854044 0.4826654 0.952331 0.4272226 0.952331 0.4272226 0.9090043 0.4272226 0.9095567 0.4695827 0.8656777 0.3553306 0.8656777 0.3825952 0.9095567 0.3848626 0.9095567 0.3848626 0.9011817 0.3561328 0.8656777 0.3553306 0.9095567 0.3848626 0.8656777 0.3825952 0.8656777 0.4272226 0.8656777 0.4272226 0.9090043 0.4272226 0.9095567 0.3848626 0.8656777 0.4272226 0.8656777 0.3825952 0.8217988 0.3848627 0.8217988 0.3848627 0.8223512 0.4272226 0.8656777 0.4272226 0.8217988 0.3848627 0.8656777 0.3825952 0.8656777 0.3553306 0.8656777 0.3553306 0.8301738 0.3561328 0.8217988 0.3848627 0.8656777 0.4272226 0.8656777 0.4718501 0.9095567 0.4695827 0.9095567 0.4695827 0.9090043 0.4272226 0.8656777 0.4272226 0.9095567 0.4695827 0.8656777 0.4718501 0.8656777 0.4991146 0.8656777 0.4991146 0.9011817 0.4983124 0.9095567 0.4695827 0.8656777 0.4991146 0.8656777 0.4718501 0.8217988 0.4695827 0.8217988 0.4695827 0.8301738 0.4983124 0.8656777 0.4991146 0.8217988 0.4695827 0.8656777 0.4718501 0.8656777 0.4272226 0.8656777 0.4272226 0.8223512 0.4272226 0.8217988 0.4695827 0.77792 0.3583229 0.7459512 0.3717797 0.8217988 0.3848627 0.8217988 0.3848627 0.8301738 0.3561328 0.77792 0.3583229 0.8217988 0.3848627 0.7459512 0.3717797 0.7790246 0.4272226 0.7790246 0.4272226 0.8223512 0.4272226 0.8217988 0.3848627 0.7790246 0.4272226 0.7459512 0.3717797 0.734041 0.3927726 0.734041 0.3927726 0.7356981 0.4272225 0.7790246 0.4272226 0.7790246 0.4272226 0.7459512 0.4826654 0.8217988 0.4695827 0.8217988 0.4695827 0.8223512 0.4272226 0.7790246 0.4272226 0.8217988 0.4695827 0.7459512 0.4826654 0.77792 0.4961225 0.77792 0.4961225 0.8301738 0.4983124 0.8217988 0.4695827 0.734041 0.4616724 0.7459512 0.4826654 0.7790246 0.4272226 0.7790246 0.4272226 0.7356981 0.4272225 0.734041 0.4616724 0.9967287 0.2398554 0.9950716 0.2743054 0.951745 0.2743054 0.951745 0.2743054 0.9848184 0.2188625 0.9967287 0.2398554 0.951745 0.2743054 0.9084184 0.2743053 0.9089708 0.2319452 0.9089708 0.2319452 0.9848184 0.2188625 0.951745 0.2743054 0.9089708 0.2319452 0.9005958 0.2032155 0.9528497 0.2054055 0.9528497 0.2054055 0.9848184 0.2188625 0.9089708 0.2319452 0.951745 0.2743054 0.9950716 0.2743054 0.9967287 0.3087552 0.9967287 0.3087552 0.9848185 0.3297482 0.951745 0.2743054 0.9528498 0.3432052 0.9005958 0.3453952 0.9089708 0.3166654 0.9089708 0.3166654 0.9848185 0.3297482 0.9528498 0.3432052 0.9089708 0.3166654 0.9084184 0.2743053 0.951745 0.2743054 0.951745 0.2743054 0.9848185 0.3297482 0.9089708 0.3166654 0.8650918 0.2024133 0.9005958 0.2032155 0.9089708 0.2319452 0.9089708 0.2319452 0.8650918 0.2296779 0.8650918 0.2024133 0.9089708 0.2319452 0.9084184 0.2743053 0.8650918 0.2743053 0.8650918 0.2743053 0.8650918 0.2296779 0.9089708 0.2319452 0.8650918 0.2743053 0.8217653 0.2743054 0.8212128 0.2319453 0.8212128 0.2319453 0.8650918 0.2296779 0.8650918 0.2743053 0.8212128 0.2319453 0.8295879 0.2032155 0.8650918 0.2024133 0.8650918 0.2024133 0.8650918 0.2296779 0.8212128 0.2319453 0.8650918 0.2743053 0.9084184 0.2743053 0.9089708 0.3166654 0.9089708 0.3166654 0.8650918 0.3189328 0.8650918 0.2743053 0.9089708 0.3166654 0.9005958 0.3453952 0.8650918 0.3461974 0.8650918 0.3461974 0.8650918 0.3189328 0.9089708 0.3166654 0.8650918 0.3461974 0.8295879 0.3453952 0.8212128 0.3166654 0.8212128 0.3166654 0.8650918 0.3189328 0.8650918 0.3461974 0.8212128 0.3166654 0.8217653 0.2743054 0.8650918 0.2743053 0.8650918 0.2743053 0.8650918 0.3189328 0.8212128 0.3166654 0.777334 0.2054055 0.8295879 0.2032155 0.8212128 0.2319453 0.8212128 0.2319453 0.7453653 0.2188624 0.777334 0.2054055 0.8212128 0.2319453 0.8217653 0.2743054 0.7784386 0.2743053 0.7784386 0.2743053 0.7453653 0.2188624 0.8212128 0.2319453 0.7784386 0.2743053 0.7351121 0.2743052 0.7334551 0.2398553 0.7334551 0.2398553 0.7453653 0.2188624 0.7784386 0.2743053 0.7784386 0.2743053 0.8217653 0.2743054 0.8212128 0.3166654 0.8212128 0.3166654 0.7453653 0.3297482 0.7784386 0.2743053 0.8212128 0.3166654 0.8295879 0.3453952 0.777334 0.3432052 0.777334 0.3432052 0.7453653 0.3297482 0.8212128 0.3166654 0.7334551 0.3087552 0.7351121 0.2743052 0.7784386 0.2743053 0.7784386 0.2743053 0.7453653 0.3297482 0.7334551 0.3087552</float_array>
          <technique_common>
            <accessor source="#spear_keltoi_Mesh-mesh-map-0-array" count="1371" stride="2">
              <param name="S" type="float"/>
              <param name="T" type="float"/>
            </accessor>
          </technique_common>
        </source>
        <vertices id="spear_keltoi_Mesh-mesh-vertices">
          <input semantic="POSITION" source="#spear_keltoi_Mesh-mesh-positions"/>
        </vertices>
        <triangles material="spear_keltoi_Mat-material" count="457">
          <input semantic="VERTEX" source="#spear_keltoi_Mesh-mesh-vertices" offset="0"/>
          <input semantic="NORMAL" source="#spear_keltoi_Mesh-mesh-normals" offset="1"/>
          <input semantic="TEXCOORD" source="#spear_keltoi_Mesh-mesh-map-0" offset="2" set="0"/>
          <p>152 0 0 175 1 1 151 2 2 151 3 3 141 4 4 152 5 5 153 6 6 175 7 7 152 8 8 152 9 9 142 10 10 153 11 11 151 12 12 175 13 13 153 14 14 153 15 15 140 16 16 151 17 17 155 18 18 176 19 19 154 20 20 154 21 21 142 22 22 155 23 23 156 24 24 176 25 25 155 26 26 155 27 27 144 28 28 156 29 29 154 30 30 176 31 31 156 32 32 156 33 33 143 34 34 154 35 35 151 36 36 177 37 37 157 38 38 157 39 39 141 40 40 151 41 41 140 42 42 158 43 43 177 44 44 177 45 45 151 46 46 140 47 47 157 48 48 177 49 49 158 50 50 158 51 51 145 52 52 157 53 53 153 54 54 178 55 55 159 56 56 159 57 57 140 58 58 153 59 59 160 60 60 178 61 61 153 62 62 153 63 63 142 64 64 160 65 65 159 66 66 178 67 67 160 68 68 160 69 69 150 70 70 159 71 71 162 72 72 179 73 73 161 74 74 161 75 75 147 76 76 162 77 77 156 78 78 179 79 79 162 80 80 162 81 81 143 82 82 156 83 83 161 84 84 179 85 85 156 86 86 156 87 87 144 88 88 161 89 89 164 90 90 180 91 91 163 92 92 163 93 93 146 94 94 164 95 95 159 96 96 180 97 97 164 98 98 164 99 99 140 100 100 159 101 101 163 102 102 180 103 103 159 104 104 159 105 105 150 106 106 163 107 107 164 108 108 181 109 109 158 110 110 158 111 111 140 112 112 164 113 113 165 114 114 181 115 115 164 116 116 164 117 117 146 118 118 165 119 119 158 120 120 181 121 121 165 122 122 165 123 123 145 124 124 158 125 125 146 126 126 166 127 127 182 128 128 182 129 129 165 130 130 146 131 131 167 132 132 182 133 133 166 134 134 166 135 135 148 136 136 167 137 137 165 138 138 182 139 139 167 140 140 167 141 141 145 142 142 165 143 143 168 144 144 183 145 145 162 146 146 162 147 147 147 148 148 168 149 149 169 150 150 183 151 151 168 152 152 168 153 153 146 154 154 169 155 155 162 156 156 183 157 157 169 158 158 169 159 159 143 160 160 162 161 161 166 162 162 184 163 163 170 164 164 170 165 165 148 166 166 166 167 167 146 168 168 168 169 169 184 170 170 184 171 171 166 172 172 146 173 173 170 174 174 184 175 175 168 176 176 168 177 177 147 178 178 170 179 179 152 180 180 185 181 181 171 182 182 171 183 183 142 184 184 152 185 185 172 186 186 185 187 187 152 188 188 152 189 189 141 190 190 172 191 191 171 192 192 185 193 193 172 194 194 172 195 195 149 196 196 171 197 197 155 198 198 186 199 199 173 200 200 173 201 201 144 202 202 155 203 203 171 204 204 186 205 205 155 206 206 155 207 207 142 208 208 171 209 209 173 210 210 186 211 211 171 212 212 171 213 213 149 214 214 173 215 215 160 216 216 187 217 217 174 218 218 174 219 219 150 220 220 160 221 221 154 222 222 187 223 223 160 224 224 160 225 225 142 226 226 154 227 227 174 228 228 187 229 229 154 230 230 154 231 231 143 232 232 174 233 233 163 234 234 188 235 235 169 236 236 169 237 237 146 238 238 163 239 239 174 240 240 188 241 241 163 242 242 163 243 243 150 244 244 174 245 245 169 246 246 188 247 247 174 248 248 174 249 249 143 250 250 169 251 251 193 252 252 189 253 253 194 254 254 190 255 255 194 256 256 189 257 257 192 258 258 191 259 259 196 260 260 195 261 261 196 262 262 191 263 263 238 264 264 237 265 265 236 266 266 236 267 267 237 268 268 239 269 269 198 270 270 190 271 271 189 272 272 197 273 273 198 274 274 189 275 275 198 276 276 197 277 277 191 278 278 191 279 279 192 280 280 198 281 281 207 282 282 199 283 283 206 284 284 206 285 285 225 286 286 207 287 287 208 288 288 200 289 289 207 290 290 207 291 291 225 292 292 208 293 293 210 294 294 200 295 295 209 296 296 209 297 297 226 298 298 210 299 299 211 300 300 201 301 301 210 302 302 210 303 303 226 304 304 211 305 305 206 306 306 199 307 307 212 308 308 212 309 309 227 310 310 206 311 311 212 312 312 202 313 313 213 314 314 213 315 315 227 316 316 212 317 317 214 318 318 200 319 319 208 320 320 208 321 321 228 322 322 214 323 323 216 324 324 203 325 325 215 326 326 215 327 327 229 328 328 216 329 329 215 330 330 201 331 331 211 332 332 211 333 333 229 334 334 215 335 335 213 336 336 202 337 337 217 338 338 217 339 339 230 340 340 213 341 341 219 342 342 204 343 343 218 344 344 218 345 345 231 346 346 219 347 347 217 348 348 202 349 349 219 350 350 219 351 351 231 352 352 217 353 353 220 354 354 203 355 355 216 356 356 216 357 357 232 358 358 220 359 359 218 360 360 204 361 361 221 362 362 221 363 363 233 364 364 218 365 365 221 366 366 203 367 367 220 368 368 220 369 369 233 370 370 221 371 371 207 372 372 200 373 373 222 374 374 222 375 375 234 376 376 207 377 377 223 378 378 199 379 379 207 380 380 207 381 381 234 382 382 223 383 383 222 384 384 205 385 385 223 386 386 223 387 387 234 388 388 222 389 389 210 390 390 201 391 391 224 392 392 224 393 393 235 394 394 210 395 395 222 396 396 200 397 397 210 398 398 210 399 399 235 400 400 222 401 401 224 402 402 205 403 403 222 404 404 222 405 405 235 406 406 224 407 407 27 408 408 28 409 409 17 410 410 19 411 411 20 412 412 18 413 413 20 414 414 16 415 415 18 416 416 114 417 417 113 418 418 128 419 419 115 420 420 114 421 421 129 422 422 129 423 423 114 424 424 128 425 425 135 426 426 117 427 427 130 428 428 116 429 429 130 430 430 117 431 431 136 432 432 130 433 433 116 434 434 136 435 435 116 436 436 118 437 437 129 438 438 131 439 439 134 440 440 129 441 441 128 442 442 131 443 443 130 444 444 133 445 445 132 446 446 137 447 447 132 448 448 133 449 449 315 450 450 379 451 451 1 452 452 0 453 453 1 454 454 379 455 455 267 456 456 266 457 457 2 458 458 4 459 459 325 460 460 327 461 461 327 462 462 328 463 463 4 464 464 132 465 465 135 466 466 130 467 467 138 468 468 130 469 469 136 470 470 138 471 471 133 472 472 130 473 473 128 474 474 139 475 475 131 476 476 23 477 477 112 478 478 42 479 479 44 480 480 119 481 481 43 482 482 45 483 483 23 484 484 42 485 485 5 486 486 336 487 487 46 488 488 48 489 489 6 490 490 47 491 491 8 492 492 7 493 493 22 494 494 49 495 495 9 496 496 21 497 497 51 498 498 29 499 499 50 500 500 50 501 501 52 502 502 51 503 503 10 504 504 53 505 505 21 506 506 10 507 507 21 508 508 9 509 509 19 510 510 26 511 511 20 512 512 337 513 513 26 514 514 19 515 515 11 516 516 8 517 517 26 518 518 26 519 519 337 520 520 11 521 521 137 522 522 133 523 523 138 524 524 122 525 525 121 526 526 120 527 527 120 528 528 121 529 529 54 530 530 54 531 531 121 532 532 123 533 533 19 534 534 124 535 535 55 536 536 126 537 537 125 538 538 56 539 539 57 540 540 122 541 541 120 542 542 58 543 543 56 544 544 125 545 545 125 546 546 127 547 547 58 548 548 84 549 549 100 550 550 85 551 551 86 552 552 101 553 553 84 554 554 101 555 555 100 556 556 84 557 557 107 558 558 102 559 559 89 560 560 87 561 561 89 562 562 102 563 563 108 564 564 87 565 565 102 566 566 108 567 567 90 568 568 87 569 569 101 570 570 104 571 571 103 572 572 101 573 573 103 574 574 100 575 575 102 576 576 106 577 577 105 578 578 109 579 579 105 580 580 106 581 581 106 582 582 102 583 583 107 584 584 110 585 585 108 586 586 102 587 587 110 588 588 102 589 589 105 590 590 100 591 591 103 592 592 111 593 593 88 594 594 24 595 595 31 596 596 31 597 597 25 598 598 88 599 599 60 600 600 59 601 601 91 602 602 30 603 603 62 595 604 61 604 605 61 605 606 63 606 607 30 607 608 109 608 609 110 609 610 105 610 611 94 611 612 93 612 613 92 613 614 93 614 615 64 615 616 92 616 617 64 617 618 95 618 619 92 619 620 22 620 621 65 621 622 96 622 623 98 623 624 66 624 625 97 625 626 67 626 627 93 627 628 94 628 629 68 629 630 97 630 631 66 631 632 97 632 633 68 633 634 99 634 635 22 635 636 69 636 637 20 637 638 20 638 639 69 639 640 16 640 641 72 641 642 71 642 643 70 643 644 326 644 645 327 645 646 325 646 647 275 647 648 316 648 649 12 649 650 12 650 651 316 651 652 13 652 653 14 653 654 380 654 655 338 655 656 338 656 657 380 657 658 339 658 659 379 659 660 384 660 661 0 661 662 15 662 663 321 663 664 320 664 665 8 665 666 22 666 667 26 667 668 26 668 669 22 669 670 20 670 671 75 671 672 74 672 673 73 673 674 73 674 675 76 675 676 75 676 677 77 677 678 74 678 679 75 679 680 79 680 681 78 681 682 77 682 683 77 683 684 75 684 685 79 685 686 266 686 687 267 687 688 268 688 689 268 689 690 269 690 691 266 691 692 327 692 693 326 693 694 329 694 695 329 695 696 330 696 697 327 697 698 267 698 699 328 699 700 3 700 701 3 701 702 268 702 703 267 703 704 328 704 705 327 705 706 330 706 707 330 707 708 3 708 709 328 709 710 379 710 711 315 710 712 317 710 713 317 711 714 381 711 715 379 711 716 322 712 717 277 713 718 276 714 719 276 715 720 318 716 721 322 717 722 340 718 723 385 719 724 382 720 725 382 721 726 341 722 727 340 723 728 384 724 729 379 725 730 381 726 731 381 727 732 386 728 733 384 729 734 320 730 735 321 731 736 323 732 737 323 733 738 324 734 739 320 735 740 267 736 741 2 737 742 4 738 743 4 739 744 328 740 745 267 741 746 289 742 747 290 743 748 287 744 749 288 745 750 289 746 751 287 747 752 286 748 753 284 749 754 290 750 755 290 751 756 289 752 757 286 753 758 353 754 759 354 755 760 351 756 761 354 757 762 352 758 763 351 759 764 348 760 765 350 761 766 353 762 767 354 763 768 353 764 769 350 765 770 359 766 771 358 767 772 349 768 773 295 769 774 294 770 775 285 771 776 296 772 777 295 773 778 285 774 779 285 775 780 294 776 781 297 777 782 349 778 783 358 779 784 360 780 785 361 781 786 359 782 787 349 783 788 288 784 789 311 785 790 289 786 791 310 787 792 298 788 793 312 789 794 299 790 795 313 791 796 295 792 797 374 793 798 375 794 799 362 795 800 352 796 801 354 797 802 376 798 803 358 799 804 377 800 805 363 801 806 359 802 807 378 803 808 377 804 809 377 805 810 358 806 811 359 807 812 294 808 813 295 809 814 313 810 815 313 811 816 314 812 817 294 813 818 270 814 819 303 815 820 319 816 821 305 817 822 271 818 823 331 819 824 367 820 825 332 821 826 383 822 827 333 823 828 369 824 829 272 825 830 293 826 831 304 827 832 278 828 833 292 829 834 293 830 835 278 831 836 291 832 837 270 833 838 306 834 839 306 835 840 300 836 841 291 837 842 307 838 843 273 839 844 279 840 845 270 841 846 280 842 847 306 843 848 274 844 849 331 845 850 271 846 851 279 847 852 273 848 853 281 849 854 270 850 855 319 851 856 282 852 857 280 853 858 270 854 859 282 855 860 368 856 861 357 857 862 342 858 863 357 859 864 356 860 865 342 861 866 332 862 867 355 863 868 370 864 869 364 865 870 370 866 871 355 867 872 334 868 873 371 869 874 343 870 875 344 871 876 332 872 877 370 873 878 272 874 879 335 875 880 333 876 881 334 877 882 343 878 883 345 879 884 383 880 885 332 881 886 346 882 887 332 883 888 344 884 889 346 885 890 366 886 891 365 887 892 372 888 893 302 889 894 301 890 895 308 891 896 270 892 897 291 893 898 303 894 899 309 895 900 292 896 901 278 897 902 367 898 903 355 899 904 332 900 905 342 901 906 356 902 907 373 903 908 283 904 909 367 905 910 383 906 911 319 907 912 303 908 913 347 909 914 82 910 915 81 911 916 80 912 917 83 913 918 25 914 919 31 915 920 240 916 921 249 916 922 248 916 923 35 917 924 246 918 925 245 918 926 245 919 927 34 920 928 35 921 929 242 922 930 252 923 931 249 924 932 249 925 933 240 925 934 242 926 935 35 927 936 36 928 937 247 929 938 247 930 939 246 931 940 35 932 941 33 933 942 244 934 943 243 934 944 243 935 945 32 936 946 33 937 947 246 938 948 251 938 949 250 938 950 250 939 951 245 939 952 246 939 953 32 940 954 243 941 955 247 941 956 247 942 957 36 943 958 32 944 959 246 945 960 247 946 961 252 947 962 252 948 963 251 949 964 246 949 965 243 950 966 244 950 967 248 950 968 248 951 969 249 951 970 243 951 971 243 952 972 249 952 973 252 953 974 252 954 975 247 955 976 243 956 977 250 957 978 251 957 979 241 957 980 251 958 981 252 959 982 242 960 983 242 961 984 241 962 985 251 962 986 253 963 987 261 963 988 262 963 989 40 964 990 39 965 991 258 966 992 258 967 993 259 967 994 40 968 995 255 969 996 253 970 997 262 970 998 262 971 999 265 972 1000 255 973 1001 40 974 1002 259 975 1003 260 976 1004 260 977 1005 41 978 1006 40 979 1007 38 980 1008 37 981 1009 256 982 1010 256 983 1011 257 983 1012 38 984 1013 259 985 1014 258 985 1015 263 985 1016 263 986 1017 264 986 1018 259 986 1019 37 987 1020 41 988 1021 260 989 1022 260 990 1023 256 990 1024 37 991 1025 259 992 1026 264 992 1027 265 993 1028 265 994 1029 260 995 1030 259 996 1031 256 997 1032 262 997 1033 261 997 1034 261 998 1035 257 998 1036 256 998 1037 256 999 1038 260 1000 1039 265 1001 1040 265 1002 1041 262 1003 1042 256 1003 1043 263 1004 1044 254 1004 1045 264 1004 1046 264 1005 1047 254 1005 1048 255 1006 1049 255 1007 1050 265 1008 1051 264 1009 1052 387 1010 1053 388 1011 1054 391 1012 1055 391 1013 1056 390 1014 1057 387 1015 1058 402 1016 1059 389 1017 1060 392 1018 1061 392 1019 1062 403 1020 1063 402 1021 1064 404 1022 1065 387 1023 1066 390 1024 1067 390 1025 1068 405 1026 1069 404 1027 1070 390 1028 1071 391 1029 1072 394 1030 1073 394 1031 1074 393 1032 1075 390 1033 1076 403 1034 1077 392 1035 1078 395 1036 1079 395 1037 1080 406 1038 1081 403 1039 1082 405 1040 1083 390 1041 1084 393 1042 1085 393 1043 1086 407 1044 1087 405 1045 1088 409 1046 1089 408 1047 1090 397 1048 1091 397 1049 1092 396 1050 1093 409 1051 1094 408 1052 1095 410 1053 1096 398 1054 1097 398 1055 1098 397 1056 1099 408 1057 1100 410 1058 1101 409 1059 1102 396 1060 1103 396 1061 1104 398 1062 1105 410 1063 1106 401 1064 1107 399 1065 1108 400 1066 1109 396 1067 1110 397 1068 1111 398 1069 1112 388 1070 1113 387 1071 1114 411 1072 1115 411 1073 1116 412 1074 1117 388 1075 1118 387 1076 1119 404 1077 1120 413 1078 1121 413 1079 1122 411 1080 1123 387 1081 1124 389 1082 1125 402 1083 1126 399 1084 1127 399 1085 1128 401 1086 1129 389 1087 1130 423 1088 1131 439 1089 1132 424 1088 1133 424 1090 1134 414 1090 1135 423 1090 1136 424 1091 1137 439 1091 1138 425 1091 1139 425 1092 1140 416 1093 1141 424 1094 1142 425 1095 1143 439 1096 1144 422 1095 1145 422 1097 1146 415 1097 1147 425 1097 1148 424 1098 1149 440 1099 1150 426 1098 1151 426 1100 1152 414 1100 1153 424 1100 1154 427 1101 1155 440 1102 1156 428 1101 1157 428 1103 1158 417 1103 1159 427 1103 1160 428 1104 1161 440 1104 1162 424 1104 1163 424 1105 1164 416 1106 1165 428 1107 1166 429 1108 1167 441 1108 1168 425 1108 1169 425 1109 1170 415 1109 1171 429 1109 1172 425 1110 1173 441 1110 1174 430 1111 1175 430 1112 1176 416 1113 1177 425 1114 1178 430 1115 1179 441 1116 1180 431 1116 1181 431 1117 1182 419 1118 1183 430 1119 1184 431 1120 1185 441 1120 1186 429 1120 1187 429 1121 1188 418 1121 1189 431 1121 1190 430 1122 1191 442 1123 1192 428 1123 1193 428 1124 1194 416 1125 1195 430 1126 1196 428 1127 1197 442 1127 1198 432 1127 1199 432 1128 1200 417 1128 1201 428 1128 1202 432 1129 1203 442 1129 1204 433 1129 1205 433 1130 1206 420 1130 1207 432 1130 1208 433 1131 1209 442 1131 1210 430 1132 1211 430 1133 1212 419 1134 1213 433 1135 1214 434 1136 1215 443 1137 1216 431 1136 1217 431 1138 1218 418 1138 1219 434 1138 1220 431 1139 1221 443 1139 1222 435 1139 1223 435 1140 1224 419 1141 1225 431 1142 1226 435 1143 1227 443 1144 1228 436 1143 1229 436 1145 1230 421 1145 1231 435 1145 1232 435 1146 1233 444 1146 1234 433 1146 1235 433 1147 1236 419 1148 1237 435 1149 1238 433 1150 1239 444 1151 1240 437 1150 1241 437 1152 1242 420 1152 1243 433 1152 1244 438 1153 1245 444 1154 1246 435 1153 1247 435 1155 1248 421 1155 1249 438 1155 1250 454 1156 1251 445 1156 1252 455 1156 1253 455 1157 1254 470 1158 1255 454 1157 1256 455 1159 1257 447 1160 1258 456 1161 1259 456 1162 1260 470 1162 1261 455 1162 1262 456 1163 1263 446 1163 1264 453 1163 1265 453 1164 1266 470 1165 1267 456 1164 1268 455 1166 1269 445 1166 1270 457 1166 1271 457 1167 1272 471 1168 1273 455 1167 1274 458 1169 1275 448 1169 1276 459 1169 1277 459 1170 1278 471 1171 1279 458 1170 1280 459 1172 1281 447 1173 1282 455 1174 1283 455 1175 1284 471 1175 1285 459 1175 1286 460 1176 1287 446 1176 1288 456 1176 1289 456 1177 1290 472 1177 1291 460 1177 1292 456 1178 1293 447 1179 1294 461 1180 1295 461 1181 1296 472 1182 1297 456 1182 1298 461 1183 1299 450 1184 1300 462 1185 1301 462 1186 1302 472 1186 1303 461 1187 1304 462 1188 1305 449 1188 1306 460 1188 1307 460 1189 1308 472 1189 1309 462 1189 1310 461 1190 1311 447 1191 1312 459 1192 1313 459 1193 1314 473 1193 1315 461 1194 1316 459 1195 1317 448 1195 1318 463 1195 1319 463 1196 1320 473 1196 1321 459 1196 1322 463 1197 1323 451 1197 1324 464 1197 1325 464 1198 1326 473 1198 1327 463 1198 1328 464 1199 1329 450 1200 1330 461 1201 1331 461 1202 1332 473 1203 1333 464 1203 1334 465 1204 1335 449 1204 1336 462 1204 1337 462 1205 1338 474 1206 1339 465 1205 1340 462 1207 1341 450 1208 1342 466 1209 1343 466 1210 1344 474 1210 1345 462 1210 1346 466 1211 1347 452 1211 1348 467 1211 1349 467 1212 1350 474 1213 1351 466 1212 1352 466 1214 1353 450 1215 1354 464 1216 1355 464 1217 1356 475 1217 1357 466 1217 1358 464 1218 1359 451 1218 1360 468 1218 1361 468 1219 1362 475 1220 1363 464 1219 1364 469 1221 1365 452 1221 1366 466 1221 1367 466 1222 1368 475 1223 1369 469 1222 1370</p>
        </triangles>
      </mesh>
    </geometry>
  </library_geometries>
  <library_controllers>
    <controller id="egypt_agema_Skin_spear_keltoi-skin" name="egypt_agema_Skin">
      <skin source="#spear_keltoi_Mesh-mesh">
        <bind_shape_matrix>1 0 0 0 0 1 0 0 0 0 1 0 0 0 0 1</bind_shape_matrix>
        <source id="egypt_agema_Skin_spear_keltoi-skin-joints">
          <Name_array id="egypt_agema_Skin_spear_keltoi-skin-joints-array" count="25">root pelvis femurleft butt-l knee-l-top knee-l-bopttom femurright butt-r knee-r-top knee-r-bopttom lumbar rib cloaktop cloak scapula ulna scapula01 ulna01 ammo_node_0 smoke_node_0 smoke_node_1 nogginbottom skulltop neck carpal_right</Name_array>
          <technique_common>
            <accessor source="#egypt_agema_Skin_spear_keltoi-skin-joints-array" count="25" stride="1">
              <param name="JOINT" type="name"/>
            </accessor>
          </technique_common>
        </source>
        <source id="egypt_agema_Skin_spear_keltoi-skin-bind_poses">
          <float_array id="egypt_agema_Skin_spear_keltoi-skin-bind_poses-array" count="400">1 0 0 0 0 -1.19209e-7 1 -21.54822 0 -1 -1.34359e-7 1.88312e-6 0 0 0 1 1 0 0 -0.002882003 0 0 1 -19.89969 0 -1 -1.3411e-7 0.5965095 0 0 0 1 1 0 0 -2.295659 0 0 1 -19.80151 0 -1 -1.34359e-7 6.81947e-7 0 0 0 1 1 0 0 -2.300335 0 -5.96046e-7 1 -18.81625 0 -1 -6.18398e-7 2.278665 0 0 0 1 1 0 0 -2.579527 0 -4.44778e-7 1 -14.92427 0 -1 -3.72529e-7 -3.577115 0 0 0 1 1 0 0 -2.616621 0 -2.08616e-7 1 -12.43225 0 -1 -2.23517e-7 0.3760048 0 0 0 1 1 0 0 2.313526 0 -1.19209e-7 1 -19.80151 0 -1 -1.34359e-7 7.65786e-7 0 0 0 1 1 0 0 2.346149 0 -8.34465e-7 1 -18.84255 0 -1 -8.56817e-7 2.262772 0 0 0 1 1 0 0 1.784679 0 -8.8919e-7 1 -14.91813 0 -1 -1.08778e-6 -3.589491 0 0 0 1 1 0 0 2.454932 0 0 1 -12.43115 0 -1 0 0.3760034 0 0 0 1 1 0 0 -0.04826378 0 0 1 -21.79734 0 -1 -1.37836e-7 1.130516 0 0 0 1 1 0 0 0.07960093 0 -1.19209e-7 1 -28.84791 0 -1 -1.34359e-7 4.2376e-7 0 0 0 1 1 0 0 -0.01975268 0 -0.9200034 0.3919107 -10.85979 0 -0.3919104 -0.9200036 30.54856 0 0 0 1 1 0 0 -0.06513428 0 -0.9200024 0.3919126 -2.269043 0 -0.3919126 -0.9200024 32.90551 0 0 0 1 0.1772422 0 0.9841672 -31.52939 -0.9841672 0 0.1772421 -1.508848 0 -1 -1.31494e-7 1.19054e-6 0 0 0 1 0.1772426 0 0.9841672 -32.76677 -0.9841672 0 0.1772422 4.484713 0 -1 -1.23696e-7 1.01064e-6 0 0 0 1 0.2370588 0 -0.9714953 31.47517 0.9714954 0 0.2370585 -3.035682 0 -1 0 -2.31678e-6 0 0 0 1 0.2370586 0 -0.9714953 32.59519 0.9714955 -1.31075e-7 0.2370583 2.957893 -1.30525e-7 -1 0 -3.71675e-6 0 0 0 1 0.2370116 1.01525e-6 -0.9715067 33.68503 0.9715068 1.02922e-6 0.2370116 10.64572 1.14739e-6 -1 -7.7486e-7 -16.17806 0 0 0 1 1 -2.02242e-4 -1.10455e-6 0.1509691 -2.02241e-4 -1 0 -2.430233 -1.10437e-6 0 -1 34.46479 0 0 0 1 0.2384582 -8.42671e-6 -0.9711526 33.7262 -0.006513357 -0.9999775 -0.001590609 -0.5520892 -0.971131 0.006704688 -0.2384529 -10.04131 0 0 0 1 1 3.16242e-7 0 0.2715587 0 0.04181343 0.9991255 -38.80912 3.1088e-7 -0.9991255 0.04181367 -4.448732 0 0 0 1 1 0 0 0.3312314 0 0 1 -41.76582 0 -1 0 8.39993e-7 0 0 0 1 1 0 0 0.2165723 0 0 1 -33.54291 0 -1 -1.19331e-7 1.56591e-6 0 0 0 1 0.2370584 0 -0.9714955 33.97264 0.9714954 -1.31075e-7 0.2370582 8.269254 -1.30524e-7 -1 0 -2.20648e-6 0 0 0 1</float_array>
          <technique_common>
            <accessor source="#egypt_agema_Skin_spear_keltoi-skin-bind_poses-array" count="25" stride="16">
              <param name="TRANSFORM" type="float4x4"/>
            </accessor>
          </technique_common>
        </source>
        <source id="egypt_agema_Skin_spear_keltoi-skin-weights">
          <float_array id="egypt_agema_Skin_spear_keltoi-skin-weights-array" count="486">1 1 1 1 1 1 1 1 1 1 1 1 1 1 1 1 1 1 1 1 1 1 1 1 1 1 1 1 1 1 1 1 1 1 1 1 1 1 1 1 1 1 1 1 1 1 1 1 1 1 1 1 1 1 1 1 1 1 1 1 1 1 1 1 1 1 1 1 1 1 1 1 1 1 1 1 1 1 1 1 1 1 1 1 1 1 1 1 1 1 1 1 1 1 1 1 1 1 1 1 1 1 1 1 1 1 1 1 1 1 1 1 1 1 1 1 1 1 1 1 1 1 1 1 1 1 1 1 0.5 0.5000001 0.4999997 0.5000003 0.4945857 0.5054143 0.4999998 0.5000001 1 0.4999186 0.5000814 0.5 0.5 0.5 0.5000001 0.4999997 0.5000003 0.4999998 0.5000001 0.5 0.5 1 1 1 1 1 1 1 1 1 1 1 1 1 1 1 1 1 1 1 1 1 1 1 1 1 1 1 1 1 1 1 1 1 1 1 1 1 1 1 1 1 1 1 1 1 1 1 1 1 1 1 1 1 1 1 1 1 1 1 1 1 1 1 1 1 1 1 1 1 1 1 1 1 1 1 1 1 1 1 1 1 1 1 1 1 1 1 1 1 1 1 1 1 1 1 1 1 1 1 1 1 1 1 1 1 1 1 1 1 1 1 1 1 1 1 1 1 1 1 1 1 1 1 1 1 1 1 1 1 1 1 1 1 1 1 1 1 1 1 1 1 1 1 1 1 1 1 1 1 1 1 1 1 1 1 1 1 1 1 1 1 1 1 1 1 1 1 1 1 1 1 1 1 1 1 1 1 1 1 1 1 1 1 1 1 1 1 1 1 1 1 1 1 1 1 1 1 1 1 1 1 1 1 1 1 1 1 1 1 1 1 1 1 1 1 1 1 1 1 1 1 1 1 1 1 1 1 1 1 1 1 1 1 1 1 1 1 1 1 1 1 1 1 1 1 1 1 1 1 1 1 1 1 1 1 1 1 1 1 1 1 1 1 1 1 1 1 1 1 1 1 1 1 1 1 1 1 1 1 1 1 1 1 1 1 1 1 1 1 1 1 1 1 1 1 1 1 1 1 1 1 1 1 1 1 1 1 1 1 1 1 1 1 1 1 1 1 1 1 1 1 1 1 1 1 1 1 1 1 1 1 1 1 1 1 1 1</float_array>
          <technique_common>
            <accessor source="#egypt_agema_Skin_spear_keltoi-skin-weights-array" count="486" stride="1">
              <param name="WEIGHT" type="float"/>
            </accessor>
          </technique_common>
        </source>
        <joints>
          <input semantic="JOINT" source="#egypt_agema_Skin_spear_keltoi-skin-joints"/>
          <input semantic="INV_BIND_MATRIX" source="#egypt_agema_Skin_spear_keltoi-skin-bind_poses"/>
        </joints>
        <vertex_weights count="476">
          <input semantic="JOINT" source="#egypt_agema_Skin_spear_keltoi-skin-joints" offset="0"/>
          <input semantic="WEIGHT" source="#egypt_agema_Skin_spear_keltoi-skin-weights" offset="1"/>
          <vcount>1 1 1 1 1 1 1 1 1 1 1 1 1 1 1 1 1 1 1 1 1 1 1 1 1 1 1 1 1 1 1 1 1 1 1 1 1 1 1 1 1 1 1 1 1 1 1 1 1 1 1 1 1 1 1 1 1 1 1 1 1 1 1 1 1 1 1 1 1 1 1 1 1 1 1 1 1 1 1 1 1 1 1 1 1 1 1 1 1 1 1 1 1 1 1 1 1 1 1 1 1 1 1 1 1 1 1 1 1 1 1 1 1 1 1 1 1 1 1 1 1 1 1 1 1 1 1 1 2 2 2 2 1 2 2 2 2 2 2 1 1 1 1 1 1 1 1 1 1 1 1 1 1 1 1 1 1 1 1 1 1 1 1 1 1 1 1 1 1 1 1 1 1 1 1 1 1 1 1 1 1 1 1 1 1 1 1 1 1 1 1 1 1 1 1 1 1 1 1 1 1 1 1 1 1 1 1 1 1 1 1 1 1 1 1 1 1 1 1 1 1 1 1 1 1 1 1 1 1 1 1 1 1 1 1 1 1 1 1 1 1 1 1 1 1 1 1 1 1 1 1 1 1 1 1 1 1 1 1 1 1 1 1 1 1 1 1 1 1 1 1 1 1 1 1 1 1 1 1 1 1 1 1 1 1 1 1 1 1 1 1 1 1 1 1 1 1 1 1 1 1 1 1 1 1 1 1 1 1 1 1 1 1 1 1 1 1 1 1 1 1 1 1 1 1 1 1 1 1 1 1 1 1 1 1 1 1 1 1 1 1 1 1 1 1 1 1 1 1 1 1 1 1 1 1 1 1 1 1 1 1 1 1 1 1 1 1 1 1 1 1 1 1 1 1 1 1 1 1 1 1 1 1 1 1 1 1 1 1 1 1 1 1 1 1 1 1 1 1 1 1 1 1 1 1 1 1 1 1 1 1 1 1 1 1 1 1 1 1 1 1 1 1 1 1 1 1 1 1 1 1 1 1 1 1 1 1 1 1 1 1 1 1 1 1 1 1 1 1 1 1 1 1 1 1 1 1 1 1 1 1 1 1 1 1 1 1 1 1 1 1 1 1 1 1 1 </vcount>
          <v>1 0 1 1 1 2 6 3 6 4 1 5 1 6 1 7 1 8 1 9 1 10 6 11 1 12 1 13 1 14 1 15 11 16 11 17 11 18 11 19 11 20 11 21 11 22 16 23 14 24 11 25 11 26 16 27 11 28 11 29 11 30 14 31 11 32 11 33 11 34 11 35 12 36 11 37 11 38 11 39 11 40 12 41 11 42 11 43 11 44 16 45 11 46 11 47 11 48 11 49 11 50 11 51 11 52 11 53 11 54 11 55 11 56 16 57 16 58 11 59 11 60 14 61 14 62 11 63 11 64 11 65 11 66 14 67 14 68 11 69 11 70 11 71 11 72 16 73 11 74 11 75 11 76 11 77 11 78 11 79 16 80 11 81 16 82 11 83 15 84 15 85 15 86 15 87 14 88 15 89 15 90 14 91 15 92 14 93 15 94 15 95 15 96 15 97 15 98 15 99 15 100 15 101 15 102 15 103 15 104 15 105 15 106 15 107 15 108 15 109 15 110 15 111 16 112 17 113 16 114 17 115 17 116 17 117 17 118 16 119 16 120 17 121 17 122 17 123 17 124 16 125 17 126 17 127 17 128 24 129 17 130 24 131 17 132 24 133 17 134 24 135 17 136 17 137 24 138 17 139 24 140 17 141 24 142 17 143 24 144 17 145 24 146 17 147 24 148 17 149 23 150 23 151 23 152 23 153 23 154 23 155 23 156 23 157 23 158 23 159 23 160 23 161 23 162 23 163 23 164 23 165 23 166 23 167 23 168 23 169 23 170 23 171 23 172 23 173 23 174 23 175 23 176 23 177 23 178 23 179 23 180 23 181 23 182 23 183 23 184 23 185 23 186 23 187 23 188 23 189 23 190 23 191 23 192 23 193 23 194 23 195 23 196 23 197 23 198 23 199 23 200 23 201 23 202 23 203 23 204 23 205 23 206 23 207 23 208 23 209 23 210 23 211 23 212 23 213 23 214 23 215 23 216 23 217 23 218 23 219 23 220 23 221 23 222 23 223 23 224 23 225 23 226 23 227 23 228 23 229 23 230 23 231 23 232 23 233 23 234 23 235 23 236 23 237 23 238 23 239 23 240 23 241 23 242 23 243 23 244 23 245 23 246 23 247 23 248 23 249 13 250 13 251 13 252 12 253 12 254 12 255 12 256 12 257 13 258 13 259 13 260 13 261 13 262 13 263 13 264 13 265 12 266 12 267 12 268 12 269 12 270 13 271 13 272 13 273 13 274 13 275 2 276 2 277 2 278 2 279 5 280 5 281 6 282 2 283 2 284 2 285 2 286 2 287 5 288 5 289 2 290 2 291 2 292 6 293 5 294 5 295 5 296 5 297 5 298 5 299 5 300 5 301 5 302 5 303 5 304 5 305 5 306 5 307 5 308 5 309 5 310 5 311 5 312 2 313 5 314 2 315 5 316 5 317 2 318 2 319 5 320 5 321 5 322 5 323 5 324 3 325 1 326 3 327 3 328 1 329 3 330 1 331 1 332 3 333 3 334 1 335 6 336 6 337 6 338 6 339 6 340 6 341 9 342 9 343 6 344 6 345 1 346 1 347 1 348 6 349 6 350 6 351 9 352 9 353 6 354 6 355 6 356 6 357 9 358 9 359 9 360 9 361 9 362 9 363 9 364 9 365 9 366 9 367 9 368 9 369 9 370 9 371 9 372 9 373 9 374 9 375 9 376 6 377 9 378 6 379 9 380 9 381 6 382 6 383 9 384 9 385 9 386 9 387 9 388 6 389 1 390 7 391 6 392 1 393 1 394 1 395 6 396 20 397 20 398 20 399 20 400 20 401 20 402 20 403 20 404 20 405 20 406 20 407 20 408 20 409 20 410 20 411 20 412 20 413 20 414 20 415 20 416 20 417 20 418 20 419 20 420 20 421 20 422 20 423 15 424 15 425 15 426 15 427 15 428 15 429 15 430 15 431 15 432 15 433 15 434 15 435 15 436 15 437 15 438 15 439 15 440 15 441 15 442 15 443 15 444 15 445 15 446 15 447 15 448 15 449 15 450 15 451 15 452 15 453 15 454 15 455 15 456 15 457 15 458 15 459 15 460 15 461 15 462 15 463 15 464 15 465 15 466 15 467 15 468 15 469 15 470 15 471 15 472 15 473 15 474 15 475 15 476 15 477 15 478 15 479 15 480 15 481 15 482 15 483 15 484 15 485</v>
        </vertex_weights>
      </skin>
    </controller>
  </library_controllers>
  <library_visual_scenes>
    <visual_scene id="Scene" name="Scene">
      <node id="LAMP_FRONT_PEACH" name="LAMP_FRONT_PEACH" type="NODE">
        <matrix sid="transform">3.595629 0.1442683 -0.009944758 0.07793808 -0.1375951 3.336951 -1.339883 -21.84175 -0.04449517 1.339181 3.339772 55.79722 0 0 0 1</matrix>
        <instance_light url="#LAMP_FRONT_PEACH-light"/>
      </node>
      <node id="Lamp_WEST" name="Lamp_WEST" type="NODE">
        <matrix sid="transform">-0.7364148 2.458481 -2.522504 -28.80603 -3.515288 -0.6763866 0.3670271 3.436447 -0.223385 2.539259 2.540025 33.30629 0 0 0 1</matrix>
        <instance_light url="#Lamp_WEST-light"/>
      </node>
      <node id="Camera" name="Camera" type="NODE">
        <matrix sid="transform">0.6859207 -0.3240135 0.6515582 7.481132 0.7276763 0.3054208 -0.6141704 -6.50764 0 0.8953956 0.4452714 5.343665 0 0 0 1</matrix>
        <instance_camera url="#Camera-camera"/>
      </node>
      <node id="Lamp" name="Lamp" type="NODE">
        <matrix sid="transform">-0.2908646 -0.7711008 0.5663932 4.076245 0.9551712 -0.1998834 0.2183912 1.005454 -0.05518906 0.6045247 0.7946723 5.903862 0 0 0 1</matrix>
        <instance_light url="#Lamp-light"/>
      </node>
      <node id="egypt_agema_Skin" name="egypt_agema_Skin" type="NODE">
        <matrix sid="transform">1 0 0 0 0 1 0 0 0 0 1 0 0 0 0 1</matrix>
        <node id="egypt_agema_Skin_root" name="root" sid="root" type="JOINT">
          <matrix sid="transform">1 1.87196e-15 4.0082e-8 0 4.0082e-8 -1.34359e-7 -1 -1.01207e-6 3.51342e-15 1 -1.19209e-7 21.54822 0 0 0 1</matrix>
          <node id="egypt_agema_Skin_pelvis" name="pelvis" sid="pelvis" type="JOINT">
            <matrix sid="transform">1 0 1.18083e-8 0.002882042 0 1 0 -1.648533 -1.18083e-8 0 1 -0.5965076 0 0 0 1</matrix>
            <node id="egypt_agema_Skin_femurleft" name="femurleft" sid="femurleft" type="JOINT">
              <matrix sid="transform">1 -5.09996e-15 5.09433e-9 2.292777 0 0.9999999 0 -0.09817696 -5.09433e-9 2.48406e-10 1 0.5965088 0 0 0 1</matrix>
              <node id="egypt_agema_Skin_butt-l" name="butt-l" sid="butt-l" type="JOINT">
                <matrix sid="transform">1 -5.78443e-15 4.2319e-9 0.004675388 7.53194e-16 0.9999999 -4.76837e-7 -0.9852638 -4.23191e-9 4.76837e-7 1 -2.278655 0 0 0 1</matrix>
                <extra>
                  <technique profile="blender">
                    <layer sid="layer" type="string">0</layer>
                    <roll sid="roll" type="float">0</roll>
                    <tip_x sid="tip_x" type="float">0</tip_x>
                    <tip_y sid="tip_y" type="float">-4.76837e-7</tip_y>
                    <tip_z sid="tip_z" type="float">1</tip_z>
                  </technique>
                </extra>
              </node>
              <node id="egypt_agema_Skin_knee-l-top" name="knee-l-top" sid="knee-l-top" type="JOINT">
                <matrix sid="transform">1 -5.78443e-15 7.79386e-9 0.2838678 5.93468e-16 0.9999999 -2.38419e-7 -4.877244 -7.79387e-9 2.38419e-7 1 3.57712 0 0 0 1</matrix>
                <extra>
                  <technique profile="blender">
                    <layer sid="layer" type="string">0</layer>
                    <roll sid="roll" type="float">0</roll>
                    <tip_x sid="tip_x" type="float">0</tip_x>
                    <tip_y sid="tip_y" type="float">-2.38419e-7</tip_y>
                    <tip_z sid="tip_z" type="float">1</tip_z>
                  </technique>
                </extra>
              </node>
              <node id="egypt_agema_Skin_knee-l-bopttom" name="knee-l-bopttom" sid="knee-l-bopttom" type="JOINT">
                <matrix sid="transform">1 -5.78443e-15 3.25892e-8 0.320962 1.64897e-15 0.9999999 -8.94071e-8 -7.36926 -3.25892e-8 8.94071e-8 1 -0.3760031 0 0 0 1</matrix>
                <node id="egypt_agema_Skin_ankle_left" name="ankle left" sid="ankle_left" type="JOINT">
                  <matrix sid="transform">1 -6.60053e-8 9.61793e-7 0.08728123 3.0818e-7 -0.9295397 -0.368722 -11.21673 9.18194e-7 0.3687221 -0.9295424 -0.6275669 0 0 0 1</matrix>
                  <node id="egypt_agema_Skin_foot_left01" name="foot left01" sid="foot_left01" type="JOINT">
                    <matrix sid="transform">1 8.21853e-7 3.86639e-5 2.86102e-6 -3.59199e-5 0.3889571 0.9212559 2.168389 -1.42714e-5 -0.9212559 0.3889571 -2.809215 0 0 0 1</matrix>
                    <extra>
                      <technique profile="blender">
                        <layer sid="layer" type="string">0</layer>
                        <roll sid="roll" type="float">3.89803e-5</roll>
                        <tip_x sid="tip_x" type="float">0</tip_x>
                        <tip_y sid="tip_y" type="float">-0.9997611</tip_y>
                        <tip_z sid="tip_z" type="float">-0.02186393</tip_z>
                      </technique>
                    </extra>
                  </node>
                  <extra>
                    <technique profile="blender">
                      <layer sid="layer" type="string">0</layer>
                      <roll sid="roll" type="float">8.84022e-7</roll>
                      <tip_x sid="tip_x" type="float">0</tip_x>
                      <tip_y sid="tip_y" type="float">-0.3687218</tip_y>
                      <tip_z sid="tip_z" type="float">-0.9295398</tip_z>
                    </technique>
                  </extra>
                </node>
                <extra>
                  <technique profile="blender">
                    <layer sid="layer" type="string">0</layer>
                    <roll sid="roll" type="float">0</roll>
                    <tip_x sid="tip_x" type="float">0</tip_x>
                    <tip_y sid="tip_y" type="float">-2.38419e-7</tip_y>
                    <tip_z sid="tip_z" type="float">0.9999991</tip_z>
                  </technique>
                </extra>
              </node>
              <extra>
                <technique profile="blender">
                  <layer sid="layer" type="string">0</layer>
                  <roll sid="roll" type="float">0</roll>
                  <tip_x sid="tip_x" type="float">0</tip_x>
                  <tip_y sid="tip_y" type="float">-1.34359e-7</tip_y>
                  <tip_z sid="tip_z" type="float">1</tip_z>
                </technique>
              </extra>
            </node>
            <node id="egypt_agema_Skin_femurright" name="femurright" sid="femurright" type="JOINT">
              <matrix sid="transform">1 -5.09996e-15 5.09434e-9 -2.316408 0 0.9999999 0 -0.09817696 -5.09434e-9 2.48406e-10 1 0.5965087 0 0 0 1</matrix>
              <node id="egypt_agema_Skin_butt-r" name="butt-r" sid="butt-r" type="JOINT">
                <matrix sid="transform">1 -5.78443e-15 5.58592e-9 -0.03262329 2.73063e-15 0.9999999 -7.15256e-7 -0.9589558 -5.58593e-9 7.15256e-7 1 -2.262758 0 0 0 1</matrix>
                <extra>
                  <technique profile="blender">
                    <layer sid="layer" type="string">0</layer>
                    <roll sid="roll" type="float">0</roll>
                    <tip_x sid="tip_x" type="float">0</tip_x>
                    <tip_y sid="tip_y" type="float">-7.15256e-7</tip_y>
                    <tip_z sid="tip_z" type="float">1</tip_z>
                  </technique>
                </extra>
              </node>
              <node id="egypt_agema_Skin_knee-r-top" name="knee-r-top" sid="knee-r-top" type="JOINT">
                <matrix sid="transform">1 -5.78444e-15 9.03823e-9 0.5288469 7.3548e-15 0.9999999 -9.53674e-7 -4.883388 -9.03825e-9 9.53674e-7 1 3.589506 0 0 0 1</matrix>
                <extra>
                  <technique profile="blender">
                    <layer sid="layer" type="string">0</layer>
                    <roll sid="roll" type="float">0</roll>
                    <tip_x sid="tip_x" type="float">0</tip_x>
                    <tip_y sid="tip_y" type="float">-9.53674e-7</tip_y>
                    <tip_z sid="tip_z" type="float">1</tip_z>
                  </technique>
                </extra>
              </node>
              <node id="egypt_agema_Skin_knee-r-bopttom" name="knee-r-bopttom" sid="knee-r-bopttom" type="JOINT">
                <matrix sid="transform">1 -5.78443e-15 2.04881e-8 -0.1414061 -1.87533e-15 0.9999999 2.98024e-8 -7.370362 -2.04881e-8 -2.98024e-8 1 -0.3760029 0 0 0 1</matrix>
                <node id="egypt_agema_Skin_ankleright" name="ankleright" sid="ankleright" type="JOINT">
                  <matrix sid="transform">1 -2.98023e-8 8.96984e-7 -0.1317592 3.03034e-7 -0.92954 -0.3687214 -11.18303 8.41803e-7 0.3687214 -0.9295419 -0.6275682 0 0 0 1</matrix>
                  <node id="egypt_agema_Skin_foot_right01" name="foot right01" sid="foot_right01" type="JOINT">
                    <matrix sid="transform">1 7.60492e-7 3.29271e-5 2.14577e-6 -3.06289e-5 0.3889477 0.9212598 2.168391 -1.20968e-5 -0.9212599 0.3889476 -2.809216 0 0 0 1</matrix>
                    <extra>
                      <technique profile="blender">
                        <layer sid="layer" type="string">0</layer>
                        <roll sid="roll" type="float">3.32309e-5</roll>
                        <tip_x sid="tip_x" type="float">0</tip_x>
                        <tip_y sid="tip_y" type="float">-0.9997611</tip_y>
                        <tip_z sid="tip_z" type="float">-0.02185434</tip_z>
                      </technique>
                    </extra>
                  </node>
                  <extra>
                    <technique profile="blender">
                      <layer sid="layer" type="string">0</layer>
                      <roll sid="roll" type="float">8.24969e-7</roll>
                      <tip_x sid="tip_x" type="float">0</tip_x>
                      <tip_y sid="tip_y" type="float">-0.3687211</tip_y>
                      <tip_z sid="tip_z" type="float">-0.9295397</tip_z>
                    </technique>
                  </extra>
                </node>
                <extra>
                  <technique profile="blender">
                    <layer sid="layer" type="string">0</layer>
                    <roll sid="roll" type="float">0</roll>
                    <tip_x sid="tip_x" type="float">0</tip_x>
                    <tip_y sid="tip_y" type="float">-1.19209e-7</tip_y>
                    <tip_z sid="tip_z" type="float">0.9999991</tip_z>
                  </technique>
                </extra>
              </node>
              <extra>
                <technique profile="blender">
                  <layer sid="layer" type="string">0</layer>
                  <roll sid="roll" type="float">0</roll>
                  <tip_x sid="tip_x" type="float">0</tip_x>
                  <tip_y sid="tip_y" type="float">-1.34359e-7</tip_y>
                  <tip_z sid="tip_z" type="float">1</tip_z>
                </technique>
              </extra>
            </node>
            <node id="egypt_agema_Skin_lumbar" name="lumbar" sid="lumbar" type="JOINT">
              <matrix sid="transform">1 -5.09996e-15 4.81516e-9 0.04538174 0 0.9999999 0 1.897648 -4.81516e-9 2.48406e-10 1 -0.5340068 0 0 0 1</matrix>
              <node id="egypt_agema_Skin_rib" name="rib" sid="rib" type="JOINT">
                <matrix sid="transform">1 -5.63593e-15 5.13653e-9 -0.1278647 -7.14308e-14 1 -1.19209e-7 7.050575 -4.31043e-9 -3.47688e-9 1 1.130516 0 0 0 1</matrix>
                <node id="egypt_agema_Skin_scapula" name="scapula" sid="scapula" type="JOINT">
                  <matrix sid="transform">0.1772421 -0.9841673 -7.69252e-8 4.182977 0.9841673 0.1772423 2.86515e-9 2.449709 1.08146e-8 -7.62151e-8 1 -5.40803e-7 0 0 0 1</matrix>
                  <node id="egypt_agema_Skin_ulna" name="ulna" sid="ulna" type="JOINT">
                    <matrix sid="transform">1 1.93715e-7 7.92336e-9 1.237383 -1.3411e-7 1 0 -5.993565 -7.92339e-9 8.88178e-15 1 -7.97182e-8 0 0 0 1</matrix>
                    <node id="egypt_agema_Skin_carpal" name="carpal" sid="carpal" type="JOINT">
                      <matrix sid="transform">1 -5.51343e-7 1.18152e-9 1.033112 3.72529e-7 1 -1.78814e-7 -5.754042 -1.18145e-9 1.78814e-7 1 0.7377816 0 0 0 1</matrix>
                      <node id="egypt_agema_Skin_ammo_node_1" name="ammo node 1" sid="ammo_node_1" type="JOINT">
                        <matrix sid="transform">1 -9.53965e-7 -3.22759e-5 1.766819 -3.23802e-5 0.001920581 -0.9999982 2.353451 1.01399e-6 0.9999982 0.001920583 -0.7377826 0 0 0 1</matrix>
                        <extra>
                          <technique profile="blender">
                            <layer sid="layer" type="string">0</layer>
                            <roll sid="roll" type="float">-2.104454</roll>
                            <tip_x sid="tip_x" type="float">-0.001890182</tip_x>
                            <tip_y sid="tip_y" type="float">-0.9999982</tip_y>
                            <tip_z sid="tip_z" type="float">3.39508e-4</tip_z>
                          </technique>
                        </extra>
                      </node>
                      <extra>
                        <technique profile="blender">
                          <layer sid="layer" type="string">0</layer>
                          <roll sid="roll" type="float">-1.392613</roll>
                          <tip_x sid="tip_x" type="float">-0.9841671</tip_x>
                          <tip_y sid="tip_y" type="float">-1.19209e-7</tip_y>
                          <tip_z sid="tip_z" type="float">0.1772422</tip_z>
                        </technique>
                      </extra>
                    </node>
                    <extra>
                      <technique profile="blender">
                        <layer sid="layer" type="string">0</layer>
                        <roll sid="roll" type="float">-1.392613</roll>
                        <tip_x sid="tip_x" type="float">-0.9841671</tip_x>
                        <tip_y sid="tip_y" type="float">0</tip_y>
                        <tip_z sid="tip_z" type="float">0.1772422</tip_z>
                      </technique>
                    </extra>
                  </node>
                  <extra>
                    <technique profile="blender">
                      <layer sid="layer" type="string">0</layer>
                      <roll sid="roll" type="float">-1.392613</roll>
                      <tip_x sid="tip_x" type="float">-0.9841673</tip_x>
                      <tip_y sid="tip_y" type="float">0</tip_y>
                      <tip_z sid="tip_z" type="float">0.1772422</tip_z>
                    </technique>
                  </extra>
                </node>
                <node id="egypt_agema_Skin_scapula01" name="scapula01" sid="scapula01" type="JOINT">
                  <matrix sid="transform">0.2370586 0.9714954 -6.73551e-8 -4.432708 -0.9714954 0.2370586 9.51323e-8 2.449709 1.08388e-7 4.28833e-8 1 -5.40803e-7 0 0 0 1</matrix>
                  <node id="egypt_agema_Skin_ulna01" name="ulna01" sid="ulna01" type="JOINT">
                    <matrix sid="transform">1 5.21541e-7 -3.53245e-8 -1.120022 -2.38419e-7 1 -1.19209e-7 -5.993568 3.53245e-8 1.19209e-7 1 -1.04044e-7 0 0 0 1</matrix>
                    <node id="egypt_agema_Skin_carpal_right" name="carpal right" sid="carpal_right" type="JOINT">
                      <matrix sid="transform">1 4.47035e-7 -1.24345e-14 -1.377445 -1.04308e-7 1 1.1724e-13 -5.311358 0 -1.59872e-13 1 -1.51027e-6 0 0 0 1</matrix>
                      <node id="egypt_agema_Skin_smoke_node_1" name="smoke node 1" sid="smoke_node_1" type="JOINT">
                        <matrix sid="transform">0.999999 1.25088e-6 0.001441225 0.2609444 0.001441315 -0.006704569 -0.9999765 -1.824128 8.41203e-6 0.9999776 -0.006704683 0.4844672 0 0 0 1</matrix>
                        <node id="egypt_agema_Skin_ammo_node_0" name="ammo node 0" sid="ammo_node_0" type="JOINT">
                          <matrix sid="transform">0.9999987 0.001489341 9.44348e-6 0.02550507 5.46221e-7 -0.006705784 0.9999775 15.69697 0.001489356 -0.9999765 -0.006705723 0.4455128 0 0 0 1</matrix>
                          <extra>
                            <technique profile="blender">
                              <layer sid="layer" type="string">0</layer>
                              <roll sid="roll" type="float">1.331509</roll>
                              <tip_x sid="tip_x" type="float">0.9769611</tip_x>
                              <tip_y sid="tip_y" type="float">1.90735e-6</tip_y>
                              <tip_z sid="tip_z" type="float">0.2383422</tip_z>
                            </technique>
                          </extra>
                        </node>
                        <extra>
                          <technique profile="blender">
                            <layer sid="layer" type="string">0</layer>
                            <roll sid="roll" type="float">1.331136</roll>
                            <tip_x sid="tip_x" type="float">-0.006513595</tip_x>
                            <tip_y sid="tip_y" type="float">-0.9999775</tip_y>
                            <tip_z sid="tip_z" type="float">-0.001590728</tip_z>
                          </technique>
                        </extra>
                      </node>
                      <extra>
                        <technique profile="blender">
                          <layer sid="layer" type="string">0</layer>
                          <roll sid="roll" type="float">1.331459</roll>
                          <tip_x sid="tip_x" type="float">0.9714956</tip_x>
                          <tip_y sid="tip_y" type="float">-1.34667e-7</tip_y>
                          <tip_z sid="tip_z" type="float">0.2370586</tip_z>
                        </technique>
                      </extra>
                    </node>
                    <extra>
                      <technique profile="blender">
                        <layer sid="layer" type="string">0</layer>
                        <roll sid="roll" type="float">1.331459</roll>
                        <tip_x sid="tip_x" type="float">0.9714956</tip_x>
                        <tip_y sid="tip_y" type="float">-1.34667e-7</tip_y>
                        <tip_z sid="tip_z" type="float">0.2370586</tip_z>
                      </technique>
                    </extra>
                  </node>
                  <extra>
                    <technique profile="blender">
                      <layer sid="layer" type="string">0</layer>
                      <roll sid="roll" type="float">1.331459</roll>
                      <tip_x sid="tip_x" type="float">0.9714954</tip_x>
                      <tip_y sid="tip_y" type="float">0</tip_y>
                      <tip_z sid="tip_z" type="float">0.2370586</tip_z>
                    </technique>
                  </extra>
                </node>
                <node id="egypt_agema_Skin_neck" name="neck" sid="neck" type="JOINT">
                  <matrix sid="transform">1 -6.32607e-15 3.8059e-9 -0.1369714 0 1 1.50275e-8 4.694994 -3.8059e-9 -1.50275e-8 1 -1.64539e-6 0 0 0 1</matrix>
                  <node id="egypt_agema_Skin_skull" name="skull" sid="skull" type="JOINT">
                    <matrix sid="transform">1 -6.78023e-15 1.57418e-9 -0.07297662 0 1 4.66116e-10 4.520023 -1.57418e-9 -4.66116e-10 1 7.10191e-7 0 0 0 1</matrix>
                    <node id="egypt_agema_Skin_cloaktop" name="cloaktop" sid="cloaktop" type="JOINT">
                      <matrix sid="transform">1 -5.96047e-8 4.36272e-8 0.3092997 6.34969e-8 0.3919107 -0.9200032 -5.702099 3.77385e-8 0.9200032 0.3919108 -1.981267 0 0 0 1</matrix>
                      <node id="egypt_agema_Skin_cloak" name="cloak" sid="cloak" type="JOINT">
                        <matrix sid="transform">1 -4.03711e-10 2.58105e-11 0.04538158 1.77636e-15 1 2.08616e-6 -8.590815 -1.4284e-10 -2.47359e-6 1 -2.356964 0 0 0 1</matrix>
                        <node id="egypt_agema_Skin_cloakbottom" name="cloakbottom" sid="cloakbottom" type="JOINT">
                          <matrix sid="transform">1 -2.96516e-8 1.35291e-10 -0.2733967 2.98023e-8 0.9999999 -6.85453e-7 -8.312191 1.56319e-13 8.04663e-7 1 -1.177101 0 0 0 1</matrix>
                          <extra>
                            <technique profile="blender">
                              <layer sid="layer" type="string">0</layer>
                              <roll sid="roll" type="float">0</roll>
                              <tip_x sid="tip_x" type="float">0</tip_x>
                              <tip_y sid="tip_y" type="float">-0.9200039</tip_y>
                              <tip_z sid="tip_z" type="float">0.3919125</tip_z>
                            </technique>
                          </extra>
                        </node>
                        <extra>
                          <technique profile="blender">
                            <layer sid="layer" type="string">0</layer>
                            <roll sid="roll" type="float">0</roll>
                            <tip_x sid="tip_x" type="float">0</tip_x>
                            <tip_y sid="tip_y" type="float">-0.9200029</tip_y>
                            <tip_z sid="tip_z" type="float">0.3919125</tip_z>
                          </technique>
                        </extra>
                      </node>
                      <extra>
                        <technique profile="blender">
                          <layer sid="layer" type="string">0</layer>
                          <roll sid="roll" type="float">0</roll>
                          <tip_x sid="tip_x" type="float">0</tip_x>
                          <tip_y sid="tip_y" type="float">-0.9200029</tip_y>
                          <tip_z sid="tip_z" type="float">0.3919106</tip_z>
                        </technique>
                      </extra>
                    </node>
                    <node id="egypt_agema_Skin_nogginbottom" name="nogginbottom" sid="nogginbottom" type="JOINT">
                      <matrix sid="transform">1 3.72528e-9 2.44542e-7 0.01799157 -1.39473e-8 0.9991255 0.04181381 0.8982582 -2.44173e-7 -0.04181381 0.9991254 2.822086 0 0 0 1</matrix>
                      <extra>
                        <technique profile="blender">
                          <layer sid="layer" type="string">0</layer>
                          <roll sid="roll" type="float">3.1088e-7</roll>
                          <tip_x sid="tip_x" type="float">0</tip_x>
                          <tip_y sid="tip_y" type="float">0.04181385</tip_y>
                          <tip_z sid="tip_z" type="float">0.9991264</tip_z>
                        </technique>
                      </extra>
                    </node>
                    <node id="egypt_agema_Skin_plumes" name="plumes" sid="plumes" type="JOINT">
                      <matrix sid="transform">1 -6.99441e-15 4.80287e-7 -0.02369055 -1.01349e-8 0.9997774 0.02110168 1.819344 -4.8018e-7 -0.02110168 0.9997773 1.862074 0 0 0 1</matrix>
                      <extra>
                        <technique profile="blender">
                          <layer sid="layer" type="string">0</layer>
                          <roll sid="roll" type="float">5.46668e-7</roll>
                          <tip_x sid="tip_x" type="float">0</tip_x>
                          <tip_y sid="tip_y" type="float">0.02110159</tip_y>
                          <tip_z sid="tip_z" type="float">0.9997788</tip_z>
                        </technique>
                      </extra>
                    </node>
                    <node id="egypt_agema_Skin_skulltop" name="skulltop" sid="skulltop" type="JOINT">
                      <matrix sid="transform">1 -6.96735e-15 4.68295e-9 -0.04168242 0 1 -2.27374e-13 3.702888 -4.68295e-9 2.27374e-13 1 1.3074e-12 0 0 0 1</matrix>
                      <extra>
                        <technique profile="blender">
                          <layer sid="layer" type="string">0</layer>
                          <roll sid="roll" type="float">0</roll>
                          <tip_x sid="tip_x" type="float">0</tip_x>
                          <tip_y sid="tip_y" type="float">0</tip_y>
                          <tip_z sid="tip_z" type="float">1</tip_z>
                        </technique>
                      </extra>
                    </node>
                    <extra>
                      <technique profile="blender">
                        <layer sid="layer" type="string">0</layer>
                        <roll sid="roll" type="float">0</roll>
                        <tip_x sid="tip_x" type="float">0</tip_x>
                        <tip_y sid="tip_y" type="float">0</tip_y>
                        <tip_z sid="tip_z" type="float">1</tip_z>
                      </technique>
                    </extra>
                  </node>
                  <node id="egypt_agema_Skin_smoke_node_0" name="smoke node 0" sid="smoke_node_0" type="JOINT">
                    <matrix sid="transform">1 -2.02306e-4 -1.10464e-6 0.06514961 -1.1046e-6 1.04308e-7 -1 0.921875 2.02306e-4 1 7.80583e-8 2.430202 0 0 0 1</matrix>
                    <extra>
                      <technique profile="blender">
                        <layer sid="layer" type="string">0</layer>
                        <roll sid="roll" type="float">3.141592</roll>
                        <tip_x sid="tip_x" type="float">-2.02239e-4</tip_x>
                        <tip_y sid="tip_y" type="float">-1</tip_y>
                        <tip_z sid="tip_z" type="float">0</tip_z>
                      </technique>
                    </extra>
                  </node>
                  <extra>
                    <technique profile="blender">
                      <layer sid="layer" type="string">0</layer>
                      <roll sid="roll" type="float">0</roll>
                      <tip_x sid="tip_x" type="float">0</tip_x>
                      <tip_y sid="tip_y" type="float">-1.19331e-7</tip_y>
                      <tip_z sid="tip_z" type="float">1</tip_z>
                    </technique>
                  </extra>
                </node>
                <extra>
                  <technique profile="blender">
                    <layer sid="layer" type="string">0</layer>
                    <roll sid="roll" type="float">0</roll>
                    <tip_x sid="tip_x" type="float">0</tip_x>
                    <tip_y sid="tip_y" type="float">-1.34359e-7</tip_y>
                    <tip_z sid="tip_z" type="float">1</tip_z>
                  </technique>
                </extra>
              </node>
              <extra>
                <technique profile="blender">
                  <layer sid="layer" type="string">0</layer>
                  <roll sid="roll" type="float">0</roll>
                  <tip_x sid="tip_x" type="float">0</tip_x>
                  <tip_y sid="tip_y" type="float">-1.19209e-7</tip_y>
                  <tip_z sid="tip_z" type="float">1</tip_z>
                </technique>
              </extra>
            </node>
            <extra>
              <technique profile="blender">
                <layer sid="layer" type="string">0</layer>
                <roll sid="roll" type="float">0</roll>
                <tip_x sid="tip_x" type="float">0</tip_x>
                <tip_y sid="tip_y" type="float">-1.19209e-7</tip_y>
                <tip_z sid="tip_z" type="float">1</tip_z>
              </technique>
            </extra>
          </node>
          <extra>
            <technique profile="blender">
              <layer sid="layer" type="string">0</layer>
              <roll sid="roll" type="float">0</roll>
              <tip_x sid="tip_x" type="float">0</tip_x>
              <tip_y sid="tip_y" type="float">-1.34359e-7</tip_y>
              <tip_z sid="tip_z" type="float">1</tip_z>
            </technique>
          </extra>
        </node>
      </node>
      <node id="spear_keltoi" name="spear_keltoi" type="NODE">
        <translate sid="location">0 0 0</translate>
        <rotate sid="rotationZ">0 0 1 0</rotate>
        <rotate sid="rotationY">0 1 0 0</rotate>
        <rotate sid="rotationX">1 0 0 0</rotate>
        <scale sid="scale">1 1 1</scale>
        <instance_controller url="#egypt_agema_Skin_spear_keltoi-skin">
          <skeleton>#egypt_agema_Skin_root</skeleton>
          <bind_material>
            <technique_common>
              <instance_material symbol="spear_keltoi_Mat-material" target="#spear_keltoi_Mat-material"/>
            </technique_common>
          </bind_material>
        </instance_controller>
      </node>
    </visual_scene>
  </library_visual_scenes>
  <scene>
    <instance_visual_scene url="#Scene"/>
  </scene>
</COLLADA>