{"cameraMode":{"drawMode":0,"name":"Shaded","section":"Shading Mode"},"sceneLighting":false,"audioPlay":false,"sceneViewState":{"m_AlwaysRefresh":false,"showFog":true,"showSkybox":false,"showFlares":true,"showImageEffects":true,"showParticleSystems":true,"showVisualEffectGraphs":true,"m_FxEnabled":true},"in2DMode":false,"pivot":{"x":0.11720716953277588,"y":1.0469261407852173,"z":-0.10314533114433289},"rotation":{"x":0.20144900679588319,"y":0.13759399950504304,"z":-0.028595922514796258,"w":0.969369649887085},"size":1.276280164718628,"orthographic":true}