<?xml version="1.0" encoding="utf-8"?>
<COLLADA xmlns="http://www.collada.org/2005/11/COLLADASchema" version="1.4.1" xmlns:xsi="http://www.w3.org/2001/XMLSchema-instance">
  <asset>
    <contributor>
      <author>Blender User</author>
      <authoring_tool>Blender 2.79.0 commit date:2017-09-11, commit time:10:43, hash:5bd8ac9</authoring_tool>
    </contributor>
    <created>2019-02-03T22:55:05</created>
    <modified>2019-02-03T22:55:05</modified>
    <unit name="meter" meter="1"/>
    <up_axis>Z_UP</up_axis>
  </asset>
  <library_cameras>
    <camera id="Camera-camera" name="Camera">
      <optics>
        <technique_common>
          <perspective>
            <xfov sid="xfov">49.13434</xfov>
            <aspect_ratio>1.777778</aspect_ratio>
            <znear sid="znear">0.1</znear>
            <zfar sid="zfar">100</zfar>
          </perspective>
        </technique_common>
      </optics>
      <extra>
        <technique profile="blender">
          <shiftx sid="shiftx" type="float">0</shiftx>
          <shifty sid="shifty" type="float">0</shifty>
          <YF_dofdist sid="YF_dofdist" type="float">0</YF_dofdist>
        </technique>
      </extra>
    </camera>
  </library_cameras>
  <library_lights>
    <light id="LAMP_FRONT_PEACH-light" name="Lamp.002">
      <technique_common>
        <ambient>
          <color>1 1 1</color>
        </ambient>
      </technique_common>
      <extra>
        <technique profile="blender">
          <type sid="type" type="int">3</type>
          <flag sid="flag" type="int">0</flag>
          <mode sid="mode" type="int">8192</mode>
          <gamma sid="blender_gamma" type="float">1</gamma>
          <red sid="red" type="float">1</red>
          <green sid="green" type="float">1</green>
          <blue sid="blue" type="float">1</blue>
          <shadow_r sid="blender_shadow_r" type="float">0</shadow_r>
          <shadow_g sid="blender_shadow_g" type="float">0</shadow_g>
          <shadow_b sid="blender_shadow_b" type="float">0</shadow_b>
          <energy sid="blender_energy" type="float">1</energy>
          <dist sid="blender_dist" type="float">29.99998</dist>
          <spotsize sid="spotsize" type="float">75</spotsize>
          <spotblend sid="spotblend" type="float">0.15</spotblend>
          <halo_intensity sid="blnder_halo_intensity" type="float">1</halo_intensity>
          <att1 sid="att1" type="float">0</att1>
          <att2 sid="att2" type="float">1</att2>
          <falloff_type sid="falloff_type" type="int">2</falloff_type>
          <clipsta sid="clipsta" type="float">1.000799</clipsta>
          <clipend sid="clipend" type="float">30.002</clipend>
          <bias sid="bias" type="float">1</bias>
          <soft sid="soft" type="float">3</soft>
          <compressthresh sid="compressthresh" type="float">0.04999995</compressthresh>
          <bufsize sid="bufsize" type="int">2880</bufsize>
          <samp sid="samp" type="int">3</samp>
          <buffers sid="buffers" type="int">1</buffers>
          <filtertype sid="filtertype" type="int">0</filtertype>
          <bufflag sid="bufflag" type="int">0</bufflag>
          <buftype sid="buftype" type="int">2</buftype>
          <ray_samp sid="ray_samp" type="int">1</ray_samp>
          <ray_sampy sid="ray_sampy" type="int">1</ray_sampy>
          <ray_sampz sid="ray_sampz" type="int">1</ray_sampz>
          <ray_samp_type sid="ray_samp_type" type="int">0</ray_samp_type>
          <area_shape sid="area_shape" type="int">0</area_shape>
          <area_size sid="area_size" type="float">10000</area_size>
          <area_sizey sid="area_sizey" type="float">100</area_sizey>
          <area_sizez sid="area_sizez" type="float">1</area_sizez>
          <adapt_thresh sid="adapt_thresh" type="float">0.000999987</adapt_thresh>
          <ray_samp_method sid="ray_samp_method" type="int">1</ray_samp_method>
          <shadhalostep sid="shadhalostep" type="int">0</shadhalostep>
          <sun_effect_type sid="sun_effect_type" type="int">0</sun_effect_type>
          <skyblendtype sid="skyblendtype" type="int">1</skyblendtype>
          <horizon_brightness sid="horizon_brightness" type="float">1</horizon_brightness>
          <spread sid="spread" type="float">1</spread>
          <sun_brightness sid="sun_brightness" type="float">1</sun_brightness>
          <sun_size sid="sun_size" type="float">1</sun_size>
          <backscattered_light sid="backscattered_light" type="float">1</backscattered_light>
          <sun_intensity sid="sun_intensity" type="float">1</sun_intensity>
          <atm_turbidity sid="atm_turbidity" type="float">2</atm_turbidity>
          <atm_extinction_factor sid="atm_extinction_factor" type="float">1</atm_extinction_factor>
          <atm_distance_factor sid="atm_distance_factor" type="float">1</atm_distance_factor>
          <skyblendfac sid="skyblendfac" type="float">1</skyblendfac>
          <sky_exposure sid="sky_exposure" type="float">1</sky_exposure>
          <sky_colorspace sid="sky_colorspace" type="int">0</sky_colorspace>
        </technique>
      </extra>
    </light>
    <light id="Lamp_WEST-light" name="Lamp.003">
      <technique_common>
        <directional>
          <color sid="color">1 1 1</color>
        </directional>
      </technique_common>
      <extra>
        <technique profile="blender">
          <type sid="type" type="int">1</type>
          <flag sid="flag" type="int">0</flag>
          <mode sid="mode" type="int">8192</mode>
          <gamma sid="blender_gamma" type="float">1</gamma>
          <red sid="red" type="float">1</red>
          <green sid="green" type="float">1</green>
          <blue sid="blue" type="float">1</blue>
          <shadow_r sid="blender_shadow_r" type="float">0</shadow_r>
          <shadow_g sid="blender_shadow_g" type="float">0</shadow_g>
          <shadow_b sid="blender_shadow_b" type="float">0</shadow_b>
          <energy sid="blender_energy" type="float">1</energy>
          <dist sid="blender_dist" type="float">29.99998</dist>
          <spotsize sid="spotsize" type="float">75</spotsize>
          <spotblend sid="spotblend" type="float">0.15</spotblend>
          <halo_intensity sid="blnder_halo_intensity" type="float">1</halo_intensity>
          <att1 sid="att1" type="float">0</att1>
          <att2 sid="att2" type="float">1</att2>
          <falloff_type sid="falloff_type" type="int">2</falloff_type>
          <clipsta sid="clipsta" type="float">1.000799</clipsta>
          <clipend sid="clipend" type="float">30.002</clipend>
          <bias sid="bias" type="float">1</bias>
          <soft sid="soft" type="float">3</soft>
          <compressthresh sid="compressthresh" type="float">0.04999995</compressthresh>
          <bufsize sid="bufsize" type="int">2880</bufsize>
          <samp sid="samp" type="int">3</samp>
          <buffers sid="buffers" type="int">1</buffers>
          <filtertype sid="filtertype" type="int">0</filtertype>
          <bufflag sid="bufflag" type="int">0</bufflag>
          <buftype sid="buftype" type="int">2</buftype>
          <ray_samp sid="ray_samp" type="int">1</ray_samp>
          <ray_sampy sid="ray_sampy" type="int">1</ray_sampy>
          <ray_sampz sid="ray_sampz" type="int">1</ray_sampz>
          <ray_samp_type sid="ray_samp_type" type="int">0</ray_samp_type>
          <area_shape sid="area_shape" type="int">1</area_shape>
          <area_size sid="area_size" type="float">0.1</area_size>
          <area_sizey sid="area_sizey" type="float">0.1</area_sizey>
          <area_sizez sid="area_sizez" type="float">1</area_sizez>
          <adapt_thresh sid="adapt_thresh" type="float">0.000999987</adapt_thresh>
          <ray_samp_method sid="ray_samp_method" type="int">1</ray_samp_method>
          <shadhalostep sid="shadhalostep" type="int">0</shadhalostep>
          <sun_effect_type sid="sun_effect_type" type="int">0</sun_effect_type>
          <skyblendtype sid="skyblendtype" type="int">1</skyblendtype>
          <horizon_brightness sid="horizon_brightness" type="float">1</horizon_brightness>
          <spread sid="spread" type="float">1</spread>
          <sun_brightness sid="sun_brightness" type="float">1</sun_brightness>
          <sun_size sid="sun_size" type="float">1</sun_size>
          <backscattered_light sid="backscattered_light" type="float">1</backscattered_light>
          <sun_intensity sid="sun_intensity" type="float">1</sun_intensity>
          <atm_turbidity sid="atm_turbidity" type="float">2</atm_turbidity>
          <atm_extinction_factor sid="atm_extinction_factor" type="float">1</atm_extinction_factor>
          <atm_distance_factor sid="atm_distance_factor" type="float">1</atm_distance_factor>
          <skyblendfac sid="skyblendfac" type="float">1</skyblendfac>
          <sky_exposure sid="sky_exposure" type="float">1</sky_exposure>
          <sky_colorspace sid="sky_colorspace" type="int">0</sky_colorspace>
        </technique>
      </extra>
    </light>
    <light id="Lamp-light" name="Lamp">
      <technique_common>
        <point>
          <color sid="color">1 1 1</color>
          <constant_attenuation>1</constant_attenuation>
          <linear_attenuation>0</linear_attenuation>
          <quadratic_attenuation>0.00111109</quadratic_attenuation>
        </point>
      </technique_common>
      <extra>
        <technique profile="blender">
          <type sid="type" type="int">0</type>
          <flag sid="flag" type="int">0</flag>
          <mode sid="mode" type="int">8192</mode>
          <gamma sid="blender_gamma" type="float">1</gamma>
          <red sid="red" type="float">1</red>
          <green sid="green" type="float">1</green>
          <blue sid="blue" type="float">1</blue>
          <shadow_r sid="blender_shadow_r" type="float">0</shadow_r>
          <shadow_g sid="blender_shadow_g" type="float">0</shadow_g>
          <shadow_b sid="blender_shadow_b" type="float">0</shadow_b>
          <energy sid="blender_energy" type="float">1</energy>
          <dist sid="blender_dist" type="float">29.99998</dist>
          <spotsize sid="spotsize" type="float">75</spotsize>
          <spotblend sid="spotblend" type="float">0.15</spotblend>
          <halo_intensity sid="blnder_halo_intensity" type="float">1</halo_intensity>
          <att1 sid="att1" type="float">0</att1>
          <att2 sid="att2" type="float">1</att2>
          <falloff_type sid="falloff_type" type="int">2</falloff_type>
          <clipsta sid="clipsta" type="float">1.000799</clipsta>
          <clipend sid="clipend" type="float">30.002</clipend>
          <bias sid="bias" type="float">1</bias>
          <soft sid="soft" type="float">3</soft>
          <compressthresh sid="compressthresh" type="float">0.04999995</compressthresh>
          <bufsize sid="bufsize" type="int">2880</bufsize>
          <samp sid="samp" type="int">3</samp>
          <buffers sid="buffers" type="int">1</buffers>
          <filtertype sid="filtertype" type="int">0</filtertype>
          <bufflag sid="bufflag" type="int">0</bufflag>
          <buftype sid="buftype" type="int">2</buftype>
          <ray_samp sid="ray_samp" type="int">1</ray_samp>
          <ray_sampy sid="ray_sampy" type="int">1</ray_sampy>
          <ray_sampz sid="ray_sampz" type="int">1</ray_sampz>
          <ray_samp_type sid="ray_samp_type" type="int">0</ray_samp_type>
          <area_shape sid="area_shape" type="int">1</area_shape>
          <area_size sid="area_size" type="float">0.1</area_size>
          <area_sizey sid="area_sizey" type="float">0.1</area_sizey>
          <area_sizez sid="area_sizez" type="float">1</area_sizez>
          <adapt_thresh sid="adapt_thresh" type="float">0.000999987</adapt_thresh>
          <ray_samp_method sid="ray_samp_method" type="int">1</ray_samp_method>
          <shadhalostep sid="shadhalostep" type="int">0</shadhalostep>
          <sun_effect_type sid="sun_effect_type" type="int">0</sun_effect_type>
          <skyblendtype sid="skyblendtype" type="int">1</skyblendtype>
          <horizon_brightness sid="horizon_brightness" type="float">1</horizon_brightness>
          <spread sid="spread" type="float">1</spread>
          <sun_brightness sid="sun_brightness" type="float">1</sun_brightness>
          <sun_size sid="sun_size" type="float">1</sun_size>
          <backscattered_light sid="backscattered_light" type="float">1</backscattered_light>
          <sun_intensity sid="sun_intensity" type="float">1</sun_intensity>
          <atm_turbidity sid="atm_turbidity" type="float">2</atm_turbidity>
          <atm_extinction_factor sid="atm_extinction_factor" type="float">1</atm_extinction_factor>
          <atm_distance_factor sid="atm_distance_factor" type="float">1</atm_distance_factor>
          <skyblendfac sid="skyblendfac" type="float">1</skyblendfac>
          <sky_exposure sid="sky_exposure" type="float">1</sky_exposure>
          <sky_colorspace sid="sky_colorspace" type="int">0</sky_colorspace>
        </technique>
      </extra>
    </light>
  </library_lights>
  <library_images/>
  <library_effects>
    <effect id="hoplis_001-effect">
      <profile_COMMON>
        <technique sid="common">
          <phong>
            <emission>
              <color sid="emission">0 0 0 1</color>
            </emission>
            <ambient>
              <color sid="ambient">0 0 0 1</color>
            </ambient>
            <diffuse>
              <color sid="diffuse">0.64 0.64 0.64 1</color>
            </diffuse>
            <specular>
              <color sid="specular">0.5 0.5 0.5 1</color>
            </specular>
            <shininess>
              <float sid="shininess">50</float>
            </shininess>
            <index_of_refraction>
              <float sid="index_of_refraction">1</float>
            </index_of_refraction>
          </phong>
        </technique>
      </profile_COMMON>
    </effect>
    <effect id="Material_002-effect">
      <profile_COMMON>
        <technique sid="common">
          <phong>
            <emission>
              <color sid="emission">0 0 0 1</color>
            </emission>
            <ambient>
              <color sid="ambient">0 0 0 1</color>
            </ambient>
            <diffuse>
              <color sid="diffuse">0.64 0.64 0.64 1</color>
            </diffuse>
            <specular>
              <color sid="specular">0.5 0.5 0.5 1</color>
            </specular>
            <shininess>
              <float sid="shininess">50</float>
            </shininess>
            <index_of_refraction>
              <float sid="index_of_refraction">1</float>
            </index_of_refraction>
          </phong>
        </technique>
      </profile_COMMON>
    </effect>
  </library_effects>
  <library_materials>
    <material id="hoplis_001-material" name="hoplis_001">
      <instance_effect url="#hoplis_001-effect"/>
    </material>
    <material id="Material_002-material" name="Material_002">
      <instance_effect url="#Material_002-effect"/>
    </material>
  </library_materials>
  <library_geometries>
    <geometry id="helm_002-mesh" name="helm.002">
      <mesh>
        <source id="helm_002-mesh-positions">
          <float_array id="helm_002-mesh-positions-array" count="1827">-1.389355 0.07074439 3.051831 -1.376456 0.07074439 3.05488 1.357621 0.07973802 3.068786 1.34429 0.07973802 3.072125 1.327128 0.07973802 3.076425 1.341205 0.07973802 3.072898 -1.376801 0.07074439 3.054799 -1.364079 0.07074439 3.057807 -1.376975 0.07074439 3.054758 1.342432 0.07973802 3.072591 -1.845848 -0.1246976 3.025525 1.670066 0.09795004 3.028995 1.685528 -0.1209571 3.064975 1.835364 0.05287319 3.072189 1.830566 -0.1231875 3.099036 1.825761 -0.124685 3.044156 -1.731204 0.01647287 3.135966 -1.705936 -0.120969 3.044338 -1.855662 0.05288511 3.053543 -1.850506 -0.1231992 3.080324 -1.690953 0.09796029 3.008152 -1.839841 0.03428369 2.993823 1.712011 0.01647073 3.156245 1.818749 0.0342732 3.012682 -1.616221 -0.128812 3.028227 -1.616221 -0.128812 3.028227 -1.642915 0.008629858 3.125881 -1.642915 0.008629858 3.125881 1.623783 0.008627712 3.148084 1.623783 0.008627712 3.148084 1.595545 -0.1288 3.049808 1.595545 -0.1288 3.049808 -1.604214 0.09011733 3.004627 -1.604214 0.09011733 3.004627 1.583162 0.09010684 3.026118 1.583162 0.09010684 3.026118 -1.387025 0.07074439 3.052381 1.352561 0.07973802 3.070053 1.414782 0.8435132 3.257474 1.414782 0.8435132 3.257474 1.054074 0.7599793 3.319411 0.7648082 0.5259218 3.369082 0.6042779 0.1876993 3.396646 0.6042779 -0.1876993 3.396646 0.7648079 -0.525922 3.369081 1.054073 -0.7599793 3.319411 1.414781 -0.8435134 3.257474 1.414781 -0.8435134 3.257474 1.775489 -0.7599794 3.195536 2.064754 -0.5259221 3.145866 2.225284 -0.1876995 3.118301 2.225284 0.1876991 3.118301 2.064754 0.5259219 3.145866 1.775489 0.7599792 3.195536 1.421812 0.8435132 3.298418 1.421812 0.8435132 3.298418 1.061105 0.7599793 3.360356 0.7718389 0.5259218 3.410026 0.6113086 0.1876993 3.437591 0.6113086 -0.1876993 3.437591 0.7718389 -0.525922 3.410026 1.061104 -0.7599793 3.360356 1.421812 -0.8435134 3.298418 1.421812 -0.8435134 3.298418 1.782519 -0.7599794 3.23648 2.071784 -0.5259221 3.18681 2.232315 -0.1876995 3.159245 2.232315 0.1876991 3.159245 2.071784 0.5259219 3.18681 1.78252 0.7599792 3.23648 1.421333 0.7150779 3.295626 1.421333 0.7150779 3.295626 1.421333 0.7150779 3.295626 1.421333 0.7150779 3.295626 1.115547 0.6442628 3.348133 1.115547 0.6442628 3.348133 0.8703268 0.4458436 3.390241 0.8703268 0.4458436 3.390241 0.7342391 0.1591197 3.413608 0.7342391 0.1591197 3.413608 0.7342391 -0.1591199 3.413608 0.7342391 -0.1591199 3.413608 0.8703265 -0.4458439 3.39024 0.8703265 -0.4458439 3.39024 1.115547 -0.644263 3.348133 1.115547 -0.644263 3.348133 1.421332 -0.7150779 3.295626 1.421332 -0.7150779 3.295626 1.421332 -0.7150779 3.295626 1.421332 -0.7150779 3.295626 1.727118 -0.6442631 3.243119 1.727118 -0.6442631 3.243119 1.972339 -0.4458438 3.201012 1.972339 -0.4458438 3.201012 2.108426 -0.1591201 3.177644 2.108426 -0.1591201 3.177644 2.108426 0.1591195 3.177644 2.108426 0.1591195 3.177644 1.972338 0.4458435 3.201012 1.972338 0.4458435 3.201012 1.727118 0.6442627 3.243119 1.727118 0.6442627 3.243119 1.435978 -1.37645e-7 3.380918 1.435978 -1.37645e-7 3.380918 1.423037 0.758206 3.305548 1.423037 0.758206 3.305548 1.098808 0.6831198 3.361222 0.8387973 0.4727336 3.405869 0.6945016 0.1687166 3.430646 0.6945016 -0.1687167 3.430646 0.8387973 -0.4727338 3.405869 1.098808 -0.6831199 3.361222 1.423036 -0.7582061 3.305548 1.423036 -0.7582061 3.305548 1.747265 -0.68312 3.249874 2.007274 -0.4727339 3.205228 2.15157 -0.1687169 3.18045 2.15157 0.1687164 3.18045 2.007275 0.4727336 3.205228 1.747265 0.6831197 3.249874 1.434653 0.602747 3.373201 1.434653 0.602747 3.373201 1.176904 0.5430561 3.417459 0.9702044 0.3758065 3.452952 0.8554947 0.1341237 3.472649 0.8554947 -0.1341239 3.472649 0.9702041 -0.3758068 3.452952 1.176904 -0.5430564 3.417459 1.434653 -0.6027472 3.373201 1.434653 -0.6027472 3.373201 1.692403 -0.5430564 3.328942 1.899102 -0.3758067 3.293449 2.013811 -0.1341241 3.273753 2.013811 0.1341236 3.273753 1.899102 0.3758065 3.293449 1.692403 0.5430561 3.328942 1.450719 -1.76342e-7 3.46676 1.450719 -1.76342e-7 3.46676 -0.210208 -0.02025055 3.818009 -0.190148 0.01837289 3.311681 0.2031862 -0.02025061 3.818011 0.1831331 0.01837295 3.311681 0.1831331 0.01837295 3.311681 -0.1490961 -0.2802306 3.782475 -0.1393015 -0.3129076 3.333662 -0.1393015 -0.3129076 3.333662 0.1375406 -0.2802305 3.782477 0.1262195 -0.3129076 3.333663 0.1262195 -0.3129076 3.333663 0.1262195 -0.3129076 3.333663 0.1262195 -0.3129076 3.333663 -9.42588e-4 0.1706665 3.574483 -9.42588e-4 0.1706665 3.574483 -9.42588e-4 0.1706665 3.574483 0.1843195 0.02091974 3.311518 -0.2098368 -0.1569282 3.806625 -0.2098368 -0.1569282 3.806625 -0.1710802 -0.1988972 3.583875 -0.1710802 -0.1988972 3.583875 -0.1710802 -0.1988972 3.583875 -0.1710802 -0.1988972 3.583875 -0.1171412 -0.3148342 3.556049 -0.1171412 -0.3148342 3.556049 -0.2392742 -0.1090275 3.275291 -0.2162585 -9.34038e-4 3.617725 -0.2162585 -9.34038e-4 3.617725 0.2092115 -9.46352e-4 3.617726 0.2092115 -9.46352e-4 3.617726 0.1640592 -0.1988973 3.583878 0.1640592 -0.1988973 3.583878 0.1640592 -0.1988973 3.583878 0.1640592 -0.1988973 3.583878 0.233793 -0.109712 3.270873 0.1055856 -0.3148342 3.55605 0.1055856 -0.3148342 3.55605 0.1055856 -0.3148342 3.55605 0.2028154 -0.1569283 3.806627 0.2028154 -0.1569283 3.806627 -0.005777537 -0.2802305 3.782476 -0.005777537 -0.2802305 3.782476 -0.173165 -0.2304668 3.65433 0.166144 -0.2304668 3.654332 0.001334547 -0.3746699 3.58732 0.03900468 -0.3148536 3.556049 0.03900468 -0.3148536 3.556049 0.03900468 -0.3148536 3.556049 0.03900468 -0.3148536 3.556049 0.001336038 -0.3677041 3.629842 -0.03633594 -0.3148537 3.556049 -0.03633594 -0.3148537 3.556049 0.4289301 -0.1212109 1.269139 0.08205604 -0.1215824 1.248198 0.08205604 -0.1215824 1.248198 0.1733614 -0.4039306 0.002129733 0.1733614 -0.4039306 0.002129733 -0.4065822 -0.1895741 2.894633 -0.4065822 -0.1895741 2.894633 -0.4065822 -0.1895741 2.894633 -0.4065822 -0.1895741 2.894633 9.28307e-4 -0.1549994 3.328543 9.28307e-4 -0.1549994 3.328543 -1.610981 0.09501504 2.993579 -1.610981 0.09501504 2.993579 -1.658208 0.07568651 3.162385 -0.4227682 -0.2477251 2.172206 -0.4227682 -0.2477251 2.172206 -0.4227682 -0.2477251 2.172206 -0.4227682 -0.2477251 2.172206 -0.4227682 -0.2477251 2.172206 1.573143 -0.1488942 3.029283 1.573143 -0.1488942 3.029283 0.5155363 -0.04742121 3.281783 -0.02244049 -0.285131 2.893168 0.2068879 0.1830288 3.22072 0.2068879 0.1830288 3.22072 0.2424283 0.3642639 1.541805 0.2424283 0.3642639 1.541805 -0.209817 0.3642587 1.538782 -0.209817 0.3642587 1.538782 -0.299246 -0.3030194 1.590071 -0.299246 -0.3030194 1.590071 -0.299246 -0.3030194 1.590071 0.2909346 -0.3030184 1.590104 0.2909346 -0.3030184 1.590104 0.2909346 -0.3030184 1.590104 -0.4889898 0.2708908 1.590037 -0.4889898 0.2708908 1.590037 -0.4889898 0.2708908 1.590037 -0.4889898 0.2708908 1.590037 0.485918 0.2708954 1.590153 0.485918 0.2708954 1.590153 0.485918 0.2708954 1.590153 0.485918 0.2708954 1.590153 -0.427114 0.2584283 2.181615 -0.427114 0.2584283 2.181615 -0.427114 0.2584283 2.181615 -0.427114 0.2584283 2.181615 0.4193412 0.2584328 2.180704 0.4193412 0.2584328 2.180704 0.4193412 0.2584328 2.180704 0.4193412 0.2584328 2.180704 -0.2490827 0.03670567 1.244328 -0.2490827 0.03670567 1.244328 -0.2490827 0.03670567 1.244328 -0.08205604 -0.1215824 1.256614 -0.08205604 -0.1215824 1.256614 -0.2607011 -0.08606088 0.1930382 -0.2607011 -0.08606088 0.1930382 -0.2607011 -0.08606088 0.1930382 -0.2607011 -0.08606088 0.1930382 -0.2431453 -0.3015311 1.043155 -0.2431453 -0.3015311 1.043155 -0.2431453 -0.3015311 1.043155 -0.1610171 0.2084753 0.004186213 -0.1610171 0.2084753 0.004186213 -0.1610171 0.2084753 0.004186213 -0.1733614 -0.4039306 0.002129733 -0.1733614 -0.4039306 0.002129733 0.2490827 0.03670567 1.235913 0.2490827 0.03670567 1.235913 0.2490827 0.03670567 1.235913 0.2431453 -0.3015311 1.03474 0.2431453 -0.3015311 1.03474 0.2431453 -0.3015311 1.03474 0.2607012 -0.08606088 0.1930382 0.2607012 -0.08606088 0.1930382 0.2607012 -0.08606088 0.1930382 0.2607012 -0.08606088 0.1930382 0.2471485 -0.275974 1.42852 0.2471485 -0.275974 1.42852 -1.037765 0.2488247 3.084552 -1.037765 0.2488247 3.084552 -1.037765 0.2488247 3.084552 -1.037765 0.2488247 3.084552 -1.037765 0.2488247 3.084552 -1.599035 -0.1489261 3.031254 -1.599035 -0.1489261 3.031254 -1.041303 -0.08892083 3.080469 -1.041303 -0.08892083 3.080469 -1.041303 -0.08892083 3.080469 -1.041303 -0.08892083 3.080469 -1.005849 0.07976418 2.995106 -1.005849 0.07976418 2.995106 -1.005849 0.07976418 2.995106 -0.3949494 0.3025279 2.903848 -0.3949494 0.3025279 2.903848 -0.3949494 0.3025279 2.903848 -0.3949494 0.3025279 2.903848 -0.3949494 0.3025279 2.903848 -0.3949494 0.3025279 2.903848 -0.3949494 0.3025279 2.903848 -1.063435 -0.04379785 3.229116 -1.063435 -0.04379785 3.229116 0.9900968 0.2489778 3.108258 0.9900968 0.2489778 3.108258 0.9900968 0.2489778 3.108258 0.9900968 0.2489778 3.108258 0.9900968 0.2489778 3.108258 1.584569 0.09498357 2.991384 1.584569 0.09498357 2.991384 1.01769 -0.04379773 3.252604 1.01769 -0.04379773 3.252604 0.9935801 -0.089055 3.104105 0.9935801 -0.089055 3.104105 0.9935801 -0.089055 3.104105 0.9935801 -0.089055 3.104105 0.9569926 0.07980984 3.019127 0.9569926 0.07980984 3.019127 0.9569926 0.07980984 3.019127 0.3653563 0.2998514 2.911964 0.3653563 0.2998514 2.911964 0.3653563 0.2998514 2.911964 0.3653563 0.2998514 2.911964 0.3653563 0.2998514 2.911964 0.3653563 0.2998514 2.911964 0.3653563 0.2998514 2.911964 0.4150017 -0.2477208 2.171296 0.4150017 -0.2477208 2.171296 0.4150017 -0.2477208 2.171296 0.4150017 -0.2477208 2.171296 0.4150017 -0.2477208 2.171296 -0.4889898 -0.1300607 1.590037 -0.4889898 -0.1300607 1.590037 -0.4889898 -0.1300607 1.590037 -0.4889898 -0.1300607 1.590037 -0.5149935 0.1372714 3.185489 -0.5149935 0.1372714 3.185489 -0.5149935 0.1372714 3.185489 -0.424343 0.02788585 3.266513 -0.424343 0.02788585 3.266513 -0.424343 0.02788585 3.266513 0.001026153 0.1282199 3.352591 -0.2170966 0.1821019 3.223134 -0.2170966 0.1821019 3.223134 0.3992861 0.02788585 3.266513 0.3992861 0.02788585 3.266513 0.3992861 0.02788585 3.266513 0.4871316 0.1415845 3.181174 0.4871316 0.1415845 3.181174 0.4871316 0.1415845 3.181174 0.4859179 -0.1300548 1.590153 0.4859179 -0.1300548 1.590153 0.4859179 -0.1300548 1.590153 0.4859179 -0.1300548 1.590153 -0.2471485 -0.275974 1.436936 -0.2471485 -0.275974 1.436936 -0.3657454 0.2103645 0.004179 -0.3657454 0.2103645 0.004179 -0.3657454 0.2103645 0.004179 -0.3657454 0.2103645 0.004179 0.3850721 -0.3737065 0.002130866 0.3850721 -0.3737065 0.002130866 0.3779784 -0.1960505 2.891643 0.3779784 -0.1960505 2.891643 0.3779784 -0.1960505 2.891643 0.3779784 -0.1960505 2.891643 0.5217407 0.1230345 3.306551 0.5217407 0.1230345 3.306551 -0.4289301 -0.1212109 1.277554 -0.3850721 -0.3737065 0.002130866 -0.3850721 -0.3737065 0.002130866 0.3657454 0.2103645 0.004178941 0.3657454 0.2103645 0.004178941 0.3657454 0.2103645 0.004178941 0.3657454 0.2103645 0.004178941 0.1610172 0.2084753 0.004186213 0.1610172 0.2084753 0.004186213 0.1610172 0.2084753 0.004186213 -0.5507541 -0.04738909 3.26767 1.632212 0.07567852 3.152253 -0.5566292 0.1229509 3.292502 -0.5566292 0.1229509 3.292502 0.2424283 0.4336502 0.9502386 -0.209817 0.4336438 0.9472156 -0.299246 -0.3855423 0.9985042 0.2909345 -0.3855409 0.9985375 -0.570955 0.3190203 0.9984703 -0.570955 0.3190203 0.9984703 0.5678831 0.3190261 0.9985862 0.5678831 0.3190261 0.9985862 -0.5709549 -0.1650543 0.9984702 -0.5709549 -0.1650543 0.9984702 0.5678831 -0.1650474 0.9985859 0.5678831 -0.1650474 0.9985859 -2.046291 -1.255527 2.977849 -2.110336 -1.249986 2.963082 -1.9458 -1.241232 3.018259 -1.939466 -1.241202 2.992544 -2.121018 -1.191177 2.96008 -1.825283 -1.227451 3.04735 -1.818962 -1.227599 3.021629 -2.103082 -1.145668 2.964874 -1.740489 -1.244233 3.078715 -1.740489 -1.244233 3.078715 -1.730352 -1.244309 3.03741 -1.730352 -1.244309 3.03741 -2.077847 -1.07334 2.971635 -1.74925 -1.116424 3.076179 -1.74925 -1.116424 3.076179 -1.739112 -1.116508 3.034873 -1.739112 -1.116508 3.034873 -2.000146 -1.044708 2.991448 -1.87279 -1.083924 3.036568 -1.866142 -1.083937 3.01093 -2.05535 -1.228313 2.981626 -2.0523 -1.22832 2.9698 -2.048243 -1.175398 2.981064 -2.046337 -1.175404 2.973672 -2.040328 -1.140856 2.982973 -2.038516 -1.140859 2.975961 -2.019116 -1.080488 2.988572 -2.01738 -1.080525 2.981755 -1.684092 -1.275559 3.116207 -1.662111 -1.275163 3.02392 -1.760873 -1.275704 3.045691 -1.687592 -1.193002 3.11788 -1.665611 -1.192605 3.025593 -1.764373 -1.193147 3.047364 -1.690975 -0.9422769 3.119829 -1.690975 -0.9422769 3.119829 -1.668994 -0.9418802 3.027542 -1.668994 -0.9418802 3.027542 -1.759488 -0.9350519 3.051267 -1.759488 -0.9350519 3.051267 -1.688517 0.2603983 3.122875 -1.666535 0.260795 3.03059 -1.765298 0.2602533 3.05236 0.1102637 0.08030879 3.682925 -0.00804913 0.1382243 3.82488 -0.008204877 0.2183002 3.610868 -0.09277361 0.1789985 3.638037 -0.1631512 -0.05240082 3.701069 0.09696918 0.1759663 3.639885 0.1414147 -0.0193659 3.698608 -0.1292819 0.1209852 3.679452 -0.008048176 0.1704748 3.654875 0.1285825 0.1077649 3.693137 -0.1450387 -0.2280421 3.78461 0.002715647 -0.2307139 3.788197 0.1506721 -0.2219751 3.807461 -0.1395815 0.127066 3.797326 -0.008048832 0.1733765 3.765115 0.1251748 0.1170862 3.817449 0.1380342 -0.143083 3.704369 0.09019458 -0.264818 3.74984 -0.004231929 -0.2957011 3.767544 -0.09784096 -0.266919 3.748108 -0.1558967 -0.1853044 3.709979 0.2103419 0.07728999 3.637381 0.007849931 0.2163286 3.581126 -0.1366984 0.1766182 3.602123 -0.2569906 -0.05557548 3.653175 0.1876183 0.1735584 3.60356 0.2635866 -0.0547831 3.652924 -0.2445912 -0.1884803 3.662059 0.2578086 -0.1784591 3.659298 0.01464128 -0.331961 3.709144 -0.1453594 -0.3028872 3.694111 0.321151 -0.04287785 3.802197 0.2534514 0.0849266 3.786937 0.224559 0.2239935 3.717714 -0.1878034 0.2276495 3.716236 -0.3407523 -0.04364448 3.802444 -0.3249868 -0.2072317 3.7808 -0.004012823 0.2751315 3.694724 0.3138045 -0.124377 3.805773 0.2098364 -0.3081173 3.813355 0.004622578 -0.3595347 3.828471 -0.1988154 -0.310563 3.812116 0.1264082 0.06984674 3.855893 0.1560828 -0.03748893 3.869797 -0.1271384 -0.1080283 3.874747 0.1528626 -0.09990382 3.872108 0.176038 -0.1545407 3.903695 0.01464009 -0.1486958 3.915013 -0.1453608 -0.1562417 3.902407 0.00784862 0.1120913 3.806057 -0.1366998 0.08001965 3.826549 -0.1340488 -0.03813081 3.87004 0.1876169 0.07754641 3.827946 0.1760391 -0.3008172 3.695373 0.4524807 0.05591601 2.149452 0.4524807 0.05591601 2.149452 0.4524807 0.05591601 2.149452 0.4524807 0.05591601 2.149452 0.4524807 0.05591601 2.149452 0.4648842 0.4103144 2.196402 0.4648842 0.4103144 2.196402 0.4648842 0.4103144 2.196402 0.06596589 0.5538222 2.284744 0.06596589 0.5538222 2.284744 0.06596589 0.5538222 2.284744 0.06596589 0.5538222 2.284744 0.06596589 0.5538222 2.284744 -0.4065668 0.406944 2.912847 -0.4065668 0.406944 2.912847 -0.4232596 0.2051308 3.222825 -0.4232596 0.2051308 3.222825 -0.4232596 0.2051308 3.222825 -0.4232596 0.2051308 3.222825 -0.4232596 0.2051308 3.222825 -0.4496425 0.01289111 3.337093 -0.4496425 0.01289111 3.337093 -0.4196982 -0.330298 3.08235 -0.4196982 -0.330298 3.08235 -0.3553498 -0.4272066 2.851002 -0.3553498 -0.4272066 2.851002 0.01042908 -0.4271922 2.284744 0.01042908 -0.4271922 2.284744 0.01042908 -0.4271922 2.284744 0.01042908 -0.4271922 2.284744 0.01042908 -0.4271922 2.284744 0.3785356 -0.3281866 2.196402 0.3785356 -0.3281866 2.196402 0.3785356 -0.3281866 2.196402 0.4700371 0.05591458 2.29717 0.4700371 0.05591458 2.29717 0.4458498 0.4051499 2.346461 0.4458498 0.4051499 2.346461 0.1737991 0.6057991 2.427586 0.1737991 0.6057991 2.427586 -0.2109916 0.4589228 2.942991 -0.3073824 0.2768692 3.160981 -0.3073824 0.2768692 3.160981 -0.3892645 0.1699033 3.370604 -0.3892645 0.1699033 3.370604 -0.293002 -0.3148525 3.178784 -0.293002 -0.3148525 3.178784 -0.2109916 -0.4791855 2.881146 -0.2109916 -0.4791855 2.881146 0.0830065 -0.4791691 2.427586 0.0830065 -0.4791691 2.427586 0.428871 -0.3127418 2.34646 0.428871 -0.3127418 2.34646 0.428871 -0.3127418 2.34646 0.4597091 0.05591613 2.469422 0.4597091 0.05591613 2.469422 0.4597091 0.05591613 2.469422 0.4597091 0.05591613 2.469422 0.4569123 0.4061936 2.51637 0.4569123 0.4061936 2.51637 0.4569123 0.4061936 2.51637 0.1602469 0.4912707 2.587214 0.1602469 0.4912707 2.587214 0.1602469 0.4912707 2.587214 -0.09795868 0.4400689 2.891917 -0.09795868 0.4400689 2.891917 -0.09795868 0.4400689 2.891917 -0.2313928 0.2242591 3.29918 -0.2313928 0.2242591 3.29918 -0.2313928 0.2242591 3.29918 -0.2483502 0.006258845 3.363075 -0.2483502 0.006258845 3.363075 -0.2483502 0.006258845 3.363075 -0.2483502 0.006258845 3.363075 -0.186145 -0.2676021 3.041586 -0.186145 -0.2676021 3.041586 -0.186145 -0.2676021 3.041586 -0.09795892 -0.3666105 2.891917 -0.09795892 -0.3666105 2.891917 -0.09795892 -0.3666105 2.891917 0.1348657 -0.4271922 2.587214 0.1348657 -0.4271922 2.587214 0.1348657 -0.4271922 2.587214 0.1348657 -0.4271922 2.587214 0.4101908 -0.3281868 2.516369 0.4101908 -0.3281868 2.516369 0.4101908 -0.3281868 2.516369 0.009139657 -0.2986726 3.754242 0.009139657 -0.2986726 3.754242 0.008266925 -0.2376488 3.9393 0.008266925 -0.2376488 3.9393 -0.1656526 -0.1941338 3.892093 0.007925987 0.2026533 3.802108 0.007925987 0.2026533 3.802108 -0.2119079 0.01762312 3.862818 0.007210075 -0.1521912 4.035976 0.007210075 -0.1521912 4.035976 -0.0458222 -0.007517993 4.015965 -0.05305135 0.02735745 4.015927 0.007317841 -0.03393518 4.089063 -0.03699463 0.08888703 4.04118 -0.03495717 0.02892684 4.036937 0.1590608 -0.2017151 3.893529 0.2085272 0.01475751 3.86282 0.05618566 -0.009322345 4.015966 0.06371396 0.02529293 4.015927 0.04803758 0.08738404 4.04118 0.04563593 0.02750164 4.036937 -0.2545132 -0.2424454 3.718819 -0.2447635 0.02180862 3.354007 0.245294 0.01789623 3.354009 0.2523722 -0.2452653 3.718823 -0.1732258 0.16958 3.241296 0.01196408 0.2539761 3.266786 0.01196408 0.2539761 3.266786 0.1759707 0.1673598 3.241299 -0.07127034 0.4406289 2.73276 -0.2048767 0.4650719 2.644755 -0.2048767 0.4650719 2.644755 0.00859493 0.4377941 2.766175 0.00859493 0.4377941 2.766175 -0.1583757 0.4433863 2.650363 -0.1583757 0.4433863 2.650363 -0.08813732 -0.4791786 2.691614 -0.1889925 -0.4272001 2.593466 -0.1889925 -0.4272001 2.593466 0.0129953 -0.3954811 2.746709 0.0129953 -0.3954811 2.746709</float_array>
          <technique_common>
            <accessor source="#helm_002-mesh-positions-array" count="609" stride="3">
              <param name="X" type="float"/>
              <param name="Y" type="float"/>
              <param name="Z" type="float"/>
            </accessor>
          </technique_common>
        </source>
        <source id="helm_002-mesh-normals">
          <float_array id="helm_002-mesh-normals-array" count="1746">0 -0.9996877 -0.02499216 0 0 -1 0 1 0 0 -1 0 -0.5254628 0.1128704 0.8432967 -0.0914548 0.8524799 0.514698 0.1358047 -0.19868 -0.9706098 -0.9676145 -0.01370567 -0.2520604 0.1669581 -0.1718935 -0.9708644 0.2146327 -0.5141478 0.8304125 0.02269804 -0.9993143 0.02925479 -0.3372953 0.86974 -0.3602561 -0.99563 -0.04185348 -0.08348226 0.5365482 0.1129037 0.8362829 0.09830379 0.852474 0.5134438 -0.1490914 -0.19838 -0.9687194 0.9639294 -0.01014024 -0.2659648 -0.1798853 -0.1718979 -0.9685518 -0.2035764 -0.5141245 0.8332062 -0.02222841 -0.999326 0.0292145 0.3324809 0.8697467 -0.3646878 0.9954765 -0.04024875 -0.08606123 -0.09288567 0.8243263 0.5584428 -0.1251949 0.8052117 0.5796208 0.176878 -0.1474515 -0.973125 0.04238116 -0.1051233 -0.9935557 -0.05446422 -0.1591992 -0.9857431 -0.1840139 -0.09536671 -0.9782864 -0.02843254 -0.5492031 0.8352052 -0.08855885 -0.5672926 0.8187408 0.1030904 -0.5385549 0.8362602 0.04256212 -0.5731653 0.8183338 0.1367029 0.8152163 0.5627921 0.09680002 0.8115108 0.5762639 -0.1485939 0.791226 -0.593196 -0.1829926 -0.1159989 -0.9762469 -0.2387951 -0.1856535 -0.9531577 0.2283512 -0.1451444 -0.9626987 0.2045354 -0.1159954 -0.9719621 -0.3380128 -0.5005015 0.797023 0.1088653 0.8936774 0.4353033 -0.2264252 -0.1779323 0.9576387 -0.04927426 0.8361884 0.5462243 -0.1090459 -0.8936414 -0.4353321 0.07157891 0.8402335 0.5374794 -0.2288411 0.144535 0.9626742 0.3307045 -0.5030843 0.7984616 0.226407 0.1781442 -0.9576036 0 -0.9701426 0.2425356 -0.2193114 0.974928 0.03765726 -0.2193062 0.974929 0.03766018 -0.6144916 0.7818348 0.1055211 -0.6144969 0.7818309 0.1055185 -0.8879726 0.433884 0.1524775 -0.8879724 0.4338846 0.1524773 -0.9855757 0 0.1692356 -0.9855752 0 0.1692382 -0.8879724 -0.4338846 0.1524773 -0.8879718 -0.4338839 0.1524826 -0.6144965 -0.7818308 0.1055213 -0.6144939 -0.7818329 0.1055215 -0.2193111 -0.974928 0.0376603 -0.219311 -0.9749279 0.03766262 0.2193117 -0.9749279 -0.03765892 0.2193105 -0.9749282 -0.0376569 0.614494 -0.7818335 -0.1055153 0.6144961 -0.7818314 -0.1055194 0.8879697 -0.4338891 -0.1524798 0.8879742 -0.4338828 -0.1524721 0.9855762 0 -0.1692326 0.9855762 0 -0.1692326 0.8879748 0.4338812 -0.1524726 0.887973 0.4338832 -0.1524776 0.6144952 0.7818323 -0.1055176 0.6144957 0.7818319 -0.1055175 0.2193118 0.9749279 -0.03765708 0.2193113 0.9749279 -0.03766107 -0.0969094 -0.2879571 -0.9527274 -0.09690809 -0.2879578 -0.9527273 0.01981222 -0.2309237 -0.9727701 0.01981455 -0.2309234 -0.9727702 0.1005855 -0.1281525 -0.9866405 0.1005891 -0.1281526 -0.9866401 0.1294128 0 -0.9915909 0.1294183 0 -0.9915902 0.1005845 0.1281532 -0.9866406 0.1005949 0.128153 -0.9866396 0.019818 0.2309234 -0.9727702 0.01981449 0.2309236 -0.9727701 -0.0969094 0.2879554 -0.9527278 -0.09690803 0.2879577 -0.9527273 -0.2264626 0.2879573 -0.9304813 -0.2264605 0.2879561 -0.9304821 -0.3431854 0.2309241 -0.9104383 -0.3431819 0.2309241 -0.9104396 -0.4239583 0.128151 -0.8965694 -0.4239585 0.1281533 -0.896569 -0.4527812 0 -0.8916218 -0.4527831 0 -0.8916208 -0.4239591 -0.1281517 -0.8965689 -0.4239581 -0.1281517 -0.8965694 -0.3431873 -0.2309222 -0.9104381 -0.3431805 -0.2309223 -0.9104406 -0.2264626 -0.2879577 -0.9304811 -0.2264606 -0.2879561 -0.9304821 -0.1409288 -0.1200994 -0.9827082 -0.09224784 -0.0963124 -0.9910673 -0.05855756 -0.05344885 -0.9968522 -0.04653388 0 -0.9989168 -0.05855864 0.05344957 -0.9968521 -0.09224569 0.0963121 -0.9910675 -0.140929 0.1200999 -0.9827081 -0.1949634 0.1200996 -0.9734298 -0.243643 0.09631246 -0.965071 -0.2773331 0.05344903 -0.9592859 -0.2893585 0 -0.9572208 -0.2773345 -0.05344897 -0.9592856 -0.2436433 -0.09631246 -0.965071 -0.1949633 -0.1200994 -0.9734298 0.1495944 0.0844888 0.985131 0.149591 0.084486 0.9851318 0.1153463 0.06775248 0.9910121 0.1153461 0.06775313 0.991012 0.09163647 0.03760027 0.9950824 0.09164971 0.03760045 0.9950812 0.08319747 0 0.9965331 0.08318334 0 0.9965344 0.09164732 -0.03760153 0.9950814 0.09163796 -0.03760039 0.9950823 0.1153466 -0.06775367 0.991012 0.1153416 -0.0677523 0.9910126 0.1495943 -0.08448565 0.9851314 0.1495932 -0.08448839 0.9851313 0.1876026 -0.08448857 0.9786047 0.1876043 -0.08448475 0.9786047 0.2218489 -0.06775188 0.9727244 0.2218513 -0.06775343 0.9727237 0.2455412 -0.03760039 0.9686567 0.2455598 -0.03760033 0.968652 0.2540072 0 0.9672024 0.2540059 0 0.9672027 0.2455522 0.03760081 0.9686539 0.2455481 0.03760004 0.9686549 0.2218487 0.06775349 0.9727244 0.2218523 0.06775337 0.9727236 0.1876032 0.08448702 0.9786047 0.1876055 0.0844888 0.9786041 0.06368148 0.4022197 0.9133259 0.06368076 0.4022198 0.9133257 -0.09935599 0.322555 0.9413218 -0.09935683 0.3225552 0.9413217 -0.2121818 0.1790038 0.9606959 -0.2121809 0.179004 0.9606961 -0.2524462 0 0.967611 -0.2524548 0 0.9676087 -0.21218 -0.1790034 0.9606963 -0.2121818 -0.1790053 0.9606956 -0.09935885 -0.3225551 0.9413215 -0.09935587 -0.322556 0.9413214 0.0636788 -0.4022211 0.9133253 0.06367874 -0.4022202 0.9133258 0.2446406 -0.4022206 0.8822526 0.2446426 -0.402221 0.8822518 0.4076799 -0.3225566 0.8542566 0.4076815 -0.3225557 0.8542562 0.5205132 -0.1790039 0.8348794 0.5205038 -0.1790046 0.8348852 0.560774 0 0.8279689 0.5607748 -1.06166e-6 0.8279685 0.5205057 0.1790052 0.8348839 0.5205066 0.1790039 0.8348835 0.4076811 0.3225549 0.8542568 0.4076803 0.3225548 0.8542571 0.2446413 0.4022202 0.8822526 0.2446397 0.4022201 0.8822531 0.1320944 0.1554775 0.9789677 0.0690729 0.1246837 0.9897894 0.02545773 0.06919312 0.9972785 0.009894311 0 0.9999511 0.02545815 -0.06919401 0.9972784 0.06907141 -0.1246833 0.9897896 0.1320928 -0.1554777 0.978968 0.2020424 -0.1554777 0.9669569 0.2650678 -0.1246833 0.9561346 0.3086789 -0.06919413 0.9486463 0.3242444 0 0.9459734 0.3086801 0.06919437 0.9486458 0.2650669 0.1246828 0.9561348 0.2020439 0.1554774 0.9669566 0.7001103 -0.2841756 0.6550496 0.6331262 0.7740319 -0.005087852 0.6180623 0.7805105 0.093822 -0.6237242 0.7816349 -0.003903806 -0.6088106 0.7876839 0.09436058 -0.984753 0.01178193 -0.1735588 -0.9673259 -0.219459 -0.126958 -0.8953617 -0.4370679 0.08543443 -0.9063576 -0.3749188 -0.1948127 0.8291055 -0.5581928 -0.03170335 -0.9037414 -0.4210812 0.07708537 -0.9746114 -0.2237653 0.007861316 -0.9261762 0.3729863 -0.05548757 0.9591172 -0.24345 0.1443133 0.9746404 -0.223642 0.007765352 0.8904184 -0.4496898 0.07024371 0.9224685 0.3822096 -0.05447727 0.8825154 -0.4637926 0.07786494 0.892707 -0.4007954 -0.2060031 0.9847534 0.01178497 -0.1735571 0.9673269 -0.2194554 -0.1269568 1.20958e-6 -0.9999617 -0.008749723 -3.31205e-7 -0.9999618 -0.008750498 3.88965e-6 -0.463299 -0.8862021 0 -0.9885231 0.1510706 -2.37617e-4 -0.9885054 0.1511855 2.91524e-4 -0.9999628 -0.008635878 -2.41555e-4 -0.9999627 -0.008638918 -9.07837e-7 -0.988523 0.151071 0.9154146 -0.3293424 0.2314081 2.83345e-4 -0.9885019 0.1512089 0.8620851 -0.5001028 0.08189511 -0.8620948 -0.5000763 0.08195304 -0.9596461 -0.2431588 0.1412559 -0.8537915 -0.5189841 -0.04117906 -0.8972822 -0.441448 -0.002899408 0.8825294 -0.470035 0.01445806 -0.9027226 -0.3900744 0.1814771 -0.8212733 -0.5483627 -0.1575071 -0.8970029 -0.4098063 -0.1656641 0.7967128 -0.5736601 -0.1901654 0.9232911 -0.3762896 -0.07707005 -0.7121784 -0.7000197 0.05267262 0.6684933 -0.7425651 0.04139798 -0.00913316 0.990285 0.1387526 0.6330386 0.755993 0.1665431 -0.6743807 0.7231803 0.1490672 -0.8964618 -0.01955646 0.4426894 0.07545214 -0.5285527 0.8455407 0.8553711 0.02648991 0.5173379 -4.7263e-4 0.003348469 -0.9999943 -6.77413e-5 0.003504335 -0.9999939 -0.1875751 0.8799869 0.4363929 -0.407677 -0.7966005 0.4463489 -0.1787691 -0.08318024 0.9803686 0.01406484 0.4696856 -0.8827218 -0.01140481 0.4436994 0.8961031 -0.2643702 0.9637347 0.03638571 -0.001354396 -0.1526966 -0.9882722 0.127579 -0.469055 -0.8739057 -0.02129197 -0.5082421 0.860951 -0.2177897 -0.9424553 0.2536644 0.6619702 -0.7462251 -0.0703113 1.07913e-4 -0.9955065 0.09469437 -3.58372e-6 -0.9955193 0.09455895 0.09269487 -0.1404981 0.9857323 0.4559957 -0.7586092 0.4653818 0.932632 -0.07651263 0.3526236 0.5928528 0.7350293 0.3290253 -0.999692 -0.009013056 0.0231235 -0.998811 0.0228042 0.04308956 0.9986012 -0.009527921 0.05200797 0.997128 0.02241533 0.07234287 -4.76274e-4 0.9355716 0.3531371 -2.98973e-5 0.9352956 0.3538675 0.004166245 0.9981211 -0.06113094 -6.61984e-5 0.9983996 -0.05655419 -0.2299817 -0.9289788 0.290012 -0.2402612 -0.9671335 0.08323138 -5.12401e-5 -0.9986582 -0.05178529 -0.02825331 -0.9576636 0.2865 -0.04977339 -0.9395174 0.3388654 -0.3147626 -0.375078 -0.871918 -0.1556102 0.02217078 -0.9875698 -0.2785257 0.4075461 -0.8696722 -0.07520258 -0.1463811 0.9863657 0.04718989 0.8991529 0.4350831 -0.2541319 0.4462113 0.8580865 -0.05032199 0.4732333 -0.8794987 0.05915236 0.4459082 0.8931221 0.2578388 0.9653807 0.03948879 -0.03999459 -0.1516038 -0.987632 -0.1606189 -0.4712305 -0.867262 0.06136095 -0.4917482 0.8685727 0.2240372 -0.9417968 0.2506516 -0.2132253 -0.132882 0.9679242 -0.5248527 -0.7172731 0.4583112 -0.6444676 0.7103344 0.282996 -0.9100034 -0.364677 0.1972422 0.02363961 -0.9573593 0.287931 0.04523611 -0.9387298 0.3416726 0.3595661 -0.3561222 -0.8624901 0.1942652 0.04509818 -0.9799119 0.3044031 0.3967072 -0.8660035 0.05843871 -0.1456308 0.9876116 -0.06113529 0.9015951 0.4282393 0.2440456 0.4472387 0.8604763 0.4299561 -0.7856349 0.444877 0.1904767 -0.08312088 0.9781664 0.1912811 0.881501 0.4317032 -0.6718802 -0.7370979 -0.07255154 0.9926366 -2.5392e-7 0.12113 0.9936743 -0.0105974 0.1117999 -0.9945427 -0.01046872 0.1038031 -0.9935927 -2.64889e-7 0.1130207 -0.3081045 0.9499173 0.05223751 0.3472012 0.9359396 0.05889379 0.2167409 -0.9728695 0.08092343 0.2100959 -0.9397697 0.2696161 -0.2735829 0.4157451 0.8673571 -0.1928193 0.7472859 0.6359123 1.67842e-4 0.923325 0.3840196 0.3106694 0.602316 0.7353231 0.1924182 0.4896398 0.8504282 0.001105844 -0.9865068 -0.1637171 -1.69702e-4 -0.9867086 -0.1625002 0.8207871 -0.5494591 -0.1562157 0.897517 -0.4091818 -0.1644188 -0.7962964 -0.5745805 -0.1891278 -0.9235569 -0.3758179 -0.07618218 0.7121784 -0.7000198 0.05267262 -0.6684934 -0.742565 0.0413978 0.009134411 0.990414 0.137829 -0.6332785 0.7560342 0.1654413 0.6745217 0.7232525 0.1480758 0.8964617 -0.01955658 0.4426893 -0.07545226 -0.5285528 0.8455407 -0.855371 0.02648991 0.5173381 6.77416e-5 0.003504335 -0.9999939 4.72636e-4 0.003348529 -0.9999943 0.6600041 -0.7440572 0.1037946 0.6174416 -0.7755599 0.1314264 -0.9905372 -2.48918e-7 0.137245 -0.9905372 -2.64691e-7 0.1372449 0.9905372 -2.48918e-7 0.137245 0.9905372 -1.39958e-7 0.1372449 -0.2967786 0.9484447 0.1112435 -0.2853329 0.951269 0.1169294 -6.00253e-6 -0.9904099 0.138161 -5.52605e-6 -0.9904099 0.1381605 0.3340818 0.9345723 0.1223272 0.3155101 0.9424615 0.1105436 -0.6674362 -0.7321819 0.1357889 -0.626462 -0.7719769 0.1076899 7.90234e-4 -0.9931914 -0.116492 7.92728e-4 -0.9931911 -0.1164939 0.1287217 -0.9912107 0.0305323 -0.3331332 -0.2375532 0.9124641 0.1644141 -0.2462252 -0.9551655 -0.2484399 0.1537269 0.9563711 -0.3111968 0.05186611 0.9489292 0.1061861 -0.9940326 0.0249775 0.1059877 -0.9938607 0.03174078 0.2026991 0.04871976 -0.9780284 0.2245318 0.08630514 -0.9706374 -0.2824369 0.01172238 0.9592143 -0.3826792 -0.3008877 0.8735121 -0.178603 -0.9831773 -0.03825598 -0.1789659 -0.9829538 -0.04210847 0.2101141 0.01719343 -0.9775257 0.1475943 -0.1417583 -0.9788363 -0.3048022 -0.001988708 0.9524136 -0.3063731 0.01938039 0.9517142 0.9687542 0.07110732 0.2376114 0.9687456 0.07112288 0.2376416 0.1908477 0.02737498 -0.981238 0.1935459 -0.006204724 -0.9810717 -0.3121575 -0.0292437 0.9495802 -0.3086205 0.08749544 0.9471526 0.2379755 0.9696297 0.05644416 0.235713 0.969928 0.06065654 0.1903516 0.17006 -0.9668743 0.1897843 0.01853626 -0.9816508 0.2709131 0.9600718 0.06977379 -0.2368947 -0.2105065 0.9484556 0.1986986 -0.237385 -0.9508771 -0.3386301 0.05544829 0.9392845 -0.2768102 -0.001227021 0.9609239 0.1679391 0.05310165 -0.9843662 0.125218 -0.02788436 -0.9917374 -0.2792192 0.01093208 0.9601653 -0.2777017 0.00826174 0.9606319 0.1671925 0.02744358 -0.9855423 0.1715646 0.03608512 -0.9845119 -0.2777192 0.008482336 0.9606249 -0.2763453 0.006577193 0.9610359 0.1690518 0.03536832 -0.9849724 0.1666894 0.03395956 -0.9854245 -0.2691414 0.06546038 0.9608735 0.1826327 0.1739891 -0.9676638 0.9721025 0.03651612 0.2316969 0.972102 0.03651791 0.2316985 -0.2153108 0.01066279 -0.9764875 -0.2153139 0.01066172 -0.9764868 -0.6757344 -0.04356175 0.7358571 -0.6757395 -0.04356271 0.7358523 0.9727129 0.01132375 0.2317358 0.9727134 0.01132458 0.2317336 -0.2533103 0.004101395 -0.9673764 -0.2153214 0.01884216 -0.9763615 -0.7072165 0.002689898 0.7069921 -0.6763337 -0.01485019 0.7364457 0.9727855 -0.002575457 0.2316935 0.9727855 -0.002575457 0.231693 -0.215277 0.002914488 -0.9765487 -0.2536256 -3.48388e-4 -0.9673025 -0.6764121 -0.00396043 0.7365128 -0.7073754 -3.44128e-4 0.7068381 0.004788458 -0.9999836 -0.003157138 -0.004788756 0.9999836 0.00315845 -0.8120381 -0.3295673 -0.4816427 -0.8023909 0.08305972 -0.5909907 -0.979187 0.1794516 -0.09481579 -0.0120064 0.5859798 0.8102368 -0.1260917 0.6714973 0.7302002 0.06943708 0.6756144 0.7339781 0.07644808 0.6353949 0.7683938 0.8951767 0.07141917 -0.4399522 0.9946669 0.1012461 0.0196743 -0.3907924 0.9168686 -0.08144503 -0.3373922 0.9410382 -0.02477145 0.4225263 0.9060369 -0.02384579 0.4075424 0.9113951 -0.05716735 -0.1765088 0.8484235 0.4990213 0.1628394 0.8504516 0.5002155 0.7605451 -0.4672681 -0.4508122 0.2741103 -0.3177645 0.9076835 -0.03429609 -0.7844442 0.6192505 -0.346015 -0.8302879 0.4369162 -0.02856951 -0.2999717 0.9535202 -0.7256025 -0.6373445 -0.2594092 0.878093 0.3112277 -0.363442 0.8636869 0.4251866 -0.2706682 0.9514921 0.1259787 -0.2806999 0.9460052 0.0361973 -0.3221243 -0.8087891 0.3089874 -0.5003868 -0.8190054 0.3078782 -0.4841915 -0.8276377 -0.005507647 -0.5612357 -0.870307 -0.1132369 -0.4793154 -0.2967063 0.8350817 -0.4632539 -0.2713181 0.8274983 -0.491562 0.2594428 0.8495476 -0.4593021 0.2381148 0.8724588 -0.4267516 0.9396523 -0.06124746 -0.3366044 0.9310473 -0.09933418 -0.351118 0.7671101 -0.5881621 -0.2561399 0.8583266 -0.491724 -0.1465715 0.2323389 -0.9644091 -0.1262292 0.1681209 -0.9634602 -0.208518 -0.1645005 -0.9766691 -0.1380478 -0.2093434 -0.9487347 -0.2368075 -0.5823612 -0.6440744 -0.4960078 -0.5577126 -0.7727887 -0.30291 0.3758081 0.2204892 0.9000849 0.4212428 0.3242692 0.8469972 -0.1093704 -0.9097664 -0.4004539 -0.2653867 -0.9614445 -0.0720728 -0.358617 -0.1563236 0.9203026 0.3829 0.0144416 0.9236769 0.3791527 0.006426274 0.9253118 0.9386667 0.3031942 -0.1642503 0.3547318 -0.162732 0.9206974 0.1811237 -0.468718 0.8645794 0.05092239 -0.3812993 0.9230481 -0.04522317 -0.4927666 0.8689857 -0.1622067 -0.368088 0.9155328 -0.5674608 0.560509 0.6031732 -0.466993 -0.3204433 0.8241564 0.4272233 0.4724772 0.7708733 0.1607117 -0.9836743 0.08097362 -0.7424038 0.2166957 0.6339398 -0.2903875 0.4346113 0.8525187 -0.3114497 0.03316617 0.9496837 -0.00792402 0.5635106 0.8260709 -0.05644035 0.5850111 0.8090591 0.01747882 0.5984761 0.80095 0.04369711 0.565549 0.8235564 0.9909728 -0.05110192 0.1239421 0.9894073 0.08512085 -0.1175912 0.205574 0.8595137 -0.4679485 0.6103009 0.7852549 0.1044403 -0.1029615 0.9070491 0.4082414 -0.3748217 0.9255333 -0.05382251 -0.2296679 0.8212465 0.5223093 -0.2930974 0.7936102 0.5331761 -0.9145452 0.2919284 0.2799731 -0.3832008 0.8747255 0.2966692 -0.4600445 -0.554741 0.6932688 0.2842854 -0.3034243 0.9094589 -0.3753763 -0.8874793 0.2673447 -0.2166914 -0.8786677 0.4254269 0.4012136 -0.7899814 0.4636349 0.3108521 -0.9288619 0.2014611 -0.295729 -0.9358343 -0.1917254 -0.2968019 -0.9354904 -0.1917455 0.2622508 -0.964933 0.01134705 0.2967487 -0.8390107 -0.4560716 0.9726669 -0.2013823 -0.1156042 0.9424123 -0.1454985 -0.3011466 0.9948073 0.07810819 -0.06525057 0.9982074 -5.17709e-5 0.05985134 0.6061713 0.6209459 0.4969733 0.270397 0.9624617 -0.02351623 0.164778 0.9860457 0.02370947 -0.2589312 0.9657854 0.01460385 -0.06409829 0.9697663 0.235467 0.1936879 0.789259 0.5827138 -0.3610378 0.7881056 0.4985392 0.3659061 0.7673872 0.526526 0.6542361 0.5389524 0.530571 -0.817106 0.2197677 0.532954 -0.4268487 -0.4047628 0.8086826 0.5820995 -0.6332675 0.5100318 0.8044573 -0.1516661 0.5743221 0.4012142 -0.7899814 0.4636344 0.625409 -0.6667395 0.4053665 0.4266086 -0.9037493 -0.03524965 0.3728171 -0.9111452 0.1755614 0.9929071 -0.1029136 0.05953431 0.9884516 -0.1154305 0.09817981 -0.007253527 0.9284523 -0.3713809 -0.676025 0.5935584 -0.4366676 -0.9855179 0.0368694 -0.1655153 -0.4564543 -0.7342038 -0.5025876 -0.3203752 -0.8128048 -0.4865268 -0.1676099 0.1352337 -0.9765341 -0.5147933 -0.6805154 -0.5214275 -0.730584 -0.4210793 -0.5375307 -0.7534121 0.1621741 -0.6372362 -0.7176634 0.5302531 -0.4514321 -0.2127426 -0.07809549 -0.9739825 0.2174351 0.09075361 0.9718466 0.4824163 -0.112577 0.8686777 0.7935879 -0.01002192 0.6083731 0.7626308 0.04148524 0.6455023 0.8519967 -0.03116399 0.522619 0.9669647 -0.06857341 0.2455135 0.9468398 0.02044993 0.3210549 0.7876332 -0.3854156 0.4807171 -0.3068125 -0.9043234 0.2967583 -0.6355318 0.7706198 0.04737746 -0.989876 0.1261981 0.06495755 -0.3446254 -0.7052074 0.6196097 -0.6179711 -0.1190344 0.7771375 -0.492075 0.7367774 0.4637039 -0.681014 -0.04773634 0.7307129 -0.6825751 -0.1407031 0.7171429 -0.8247864 -0.2309487 0.5161301 -0.7531228 -0.07186478 0.6539431 -0.9609887 0.2718032 -0.05122429 -0.8252932 -0.1704837 0.5383554 -0.758496 0.02972179 0.6509996 0.8223008 0.4382081 0.3630362 -0.8136591 -0.06849879 0.5772926 -0.4227262 0.9024184 0.08332854 -0.7985785 0.5582406 0.2250329 0.3062209 -0.9036446 0.2994251 0.6740149 0.736796 0.05324947 -0.8686231 -0.1233969 0.4798616 0.861409 -0.1270791 0.4917577 0.355042 -0.6984973 0.6213266 0.6577655 -0.1213669 0.7433806 0.5320272 0.7147063 0.4540287 0.7125158 -0.06369131 0.6987595 0.7125029 -0.154176 0.6845214 0.843544 -0.2205889 0.4896675 0.7517972 -0.07655668 0.6549351 0.9652144 0.2588053 -0.03716033 0.8446546 -0.183121 0.5030162 0.759773 0.07417273 0.6459438 -0.8415438 0.4176679 0.342575 0.8420798 -0.07164877 0.5345728 0.4758067 0.8751872 0.08749574 0.8164085 0.5376252 0.2107995 0.9892931 0.1267928 0.07226872 0.03177458 0.9994559 0.008844077 0.1791424 0.9832527 0.03349864 -0.3312695 -0.8275523 -0.4532306 -0.2957283 -0.9358345 -0.1917254 -0.2951725 -0.9362209 -0.1906926 0.793586 -0.01002198 0.6083756 0.2305382 -0.006370723 0.9730424 0.7658574 -0.02116394 0.6426622</float_array>
          <technique_common>
            <accessor source="#helm_002-mesh-normals-array" count="582" stride="3">
              <param name="X" type="float"/>
              <param name="Y" type="float"/>
              <param name="Z" type="float"/>
            </accessor>
          </technique_common>
        </source>
        <source id="helm_002-mesh-map-0">
          <float_array id="helm_002-mesh-map-0-array" count="3498">0.873965 0.752052 0.876164 0.752107 0.878454 0.752165 0.876195 0.752108 0.874379 0.752062 0.878454 0.752165 0.873516 0.750485 0.87895 0.750622 0.875892 0.750545 0.876223 0.750553 0.87895 0.750622 0.874418 0.750508 0.855503 0.942093 0.873735 0.989581 0.798789 0.98645 0.855503 0.942093 0.890049 0.937194 0.873735 0.989581 0.797052 0.941868 0.798226 0.989897 0.865813 0.989049 0.873735 0.989581 0.865813 0.989049 0.798226 0.989897 0.865813 0.989049 0.890049 0.937194 0.797052 0.941868 0.798789 0.98645 0.797052 0.941868 0.855503 0.942093 0.798789 0.98645 0.798226 0.989897 0.797052 0.941868 0.890049 0.937194 0.865813 0.989049 0.873735 0.989581 0.873735 0.989581 0.798226 0.989897 0.798789 0.98645 0.855613 0.947203 0.798904 0.991559 0.87384 0.994689 0.855613 0.947203 0.87384 0.994689 0.890155 0.942301 0.797168 0.946976 0.865919 0.994156 0.798348 0.99526 0.87384 0.994689 0.798348 0.99526 0.865919 0.994156 0.865919 0.994156 0.797168 0.946976 0.890155 0.942301 0.798904 0.991559 0.855613 0.947203 0.797168 0.946976 0.798904 0.991559 0.797168 0.946976 0.798348 0.99526 0.890155 0.942301 0.87384 0.994689 0.865919 0.994156 0.87384 0.994689 0.798904 0.991559 0.798348 0.99526 0.855613 0.947203 0.890155 0.942301 0.887456 0.913671 0.855613 0.947203 0.887456 0.913671 0.852946 0.920192 0.890155 0.942301 0.797168 0.946976 0.794491 0.919589 0.890155 0.942301 0.794491 0.919589 0.887456 0.913671 0.797052 0.941868 0.890049 0.937194 0.887471 0.914433 0.797052 0.941868 0.887471 0.914433 0.794452 0.917864 0.797168 0.946976 0.855613 0.947203 0.852946 0.920192 0.797168 0.946976 0.852946 0.920192 0.794491 0.919589 0.855503 0.942093 0.797052 0.941868 0.794452 0.917864 0.855503 0.942093 0.794452 0.917864 0.852893 0.917713 0.890049 0.937194 0.855503 0.942093 0.852893 0.917713 0.890049 0.937194 0.852893 0.917713 0.887471 0.914433 0.87895 0.750622 0.833952 0.747692 0.875892 0.750545 0.875892 0.750545 0.833952 0.747692 0.831916 0.785503 0.875892 0.750545 0.831916 0.785503 0.876442 0.750559 0.876164 0.752107 0.876256 0.75211 0.833993 0.785558 0.876164 0.752107 0.833993 0.785558 0.83603 0.747743 0.876442 0.750559 0.831916 0.785503 0.831909 0.761733 0.876442 0.750559 0.831909 0.761733 0.876223 0.750553 0.876195 0.752108 0.878454 0.752165 0.83603 0.747743 0.876195 0.752108 0.83603 0.747743 0.833986 0.761785 0.87895 0.750622 0.876223 0.750553 0.831909 0.761733 0.87895 0.750622 0.831909 0.761733 0.833952 0.747692 0.833993 0.785558 0.876256 0.75211 0.876195 0.752108 0.833993 0.785558 0.876195 0.752108 0.833986 0.761785 0.878454 0.752165 0.876164 0.752107 0.83603 0.747743 0.873965 0.752052 0.878454 0.752165 0.874379 0.752062 0.874418 0.750508 0.87895 0.750622 0.873516 0.750485 0.717928 0.27785 0.72607 0.242178 0.72607 0.242178 0.72607 0.242178 0.717928 0.27785 0.717928 0.27785 0.695115 0.306457 0.717928 0.27785 0.717928 0.27785 0.717928 0.27785 0.695115 0.306457 0.695115 0.306457 0.662148 0.322333 0.695115 0.306457 0.695115 0.306457 0.695115 0.306457 0.662148 0.322333 0.662148 0.322333 0.625558 0.322333 0.662148 0.322333 0.662148 0.322333 0.662148 0.322333 0.625558 0.322333 0.625558 0.322333 0.592592 0.306457 0.625558 0.322333 0.625558 0.322333 0.625558 0.322333 0.592592 0.306457 0.592592 0.306457 0.569779 0.27785 0.592592 0.306457 0.592592 0.306457 0.592592 0.306457 0.569779 0.27785 0.569779 0.27785 0.561637 0.242178 0.569779 0.27785 0.569779 0.27785 0.569779 0.27785 0.561637 0.242178 0.561637 0.242178 0.569779 0.206505 0.561637 0.242178 0.561637 0.242178 0.561637 0.242178 0.569779 0.206505 0.569779 0.206505 0.592592 0.177898 0.569779 0.206505 0.569779 0.206505 0.569779 0.206505 0.592592 0.177898 0.592592 0.177898 0.625558 0.162023 0.592592 0.177898 0.592592 0.177898 0.592592 0.177898 0.625558 0.162023 0.625558 0.162023 0.662148 0.162023 0.625558 0.162023 0.625558 0.162023 0.625558 0.162023 0.662148 0.162023 0.662148 0.162023 0.695115 0.177898 0.662148 0.162023 0.662148 0.162023 0.662148 0.162023 0.695115 0.177898 0.695115 0.177898 0.717928 0.206505 0.695115 0.177898 0.695115 0.177898 0.695115 0.177898 0.717928 0.206505 0.717928 0.206505 0.72607 0.242178 0.717928 0.206505 0.717928 0.206505 0.717928 0.206505 0.72607 0.242178 0.72607 0.242178 0.713552 0.242178 0.706649 0.272419 0.717928 0.27785 0.717928 0.27785 0.72607 0.242178 0.713552 0.242178 0.706649 0.272419 0.687309 0.29667 0.695115 0.306457 0.695115 0.306457 0.717928 0.27785 0.706649 0.272419 0.687309 0.29667 0.659363 0.310129 0.662148 0.322333 0.662148 0.322333 0.695115 0.306457 0.687309 0.29667 0.659363 0.310129 0.628344 0.310129 0.625558 0.322333 0.625558 0.322333 0.662148 0.322333 0.659363 0.310129 0.628344 0.310129 0.600397 0.29667 0.592592 0.306457 0.592592 0.306457 0.625558 0.322333 0.628344 0.310129 0.600397 0.29667 0.581058 0.272419 0.569779 0.27785 0.569779 0.27785 0.592592 0.306457 0.600397 0.29667 0.581058 0.272419 0.574155 0.242178 0.561637 0.242178 0.561637 0.242178 0.569779 0.27785 0.581058 0.272419 0.574155 0.242178 0.581058 0.211937 0.569779 0.206505 0.569779 0.206505 0.561637 0.242178 0.574155 0.242178 0.581058 0.211937 0.600397 0.187686 0.592592 0.177898 0.592592 0.177898 0.569779 0.206505 0.581058 0.211937 0.600397 0.187686 0.628344 0.1742269 0.625558 0.162023 0.625558 0.162023 0.592592 0.177898 0.600397 0.187686 0.628344 0.1742269 0.659363 0.1742269 0.662148 0.162023 0.662148 0.162023 0.625558 0.162023 0.628344 0.1742269 0.659363 0.1742269 0.68731 0.187686 0.695115 0.177898 0.695115 0.177898 0.662148 0.162023 0.659363 0.1742269 0.68731 0.187686 0.706649 0.211937 0.717928 0.206505 0.717928 0.206505 0.695115 0.177898 0.68731 0.187686 0.706649 0.211937 0.713552 0.242178 0.72607 0.242178 0.72607 0.242178 0.717928 0.206505 0.706649 0.211937 0.35635 0.960326 0.34778 0.996324 0.430924 0.997098 0.37969 0.931611 0.35635 0.960326 0.430924 0.997098 0.413178 0.915868 0.37969 0.931611 0.430924 0.997098 0.45018 0.916212 0.413178 0.915868 0.430924 0.997098 0.483368 0.932577 0.45018 0.916212 0.430924 0.997098 0.50617 0.961722 0.483368 0.932577 0.430924 0.997098 0.514067 0.997873 0.50617 0.961722 0.430924 0.997098 0.354838 0.962123 0.346604 0.998199 0.429751 0.998199 0.37791 0.933193 0.354838 0.962123 0.429751 0.998199 0.411249 0.917137 0.37791 0.933193 0.429751 0.998199 0.448253 0.917137 0.411249 0.917137 0.429751 0.998199 0.481592 0.933193 0.448253 0.917137 0.429751 0.998199 0.504664 0.962123 0.481592 0.933193 0.429751 0.998199 0.512898 0.998199 0.504664 0.962123 0.429751 0.998199 0.710437 0.274243 0.717755 0.242178 0.72607 0.242178 0.72607 0.242178 0.717928 0.27785 0.710437 0.274243 0.68993 0.299957 0.710437 0.274243 0.717928 0.27785 0.717928 0.27785 0.695115 0.306457 0.68993 0.299957 0.660298 0.314227 0.68993 0.299957 0.695115 0.306457 0.695115 0.306457 0.662148 0.322333 0.660298 0.314227 0.627409 0.314227 0.660298 0.314227 0.662148 0.322333 0.662148 0.322333 0.625558 0.322333 0.627409 0.314227 0.597776 0.299957 0.627409 0.314227 0.625558 0.322333 0.625558 0.322333 0.592592 0.306457 0.597776 0.299957 0.57727 0.274243 0.597776 0.299957 0.592592 0.306457 0.592592 0.306457 0.569779 0.27785 0.57727 0.274243 0.569952 0.242178 0.57727 0.274243 0.569779 0.27785 0.569779 0.27785 0.561637 0.242178 0.569952 0.242178 0.57727 0.210113 0.569952 0.242178 0.561637 0.242178 0.561637 0.242178 0.569779 0.206505 0.57727 0.210113 0.597776 0.184399 0.57727 0.210113 0.569779 0.206505 0.569779 0.206505 0.592592 0.177898 0.597776 0.184399 0.627409 0.170129 0.597776 0.184399 0.592592 0.177898 0.592592 0.177898 0.625558 0.162023 0.627409 0.170129 0.660298 0.170129 0.627409 0.170129 0.625558 0.162023 0.625558 0.162023 0.662148 0.162023 0.660298 0.170129 0.68993 0.184399 0.660298 0.170129 0.662148 0.162023 0.662148 0.162023 0.695115 0.177898 0.68993 0.184399 0.710437 0.210113 0.68993 0.184399 0.695115 0.177898 0.695115 0.177898 0.717928 0.206505 0.710437 0.210113 0.717755 0.242178 0.710437 0.210113 0.717928 0.206505 0.717928 0.206505 0.72607 0.242178 0.717755 0.242178 0.696785 0.267668 0.702603 0.242178 0.717755 0.242178 0.717755 0.242178 0.710437 0.274243 0.696785 0.267668 0.680483 0.28811 0.696785 0.267668 0.710437 0.274243 0.710437 0.274243 0.68993 0.299957 0.680483 0.28811 0.656926 0.299454 0.680483 0.28811 0.68993 0.299957 0.68993 0.299957 0.660298 0.314227 0.656926 0.299454 0.630781 0.299454 0.656926 0.299454 0.660298 0.314227 0.660298 0.314227 0.627409 0.314227 0.630781 0.299454 0.607224 0.28811 0.630781 0.299454 0.627409 0.314227 0.627409 0.314227 0.597776 0.299957 0.607224 0.28811 0.590922 0.267668 0.607224 0.28811 0.597776 0.299957 0.597776 0.299957 0.57727 0.274243 0.590922 0.267668 0.585104 0.242178 0.590922 0.267668 0.57727 0.274243 0.57727 0.274243 0.569952 0.242178 0.585104 0.242178 0.590922 0.216688 0.585104 0.242178 0.569952 0.242178 0.569952 0.242178 0.57727 0.210113 0.590922 0.216688 0.607224 0.196246 0.590922 0.216688 0.57727 0.210113 0.57727 0.210113 0.597776 0.184399 0.607224 0.196246 0.630781 0.184902 0.607224 0.196246 0.597776 0.184399 0.597776 0.184399 0.627409 0.170129 0.630781 0.184902 0.656926 0.184902 0.630781 0.184902 0.627409 0.170129 0.627409 0.170129 0.660298 0.170129 0.656926 0.184902 0.680483 0.196246 0.656926 0.184902 0.660298 0.170129 0.660298 0.170129 0.68993 0.184399 0.680483 0.196246 0.696785 0.216688 0.680483 0.196246 0.68993 0.184399 0.68993 0.184399 0.710437 0.210113 0.696785 0.216688 0.702603 0.242178 0.696785 0.216688 0.710437 0.210113 0.710437 0.210113 0.717755 0.242178 0.702603 0.242178 0.702603 0.242178 0.696785 0.267668 0.643853 0.242178 0.696785 0.267668 0.680483 0.28811 0.643853 0.242178 0.680483 0.28811 0.656926 0.299454 0.643853 0.242178 0.656926 0.299454 0.630781 0.299454 0.643853 0.242178 0.630781 0.299454 0.607224 0.28811 0.643853 0.242178 0.607224 0.28811 0.590922 0.267668 0.643853 0.242178 0.590922 0.267668 0.585104 0.242178 0.643853 0.242178 0.585104 0.242178 0.590922 0.216688 0.643853 0.242178 0.590922 0.216688 0.607224 0.196246 0.643853 0.242178 0.607224 0.196246 0.630781 0.184902 0.643853 0.242178 0.630781 0.184902 0.656926 0.184902 0.643853 0.242178 0.656926 0.184902 0.680483 0.196246 0.643853 0.242178 0.680483 0.196246 0.696785 0.216688 0.643853 0.242178 0.696785 0.216688 0.702603 0.242178 0.643853 0.242178 0.161987 0.773177 0.162358 0.771511 0.01436495 0.721832 0.106035 0.780976 0.161987 0.773177 0.01436495 0.721832 0.01672297 0.784763 0.106035 0.780976 0.01436495 0.721832 0.863678 0.244588 0.866617 0.188713 0.922222 0.1813099 0.163231 0.71484 0.1073909 0.780517 0.01794397 0.783212 0.01631498 0.828318 0.01794397 0.783212 0.112364 0.843029 0.110977 0.840798 0.08390295 0.851406 0.01385098 0.828851 0.921165 0.120931 0.871258 0.07140398 0.919031 0.07545697 0.115016 0.886143 0.08390295 0.851406 0.110977 0.840798 0.08315896 0.851124 0.01855999 0.870324 0.11477 0.88688 0.87209 0.113067 0.87215 0.07482397 0.919874 0.1186439 0.112364 0.843029 0.01794397 0.783212 0.1073909 0.780517 0.922222 0.1813099 0.866617 0.188713 0.87209 0.113067 0.923595 0.180908 0.920421 0.118257 0.872129 0.113195 0.106035 0.780976 0.01672297 0.784763 0.111833 0.843439 0.920421 0.118257 0.872279 0.074409 0.872129 0.113195 0.872129 0.113195 0.867366 0.1863549 0.923595 0.180908 0.919308 0.07473099 0.870781 0.07184696 0.921876 0.121095 0.11026 0.840665 0.08315896 0.851124 0.11477 0.88688 0.111833 0.843439 0.01672297 0.784763 0.01569896 0.829756 0.01328396 0.828028 0.08315896 0.851124 0.11026 0.840665 0.874359 0.003331959 0.921812 0.01619696 0.920332 0.04954898 0.874359 0.003331959 0.920332 0.04954898 0.871258 0.07140398 0.102058 0.928044 0.114802 0.912083 0.114722 0.945468 0.01900994 0.922868 0.02012795 0.86971 0.115016 0.886143 0.01900994 0.922868 0.115016 0.886143 0.114802 0.912083 0.864282 0.07467198 0.864418 0.101937 0.924695 0.07572495 0.919031 0.07545697 0.871258 0.07140398 0.920332 0.04954898 0.11477 0.88688 0.01855999 0.870324 0.01852399 0.923886 0.01900994 0.922868 0.09439998 0.927846 0.114722 0.945468 0.11477 0.88688 0.01852399 0.923886 0.114879 0.908817 0.09439998 0.927846 0.102058 0.928044 0.114722 0.945468 0.114802 0.912083 0.102058 0.928044 0.09439998 0.927846 0.922222 0.1813099 0.87209 0.113067 0.919874 0.1186439 0.115016 0.886143 0.02012795 0.86971 0.08390295 0.851406 0.08390295 0.851406 0.02012795 0.86971 0.01385098 0.828851 0.08315896 0.851124 0.01328396 0.828028 0.01855999 0.870324 0.114802 0.912083 0.09439998 0.927846 0.01900994 0.922868 0.644769 0.893037 0.792695 0.884615 0.813599 0.841301 0.620383 0.826144 0.64479 0.88986 0.813831 0.838821 0.621633 0.827485 0.815909 0.844528 0.792884 0.887999 0.792924 0.885433 0.644965 0.893245 0.620357 0.825699 0.792695 0.884615 0.837908 0.906318 0.813599 0.841301 0.815909 0.844528 0.837684 0.903503 0.792884 0.887999 0.620384 0.826212 0.620383 0.826144 0.80868 0.833576 0.815909 0.844528 0.621633 0.827485 0.808615 0.839462 0.808426 0.836078 0.621544 0.826039 0.813599 0.841301 0.660962 0.860818 0.66033 0.93934 0.636811 0.874771 0.621752 0.939231 0.636811 0.874771 0.66033 0.93934 0.636811 0.874771 0.621752 0.939231 0.622481 0.866891 0.622784 0.928206 0.622877 0.935363 0.620383 0.826144 0.620383 0.826144 0.620384 0.826212 0.622784 0.928206 0.996772 0.697644 0.939203 0.703671 0.986101 0.609051 0.525807 0.603774 0.626476 0.682441 0.518125 0.698728 0.625021 0.643458 0.621857 0.69056 0.519635 0.698739 0.8655 0.101418 0.880803 0.09489095 0.868679 0.192764 0.900693 0.09478598 0.865421 0.101975 0.869025 0.1940709 0.869025 0.1940709 0.865421 0.101975 0.868737 0.192709 0.868679 0.192764 0.880803 0.09489095 0.927639 0.191071 0.926287 0.100123 0.927639 0.191071 0.880803 0.09489095 0.869025 0.1940709 0.927696 0.190192 0.926191 0.09934097 0.869025 0.1940709 0.926191 0.09934097 0.900693 0.09478598 0.686035 0.346168 0.710624 0.346179 0.676096 0.485697 0.708513 0.346943 0.698574 0.486472 0.524056 0.484768 0.708513 0.346943 0.524056 0.484768 0.561024 0.345196 0.732971 0.641279 0.73181 0.6642 0.70114 0.653302 0.70114 0.653302 0.73181 0.6642 0.754634 0.686158 0.719592 0.641575 0.754747 0.629673 0.732971 0.641279 0.732971 0.641279 0.70114 0.653302 0.719592 0.641575 0.774228 0.483022 0.713649 0.484799 0.73047 0.610813 0.787638 0.609368 0.774228 0.483022 0.73047 0.610813 0.713678 0.484716 0.774815 0.484171 0.730492 0.611925 0.730492 0.611925 0.774815 0.484171 0.787628 0.61124 0.789847 0.611561 0.986101 0.609051 0.939203 0.703671 0.939203 0.703671 0.81669 0.702883 0.789847 0.611561 0.977462 0.483854 0.986141 0.60951 0.787603 0.611909 0.977462 0.483854 0.787603 0.611909 0.77449 0.483888 0.525807 0.603774 0.628388 0.609461 0.626476 0.682441 0.532894 0.483709 0.628388 0.609461 0.525807 0.603774 0.713664 0.486309 0.628388 0.609461 0.532894 0.483709 0.804538 0.665512 0.806729 0.685815 0.73181 0.6642 0.73181 0.6642 0.806729 0.685815 0.754634 0.686158 0.755376 0.68632 0.807222 0.685895 0.805147 0.649686 0.755376 0.68632 0.805147 0.649686 0.754254 0.629804 0.804371 0.660537 0.807833 0.630094 0.755029 0.628641 0.732971 0.641279 0.804538 0.665512 0.73181 0.6642 0.732196 0.65213 0.755522 0.62851 0.808188 0.630034 0.806444 0.631197 0.804538 0.665512 0.732971 0.641279 0.865394 0.09929597 0.86876 0.1952109 0.879744 0.09207296 0.901698 0.09267395 0.868987 0.1967059 0.865476 0.09873896 0.868987 0.1967059 0.8687 0.195266 0.865476 0.09873896 0.86876 0.1952109 0.927718 0.192683 0.879744 0.09207296 0.926167 0.09667295 0.879744 0.09207296 0.927718 0.192683 0.868987 0.1967059 0.926267 0.09745699 0.927658 0.193563 0.868987 0.1967059 0.901698 0.09267395 0.926267 0.09745699 0.732853 0.643242 0.701244 0.655777 0.732126 0.666179 0.701244 0.655777 0.755752 0.686406 0.732126 0.666179 0.720042 0.643188 0.701244 0.655777 0.732853 0.643242 0.732853 0.643242 0.753243 0.629818 0.720042 0.643188 0.803173 0.666303 0.732126 0.666179 0.805534 0.685869 0.732126 0.666179 0.755752 0.686406 0.805534 0.685869 0.754994 0.686244 0.80339 0.648833 0.805041 0.685787 0.754994 0.686244 0.75373 0.629686 0.80339 0.648833 0.802615 0.659685 0.754505 0.628523 0.806492 0.630003 0.732853 0.643242 0.732126 0.666179 0.803173 0.666303 0.732078 0.654093 0.806137 0.630066 0.754018 0.628655 0.804393 0.631228 0.732853 0.643242 0.803173 0.666303 0.73047 0.609455 0.748124 0.700732 0.626476 0.682441 0.625021 0.643458 0.748611 0.699217 0.621857 0.69056 0.792069 0.69655 0.789847 0.611561 0.81669 0.702883 0.54772 0.345955 0.584277 0.344421 0.547309 0.483993 0.688692 0.349612 0.802986 0.354536 0.679783 0.485275 0.679783 0.485275 0.802986 0.354536 0.821029 0.486081 0.816925 0.485666 0.804767 0.35435 0.680439 0.486266 0.680439 0.486266 0.804767 0.35435 0.688406 0.347819 0.944384 0.348536 0.985685 0.357702 0.975644 0.48762 0.817703 0.486153 0.805507 0.356188 0.862507 0.350718 0.713664 0.486309 0.73047 0.609455 0.628388 0.609461 0.628388 0.609461 0.73047 0.609455 0.626476 0.682441 0.519129 0.700528 0.519635 0.698739 0.621857 0.69056 0.621857 0.69056 0.570294 0.699276 0.519129 0.700528 0.687021 0.700978 0.570294 0.699276 0.621857 0.69056 0.687021 0.700978 0.621857 0.69056 0.748611 0.699217 0.748611 0.699217 0.748313 0.699366 0.687021 0.700978 0.862507 0.350718 0.817703 0.486153 0.944384 0.348536 0.975644 0.48762 0.944384 0.348536 0.817703 0.486153 0.644769 0.893037 0.813599 0.841301 0.792695 0.884615 0.620383 0.826144 0.813831 0.838821 0.64479 0.88986 0.621633 0.827485 0.792884 0.887999 0.815909 0.844528 0.792924 0.885433 0.620357 0.825699 0.644965 0.893245 0.792695 0.884615 0.813599 0.841301 0.837908 0.906318 0.815909 0.844528 0.792884 0.887999 0.837684 0.903503 0.620384 0.826212 0.80868 0.833576 0.620383 0.826144 0.815909 0.844528 0.808615 0.839462 0.621633 0.827485 0.808426 0.836078 0.813599 0.841301 0.621544 0.826039 0.660957 0.860776 0.636798 0.874638 0.660299 0.939036 0.622456 0.939768 0.660299 0.939036 0.636798 0.874638 0.636798 0.874638 0.622477 0.866848 0.622456 0.939768 0.622784 0.928206 0.620384 0.826212 0.620383 0.826144 0.620383 0.826144 0.622877 0.935363 0.622784 0.928206 0.853202 0.410144 0.828613 0.410133 0.805448 0.348495 0.853202 0.410144 0.805448 0.348495 0.854257 0.349046 0.686081 0.403626 0.802442 0.410157 0.794931 0.343899 0.686081 0.403626 0.794931 0.343899 0.682292 0.347962 0.800661 0.410343 0.686367 0.405419 0.68501 0.341391 0.800661 0.410343 0.68501 0.341391 0.795252 0.344992 0.98336 0.413509 0.942059 0.404343 0.942179 0.340946 0.98336 0.413509 0.942179 0.340946 0.991551 0.341299 0.828613 0.410133 0.754199 0.408386 0.762948 0.349331 0.828613 0.410133 0.762948 0.349331 0.805448 0.348495 0.860182 0.406525 0.803182 0.411995 0.791391 0.342246 0.860182 0.406525 0.791391 0.342246 0.859941 0.341592 0.754199 0.408386 0.717642 0.40992 0.715996 0.349069 0.754199 0.408386 0.715996 0.349069 0.762948 0.349331 0.860182 0.406525 0.942059 0.404343 0.942179 0.340946 0.860182 0.406525 0.942179 0.340946 0.859941 0.341592 0.500214 0.821586 0.514458 0.819768 0.514428 0.819773 0.500214 0.821586 0.514428 0.819773 0.5005 0.81881 0.500214 0.821586 0.50053 0.818809 0.514458 0.819768 0.514428 0.819773 0.529296 0.817474 0.499815 0.812398 0.499815 0.812398 0.5005 0.81881 0.514428 0.819773 0.514428 0.819773 0.514458 0.819768 0.529325 0.817491 0.529325 0.817491 0.529296 0.817474 0.514428 0.819773 0.514458 0.819768 0.50053 0.818809 0.499833 0.812398 0.499833 0.812398 0.529325 0.817491 0.514458 0.819768 0.499849 0.808194 0.499815 0.812398 0.529296 0.817474 0.529296 0.817474 0.540196 0.819034 0.499849 0.808194 0.529296 0.817474 0.529325 0.817491 0.540239 0.819041 0.540239 0.819041 0.540196 0.819034 0.529296 0.817474 0.529325 0.817491 0.499833 0.812398 0.499867 0.808194 0.499867 0.808194 0.540239 0.819041 0.529325 0.817491 0.499849 0.808194 0.540196 0.819034 0.538439 0.80368 0.538439 0.80368 0.499873 0.800807 0.499849 0.808194 0.504554 0.861858 0.50453 0.861976 0.546223 0.859004 0.546223 0.859004 0.546251 0.858886 0.504554 0.861858 0.499867 0.808194 0.499888 0.800811 0.538483 0.803688 0.538483 0.803688 0.540239 0.819041 0.499867 0.808194 0.499873 0.800807 0.538439 0.80368 0.522687 0.800431 0.522687 0.800431 0.500148 0.796243 0.499873 0.800807 0.538439 0.80368 0.538483 0.803688 0.522756 0.800429 0.522756 0.800429 0.522687 0.800431 0.538439 0.80368 0.499888 0.800811 0.500148 0.796243 0.522756 0.800429 0.522756 0.800429 0.538483 0.803688 0.499888 0.800811 0.522687 0.800431 0.522756 0.800429 0.500148 0.796243 0.5005 0.81881 0.49365 0.821719 0.500214 0.821586 0.49365 0.821719 0.50053 0.818809 0.500214 0.821586 0.49365 0.821719 0.5005 0.81881 0.499815 0.812398 0.499815 0.812398 0.492011 0.81469 0.49365 0.821719 0.492011 0.81469 0.499833 0.812398 0.50053 0.818809 0.50053 0.818809 0.49365 0.821719 0.492011 0.81469 0.492011 0.81469 0.499815 0.812398 0.499849 0.808194 0.499849 0.808194 0.494012 0.80911 0.492011 0.81469 0.494012 0.80911 0.499867 0.808194 0.499833 0.812398 0.499833 0.812398 0.492011 0.81469 0.494012 0.80911 0.494012 0.80911 0.499849 0.808194 0.499873 0.800807 0.499873 0.800807 0.49248 0.80026 0.494012 0.80911 0.49248 0.80026 0.499888 0.800811 0.499867 0.808194 0.499867 0.808194 0.494012 0.80911 0.49248 0.80026 0.49248 0.80026 0.499873 0.800807 0.500148 0.796243 0.499888 0.800811 0.49248 0.80026 0.500148 0.796243 0.521398 0.881643 0.521268 0.881592 0.494335 0.882578 0.494335 0.882578 0.494464 0.882629 0.521398 0.881643 0.521221 0.851922 0.521398 0.881643 0.494464 0.882629 0.494464 0.882629 0.494287 0.852907 0.521221 0.851922 0.521268 0.881592 0.521221 0.851922 0.494287 0.852907 0.494287 0.852907 0.494335 0.882578 0.521268 0.881592 0.603194 0.880715 0.603064 0.880664 0.521268 0.881592 0.521268 0.881592 0.521398 0.881643 0.603194 0.880715 0.605421 0.853766 0.603194 0.880715 0.521398 0.881643 0.521398 0.881643 0.521221 0.851922 0.605421 0.853766 0.603064 0.880664 0.605421 0.853766 0.521221 0.851922 0.521221 0.851922 0.521268 0.881592 0.603064 0.880664 0.649841 0.643321 0.649856 0.643286 0.653767 0.534625 0.653767 0.534625 0.653752 0.534661 0.649841 0.643321 0.658074 0.643547 0.649841 0.643321 0.653752 0.534661 0.653752 0.534661 0.661196 0.535527 0.658074 0.643547 0.649856 0.643286 0.658074 0.643547 0.661196 0.535527 0.661196 0.535527 0.653767 0.534625 0.649856 0.643286 0.494287 0.852907 0.494464 0.882629 0.494335 0.882578 0.649856 0.643286 0.649841 0.643321 0.658074 0.643547 0.267913 0.382258 0.337158 0.352817 0.407591 0.334421 0.365394 0.355142 0.409879 0.333506 0.2450219 0.380123 0.365233 0.410927 0.365394 0.355142 0.2450219 0.380123 0.440689 0.349685 0.409879 0.333506 0.365394 0.355142 0.365394 0.355142 0.4021 0.344043 0.440689 0.349685 0.407591 0.334421 0.440689 0.349685 0.4021 0.344043 0.4021 0.344043 0.354766 0.362978 0.407591 0.334421 0.267913 0.382258 0.407591 0.334421 0.354766 0.362978 0.267913 0.382258 0.354766 0.362978 0.356078 0.423544 0.4021 0.344043 0.365394 0.355142 0.365233 0.410927 0.365233 0.410927 0.391345 0.419816 0.4021 0.344043 0.354766 0.362978 0.4021 0.344043 0.391345 0.419816 0.391345 0.419816 0.356078 0.423544 0.354766 0.362978 0.365233 0.410927 0.369684 0.431072 0.391345 0.419816 0.391345 0.419816 0.369684 0.431072 0.356078 0.423544 0.182587 0.371901 0.115911 0.4031 0.09402799 0.388947 0.112157 0.388908 0.070849 0.397492 0.09402799 0.388947 0.09402799 0.388947 0.115911 0.4031 0.112157 0.388908 0.1144 0.386762 0.09279096 0.387519 0.070849 0.397492 0.070849 0.397492 0.112157 0.388908 0.1144 0.386762 0.09279096 0.387519 0.1144 0.386762 0.153046 0.37086 0.341131 0.351531 0.245276 0.413221 0.248957 0.346902 0.245276 0.413221 0.341131 0.351531 0.337597 0.398948 0.410916 0.339513 0.337597 0.398948 0.341131 0.351531 0.337597 0.398948 0.410916 0.339513 0.43146 0.393229 0.248385 0.346982 0.434133 0.392641 0.413176 0.338884 0.434133 0.392641 0.248385 0.346982 0.244723 0.413302 0.129081 0.38656 0.244723 0.413302 0.156412 0.337701 0.248385 0.346982 0.156412 0.337701 0.244723 0.413302 0.413176 0.338884 0.469111 0.383408 0.442777 0.329105 0.469111 0.383408 0.413176 0.338884 0.434133 0.392641 0.442777 0.329105 0.43146 0.393229 0.410916 0.339513 0.43146 0.393229 0.442777 0.329105 0.469111 0.383408 0.248957 0.346902 0.1890929 0.406249 0.163588 0.33697 0.1890929 0.406249 0.248957 0.346902 0.245276 0.413221 0.163588 0.33697 0.05628299 0.397177 0.07568895 0.347515 0.05628299 0.397177 0.163588 0.33697 0.1890929 0.406249 0.05628299 0.397177 0.019351 0.401578 0.07568895 0.347515 0.05278599 0.353338 0.07568895 0.347515 0.019351 0.401578 0.05475199 0.396047 0.074418 0.346411 0.05278599 0.353338 0.05278599 0.353338 0.019351 0.401578 0.05475199 0.396047 0.129081 0.38656 0.156412 0.337701 0.074418 0.346411 0.074418 0.346411 0.05475199 0.396047 0.129081 0.38656 0.319308 0.444392 0.244252 0.4415 0.245276 0.413221 0.245276 0.413221 0.337597 0.398948 0.319308 0.444392 0.410916 0.339513 0.337597 0.398948 0.319308 0.444392 0.244723 0.413302 0.248385 0.346982 0.1954089 0.436736 0.1954089 0.436736 0.244723 0.413302 0.129081 0.38656 0.244252 0.4415 0.201274 0.435868 0.1890929 0.406249 0.1890929 0.406249 0.245276 0.413221 0.244252 0.4415 0.201274 0.435868 0.1307809 0.430241 0.05628299 0.397177 0.05628299 0.397177 0.1890929 0.406249 0.201274 0.435868 0.05628299 0.397177 0.1307809 0.430241 0.019351 0.401578 0.133473 0.438661 0.019351 0.401578 0.1307809 0.430241 0.05475199 0.396047 0.133473 0.438661 0.129766 0.429163 0.133473 0.438661 0.05475199 0.396047 0.019351 0.401578 0.129081 0.38656 0.129766 0.429163 0.1954089 0.436736 0.129766 0.429163 0.129081 0.38656 0.05475199 0.396047 0.337597 0.398948 0.43146 0.393229 0.327807 0.426158 0.327807 0.426158 0.319308 0.444392 0.337597 0.398948 0.243784 0.441593 0.329661 0.425487 0.434133 0.392641 0.434133 0.392641 0.244723 0.413302 0.243784 0.441593 0.1954089 0.436736 0.243784 0.441593 0.244723 0.413302 0.329661 0.425487 0.353976 0.415171 0.469111 0.383408 0.469111 0.383408 0.434133 0.392641 0.329661 0.425487 0.353976 0.415171 0.327807 0.426158 0.43146 0.393229 0.43146 0.393229 0.469111 0.383408 0.353976 0.415171 0.865108 0.224529 0.865096 0.2492859 0.896207 0.250492 0.896207 0.250492 0.897151 0.226308 0.865108 0.224529 0.867262 0.03570997 0.866642 0.08639097 0.897753 0.08712399 0.897753 0.08712399 0.898372 0.03691595 0.867262 0.03570997 0.867146 0.03339499 0.898219 0.03515899 0.899082 0.004012942 0.867146 0.03339499 0.899082 0.004012942 0.867972 0.003280997 0.866532 0.055821 0.866502 0.09943598 0.897613 0.09911 0.897613 0.09911 0.897643 0.05596798 0.866532 0.055821 0.865913 0.1065019 0.865902 0.208988 0.897013 0.208481 0.897013 0.208481 0.897024 0.106176 0.865913 0.1065019 0.86518 0.208347 0.865192 0.105862 0.89536 0.105616 0.89536 0.105616 0.895349 0.20792 0.86518 0.208347 0.864014 0.201256 0.864044 0.136441 0.894212 0.136669 0.894212 0.136669 0.894182 0.20101 0.864014 0.201256 0.926755 0.04653298 0.926001 0.07403397 0.895748 0.077569 0.926755 0.04653298 0.895748 0.077569 0.896586 0.04732495 0.865634 0.07515597 0.895748 0.077569 0.895147 0.09927898 0.865634 0.07515597 0.895147 0.09927898 0.864979 0.09905195 0.865921 0.08575099 0.86654 0.03506898 0.896708 0.03635495 0.898206 0.2141939 0.897958 0.2484509 0.867791 0.247638 0.864375 0.248645 0.864387 0.223888 0.896202 0.2259539 0.896202 0.2259539 0.894543 0.249932 0.864375 0.248645 0.897151 0.226308 0.896207 0.250492 0.925433 0.249307 0.925433 0.249307 0.925444 0.22455 0.897151 0.226308 0.898372 0.03691595 0.897753 0.08712399 0.926979 0.08641195 0.926979 0.08641195 0.927598 0.03573 0.898372 0.03691595 0.897643 0.05596798 0.898219 0.03515899 0.867146 0.03339499 0.897643 0.05596798 0.867146 0.03339499 0.866532 0.055821 0.898219 0.03515899 0.927462 0.03415995 0.928308 0.003300964 0.898219 0.03515899 0.928308 0.003300964 0.899082 0.004012942 0.897643 0.05596798 0.897613 0.09911 0.926838 0.09945696 0.926838 0.09945696 0.926868 0.05584096 0.897643 0.05596798 0.897024 0.106176 0.897013 0.208481 0.926238 0.209009 0.926238 0.209009 0.92625 0.106523 0.897024 0.106176 0.89536 0.105616 0.925517 0.208368 0.895349 0.20792 0.894182 0.20101 0.894212 0.136669 0.92438 0.136462 0.92438 0.136462 0.92435 0.201277 0.894182 0.20101 0.895748 0.077569 0.926001 0.07403397 0.925315 0.09907299 0.895748 0.077569 0.925315 0.09907299 0.895147 0.09927898 0.897958 0.2484509 0.898206 0.2141939 0.928375 0.2129279 0.928375 0.2129279 0.928127 0.247659 0.897958 0.2484509 0.894543 0.249932 0.896202 0.2259539 0.924723 0.223909 0.924723 0.223909 0.924711 0.248666 0.894543 0.249932 0.865484 0.08390098 0.864699 0.112546 0.864044 0.136441 0.865484 0.08390098 0.864044 0.136441 0.864014 0.201256 0.865192 0.105862 0.86518 0.208347 0.865192 0.105862 0.865781 0.09879601 0.865811 0.05517995 0.866425 0.032754 0.865781 0.09879601 0.866425 0.032754 0.866652 0.04177099 0.865001 0.08666998 0.86562 0.03598797 0.864549 0.03322696 0.864014 0.201256 0.864886 0.13166 0.865484 0.08390098 0.864014 0.201256 0.865484 0.08390098 0.911847 0.085141 0.864014 0.201256 0.864014 0.201256 0.911847 0.085141 0.865484 0.08390098 0.864014 0.201256 0.911847 0.085141 0.866184 0.251216 0.900445 0.251516 0.865113 0.248455 0.917724 0.08441698 0.870278 0.105173 0.917712 0.1091729 0.869358 0.106092 0.916804 0.08533495 0.916793 0.110092 0.867918 0.158632 0.868604 0.133593 0.868512 0.13695 0.868512 0.13695 0.867918 0.158632 0.867888 0.223446 0.868512 0.13695 0.867888 0.223446 0.867918 0.158632 0.867918 0.158632 0.867877 0.248203 0.867888 0.223446 0.92438 0.136462 0.92435 0.201277 0.924339 0.226033 0.925528 0.105883 0.925517 0.208368 0.89536 0.105616 0.924899 0.123047 0.92411 0.162464 0.876096 0.145981 0.867144 0.03528797 0.869824 0.137283 0.924082 0.1468099 0.867359 0.112189 0.869824 0.137283 0.867144 0.03528797 0.876096 0.145981 0.92411 0.162464 0.923628 0.194052 0.876096 0.145981 0.923628 0.194052 0.888654 0.186745 0.869824 0.137283 0.883866 0.186628 0.924082 0.1468099 0.869824 0.137283 0.876096 0.145981 0.888654 0.186745 0.869824 0.137283 0.888654 0.186745 0.883866 0.186628 0.888654 0.186745 0.923628 0.194052 0.892011 0.201018 0.883866 0.186628 0.895699 0.193754 0.901414 0.192681 0.883866 0.186628 0.901414 0.192681 0.924082 0.1468099 0.883866 0.186628 0.888654 0.186745 0.893481 0.203027 0.883866 0.186628 0.893481 0.203027 0.895699 0.193754 0.901414 0.192681 0.892018 0.2004449 0.924082 0.1468099 0.895699 0.193754 0.892018 0.2004449 0.901414 0.192681 0.924082 0.1468099 0.927346 0.04299294 0.884695 0.03249698 0.867144 0.03528797 0.924082 0.1468099 0.884695 0.03249698 0.90957 0.149381 0.868446 0.16344 0.869235 0.124024 0.928763 0.04216694 0.868418 0.147787 0.921471 0.140614 0.876096 0.145981 0.869824 0.137283 0.867359 0.112189 0.928861 0.116672 0.921471 0.140614 0.90957 0.149381 0.90957 0.149381 0.867964 0.195029 0.868446 0.16344 0.90957 0.149381 0.90054 0.189203 0.867964 0.195029 0.921471 0.140614 0.868418 0.147787 0.905526 0.189299 0.921471 0.140614 0.90054 0.189203 0.90957 0.149381 0.921471 0.140614 0.905526 0.189299 0.90054 0.189203 0.90054 0.189203 0.89846 0.200905 0.867964 0.195029 0.905526 0.189299 0.887864 0.19458 0.893403 0.195901 0.905526 0.189299 0.868418 0.147787 0.887864 0.19458 0.905526 0.189299 0.897228 0.202855 0.90054 0.189203 0.905526 0.189299 0.893403 0.195901 0.897228 0.202855 0.887864 0.19458 0.868418 0.147787 0.898467 0.200332 0.893403 0.195901 0.887864 0.19458 0.898467 0.200332 0.868418 0.147787 0.911894 0.03862094 0.871682 0.04396998 0.928763 0.04216694 0.911894 0.03862094 0.868418 0.147787 0.928763 0.04216694 0.921471 0.140614 0.928861 0.116672 0.926868 0.05584096 0.927462 0.03415995 0.898219 0.03515899 0.926868 0.05584096 0.898219 0.03515899 0.897643 0.05596798 0.866652 0.04177099 0.866425 0.032754 0.86725 0.002639949 0.896586 0.04732495 0.895748 0.077569 0.865634 0.07515597 0.896586 0.04732495 0.865634 0.07515597 0.866418 0.04651194 0.868512 0.13695 0.868604 0.133593 0.869358 0.106092 0.869358 0.106092 0.916793 0.110092 0.869358 0.106092 0.869358 0.106092 0.869358 0.106092 0.868512 0.13695</float_array>
          <technique_common>
            <accessor source="#helm_002-mesh-map-0-array" count="1749" stride="2">
              <param name="S" type="float"/>
              <param name="T" type="float"/>
            </accessor>
          </technique_common>
        </source>
        <vertices id="helm_002-mesh-vertices">
          <input semantic="POSITION" source="#helm_002-mesh-positions"/>
        </vertices>
        <triangles material="hoplis_001-material" count="583">
          <input semantic="VERTEX" source="#helm_002-mesh-vertices" offset="0"/>
          <input semantic="NORMAL" source="#helm_002-mesh-normals" offset="1"/>
          <input semantic="TEXCOORD" source="#helm_002-mesh-map-0" offset="2" set="0"/>
          <p>0 0 0 8 0 1 7 0 2 6 1 3 36 1 4 7 1 5 2 2 6 4 2 7 3 2 8 9 3 9 4 3 10 37 3 11 16 4 12 18 4 13 19 4 14 16 5 15 20 5 16 18 5 17 17 6 18 10 6 19 21 6 20 18 7 21 21 7 22 10 7 23 21 8 24 20 8 25 17 8 26 19 9 27 17 9 28 16 9 29 19 10 30 10 10 31 17 10 32 20 11 33 21 11 34 18 11 35 18 12 36 10 12 37 19 12 38 22 13 39 14 13 40 13 13 41 22 14 42 13 14 43 11 14 44 12 15 45 23 15 46 15 15 47 13 16 48 15 16 49 23 16 50 23 17 51 12 17 52 11 17 53 14 18 54 22 18 55 12 18 56 14 19 57 12 19 58 15 19 59 11 20 60 13 20 61 23 20 62 13 21 63 14 21 64 15 21 65 22 22 66 11 22 67 34 22 68 22 23 69 34 23 70 28 23 71 11 24 72 12 24 73 30 24 74 11 25 75 30 25 76 34 25 77 17 26 78 20 26 79 32 26 80 17 27 81 32 27 82 24 27 83 12 28 84 22 28 85 28 28 86 12 29 87 28 29 88 30 29 89 16 30 90 17 30 91 24 30 92 16 31 93 24 31 94 26 31 95 20 32 96 16 32 97 26 32 98 20 33 99 26 33 100 32 33 101 4 34 102 35 34 103 3 34 104 3 35 105 35 35 106 31 35 107 3 36 108 31 36 109 5 36 110 8 37 111 1 37 112 25 37 113 8 38 114 25 38 115 33 38 116 5 39 117 31 39 118 29 39 119 5 40 120 29 40 121 9 40 122 6 41 123 7 41 124 33 41 125 6 42 126 33 42 127 27 42 128 4 43 129 9 43 130 29 43 131 4 44 132 29 44 133 35 44 134 25 45 135 1 45 136 6 45 137 25 46 138 6 46 139 27 46 140 7 47 141 8 47 142 33 47 143 0 48 144 7 48 145 36 48 146 37 3 147 4 3 148 2 3 149 56 49 150 54 49 151 38 49 152 38 50 153 40 50 154 56 50 155 57 51 156 56 51 157 40 51 158 40 52 159 41 52 160 57 52 161 58 53 162 57 53 163 41 53 164 41 54 165 42 54 166 58 54 167 59 55 168 58 55 169 42 55 170 42 56 171 43 56 172 59 56 173 60 57 174 59 57 175 43 57 176 43 58 177 44 58 178 60 58 179 61 59 180 60 59 181 44 59 182 44 60 183 45 60 184 61 60 185 62 61 186 61 61 187 45 61 188 45 62 189 46 62 190 62 62 191 64 63 192 63 63 193 47 63 194 47 64 195 48 64 196 64 64 197 65 65 198 64 65 199 48 65 200 48 66 201 49 66 202 65 66 203 66 67 204 65 67 205 49 67 206 49 68 207 50 68 208 66 68 209 67 69 210 66 69 211 50 69 212 50 70 213 51 70 214 67 70 215 68 71 216 67 71 217 51 71 218 51 72 219 52 72 220 68 72 221 69 73 222 68 73 223 52 73 224 52 74 225 53 74 226 69 74 227 55 75 228 69 75 229 53 75 230 53 76 231 39 76 232 55 76 233 70 77 234 74 77 235 40 77 236 40 78 237 38 78 238 70 78 239 74 79 240 76 79 241 41 79 242 41 80 243 40 80 244 74 80 245 76 81 246 78 81 247 42 81 248 42 82 249 41 82 250 76 82 251 78 83 252 80 83 253 43 83 254 43 84 255 42 84 256 78 84 257 80 85 258 82 85 259 44 85 260 44 86 261 43 86 262 80 86 263 82 87 264 84 87 265 45 87 266 45 88 267 44 88 268 82 88 269 84 89 270 86 89 271 46 89 272 46 90 273 45 90 274 84 90 275 87 91 276 90 91 277 48 91 278 48 92 279 47 92 280 87 92 281 90 93 282 92 93 283 49 93 284 49 94 285 48 94 286 90 94 287 92 95 288 94 95 289 50 95 290 50 96 291 49 96 292 92 96 293 94 97 294 96 97 295 51 97 296 51 98 297 50 98 298 94 98 299 96 99 300 98 99 301 52 99 302 52 100 303 51 100 304 96 100 305 98 101 306 100 101 307 53 101 308 53 102 309 52 102 310 98 102 311 100 103 312 71 103 313 39 103 314 39 104 315 53 104 316 100 104 317 75 105 318 72 105 319 102 105 320 77 106 321 75 106 322 102 106 323 79 107 324 77 107 325 102 107 326 81 108 327 79 108 328 102 108 329 83 109 330 81 109 331 102 109 332 85 110 333 83 110 334 102 110 335 88 111 336 85 111 337 102 111 338 91 112 339 89 112 340 103 112 341 93 113 342 91 113 343 103 113 344 95 114 345 93 114 346 103 114 347 97 115 348 95 115 349 103 115 350 99 116 351 97 116 352 103 116 353 101 117 354 99 117 355 103 117 356 73 118 357 101 118 358 103 118 359 106 119 360 104 119 361 54 119 362 54 120 363 56 120 364 106 120 365 107 121 366 106 121 367 56 121 368 56 122 369 57 122 370 107 122 371 108 123 372 107 123 373 57 123 374 57 124 375 58 124 376 108 124 377 109 125 378 108 125 379 58 125 380 58 126 381 59 126 382 109 126 383 110 127 384 109 127 385 59 127 386 59 128 387 60 128 388 110 128 389 111 129 390 110 129 391 60 129 392 60 130 393 61 130 394 111 130 395 112 131 396 111 131 397 61 131 398 61 132 399 62 132 400 112 132 401 114 133 402 113 133 403 63 133 404 63 134 405 64 134 406 114 134 407 115 135 408 114 135 409 64 135 410 64 136 411 65 136 412 115 136 413 116 137 414 115 137 415 65 137 416 65 138 417 66 138 418 116 138 419 117 139 420 116 139 421 66 139 422 66 140 423 67 140 424 117 140 425 118 141 426 117 141 427 67 141 428 67 142 429 68 142 430 118 142 431 119 143 432 118 143 433 68 143 434 68 144 435 69 144 436 119 144 437 105 145 438 119 145 439 69 145 440 69 146 441 55 146 442 105 146 443 122 147 444 120 147 445 104 147 446 104 148 447 106 148 448 122 148 449 123 149 450 122 149 451 106 149 452 106 150 453 107 150 454 123 150 455 124 151 456 123 151 457 107 151 458 107 152 459 108 152 460 124 152 461 125 153 462 124 153 463 108 153 464 108 154 465 109 154 466 125 154 467 126 155 468 125 155 469 109 155 470 109 156 471 110 156 472 126 156 473 127 157 474 126 157 475 110 157 476 110 158 477 111 158 478 127 158 479 128 159 480 127 159 481 111 159 482 111 160 483 112 160 484 128 160 485 130 161 486 129 161 487 113 161 488 113 162 489 114 162 490 130 162 491 131 163 492 130 163 493 114 163 494 114 164 495 115 164 496 131 164 497 132 165 498 131 165 499 115 165 500 115 166 501 116 166 502 132 166 503 133 167 504 132 167 505 116 167 506 116 168 507 117 168 508 133 168 509 134 169 510 133 169 511 117 169 512 117 170 513 118 170 514 134 170 515 135 171 516 134 171 517 118 171 518 118 172 519 119 172 520 135 172 521 121 173 522 135 173 523 119 173 524 119 174 525 105 174 526 121 174 527 120 175 528 122 175 529 136 175 530 122 176 531 123 176 532 136 176 533 123 177 534 124 177 535 136 177 536 124 178 537 125 178 538 136 178 539 125 179 540 126 179 541 136 179 542 126 180 543 127 180 544 136 180 545 127 181 546 128 181 547 136 181 548 129 182 549 130 182 550 137 182 551 130 183 552 131 183 553 137 183 554 131 184 555 132 184 556 137 184 557 132 185 558 133 185 559 137 185 560 133 186 561 134 186 562 137 186 563 134 187 564 135 187 565 137 187 566 135 188 567 121 188 568 137 188 569 141 189 570 154 189 571 151 189 572 166 190 573 141 190 574 151 190 575 140 191 576 166 191 577 151 191 578 152 192 579 139 192 580 164 192 581 153 193 582 165 193 583 138 193 584 155 194 585 138 194 586 157 194 587 158 195 588 180 195 589 156 195 590 159 196 591 144 196 592 161 196 593 162 197 594 180 197 595 158 197 596 181 198 597 146 198 598 173 198 599 163 199 600 145 199 601 160 199 602 157 200 603 138 200 604 165 200 605 164 201 606 139 201 607 163 201 608 167 202 609 168 202 610 172 202 611 166 203 612 140 203 613 169 203 614 168 204 615 147 204 616 172 204 617 172 205 618 142 205 619 167 205 620 174 206 621 148 206 622 170 206 623 171 207 624 181 207 625 173 207 626 169 208 627 140 208 628 176 208 629 177 209 630 181 209 631 171 209 632 149 210 633 183 210 634 188 210 635 149 211 636 188 211 637 144 211 638 182 212 639 189 212 640 184 212 641 178 213 642 143 213 643 162 213 644 178 214 645 162 214 646 189 214 647 175 215 648 185 215 649 150 215 650 161 216 651 144 216 652 188 216 653 173 217 654 146 217 655 179 217 656 178 218 657 187 218 658 184 218 659 173 219 660 179 219 661 186 219 662 187 220 663 182 220 664 184 220 665 189 221 666 182 221 667 187 221 668 164 222 669 163 222 670 160 222 671 162 223 672 143 223 673 180 223 674 180 224 675 143 224 676 156 224 677 181 225 678 177 225 679 146 225 680 189 226 681 187 226 682 178 226 683 264 227 684 261 227 685 191 227 686 365 228 687 265 228 688 192 228 689 361 229 690 190 229 691 262 229 692 263 230 693 266 230 694 362 230 695 261 231 696 268 231 697 191 231 698 190 232 699 269 232 700 262 232 701 363 233 702 365 233 703 258 233 704 190 234 705 361 234 706 259 234 707 260 235 708 366 235 709 191 235 710 367 236 711 193 236 712 267 236 713 350 237 714 267 237 715 193 237 716 267 238 717 350 238 718 364 238 719 351 239 720 194 239 721 365 239 722 365 240 723 363 240 724 351 240 725 325 241 726 332 241 727 284 241 728 195 242 729 199 242 730 328 242 731 200 243 732 331 243 733 329 243 734 270 244 735 281 244 736 201 244 737 291 245 738 271 245 739 203 245 740 203 246 741 271 246 742 202 246 743 201 247 744 281 247 745 275 247 746 277 248 747 275 248 748 281 248 749 203 249 750 276 249 751 278 249 752 203 250 753 278 250 754 291 250 755 222 251 756 340 251 757 316 251 758 223 252 759 317 252 760 204 252 761 223 253 762 204 253 763 219 253 764 370 254 765 368 254 766 330 254 767 330 255 768 368 255 769 196 255 770 326 256 771 285 256 772 370 256 773 370 257 774 330 257 775 326 257 776 233 258 777 205 258 778 197 258 779 286 259 780 233 259 781 197 259 782 318 260 783 237 260 784 352 260 785 352 261 786 237 261 787 309 261 788 310 262 789 284 262 790 332 262 791 332 263 792 213 263 793 310 263 794 234 264 795 287 264 796 311 264 797 234 265 798 311 265 799 238 265 800 195 266 801 212 266 802 199 266 803 206 267 804 212 267 805 195 267 806 319 268 807 212 268 808 206 268 809 292 269 810 279 269 811 368 269 812 368 270 813 279 270 814 196 270 815 198 271 816 280 271 817 282 271 818 198 272 819 282 272 820 288 272 821 283 273 822 272 273 823 289 273 824 370 274 825 292 274 826 368 274 827 371 275 828 290 275 829 273 275 830 274 276 831 292 276 832 370 276 833 293 277 834 298 277 835 306 277 836 300 278 837 369 278 838 294 278 839 369 279 840 299 279 841 294 279 842 298 280 843 209 280 844 306 280 845 302 281 846 306 281 847 209 281 848 369 282 849 303 282 850 210 282 851 369 283 852 300 283 853 303 283 854 356 284 855 334 284 856 211 284 857 334 285 858 353 285 859 211 285 860 337 286 861 334 286 862 356 286 863 356 287 864 312 287 865 337 287 866 301 288 867 211 288 868 304 288 869 211 289 870 353 289 871 304 289 872 354 290 873 307 290 874 305 290 875 354 291 876 313 291 877 307 291 878 308 292 879 314 292 880 295 292 881 356 293 882 211 293 883 301 293 884 357 294 885 296 294 886 315 294 887 297 295 888 356 295 889 301 295 890 355 296 891 335 296 892 199 296 893 200 297 894 336 297 895 331 297 896 338 298 897 310 298 898 213 298 899 321 299 900 220 299 901 207 299 902 341 300 903 229 300 904 320 300 905 320 301 906 229 301 907 239 301 908 235 302 909 225 302 910 208 302 911 208 303 912 225 303 913 322 303 914 217 304 915 226 304 916 236 304 917 240 305 918 230 305 919 215 305 920 319 306 921 355 306 922 212 306 923 212 307 924 355 307 925 199 307 926 327 308 927 329 308 928 331 308 929 331 309 930 333 309 931 327 309 932 214 310 933 333 310 934 331 310 935 214 311 936 331 311 937 336 311 938 336 312 939 339 312 940 214 312 941 215 313 942 240 313 943 217 313 944 236 314 945 217 314 946 240 314 947 246 315 948 244 315 949 250 315 950 253 316 951 245 316 952 247 316 953 346 317 954 251 317 955 358 317 956 252 318 957 347 318 958 248 318 959 250 319 960 244 319 961 344 319 962 358 320 963 251 320 964 345 320 965 348 321 966 241 321 967 253 321 968 358 322 969 242 322 970 346 322 971 243 323 972 244 323 973 254 323 974 255 324 975 249 324 976 256 324 977 359 325 978 256 325 979 249 325 980 249 326 981 349 326 982 359 326 983 360 327 984 348 327 985 253 327 986 253 328 987 257 328 988 360 328 989 342 329 990 224 329 991 375 329 992 342 330 993 375 330 994 382 330 995 323 331 996 227 331 997 376 331 998 323 332 999 376 332 1000 380 332 1001 231 333 1002 343 333 1003 383 333 1004 231 334 1005 383 334 1006 378 334 1007 228 335 1008 218 335 1009 373 335 1010 228 336 1011 373 336 1012 377 336 1013 224 337 1014 221 337 1015 374 337 1016 224 338 1017 374 338 1018 375 338 1019 216 339 1020 232 339 1021 379 339 1022 216 340 1023 379 340 1024 372 340 1025 221 341 1026 324 341 1027 381 341 1028 221 342 1029 381 342 1030 374 342 1031 216 343 1032 218 343 1033 373 343 1034 216 344 1035 373 344 1036 372 344 1037 384 345 1038 387 345 1039 386 345 1040 384 346 1041 386 346 1042 404 346 1043 384 347 1044 405 347 1045 387 347 1046 386 348 1047 389 348 1048 406 348 1049 406 349 1050 404 349 1051 386 349 1052 386 350 1053 387 350 1054 390 350 1055 390 351 1056 389 351 1057 386 351 1058 387 352 1059 405 352 1060 407 352 1061 407 353 1062 390 353 1063 387 353 1064 408 354 1065 406 354 1066 389 354 1067 389 355 1068 392 355 1069 408 355 1070 389 356 1071 390 356 1072 394 356 1073 394 357 1074 392 357 1075 389 357 1076 390 358 1077 407 358 1078 409 358 1079 409 359 1080 394 359 1081 390 359 1082 408 360 1083 392 360 1084 397 360 1085 397 361 1086 410 361 1087 408 361 1088 393 362 1089 395 362 1090 399 362 1091 399 363 1092 398 363 1093 393 363 1094 409 364 1095 411 364 1096 400 364 1097 400 365 1098 394 365 1099 409 365 1100 410 366 1101 397 366 1102 402 366 1103 402 367 1104 401 367 1105 410 367 1106 397 368 1107 400 368 1108 403 368 1109 403 369 1110 402 369 1111 397 369 1112 411 370 1113 401 370 1114 403 370 1115 403 371 1116 400 371 1117 411 371 1118 402 372 1119 403 372 1120 401 372 1121 404 373 1122 385 373 1123 384 373 1124 385 374 1125 405 374 1126 384 374 1127 385 375 1128 404 375 1129 406 375 1130 406 376 1131 388 376 1132 385 376 1133 388 377 1134 407 377 1135 405 377 1136 405 378 1137 385 378 1138 388 378 1139 388 379 1140 406 379 1141 408 379 1142 408 380 1143 391 380 1144 388 380 1145 391 381 1146 409 381 1147 407 381 1148 407 382 1149 388 382 1150 391 382 1151 391 383 1152 408 383 1153 410 383 1154 410 384 1155 396 384 1156 391 384 1157 396 385 1158 411 385 1159 409 385 1160 409 386 1161 391 386 1162 396 386 1163 396 387 1164 410 387 1165 401 387 1166 411 388 1167 396 388 1168 401 388 1169 416 389 1170 415 389 1171 412 389 1172 412 390 1173 413 390 1174 416 390 1175 417 391 1176 416 391 1177 413 391 1178 413 392 1179 414 392 1180 417 392 1181 415 393 1182 417 393 1183 414 393 1184 414 394 1185 412 394 1186 415 394 1187 420 395 1188 418 395 1189 415 395 1190 415 396 1191 416 396 1192 420 396 1193 422 397 1194 420 397 1195 416 397 1196 416 398 1197 417 398 1198 422 398 1199 418 399 1200 422 399 1201 417 399 1202 417 400 1203 415 400 1204 418 400 1205 425 401 1206 424 401 1207 419 401 1208 419 402 1209 421 402 1210 425 402 1211 426 403 1212 425 403 1213 421 403 1214 421 404 1215 423 404 1216 426 404 1217 424 405 1218 426 405 1219 423 405 1220 423 406 1221 419 406 1222 424 406 1223 414 407 1224 413 407 1225 412 407 1226 424 408 1227 425 408 1228 426 408 1229 433 409 1230 427 409 1231 432 409 1232 434 410 1233 430 410 1234 431 410 1235 440 411 1236 434 411 1237 431 411 1238 429 412 1239 430 412 1240 434 412 1241 434 413 1242 435 413 1243 429 413 1244 432 414 1245 429 414 1246 435 414 1247 435 415 1248 436 415 1249 432 415 1250 433 416 1251 432 416 1252 436 416 1253 433 417 1254 436 417 1255 442 417 1256 435 418 1257 434 418 1258 440 418 1259 440 419 1260 441 419 1261 435 419 1262 436 420 1263 435 420 1264 441 420 1265 441 421 1266 442 421 1267 436 421 1268 440 422 1269 428 422 1270 441 422 1271 441 423 1272 428 423 1273 442 423 1274 443 424 1275 439 424 1276 444 424 1277 438 425 1278 445 425 1279 444 425 1280 444 426 1281 439 426 1282 438 426 1283 437 427 1284 446 427 1285 445 427 1286 445 428 1287 438 428 1288 437 428 1289 446 429 1290 437 429 1291 447 429 1292 448 430 1293 458 430 1294 453 430 1295 458 431 1296 448 431 1297 459 431 1298 452 432 1299 459 432 1300 448 432 1301 459 433 1302 452 433 1303 460 433 1304 451 434 1305 461 434 1306 450 434 1307 461 435 1308 451 435 1309 462 435 1310 463 436 1311 462 436 1312 454 436 1313 451 437 1314 454 437 1315 462 437 1316 450 438 1317 464 438 1318 449 438 1319 464 439 1320 450 439 1321 461 439 1322 449 440 1323 460 440 1324 452 440 1325 460 441 1326 449 441 1327 464 441 1328 453 442 1329 465 442 1330 455 442 1331 465 443 1332 453 443 1333 458 443 1334 455 444 1335 466 444 1336 480 444 1337 466 445 1338 455 445 1339 465 445 1340 466 446 1341 467 446 1342 480 446 1343 456 447 1344 480 447 1345 467 447 1346 468 448 1347 457 448 1348 456 448 1349 456 449 1350 467 449 1351 468 449 1352 463 450 1353 454 450 1354 457 450 1355 457 451 1356 468 451 1357 463 451 1358 469 452 1359 470 452 1360 458 452 1361 458 453 1362 459 453 1363 469 453 1364 452 454 1365 459 454 1366 469 454 1367 462 455 1368 451 455 1369 471 455 1370 471 456 1371 462 456 1372 463 456 1373 470 457 1374 472 457 1375 465 457 1376 465 458 1377 458 458 1378 470 458 1379 472 459 1380 473 459 1381 466 459 1382 466 460 1383 465 460 1384 472 460 1385 466 461 1386 473 461 1387 467 461 1388 474 462 1389 467 462 1390 473 462 1391 468 463 1392 474 463 1393 475 463 1394 474 464 1395 468 464 1396 467 464 1397 463 465 1398 475 465 1399 471 465 1400 475 466 1401 463 466 1402 468 466 1403 459 467 1404 460 467 1405 479 467 1406 479 468 1407 469 468 1408 459 468 1409 478 469 1410 477 469 1411 461 469 1412 461 470 1413 462 470 1414 478 470 1415 471 471 1416 478 471 1417 462 471 1418 477 472 1419 476 472 1420 464 472 1421 464 473 1422 461 473 1423 477 473 1424 476 474 1425 479 474 1426 460 474 1427 460 475 1428 464 475 1429 476 475 1430 481 476 1431 486 476 1432 517 476 1433 517 477 1434 515 477 1435 481 477 1436 487 478 1437 489 478 1438 519 478 1439 519 479 1440 518 479 1441 487 479 1442 598 480 1443 597 480 1444 520 480 1445 598 481 1446 520 481 1447 490 481 1448 494 482 1449 496 482 1450 522 482 1451 522 483 1452 521 483 1453 494 483 1454 497 484 1455 501 484 1456 524 484 1457 524 485 1458 523 485 1459 497 485 1460 502 486 1461 503 486 1462 526 486 1463 526 487 1464 525 487 1465 502 487 1466 504 488 1467 505 488 1468 528 488 1469 528 489 1470 527 489 1471 504 489 1472 561 490 1473 607 490 1474 604 490 1475 561 491 1476 604 491 1477 530 491 1478 605 492 1479 604 492 1480 529 492 1481 605 493 1482 529 493 1483 506 493 1484 507 494 1485 512 494 1486 532 494 1487 533 495 1488 531 495 1489 508 495 1490 513 496 1491 482 496 1492 516 496 1493 516 497 1494 534 497 1495 513 497 1496 515 498 1497 517 498 1498 539 498 1499 539 499 1500 535 499 1501 515 499 1502 518 500 1503 519 500 1504 542 500 1505 542 501 1506 540 501 1507 518 501 1508 521 502 1509 597 502 1510 598 502 1511 521 503 1512 598 503 1513 494 503 1514 597 504 1515 600 504 1516 543 504 1517 597 505 1518 543 505 1519 520 505 1520 521 506 1521 522 506 1522 548 506 1523 548 507 1524 545 507 1525 521 507 1526 523 508 1527 524 508 1528 551 508 1529 551 509 1530 549 509 1531 523 509 1532 526 510 1533 552 510 1534 525 510 1535 527 511 1536 528 511 1537 558 511 1538 558 512 1539 555 512 1540 527 512 1541 604 513 1542 607 513 1543 559 513 1544 604 514 1545 559 514 1546 529 514 1547 531 515 1548 533 515 1549 565 515 1550 565 516 1551 562 516 1552 531 516 1553 534 517 1554 516 517 1555 536 517 1556 536 518 1557 566 518 1558 534 518 1559 509 519 1560 606 519 1561 505 519 1562 509 520 1563 505 520 1564 504 520 1565 503 521 1566 502 521 1567 498 521 1568 499 522 1569 495 522 1570 599 522 1571 499 523 1572 599 523 1573 602 523 1574 491 524 1575 488 524 1576 483 524 1577 500 525 1578 603 525 1579 492 525 1580 500 526 1581 492 526 1582 484 526 1583 504 527 1584 500 527 1585 484 527 1586 509 528 1587 504 528 1588 484 528 1589 514 529 1590 510 529 1591 485 529 1592 537 530 1593 563 530 1594 567 530 1595 564 531 1596 538 531 1597 541 531 1598 560 532 1599 608 532 1600 601 532 1601 601 533 1602 546 533 1603 556 533 1604 601 534 1605 556 534 1606 560 534 1607 546 535 1608 553 535 1609 556 535 1610 547 536 1611 550 536 1612 554 536 1613 557 537 1614 552 537 1615 526 537 1616 568 538 1617 570 538 1618 572 538 1619 590 539 1620 575 539 1621 573 539 1622 589 540 1623 575 540 1624 590 540 1625 572 541 1626 570 541 1627 576 541 1628 572 542 1629 576 542 1630 578 542 1631 575 543 1632 579 543 1633 573 543 1634 575 544 1635 572 544 1636 578 544 1637 575 545 1638 578 545 1639 579 545 1640 578 546 1641 576 546 1642 580 546 1643 579 547 1644 582 547 1645 581 547 1646 579 548 1647 581 548 1648 573 548 1649 579 549 1650 578 549 1651 580 549 1652 579 550 1653 580 550 1654 582 550 1655 581 551 1656 580 551 1657 573 551 1658 582 552 1659 580 552 1660 581 552 1661 573 553 1662 594 553 1663 593 553 1664 590 554 1665 573 554 1666 593 554 1667 583 555 1668 571 555 1669 569 555 1670 591 556 1671 574 556 1672 584 556 1673 572 557 1674 575 557 1675 589 557 1676 592 558 1677 584 558 1678 583 558 1679 583 559 1680 577 559 1681 571 559 1682 583 560 1683 585 560 1684 577 560 1685 584 561 1686 574 561 1687 586 561 1688 584 562 1689 585 562 1690 583 562 1691 584 563 1692 586 563 1693 585 563 1694 585 564 1695 580 564 1696 577 564 1697 586 565 1698 587 565 1699 588 565 1700 586 566 1701 574 566 1702 587 566 1703 586 567 1704 580 567 1705 585 567 1706 586 568 1707 588 568 1708 580 568 1709 587 569 1710 574 569 1711 580 569 1712 588 570 1713 587 570 1714 580 570 1715 574 571 1716 596 571 1717 595 571 1718 591 572 1719 596 572 1720 574 572 1721 591 573 1722 584 573 1723 592 573 1724 545 574 1725 600 574 1726 597 574 1727 545 575 1728 597 575 1729 521 575 1730 602 576 1731 599 576 1732 493 576 1733 530 577 1734 604 577 1735 605 577 1736 530 578 1737 605 578 1738 511 578 1739 601 579 1740 608 579 1741 564 579 1742 564 580 1743 541 580 1744 544 580 1745 564 581 1746 544 581 1747 601 581 1748</p>
        </triangles>
      </mesh>
    </geometry>
  </library_geometries>
  <library_animations>
    <animation id="machairophoros_sele2_Skin_root_pose_matrix">
      <source id="machairophoros_sele2_Skin_root_pose_matrix-input">
        <float_array id="machairophoros_sele2_Skin_root_pose_matrix-input-array" count="1">0.04166662</float_array>
        <technique_common>
          <accessor source="#machairophoros_sele2_Skin_root_pose_matrix-input-array" count="1" stride="1">
            <param name="TIME" type="float"/>
          </accessor>
        </technique_common>
      </source>
      <source id="machairophoros_sele2_Skin_root_pose_matrix-output">
        <float_array id="machairophoros_sele2_Skin_root_pose_matrix-output-array" count="16">1 5.49894e-16 2.62398e-8 0 2.62398e-8 -1.34359e-7 -1 -1.01207e-7 2.97565e-15 1 -1.19209e-7 2.154822 0 0 0 1</float_array>
        <technique_common>
          <accessor source="#machairophoros_sele2_Skin_root_pose_matrix-output-array" count="1" stride="16">
            <param name="TRANSFORM" type="float4x4"/>
          </accessor>
        </technique_common>
      </source>
      <source id="machairophoros_sele2_Skin_root_pose_matrix-interpolation">
        <Name_array id="machairophoros_sele2_Skin_root_pose_matrix-interpolation-array" count="1">LINEAR</Name_array>
        <technique_common>
          <accessor source="#machairophoros_sele2_Skin_root_pose_matrix-interpolation-array" count="1" stride="1">
            <param name="INTERPOLATION" type="name"/>
          </accessor>
        </technique_common>
      </source>
      <sampler id="machairophoros_sele2_Skin_root_pose_matrix-sampler">
        <input semantic="INPUT" source="#machairophoros_sele2_Skin_root_pose_matrix-input"/>
        <input semantic="OUTPUT" source="#machairophoros_sele2_Skin_root_pose_matrix-output"/>
        <input semantic="INTERPOLATION" source="#machairophoros_sele2_Skin_root_pose_matrix-interpolation"/>
      </sampler>
      <channel source="#machairophoros_sele2_Skin_root_pose_matrix-sampler" target="machairophoros_sele2_Skin_root/transform"/>
    </animation>
    <animation id="machairophoros_sele2_Skin_pelvis_pose_matrix">
      <source id="machairophoros_sele2_Skin_pelvis_pose_matrix-input">
        <float_array id="machairophoros_sele2_Skin_pelvis_pose_matrix-input-array" count="1">0.04166662</float_array>
        <technique_common>
          <accessor source="#machairophoros_sele2_Skin_pelvis_pose_matrix-input-array" count="1" stride="1">
            <param name="TIME" type="float"/>
          </accessor>
        </technique_common>
      </source>
      <source id="machairophoros_sele2_Skin_pelvis_pose_matrix-output">
        <float_array id="machairophoros_sele2_Skin_pelvis_pose_matrix-output-array" count="16">1 0 9.28837e-9 2.88204e-4 -3.46018e-16 1 3.72528e-8 -0.1648533 -9.28837e-9 -3.72528e-8 1 -0.05965076 0 0 0 1</float_array>
        <technique_common>
          <accessor source="#machairophoros_sele2_Skin_pelvis_pose_matrix-output-array" count="1" stride="16">
            <param name="TRANSFORM" type="float4x4"/>
          </accessor>
        </technique_common>
      </source>
      <source id="machairophoros_sele2_Skin_pelvis_pose_matrix-interpolation">
        <Name_array id="machairophoros_sele2_Skin_pelvis_pose_matrix-interpolation-array" count="1">LINEAR</Name_array>
        <technique_common>
          <accessor source="#machairophoros_sele2_Skin_pelvis_pose_matrix-interpolation-array" count="1" stride="1">
            <param name="INTERPOLATION" type="name"/>
          </accessor>
        </technique_common>
      </source>
      <sampler id="machairophoros_sele2_Skin_pelvis_pose_matrix-sampler">
        <input semantic="INPUT" source="#machairophoros_sele2_Skin_pelvis_pose_matrix-input"/>
        <input semantic="OUTPUT" source="#machairophoros_sele2_Skin_pelvis_pose_matrix-output"/>
        <input semantic="INTERPOLATION" source="#machairophoros_sele2_Skin_pelvis_pose_matrix-interpolation"/>
      </sampler>
      <channel source="#machairophoros_sele2_Skin_pelvis_pose_matrix-sampler" target="machairophoros_sele2_Skin_pelvis/transform"/>
    </animation>
    <animation id="machairophoros_sele2_Skin_femurleft_pose_matrix">
      <source id="machairophoros_sele2_Skin_femurleft_pose_matrix-input">
        <float_array id="machairophoros_sele2_Skin_femurleft_pose_matrix-input-array" count="1">0.04166662</float_array>
        <technique_common>
          <accessor source="#machairophoros_sele2_Skin_femurleft_pose_matrix-input-array" count="1" stride="1">
            <param name="TIME" type="float"/>
          </accessor>
        </technique_common>
      </source>
      <source id="machairophoros_sele2_Skin_femurleft_pose_matrix-output">
        <float_array id="machairophoros_sele2_Skin_femurleft_pose_matrix-output-array" count="16">1 -3.87761e-15 5.08076e-9 0.2292777 0 1 -3.72529e-8 -0.0098176 -5.08076e-9 3.75012e-8 1 0.05965088 0 0 0 1</float_array>
        <technique_common>
          <accessor source="#machairophoros_sele2_Skin_femurleft_pose_matrix-output-array" count="1" stride="16">
            <param name="TRANSFORM" type="float4x4"/>
          </accessor>
        </technique_common>
      </source>
      <source id="machairophoros_sele2_Skin_femurleft_pose_matrix-interpolation">
        <Name_array id="machairophoros_sele2_Skin_femurleft_pose_matrix-interpolation-array" count="1">LINEAR</Name_array>
        <technique_common>
          <accessor source="#machairophoros_sele2_Skin_femurleft_pose_matrix-interpolation-array" count="1" stride="1">
            <param name="INTERPOLATION" type="name"/>
          </accessor>
        </technique_common>
      </source>
      <sampler id="machairophoros_sele2_Skin_femurleft_pose_matrix-sampler">
        <input semantic="INPUT" source="#machairophoros_sele2_Skin_femurleft_pose_matrix-input"/>
        <input semantic="OUTPUT" source="#machairophoros_sele2_Skin_femurleft_pose_matrix-output"/>
        <input semantic="INTERPOLATION" source="#machairophoros_sele2_Skin_femurleft_pose_matrix-interpolation"/>
      </sampler>
      <channel source="#machairophoros_sele2_Skin_femurleft_pose_matrix-sampler" target="machairophoros_sele2_Skin_femurleft/transform"/>
    </animation>
    <animation id="machairophoros_sele2_Skin_butt-l_pose_matrix">
      <source id="machairophoros_sele2_Skin_butt-l_pose_matrix-input">
        <float_array id="machairophoros_sele2_Skin_butt-l_pose_matrix-input-array" count="1">0.04166662</float_array>
        <technique_common>
          <accessor source="#machairophoros_sele2_Skin_butt-l_pose_matrix-input-array" count="1" stride="1">
            <param name="TIME" type="float"/>
          </accessor>
        </technique_common>
      </source>
      <source id="machairophoros_sele2_Skin_butt-l_pose_matrix-output">
        <float_array id="machairophoros_sele2_Skin_butt-l_pose_matrix-output-array" count="16">1 -4.56025e-15 4.2319e-9 4.67554e-4 6.30602e-16 1 -1.49012e-7 -0.098526 -4.2319e-9 1.49012e-7 1 -0.2278655 0 0 0 1</float_array>
        <technique_common>
          <accessor source="#machairophoros_sele2_Skin_butt-l_pose_matrix-output-array" count="1" stride="16">
            <param name="TRANSFORM" type="float4x4"/>
          </accessor>
        </technique_common>
      </source>
      <source id="machairophoros_sele2_Skin_butt-l_pose_matrix-interpolation">
        <Name_array id="machairophoros_sele2_Skin_butt-l_pose_matrix-interpolation-array" count="1">LINEAR</Name_array>
        <technique_common>
          <accessor source="#machairophoros_sele2_Skin_butt-l_pose_matrix-interpolation-array" count="1" stride="1">
            <param name="INTERPOLATION" type="name"/>
          </accessor>
        </technique_common>
      </source>
      <sampler id="machairophoros_sele2_Skin_butt-l_pose_matrix-sampler">
        <input semantic="INPUT" source="#machairophoros_sele2_Skin_butt-l_pose_matrix-input"/>
        <input semantic="OUTPUT" source="#machairophoros_sele2_Skin_butt-l_pose_matrix-output"/>
        <input semantic="INTERPOLATION" source="#machairophoros_sele2_Skin_butt-l_pose_matrix-interpolation"/>
      </sampler>
      <channel source="#machairophoros_sele2_Skin_butt-l_pose_matrix-sampler" target="machairophoros_sele2_Skin_butt-l/transform"/>
    </animation>
    <animation id="machairophoros_sele2_Skin_knee-l-top_pose_matrix">
      <source id="machairophoros_sele2_Skin_knee-l-top_pose_matrix-input">
        <float_array id="machairophoros_sele2_Skin_knee-l-top_pose_matrix-input-array" count="1">0.04166662</float_array>
        <technique_common>
          <accessor source="#machairophoros_sele2_Skin_knee-l-top_pose_matrix-input-array" count="1" stride="1">
            <param name="TIME" type="float"/>
          </accessor>
        </technique_common>
      </source>
      <source id="machairophoros_sele2_Skin_knee-l-top_pose_matrix-output">
        <float_array id="machairophoros_sele2_Skin_knee-l-top_pose_matrix-output-array" count="16">1 -4.56025e-15 7.79386e-9 0.02838683 -4.6455e-15 1 5.96047e-7 -0.4877242 -7.79386e-9 -5.96047e-7 1 0.3577119 0 0 0 1</float_array>
        <technique_common>
          <accessor source="#machairophoros_sele2_Skin_knee-l-top_pose_matrix-output-array" count="1" stride="16">
            <param name="TRANSFORM" type="float4x4"/>
          </accessor>
        </technique_common>
      </source>
      <source id="machairophoros_sele2_Skin_knee-l-top_pose_matrix-interpolation">
        <Name_array id="machairophoros_sele2_Skin_knee-l-top_pose_matrix-interpolation-array" count="1">LINEAR</Name_array>
        <technique_common>
          <accessor source="#machairophoros_sele2_Skin_knee-l-top_pose_matrix-interpolation-array" count="1" stride="1">
            <param name="INTERPOLATION" type="name"/>
          </accessor>
        </technique_common>
      </source>
      <sampler id="machairophoros_sele2_Skin_knee-l-top_pose_matrix-sampler">
        <input semantic="INPUT" source="#machairophoros_sele2_Skin_knee-l-top_pose_matrix-input"/>
        <input semantic="OUTPUT" source="#machairophoros_sele2_Skin_knee-l-top_pose_matrix-output"/>
        <input semantic="INTERPOLATION" source="#machairophoros_sele2_Skin_knee-l-top_pose_matrix-interpolation"/>
      </sampler>
      <channel source="#machairophoros_sele2_Skin_knee-l-top_pose_matrix-sampler" target="machairophoros_sele2_Skin_knee-l-top/transform"/>
    </animation>
    <animation id="machairophoros_sele2_Skin_knee-l-bopttom_pose_matrix">
      <source id="machairophoros_sele2_Skin_knee-l-bopttom_pose_matrix-input">
        <float_array id="machairophoros_sele2_Skin_knee-l-bopttom_pose_matrix-input-array" count="1">0.04166662</float_array>
        <technique_common>
          <accessor source="#machairophoros_sele2_Skin_knee-l-bopttom_pose_matrix-input-array" count="1" stride="1">
            <param name="TIME" type="float"/>
          </accessor>
        </technique_common>
      </source>
      <source id="machairophoros_sele2_Skin_knee-l-bopttom_pose_matrix-output">
        <float_array id="machairophoros_sele2_Skin_knee-l-bopttom_pose_matrix-output-array" count="16">1 -4.56025e-15 3.00215e-8 0.03209621 5.59194e-15 1 -1.86264e-7 -0.736926 -3.00215e-8 1.86264e-7 1 -0.03760032 0 0 0 1</float_array>
        <technique_common>
          <accessor source="#machairophoros_sele2_Skin_knee-l-bopttom_pose_matrix-output-array" count="1" stride="16">
            <param name="TRANSFORM" type="float4x4"/>
          </accessor>
        </technique_common>
      </source>
      <source id="machairophoros_sele2_Skin_knee-l-bopttom_pose_matrix-interpolation">
        <Name_array id="machairophoros_sele2_Skin_knee-l-bopttom_pose_matrix-interpolation-array" count="1">LINEAR</Name_array>
        <technique_common>
          <accessor source="#machairophoros_sele2_Skin_knee-l-bopttom_pose_matrix-interpolation-array" count="1" stride="1">
            <param name="INTERPOLATION" type="name"/>
          </accessor>
        </technique_common>
      </source>
      <sampler id="machairophoros_sele2_Skin_knee-l-bopttom_pose_matrix-sampler">
        <input semantic="INPUT" source="#machairophoros_sele2_Skin_knee-l-bopttom_pose_matrix-input"/>
        <input semantic="OUTPUT" source="#machairophoros_sele2_Skin_knee-l-bopttom_pose_matrix-output"/>
        <input semantic="INTERPOLATION" source="#machairophoros_sele2_Skin_knee-l-bopttom_pose_matrix-interpolation"/>
      </sampler>
      <channel source="#machairophoros_sele2_Skin_knee-l-bopttom_pose_matrix-sampler" target="machairophoros_sele2_Skin_knee-l-bopttom/transform"/>
    </animation>
    <animation id="machairophoros_sele2_Skin_ankle_left_pose_matrix">
      <source id="machairophoros_sele2_Skin_ankle_left_pose_matrix-input">
        <float_array id="machairophoros_sele2_Skin_ankle_left_pose_matrix-input-array" count="1">0.04166662</float_array>
        <technique_common>
          <accessor source="#machairophoros_sele2_Skin_ankle_left_pose_matrix-input-array" count="1" stride="1">
            <param name="TIME" type="float"/>
          </accessor>
        </technique_common>
      </source>
      <source id="machairophoros_sele2_Skin_ankle_left_pose_matrix-output">
        <float_array id="machairophoros_sele2_Skin_ankle_left_pose_matrix-output-array" count="16">1 -5.11041e-8 8.89747e-7 0.008728117 2.95466e-7 -0.9295399 -0.3687219 -1.121673 8.45897e-7 0.3687219 -0.9295423 -0.06275661 0 0 0 1</float_array>
        <technique_common>
          <accessor source="#machairophoros_sele2_Skin_ankle_left_pose_matrix-output-array" count="1" stride="16">
            <param name="TRANSFORM" type="float4x4"/>
          </accessor>
        </technique_common>
      </source>
      <source id="machairophoros_sele2_Skin_ankle_left_pose_matrix-interpolation">
        <Name_array id="machairophoros_sele2_Skin_ankle_left_pose_matrix-interpolation-array" count="1">LINEAR</Name_array>
        <technique_common>
          <accessor source="#machairophoros_sele2_Skin_ankle_left_pose_matrix-interpolation-array" count="1" stride="1">
            <param name="INTERPOLATION" type="name"/>
          </accessor>
        </technique_common>
      </source>
      <sampler id="machairophoros_sele2_Skin_ankle_left_pose_matrix-sampler">
        <input semantic="INPUT" source="#machairophoros_sele2_Skin_ankle_left_pose_matrix-input"/>
        <input semantic="OUTPUT" source="#machairophoros_sele2_Skin_ankle_left_pose_matrix-output"/>
        <input semantic="INTERPOLATION" source="#machairophoros_sele2_Skin_ankle_left_pose_matrix-interpolation"/>
      </sampler>
      <channel source="#machairophoros_sele2_Skin_ankle_left_pose_matrix-sampler" target="machairophoros_sele2_Skin_ankle_left/transform"/>
    </animation>
    <animation id="machairophoros_sele2_Skin_foot_left01_pose_matrix">
      <source id="machairophoros_sele2_Skin_foot_left01_pose_matrix-input">
        <float_array id="machairophoros_sele2_Skin_foot_left01_pose_matrix-input-array" count="1">0.04166662</float_array>
        <technique_common>
          <accessor source="#machairophoros_sele2_Skin_foot_left01_pose_matrix-input-array" count="1" stride="1">
            <param name="TIME" type="float"/>
          </accessor>
        </technique_common>
      </source>
      <source id="machairophoros_sele2_Skin_foot_left01_pose_matrix-output">
        <float_array id="machairophoros_sele2_Skin_foot_left01_pose_matrix-output-array" count="16">1 7.68619e-7 2.72813e-5 2.68221e-7 -2.54319e-5 0.3889674 0.9212515 0.2168389 -9.90343e-6 -0.9212515 0.3889675 -0.2809217 0 0 0 1</float_array>
        <technique_common>
          <accessor source="#machairophoros_sele2_Skin_foot_left01_pose_matrix-output-array" count="1" stride="16">
            <param name="TRANSFORM" type="float4x4"/>
          </accessor>
        </technique_common>
      </source>
      <source id="machairophoros_sele2_Skin_foot_left01_pose_matrix-interpolation">
        <Name_array id="machairophoros_sele2_Skin_foot_left01_pose_matrix-interpolation-array" count="1">LINEAR</Name_array>
        <technique_common>
          <accessor source="#machairophoros_sele2_Skin_foot_left01_pose_matrix-interpolation-array" count="1" stride="1">
            <param name="INTERPOLATION" type="name"/>
          </accessor>
        </technique_common>
      </source>
      <sampler id="machairophoros_sele2_Skin_foot_left01_pose_matrix-sampler">
        <input semantic="INPUT" source="#machairophoros_sele2_Skin_foot_left01_pose_matrix-input"/>
        <input semantic="OUTPUT" source="#machairophoros_sele2_Skin_foot_left01_pose_matrix-output"/>
        <input semantic="INTERPOLATION" source="#machairophoros_sele2_Skin_foot_left01_pose_matrix-interpolation"/>
      </sampler>
      <channel source="#machairophoros_sele2_Skin_foot_left01_pose_matrix-sampler" target="machairophoros_sele2_Skin_foot_left01/transform"/>
    </animation>
    <animation id="machairophoros_sele2_Skin_femurright_pose_matrix">
      <source id="machairophoros_sele2_Skin_femurright_pose_matrix-input">
        <float_array id="machairophoros_sele2_Skin_femurright_pose_matrix-input-array" count="1">0.04166662</float_array>
        <technique_common>
          <accessor source="#machairophoros_sele2_Skin_femurright_pose_matrix-input-array" count="1" stride="1">
            <param name="TIME" type="float"/>
          </accessor>
        </technique_common>
      </source>
      <source id="machairophoros_sele2_Skin_femurright_pose_matrix-output">
        <float_array id="machairophoros_sele2_Skin_femurright_pose_matrix-output-array" count="16">1 -3.87761e-15 5.08076e-9 -0.2316408 0 1 0 -0.0098176 -5.08076e-9 2.48278e-10 1 0.05965088 0 0 0 1</float_array>
        <technique_common>
          <accessor source="#machairophoros_sele2_Skin_femurright_pose_matrix-output-array" count="1" stride="16">
            <param name="TRANSFORM" type="float4x4"/>
          </accessor>
        </technique_common>
      </source>
      <source id="machairophoros_sele2_Skin_femurright_pose_matrix-interpolation">
        <Name_array id="machairophoros_sele2_Skin_femurright_pose_matrix-interpolation-array" count="1">LINEAR</Name_array>
        <technique_common>
          <accessor source="#machairophoros_sele2_Skin_femurright_pose_matrix-interpolation-array" count="1" stride="1">
            <param name="INTERPOLATION" type="name"/>
          </accessor>
        </technique_common>
      </source>
      <sampler id="machairophoros_sele2_Skin_femurright_pose_matrix-sampler">
        <input semantic="INPUT" source="#machairophoros_sele2_Skin_femurright_pose_matrix-input"/>
        <input semantic="OUTPUT" source="#machairophoros_sele2_Skin_femurright_pose_matrix-output"/>
        <input semantic="INTERPOLATION" source="#machairophoros_sele2_Skin_femurright_pose_matrix-interpolation"/>
      </sampler>
      <channel source="#machairophoros_sele2_Skin_femurright_pose_matrix-sampler" target="machairophoros_sele2_Skin_femurright/transform"/>
    </animation>
    <animation id="machairophoros_sele2_Skin_butt-r_pose_matrix">
      <source id="machairophoros_sele2_Skin_butt-r_pose_matrix-input">
        <float_array id="machairophoros_sele2_Skin_butt-r_pose_matrix-input-array" count="1">0.04166662</float_array>
        <technique_common>
          <accessor source="#machairophoros_sele2_Skin_butt-r_pose_matrix-input-array" count="1" stride="1">
            <param name="TIME" type="float"/>
          </accessor>
        </technique_common>
      </source>
      <source id="machairophoros_sele2_Skin_butt-r_pose_matrix-output">
        <float_array id="machairophoros_sele2_Skin_butt-r_pose_matrix-output-array" count="16">1 -4.37098e-15 5.58592e-9 -0.003262356 3.32947e-15 1 -5.96046e-7 -0.09589529 -5.58592e-9 5.96046e-7 1 -0.2262757 0 0 0 1</float_array>
        <technique_common>
          <accessor source="#machairophoros_sele2_Skin_butt-r_pose_matrix-output-array" count="1" stride="16">
            <param name="TRANSFORM" type="float4x4"/>
          </accessor>
        </technique_common>
      </source>
      <source id="machairophoros_sele2_Skin_butt-r_pose_matrix-interpolation">
        <Name_array id="machairophoros_sele2_Skin_butt-r_pose_matrix-interpolation-array" count="1">LINEAR</Name_array>
        <technique_common>
          <accessor source="#machairophoros_sele2_Skin_butt-r_pose_matrix-interpolation-array" count="1" stride="1">
            <param name="INTERPOLATION" type="name"/>
          </accessor>
        </technique_common>
      </source>
      <sampler id="machairophoros_sele2_Skin_butt-r_pose_matrix-sampler">
        <input semantic="INPUT" source="#machairophoros_sele2_Skin_butt-r_pose_matrix-input"/>
        <input semantic="OUTPUT" source="#machairophoros_sele2_Skin_butt-r_pose_matrix-output"/>
        <input semantic="INTERPOLATION" source="#machairophoros_sele2_Skin_butt-r_pose_matrix-interpolation"/>
      </sampler>
      <channel source="#machairophoros_sele2_Skin_butt-r_pose_matrix-sampler" target="machairophoros_sele2_Skin_butt-r/transform"/>
    </animation>
    <animation id="machairophoros_sele2_Skin_knee-r-top_pose_matrix">
      <source id="machairophoros_sele2_Skin_knee-r-top_pose_matrix-input">
        <float_array id="machairophoros_sele2_Skin_knee-r-top_pose_matrix-input-array" count="1">0.04166662</float_array>
        <technique_common>
          <accessor source="#machairophoros_sele2_Skin_knee-r-top_pose_matrix-input-array" count="1" stride="1">
            <param name="TIME" type="float"/>
          </accessor>
        </technique_common>
      </source>
      <source id="machairophoros_sele2_Skin_knee-r-top_pose_matrix-output">
        <float_array id="machairophoros_sele2_Skin_knee-r-top_pose_matrix-output-array" count="16">1 -4.37098e-15 9.03824e-9 0.05288468 5.38721e-15 0.9999999 -5.96046e-7 -0.4883386 -9.03824e-9 5.96046e-7 1 0.3589506 0 0 0 1</float_array>
        <technique_common>
          <accessor source="#machairophoros_sele2_Skin_knee-r-top_pose_matrix-output-array" count="1" stride="16">
            <param name="TRANSFORM" type="float4x4"/>
          </accessor>
        </technique_common>
      </source>
      <source id="machairophoros_sele2_Skin_knee-r-top_pose_matrix-interpolation">
        <Name_array id="machairophoros_sele2_Skin_knee-r-top_pose_matrix-interpolation-array" count="1">LINEAR</Name_array>
        <technique_common>
          <accessor source="#machairophoros_sele2_Skin_knee-r-top_pose_matrix-interpolation-array" count="1" stride="1">
            <param name="INTERPOLATION" type="name"/>
          </accessor>
        </technique_common>
      </source>
      <sampler id="machairophoros_sele2_Skin_knee-r-top_pose_matrix-sampler">
        <input semantic="INPUT" source="#machairophoros_sele2_Skin_knee-r-top_pose_matrix-input"/>
        <input semantic="OUTPUT" source="#machairophoros_sele2_Skin_knee-r-top_pose_matrix-output"/>
        <input semantic="INTERPOLATION" source="#machairophoros_sele2_Skin_knee-r-top_pose_matrix-interpolation"/>
      </sampler>
      <channel source="#machairophoros_sele2_Skin_knee-r-top_pose_matrix-sampler" target="machairophoros_sele2_Skin_knee-r-top/transform"/>
    </animation>
    <animation id="machairophoros_sele2_Skin_knee-r-bopttom_pose_matrix">
      <source id="machairophoros_sele2_Skin_knee-r-bopttom_pose_matrix-input">
        <float_array id="machairophoros_sele2_Skin_knee-r-bopttom_pose_matrix-input-array" count="1">0.04166662</float_array>
        <technique_common>
          <accessor source="#machairophoros_sele2_Skin_knee-r-bopttom_pose_matrix-input-array" count="1" stride="1">
            <param name="TIME" type="float"/>
          </accessor>
        </technique_common>
      </source>
      <source id="machairophoros_sele2_Skin_knee-r-bopttom_pose_matrix-output">
        <float_array id="machairophoros_sele2_Skin_knee-r-bopttom_pose_matrix-output-array" count="16">1 -4.37098e-15 1.55375e-8 -0.01414061 0 1 0 -0.7370361 -1.55375e-8 0 1 -0.03760032 0 0 0 1</float_array>
        <technique_common>
          <accessor source="#machairophoros_sele2_Skin_knee-r-bopttom_pose_matrix-output-array" count="1" stride="16">
            <param name="TRANSFORM" type="float4x4"/>
          </accessor>
        </technique_common>
      </source>
      <source id="machairophoros_sele2_Skin_knee-r-bopttom_pose_matrix-interpolation">
        <Name_array id="machairophoros_sele2_Skin_knee-r-bopttom_pose_matrix-interpolation-array" count="1">LINEAR</Name_array>
        <technique_common>
          <accessor source="#machairophoros_sele2_Skin_knee-r-bopttom_pose_matrix-interpolation-array" count="1" stride="1">
            <param name="INTERPOLATION" type="name"/>
          </accessor>
        </technique_common>
      </source>
      <sampler id="machairophoros_sele2_Skin_knee-r-bopttom_pose_matrix-sampler">
        <input semantic="INPUT" source="#machairophoros_sele2_Skin_knee-r-bopttom_pose_matrix-input"/>
        <input semantic="OUTPUT" source="#machairophoros_sele2_Skin_knee-r-bopttom_pose_matrix-output"/>
        <input semantic="INTERPOLATION" source="#machairophoros_sele2_Skin_knee-r-bopttom_pose_matrix-interpolation"/>
      </sampler>
      <channel source="#machairophoros_sele2_Skin_knee-r-bopttom_pose_matrix-sampler" target="machairophoros_sele2_Skin_knee-r-bopttom/transform"/>
    </animation>
    <animation id="machairophoros_sele2_Skin_ankleright_pose_matrix">
      <source id="machairophoros_sele2_Skin_ankleright_pose_matrix-input">
        <float_array id="machairophoros_sele2_Skin_ankleright_pose_matrix-input-array" count="1">0.04166662</float_array>
        <technique_common>
          <accessor source="#machairophoros_sele2_Skin_ankleright_pose_matrix-input-array" count="1" stride="1">
            <param name="TIME" type="float"/>
          </accessor>
        </technique_common>
      </source>
      <source id="machairophoros_sele2_Skin_ankleright_pose_matrix-output">
        <float_array id="machairophoros_sele2_Skin_ankleright_pose_matrix-output-array" count="16">1 -1.86264e-8 7.91425e-7 -0.01317592 2.74501e-7 -0.92954 -0.3687212 -1.118303 7.42529e-7 0.3687212 -0.9295406 -0.06275675 0 0 0 1</float_array>
        <technique_common>
          <accessor source="#machairophoros_sele2_Skin_ankleright_pose_matrix-output-array" count="1" stride="16">
            <param name="TRANSFORM" type="float4x4"/>
          </accessor>
        </technique_common>
      </source>
      <source id="machairophoros_sele2_Skin_ankleright_pose_matrix-interpolation">
        <Name_array id="machairophoros_sele2_Skin_ankleright_pose_matrix-interpolation-array" count="1">LINEAR</Name_array>
        <technique_common>
          <accessor source="#machairophoros_sele2_Skin_ankleright_pose_matrix-interpolation-array" count="1" stride="1">
            <param name="INTERPOLATION" type="name"/>
          </accessor>
        </technique_common>
      </source>
      <sampler id="machairophoros_sele2_Skin_ankleright_pose_matrix-sampler">
        <input semantic="INPUT" source="#machairophoros_sele2_Skin_ankleright_pose_matrix-input"/>
        <input semantic="OUTPUT" source="#machairophoros_sele2_Skin_ankleright_pose_matrix-output"/>
        <input semantic="INTERPOLATION" source="#machairophoros_sele2_Skin_ankleright_pose_matrix-interpolation"/>
      </sampler>
      <channel source="#machairophoros_sele2_Skin_ankleright_pose_matrix-sampler" target="machairophoros_sele2_Skin_ankleright/transform"/>
    </animation>
    <animation id="machairophoros_sele2_Skin_foot_right01_pose_matrix">
      <source id="machairophoros_sele2_Skin_foot_right01_pose_matrix-input">
        <float_array id="machairophoros_sele2_Skin_foot_right01_pose_matrix-input-array" count="1">0.04166662</float_array>
        <technique_common>
          <accessor source="#machairophoros_sele2_Skin_foot_right01_pose_matrix-input-array" count="1" stride="1">
            <param name="TIME" type="float"/>
          </accessor>
        </technique_common>
      </source>
      <source id="machairophoros_sele2_Skin_foot_right01_pose_matrix-output">
        <float_array id="machairophoros_sele2_Skin_foot_right01_pose_matrix-output-array" count="16">1 6.80213e-7 1.80002e-5 2.68221e-7 -1.68473e-5 0.388967 0.9212518 0.2168391 -6.37483e-6 -0.9212518 0.388967 -0.2809221 0 0 0 1</float_array>
        <technique_common>
          <accessor source="#machairophoros_sele2_Skin_foot_right01_pose_matrix-output-array" count="1" stride="16">
            <param name="TRANSFORM" type="float4x4"/>
          </accessor>
        </technique_common>
      </source>
      <source id="machairophoros_sele2_Skin_foot_right01_pose_matrix-interpolation">
        <Name_array id="machairophoros_sele2_Skin_foot_right01_pose_matrix-interpolation-array" count="1">LINEAR</Name_array>
        <technique_common>
          <accessor source="#machairophoros_sele2_Skin_foot_right01_pose_matrix-interpolation-array" count="1" stride="1">
            <param name="INTERPOLATION" type="name"/>
          </accessor>
        </technique_common>
      </source>
      <sampler id="machairophoros_sele2_Skin_foot_right01_pose_matrix-sampler">
        <input semantic="INPUT" source="#machairophoros_sele2_Skin_foot_right01_pose_matrix-input"/>
        <input semantic="OUTPUT" source="#machairophoros_sele2_Skin_foot_right01_pose_matrix-output"/>
        <input semantic="INTERPOLATION" source="#machairophoros_sele2_Skin_foot_right01_pose_matrix-interpolation"/>
      </sampler>
      <channel source="#machairophoros_sele2_Skin_foot_right01_pose_matrix-sampler" target="machairophoros_sele2_Skin_foot_right01/transform"/>
    </animation>
    <animation id="machairophoros_sele2_Skin_lumbar_pose_matrix">
      <source id="machairophoros_sele2_Skin_lumbar_pose_matrix-input">
        <float_array id="machairophoros_sele2_Skin_lumbar_pose_matrix-input-array" count="1">0.04166662</float_array>
        <technique_common>
          <accessor source="#machairophoros_sele2_Skin_lumbar_pose_matrix-input-array" count="1" stride="1">
            <param name="TIME" type="float"/>
          </accessor>
        </technique_common>
      </source>
      <source id="machairophoros_sele2_Skin_lumbar_pose_matrix-output">
        <float_array id="machairophoros_sele2_Skin_lumbar_pose_matrix-output-array" count="16">1 -3.87761e-15 4.81516e-9 0.004538174 0 1 3.72529e-8 0.189765 -4.81516e-9 -3.70047e-8 1 -0.05340066 0 0 0 1</float_array>
        <technique_common>
          <accessor source="#machairophoros_sele2_Skin_lumbar_pose_matrix-output-array" count="1" stride="16">
            <param name="TRANSFORM" type="float4x4"/>
          </accessor>
        </technique_common>
      </source>
      <source id="machairophoros_sele2_Skin_lumbar_pose_matrix-interpolation">
        <Name_array id="machairophoros_sele2_Skin_lumbar_pose_matrix-interpolation-array" count="1">LINEAR</Name_array>
        <technique_common>
          <accessor source="#machairophoros_sele2_Skin_lumbar_pose_matrix-interpolation-array" count="1" stride="1">
            <param name="INTERPOLATION" type="name"/>
          </accessor>
        </technique_common>
      </source>
      <sampler id="machairophoros_sele2_Skin_lumbar_pose_matrix-sampler">
        <input semantic="INPUT" source="#machairophoros_sele2_Skin_lumbar_pose_matrix-input"/>
        <input semantic="OUTPUT" source="#machairophoros_sele2_Skin_lumbar_pose_matrix-output"/>
        <input semantic="INTERPOLATION" source="#machairophoros_sele2_Skin_lumbar_pose_matrix-interpolation"/>
      </sampler>
      <channel source="#machairophoros_sele2_Skin_lumbar_pose_matrix-sampler" target="machairophoros_sele2_Skin_lumbar/transform"/>
    </animation>
    <animation id="machairophoros_sele2_Skin_rib_pose_matrix">
      <source id="machairophoros_sele2_Skin_rib_pose_matrix-input">
        <float_array id="machairophoros_sele2_Skin_rib_pose_matrix-input-array" count="1">0.04166662</float_array>
        <technique_common>
          <accessor source="#machairophoros_sele2_Skin_rib_pose_matrix-input-array" count="1" stride="1">
            <param name="TIME" type="float"/>
          </accessor>
        </technique_common>
      </source>
      <source id="machairophoros_sele2_Skin_rib_pose_matrix-output">
        <float_array id="machairophoros_sele2_Skin_rib_pose_matrix-output-array" count="16">1 -4.16581e-15 4.29795e-9 -0.01278648 0 1 0 0.7050576 -4.29795e-9 2.48249e-10 1 0.1130516 0 0 0 1</float_array>
        <technique_common>
          <accessor source="#machairophoros_sele2_Skin_rib_pose_matrix-output-array" count="1" stride="16">
            <param name="TRANSFORM" type="float4x4"/>
          </accessor>
        </technique_common>
      </source>
      <source id="machairophoros_sele2_Skin_rib_pose_matrix-interpolation">
        <Name_array id="machairophoros_sele2_Skin_rib_pose_matrix-interpolation-array" count="1">LINEAR</Name_array>
        <technique_common>
          <accessor source="#machairophoros_sele2_Skin_rib_pose_matrix-interpolation-array" count="1" stride="1">
            <param name="INTERPOLATION" type="name"/>
          </accessor>
        </technique_common>
      </source>
      <sampler id="machairophoros_sele2_Skin_rib_pose_matrix-sampler">
        <input semantic="INPUT" source="#machairophoros_sele2_Skin_rib_pose_matrix-input"/>
        <input semantic="OUTPUT" source="#machairophoros_sele2_Skin_rib_pose_matrix-output"/>
        <input semantic="INTERPOLATION" source="#machairophoros_sele2_Skin_rib_pose_matrix-interpolation"/>
      </sampler>
      <channel source="#machairophoros_sele2_Skin_rib_pose_matrix-sampler" target="machairophoros_sele2_Skin_rib/transform"/>
    </animation>
    <animation id="machairophoros_sele2_Skin_scapula_pose_matrix">
      <source id="machairophoros_sele2_Skin_scapula_pose_matrix-input">
        <float_array id="machairophoros_sele2_Skin_scapula_pose_matrix-input-array" count="1">0.04166662</float_array>
        <technique_common>
          <accessor source="#machairophoros_sele2_Skin_scapula_pose_matrix-input-array" count="1" stride="1">
            <param name="TIME" type="float"/>
          </accessor>
        </technique_common>
      </source>
      <source id="machairophoros_sele2_Skin_scapula_pose_matrix-output">
        <float_array id="machairophoros_sele2_Skin_scapula_pose_matrix-output-array" count="16">0.2430054 -0.9700249 -7.23741e-8 0.4182977 0.9700249 0.2430054 -1.30896e-7 0.2449708 1.4456e-7 -3.83963e-8 1 -4.30138e-8 0 0 0 1</float_array>
        <technique_common>
          <accessor source="#machairophoros_sele2_Skin_scapula_pose_matrix-output-array" count="1" stride="16">
            <param name="TRANSFORM" type="float4x4"/>
          </accessor>
        </technique_common>
      </source>
      <source id="machairophoros_sele2_Skin_scapula_pose_matrix-interpolation">
        <Name_array id="machairophoros_sele2_Skin_scapula_pose_matrix-interpolation-array" count="1">LINEAR</Name_array>
        <technique_common>
          <accessor source="#machairophoros_sele2_Skin_scapula_pose_matrix-interpolation-array" count="1" stride="1">
            <param name="INTERPOLATION" type="name"/>
          </accessor>
        </technique_common>
      </source>
      <sampler id="machairophoros_sele2_Skin_scapula_pose_matrix-sampler">
        <input semantic="INPUT" source="#machairophoros_sele2_Skin_scapula_pose_matrix-input"/>
        <input semantic="OUTPUT" source="#machairophoros_sele2_Skin_scapula_pose_matrix-output"/>
        <input semantic="INTERPOLATION" source="#machairophoros_sele2_Skin_scapula_pose_matrix-interpolation"/>
      </sampler>
      <channel source="#machairophoros_sele2_Skin_scapula_pose_matrix-sampler" target="machairophoros_sele2_Skin_scapula/transform"/>
    </animation>
    <animation id="machairophoros_sele2_Skin_ulna_pose_matrix">
      <source id="machairophoros_sele2_Skin_ulna_pose_matrix-input">
        <float_array id="machairophoros_sele2_Skin_ulna_pose_matrix-input-array" count="1">0.04166662</float_array>
        <technique_common>
          <accessor source="#machairophoros_sele2_Skin_ulna_pose_matrix-input-array" count="1" stride="1">
            <param name="TIME" type="float"/>
          </accessor>
        </technique_common>
      </source>
      <source id="machairophoros_sele2_Skin_ulna_pose_matrix-output">
        <float_array id="machairophoros_sele2_Skin_ulna_pose_matrix-output-array" count="16">1 -8.9407e-8 8.6727e-8 0.1237385 8.9407e-8 0.9999999 -1.77636e-15 -0.5993564 -8.6727e-8 1.42109e-14 1 -1.34624e-8 0 0 0 1</float_array>
        <technique_common>
          <accessor source="#machairophoros_sele2_Skin_ulna_pose_matrix-output-array" count="1" stride="16">
            <param name="TRANSFORM" type="float4x4"/>
          </accessor>
        </technique_common>
      </source>
      <source id="machairophoros_sele2_Skin_ulna_pose_matrix-interpolation">
        <Name_array id="machairophoros_sele2_Skin_ulna_pose_matrix-interpolation-array" count="1">LINEAR</Name_array>
        <technique_common>
          <accessor source="#machairophoros_sele2_Skin_ulna_pose_matrix-interpolation-array" count="1" stride="1">
            <param name="INTERPOLATION" type="name"/>
          </accessor>
        </technique_common>
      </source>
      <sampler id="machairophoros_sele2_Skin_ulna_pose_matrix-sampler">
        <input semantic="INPUT" source="#machairophoros_sele2_Skin_ulna_pose_matrix-input"/>
        <input semantic="OUTPUT" source="#machairophoros_sele2_Skin_ulna_pose_matrix-output"/>
        <input semantic="INTERPOLATION" source="#machairophoros_sele2_Skin_ulna_pose_matrix-interpolation"/>
      </sampler>
      <channel source="#machairophoros_sele2_Skin_ulna_pose_matrix-sampler" target="machairophoros_sele2_Skin_ulna/transform"/>
    </animation>
    <animation id="machairophoros_sele2_Skin_carpal_pose_matrix">
      <source id="machairophoros_sele2_Skin_carpal_pose_matrix-input">
        <float_array id="machairophoros_sele2_Skin_carpal_pose_matrix-input-array" count="1">0.04166662</float_array>
        <technique_common>
          <accessor source="#machairophoros_sele2_Skin_carpal_pose_matrix-input-array" count="1" stride="1">
            <param name="TIME" type="float"/>
          </accessor>
        </technique_common>
      </source>
      <source id="machairophoros_sele2_Skin_carpal_pose_matrix-output">
        <float_array id="machairophoros_sele2_Skin_carpal_pose_matrix-output-array" count="16">1 1.2219e-6 -1.07442e-8 0.1033101 -9.68575e-7 1 -1.49012e-7 -0.5754043 1.0744e-8 1.49012e-7 1 0.07377817 0 0 0 1</float_array>
        <technique_common>
          <accessor source="#machairophoros_sele2_Skin_carpal_pose_matrix-output-array" count="1" stride="16">
            <param name="TRANSFORM" type="float4x4"/>
          </accessor>
        </technique_common>
      </source>
      <source id="machairophoros_sele2_Skin_carpal_pose_matrix-interpolation">
        <Name_array id="machairophoros_sele2_Skin_carpal_pose_matrix-interpolation-array" count="1">LINEAR</Name_array>
        <technique_common>
          <accessor source="#machairophoros_sele2_Skin_carpal_pose_matrix-interpolation-array" count="1" stride="1">
            <param name="INTERPOLATION" type="name"/>
          </accessor>
        </technique_common>
      </source>
      <sampler id="machairophoros_sele2_Skin_carpal_pose_matrix-sampler">
        <input semantic="INPUT" source="#machairophoros_sele2_Skin_carpal_pose_matrix-input"/>
        <input semantic="OUTPUT" source="#machairophoros_sele2_Skin_carpal_pose_matrix-output"/>
        <input semantic="INTERPOLATION" source="#machairophoros_sele2_Skin_carpal_pose_matrix-interpolation"/>
      </sampler>
      <channel source="#machairophoros_sele2_Skin_carpal_pose_matrix-sampler" target="machairophoros_sele2_Skin_carpal/transform"/>
    </animation>
    <animation id="machairophoros_sele2_Skin_ammo_node_1_pose_matrix">
      <source id="machairophoros_sele2_Skin_ammo_node_1_pose_matrix-input">
        <float_array id="machairophoros_sele2_Skin_ammo_node_1_pose_matrix-input-array" count="1">0.04166662</float_array>
        <technique_common>
          <accessor source="#machairophoros_sele2_Skin_ammo_node_1_pose_matrix-input-array" count="1" stride="1">
            <param name="TIME" type="float"/>
          </accessor>
        </technique_common>
      </source>
      <source id="machairophoros_sele2_Skin_ammo_node_1_pose_matrix-output">
        <float_array id="machairophoros_sele2_Skin_ammo_node_1_pose_matrix-output-array" count="16">0.9999999 2.98111e-7 -1.3575e-5 0.176681 -1.35154e-5 0.001922249 -0.999998 0.2353455 -2.72363e-7 0.9999982 0.001922246 -0.07377826 0 0 0 1</float_array>
        <technique_common>
          <accessor source="#machairophoros_sele2_Skin_ammo_node_1_pose_matrix-output-array" count="1" stride="16">
            <param name="TRANSFORM" type="float4x4"/>
          </accessor>
        </technique_common>
      </source>
      <source id="machairophoros_sele2_Skin_ammo_node_1_pose_matrix-interpolation">
        <Name_array id="machairophoros_sele2_Skin_ammo_node_1_pose_matrix-interpolation-array" count="1">LINEAR</Name_array>
        <technique_common>
          <accessor source="#machairophoros_sele2_Skin_ammo_node_1_pose_matrix-interpolation-array" count="1" stride="1">
            <param name="INTERPOLATION" type="name"/>
          </accessor>
        </technique_common>
      </source>
      <sampler id="machairophoros_sele2_Skin_ammo_node_1_pose_matrix-sampler">
        <input semantic="INPUT" source="#machairophoros_sele2_Skin_ammo_node_1_pose_matrix-input"/>
        <input semantic="OUTPUT" source="#machairophoros_sele2_Skin_ammo_node_1_pose_matrix-output"/>
        <input semantic="INTERPOLATION" source="#machairophoros_sele2_Skin_ammo_node_1_pose_matrix-interpolation"/>
      </sampler>
      <channel source="#machairophoros_sele2_Skin_ammo_node_1_pose_matrix-sampler" target="machairophoros_sele2_Skin_ammo_node_1/transform"/>
    </animation>
    <animation id="machairophoros_sele2_Skin_scapula01_pose_matrix">
      <source id="machairophoros_sele2_Skin_scapula01_pose_matrix-input">
        <float_array id="machairophoros_sele2_Skin_scapula01_pose_matrix-input-array" count="1">0.04166662</float_array>
        <technique_common>
          <accessor source="#machairophoros_sele2_Skin_scapula01_pose_matrix-input-array" count="1" stride="1">
            <param name="TIME" type="float"/>
          </accessor>
        </technique_common>
      </source>
      <source id="machairophoros_sele2_Skin_scapula01_pose_matrix-output">
        <float_array id="machairophoros_sele2_Skin_scapula01_pose_matrix-output-array" count="16">0.2300997 0.9731671 -2.62417e-8 -0.4432708 -0.973167 0.2300998 1.9245e-11 0.2449708 6.05694e-9 2.55331e-8 1 -4.30138e-8 0 0 0 1</float_array>
        <technique_common>
          <accessor source="#machairophoros_sele2_Skin_scapula01_pose_matrix-output-array" count="1" stride="16">
            <param name="TRANSFORM" type="float4x4"/>
          </accessor>
        </technique_common>
      </source>
      <source id="machairophoros_sele2_Skin_scapula01_pose_matrix-interpolation">
        <Name_array id="machairophoros_sele2_Skin_scapula01_pose_matrix-interpolation-array" count="1">LINEAR</Name_array>
        <technique_common>
          <accessor source="#machairophoros_sele2_Skin_scapula01_pose_matrix-interpolation-array" count="1" stride="1">
            <param name="INTERPOLATION" type="name"/>
          </accessor>
        </technique_common>
      </source>
      <sampler id="machairophoros_sele2_Skin_scapula01_pose_matrix-sampler">
        <input semantic="INPUT" source="#machairophoros_sele2_Skin_scapula01_pose_matrix-input"/>
        <input semantic="OUTPUT" source="#machairophoros_sele2_Skin_scapula01_pose_matrix-output"/>
        <input semantic="INTERPOLATION" source="#machairophoros_sele2_Skin_scapula01_pose_matrix-interpolation"/>
      </sampler>
      <channel source="#machairophoros_sele2_Skin_scapula01_pose_matrix-sampler" target="machairophoros_sele2_Skin_scapula01/transform"/>
    </animation>
    <animation id="machairophoros_sele2_Skin_ulna01_pose_matrix">
      <source id="machairophoros_sele2_Skin_ulna01_pose_matrix-input">
        <float_array id="machairophoros_sele2_Skin_ulna01_pose_matrix-input-array" count="1">0.04166662</float_array>
        <technique_common>
          <accessor source="#machairophoros_sele2_Skin_ulna01_pose_matrix-input-array" count="1" stride="1">
            <param name="TIME" type="float"/>
          </accessor>
        </technique_common>
      </source>
      <source id="machairophoros_sele2_Skin_ulna01_pose_matrix-output">
        <float_array id="machairophoros_sele2_Skin_ulna01_pose_matrix-output-array" count="16">1 1.49012e-8 -1.40012e-7 -0.1120019 1.49012e-8 1 -1.19209e-7 -0.5993565 1.40012e-7 1.19209e-7 1 -1.50636e-8 0 0 0 1</float_array>
        <technique_common>
          <accessor source="#machairophoros_sele2_Skin_ulna01_pose_matrix-output-array" count="1" stride="16">
            <param name="TRANSFORM" type="float4x4"/>
          </accessor>
        </technique_common>
      </source>
      <source id="machairophoros_sele2_Skin_ulna01_pose_matrix-interpolation">
        <Name_array id="machairophoros_sele2_Skin_ulna01_pose_matrix-interpolation-array" count="1">LINEAR</Name_array>
        <technique_common>
          <accessor source="#machairophoros_sele2_Skin_ulna01_pose_matrix-interpolation-array" count="1" stride="1">
            <param name="INTERPOLATION" type="name"/>
          </accessor>
        </technique_common>
      </source>
      <sampler id="machairophoros_sele2_Skin_ulna01_pose_matrix-sampler">
        <input semantic="INPUT" source="#machairophoros_sele2_Skin_ulna01_pose_matrix-input"/>
        <input semantic="OUTPUT" source="#machairophoros_sele2_Skin_ulna01_pose_matrix-output"/>
        <input semantic="INTERPOLATION" source="#machairophoros_sele2_Skin_ulna01_pose_matrix-interpolation"/>
      </sampler>
      <channel source="#machairophoros_sele2_Skin_ulna01_pose_matrix-sampler" target="machairophoros_sele2_Skin_ulna01/transform"/>
    </animation>
    <animation id="machairophoros_sele2_Skin_carpal_right_pose_matrix">
      <source id="machairophoros_sele2_Skin_carpal_right_pose_matrix-input">
        <float_array id="machairophoros_sele2_Skin_carpal_right_pose_matrix-input-array" count="1">0.04166662</float_array>
        <technique_common>
          <accessor source="#machairophoros_sele2_Skin_carpal_right_pose_matrix-input-array" count="1" stride="1">
            <param name="TIME" type="float"/>
          </accessor>
        </technique_common>
      </source>
      <source id="machairophoros_sele2_Skin_carpal_right_pose_matrix-output">
        <float_array id="machairophoros_sele2_Skin_carpal_right_pose_matrix-output-array" count="16">1 -1.01328e-6 -5.80053e-8 -0.1377439 5.96046e-7 1 -8.91731e-13 -0.5311356 5.80053e-8 8.9706e-13 1 -1.42296e-7 0 0 0 1</float_array>
        <technique_common>
          <accessor source="#machairophoros_sele2_Skin_carpal_right_pose_matrix-output-array" count="1" stride="16">
            <param name="TRANSFORM" type="float4x4"/>
          </accessor>
        </technique_common>
      </source>
      <source id="machairophoros_sele2_Skin_carpal_right_pose_matrix-interpolation">
        <Name_array id="machairophoros_sele2_Skin_carpal_right_pose_matrix-interpolation-array" count="1">LINEAR</Name_array>
        <technique_common>
          <accessor source="#machairophoros_sele2_Skin_carpal_right_pose_matrix-interpolation-array" count="1" stride="1">
            <param name="INTERPOLATION" type="name"/>
          </accessor>
        </technique_common>
      </source>
      <sampler id="machairophoros_sele2_Skin_carpal_right_pose_matrix-sampler">
        <input semantic="INPUT" source="#machairophoros_sele2_Skin_carpal_right_pose_matrix-input"/>
        <input semantic="OUTPUT" source="#machairophoros_sele2_Skin_carpal_right_pose_matrix-output"/>
        <input semantic="INTERPOLATION" source="#machairophoros_sele2_Skin_carpal_right_pose_matrix-interpolation"/>
      </sampler>
      <channel source="#machairophoros_sele2_Skin_carpal_right_pose_matrix-sampler" target="machairophoros_sele2_Skin_carpal_right/transform"/>
    </animation>
    <animation id="machairophoros_sele2_Skin_smoke_node_1_pose_matrix">
      <source id="machairophoros_sele2_Skin_smoke_node_1_pose_matrix-input">
        <float_array id="machairophoros_sele2_Skin_smoke_node_1_pose_matrix-input-array" count="1">0.04166662</float_array>
        <technique_common>
          <accessor source="#machairophoros_sele2_Skin_smoke_node_1_pose_matrix-input-array" count="1" stride="1">
            <param name="TIME" type="float"/>
          </accessor>
        </technique_common>
      </source>
      <source id="machairophoros_sele2_Skin_smoke_node_1_pose_matrix-output">
        <float_array id="machairophoros_sele2_Skin_smoke_node_1_pose_matrix-output-array" count="16">0.9999999 9.32254e-7 -1.58221e-4 0.0260942 -1.5834e-4 -0.006772575 -0.9999771 -0.1824128 -2.00381e-6 0.9999771 -0.006772518 0.04844671 0 0 0 1</float_array>
        <technique_common>
          <accessor source="#machairophoros_sele2_Skin_smoke_node_1_pose_matrix-output-array" count="1" stride="16">
            <param name="TRANSFORM" type="float4x4"/>
          </accessor>
        </technique_common>
      </source>
      <source id="machairophoros_sele2_Skin_smoke_node_1_pose_matrix-interpolation">
        <Name_array id="machairophoros_sele2_Skin_smoke_node_1_pose_matrix-interpolation-array" count="1">LINEAR</Name_array>
        <technique_common>
          <accessor source="#machairophoros_sele2_Skin_smoke_node_1_pose_matrix-interpolation-array" count="1" stride="1">
            <param name="INTERPOLATION" type="name"/>
          </accessor>
        </technique_common>
      </source>
      <sampler id="machairophoros_sele2_Skin_smoke_node_1_pose_matrix-sampler">
        <input semantic="INPUT" source="#machairophoros_sele2_Skin_smoke_node_1_pose_matrix-input"/>
        <input semantic="OUTPUT" source="#machairophoros_sele2_Skin_smoke_node_1_pose_matrix-output"/>
        <input semantic="INTERPOLATION" source="#machairophoros_sele2_Skin_smoke_node_1_pose_matrix-interpolation"/>
      </sampler>
      <channel source="#machairophoros_sele2_Skin_smoke_node_1_pose_matrix-sampler" target="machairophoros_sele2_Skin_smoke_node_1/transform"/>
    </animation>
    <animation id="machairophoros_sele2_Skin_ammo_node_0_pose_matrix">
      <source id="machairophoros_sele2_Skin_ammo_node_0_pose_matrix-input">
        <float_array id="machairophoros_sele2_Skin_ammo_node_0_pose_matrix-input-array" count="1">0.04166662</float_array>
        <technique_common>
          <accessor source="#machairophoros_sele2_Skin_ammo_node_0_pose_matrix-input-array" count="1" stride="1">
            <param name="TIME" type="float"/>
          </accessor>
        </technique_common>
      </source>
      <source id="machairophoros_sele2_Skin_ammo_node_0_pose_matrix-output">
        <float_array id="machairophoros_sele2_Skin_ammo_node_0_pose_matrix-output-array" count="16">0.9999999 -1.03116e-4 -2.22806e-6 0.002621651 1.53133e-6 -0.006772004 0.999977 1.569696 -1.03042e-4 -0.9999769 -0.006771932 0.04448843 0 0 0 1</float_array>
        <technique_common>
          <accessor source="#machairophoros_sele2_Skin_ammo_node_0_pose_matrix-output-array" count="1" stride="16">
            <param name="TRANSFORM" type="float4x4"/>
          </accessor>
        </technique_common>
      </source>
      <source id="machairophoros_sele2_Skin_ammo_node_0_pose_matrix-interpolation">
        <Name_array id="machairophoros_sele2_Skin_ammo_node_0_pose_matrix-interpolation-array" count="1">LINEAR</Name_array>
        <technique_common>
          <accessor source="#machairophoros_sele2_Skin_ammo_node_0_pose_matrix-interpolation-array" count="1" stride="1">
            <param name="INTERPOLATION" type="name"/>
          </accessor>
        </technique_common>
      </source>
      <sampler id="machairophoros_sele2_Skin_ammo_node_0_pose_matrix-sampler">
        <input semantic="INPUT" source="#machairophoros_sele2_Skin_ammo_node_0_pose_matrix-input"/>
        <input semantic="OUTPUT" source="#machairophoros_sele2_Skin_ammo_node_0_pose_matrix-output"/>
        <input semantic="INTERPOLATION" source="#machairophoros_sele2_Skin_ammo_node_0_pose_matrix-interpolation"/>
      </sampler>
      <channel source="#machairophoros_sele2_Skin_ammo_node_0_pose_matrix-sampler" target="machairophoros_sele2_Skin_ammo_node_0/transform"/>
    </animation>
    <animation id="machairophoros_sele2_Skin_neck_pose_matrix">
      <source id="machairophoros_sele2_Skin_neck_pose_matrix-input">
        <float_array id="machairophoros_sele2_Skin_neck_pose_matrix-input-array" count="1">0.04166662</float_array>
        <technique_common>
          <accessor source="#machairophoros_sele2_Skin_neck_pose_matrix-input-array" count="1" stride="1">
            <param name="TIME" type="float"/>
          </accessor>
        </technique_common>
      </source>
      <source id="machairophoros_sele2_Skin_neck_pose_matrix-output">
        <float_array id="machairophoros_sele2_Skin_neck_pose_matrix-output-array" count="16">1 -4.42306e-15 3.79429e-9 -0.01369714 2.32617e-16 0.9999999 -6.13072e-8 0.4694993 -3.79429e-9 6.13072e-8 1 -1.36333e-7 0 0 0 1</float_array>
        <technique_common>
          <accessor source="#machairophoros_sele2_Skin_neck_pose_matrix-output-array" count="1" stride="16">
            <param name="TRANSFORM" type="float4x4"/>
          </accessor>
        </technique_common>
      </source>
      <source id="machairophoros_sele2_Skin_neck_pose_matrix-interpolation">
        <Name_array id="machairophoros_sele2_Skin_neck_pose_matrix-interpolation-array" count="1">LINEAR</Name_array>
        <technique_common>
          <accessor source="#machairophoros_sele2_Skin_neck_pose_matrix-interpolation-array" count="1" stride="1">
            <param name="INTERPOLATION" type="name"/>
          </accessor>
        </technique_common>
      </source>
      <sampler id="machairophoros_sele2_Skin_neck_pose_matrix-sampler">
        <input semantic="INPUT" source="#machairophoros_sele2_Skin_neck_pose_matrix-input"/>
        <input semantic="OUTPUT" source="#machairophoros_sele2_Skin_neck_pose_matrix-output"/>
        <input semantic="INTERPOLATION" source="#machairophoros_sele2_Skin_neck_pose_matrix-interpolation"/>
      </sampler>
      <channel source="#machairophoros_sele2_Skin_neck_pose_matrix-sampler" target="machairophoros_sele2_Skin_neck/transform"/>
    </animation>
    <animation id="machairophoros_sele2_Skin_skull_pose_matrix">
      <source id="machairophoros_sele2_Skin_skull_pose_matrix-input">
        <float_array id="machairophoros_sele2_Skin_skull_pose_matrix-input-array" count="1">0.04166662</float_array>
        <technique_common>
          <accessor source="#machairophoros_sele2_Skin_skull_pose_matrix-input-array" count="1" stride="1">
            <param name="TIME" type="float"/>
          </accessor>
        </technique_common>
      </source>
      <source id="machairophoros_sele2_Skin_skull_pose_matrix-output">
        <float_array id="machairophoros_sele2_Skin_skull_pose_matrix-output-array" count="16">1 -4.88277e-15 1.48448e-9 -0.007297663 0 1 7.45046e-9 0.4520025 -1.48448e-9 -7.45045e-9 1 7.10192e-8 0 0 0 1</float_array>
        <technique_common>
          <accessor source="#machairophoros_sele2_Skin_skull_pose_matrix-output-array" count="1" stride="16">
            <param name="TRANSFORM" type="float4x4"/>
          </accessor>
        </technique_common>
      </source>
      <source id="machairophoros_sele2_Skin_skull_pose_matrix-interpolation">
        <Name_array id="machairophoros_sele2_Skin_skull_pose_matrix-interpolation-array" count="1">LINEAR</Name_array>
        <technique_common>
          <accessor source="#machairophoros_sele2_Skin_skull_pose_matrix-interpolation-array" count="1" stride="1">
            <param name="INTERPOLATION" type="name"/>
          </accessor>
        </technique_common>
      </source>
      <sampler id="machairophoros_sele2_Skin_skull_pose_matrix-sampler">
        <input semantic="INPUT" source="#machairophoros_sele2_Skin_skull_pose_matrix-input"/>
        <input semantic="OUTPUT" source="#machairophoros_sele2_Skin_skull_pose_matrix-output"/>
        <input semantic="INTERPOLATION" source="#machairophoros_sele2_Skin_skull_pose_matrix-interpolation"/>
      </sampler>
      <channel source="#machairophoros_sele2_Skin_skull_pose_matrix-sampler" target="machairophoros_sele2_Skin_skull/transform"/>
    </animation>
    <animation id="machairophoros_sele2_Skin_nogginbottom_pose_matrix">
      <source id="machairophoros_sele2_Skin_nogginbottom_pose_matrix-input">
        <float_array id="machairophoros_sele2_Skin_nogginbottom_pose_matrix-input-array" count="1">0.04166662</float_array>
        <technique_common>
          <accessor source="#machairophoros_sele2_Skin_nogginbottom_pose_matrix-input-array" count="1" stride="1">
            <param name="TIME" type="float"/>
          </accessor>
        </technique_common>
      </source>
      <source id="machairophoros_sele2_Skin_nogginbottom_pose_matrix-output">
        <float_array id="machairophoros_sele2_Skin_nogginbottom_pose_matrix-output-array" count="16">1 2.3283e-9 2.36499e-7 0.001799162 -1.22153e-8 0.9991254 0.0418141 0.08982587 -2.36195e-7 -0.0418141 0.9991254 0.2822085 0 0 0 1</float_array>
        <technique_common>
          <accessor source="#machairophoros_sele2_Skin_nogginbottom_pose_matrix-output-array" count="1" stride="16">
            <param name="TRANSFORM" type="float4x4"/>
          </accessor>
        </technique_common>
      </source>
      <source id="machairophoros_sele2_Skin_nogginbottom_pose_matrix-interpolation">
        <Name_array id="machairophoros_sele2_Skin_nogginbottom_pose_matrix-interpolation-array" count="1">LINEAR</Name_array>
        <technique_common>
          <accessor source="#machairophoros_sele2_Skin_nogginbottom_pose_matrix-interpolation-array" count="1" stride="1">
            <param name="INTERPOLATION" type="name"/>
          </accessor>
        </technique_common>
      </source>
      <sampler id="machairophoros_sele2_Skin_nogginbottom_pose_matrix-sampler">
        <input semantic="INPUT" source="#machairophoros_sele2_Skin_nogginbottom_pose_matrix-input"/>
        <input semantic="OUTPUT" source="#machairophoros_sele2_Skin_nogginbottom_pose_matrix-output"/>
        <input semantic="INTERPOLATION" source="#machairophoros_sele2_Skin_nogginbottom_pose_matrix-interpolation"/>
      </sampler>
      <channel source="#machairophoros_sele2_Skin_nogginbottom_pose_matrix-sampler" target="machairophoros_sele2_Skin_nogginbottom/transform"/>
    </animation>
    <animation id="machairophoros_sele2_Skin_plumes_pose_matrix">
      <source id="machairophoros_sele2_Skin_plumes_pose_matrix-input">
        <float_array id="machairophoros_sele2_Skin_plumes_pose_matrix-input-array" count="1">0.04166662</float_array>
        <technique_common>
          <accessor source="#machairophoros_sele2_Skin_plumes_pose_matrix-input-array" count="1" stride="1">
            <param name="TIME" type="float"/>
          </accessor>
        </technique_common>
      </source>
      <source id="machairophoros_sele2_Skin_plumes_pose_matrix-output">
        <float_array id="machairophoros_sele2_Skin_plumes_pose_matrix-output-array" count="16">1 2.3283e-9 3.70634e-7 -0.002369048 -1.01487e-8 0.9997773 0.02110134 0.1819341 -3.70502e-7 -0.02110134 0.9997773 0.1862073 0 0 0 1</float_array>
        <technique_common>
          <accessor source="#machairophoros_sele2_Skin_plumes_pose_matrix-output-array" count="1" stride="16">
            <param name="TRANSFORM" type="float4x4"/>
          </accessor>
        </technique_common>
      </source>
      <source id="machairophoros_sele2_Skin_plumes_pose_matrix-interpolation">
        <Name_array id="machairophoros_sele2_Skin_plumes_pose_matrix-interpolation-array" count="1">LINEAR</Name_array>
        <technique_common>
          <accessor source="#machairophoros_sele2_Skin_plumes_pose_matrix-interpolation-array" count="1" stride="1">
            <param name="INTERPOLATION" type="name"/>
          </accessor>
        </technique_common>
      </source>
      <sampler id="machairophoros_sele2_Skin_plumes_pose_matrix-sampler">
        <input semantic="INPUT" source="#machairophoros_sele2_Skin_plumes_pose_matrix-input"/>
        <input semantic="OUTPUT" source="#machairophoros_sele2_Skin_plumes_pose_matrix-output"/>
        <input semantic="INTERPOLATION" source="#machairophoros_sele2_Skin_plumes_pose_matrix-interpolation"/>
      </sampler>
      <channel source="#machairophoros_sele2_Skin_plumes_pose_matrix-sampler" target="machairophoros_sele2_Skin_plumes/transform"/>
    </animation>
    <animation id="machairophoros_sele2_Skin_skulltop_pose_matrix">
      <source id="machairophoros_sele2_Skin_skulltop_pose_matrix-input">
        <float_array id="machairophoros_sele2_Skin_skulltop_pose_matrix-input-array" count="1">0.04166662</float_array>
        <technique_common>
          <accessor source="#machairophoros_sele2_Skin_skulltop_pose_matrix-input-array" count="1" stride="1">
            <param name="TIME" type="float"/>
          </accessor>
        </technique_common>
      </source>
      <source id="machairophoros_sele2_Skin_skulltop_pose_matrix-output">
        <float_array id="machairophoros_sele2_Skin_skulltop_pose_matrix-output-array" count="16">1 -5.05157e-15 4.60018e-9 -0.00416824 0 1 3.55271e-14 0.3702886 -4.60018e-9 -3.55271e-14 1 -2.13163e-14 0 0 0 1</float_array>
        <technique_common>
          <accessor source="#machairophoros_sele2_Skin_skulltop_pose_matrix-output-array" count="1" stride="16">
            <param name="TRANSFORM" type="float4x4"/>
          </accessor>
        </technique_common>
      </source>
      <source id="machairophoros_sele2_Skin_skulltop_pose_matrix-interpolation">
        <Name_array id="machairophoros_sele2_Skin_skulltop_pose_matrix-interpolation-array" count="1">LINEAR</Name_array>
        <technique_common>
          <accessor source="#machairophoros_sele2_Skin_skulltop_pose_matrix-interpolation-array" count="1" stride="1">
            <param name="INTERPOLATION" type="name"/>
          </accessor>
        </technique_common>
      </source>
      <sampler id="machairophoros_sele2_Skin_skulltop_pose_matrix-sampler">
        <input semantic="INPUT" source="#machairophoros_sele2_Skin_skulltop_pose_matrix-input"/>
        <input semantic="OUTPUT" source="#machairophoros_sele2_Skin_skulltop_pose_matrix-output"/>
        <input semantic="INTERPOLATION" source="#machairophoros_sele2_Skin_skulltop_pose_matrix-interpolation"/>
      </sampler>
      <channel source="#machairophoros_sele2_Skin_skulltop_pose_matrix-sampler" target="machairophoros_sele2_Skin_skulltop/transform"/>
    </animation>
    <animation id="machairophoros_sele2_Skin_smoke_node_0_pose_matrix">
      <source id="machairophoros_sele2_Skin_smoke_node_0_pose_matrix-input">
        <float_array id="machairophoros_sele2_Skin_smoke_node_0_pose_matrix-input-array" count="1">0.04166662</float_array>
        <technique_common>
          <accessor source="#machairophoros_sele2_Skin_smoke_node_0_pose_matrix-input-array" count="1" stride="1">
            <param name="TIME" type="float"/>
          </accessor>
        </technique_common>
      </source>
      <source id="machairophoros_sele2_Skin_smoke_node_0_pose_matrix-output">
        <float_array id="machairophoros_sele2_Skin_smoke_node_0_pose_matrix-output-array" count="16">1 -1.268e-5 -1.10467e-6 0.006514959 -1.10467e-6 1.07102e-7 -0.9999999 0.09218764 1.268e-5 0.9999999 2.38244e-7 0.2430202 0 0 0 1</float_array>
        <technique_common>
          <accessor source="#machairophoros_sele2_Skin_smoke_node_0_pose_matrix-output-array" count="1" stride="16">
            <param name="TRANSFORM" type="float4x4"/>
          </accessor>
        </technique_common>
      </source>
      <source id="machairophoros_sele2_Skin_smoke_node_0_pose_matrix-interpolation">
        <Name_array id="machairophoros_sele2_Skin_smoke_node_0_pose_matrix-interpolation-array" count="1">LINEAR</Name_array>
        <technique_common>
          <accessor source="#machairophoros_sele2_Skin_smoke_node_0_pose_matrix-interpolation-array" count="1" stride="1">
            <param name="INTERPOLATION" type="name"/>
          </accessor>
        </technique_common>
      </source>
      <sampler id="machairophoros_sele2_Skin_smoke_node_0_pose_matrix-sampler">
        <input semantic="INPUT" source="#machairophoros_sele2_Skin_smoke_node_0_pose_matrix-input"/>
        <input semantic="OUTPUT" source="#machairophoros_sele2_Skin_smoke_node_0_pose_matrix-output"/>
        <input semantic="INTERPOLATION" source="#machairophoros_sele2_Skin_smoke_node_0_pose_matrix-interpolation"/>
      </sampler>
      <channel source="#machairophoros_sele2_Skin_smoke_node_0_pose_matrix-sampler" target="machairophoros_sele2_Skin_smoke_node_0/transform"/>
    </animation>
    <animation id="machairophoros_sele2_Skin_cloaktop_pose_matrix">
      <source id="machairophoros_sele2_Skin_cloaktop_pose_matrix-input">
        <float_array id="machairophoros_sele2_Skin_cloaktop_pose_matrix-input-array" count="1">0.04166662</float_array>
        <technique_common>
          <accessor source="#machairophoros_sele2_Skin_cloaktop_pose_matrix-input-array" count="1" stride="1">
            <param name="TIME" type="float"/>
          </accessor>
        </technique_common>
      </source>
      <source id="machairophoros_sele2_Skin_cloaktop_pose_matrix-output">
        <float_array id="machairophoros_sele2_Skin_cloaktop_pose_matrix-output-array" count="16">1 -4.42306e-15 6.60961e-9 0.009935169 9.8491e-16 0.9999999 -1.49012e-7 0.3512919 -6.60961e-9 1.49012e-7 1 -0.1981267 0 0 0 1</float_array>
        <technique_common>
          <accessor source="#machairophoros_sele2_Skin_cloaktop_pose_matrix-output-array" count="1" stride="16">
            <param name="TRANSFORM" type="float4x4"/>
          </accessor>
        </technique_common>
      </source>
      <source id="machairophoros_sele2_Skin_cloaktop_pose_matrix-interpolation">
        <Name_array id="machairophoros_sele2_Skin_cloaktop_pose_matrix-interpolation-array" count="1">LINEAR</Name_array>
        <technique_common>
          <accessor source="#machairophoros_sele2_Skin_cloaktop_pose_matrix-interpolation-array" count="1" stride="1">
            <param name="INTERPOLATION" type="name"/>
          </accessor>
        </technique_common>
      </source>
      <sampler id="machairophoros_sele2_Skin_cloaktop_pose_matrix-sampler">
        <input semantic="INPUT" source="#machairophoros_sele2_Skin_cloaktop_pose_matrix-input"/>
        <input semantic="OUTPUT" source="#machairophoros_sele2_Skin_cloaktop_pose_matrix-output"/>
        <input semantic="INTERPOLATION" source="#machairophoros_sele2_Skin_cloaktop_pose_matrix-interpolation"/>
      </sampler>
      <channel source="#machairophoros_sele2_Skin_cloaktop_pose_matrix-sampler" target="machairophoros_sele2_Skin_cloaktop/transform"/>
    </animation>
    <animation id="machairophoros_sele2_Skin_cloak_pose_matrix">
      <source id="machairophoros_sele2_Skin_cloak_pose_matrix-input">
        <float_array id="machairophoros_sele2_Skin_cloak_pose_matrix-input-array" count="1">0.04166662</float_array>
        <technique_common>
          <accessor source="#machairophoros_sele2_Skin_cloak_pose_matrix-input-array" count="1" stride="1">
            <param name="TIME" type="float"/>
          </accessor>
        </technique_common>
      </source>
      <source id="machairophoros_sele2_Skin_cloak_pose_matrix-output">
        <float_array id="machairophoros_sele2_Skin_cloak_pose_matrix-output-array" count="16">1 -5.80357e-15 1.47715e-10 0.004538156 0 1 1.49011e-7 -0.859081 -1.47715e-10 -1.48763e-7 1 -0.2356979 0 0 0 1</float_array>
        <technique_common>
          <accessor source="#machairophoros_sele2_Skin_cloak_pose_matrix-output-array" count="1" stride="16">
            <param name="TRANSFORM" type="float4x4"/>
          </accessor>
        </technique_common>
      </source>
      <source id="machairophoros_sele2_Skin_cloak_pose_matrix-interpolation">
        <Name_array id="machairophoros_sele2_Skin_cloak_pose_matrix-interpolation-array" count="1">LINEAR</Name_array>
        <technique_common>
          <accessor source="#machairophoros_sele2_Skin_cloak_pose_matrix-interpolation-array" count="1" stride="1">
            <param name="INTERPOLATION" type="name"/>
          </accessor>
        </technique_common>
      </source>
      <sampler id="machairophoros_sele2_Skin_cloak_pose_matrix-sampler">
        <input semantic="INPUT" source="#machairophoros_sele2_Skin_cloak_pose_matrix-input"/>
        <input semantic="OUTPUT" source="#machairophoros_sele2_Skin_cloak_pose_matrix-output"/>
        <input semantic="INTERPOLATION" source="#machairophoros_sele2_Skin_cloak_pose_matrix-interpolation"/>
      </sampler>
      <channel source="#machairophoros_sele2_Skin_cloak_pose_matrix-sampler" target="machairophoros_sele2_Skin_cloak/transform"/>
    </animation>
    <animation id="machairophoros_sele2_Skin_cloakbottom_pose_matrix">
      <source id="machairophoros_sele2_Skin_cloakbottom_pose_matrix-input">
        <float_array id="machairophoros_sele2_Skin_cloakbottom_pose_matrix-input-array" count="1">0.04166662</float_array>
        <technique_common>
          <accessor source="#machairophoros_sele2_Skin_cloakbottom_pose_matrix-input-array" count="1" stride="1">
            <param name="TIME" type="float"/>
          </accessor>
        </technique_common>
      </source>
      <source id="machairophoros_sele2_Skin_cloakbottom_pose_matrix-output">
        <float_array id="machairophoros_sele2_Skin_cloakbottom_pose_matrix-output-array" count="16">1 -5.81241e-15 0 -0.02733967 0 1 0 -0.8312191 0 2.48605e-10 1 -0.1177092 0 0 0 1</float_array>
        <technique_common>
          <accessor source="#machairophoros_sele2_Skin_cloakbottom_pose_matrix-output-array" count="1" stride="16">
            <param name="TRANSFORM" type="float4x4"/>
          </accessor>
        </technique_common>
      </source>
      <source id="machairophoros_sele2_Skin_cloakbottom_pose_matrix-interpolation">
        <Name_array id="machairophoros_sele2_Skin_cloakbottom_pose_matrix-interpolation-array" count="1">LINEAR</Name_array>
        <technique_common>
          <accessor source="#machairophoros_sele2_Skin_cloakbottom_pose_matrix-interpolation-array" count="1" stride="1">
            <param name="INTERPOLATION" type="name"/>
          </accessor>
        </technique_common>
      </source>
      <sampler id="machairophoros_sele2_Skin_cloakbottom_pose_matrix-sampler">
        <input semantic="INPUT" source="#machairophoros_sele2_Skin_cloakbottom_pose_matrix-input"/>
        <input semantic="OUTPUT" source="#machairophoros_sele2_Skin_cloakbottom_pose_matrix-output"/>
        <input semantic="INTERPOLATION" source="#machairophoros_sele2_Skin_cloakbottom_pose_matrix-interpolation"/>
      </sampler>
      <channel source="#machairophoros_sele2_Skin_cloakbottom_pose_matrix-sampler" target="machairophoros_sele2_Skin_cloakbottom/transform"/>
    </animation>
  </library_animations>
  <library_controllers>
    <controller id="machairophoros_sele2_Skin_helm_002-skin" name="machairophoros_sele2_Skin">
      <skin source="#helm_002-mesh">
        <bind_shape_matrix>1 0 0 0 0 1 0 0 0 0 1 0 0 0 0 1</bind_shape_matrix>
        <source id="machairophoros_sele2_Skin_helm_002-skin-joints">
          <Name_array id="machairophoros_sele2_Skin_helm_002-skin-joints-array" count="21">pelvis femurleft butt-l knee-l-bopttom ankle_left foot_left01 femurright butt-r knee-r-bopttom ankleright foot_right01 rib scapula ulna scapula01 ulna01 smoke_node_1 neck lumbar knee-l-top knee-r-top</Name_array>
          <technique_common>
            <accessor source="#machairophoros_sele2_Skin_helm_002-skin-joints-array" count="21" stride="1">
              <param name="JOINT" type="name"/>
            </accessor>
          </technique_common>
        </source>
        <source id="machairophoros_sele2_Skin_helm_002-skin-bind_poses">
          <float_array id="machairophoros_sele2_Skin_helm_002-skin-bind_poses-array" count="336">1 0 0 -2.88205e-4 0 0 1 -1.989969 0 -1 0 0.05965083 0 0 0 1 1 0 0 -0.2295659 0 -1.19209e-7 1 -1.980151 0 -1 -1.34359e-7 0 0 0 0 1 1 0 0 -0.2300334 0 -2.68221e-7 1 -1.881625 0 -1 -2.83122e-7 0.2278658 0 0 0 1 1 0 0 -0.2616621 0 -3.05474e-7 1 -1.243225 0 -1 -3.22238e-7 0.03760057 0 0 0 1 1 -7.75266e-7 2.95466e-7 -0.2703902 0 -0.3687207 -0.9295402 0.1499912 8.29584e-7 0.9295377 -0.3687207 -0.04846727 0 0 0 1 1 -6.03621e-7 2.7587e-5 -0.2703911 0 -0.9997583 -0.02187639 -0.2401507 2.75936e-5 0.02187538 -0.9997607 0.02882623 0 0 0 1 1 0 0 0.2313526 0 0 1 -1.980151 0 -1 0 0 0 0 0 1 1 0 0 0.2346149 0 -6.78003e-7 1 -1.884255 0 -1 -6.92904e-7 0.2262768 0 0 0 1 1 0 0 0.2454932 0 0 1 -1.243115 0 -1 0 0.03760027 0 0 0 1 1 -6.86382e-7 2.74501e-7 0.2586691 0 -0.368721 -0.9295402 0.1530215 7.39233e-7 0.9295396 -0.368721 -0.04726481 0 0 0 1 1 -4.00094e-7 1.82852e-5 0.2586684 0 -0.99976 -0.02187561 -0.2400798 1.82896e-5 0.02187538 -0.9997607 0.03209751 0 0 0 1 1 0 0 0.007960081 0 0 1 -2.884791 0 -1 0 -1.77159e-7 0 0 0 1 0.2430054 -1.77075e-7 0.970025 -3.135662 -0.9700249 0 0.2430053 -0.3625114 0 -1 -1.90749e-7 3.05226e-7 0 0 0 1 0.2430051 0 0.9700251 -3.2594 -0.970025 0 0.2430053 0.2368452 0 -1 0 0 0 0 0 1 0.2300997 0 -0.973167 3.149609 0.973167 0 0.2300997 -0.2810344 0 -1 0 -1.46046e-7 0 0 0 1 0.2300993 0 -0.9731671 3.261611 0.9731671 0 0.2300997 0.3183221 -1.29827e-7 -1 0 -6.25594e-7 0 0 0 1 0.2299461 1.85267e-6 -0.9732033 3.373099 -0.006590664 -0.9999771 -0.001559138 -0.05543148 -0.9731809 0.006772637 -0.2299408 -1.032051 0 0 0 1 1 0 0 0.02165722 0 0 1 -3.354291 0 -1 -1.2116e-7 1.64899e-7 0 0 0 1 1 0 0 -0.004826366 0 0 1 -2.179733 0 -1 0 0.1130514 0 0 0 1 1 0 0 -0.2579527 0 4.76837e-7 1 -1.492426 0 -1 4.61936e-7 -0.3577128 0 0 0 1 1 0 0 0.1784679 0 -6.78003e-7 1 -1.491813 0 -1 -6.85453e-7 -0.3589497 0 0 0 1</float_array>
          <technique_common>
            <accessor source="#machairophoros_sele2_Skin_helm_002-skin-bind_poses-array" count="21" stride="16">
              <param name="TRANSFORM" type="float4x4"/>
            </accessor>
          </technique_common>
        </source>
        <source id="machairophoros_sele2_Skin_helm_002-skin-weights">
          <float_array id="machairophoros_sele2_Skin_helm_002-skin-weights-array" count="609">1 1 1 1 1 1 1 1 1 1 1 1 1 1 1 1 1 1 1 1 1 1 1 1 1 1 1 1 1 1 1 1 1 1 1 1 1 1 1 1 1 1 1 1 1 1 1 1 1 1 1 1 1 1 1 1 1 1 1 1 1 1 1 1 1 1 1 1 1 1 1 1 1 1 1 1 1 1 1 1 1 1 1 1 1 1 1 1 1 1 1 1 1 1 1 1 1 1 1 1 1 1 1 1 1 1 1 1 1 1 1 1 1 1 1 1 1 1 1 1 1 1 1 1 1 1 1 1 1 1 1 1 1 1 1 1 1 1 1 1 1 1 1 1 1 1 1 1 1 1 1 1 1 1 1 1 1 1 1 1 1 1 1 1 1 1 1 1 1 1 1 1 1 1 1 1 1 1 1 1 1 1 1 1 1 1 1 1 1 1 1 1 1 1 1 1 1 1 1 1 1 1 1 1 1 1 1 1 1 1 1 1 1 1 1 1 1 1 1 1 1 1 1 1 1 1 1 1 1 1 1 1 1 1 1 1 1 1 1 1 1 1 1 1 1 1 1 1 1 1 1 1 1 1 1 1 1 1 1 1 1 1 1 1 1 1 1 1 1 1 1 1 1 1 1 1 1 1 1 1 1 1 1 1 1 1 1 1 1 1 1 1 1 1 1 1 1 1 1 1 1 1 1 1 1 1 1 1 1 1 1 1 1 1 1 1 1 1 1 1 1 1 1 1 1 1 1 1 1 1 1 1 1 1 1 1 1 1 1 1 1 1 1 1 1 1 1 1 1 1 1 1 1 1 1 1 1 1 1 1 1 1 1 1 1 1 1 1 1 1 1 1 1 1 1 1 1 1 1 1 1 1 1 1 1 1 1 1 1 1 1 1 1 1 1 1 1 1 1 1 1 1 1 1 1 1 1 1 1 1 1 1 1 1 1 1 1 1 1 1 1 1 1 1 1 1 1 1 1 1 1 1 1 1 1 1 1 1 1 1 1 1 1 1 1 1 1 1 1 1 1 1 1 1 1 1 1 1 1 1 1 1 1 1 1 1 1 1 1 1 1 1 1 1 1 1 1 1 1 1 1 1 1 1 1 1 1 1 1 1 1 1 1 1 1 1 1 1 1 1 1 1 1 1 1 1 1 1 1 1 1 1 1 1 1 1 1 1 1 1 1 1 1 1 1 1 1 1 1 1 1 1 1 1 1 1 1 1 1 1 1 1 1 1 1 1 1 1 1 1 1 1 1 1 1 1 1 1 1 1 1 1 1 1 1 1 1 1 1 1 1 1 1 1 1 1 1 1 1 1 1 1 1 1 1 1 1 1 1 1 1 1 1 1 1 1 1 1 1 1 1 1 1 1 1 1 1 1 1</float_array>
          <technique_common>
            <accessor source="#machairophoros_sele2_Skin_helm_002-skin-weights-array" count="609" stride="1">
              <param name="WEIGHT" type="float"/>
            </accessor>
          </technique_common>
        </source>
        <joints>
          <input semantic="JOINT" source="#machairophoros_sele2_Skin_helm_002-skin-joints"/>
          <input semantic="INV_BIND_MATRIX" source="#machairophoros_sele2_Skin_helm_002-skin-bind_poses"/>
        </joints>
        <vertex_weights count="609">
          <input semantic="JOINT" source="#machairophoros_sele2_Skin_helm_002-skin-joints" offset="0"/>
          <input semantic="WEIGHT" source="#machairophoros_sele2_Skin_helm_002-skin-weights" offset="1"/>
          <vcount>1 1 1 1 1 1 1 1 1 1 1 1 1 1 1 1 1 1 1 1 1 1 1 1 1 1 1 1 1 1 1 1 1 1 1 1 1 1 1 1 1 1 1 1 1 1 1 1 1 1 1 1 1 1 1 1 1 1 1 1 1 1 1 1 1 1 1 1 1 1 1 1 1 1 1 1 1 1 1 1 1 1 1 1 1 1 1 1 1 1 1 1 1 1 1 1 1 1 1 1 1 1 1 1 1 1 1 1 1 1 1 1 1 1 1 1 1 1 1 1 1 1 1 1 1 1 1 1 1 1 1 1 1 1 1 1 1 1 1 1 1 1 1 1 1 1 1 1 1 1 1 1 1 1 1 1 1 1 1 1 1 1 1 1 1 1 1 1 1 1 1 1 1 1 1 1 1 1 1 1 1 1 1 1 1 1 1 1 1 1 1 1 1 1 1 1 1 1 1 1 1 1 1 1 1 1 1 1 1 1 1 1 1 1 1 1 1 1 1 1 1 1 1 1 1 1 1 1 1 1 1 1 1 1 1 1 1 1 1 1 1 1 1 1 1 1 1 1 1 1 1 1 1 1 1 1 1 1 1 1 1 1 1 1 1 1 1 1 1 1 1 1 1 1 1 1 1 1 1 1 1 1 1 1 1 1 1 1 1 1 1 1 1 1 1 1 1 1 1 1 1 1 1 1 1 1 1 1 1 1 1 1 1 1 1 1 1 1 1 1 1 1 1 1 1 1 1 1 1 1 1 1 1 1 1 1 1 1 1 1 1 1 1 1 1 1 1 1 1 1 1 1 1 1 1 1 1 1 1 1 1 1 1 1 1 1 1 1 1 1 1 1 1 1 1 1 1 1 1 1 1 1 1 1 1 1 1 1 1 1 1 1 1 1 1 1 1 1 1 1 1 1 1 1 1 1 1 1 1 1 1 1 1 1 1 1 1 1 1 1 1 1 1 1 1 1 1 1 1 1 1 1 1 1 1 1 1 1 1 1 1 1 1 1 1 1 1 1 1 1 1 1 1 1 1 1 1 1 1 1 1 1 1 1 1 1 1 1 1 1 1 1 1 1 1 1 1 1 1 1 1 1 1 1 1 1 1 1 1 1 1 1 1 1 1 1 1 1 1 1 1 1 1 1 1 1 1 1 1 1 1 1 1 1 1 1 1 1 1 1 1 1 1 1 1 1 1 1 1 1 1 1 1 1 1 1 1 1 1 1 1 1 1 1 1 1 1 1 1 1 1 1 1 1 1 1 1 1 1 1 1 1 1 1 1 1 1 1 1 1 1 1 1 1 1 1 1 1 1 1 1 1 1 1 1 1 1 1 1 1 1 1 1 1 1 1 1 1 1 1 1 1 1 1 1 1 1 1 1 </vcount>
          <v>15 0 15 1 13 2 13 3 13 4 13 5 15 6 15 7 15 8 13 9 15 10 13 11 13 12 13 13 13 14 13 15 15 16 15 17 15 18 15 19 15 20 15 21 13 22 13 23 15 24 15 25 15 26 15 27 13 28 13 29 13 30 13 31 15 32 15 33 13 34 13 35 15 36 13 37 13 38 13 39 13 40 13 41 13 42 13 43 13 44 13 45 13 46 13 47 13 48 13 49 13 50 13 51 13 52 13 53 13 54 13 55 13 56 13 57 13 58 13 59 13 60 13 61 13 62 13 63 13 64 13 65 13 66 13 67 13 68 13 69 13 70 13 71 13 72 13 73 13 74 13 75 13 76 13 77 13 78 13 79 13 80 13 81 13 82 13 83 13 84 13 85 13 86 13 87 13 88 13 89 13 90 13 91 13 92 13 93 13 94 13 95 13 96 13 97 13 98 13 99 13 100 13 101 13 102 13 103 13 104 13 105 13 106 13 107 13 108 13 109 13 110 13 111 13 112 13 113 13 114 13 115 13 116 13 117 13 118 13 119 13 120 13 121 13 122 13 123 13 124 13 125 13 126 13 127 13 128 13 129 13 130 13 131 13 132 13 133 13 134 13 135 13 136 13 137 17 138 17 139 17 140 17 141 17 142 17 143 17 144 17 145 17 146 17 147 17 148 17 149 17 150 17 151 17 152 17 153 17 154 17 155 17 156 17 157 17 158 17 159 17 160 17 161 17 162 17 163 17 164 17 165 17 166 17 167 17 168 17 169 17 170 17 171 17 172 17 173 17 174 17 175 17 176 17 177 17 178 17 179 17 180 17 181 17 182 17 183 17 184 17 185 17 186 17 187 17 188 17 189 3 190 3 191 3 192 5 193 5 194 11 195 11 196 11 197 11 198 11 199 11 200 15 201 15 202 15 203 0 204 0 205 0 206 0 207 0 208 13 209 13 210 12 211 11 212 11 213 11 214 2 215 2 216 7 217 7 218 6 219 6 220 6 221 1 222 1 223 1 224 7 225 7 226 7 227 7 228 2 229 2 230 2 231 2 232 0 233 0 234 0 235 0 236 0 237 0 238 0 239 0 240 6 241 6 242 6 243 8 244 8 245 9 246 9 247 9 248 9 249 8 250 8 251 8 252 9 253 9 254 9 255 10 256 10 257 1 258 1 259 1 260 3 261 3 262 3 263 4 264 4 265 4 266 4 267 1 268 1 269 14 270 14 271 14 272 14 273 14 274 15 275 15 276 15 277 15 278 15 279 15 280 15 281 15 282 15 283 11 284 11 285 11 286 11 287 11 288 11 289 11 290 15 291 15 292 12 293 12 294 12 295 12 296 12 297 13 298 13 299 13 300 13 301 13 302 13 303 13 304 13 305 13 306 13 307 13 308 11 309 11 310 11 311 11 312 11 313 11 314 11 315 0 316 0 317 0 318 0 319 0 320 6 321 6 322 6 323 6 324 11 325 11 326 11 327 11 328 11 329 11 330 11 331 11 332 11 333 11 334 11 335 11 336 11 337 11 338 11 339 1 340 1 341 1 342 1 343 6 344 6 345 9 346 9 347 9 348 9 349 5 350 5 351 11 352 11 353 11 354 11 355 12 356 12 357 8 358 10 359 10 360 4 361 4 362 4 363 4 364 4 365 4 366 4 367 14 368 13 369 14 370 14 371 1 372 6 373 20 374 19 375 6 376 6 377 1 378 1 379 8 380 8 381 3 382 3 383 16 384 16 385 16 386 16 387 16 388 16 389 16 390 16 391 16 392 16 393 16 394 16 395 16 396 16 397 16 398 16 399 16 400 16 401 16 402 16 403 16 404 16 405 16 406 16 407 16 408 16 409 16 410 16 411 16 412 16 413 16 414 16 415 16 416 16 417 16 418 16 419 16 420 16 421 16 422 16 423 16 424 16 425 16 426 17 427 17 428 17 429 17 430 17 431 17 432 17 433 17 434 17 435 17 436 17 437 17 438 17 439 17 440 17 441 17 442 17 443 17 444 17 445 17 446 17 447 17 448 17 449 17 450 17 451 17 452 17 453 17 454 17 455 17 456 17 457 17 458 17 459 17 460 17 461 17 462 17 463 17 464 17 465 17 466 17 467 17 468 17 469 17 470 17 471 17 472 17 473 17 474 17 475 17 476 17 477 17 478 17 479 17 480 0 481 0 482 0 483 0 484 0 485 0 486 0 487 0 488 0 489 0 490 0 491 0 492 0 493 11 494 11 495 11 496 11 497 11 498 11 499 11 500 11 501 11 502 11 503 11 504 11 505 11 506 0 507 0 508 0 509 0 510 0 511 0 512 0 513 0 514 0 515 0 516 0 517 0 518 0 519 0 520 11 521 11 522 11 523 11 524 11 525 11 526 11 527 11 528 11 529 0 530 0 531 0 532 0 533 0 534 18 535 18 536 18 537 18 538 18 539 18 540 18 541 18 542 18 543 18 544 11 545 11 546 11 547 11 548 11 549 11 550 17 551 17 552 17 553 17 554 11 555 11 556 11 557 11 558 11 559 11 560 18 561 18 562 18 563 18 564 18 565 18 566 18 567 17 568 17 569 17 570 17 571 17 572 17 573 17 574 17 575 17 576 17 577 17 578 17 579 17 580 17 581 17 582 17 583 17 584 17 585 17 586 17 587 17 588 17 589 17 590 17 591 17 592 17 593 17 594 17 595 17 596 11 597 0 598 0 599 11 600 11 601 0 602 0 603 11 604 11 605 11 606 11 607 11 608</v>
        </vertex_weights>
      </skin>
    </controller>
  </library_controllers>
  <library_visual_scenes>
    <visual_scene id="Scene" name="Scene">
      <node id="machairophoros_sele2_Skin" name="machairophoros_sele2_Skin" type="NODE">
        <translate sid="location">0 0 0</translate>
        <rotate sid="rotationZ">0 0 1 0</rotate>
        <rotate sid="rotationY">0 1 0 0</rotate>
        <rotate sid="rotationX">1 0 0 0</rotate>
        <scale sid="scale">1 1 1</scale>
        <node id="machairophoros_sele2_Skin_root" name="root" sid="root" type="JOINT">
          <matrix sid="transform">1 5.49894e-16 2.62398e-8 0 2.62398e-8 -1.34359e-7 -1 -1.01207e-7 2.97565e-15 1 -1.19209e-7 2.154822 0 0 0 1</matrix>
          <node id="machairophoros_sele2_Skin_pelvis" name="pelvis" sid="pelvis" type="JOINT">
            <matrix sid="transform">1 0 9.28837e-9 2.88204e-4 -3.46018e-16 1 3.72528e-8 -0.1648533 -9.28837e-9 -3.72528e-8 1 -0.05965076 0 0 0 1</matrix>
            <node id="machairophoros_sele2_Skin_femurleft" name="femurleft" sid="femurleft" type="JOINT">
              <matrix sid="transform">1 -3.87761e-15 5.08076e-9 0.2292777 0 1 -3.72529e-8 -0.0098176 -5.08076e-9 3.75012e-8 1 0.05965088 0 0 0 1</matrix>
              <node id="machairophoros_sele2_Skin_butt-l" name="butt-l" sid="butt-l" type="JOINT">
                <matrix sid="transform">1 -4.56025e-15 4.2319e-9 4.67554e-4 6.30602e-16 1 -1.49012e-7 -0.098526 -4.2319e-9 1.49012e-7 1 -0.2278655 0 0 0 1</matrix>
                <extra>
                  <technique profile="blender">
                    <layer sid="layer" type="string">0</layer>
                    <roll sid="roll" type="float">0</roll>
                    <tip_x sid="tip_x" type="float">0</tip_x>
                    <tip_y sid="tip_y" type="float">0</tip_y>
                    <tip_z sid="tip_z" type="float">0.1</tip_z>
                  </technique>
                </extra>
              </node>
              <node id="machairophoros_sele2_Skin_knee-l-top" name="knee-l-top" sid="knee-l-top" type="JOINT">
                <matrix sid="transform">1 -4.56025e-15 7.79386e-9 0.02838683 -4.6455e-15 1 5.96047e-7 -0.4877242 -7.79386e-9 -5.96047e-7 1 0.3577119 0 0 0 1</matrix>
                <extra>
                  <technique profile="blender">
                    <layer sid="layer" type="string">0</layer>
                    <roll sid="roll" type="float">0</roll>
                    <tip_x sid="tip_x" type="float">0</tip_x>
                    <tip_y sid="tip_y" type="float">0</tip_y>
                    <tip_z sid="tip_z" type="float">0.1</tip_z>
                  </technique>
                </extra>
              </node>
              <node id="machairophoros_sele2_Skin_knee-l-bopttom" name="knee-l-bopttom" sid="knee-l-bopttom" type="JOINT">
                <matrix sid="transform">1 -4.56025e-15 3.00215e-8 0.03209621 5.59194e-15 1 -1.86264e-7 -0.736926 -3.00215e-8 1.86264e-7 1 -0.03760032 0 0 0 1</matrix>
                <node id="machairophoros_sele2_Skin_ankle_left" name="ankle left" sid="ankle_left" type="JOINT">
                  <matrix sid="transform">1 -5.11041e-8 8.89747e-7 0.008728117 2.95466e-7 -0.9295399 -0.3687219 -1.121673 8.45897e-7 0.3687219 -0.9295423 -0.06275661 0 0 0 1</matrix>
                  <node id="machairophoros_sele2_Skin_foot_left01" name="foot left01" sid="foot_left01" type="JOINT">
                    <matrix sid="transform">1 7.68619e-7 2.72813e-5 2.68221e-7 -2.54319e-5 0.3889674 0.9212515 0.2168389 -9.90343e-6 -0.9212515 0.3889675 -0.2809217 0 0 0 1</matrix>
                    <extra>
                      <technique profile="blender">
                        <layer sid="layer" type="string">0</layer>
                        <roll sid="roll" type="float">2.75844e-5</roll>
                        <tip_x sid="tip_x" type="float">0</tip_x>
                        <tip_y sid="tip_y" type="float">-0.09997606</tip_y>
                        <tip_z sid="tip_z" type="float">-0.00218749</tip_z>
                      </technique>
                    </extra>
                  </node>
                  <extra>
                    <technique profile="blender">
                      <layer sid="layer" type="string">0</layer>
                      <roll sid="roll" type="float">8.29585e-7</roll>
                      <tip_x sid="tip_x" type="float">0</tip_x>
                      <tip_y sid="tip_y" type="float">-0.03687214</tip_y>
                      <tip_z sid="tip_z" type="float">-0.09295403</tip_z>
                    </technique>
                  </extra>
                </node>
                <extra>
                  <technique profile="blender">
                    <layer sid="layer" type="string">0</layer>
                    <roll sid="roll" type="float">0</roll>
                    <tip_x sid="tip_x" type="float">0</tip_x>
                    <tip_y sid="tip_y" type="float">0</tip_y>
                    <tip_z sid="tip_z" type="float">0.1</tip_z>
                  </technique>
                </extra>
              </node>
              <extra>
                <technique profile="blender">
                  <layer sid="layer" type="string">0</layer>
                  <roll sid="roll" type="float">0</roll>
                  <tip_x sid="tip_x" type="float">0</tip_x>
                  <tip_y sid="tip_y" type="float">0</tip_y>
                  <tip_z sid="tip_z" type="float">0.0999999</tip_z>
                </technique>
              </extra>
            </node>
            <node id="machairophoros_sele2_Skin_femurright" name="femurright" sid="femurright" type="JOINT">
              <matrix sid="transform">1 -3.87761e-15 5.08076e-9 -0.2316408 0 1 0 -0.0098176 -5.08076e-9 2.48278e-10 1 0.05965088 0 0 0 1</matrix>
              <node id="machairophoros_sele2_Skin_butt-r" name="butt-r" sid="butt-r" type="JOINT">
                <matrix sid="transform">1 -4.37098e-15 5.58592e-9 -0.003262356 3.32947e-15 1 -5.96046e-7 -0.09589529 -5.58592e-9 5.96046e-7 1 -0.2262757 0 0 0 1</matrix>
                <extra>
                  <technique profile="blender">
                    <layer sid="layer" type="string">0</layer>
                    <roll sid="roll" type="float">0</roll>
                    <tip_x sid="tip_x" type="float">0</tip_x>
                    <tip_y sid="tip_y" type="float">0</tip_y>
                    <tip_z sid="tip_z" type="float">0.1</tip_z>
                  </technique>
                </extra>
              </node>
              <node id="machairophoros_sele2_Skin_knee-r-top" name="knee-r-top" sid="knee-r-top" type="JOINT">
                <matrix sid="transform">1 -4.37098e-15 9.03824e-9 0.05288468 5.38721e-15 0.9999999 -5.96046e-7 -0.4883386 -9.03824e-9 5.96046e-7 1 0.3589506 0 0 0 1</matrix>
                <extra>
                  <technique profile="blender">
                    <layer sid="layer" type="string">0</layer>
                    <roll sid="roll" type="float">0</roll>
                    <tip_x sid="tip_x" type="float">0</tip_x>
                    <tip_y sid="tip_y" type="float">0</tip_y>
                    <tip_z sid="tip_z" type="float">0.1</tip_z>
                  </technique>
                </extra>
              </node>
              <node id="machairophoros_sele2_Skin_knee-r-bopttom" name="knee-r-bopttom" sid="knee-r-bopttom" type="JOINT">
                <matrix sid="transform">1 -4.37098e-15 1.55375e-8 -0.01414061 0 1 0 -0.7370361 -1.55375e-8 0 1 -0.03760032 0 0 0 1</matrix>
                <node id="machairophoros_sele2_Skin_ankleright" name="ankleright" sid="ankleright" type="JOINT">
                  <matrix sid="transform">1 -1.86264e-8 7.91425e-7 -0.01317592 2.74501e-7 -0.92954 -0.3687212 -1.118303 7.42529e-7 0.3687212 -0.9295406 -0.06275675 0 0 0 1</matrix>
                  <node id="machairophoros_sele2_Skin_foot_right01" name="foot right01" sid="foot_right01" type="JOINT">
                    <matrix sid="transform">1 6.80213e-7 1.80002e-5 2.68221e-7 -1.68473e-5 0.388967 0.9212518 0.2168391 -6.37483e-6 -0.9212518 0.388967 -0.2809221 0 0 0 1</matrix>
                    <extra>
                      <technique profile="blender">
                        <layer sid="layer" type="string">0</layer>
                        <roll sid="roll" type="float">1.82834e-5</roll>
                        <tip_x sid="tip_x" type="float">0</tip_x>
                        <tip_y sid="tip_y" type="float">-0.09997606</tip_y>
                        <tip_z sid="tip_z" type="float">-0.00218749</tip_z>
                      </technique>
                    </extra>
                  </node>
                  <extra>
                    <technique profile="blender">
                      <layer sid="layer" type="string">0</layer>
                      <roll sid="roll" type="float">7.39234e-7</roll>
                      <tip_x sid="tip_x" type="float">0</tip_x>
                      <tip_y sid="tip_y" type="float">-0.03687208</tip_y>
                      <tip_z sid="tip_z" type="float">-0.09295403</tip_z>
                    </technique>
                  </extra>
                </node>
                <extra>
                  <technique profile="blender">
                    <layer sid="layer" type="string">0</layer>
                    <roll sid="roll" type="float">0</roll>
                    <tip_x sid="tip_x" type="float">0</tip_x>
                    <tip_y sid="tip_y" type="float">0</tip_y>
                    <tip_z sid="tip_z" type="float">0.1</tip_z>
                  </technique>
                </extra>
              </node>
              <extra>
                <technique profile="blender">
                  <layer sid="layer" type="string">0</layer>
                  <roll sid="roll" type="float">0</roll>
                  <tip_x sid="tip_x" type="float">0</tip_x>
                  <tip_y sid="tip_y" type="float">0</tip_y>
                  <tip_z sid="tip_z" type="float">0.0999999</tip_z>
                </technique>
              </extra>
            </node>
            <node id="machairophoros_sele2_Skin_lumbar" name="lumbar" sid="lumbar" type="JOINT">
              <matrix sid="transform">1 -3.87761e-15 4.81516e-9 0.004538174 0 1 3.72529e-8 0.189765 -4.81516e-9 -3.70047e-8 1 -0.05340066 0 0 0 1</matrix>
              <node id="machairophoros_sele2_Skin_rib" name="rib" sid="rib" type="JOINT">
                <matrix sid="transform">1 -4.16581e-15 4.29795e-9 -0.01278648 0 1 0 0.7050576 -4.29795e-9 2.48249e-10 1 0.1130516 0 0 0 1</matrix>
                <node id="machairophoros_sele2_Skin_scapula" name="scapula" sid="scapula" type="JOINT">
                  <matrix sid="transform">0.2430054 -0.9700249 -7.23741e-8 0.4182977 0.9700249 0.2430054 -1.30896e-7 0.2449708 1.4456e-7 -3.83963e-8 1 -4.30138e-8 0 0 0 1</matrix>
                  <node id="machairophoros_sele2_Skin_ulna" name="ulna" sid="ulna" type="JOINT">
                    <matrix sid="transform">1 -8.9407e-8 8.6727e-8 0.1237385 8.9407e-8 0.9999999 -1.77636e-15 -0.5993564 -8.6727e-8 1.42109e-14 1 -1.34624e-8 0 0 0 1</matrix>
                    <node id="machairophoros_sele2_Skin_carpal" name="carpal" sid="carpal" type="JOINT">
                      <matrix sid="transform">1 1.2219e-6 -1.07442e-8 0.1033101 -9.68575e-7 1 -1.49012e-7 -0.5754043 1.0744e-8 1.49012e-7 1 0.07377817 0 0 0 1</matrix>
                      <node id="machairophoros_sele2_Skin_ammo_node_1" name="ammo node 1" sid="ammo_node_1" type="JOINT">
                        <matrix sid="transform">0.9999999 2.98111e-7 -1.3575e-5 0.176681 -1.35154e-5 0.001922249 -0.999998 0.2353455 -2.72363e-7 0.9999982 0.001922246 -0.07377826 0 0 0 1</matrix>
                        <extra>
                          <technique profile="blender">
                            <layer sid="layer" type="string">0</layer>
                            <roll sid="roll" type="float">-2.307433</roll>
                            <tip_x sid="tip_x" type="float">-1.86443e-4</tip_x>
                            <tip_y sid="tip_y" type="float">-0.09999984</tip_y>
                            <tip_z sid="tip_z" type="float">4.673e-5</tip_z>
                          </technique>
                        </extra>
                      </node>
                      <extra>
                        <technique profile="blender">
                          <layer sid="layer" type="string">0</layer>
                          <roll sid="roll" type="float">-1.325333</roll>
                          <tip_x sid="tip_x" type="float">-0.09700238</tip_x>
                          <tip_y sid="tip_y" type="float">0</tip_y>
                          <tip_z sid="tip_z" type="float">0.02430057</tip_z>
                        </technique>
                      </extra>
                    </node>
                    <extra>
                      <technique profile="blender">
                        <layer sid="layer" type="string">0</layer>
                        <roll sid="roll" type="float">-1.325333</roll>
                        <tip_x sid="tip_x" type="float">-0.09700262</tip_x>
                        <tip_y sid="tip_y" type="float">0</tip_y>
                        <tip_z sid="tip_z" type="float">0.02430057</tip_z>
                      </technique>
                    </extra>
                  </node>
                  <extra>
                    <technique profile="blender">
                      <layer sid="layer" type="string">0</layer>
                      <roll sid="roll" type="float">-1.325334</roll>
                      <tip_x sid="tip_x" type="float">-0.09700262</tip_x>
                      <tip_y sid="tip_y" type="float">0</tip_y>
                      <tip_z sid="tip_z" type="float">0.02430057</tip_z>
                    </technique>
                  </extra>
                </node>
                <node id="machairophoros_sele2_Skin_scapula01" name="scapula01" sid="scapula01" type="JOINT">
                  <matrix sid="transform">0.2300997 0.9731671 -2.62417e-8 -0.4432708 -0.973167 0.2300998 1.9245e-11 0.2449708 6.05694e-9 2.55331e-8 1 -4.30138e-8 0 0 0 1</matrix>
                  <node id="machairophoros_sele2_Skin_ulna01" name="ulna01" sid="ulna01" type="JOINT">
                    <matrix sid="transform">1 1.49012e-8 -1.40012e-7 -0.1120019 1.49012e-8 1 -1.19209e-7 -0.5993565 1.40012e-7 1.19209e-7 1 -1.50636e-8 0 0 0 1</matrix>
                    <node id="machairophoros_sele2_Skin_carpal_right" name="carpal right" sid="carpal_right" type="JOINT">
                      <matrix sid="transform">1 -1.01328e-6 -5.80053e-8 -0.1377439 5.96046e-7 1 -8.91731e-13 -0.5311356 5.80053e-8 8.9706e-13 1 -1.42296e-7 0 0 0 1</matrix>
                      <node id="machairophoros_sele2_Skin_smoke_node_1" name="smoke node 1" sid="smoke_node_1" type="JOINT">
                        <matrix sid="transform">0.9999999 9.32254e-7 -1.58221e-4 0.0260942 -1.5834e-4 -0.006772575 -0.9999771 -0.1824128 -2.00381e-6 0.9999771 -0.006772518 0.04844671 0 0 0 1</matrix>
                        <node id="machairophoros_sele2_Skin_ammo_node_0" name="ammo node 0" sid="ammo_node_0" type="JOINT">
                          <matrix sid="transform">0.9999999 -1.03116e-4 -2.22806e-6 0.002621651 1.53133e-6 -0.006772004 0.999977 1.569696 -1.03042e-4 -0.9999769 -0.006771932 0.04448843 0 0 0 1</matrix>
                          <extra>
                            <technique profile="blender">
                              <layer sid="layer" type="string">0</layer>
                              <roll sid="roll" type="float">1.33867</roll>
                              <tip_x sid="tip_x" type="float">0.09773302</tip_x>
                              <tip_y sid="tip_y" type="float">0</tip_y>
                              <tip_z sid="tip_z" type="float">0.02310276</tip_z>
                            </technique>
                          </extra>
                        </node>
                        <extra>
                          <technique profile="blender">
                            <layer sid="layer" type="string">0</layer>
                            <roll sid="roll" type="float">1.338428</roll>
                            <tip_x sid="tip_x" type="float">-6.59108e-4</tip_x>
                            <tip_y sid="tip_y" type="float">-0.09999769</tip_y>
                            <tip_z sid="tip_z" type="float">-1.55926e-4</tip_z>
                          </technique>
                        </extra>
                      </node>
                      <extra>
                        <technique profile="blender">
                          <layer sid="layer" type="string">0</layer>
                          <roll sid="roll" type="float">1.338616</roll>
                          <tip_x sid="tip_x" type="float">0.09731674</tip_x>
                          <tip_y sid="tip_y" type="float">0</tip_y>
                          <tip_z sid="tip_z" type="float">0.02301001</tip_z>
                        </technique>
                      </extra>
                    </node>
                    <extra>
                      <technique profile="blender">
                        <layer sid="layer" type="string">0</layer>
                        <roll sid="roll" type="float">1.338616</roll>
                        <tip_x sid="tip_x" type="float">0.09731686</tip_x>
                        <tip_y sid="tip_y" type="float">0</tip_y>
                        <tip_z sid="tip_z" type="float">0.02301001</tip_z>
                      </technique>
                    </extra>
                  </node>
                  <extra>
                    <technique profile="blender">
                      <layer sid="layer" type="string">0</layer>
                      <roll sid="roll" type="float">1.338616</roll>
                      <tip_x sid="tip_x" type="float">0.0973168</tip_x>
                      <tip_y sid="tip_y" type="float">0</tip_y>
                      <tip_z sid="tip_z" type="float">0.02301001</tip_z>
                    </technique>
                  </extra>
                </node>
                <node id="machairophoros_sele2_Skin_neck" name="neck" sid="neck" type="JOINT">
                  <matrix sid="transform">1 -4.42306e-15 3.79429e-9 -0.01369714 2.32617e-16 0.9999999 -6.13072e-8 0.4694993 -3.79429e-9 6.13072e-8 1 -1.36333e-7 0 0 0 1</matrix>
                  <node id="machairophoros_sele2_Skin_skull" name="skull" sid="skull" type="JOINT">
                    <matrix sid="transform">1 -4.88277e-15 1.48448e-9 -0.007297663 0 1 7.45046e-9 0.4520025 -1.48448e-9 -7.45045e-9 1 7.10192e-8 0 0 0 1</matrix>
                    <node id="machairophoros_sele2_Skin_nogginbottom" name="nogginbottom" sid="nogginbottom" type="JOINT">
                      <matrix sid="transform">1 2.3283e-9 2.36499e-7 0.001799162 -1.22153e-8 0.9991254 0.0418141 0.08982587 -2.36195e-7 -0.0418141 0.9991254 0.2822085 0 0 0 1</matrix>
                      <extra>
                        <technique profile="blender">
                          <layer sid="layer" type="string">0</layer>
                          <roll sid="roll" type="float">2.86376e-7</roll>
                          <tip_x sid="tip_x" type="float">0</tip_x>
                          <tip_y sid="tip_y" type="float">0.004181385</tip_y>
                          <tip_z sid="tip_z" type="float">0.09991264</tip_z>
                        </technique>
                      </extra>
                    </node>
                    <node id="machairophoros_sele2_Skin_plumes" name="plumes" sid="plumes" type="JOINT">
                      <matrix sid="transform">1 2.3283e-9 3.70634e-7 -0.002369048 -1.01487e-8 0.9997773 0.02110134 0.1819341 -3.70502e-7 -0.02110134 0.9997773 0.1862073 0 0 0 1</matrix>
                      <extra>
                        <technique profile="blender">
                          <layer sid="layer" type="string">0</layer>
                          <roll sid="roll" type="float">4.20543e-7</roll>
                          <tip_x sid="tip_x" type="float">0</tip_x>
                          <tip_y sid="tip_y" type="float">0.002110123</tip_y>
                          <tip_z sid="tip_z" type="float">0.09997797</tip_z>
                        </technique>
                      </extra>
                    </node>
                    <node id="machairophoros_sele2_Skin_skulltop" name="skulltop" sid="skulltop" type="JOINT">
                      <matrix sid="transform">1 -5.05157e-15 4.60018e-9 -0.00416824 0 1 3.55271e-14 0.3702886 -4.60018e-9 -3.55271e-14 1 -2.13163e-14 0 0 0 1</matrix>
                      <extra>
                        <technique profile="blender">
                          <layer sid="layer" type="string">0</layer>
                          <roll sid="roll" type="float">0</roll>
                          <tip_x sid="tip_x" type="float">0</tip_x>
                          <tip_y sid="tip_y" type="float">0</tip_y>
                          <tip_z sid="tip_z" type="float">0.0999999</tip_z>
                        </technique>
                      </extra>
                    </node>
                    <extra>
                      <technique profile="blender">
                        <layer sid="layer" type="string">0</layer>
                        <roll sid="roll" type="float">0</roll>
                        <tip_x sid="tip_x" type="float">0</tip_x>
                        <tip_y sid="tip_y" type="float">0</tip_y>
                        <tip_z sid="tip_z" type="float">0.1000001</tip_z>
                      </technique>
                    </extra>
                  </node>
                  <node id="machairophoros_sele2_Skin_smoke_node_0" name="smoke node 0" sid="smoke_node_0" type="JOINT">
                    <matrix sid="transform">1 -1.268e-5 -1.10467e-6 0.006514959 -1.10467e-6 1.07102e-7 -0.9999999 0.09218764 1.268e-5 0.9999999 2.38244e-7 0.2430202 0 0 0 1</matrix>
                    <extra>
                      <technique profile="blender">
                        <layer sid="layer" type="string">0</layer>
                        <roll sid="roll" type="float">3.141592</roll>
                        <tip_x sid="tip_x" type="float">-1.26287e-6</tip_x>
                        <tip_y sid="tip_y" type="float">-0.09999996</tip_y>
                        <tip_z sid="tip_z" type="float">0</tip_z>
                      </technique>
                    </extra>
                  </node>
                  <extra>
                    <technique profile="blender">
                      <layer sid="layer" type="string">0</layer>
                      <roll sid="roll" type="float">0</roll>
                      <tip_x sid="tip_x" type="float">0</tip_x>
                      <tip_y sid="tip_y" type="float">0</tip_y>
                      <tip_z sid="tip_z" type="float">0.1000001</tip_z>
                    </technique>
                  </extra>
                </node>
                <node id="machairophoros_sele2_Skin_cloaktop" name="cloaktop" sid="cloaktop" type="JOINT">
                  <matrix sid="transform">1 -4.42306e-15 6.60961e-9 0.009935169 9.8491e-16 0.9999999 -1.49012e-7 0.3512919 -6.60961e-9 1.49012e-7 1 -0.1981267 0 0 0 1</matrix>
                  <node id="machairophoros_sele2_Skin_cloak" name="cloak" sid="cloak" type="JOINT">
                    <matrix sid="transform">1 -5.80357e-15 1.47715e-10 0.004538156 0 1 1.49011e-7 -0.859081 -1.47715e-10 -1.48763e-7 1 -0.2356979 0 0 0 1</matrix>
                    <node id="machairophoros_sele2_Skin_cloakbottom" name="cloakbottom" sid="cloakbottom" type="JOINT">
                      <matrix sid="transform">1 -5.81241e-15 0 -0.02733967 0 1 0 -0.8312191 0 2.48605e-10 1 -0.1177092 0 0 0 1</matrix>
                      <extra>
                        <technique profile="blender">
                          <layer sid="layer" type="string">0</layer>
                          <roll sid="roll" type="float">0</roll>
                          <tip_x sid="tip_x" type="float">0</tip_x>
                          <tip_y sid="tip_y" type="float">0</tip_y>
                          <tip_z sid="tip_z" type="float">0.1</tip_z>
                        </technique>
                      </extra>
                    </node>
                    <extra>
                      <technique profile="blender">
                        <layer sid="layer" type="string">0</layer>
                        <roll sid="roll" type="float">0</roll>
                        <tip_x sid="tip_x" type="float">0</tip_x>
                        <tip_y sid="tip_y" type="float">0</tip_y>
                        <tip_z sid="tip_z" type="float">0.1000001</tip_z>
                      </technique>
                    </extra>
                  </node>
                  <extra>
                    <technique profile="blender">
                      <layer sid="layer" type="string">0</layer>
                      <roll sid="roll" type="float">0</roll>
                      <tip_x sid="tip_x" type="float">0</tip_x>
                      <tip_y sid="tip_y" type="float">0</tip_y>
                      <tip_z sid="tip_z" type="float">0.0999999</tip_z>
                    </technique>
                  </extra>
                </node>
                <extra>
                  <technique profile="blender">
                    <layer sid="layer" type="string">0</layer>
                    <roll sid="roll" type="float">0</roll>
                    <tip_x sid="tip_x" type="float">0</tip_x>
                    <tip_y sid="tip_y" type="float">0</tip_y>
                    <tip_z sid="tip_z" type="float">0.0999999</tip_z>
                  </technique>
                </extra>
              </node>
              <extra>
                <technique profile="blender">
                  <layer sid="layer" type="string">0</layer>
                  <roll sid="roll" type="float">0</roll>
                  <tip_x sid="tip_x" type="float">0</tip_x>
                  <tip_y sid="tip_y" type="float">0</tip_y>
                  <tip_z sid="tip_z" type="float">0.0999999</tip_z>
                </technique>
              </extra>
            </node>
            <extra>
              <technique profile="blender">
                <layer sid="layer" type="string">0</layer>
                <roll sid="roll" type="float">0</roll>
                <tip_x sid="tip_x" type="float">0</tip_x>
                <tip_y sid="tip_y" type="float">0</tip_y>
                <tip_z sid="tip_z" type="float">0.1000001</tip_z>
              </technique>
            </extra>
          </node>
          <extra>
            <technique profile="blender">
              <layer sid="layer" type="string">0</layer>
              <roll sid="roll" type="float">0</roll>
              <tip_x sid="tip_x" type="float">0</tip_x>
              <tip_y sid="tip_y" type="float">0</tip_y>
              <tip_z sid="tip_z" type="float">0.1000001</tip_z>
            </technique>
          </extra>
        </node>
      </node>
      <node id="helm_002" name="helm_002" type="NODE">
        <translate sid="location">0 0 0</translate>
        <rotate sid="rotationZ">0 0 1 0</rotate>
        <rotate sid="rotationY">0 1 0 0</rotate>
        <rotate sid="rotationX">1 0 0 0</rotate>
        <scale sid="scale">1 1 1</scale>
        <instance_controller url="#machairophoros_sele2_Skin_helm_002-skin">
          <skeleton>#machairophoros_sele2_Skin_root</skeleton>
          <bind_material>
            <technique_common>
              <instance_material symbol="hoplis_001-material" target="#hoplis_001-material"/>
              <instance_material symbol="Material_002-material" target="#Material_002-material"/>
            </technique_common>
          </bind_material>
        </instance_controller>
      </node>
      <node id="LAMP_FRONT_PEACH" name="LAMP_FRONT_PEACH" type="NODE">
        <translate sid="location">0.07793808 -21.84175 55.79722</translate>
        <rotate sid="rotationZ">0 0 1 -2.26178</rotate>
        <rotate sid="rotationY">0 1 0 2.618239</rotate>
        <rotate sid="rotationX">1 0 0 20.30057</rotate>
        <scale sid="scale">3.598536 3.598536 3.598536</scale>
        <instance_light url="#LAMP_FRONT_PEACH-light"/>
      </node>
      <node id="Lamp_WEST" name="Lamp_WEST" type="NODE">
        <translate sid="location">-28.80603 3.436447 33.30629</translate>
        <rotate sid="rotationZ">0 0 1 82.37506</rotate>
        <rotate sid="rotationY">0 1 0 -0.7803906</rotate>
        <rotate sid="rotationX">1 0 0 -41.8746</rotate>
        <scale sid="scale">3.598536 3.598536 3.598536</scale>
        <instance_light url="#Lamp_WEST-light"/>
      </node>
      <node id="Camera" name="Camera" type="NODE">
        <translate sid="location">7.481132 -6.50764 5.343665</translate>
        <rotate sid="rotationZ">0 0 1 46.69194</rotate>
        <rotate sid="rotationY">0 1 0 0</rotate>
        <rotate sid="rotationX">1 0 0 63.5593</rotate>
        <scale sid="scale">1 1 1</scale>
        <instance_camera url="#Camera-camera"/>
      </node>
      <node id="Lamp" name="Lamp" type="NODE">
        <translate sid="location">6.320361 1.005454 8.128572</translate>
        <rotate sid="rotationZ">0 0 1 106.9363</rotate>
        <rotate sid="rotationY">0 1 0 3.163707</rotate>
        <rotate sid="rotationX">1 0 0 37.26105</rotate>
        <scale sid="scale">1 0.9999999 1</scale>
        <instance_light url="#Lamp-light"/>
      </node>
    </visual_scene>
  </library_visual_scenes>
  <scene>
    <instance_visual_scene url="#Scene"/>
  </scene>
</COLLADA>