<?xml version="1.0" encoding="utf-8"?>
<COLLADA xmlns="http://www.collada.org/2005/11/COLLADASchema" version="1.4.1" xmlns:xsi="http://www.w3.org/2001/XMLSchema-instance">
  <asset>
    <contributor>
      <author>Blender User</author>
      <authoring_tool>Blender 2.79.0 commit date:2017-09-11, commit time:10:43, hash:5bd8ac9</authoring_tool>
    </contributor>
    <created>2019-02-03T07:55:07</created>
    <modified>2019-02-03T07:55:07</modified>
    <unit name="meter" meter="1"/>
    <up_axis>Z_UP</up_axis>
  </asset>
  <library_cameras>
    <camera id="Camera-camera" name="Camera">
      <optics>
        <technique_common>
          <perspective>
            <xfov sid="xfov">49.13434</xfov>
            <aspect_ratio>1.777778</aspect_ratio>
            <znear sid="znear">0.1</znear>
            <zfar sid="zfar">100</zfar>
          </perspective>
        </technique_common>
      </optics>
      <extra>
        <technique profile="blender">
          <shiftx sid="shiftx" type="float">0</shiftx>
          <shifty sid="shifty" type="float">0</shifty>
          <YF_dofdist sid="YF_dofdist" type="float">0</YF_dofdist>
        </technique>
      </extra>
    </camera>
  </library_cameras>
  <library_lights>
    <light id="LAMP_FRONT_PEACH-light" name="Lamp.002">
      <technique_common>
        <ambient>
          <color>1 1 1</color>
        </ambient>
      </technique_common>
      <extra>
        <technique profile="blender">
          <type sid="type" type="int">3</type>
          <flag sid="flag" type="int">0</flag>
          <mode sid="mode" type="int">8192</mode>
          <gamma sid="blender_gamma" type="float">1</gamma>
          <red sid="red" type="float">1</red>
          <green sid="green" type="float">1</green>
          <blue sid="blue" type="float">1</blue>
          <shadow_r sid="blender_shadow_r" type="float">0</shadow_r>
          <shadow_g sid="blender_shadow_g" type="float">0</shadow_g>
          <shadow_b sid="blender_shadow_b" type="float">0</shadow_b>
          <energy sid="blender_energy" type="float">1</energy>
          <dist sid="blender_dist" type="float">29.99998</dist>
          <spotsize sid="spotsize" type="float">75</spotsize>
          <spotblend sid="spotblend" type="float">0.15</spotblend>
          <halo_intensity sid="blnder_halo_intensity" type="float">1</halo_intensity>
          <att1 sid="att1" type="float">0</att1>
          <att2 sid="att2" type="float">1</att2>
          <falloff_type sid="falloff_type" type="int">2</falloff_type>
          <clipsta sid="clipsta" type="float">1.000799</clipsta>
          <clipend sid="clipend" type="float">30.002</clipend>
          <bias sid="bias" type="float">1</bias>
          <soft sid="soft" type="float">3</soft>
          <compressthresh sid="compressthresh" type="float">0.04999995</compressthresh>
          <bufsize sid="bufsize" type="int">2880</bufsize>
          <samp sid="samp" type="int">3</samp>
          <buffers sid="buffers" type="int">1</buffers>
          <filtertype sid="filtertype" type="int">0</filtertype>
          <bufflag sid="bufflag" type="int">0</bufflag>
          <buftype sid="buftype" type="int">2</buftype>
          <ray_samp sid="ray_samp" type="int">1</ray_samp>
          <ray_sampy sid="ray_sampy" type="int">1</ray_sampy>
          <ray_sampz sid="ray_sampz" type="int">1</ray_sampz>
          <ray_samp_type sid="ray_samp_type" type="int">0</ray_samp_type>
          <area_shape sid="area_shape" type="int">0</area_shape>
          <area_size sid="area_size" type="float">10000</area_size>
          <area_sizey sid="area_sizey" type="float">100</area_sizey>
          <area_sizez sid="area_sizez" type="float">1</area_sizez>
          <adapt_thresh sid="adapt_thresh" type="float">0.000999987</adapt_thresh>
          <ray_samp_method sid="ray_samp_method" type="int">1</ray_samp_method>
          <shadhalostep sid="shadhalostep" type="int">0</shadhalostep>
          <sun_effect_type sid="sun_effect_type" type="int">0</sun_effect_type>
          <skyblendtype sid="skyblendtype" type="int">1</skyblendtype>
          <horizon_brightness sid="horizon_brightness" type="float">1</horizon_brightness>
          <spread sid="spread" type="float">1</spread>
          <sun_brightness sid="sun_brightness" type="float">1</sun_brightness>
          <sun_size sid="sun_size" type="float">1</sun_size>
          <backscattered_light sid="backscattered_light" type="float">1</backscattered_light>
          <sun_intensity sid="sun_intensity" type="float">1</sun_intensity>
          <atm_turbidity sid="atm_turbidity" type="float">2</atm_turbidity>
          <atm_extinction_factor sid="atm_extinction_factor" type="float">1</atm_extinction_factor>
          <atm_distance_factor sid="atm_distance_factor" type="float">1</atm_distance_factor>
          <skyblendfac sid="skyblendfac" type="float">1</skyblendfac>
          <sky_exposure sid="sky_exposure" type="float">1</sky_exposure>
          <sky_colorspace sid="sky_colorspace" type="int">0</sky_colorspace>
        </technique>
      </extra>
    </light>
  </library_lights>
  <library_images/>
  <library_effects>
    <effect id="cemmeinarn-effect">
      <profile_COMMON>
        <technique sid="common">
          <phong>
            <emission>
              <color sid="emission">0 0 0 1</color>
            </emission>
            <ambient>
              <color sid="ambient">0 0 0 1</color>
            </ambient>
            <diffuse>
              <color sid="diffuse">0.64 0.64 0.64 1</color>
            </diffuse>
            <specular>
              <color sid="specular">0.5 0.5 0.5 1</color>
            </specular>
            <shininess>
              <float sid="shininess">50</float>
            </shininess>
            <index_of_refraction>
              <float sid="index_of_refraction">1</float>
            </index_of_refraction>
          </phong>
        </technique>
      </profile_COMMON>
    </effect>
    <effect id="machairophor_001-effect">
      <profile_COMMON>
        <technique sid="common">
          <phong>
            <emission>
              <color sid="emission">0 0 0 1</color>
            </emission>
            <ambient>
              <color sid="ambient">0 0 0 1</color>
            </ambient>
            <diffuse>
              <color sid="diffuse">0.64 0.64 0.64 1</color>
            </diffuse>
            <specular>
              <color sid="specular">0.5 0.5 0.5 1</color>
            </specular>
            <shininess>
              <float sid="shininess">50</float>
            </shininess>
            <index_of_refraction>
              <float sid="index_of_refraction">1</float>
            </index_of_refraction>
          </phong>
        </technique>
      </profile_COMMON>
    </effect>
    <effect id="machairophor_003-effect">
      <profile_COMMON>
        <technique sid="common">
          <phong>
            <emission>
              <color sid="emission">0 0 0 1</color>
            </emission>
            <ambient>
              <color sid="ambient">0 0 0 1</color>
            </ambient>
            <diffuse>
              <color sid="diffuse">0.64 0.64 0.64 1</color>
            </diffuse>
            <specular>
              <color sid="specular">0.5 0.5 0.5 1</color>
            </specular>
            <shininess>
              <float sid="shininess">50</float>
            </shininess>
            <index_of_refraction>
              <float sid="index_of_refraction">1</float>
            </index_of_refraction>
          </phong>
        </technique>
      </profile_COMMON>
    </effect>
  </library_effects>
  <library_materials>
    <material id="cemmeinarn-material" name="cemmeinarn">
      <instance_effect url="#cemmeinarn-effect"/>
    </material>
    <material id="machairophor_001-material" name="machairophor_001">
      <instance_effect url="#machairophor_001-effect"/>
    </material>
    <material id="machairophor_003-material" name="machairophor_003">
      <instance_effect url="#machairophor_003-effect"/>
    </material>
  </library_materials>
  <library_geometries>
    <geometry id="gaul_lightsp_001-mesh" name="gaul_lightsp.001">
      <mesh>
        <source id="gaul_lightsp_001-mesh-positions">
          <float_array id="gaul_lightsp_001-mesh-positions-array" count="2217">0.2089482 -0.0117436 3.744408 0.1851543 0.07698816 3.37022 -0.2208361 -0.01174718 3.744359 -0.1970275 0.07698667 3.370177 -0.1970275 0.07698667 3.370177 0.128959 -0.1671545 3.34041 0.128959 -0.1671545 3.34041 0.128959 -0.1671545 3.34041 -0.1691415 -0.2361345 3.741458 -0.1407932 -0.1671066 3.340383 -0.1407932 -0.1671066 3.340383 0.1184682 -0.2124768 3.505786 0.1184682 -0.2124768 3.505786 -0.1272866 -0.2106302 3.494622 -0.004045665 -0.2941043 3.500503 -0.004915714 -0.238699 3.744018 -0.02803903 -0.2939044 3.499297 -0.004915595 -0.2809885 3.643821 0.01835232 -0.2943264 3.501846 -0.003861308 -0.2235142 3.340398 -0.004103422 -0.3624086 3.501899 0.02211236 -0.2867526 3.602013 0.1433834 -0.2730576 3.596052 0.1433834 -0.2730576 3.596052 -0.03881442 -0.2870534 3.601878 -0.1555452 -0.2732177 3.596974 0.1572661 -0.2327058 3.744748 0.1572661 -0.2327058 3.744748 0.2141569 0.007822453 3.815409 0.1060656 -0.3560875 3.732809 0.1939975 0.05135685 3.638698 -0.1139164 -0.1721673 3.79221 0.0418418 0.2374635 3.703878 -0.01791089 0.1641059 3.80646 -0.07149517 -0.006508231 3.778671 0.1288757 -0.1130063 3.772331 0.1530972 0.05206841 3.708755 0.03608888 0.1541762 3.779297 0.1880829 -0.2383547 3.969652 -0.02608448 -0.1541364 3.88924 0.09804546 -0.2561021 3.724439 0.2267702 -0.2316136 3.704248 0.1072406 -0.1550389 3.902372 0.1072406 -0.1550389 3.902372 0.1208857 -0.2428288 3.743939 0.1208857 -0.2428288 3.743939 0.3105349 0.1448327 3.868607 0.2581561 0.2426686 3.906966 0.2165892 -0.08011025 3.709344 0.1601069 -0.1781679 3.722226 0.1344349 -0.04254621 3.732864 0.2719733 0.3072276 3.84475 0.2039594 0.2917528 3.814319 0.2039594 0.2917528 3.814319 0.1214081 -0.01082301 3.710131 0.1214081 -0.01082301 3.710131 0.1486912 -0.143895 3.775345 0.2021696 0.1074295 3.955933 0.07885265 0.3788338 3.783545 0.1393543 0.02672249 3.683227 0.1221252 0.01914161 3.769236 0.1362938 0.06488573 3.87674 0.236459 -0.3445771 3.775557 -0.02716869 -0.1245718 3.799669 -0.005095183 0.1182474 3.876733 -0.02734619 0.04641067 3.887201 -0.02720248 -0.0920403 3.816323 0.1198011 -0.1496474 3.881658 0.1987336 0.1441113 3.845206 0.03108024 0.1564744 3.819665 -0.08199393 0.08380407 3.843021 -0.3668111 0.01208537 3.802118 -0.1840432 0.05206841 3.708753 -0.1840432 0.05206841 3.708753 -0.09173947 0.1541762 3.779297 -0.09173947 0.1541762 3.779297 -0.1219182 0.05135679 3.638696 -0.08512175 0.2374635 3.703878 -8.24573e-4 -0.1206611 3.914945 -0.1305116 -0.1466587 3.915054 -0.1788093 -0.1933028 3.725836 -0.209929 -0.1032497 3.758631 -0.2700501 -0.2316137 3.685509 -0.243734 -0.09825742 3.91024 -0.1628915 -0.155039 3.902371 -0.1628915 -0.155039 3.902371 -0.1189553 -0.2500655 3.716878 -0.1189553 -0.2500655 3.716878 -0.1523749 -0.08209043 3.766337 0.008102774 -0.1166181 3.951267 -0.03468972 -0.1541364 3.88924 -0.09611493 -0.2215116 3.683172 -0.3001866 0.06889462 3.941674 -0.2010985 -0.1317595 3.762785 -0.2083088 -0.2229246 3.709342 -0.4091762 0.1997686 3.954751 -0.1036082 -0.04254621 3.732863 -0.09058123 -0.01082295 3.71013 -0.09058123 -0.01082295 3.71013 -0.1428841 0.3279437 3.798466 -0.1428841 0.3279437 3.798466 -0.2576186 0.3086749 3.8498 -0.2269991 -0.1990686 4.029002 -0.1896828 -0.1438951 3.775343 -0.07516342 0.02672249 3.683225 -0.2740092 0.4158929 3.822865 -0.1754519 -0.1496474 3.881656 -0.1777758 0.01163786 3.813895 -0.02830469 0.04641067 3.887201 -0.02844804 -0.0920403 3.735886 0.02303731 0.004513502 3.852564 -0.1919447 0.06488573 3.876738 -0.2543845 0.1441113 3.845204 -0.08673101 0.1564744 3.819664 0.197538 -0.1649224 3.840821 -0.2334017 -0.1649203 3.840814 0.1677433 -0.225119 3.734351 0.1670051 -0.2262238 3.733027 -0.1972665 -0.2251209 3.734349 -0.1965274 -0.2262255 3.733026 0.05478566 0.008033454 3.886424 0.08827108 -0.02636927 3.903798 -0.2679402 -0.1822857 3.744592 0.1297397 -0.1003827 3.720388 -0.1972464 0.2007001 3.637195 0.166286 0.1843227 3.637198 0.03142553 0.2318285 3.730916 0.04221135 0.2793077 3.730916 -0.1689671 0.2097387 3.655026 -0.1356228 -0.03251683 3.781683 0.288529 -0.1371827 3.793121 0.288529 -0.1371827 3.793121 0.09318822 0.2100721 3.687996 0.09318822 0.2100721 3.687996 -0.2659734 0.08162325 4.01691 -0.3648253 0.03941965 3.950776 -0.07876557 0.212421 4.026572 -0.3350025 0.1753574 3.804266 -7.93498e-4 -0.01466107 3.835322 -0.1426689 -0.04918265 3.722084 -0.1040715 -0.07805037 3.794388 -0.07283562 -0.07045024 3.81932 -0.0145002 -0.02527564 3.832277 -0.1345027 0.1387418 3.997266 -0.3197795 0.07511883 3.854065 -0.3197795 0.07511883 3.854065 -0.1217482 -0.06482982 3.761275 -0.1217482 -0.06482982 3.761275 0.08202821 0.1387418 3.997267 0.2134988 0.08162331 4.016912 0.02036166 -0.07045024 3.81932 -0.03797376 -0.02527564 3.832277 -0.05168044 -0.01466107 3.835321 0.02629095 0.212421 4.026572 0.007729172 0.1772764 3.816353 0.04539269 0.1772764 3.816353 -0.2034296 -0.05059635 3.833781 0.3299151 0.01767188 3.795791 -0.1268055 0.184776 3.687132 0.1418444 0.1847778 3.687133 0.04218274 0.2789536 3.733705 -0.01696443 0.2789538 3.733705 -0.1059071 0.2026942 3.695992 -0.1130511 0.1320699 3.826321 0.1244257 0.1429783 3.823915 0.1244257 0.1429783 3.823915 0.08782529 0.2358235 3.712377 0.08782529 0.2358235 3.712377 -0.2659733 -0.1967622 3.997384 -0.3648254 -0.2188111 3.922091 -0.07876557 -0.07387173 4.043209 -0.3350025 -0.04735958 3.8194 -7.93408e-4 -0.2384861 3.796123 -0.1426689 -0.2400007 3.677749 -0.1040714 -0.2879168 3.739107 -0.07283544 -0.2875838 3.765169 -0.01450014 -0.2478275 3.790234 -0.1345027 -0.1364306 3.994482 -0.3197795 -0.1575175 3.839206 -0.3197795 -0.1575175 3.839206 -0.121748 -0.2659726 3.711006 -0.121748 -0.2659726 3.711006 0.08202821 -0.1364306 3.994484 0.2134988 -0.1967622 3.997387 0.02036184 -0.2875837 3.76517 -0.0379737 -0.2478275 3.790233 0.05159771 -0.2879168 3.739108 0.3123509 -0.2188111 3.922095 0.2673054 -0.1575176 3.83921 0.2673054 -0.1575176 3.83921 0.06927448 -0.2659726 3.711007 0.06927448 -0.2659726 3.711007 -0.05168038 -0.2384861 3.796123 0.02629095 -0.07387167 4.04321 0.2825285 -0.04735946 3.819403 0.09019541 -0.2400007 3.67775 0.01072925 0.03855901 3.859198 -0.0269342 0.03855901 3.859197 0.221888 0.1095772 3.898017 -0.2090517 0.1095793 3.89801 0.1913552 0.06745558 3.733028 -0.1721771 0.06745386 3.733026 -0.03731685 -0.03598171 3.75143 0.04272007 -0.03598189 3.75143 0.1630759 0.04777562 3.736529 0.1315096 0.07918077 3.881402 -0.1059672 0.06937944 3.876041 -0.1059672 0.06937944 3.876041 -0.09907948 0.01138913 3.743001 -0.09907948 0.01138913 3.743001 0.2089482 -0.0117436 3.744408 0.1851543 0.07698816 3.37022 -0.2208361 -0.01174718 3.744359 -0.1970275 0.07698667 3.370177 0.06847292 0.1746769 3.380233 0.06847292 0.1746769 3.380233 -0.09074997 0.1746768 3.380213 -0.09074997 0.1746768 3.380213 -0.007201731 0.169858 3.746041 -0.007201731 0.169858 3.746041 -0.007201731 0.169858 3.746041 -0.1423197 0.1723812 3.612724 -0.1423197 0.1723812 3.612724 -0.1423197 0.1723812 3.612724 0.1186253 0.1723812 3.612745 0.1186253 0.1723812 3.612745 0.1186253 0.1723812 3.612745 0.4524809 0.1187858 2.149453 0.4524809 0.1187858 2.149453 0.4524809 0.1187858 2.149453 0.4524809 0.1187858 2.149453 0.4648842 0.4731842 2.196403 0.4648842 0.4731842 2.196403 0.4648842 0.4731842 2.196403 0.4458498 0.4680199 2.346462 0.4458498 0.4680199 2.346462 0.4700372 0.1187844 2.297171 0.4700372 0.1187844 2.297171 0.06596589 0.616692 2.284745 0.06596589 0.616692 2.284745 0.06596589 0.616692 2.284745 0.06596589 0.616692 2.284745 0.06596589 0.616692 2.284745 0.1737992 0.668669 2.427586 0.1737992 0.668669 2.427586 -0.2048768 0.5279418 2.644756 -0.2048768 0.5279418 2.644756 0.1348658 -0.3643225 2.587214 0.1348658 -0.3643225 2.587214 0.1348658 -0.3643225 2.587214 0.1348658 -0.3643225 2.587214 0.08300656 -0.4162994 2.427586 0.08300656 -0.4162994 2.427586 -0.1889926 -0.3643304 2.593466 0.01042908 -0.3643225 2.284744 0.01042908 -0.3643225 2.284744 0.01042908 -0.3643225 2.284744 0.01042908 -0.3643225 2.284744 0.3785356 -0.265317 2.196403 0.3785356 -0.265317 2.196403 0.4288711 -0.2498721 2.34646 0.4288711 -0.2498721 2.34646 0.4288711 -0.2498721 2.34646 0.1602469 0.5541406 2.587214 0.1602469 0.5541406 2.587214 0.1602469 0.5541406 2.587214 -0.1583757 0.5062562 2.650363 -0.1583757 0.5062562 2.650363 -0.07127034 0.5034988 2.732761 -0.4065669 0.4698138 2.912847 -0.4065669 0.4698138 2.912847 -0.485296 0.3076145 3.183159 -0.485296 0.3076145 3.183159 -0.485296 0.3076145 3.183159 -0.485296 0.3076145 3.183159 -0.485296 0.3076145 3.183159 -0.3073825 0.339739 3.160982 -0.3073825 0.339739 3.160982 -0.2109916 0.5217927 2.942991 -0.4640231 0.07786059 3.258897 -0.363893 0.2327731 3.350576 -0.363893 0.2327731 3.350576 -0.4340787 -0.2653287 3.004154 -0.4340787 -0.2653287 3.004154 -0.2820109 -0.2498831 3.228959 -0.2820109 -0.2498831 3.228959 -0.35535 -0.364337 2.851003 -0.35535 -0.364337 2.851003 -0.2109917 -0.4163158 2.881146 -0.2109917 -0.4163158 2.881146 0.0129953 -0.3326115 2.746709 0.0129953 -0.3326115 2.746709 0.0129953 -0.3326115 2.746709 -0.08813732 -0.4163089 2.691615 0.4569124 0.4690634 2.51637 0.4569124 0.4690634 2.51637 0.4569124 0.4690634 2.51637 0.4597092 0.1187859 2.469422 0.4597092 0.1187859 2.469422 0.4597092 0.1187859 2.469422 0.4597092 0.1187859 2.469422 0.00859493 0.500664 2.766176 0.00859493 0.500664 2.766176 0.00859493 0.500664 2.766176 -0.2313928 0.2871289 3.29918 -0.2313928 0.2871289 3.29918 -0.2313928 0.2871289 3.29918 -0.09795874 0.5029389 2.891918 -0.09795874 0.5029389 2.891918 -0.09795874 0.5029389 2.891918 -0.2850149 0.1087425 3.329319 -0.2850149 0.1087425 3.329319 -0.2850149 0.1087425 3.329319 -0.2850149 0.1087425 3.329319 -0.09795898 -0.3037408 2.891918 -0.09795898 -0.3037408 2.891918 -0.09795898 -0.3037408 2.891918 -0.186145 -0.2047324 3.041587 -0.186145 -0.2047324 3.041587 -0.186145 -0.2047324 3.041587 0.4101909 -0.2653171 2.51637 0.4101909 -0.2653171 2.51637 0.4101909 -0.2653171 2.51637 -0.1499273 0.4708362 2.646872 -0.006724834 0.4634689 2.668572 0.1560438 0.4225118 2.68299 -0.004980981 -0.3598204 2.904089 -0.1837855 -0.3260127 2.896152 0.4292279 -0.06212925 3.250582 0.1852955 -0.2055307 3.281582 0.1852955 -0.2055307 3.281582 0.4117529 0.2203884 3.171734 0.4117529 0.2203884 3.171734 0.4117529 0.2203884 3.171734 0.2627819 0.1507964 3.388217 0.2627819 0.1507964 3.388217 0.2489843 0.3326507 3.157316 0.2489843 0.3326507 3.157316 0.1504359 0.04076212 3.326214 0.1504359 0.04076212 3.326214 0.1057819 0.399626 3.135617 0.1057819 0.399626 3.135617 0.1574934 0.2236183 3.215161 0.1574934 0.2236183 3.215161 0.3325755 0.3428266 3.220347 0.3325755 0.3428266 3.220347 -0.3438989 0.3428353 3.22035 0.3325755 0.3428266 3.220347 -0.3438989 0.3428353 3.22035 0.3325755 0.3428266 3.220347 -0.3438989 0.3428353 3.22035 0.3325755 0.3428266 3.220347 0.3325755 0.3428266 3.220347 -0.3438989 0.3428353 3.22035 0.2140172 0.1252885 3.425006 0.2140172 0.1252885 3.425006 0.1842678 -0.09812337 0.1608952 0.1842678 -0.09812337 0.1608952 0.1121419 -0.09720945 0.1606008 0.1121419 -0.09720945 0.1606008 0.04267627 -0.04257214 0.08858025 0.04267627 -0.04257214 0.08858025 0.1125355 0.07487326 -0.01049202 0.1125355 0.07487326 -0.01049202 0.1850702 0.08720445 -0.009604573 0.2542987 -0.02578788 0.09036612 0.2542987 -0.02578788 0.09036612 0.1850702 0.08720445 -0.009604573 0.1850702 0.08720445 -0.009604573 0.1842678 -0.09812337 0.1608952 0.1842678 -0.09812337 0.1608952 0.1125355 0.07487326 -0.01049202 0.2262259 -0.3480752 0.07996481 0.2262259 -0.3480752 0.07996481 0.1379379 -0.3470398 0.07953524 0.05290633 -0.397803 0.03646206 0.05290633 -0.397803 0.03646206 0.1384198 -0.3476939 0.004401147 0.2272081 -0.3333435 -2.84012e-4 0.3119496 -0.378225 0.03021693 0.3119496 -0.378225 0.03021693 0.1379379 -0.3470398 0.07953524 0.2262259 -0.3480752 0.07996481 0.05290633 -0.397803 0.03646206 0.1384198 -0.3476939 0.004401147 -0.2124432 0.08825451 -0.01003223 -0.1386529 0.07574695 -0.0109902 -0.1386529 0.07574695 -0.0109902 -0.0675711 -0.04285883 0.08798968 -0.0675711 -0.04285883 0.08798968 -0.1382535 -0.09822952 0.1600933 -0.1382535 -0.09822952 0.1600933 -0.2116279 -0.0991379 0.1604486 -0.2116279 -0.0991379 0.1604486 -0.2828704 -0.02568262 0.08999216 -0.2828704 -0.02568262 0.08999216 -0.2116279 -0.0991379 0.1604486 -0.2116279 -0.0991379 0.1604486 -0.2124432 0.08825451 -0.01003223 -0.2124432 0.08825451 -0.01003223 -0.1386529 0.07574695 -0.0109902 -0.2529173 -0.3312776 -0.001204013 -0.1625919 -0.3458378 0.003534972 -0.07558196 -0.3972978 0.03603464 -0.07558196 -0.3972978 0.03603464 -0.162103 -0.3473778 0.07941764 -0.2519192 -0.348402 0.07985889 -0.2519192 -0.348402 0.07985889 -0.3391259 -0.3772491 0.0296837 -0.3391259 -0.3772491 0.0296837 -0.07558196 -0.3972978 0.03603464 -0.1625919 -0.3458378 0.003534972 -0.162103 -0.3473778 0.07941764 -0.2519192 -0.348402 0.07985889 0.1204302 -0.1096813 0.3223881 0.07049417 -0.07240879 0.3221944 -0.07660853 -0.04234218 0.3216245 -0.2236285 -0.1124176 0.3210547 0.04849618 -0.04186344 0.3221093 -0.2236285 -0.1124176 0.3210548 -0.1473886 -0.1111463 0.3213503 0.1971464 -0.1110177 0.3226853 -0.1322603 -0.08786725 0.3214089 -0.307915 -0.0133748 0.3207281 0.2832855 -0.0134657 0.3230192 0.1971464 -0.1110177 0.3226853 -0.2347395 0.1256349 0.3546468 -0.1560906 0.1195798 0.3556218 -0.2347395 0.1256349 0.3546468 0.1764135 0.08124577 0.3501822 0.2092027 0.1241733 0.3602918 0.2092027 0.1241733 0.3602917 0.1276377 0.07295632 0.3493809 0.3847177 0.1970087 2.167411 -0.3774753 -0.1631532 2.159373 -0.3814083 0.1970064 2.168279 0.3807902 -0.1631522 2.158506 0.002144515 0.2809153 1.684734 0.01252746 -0.03861671 1.804928 0.02454912 -0.3106508 1.804863 0.02454912 -0.3106508 1.804863 -0.01662397 -0.3109054 1.80506 -0.01662397 -0.3109054 1.80506 -0.004487574 -0.03900444 1.804897 0.001567006 -0.3440954 2.148463 -0.3814083 0.1970064 2.168279 0.3847177 0.1970087 2.167411 -0.3774753 -0.1631532 2.159373 0.3807902 -0.1631522 2.158506 -0.3774753 -0.1631532 2.159373 -0.3774753 -0.1631532 2.159373 0.001567006 -0.3440954 2.148463 0.001567006 -0.3440954 2.148463 0.3807902 -0.1631522 2.158506 0.3807902 -0.1631522 2.158506 0.3847177 0.1970087 2.167411 -0.3814083 0.1970064 2.168279 0.3847177 0.1970087 2.167411 0.002144515 0.2809153 1.684734 0.002144515 0.2809153 1.684734 0.01252746 -0.03861671 1.804928 -0.004487574 -0.03900444 1.804897 0.002144515 0.2809153 1.684734 0.3847177 0.1970087 2.167411 -0.3814083 0.1970064 2.168279 -0.3814083 0.1970064 2.168279 0.005493283 -0.006397664 3.339379 -0.3904694 0.3025177 2.890996 -0.3783341 -0.0869553 3.118049 -0.4021018 -0.1895683 2.882275 0.005391895 -0.1549815 3.316617 0.369812 0.2998414 2.898678 0.3824338 -0.1960445 2.879445 0.3443577 -0.08695507 3.142243 -0.01797223 -0.2709476 2.880888 -0.3870192 0.1183254 3.209893 -0.2126145 0.163116 3.310558 0.2113364 0.1640428 3.308272 0.3567104 0.1226032 3.230181 -0.3783341 -0.0869553 3.118049 -0.3870192 0.1183254 3.209893 -0.4021018 -0.1895683 2.882275 -0.3783341 -0.0869553 3.118049 -0.4021018 -0.1895683 2.882275 -0.3904694 0.3025177 2.890996 0.369812 0.2998414 2.898678 0.369812 0.2998414 2.898678 -0.3904694 0.3025177 2.890996 -0.3904694 0.3025177 2.890996 -0.3904694 0.3025177 2.890996 0.369812 0.2998414 2.898678 0.3824338 -0.1960445 2.879445 0.369812 0.2998414 2.898678 0.3824338 -0.1960445 2.879445 0.3443577 -0.08695507 3.142243 0.3824338 -0.1960445 2.879445 0.3567104 0.1226032 3.230181 -0.3783341 -0.0869553 3.118049 -0.3870192 0.1183254 3.209893 -0.2126145 0.163116 3.310558 0.005493283 -0.006397664 3.339379 -0.2126145 0.163116 3.310558 0.2113364 0.1640428 3.308272 0.2113364 0.1640428 3.308272 0.3567104 0.1226032 3.230181 0.3443577 -0.08695507 3.142243 0.9727833 0.1978638 3.126193 0.9366508 0.0286957 3.038311 1.006599 0.01714581 3.269184 0.9758723 -0.140169 3.121969 0.5385261 0.1230341 3.303709 0.5313282 -0.04742169 3.279212 0.9366508 0.0286957 3.038311 1.006599 0.01714581 3.269184 0.9366508 0.0286957 3.038311 0.5385261 0.1230341 3.303709 0.5313282 -0.04742169 3.279212 1.562966 0.09794956 2.999027 1.619382 0.01647019 3.167123 1.579094 -0.1209576 3.031731 1.817519 0.1168655 3.087131 1.822551 -0.123188 3.143911 1.775871 -0.1246858 2.955334 1.776811 0.09826612 2.954458 1.562966 0.09794956 2.999027 1.619382 0.01647019 3.167123 1.817519 0.1168655 3.087131 1.822551 -0.123188 3.143911 1.776811 0.09826612 2.954458 -0.5644758 -0.04734855 3.255929 -0.9791455 0.02867144 2.998641 -1.014756 0.1977 3.086656 -1.047713 0.01712542 3.229693 -1.017865 -0.1400579 3.082452 -0.5715253 0.1228447 3.280431 -0.9791455 0.02867144 2.998641 -1.047713 0.01712542 3.229693 -0.5644758 -0.04734855 3.255929 -0.5715253 0.1228447 3.280431 -1.603602 0.09796118 3.002318 -1.659026 0.01647287 3.170763 -1.619536 -0.1209704 3.03512 -1.857631 0.1168807 3.091936 -1.817705 0.09827864 2.959009 -1.816761 -0.1246985 2.959879 -1.862328 -0.1232002 3.148751 -1.603602 0.09796118 3.002318 -1.659026 0.01647287 3.170763 -1.857631 0.1168807 3.091936 -1.862328 -0.1232002 3.148751 -1.817705 0.09827864 2.959009 0.4403579 0.008090734 1.945612 0.3995763 -0.2142853 1.942292 0.3995763 -0.2142853 1.942292 0.2709617 -0.2081359 1.319662 0.08700197 -0.2031986 1.318011 0.003065526 -0.07075566 1.316409 0.08824855 0.2426009 1.283018 0.3179239 0.2023997 1.286889 0.4397299 0.05784481 1.326417 0.003065526 -0.07075566 1.316409 0.4397299 0.05784481 1.326417 0.4403579 0.008090734 1.945612 0.2557528 -0.1696956 1.058937 0.1581194 -0.1663932 1.058069 0.06681251 -0.03963315 1.057071 0.1586515 0.06901961 1.088411 0.2568391 0.2591077 1.090447 0.3754494 0.02571272 1.062741 0.06681251 -0.03963315 1.057071 0.3754494 0.02571272 1.062741 0.1581194 -0.1663932 1.058069 0.2557528 -0.1696956 1.058937 0.06681251 -0.03963315 1.057071 0.1586515 0.06901961 1.088411 0.2568391 0.2591077 1.090447 0.3754494 0.02571272 1.062741 0.2568391 0.2591077 1.090447 0.2557528 -0.1696956 1.058937 0.4647666 0.3598664 1.855041 0.4622184 0.3254433 1.603088 0.4647666 0.3598664 1.855041 -0.396692 -0.2142865 1.942937 -0.396692 -0.2142865 1.942937 -0.4374765 0.008087158 1.946319 -0.3441657 0.2025441 1.286074 -0.1140186 0.2428056 1.281957 -0.1140186 0.2428056 1.281957 -0.02826118 -0.0716679 1.316369 -0.02826118 -0.0716679 1.316369 -0.112773 -0.2033139 1.316654 -0.294741 -0.208148 1.318617 -0.4330116 0.05796086 1.325672 -0.02826118 -0.0716679 1.316369 -0.4374765 0.008087158 1.946319 -0.4330116 0.05796086 1.325672 -0.2796742 0.2629293 1.089602 -0.1895359 0.2656107 1.058779 -0.1049917 -0.04071956 1.055384 -0.1890486 -0.1700524 1.056749 -0.2786786 -0.173335 1.057796 -0.3883464 0.02615183 1.061742 -0.1049917 -0.04071956 1.055384 -0.3883464 0.02615183 1.061742 -0.1895359 0.2656107 1.058779 -0.2796742 0.2629293 1.089602 -0.1049917 -0.04071956 1.055384 -0.1890486 -0.1700524 1.056749 -0.2786786 -0.173335 1.057796 -0.3883464 0.02615183 1.061742 -0.2786786 -0.173335 1.057796 -0.2796742 0.2629293 1.089602 -0.4472523 0.359862 1.855365 -0.4611415 0.3212041 1.677511 -0.4472523 0.359862 1.855365 0.1054939 -0.1600896 0.243246 0.03841757 -0.1078571 0.2207022 -0.05247741 -0.05810165 0.2014687 -0.2299787 -0.1469538 0.238555 0.008868932 -0.06500029 0.2023156 -0.2299787 -0.1469537 0.2385551 -0.1379321 -0.1451626 0.2381905 0.2085424 -0.1617594 0.2444035 -0.1196673 -0.115728 0.2257291 -0.33174 -0.02208411 0.1849147 0.3242481 -0.02446502 0.1864111 0.2085424 -0.1617594 0.2444035 -0.2433933 0.2650581 0.1467841 -0.1484382 0.2664393 0.1510957 -0.2433933 0.2650581 0.1467841 0.1806931 0.2743238 0.1623809 0.2247369 0.2610907 0.1488417 0.2247369 0.2610907 0.1488415 0.1151753 0.2767212 0.1663793 2.183562 1.120064 2.847066 2.123821 0.7826908 2.9125 2.069025 0.7963589 2.828144 2.030216 0.8304286 2.959845 1.950799 0.8517897 2.849766 2.322461 1.480774 2.818633 1.240186 -1.070273 3.175465 2.349087 1.470089 2.827879 1.221771 -1.074674 3.076502 2.342928 1.468617 2.794777 2.066334 1.186815 2.846233 2.039067 0.8421137 2.892162 1.984072 0.8551215 2.807831 1.940776 0.8778522 2.940574 1.860793 0.8975648 2.830598 2.169724 1.560287 2.839763 1.255404 -1.073802 3.012349 1.337455 -1.099401 3.039446 2.197169 1.551725 2.848826 1.320574 -1.100015 2.940114 2.191523 1.551519 2.815602 2.070911 0.001597642 3.051496 2.070911 0.001597642 3.051496 0.7846651 0.001597821 3.356019 0.7846651 0.001597821 3.356019 1.406651 0.001597702 3.334532 1.406651 0.001597702 3.334532 1.860809 -0.9793606 3.204533 0.9470325 -0.9844213 3.424375 1.430405 -0.2792171 3.363272 0.8201707 -0.7007257 3.365381 1.147603 0.001597762 3.359245 1.147603 0.001597762 3.359245 1.291855 0.001597762 3.32059 1.628839 0.001597702 3.239216 1.743557 0.001597702 3.210013 1.743557 0.001597702 3.210013 1.960954 -0.681506 3.061865 1.959834 -0.6839664 3.062278 1.540733 -1.340407 3.227124 1.288055 -1.055089 3.317885 1.427098 -1.341743 3.25196 1.327152 -1.342918 3.273803 1.86081 0.9825561 3.204533 0.9470327 0.9876168 3.424375 1.430405 0.2824126 3.363272 0.8201709 0.7039215 3.365381 1.960955 0.6847015 3.061865 1.959834 0.687162 3.062278 1.540733 1.343602 3.227125 1.288056 1.058285 3.317885 1.427098 1.344938 3.25196 1.327152 1.346113 3.273804 2.078983 0.001597642 3.07329 2.078957 0.001597642 3.073202 2.078983 0.001597642 3.07329 0.7927368 0.001597821 3.377813 0.792711 0.001597821 3.377725 1.414723 0.001597702 3.356326 1.414697 0.001597702 3.356239 1.414697 0.001597702 3.356239 1.414723 0.001597702 3.356326 1.414723 0.001597702 3.356326 1.868881 -0.9793606 3.226327 0.9551041 -0.9844213 3.446169 1.438477 -0.2792171 3.385067 1.438477 -0.2792171 3.385067 0.8282423 -0.7007257 3.387175 1.155674 0.001597762 3.381039 1.155649 0.001597762 3.380951 1.155674 0.001597762 3.381039 1.299927 0.001597762 3.342385 1.636911 0.001597702 3.26101 1.751603 0.001597702 3.23172 1.751603 0.001597702 3.23172 1.751628 0.001597702 3.231808 1.751628 0.001597702 3.231808 1.969026 -0.681506 3.08366 1.969026 -0.681506 3.08366 1.967905 -0.6839665 3.084072 1.967905 -0.6839665 3.084072 1.548804 -1.340407 3.248919 1.296127 -1.055089 3.339679 1.296127 -1.055089 3.339679 1.43517 -1.341743 3.273754 1.43517 -1.341743 3.273754 1.335224 -1.342918 3.295598 1.868856 0.9825561 3.226239 0.9550786 0.9876168 3.446082 1.438451 0.2824126 3.384979 1.438451 0.2824126 3.384979 0.8282168 0.7039215 3.387088 1.969001 0.6847015 3.083572 1.969001 0.6847015 3.083572 1.96788 0.6871619 3.083985 1.96788 0.6871619 3.083985 1.548779 1.343602 3.248831 1.296102 1.058285 3.339592 1.296102 1.058285 3.339592 1.435144 1.344938 3.273667 1.435144 1.344938 3.273667 1.335198 1.346113 3.295511 2.322461 1.480774 2.818633 2.349087 1.470089 2.827879 0.9251323 -1.167666 3.476529</float_array>
          <technique_common>
            <accessor source="#gaul_lightsp_001-mesh-positions-array" count="739" stride="3">
              <param name="X" type="float"/>
              <param name="Y" type="float"/>
              <param name="Z" type="float"/>
            </accessor>
          </technique_common>
        </source>
        <source id="gaul_lightsp_001-mesh-normals">
          <float_array id="gaul_lightsp_001-mesh-normals-array" count="1638">0.9732984 -0.227694 -0.02908027 0.9499258 -0.06479489 -0.3056839 0.9286545 -0.3685499 -0.04209351 0.9713268 -0.2099537 -0.1115514 -0.9712776 -0.2101375 -0.1116334 -0.9187373 -0.3936792 -0.03063714 -0.9506258 -0.0665096 -0.3031289 -0.9740014 -0.2239497 -0.0341773 0.3809025 -0.89761 -0.2218323 0.591809 -0.7050767 -0.3906776 0.0151109 -0.9149139 -0.4033661 0.1455248 -0.9629978 0.2268431 0.1207658 -0.9608239 0.2494657 -0.02044308 -0.9211082 0.3887698 -0.6422309 -0.7663384 -0.01628118 -0.07717525 -0.8409677 -0.5355535 -0.3526167 -0.8560888 -0.3778536 0.02546197 -0.7725276 -0.6344705 -0.6301501 -0.7599635 -0.1592683 0.507516 -0.7461279 0.4309532 0.949605 -0.313221 -0.01196312 -0.4163114 -0.7896813 0.450653 -0.940347 -0.3314723 -0.07663911 0.534313 -0.6262248 -0.5677607 0.1153604 -0.9908125 0.07058697 -0.1230755 -0.9639693 0.2358298 -0.1241957 -0.9628938 0.2396063 0.05003774 -0.020446 -0.998538 0.05961686 -0.02044343 -0.9980121 0.03227925 -0.9208208 0.3886479 9.99321e-5 -2.17619e-5 -1 1.22209e-4 0.1211887 -0.9926295 -0.1205447 -0.1225937 0.9851091 -0.1099932 -0.2639949 0.9582319 0.1215838 -0.1703955 0.977846 0.06580203 0.06452977 0.995744 0.7642349 0.4702291 0.4413951 0.7135933 0.4425117 0.5431097 -0.7872753 -0.5655816 0.2455917 0.1014381 -0.9947867 -0.01048052 -0.05465346 -0.8670147 0.4952764 0.08738011 -0.8681369 0.4885725 0.0560978 0.3903363 -0.9189617 0.7884219 -0.3918489 0.4741788 0.7850493 -0.1139346 -0.608865 0.357584 0.2153456 -0.9087133 0.679801 -0.5410047 0.4951612 0.6342083 -0.5356042 0.5575913 0.4276151 0.3148875 -0.8473437 0.9314517 -0.3161536 0.1801236 0.5267336 -0.3869196 0.7568653 -0.1499612 0.5495044 0.8219226 -0.1038322 0.4373747 0.893265 0.2689428 0.7126877 0.6478781 -0.4600394 -0.6208253 0.6347754 -0.4979925 -0.3955694 0.7717049 -0.2632168 0.6272766 0.7329673 -0.4263765 0.7424293 -0.5167223 -0.7990704 0.4372134 0.4127117 -0.6974436 0.3557768 -0.6220895 -0.1839519 0.9190984 0.3484534 -0.8537365 -0.4113106 0.3193079 -0.2087212 -0.8301243 0.5170388 -0.5327945 -0.7977119 0.2824637 -0.3515688 0.7543959 0.5543342 -0.4231616 -0.8831786 0.2023113 0.05388593 -0.8834781 0.4653632 0.7689332 -0.6390075 -0.02027738 -0.008791923 -0.5051954 0.8629602 -0.7161175 -0.6270155 0.3066388 -0.4258412 0.1661726 -0.8894076 -0.7707954 -0.1303604 -0.623603 -0.9249667 -0.3196344 -0.2055981 -0.8046059 -0.5637161 0.1866381 -0.8657301 -0.003150582 -0.5005015 -0.07684355 -0.371289 0.9253321 0.6025024 0.3165 0.7326791 -0.1575018 -0.7284879 0.6667072 0.1995012 0.3428488 0.9179619 0.1038234 0.4373728 0.893267 0.6810666 -0.7024502 0.2066689 -0.771888 -0.6288671 0.09335458 -0.4279374 0.4344797 0.7925258 -0.5077605 0.3432313 0.7901719 0.6153998 0.5243426 0.5885134 0.6015893 0.531641 0.5961949 -0.5716237 0.3176605 0.7565304 -0.5762017 0.3149882 0.7541711 0.3377097 -0.3036714 -0.8909186 0.6030732 0.5218764 0.6032809 0.2953025 -0.5955931 0.7470377 0.3452932 -0.527907 0.7759426 -0.6428323 -0.5712832 -0.5102962 -0.4605801 -0.8812682 -0.1059828 0.3138198 -0.5462895 0.7765855 0.2740408 -0.5749897 0.7709012 -0.711021 -0.3964896 -0.5807283 -0.5815311 -0.8133983 -0.01431792 -0.3452978 -0.5279068 0.7759407 -0.2953067 -0.5955948 0.7470347 -0.2740349 -0.5749852 0.7709066 -0.3138269 -0.5462885 0.7765833 -0.624651 0.3955789 0.6732966 -0.28142 0.8500522 0.4452124 0.2855441 0.7805615 0.5560471 0.6958085 0.466125 0.546423 -0.8634912 0.4374803 0.250986 -0.6912053 0.650563 0.3146477 0.5256143 0.7925673 0.3091387 0.7253121 0.6271071 0.2840053 0.2952846 -0.7805922 0.5508928 0.3452814 -0.7236763 0.5975561 -0.6428454 -0.4059575 -0.6495755 -0.4605783 -0.8165788 -0.3479464 0.3138182 -0.7415037 0.5930351 0.2740328 -0.7674613 0.5795767 -0.711029 -0.2184315 -0.6683753 -0.5815387 -0.7770109 -0.2409704 -0.3452879 -0.7236755 0.5975534 -0.2952889 -0.7805923 0.5508903 0.4605823 -0.8165791 -0.3479406 0.6428508 -0.4059526 -0.6495732 -0.2740139 -0.76747 0.5795742 -0.3138208 -0.7415031 0.5930343 0.5815418 -0.7770095 -0.2409678 0.7110388 -0.2184335 -0.6683642 0.5103139 -0.628948 0.5865189 0.264778 -0.928863 0.2590485 -0.2668752 -0.8884361 0.3734421 -0.567732 -0.6504371 0.504591 0.281861 -0.9408489 0.1880366 0.570517 -0.7680752 0.2908109 -0.3278002 -0.9303537 0.1642835 -0.6069461 -0.7395714 0.2909477 0.6301357 0.7658025 -0.1283575 -0.9081746 0.4165785 0.04100209 0.8800108 0.4716545 0.05588591 -0.6629086 0.7355387 -0.1397674 -8.90265e-7 0.9999513 0.00987333 -1.50928e-6 0.9999514 0.009872615 -0.5396504 0.6296475 0.5588574 -1.60611e-6 0.999821 0.01892417 0.5480087 0.6474984 0.5295585 0.9909728 -0.05110162 0.1239422 0.9894073 0.08512115 -0.1175913 0.2055737 0.8595133 -0.4679493 0.6103011 0.7852547 0.1044393 -0.1029614 0.9070492 0.4082412 -0.3748227 0.9255329 -0.05382233 -0.09499692 0.8655623 0.4917087 -0.2930976 0.7936103 0.5331761 -0.7732212 0.1328125 0.6200726 -0.1006446 0.879065 0.4659566 -0.7249398 -0.450215 0.5213144 -0.3684612 -0.2854398 0.8847376 -0.3814741 -0.853277 0.355522 -0.398508 -0.8563536 0.328405 0.4012135 -0.7899814 0.4636348 0.3108517 -0.9288621 0.2014611 -0.2957292 -0.9358342 -0.1917253 -0.2968023 -0.9354905 -0.1917448 0.2622507 -0.964933 0.01134669 0.2967491 -0.8390098 -0.4560728 0.9726669 -0.2013823 -0.1156045 0.942412 -0.1454985 -0.3011477 0.9948074 0.07810783 -0.06525051 0.9982074 -5.15243e-5 0.05985146 0.6061713 0.6209463 0.4969729 0.2703971 0.9624617 -0.02351659 0.1647775 0.9860458 0.02370852 -0.2589318 0.9657852 0.01460409 -0.0640968 0.9697665 0.235467 0.1936876 0.789259 0.5827137 -0.3610345 0.7881067 0.4985401 0.3659064 0.767387 0.5265261 0.7801211 0.4160415 0.467248 -0.7713128 0.3243691 0.5475958 -0.164106 -0.2671121 0.9495897 0.6125032 -0.6570439 0.4394692 0.8801844 0.07565891 0.468563 0.4012157 -0.7899811 0.4636336 0.6254086 -0.6667399 0.4053665 0.4266086 -0.9037492 -0.03524959 0.3728166 -0.9111456 0.1755611 0.9929071 -0.1029136 0.05953449 0.9884516 -0.1154305 0.09817987 -0.8279242 0.1689113 -0.5347995 -0.9958775 -0.0905736 0.004958212 -0.536517 -0.6454936 -0.5435877 -0.3171582 -0.8083415 -0.4959787 -0.167609 0.1352336 -0.9765343 -0.8523332 -1.63513e-5 -0.5229993 -0.7144015 -0.3982392 -0.5753573 -0.7188892 0.1479387 -0.6791999 -0.7030115 0.5022678 -0.5034897 0.2174338 0.09075367 0.9718469 0.4824196 -0.1125774 0.8686758 0.7935878 -0.01002192 0.6083734 0.7626324 0.04148501 0.6455006 0.8519963 -0.03116387 0.5226196 0.9310577 -0.03930401 0.3627489 0.9505537 -0.2560381 0.1757616 0.8953216 -0.113066 0.4308311 0.03177499 0.999456 0.008844077 0.1791417 0.9832528 0.03349947 -0.3312694 -0.8275523 -0.4532305 -0.2957281 -0.9358345 -0.1917259 -0.2951726 -0.9362208 -0.1906932 0.793586 -0.01002198 0.6083757 0.2305356 -0.006370723 0.9730431 0.7658583 -0.02116388 0.6426612 0.5644338 0.8242207 0.04555195 0.2302437 0.9633845 0.1373984 0.4207287 0.9069045 0.0226199 0.03161948 0.9912846 0.1278873 0.5132147 -0.8535114 0.09016156 -0.1851407 -0.8734593 0.450324 0.7708778 0.2150232 0.5995936 0.3093668 -0.3337525 0.8904501 0.4461472 0.7158491 0.5371338 -0.6682497 -0.223185 0.7096695 -0.3053097 -0.2114663 0.9284762 0.2687292 0.7644459 0.5860097 -0.857846 -0.01995962 0.5135191 -0.7062996 0.3871873 0.5926441 0.0229358 -0.5662843 -0.8238909 0.03751748 -0.5122568 -0.8580124 -0.01121234 -0.6359627 0.7716384 0.07441467 -0.7908206 0.6075074 -0.07150918 -0.7220041 0.6881835 0.01235759 -0.8759981 0.4821563 -0.05427801 -0.5971843 -0.8002655 -0.02002108 -0.5314468 -0.8468551 0.01195687 -0.9967898 -0.07916641 0.01693135 -0.9965593 -0.08113527 -0.5977864 -0.801051 -0.03112632 -0.5977865 -0.801051 -0.03112632 -0.1677324 0.985756 0.01228994 -0.1677321 0.9857561 0.01228994 -0.6582259 -0.7446292 -0.1107529 -0.7606027 -0.6474393 -0.04802221 0.8861454 0.4518225 -0.1029703 0.8572165 0.4974446 -0.1331493 0.8644891 0.5022948 -0.01893633 0.8999616 0.434653 0.03385102 -0.8881535 0.4435856 -0.1200637 -0.869666 0.4828471 -0.1026637 0.6328916 -0.7737973 0.02619254 0.6328917 -0.7737972 0.02619254 0.1652882 0.9820788 -0.0905596 0.07766842 0.9903576 -0.1147149 -0.8519167 0.523309 0.01964294 -0.8269379 0.5610288 0.03769135 0.6936432 -0.7186938 -0.04835796 0.7450921 -0.6575392 -0.1117144 -0.007800877 -0.30936 0.950913 -0.008253455 -0.3092828 0.9509344 -0.757438 -0.1160789 0.6425055 -0.2675791 -0.3222726 0.9080429 -0.7745503 -0.06960237 -0.6286711 -0.4097963 0.1208501 -0.9041362 0.01572972 -0.02057939 -0.9996645 -0.04652619 -0.03803098 -0.9981929 0.8991661 0.2123832 -0.3826146 0.3450806 0.01377695 -0.938472 0.749887 -0.08648639 0.6558884 0.4821143 -0.07017856 0.8732931 -0.01862943 -0.03337085 -0.9992694 0.04825031 -0.02566647 -0.9985055 0.8431228 0.05928486 -0.5344428 0.322896 -0.05089628 -0.945065 0.7816213 -0.2586168 0.567614 0.3766279 -0.142682 0.9153106 0.00842905 -0.3088544 0.951072 0.008192956 -0.3087577 0.9511055 -0.7073426 -0.008065581 0.7068248 -0.4333474 -0.213069 0.8756779 -0.8519866 0.07128006 -0.5186888 -0.4305424 0.2190909 -0.8755755 -0.01231044 -0.9968408 -0.07846629 -0.01707327 -0.9969632 -0.07597869 -0.8112998 -0.5842166 0.02199161 0.8384841 -0.5449126 0.003851711 -0.7936369 0.608325 -0.009020328 -0.4563411 0.768366 0.4487389 -0.3577624 -0.8425021 0.4027359 -0.4740005 -0.133015 0.8704198 0.04685831 0.4690886 -0.8819072 -0.07537084 0.6275741 0.7749 -0.2064364 0.9057122 0.370229 -0.0220862 -0.1465646 -0.9889546 0.05552875 -0.4543652 -0.8890832 -0.07751321 -0.7115114 0.6983862 -0.06881886 -0.6889583 0.7215265 -0.2578234 0.2272778 0.9390804 0.2337628 0.84288 0.4846733 0.356472 -0.002136349 -0.9343036 -0.9579174 -0.005177736 -0.2869974 0.1955069 -0.1592164 -0.9676917 0.3408131 -0.6089544 0.716255 0.0145359 -0.9998289 0.01143795 0.02783346 0.9910794 -0.1303341 0.5798839 -0.09250915 0.80943 0.3229967 -0.3750839 0.8688989 0.09345054 -0.9163246 0.3893793 -0.9993571 -0.01006221 -0.03441196 -0.9995856 0.0239132 -0.01602339 0.9999375 -0.01083558 -0.00277394 0.9995501 0.02478677 0.01688867 1.55474e-4 0.9490097 0.3152472 -3.79073e-4 0.9492355 0.3145663 0.004942297 0.9895073 -0.1443989 -1.60669e-4 0.9902565 -0.1392558 -0.1991091 -0.944306 0.2619961 -0.2072116 -0.9773607 -0.04277199 0.4262415 -0.8989368 0.1011486 -0.9715299 -0.03639179 -0.2341058 -0.1307822 -0.6908923 0.7110302 0.04675626 -0.9266458 0.3730168 -0.3143198 -0.3634797 -0.8769753 -0.1896753 0.02188032 -0.9816031 -0.3341022 0.3789784 -0.8629897 -0.07292777 -0.1450734 0.9867296 -0.02487707 0.9120867 0.4092422 -0.2192584 0.6300904 0.7449241 -0.1074044 0.4763019 -0.8726975 0.1282608 0.6300204 0.7659135 0.2307 0.9037288 0.3606271 -0.04525846 -0.1508656 -0.9875177 -0.1167458 -0.4625259 -0.8788858 0.1256884 -0.7147005 0.6880449 0.118064 -0.6906982 0.7134402 0.2633449 0.2272789 0.9375467 -0.230864 0.8428881 0.4860469 -0.3619548 -0.002138137 -0.9321932 0.9561998 -0.005179345 -0.292669 -0.2012014 -0.1592183 -0.9665235 -0.3365404 -0.6089646 0.7182638 -0.01446938 -0.9998289 0.01152306 -0.02859508 0.99108 -0.1301645 -0.1870415 0.8693621 0.4574114 -0.07745605 -0.9247369 0.3726422 0.9701258 -0.03639757 -0.2398567 0.1088923 -0.6904737 0.7151144 -0.06321388 -0.9275261 0.3683739 0.3831885 -0.3370429 -0.8599818 0.258753 0.04401093 -0.9649405 0.3820456 0.3604606 -0.8509463 0.04039931 -0.1438125 0.98878 0.004802227 0.9172061 0.3983845 0.1980268 0.6307297 0.7503103 0.3742042 -0.8360381 0.4012627 0.4744205 -0.1336128 0.8700994 0.4547597 0.7778093 0.4338277 0.1835325 -0.9819731 -0.04522025 0.1791682 -0.9530692 0.2440449 -0.3976857 -0.388677 0.8311297 -0.3939722 -0.3633717 0.8442435 0.004929125 0.1737739 0.9847733 0.4106078 -0.3416048 0.8454037 0.3514078 -0.3798054 0.8557223 -0.4120505 -0.8778867 0.2439866 -0.2722002 -0.9590519 -0.07827341 0.1580667 -0.9577584 0.2402373 0.4311563 -0.9003594 -0.05879932 5.21104e-4 0.8866679 0.4624066 1.60248e-4 0.8870677 0.4616395 0.9663192 -0.01688665 0.2567923 -0.9749895 -0.1807842 0.1292771 -0.004775285 2.78315e-5 -0.9999886 0.001831293 -6.80767e-4 -0.9999981 0.00973159 -0.3517786 -0.9360327 0.005694866 -0.9953168 -0.09649968 0.3027008 -0.9381226 -0.1682208 -0.0267899 -0.9996317 -0.00433892 -0.9987775 -0.0441429 0.02224904 -0.8225311 -0.5239592 -0.2211551 -0.9742728 -0.1063924 -0.1986785 -0.9649413 0.2624618 0.001422643 0.1632332 0.8919748 -0.4215874 0.7210566 0.4678254 -0.5110939 0.964078 -0.1738042 -0.2008628 0.844061 -0.5344554 -0.04380106 0.08786123 0.9890092 -0.1189172 0.08792501 0.9719516 -0.2181271 0.9982173 -0.0379855 -0.04603725 0.9310175 0.2222069 -0.2895354 0.9783548 -0.04379016 -0.2022486 0.8415061 -0.5402262 -0.004830777 -0.263907 -0.9631147 -0.05256557 0.0235424 -0.9753304 -0.2194914 -0.983424 -0.1800366 -0.02154201 -0.8791863 -0.4529023 -0.1480236 -0.9968168 -0.007171213 0.07940381 -0.02522015 -0.9888284 -0.1469092 -0.03217494 -0.9890623 -0.1439467 -0.8136531 -0.5188308 -0.2622658 -0.7751009 -0.5606096 -0.291437 -0.8607061 0.1833668 -0.4749333 -0.7446148 0.6593578 -0.1039037 0.1642494 0.9601571 0.2260984 -0.7132505 0.3747633 -0.5923059 0.7723588 0.5799971 -0.2589697 0.876048 0.4617189 -0.1391248 0.8389922 -0.5291266 -0.1269536 0.8451766 -0.5149211 -0.143293 -0.1674969 0.9734289 0.1561444 0.08021616 0.9450932 0.3168032 0.9408596 0.2292798 -0.2494274 0.9228985 0.2578794 -0.2859315 0.8020979 -0.5155698 -0.3013748 0.7992185 -0.5225669 -0.2969407 0.02491867 -0.9911019 -0.1307523 0.03465729 -0.9899834 -0.1368644 -0.8844069 -0.4570313 -0.09458762 -0.8712394 -0.4766433 -0.1172741 -0.8602551 0.4927672 -0.1309268 -0.8811861 0.4280483 -0.2007131 -0.8095676 -0.5825735 0.07216972 -0.8365687 -0.5417335 0.08171778 -0.8881755 0.4584408 0.031246 0.3402443 0.9163019 0.2112458 0.8381073 -0.5443304 0.03578579 0.8552241 -0.5172916 0.03164005 -0.4276264 -0.900538 0.07852941 -1.54111e-4 0.9074119 -0.4202425 -0.1188718 0.9839309 -0.1332278 -0.1165548 0.9860263 -0.1190264 0.9975904 -0.06937706 -6.10822e-4 -0.1683191 0.9282516 -0.3316891 -0.9960663 -0.08746731 -0.01419425 -0.8326045 0.4094902 -0.3729445 0.9970518 -0.07639813 -0.007150053 0.9752321 -0.1807513 0.1274806 0.9691677 -0.00381422 0.2463726 -0.9658883 -0.01693761 0.2584046 -0.9748722 0.02998214 0.2207384 -0.3512445 -0.3446117 0.8705574 -0.575636 -0.09245902 0.8124622 0.2071947 0.8481132 0.4876213 -0.7594291 -0.647235 -0.06598663 -0.876163 -0.4810743 -0.03009855 -0.6211398 -0.7829594 0.03405928 0.7630643 -0.6462783 -0.007578134 0.8519436 -0.5207947 -0.05445277 -0.01610195 -0.9998316 -0.008808195 -0.0337553 -0.9994148 -0.005551457 0.6615557 -0.7478092 0.05590671 0.01933127 -0.9993872 -0.02918112 0.03623223 -0.9988926 -0.03001254 -0.9557621 0.2837983 -0.07731449 -0.9068039 0.4201838 -0.03394633 0.9561899 0.2894885 0.04355812 0.9627173 0.265104 0.05380904 -0.01462233 0.9998918 0.001694858 -0.02988469 0.9995533 -4.40593e-4 -0.9517156 0.3019123 0.05555641 -0.7762486 0.6061816 0.1731537 0.9451167 0.3252076 -0.03153699 0.8850008 0.4590111 -0.07799035 0.04893332 0.9748779 0.2172987 0.7934815 -0.2482764 -0.5556491 0.4833246 0.08343559 0.8714562 -0.1314745 0.1041465 -0.9858337 -0.624596 0.5475221 0.5568657 -0.2348492 0.2316727 0.94402 0.8986477 -0.4126388 -0.1488682 0.8986489 -0.4126382 -0.1488621 0.8195645 -0.1389001 -0.5558965 0.4639081 0.08084946 0.8821864 -0.1308397 0.1459779 -0.9805975 -0.680652 0.4525303 0.576133 -0.2659683 0.1546645 0.9514935 -0.2659759 0.1546633 0.9514915 0.936049 -0.3148412 -0.1571226 0.9360479 -0.3148478 -0.1571156 -0.6920995 0.1946908 -0.6950497 -0.6920929 0.1946947 -0.695055 1.75042e-7 1 1.21475e-7 1.72584e-7 1 1.26371e-7 -0.522871 -0.1304433 -0.842372 -0.435137 0.05640101 -0.8985961 -0.09490984 0.03555488 -0.9948508 0.1254909 -0.1478828 -0.9810111 0.02028691 -0.1000955 -0.994771 -0.2052994 0.09465044 -0.9741117 -0.2131839 0.1283935 -0.9685389 -0.2082089 0.122186 -0.9704225 0.008888363 -0.01287907 -0.9998776 1.72669e-7 1 1.32671e-7 1.74671e-7 1 1.50561e-7 -0.3464467 -0.03617322 -0.937372 -0.7284637 -0.08327317 -0.6800046 -0.4446273 0.05251598 -0.8941748 -0.276191 0.1065496 -0.9551784 -0.2133263 0.1195252 -0.969642 -0.2756868 0.1088225 -0.9550678 -0.5228752 0.1304439 -0.8423693 -0.4351354 -0.05640077 -0.8985968 -0.09490722 -0.03555488 -0.994851 0.125491 0.1478835 -0.981011 0.02028536 0.1000961 -0.994771 -0.2052973 -0.09465032 -0.9741122 -0.213184 -0.1283907 -0.9685394 -0.2082091 -0.1221863 -0.9704224 0.008888363 0.01287907 -0.9998776 -0.3464479 0.03617346 -0.9373716 -0.7284632 0.08327358 -0.6800051 -0.4444227 -0.05250841 -0.894277 -0.2761923 -0.1065493 -0.9551781 -0.21333 -0.119524 -0.9696413 -0.2756844 -0.1088219 -0.9550686 1.72856e-7 1 1.35656e-7 1.70746e-7 1 1.26372e-7 0.5228756 0.1304429 0.8423692 0.4351371 -0.05640113 0.898596 0.09490716 -0.03555566 0.9948509 -0.1254926 0.1478834 0.9810107 -0.02028465 0.1000962 0.994771 0.2052973 -0.0946505 0.9741121 0.2131846 -0.1283915 0.9685391 0.2082095 -0.1221867 0.9704222 -0.008888363 0.01287907 0.9998776 -1.70415e-7 -1 -1.2438e-7 1.7174e-7 1 1.24994e-7 0.3464468 0.03617298 0.9373719 0.7284644 0.08327323 0.680004 0.4440995 -0.05252659 0.8944365 0.276191 -0.1065495 0.9551784 0.2133311 -0.1195241 0.9696412 0.2756845 -0.1088223 0.9550685 0.5228724 -0.1304433 0.8423711 0.435137 0.05640083 0.898596 0.09490716 0.03555446 0.994851 -0.1254909 -0.147883 0.9810111 -0.02028697 -0.1000962 0.994771 0.2052991 0.09465003 0.9741117 0.2131846 0.1283913 0.9685391 0.208209 0.1221875 0.9704222 -0.008886516 -0.01287972 0.9998776 0.3464468 -0.03617328 0.9373719 0.7284649 -0.08327341 0.6800033 0.4444187 0.05250442 0.8942792 0.2761925 0.1065489 0.955178 0.2133272 0.1195251 0.9696418 0.2756847 0.108823 0.9550683</float_array>
          <technique_common>
            <accessor source="#gaul_lightsp_001-mesh-normals-array" count="546" stride="3">
              <param name="X" type="float"/>
              <param name="Y" type="float"/>
              <param name="Z" type="float"/>
            </accessor>
          </technique_common>
        </source>
        <source id="gaul_lightsp_001-mesh-map-0">
          <float_array id="gaul_lightsp_001-mesh-map-0-array" count="3276">0.01953095 0.935547 0.136719 0.939453 0.140625 0.884766 0.01953095 0.935547 0.140625 0.884766 0.150391 0.849609 0.01953095 0.935547 0.150391 0.849609 0.146484 0.779297 0.01953095 0.935547 0.146484 0.779297 0.02734398 0.785156 0.01953095 0.9375 0.02734398 0.787109 0.144531 0.78125 0.01953095 0.9375 0.144531 0.78125 0.150391 0.847656 0.01953095 0.9375 0.150391 0.847656 0.140625 0.886719 0.01953095 0.9375 0.140625 0.886719 0.134766 0.939453 0.236328 0.783203 0.314453 0.783203 0.310547 0.853516 0.236328 0.783203 0.310547 0.853516 0.257812 0.853516 0.236328 0.783203 0.257812 0.853516 0.238281 0.851562 0.328125 0.945312 0.238281 0.90625 0.257812 0.890625 0.257812 0.890625 0.322266 0.888672 0.328125 0.945312 0.238281 0.943359 0.134766 0.939453 0.238281 0.90625 0.150391 0.847656 0.228516 0.851562 0.224609 0.890625 0.150391 0.847656 0.224609 0.890625 0.140625 0.886719 0.144531 0.78125 0.236328 0.783203 0.238281 0.851562 0.144531 0.78125 0.238281 0.851562 0.228516 0.851562 0.144531 0.78125 0.228516 0.851562 0.150391 0.847656 0.257812 0.890625 0.238281 0.90625 0.238281 0.853516 0.238281 0.853516 0.257812 0.853516 0.257812 0.890625 0.238281 0.853516 0.238281 0.90625 0.224609 0.890625 0.224609 0.890625 0.228516 0.851562 0.238281 0.853516 0.257812 0.853516 0.310547 0.853516 0.322266 0.888672 0.322266 0.888672 0.257812 0.890625 0.257812 0.853516 0.238281 0.90625 0.134766 0.939453 0.140625 0.886719 0.140625 0.886719 0.224609 0.890625 0.238281 0.90625 0.238281 0.853516 0.228516 0.851562 0.238281 0.851562 0.238281 0.853516 0.238281 0.851562 0.257812 0.853516 0.328125 0.945312 0.238281 0.943359 0.238281 0.90625 0.314453 0.783203 0.236328 0.783203 0.144531 0.78125 0.314453 0.783203 0.144531 0.78125 0.02734398 0.787109 0.004885971 0.99314 0.003823995 0.941708 0.08645695 0.936733 0.004885971 0.99314 0.08645695 0.936733 0.03907299 0.991 0.12423 0.93672 0.1231189 0.993082 0.03907299 0.991 0.03907299 0.991 0.08645695 0.936733 0.12423 0.93672 0.123246 0.937073 0.005267977 0.935875 0.005771994 0.876837 0.005771994 0.876837 0.117721 0.882077 0.123246 0.937073 0.124494 0.991514 0.034042 0.990595 0.02851694 0.935599 0.02851694 0.935599 0.123105 0.940026 0.124494 0.991514 0.123246 0.937073 0.005267977 0.935875 0.005771994 0.876837 0.005771994 0.876837 0.117721 0.882077 0.123246 0.937073 0.004885971 0.99314 0.03907299 0.991 0.08645695 0.936733 0.08645695 0.936733 0.003823995 0.941708 0.004885971 0.99314 0.124494 0.991514 0.123105 0.940026 0.02851694 0.935599 0.02851694 0.935599 0.034042 0.990595 0.124494 0.991514 0.12423 0.93672 0.08645695 0.936733 0.03907299 0.991 0.03907299 0.991 0.1231189 0.993082 0.12423 0.93672 0.005771994 0.876837 0.005267977 0.935875 0.123246 0.937073 0.123246 0.937073 0.117721 0.882077 0.005771994 0.876837 0.004885971 0.99314 0.003823995 0.941708 0.08645695 0.936733 0.08645695 0.936733 0.03907299 0.991 0.004885971 0.99314 0.124494 0.991514 0.034042 0.990595 0.02851694 0.935599 0.02851694 0.935599 0.123105 0.940026 0.124494 0.991514 0.12423 0.93672 0.1231189 0.993082 0.03907299 0.991 0.03907299 0.991 0.08645695 0.936733 0.12423 0.93672 0.124494 0.991514 0.123105 0.940026 0.02851694 0.935599 0.02851694 0.935599 0.034042 0.990595 0.124494 0.991514 0.123246 0.937073 0.117721 0.882077 0.005771994 0.876837 0.005771994 0.876837 0.005267977 0.935875 0.123246 0.937073 0.004885971 0.99314 0.03907299 0.991 0.08645695 0.936733 0.08645695 0.936733 0.003823995 0.941708 0.004885971 0.99314 0.124494 0.991514 0.123105 0.940026 0.02851694 0.935599 0.02851694 0.935599 0.034042 0.990595 0.124494 0.991514 0.12423 0.93672 0.08645695 0.936733 0.03907299 0.991 0.03907299 0.991 0.1231189 0.993082 0.12423 0.93672 0.005267977 0.935875 0.123246 0.937073 0.117721 0.882077 0.117721 0.882077 0.005771994 0.876837 0.005267977 0.935875 0.004885971 0.99314 0.003823995 0.941708 0.08645695 0.936733 0.08645695 0.936733 0.03907299 0.991 0.004885971 0.99314 0.124494 0.991514 0.034042 0.990595 0.02851694 0.935599 0.02851694 0.935599 0.123105 0.940026 0.124494 0.991514 0.12423 0.93672 0.1231189 0.993082 0.03907299 0.991 0.03907299 0.991 0.08645695 0.936733 0.12423 0.93672 0.005771994 0.876837 0.117721 0.882077 0.123246 0.937073 0.123246 0.937073 0.005267977 0.935875 0.005771994 0.876837 0.004885971 0.99314 0.03907299 0.991 0.08645695 0.936733 0.08645695 0.936733 0.003823995 0.941708 0.004885971 0.99314 0.124494 0.991514 0.123105 0.940026 0.02851694 0.935599 0.02851694 0.935599 0.034042 0.990595 0.124494 0.991514 0.004364967 0.881751 0.004758 0.882068 0.00485897 0.881238 0.00485897 0.881239 0.004758 0.882067 0.004364967 0.881751 0.004885971 0.99314 0.003823995 0.941708 0.08645695 0.936733 0.08645695 0.936733 0.03907299 0.991 0.004885971 0.99314 0.124494 0.991514 0.034042 0.990595 0.02851694 0.935599 0.02851694 0.935599 0.123105 0.940026 0.124494 0.991514 0.12423 0.93672 0.1231189 0.993082 0.03907299 0.991 0.03907299 0.991 0.08645695 0.936733 0.12423 0.93672 0.123246 0.937073 0.005267977 0.935875 0.005771994 0.876837 0.005771994 0.876837 0.117721 0.882077 0.123246 0.937073 0.004885971 0.99314 0.003823995 0.941708 0.08645695 0.936733 0.08645695 0.936733 0.03907299 0.991 0.004885971 0.99314 0.124494 0.991514 0.034042 0.990595 0.02851694 0.935599 0.02851694 0.935599 0.123105 0.940026 0.124494 0.991514 0.12423 0.93672 0.1231189 0.993082 0.03907299 0.991 0.03907299 0.991 0.08645695 0.936733 0.12423 0.93672 0.123246 0.937073 0.005267977 0.935875 0.005771994 0.876837 0.005771994 0.876837 0.117721 0.882077 0.123246 0.937073 0.004885971 0.99314 0.03907299 0.991 0.08645695 0.936733 0.08645695 0.936733 0.003823995 0.941708 0.004885971 0.99314 0.12423 0.93672 0.08645695 0.936733 0.03907299 0.991 0.03907299 0.991 0.1231189 0.993082 0.12423 0.93672 0.004885971 0.99314 0.003823995 0.941708 0.08645695 0.936733 0.08645695 0.936733 0.03907299 0.991 0.004885971 0.99314 0.124494 0.991514 0.034042 0.990595 0.02851694 0.935599 0.02851694 0.935599 0.123105 0.940026 0.124494 0.991514 0.12423 0.93672 0.1231189 0.993082 0.03907299 0.991 0.03907299 0.991 0.08645695 0.936733 0.12423 0.93672 0.123246 0.937073 0.005267977 0.935875 0.005771994 0.876837 0.005771994 0.876837 0.117721 0.882077 0.123246 0.937073 0.004885971 0.99314 0.003823995 0.941708 0.08645695 0.936733 0.08645695 0.936733 0.03907299 0.991 0.004885971 0.99314 0.124494 0.991514 0.034042 0.990595 0.02851694 0.935599 0.02851694 0.935599 0.123105 0.940026 0.124494 0.991514 0.12423 0.93672 0.1231189 0.993082 0.03907299 0.991 0.03907299 0.991 0.08645695 0.936733 0.12423 0.93672 0.123246 0.937073 0.005267977 0.935875 0.005771994 0.876837 0.005771994 0.876837 0.117721 0.882077 0.123246 0.937073 0.004885971 0.99314 0.03907299 0.991 0.08645695 0.936733 0.08645695 0.936733 0.003823995 0.941708 0.004885971 0.99314 0.124494 0.991514 0.123105 0.940026 0.02851694 0.935599 0.02851694 0.935599 0.034042 0.990595 0.124494 0.991514 0.12423 0.93672 0.08645695 0.936733 0.03907299 0.991 0.03907299 0.991 0.1231189 0.993082 0.12423 0.93672 0.123246 0.937073 0.117721 0.882077 0.005771994 0.876837 0.005771994 0.876837 0.005267977 0.935875 0.123246 0.937073 0.004885971 0.99314 0.003823995 0.941708 0.08645695 0.936733 0.08645695 0.936733 0.03907299 0.991 0.004885971 0.99314 0.124494 0.991514 0.034042 0.990595 0.02851694 0.935599 0.02851694 0.935599 0.123105 0.940026 0.124494 0.991514 0.12423 0.93672 0.1231189 0.993082 0.03907299 0.991 0.03907299 0.991 0.08645695 0.936733 0.12423 0.93672 0.123246 0.937073 0.005267977 0.935875 0.005771994 0.876837 0.005771994 0.876837 0.117721 0.882077 0.123246 0.937073 0.02929699 0.869141 0.08789098 0.779297 0.03515595 0.820312 0.02734398 0.869141 0.08593797 0.779297 0.109375 0.871094 0.111328 0.871094 0.08789098 0.779297 0.02929699 0.869141 0.03515595 0.820312 0.08593797 0.779297 0.02734398 0.869141 0.05468797 0.839844 0.05468797 0.839844 0.02343797 0.810547 0.02343797 0.810547 0.02343797 0.810547 0.05468797 0.839844 0.109375 0.871094 0.02148395 0.921875 0.02734398 0.869141 0.03906196 0.875 0.05273395 0.902344 0.03906196 0.875 0.02929699 0.869141 0.02343797 0.921875 0.111328 0.871094 0.482422 0.371094 0.582031 0.371094 0.585938 0.25 0.482422 0.371094 0.585938 0.25 0.492188 0.246094 0.142578 0.371094 0.347656 0.371094 0.351562 0.25 0.351562 0.25 0.146484 0.246094 0.142578 0.371094 0.134766 0.371094 0.142578 0.246094 0.01953095 0.246094 0.134766 0.371094 0.01953095 0.246094 0.01367199 0.367188 0.226562 0.375 0.400391 0.371094 0.400391 0.25 0.400391 0.25 0.226562 0.25 0.226562 0.375 0.01367199 0.371094 0.421875 0.371094 0.421875 0.246094 0.421875 0.246094 0.009765982 0.246094 0.01367199 0.371094 0.421875 0.371094 0.009765982 0.375 0.009765982 0.253906 0.009765982 0.253906 0.416016 0.253906 0.421875 0.371094 0.390625 0.378906 0.130859 0.378906 0.130859 0.259766 0.130859 0.259766 0.390625 0.259766 0.390625 0.378906 0.191406 0.05859398 0.298828 0.0625 0.3125 0.259766 0.191406 0.05859398 0.3125 0.259766 0.191406 0.253906 0.302734 0.375 0.3125 0.259766 0.400391 0.259766 0.302734 0.375 0.400391 0.259766 0.400391 0.378906 0.347656 0.375 0.142578 0.375 0.146484 0.253906 0.443359 0.240234 0.576172 0.240234 0.576172 0.363281 0.582031 0.375 0.482422 0.375 0.492188 0.25 0.492188 0.25 0.585938 0.253906 0.582031 0.375 0.492188 0.246094 0.585938 0.25 0.585938 0.05859398 0.585938 0.05859398 0.486328 0.05859398 0.492188 0.246094 0.146484 0.246094 0.351562 0.25 0.351562 0.05859398 0.351562 0.05859398 0.146484 0.05859398 0.146484 0.246094 0.226562 0.25 0.142578 0.246094 0.134766 0.371094 0.226562 0.25 0.134766 0.371094 0.226562 0.375 0.142578 0.246094 0.1386719 0.05859398 0.01953095 0.05468797 0.142578 0.246094 0.01953095 0.05468797 0.01953095 0.246094 0.226562 0.25 0.400391 0.25 0.404297 0.05859398 0.404297 0.05859398 0.226562 0.05859398 0.226562 0.25 0.009765982 0.246094 0.421875 0.246094 0.425781 0.05468797 0.425781 0.05468797 0.01367199 0.05859398 0.009765982 0.246094 0.009765982 0.253906 0.421875 0.05859398 0.416016 0.253906 0.390625 0.259766 0.130859 0.259766 0.134766 0.0625 0.134766 0.0625 0.390625 0.0625 0.390625 0.259766 0.3125 0.259766 0.298828 0.0625 0.400391 0.06640595 0.3125 0.259766 0.400391 0.06640595 0.400391 0.259766 0.576172 0.240234 0.443359 0.240234 0.439453 0.05078095 0.439453 0.05078095 0.576172 0.05078095 0.576172 0.240234 0.585938 0.253906 0.492188 0.25 0.482422 0.0625 0.482422 0.0625 0.582031 0.0625 0.585938 0.253906 0.009765982 0.371094 0.130859 0.378906 0.390625 0.378906 0.009765982 0.375 0.421875 0.371094 0.009765982 0.375 0.400391 0.375 0.222656 0.375 0.134766 0.375 0.400391 0.375 0.134766 0.375 0.1699219 0.371094 0.347656 0.378906 0.146484 0.375 0.134766 0.378906 0.390625 0.378906 0.113281 0.375 0.009765982 0.371094 0.390625 0.378906 0.009765982 0.371094 0.01367199 0.183594 0.390625 0.378906 0.390625 0.378906 0.01367199 0.183594 0.009765982 0.371094 0.390625 0.378906 0.01367199 0.183594 0.34375 0.09765595 0.421875 0.357422 0.443359 0.09765595 0.425781 0.363281 0.347656 0.09765595 0.443359 0.09765595 0.222656 0.363281 0.121094 0.363281 0.134766 0.363281 0.134766 0.363281 0.222656 0.363281 0.478516 0.363281 0.134766 0.363281 0.478516 0.363281 0.222656 0.363281 0.222656 0.363281 0.576172 0.363281 0.478516 0.363281 0.134766 0.0625 0.390625 0.0625 0.492188 0.0625 0.01367199 0.05859398 0.421875 0.05859398 0.009765982 0.253906 0.226562 0.05859398 0.1386719 0.05859398 0.142578 0.246094 0.226562 0.05859398 0.142578 0.246094 0.226562 0.25 0.1699219 0.371094 0.134766 0.375 0.01367199 0.371094 0.191406 0.253906 0.3125 0.259766 0.302734 0.375 0.191406 0.253906 0.302734 0.375 0.1875 0.375 0.554688 0.363281 0.539062 0.363281 0.425781 0.363281 0.425781 0.363281 0.443359 0.09765595 0.425781 0.363281 0.425781 0.363281 0.425781 0.363281 0.554688 0.363281 0.095703 0.291016 0.03710895 0.197266 0.417969 0.2011719 0.095703 0.291016 0.417969 0.2011719 0.478516 0.296875 0.15625 0.375 0.095703 0.291016 0.478516 0.296875 0.15625 0.375 0.478516 0.296875 0.537109 0.378906 0.01367199 0.371094 0.421875 0.371094 0.421875 0.246094 0.421875 0.246094 0.009765982 0.246094 0.01367199 0.371094 0.421875 0.371094 0.009765982 0.375 0.009765982 0.253906 0.009765982 0.253906 0.416016 0.253906 0.421875 0.371094 0.130859 0.259766 0.390625 0.259766 0.390625 0.378906 0.009765982 0.246094 0.421875 0.246094 0.425781 0.05468797 0.009765982 0.253906 0.421875 0.05859398 0.416016 0.253906 0.390625 0.259766 0.130859 0.259766 0.134766 0.0625 0.134766 0.0625 0.390625 0.0625 0.390625 0.259766 0.01367199 0.05859398 0.421875 0.05859398 0.009765982 0.253906 0.451235 0.822924 0.451133 0.758223 0.440329 0.780418 0.440329 0.780418 0.438466 0.802741 0.451235 0.822924 0.73446 0.990048 0.70508 0.992853 0.675341 0.978313 0.675341 0.978313 0.762175 0.977616 0.73446 0.990048 0.762959 0.977878 0.674613 0.978543 0.704824 0.992761 0.704824 0.992761 0.734714 0.989917 0.762959 0.977878 0.437969 0.80298 0.439854 0.780272 0.450965 0.757679 0.450965 0.757679 0.451036 0.823507 0.437969 0.80298 0.483067 0.761101 0.482965 0.761285 0.5164 0.758442 0.483067 0.761101 0.5164 0.758442 0.516361 0.758221 0.471341 0.790451 0.48307 0.761303 0.516614 0.758551 0.471341 0.790451 0.516614 0.758551 0.519006 0.779749 0.441444 0.82984 0.441125 0.827351 0.516 0.823058 0.441444 0.82984 0.516 0.823058 0.516257 0.824729 0.471835 0.793861 0.483015 0.760913 0.516316 0.758076 0.471835 0.793861 0.516316 0.758076 0.518791 0.792867 0.472039 0.794038 0.441598 0.830076 0.518698 0.830804 0.472039 0.794038 0.518698 0.830804 0.519376 0.792966 0.471246 0.790596 0.441129 0.827765 0.519444 0.823269 0.471246 0.790596 0.519444 0.823269 0.518794 0.78809 0.44132 0.830055 0.471835 0.793861 0.518791 0.792867 0.44132 0.830055 0.518791 0.792867 0.517315 0.830976 0.482965 0.761285 0.471246 0.790596 0.518794 0.78809 0.482965 0.761285 0.518794 0.78809 0.516327 0.764697 0.441129 0.827765 0.441476 0.830291 0.517486 0.831117 0.441129 0.827765 0.517486 0.831117 0.519444 0.823269 0.441125 0.827351 0.471341 0.790451 0.518862 0.788031 0.441125 0.827351 0.518862 0.788031 0.516 0.823058 0.483206 0.761303 0.472039 0.794038 0.519376 0.792966 0.483206 0.761303 0.519376 0.792966 0.516739 0.75846 0.379234 0.796585 0.377625 0.778692 0.440157 0.780311 0.379234 0.796585 0.440157 0.780311 0.442106 0.802215 0.377625 0.778692 0.362727 0.762489 0.451133 0.758223 0.451133 0.758223 0.440157 0.780311 0.377625 0.778692 0.362727 0.762489 0.350021 0.783101 0.440329 0.780418 0.440329 0.780418 0.451133 0.758223 0.362727 0.762489 0.350021 0.783101 0.348349 0.801349 0.438466 0.802741 0.438466 0.802741 0.440329 0.780418 0.350021 0.783101 0.348349 0.801349 0.362613 0.815361 0.451235 0.822924 0.451235 0.822924 0.438466 0.802741 0.348349 0.801349 0.362613 0.815361 0.379234 0.796585 0.442106 0.802215 0.442106 0.802215 0.451235 0.822924 0.362613 0.815361 0.348135 0.801983 0.349827 0.783419 0.439854 0.780272 0.439854 0.780272 0.437969 0.80298 0.348135 0.801983 0.349827 0.783419 0.362797 0.762482 0.450965 0.757679 0.450965 0.757679 0.439854 0.780272 0.349827 0.783419 0.362797 0.762482 0.377901 0.778972 0.440227 0.780121 0.440227 0.780121 0.450965 0.757679 0.362797 0.762482 0.377901 0.778972 0.379533 0.797175 0.442202 0.802404 0.442202 0.802404 0.440227 0.780121 0.377901 0.778972 0.379533 0.797175 0.362658 0.816274 0.451036 0.823507 0.451036 0.823507 0.442202 0.802404 0.379533 0.797175 0.362658 0.816274 0.348135 0.801983 0.437969 0.80298 0.437969 0.80298 0.451036 0.823507 0.362658 0.816274 0.48307 0.761303 0.483154 0.761117 0.516694 0.758316 0.48307 0.761303 0.516694 0.758316 0.516614 0.758551 0.519006 0.779749 0.518862 0.788031 0.471341 0.790451 0.516327 0.764697 0.5164 0.758442 0.482965 0.761285 0.516257 0.824729 0.518528 0.830664 0.441444 0.82984 0.342164 0.596952 0.423237 0.583491 0.365566 0.705673 0.02164399 0.624157 0.161024 0.692175 0.02285397 0.681488 0.161024 0.692175 0.159526 0.733624 0.02285397 0.681488 0.80221 0.55712 0.819878 0.561231 0.82116 0.452574 0.768564 0.558558 0.80221 0.55712 0.769904 0.449202 0.769904 0.449202 0.80221 0.55712 0.82116 0.452574 0.72047 0.450495 0.716681 0.557119 0.745265 0.449242 0.734645 0.554885 0.745265 0.449242 0.716681 0.557119 0.769352 0.449189 0.745265 0.449242 0.734645 0.554885 0.769352 0.449189 0.734645 0.554885 0.768427 0.558555 0.769904 0.449202 0.780005 0.369251 0.769877 0.370821 0.769904 0.449202 0.82116 0.452574 0.780005 0.369251 0.745265 0.449242 0.718262 0.370352 0.718275 0.370111 0.759349 0.368722 0.718275 0.370111 0.718262 0.370352 0.718275 0.370111 0.72047 0.450495 0.745265 0.449242 0.76928 0.370806 0.745265 0.449242 0.769352 0.449189 0.76928 0.370806 0.718262 0.370352 0.745265 0.449242 0.82116 0.452574 0.821165 0.37067 0.780005 0.369251 0.767265 0.689348 0.736147 0.695607 0.764322 0.736827 0.764322 0.736827 0.803653 0.725951 0.767265 0.689348 0.763708 0.736814 0.741393 0.689285 0.716538 0.649639 0.349325 0.367539 0.287041 0.367154 0.300712 0.589917 0.346751 0.5898 0.349325 0.367539 0.300712 0.589917 0.286856 0.367272 0.347669 0.367568 0.295511 0.590142 0.295511 0.590142 0.347669 0.367568 0.343014 0.589657 0.553736 0.702183 0.365566 0.705673 0.423237 0.583491 0.423237 0.583491 0.506714 0.58235 0.553736 0.702183 0.595062 0.367819 0.599726 0.589626 0.348337 0.589428 0.595062 0.367819 0.348337 0.589428 0.34658 0.367704 0.02164399 0.624157 0.159894 0.624357 0.161024 0.692175 0.01983296 0.366679 0.159894 0.624357 0.02164399 0.624157 0.286185 0.367156 0.159894 0.624357 0.1530089 0.366918 0.759349 0.368722 0.718262 0.370352 0.76928 0.370806 0.768427 0.558555 0.734645 0.554885 0.741393 0.689285 0.741393 0.689285 0.734645 0.554885 0.716538 0.649639 0.716538 0.649639 0.734645 0.554885 0.716681 0.557119 0.716538 0.649639 0.716681 0.557119 0.716751 0.651272 0.819878 0.561231 0.80221 0.55712 0.818832 0.656549 0.767024 0.689343 0.768427 0.558555 0.741393 0.689285 0.767265 0.689348 0.818832 0.656549 0.80221 0.55712 0.80221 0.55712 0.768564 0.558558 0.767265 0.689348 0.800487 0.558485 0.821173 0.451562 0.81988 0.562649 0.768556 0.558564 0.769896 0.449166 0.800487 0.558485 0.769896 0.449166 0.821173 0.451562 0.800487 0.558485 0.720356 0.449492 0.74515 0.448239 0.716441 0.558515 0.735972 0.556315 0.716441 0.558515 0.74515 0.448239 0.769348 0.449154 0.735972 0.556315 0.74515 0.448239 0.769348 0.449154 0.768432 0.558561 0.735972 0.556315 0.769896 0.449166 0.769859 0.370732 0.779776 0.36812 0.769896 0.449166 0.779776 0.36812 0.821173 0.451562 0.74515 0.448239 0.718305 0.368987 0.718292 0.369229 0.759231 0.367593 0.718292 0.369229 0.718305 0.368987 0.718305 0.368987 0.74515 0.448239 0.720356 0.449492 0.769271 0.370716 0.769348 0.449154 0.74515 0.448239 0.769271 0.370716 0.74515 0.448239 0.718292 0.369229 0.821173 0.451562 0.779776 0.36812 0.821176 0.369532 0.767264 0.689342 0.818824 0.656988 0.803846 0.724193 0.763706 0.736807 0.716659 0.648115 0.741201 0.688283 0.759231 0.367593 0.769271 0.370716 0.718292 0.369229 0.768432 0.558561 0.741201 0.688283 0.735972 0.556315 0.741201 0.688283 0.716659 0.648115 0.735972 0.556315 0.716659 0.648115 0.716441 0.558515 0.735972 0.556315 0.816822 0.645354 0.74612 0.733716 0.816441 0.581687 0.81988 0.562649 0.818824 0.656988 0.800487 0.558485 0.767023 0.689337 0.741201 0.688283 0.768432 0.558561 0.767264 0.689342 0.800487 0.558485 0.818824 0.656988 0.800487 0.558485 0.767264 0.689342 0.768556 0.558564 0.290634 0.625037 0.291185 0.685019 0.161024 0.692175 0.161024 0.692175 0.291185 0.685019 0.159526 0.733624 0.564321 0.590688 0.553736 0.702183 0.506714 0.58235 0.286185 0.367156 0.290634 0.625037 0.159894 0.624357 0.159894 0.624357 0.290634 0.625037 0.161024 0.692175 0.01407295 0.730946 0.02763396 0.682234 0.159526 0.733624 0.159526 0.733624 0.112163 0.731869 0.01407295 0.730946 0.217796 0.743841 0.1088719 0.744485 0.159469 0.743496 0.211946 0.731379 0.159526 0.733624 0.291185 0.685019 0.291185 0.685019 0.330699 0.734908 0.211946 0.731379 0.990978 0.881874 0.990459 0.98976 0.958537 0.997568 0.958537 0.997568 0.905787 0.889103 0.990978 0.881874 0.905753 0.871828 0.963853 0.753399 0.995638 0.761535 0.995638 0.761535 0.990978 0.881874 0.905753 0.871828 0.642606 0.992119 0.836714 0.991899 0.856995 0.912756 0.856995 0.912756 0.625923 0.912838 0.642606 0.992119 0.996272 0.945928 0.996957 0.820776 0.93872 0.864629 0.997258 0.820785 0.938949 0.864635 0.94003 0.792502 0.893563 0.848108 0.896205 0.759906 0.896272 0.759825 0.893563 0.848108 0.896272 0.759825 0.893557 0.847982 0.851464 0.950533 0.893563 0.848108 0.893557 0.847982 0.995367 0.757842 0.896272 0.759825 0.896205 0.759906 0.93982 0.792496 0.896205 0.759906 0.759243 0.767784 0.759243 0.767784 0.759867 0.766087 0.93982 0.792496 0.896205 0.759906 0.893563 0.848108 0.757297 0.813756 0.757297 0.813756 0.759243 0.767784 0.896205 0.759906 0.893563 0.848108 0.851464 0.950533 0.745347 0.974947 0.745347 0.974947 0.757297 0.813756 0.893563 0.848108 0.824556 0.964171 0.747113 0.961028 0.745347 0.974947 0.759424 0.858515 0.747113 0.961028 0.824556 0.964171 0.93872 0.864629 0.93982 0.792496 0.759867 0.766087 0.759867 0.766087 0.759424 0.858515 0.93872 0.864629 0.851464 0.950533 0.744976 0.975007 0.848727 0.963525 0.848727 0.963525 0.906015 0.977801 0.851464 0.950533 0.453236 0.247483 0.455081 0.272574 0.456261 0.134207 0.456261 0.134207 0.485538 0.135744 0.453236 0.247483 0.893557 0.847982 0.896272 0.759825 0.758773 0.76773 0.758773 0.76773 0.757293 0.813438 0.893557 0.847982 0.896272 0.759825 0.94003 0.792502 0.759505 0.766072 0.759505 0.766072 0.758773 0.76773 0.896272 0.759825 0.94003 0.792502 0.938949 0.864635 0.759164 0.858547 0.759164 0.858547 0.759505 0.766072 0.94003 0.792502 0.938949 0.864635 0.906015 0.977801 0.848727 0.963525 0.759867 0.766087 0.759243 0.767784 0.668597 0.777839 0.668597 0.777839 0.668933 0.776701 0.759867 0.766087 0.759243 0.767784 0.757297 0.813756 0.666921 0.821843 0.666921 0.821843 0.668597 0.777839 0.759243 0.767784 0.757297 0.813756 0.745347 0.974947 0.676664 0.859899 0.676664 0.859899 0.666921 0.821843 0.757297 0.813756 0.745347 0.974947 0.747113 0.961028 0.671144 0.974723 0.671144 0.974723 0.676664 0.859899 0.745347 0.974947 0.747113 0.961028 0.759424 0.858515 0.668205 0.844593 0.668205 0.844593 0.671144 0.974723 0.747113 0.961028 0.759424 0.858515 0.759867 0.766087 0.668933 0.776701 0.668933 0.776701 0.668205 0.844593 0.759424 0.858515 0.746828 0.96107 0.744976 0.975007 0.66008 0.976649 0.66008 0.976649 0.670811 0.976041 0.746828 0.96107 0.744976 0.975007 0.757293 0.813438 0.666347 0.821448 0.666347 0.821448 0.66008 0.976649 0.744976 0.975007 0.757293 0.813438 0.758773 0.76773 0.668177 0.776554 0.668177 0.776554 0.666347 0.821448 0.757293 0.813438 0.758773 0.76773 0.759505 0.766072 0.668575 0.775425 0.668575 0.775425 0.668177 0.776554 0.758773 0.76773 0.759505 0.766072 0.759164 0.858547 0.667853 0.844735 0.667853 0.844735 0.668575 0.775425 0.759505 0.766072 0.759164 0.858547 0.746828 0.96107 0.670811 0.976041 0.670811 0.976041 0.667853 0.844735 0.759164 0.858547 0.668597 0.777839 0.666921 0.821843 0.559067 0.796203 0.668597 0.777839 0.559067 0.796203 0.565901 0.781515 0.676664 0.859899 0.671144 0.974723 0.540702 0.970879 0.676664 0.859899 0.540702 0.970879 0.54611 0.947623 0.666347 0.821448 0.668177 0.776554 0.572364 0.768745 0.666347 0.821448 0.572364 0.768745 0.567728 0.778835 0.159894 0.624357 0.01983296 0.366679 0.1530089 0.366918 0.856995 0.912756 0.739784 0.869607 0.625923 0.912838 0.851464 0.950533 0.905909 0.977799 0.824556 0.964171 0.824556 0.964171 0.745347 0.974947 0.851464 0.950533 0.824556 0.964171 0.905909 0.977799 0.93872 0.864629 0.744976 0.975007 0.746828 0.96107 0.848727 0.963525 0.848727 0.963525 0.759164 0.858547 0.938949 0.864635 0.848727 0.963525 0.746828 0.96107 0.759164 0.858547 0.824556 0.964171 0.93872 0.864629 0.759424 0.858515 0.996957 0.820776 0.93982 0.792496 0.93872 0.864629 0.93872 0.864629 0.905909 0.977799 0.996272 0.945928 0.997258 0.820785 0.996574 0.945937 0.938949 0.864635 0.996574 0.945937 0.906015 0.977801 0.938949 0.864635 0.767264 0.689342 0.803846 0.724193 0.764321 0.736821 0.764321 0.736821 0.735627 0.696557 0.767264 0.689342 0.803653 0.725951 0.818832 0.656549 0.767265 0.689348 0.552575 0.810923 0.572509 0.768127 0.668575 0.775425 0.552575 0.810923 0.668575 0.775425 0.667853 0.844735 0.565901 0.781515 0.574276 0.763615 0.668597 0.777839 0.574696 0.763047 0.553119 0.810112 0.668205 0.844593 0.574696 0.763047 0.668205 0.844593 0.668933 0.776701 0.574276 0.763615 0.574696 0.763047 0.668933 0.776701 0.574276 0.763615 0.668933 0.776701 0.668597 0.777839 0.567728 0.778835 0.5587 0.79859 0.666347 0.821448 0.572509 0.768127 0.572364 0.768745 0.668177 0.776554 0.572509 0.768127 0.668177 0.776554 0.668575 0.775425 0.5402 0.963843 0.552575 0.810923 0.667853 0.844735 0.5402 0.963843 0.667853 0.844735 0.670811 0.976041 0.5587 0.79859 0.541771 0.961446 0.66008 0.976649 0.5587 0.79859 0.66008 0.976649 0.666347 0.821448 0.541771 0.961446 0.5402 0.963843 0.670811 0.976041 0.541771 0.961446 0.670811 0.976041 0.66008 0.976649 0.544697 0.858465 0.559067 0.796203 0.666921 0.821843 0.544697 0.858465 0.666921 0.821843 0.676664 0.859899 0.553119 0.810112 0.540702 0.970879 0.671144 0.974723 0.553119 0.810112 0.671144 0.974723 0.668205 0.844593 0.54611 0.947623 0.544697 0.858465 0.676664 0.859899 0.482932 0.998129 0.47083 0.841269 0.435326 0.843786 0.482932 0.998129 0.437603 0.843799 0.47083 0.841269 0.47083 0.841269 0.482932 0.998129 0.435326 0.843786 0.482932 0.998129 0.47083 0.841269 0.437603 0.843799 0.446872 0.777959 0.449359 0.865398 0.483476 0.862771 0.449359 0.865398 0.446872 0.777959 0.46354 0.775926 0.46354 0.775926 0.466026 0.863365 0.449359 0.865398 0.482932 0.998129 0.47083 0.841269 0.435326 0.843786 0.482932 0.998129 0.437603 0.843799 0.47083 0.841269 0.47083 0.841269 0.482932 0.998129 0.435326 0.843786 0.482932 0.998129 0.47083 0.841269 0.437603 0.843799 0.483476 0.862771 0.48099 0.775332 0.446872 0.777959 0.446872 0.777959 0.449359 0.865398 0.483476 0.862771 0.449359 0.865398 0.446872 0.777959 0.46354 0.775926 0.46354 0.775926 0.466026 0.863365 0.449359 0.865398 0.48099 0.775332 0.483476 0.862771 0.466026 0.863365 0.466026 0.863365 0.46354 0.775926 0.48099 0.775332 0.623257 0.270027 0.623528 0.287785 0.624362 0.342396 0.622465 0.218096 0.622123 0.195666 0.622702 0.233604 0.773902 0.319083 0.676068 0.234085 0.623278 0.23485 0.624105 0.289031 0.624939 0.343642 0.731568 0.340305 0.623278 0.23485 0.731748 0.171751 0.622699 0.196911 0.731748 0.171751 0.623278 0.23485 0.772584 0.185252 0.772584 0.185252 0.623278 0.23485 0.676068 0.234085 0.783483 0.236257 0.676068 0.234085 0.773902 0.319083 0.827883 0.248341 0.773902 0.319083 0.827951 0.266756 0.773902 0.319083 0.827883 0.248341 0.783483 0.236257 0.622699 0.196911 0.731748 0.171751 0.621919 0.145741 0.623257 0.270027 0.622465 0.218096 0.622702 0.233604 0.622702 0.233604 0.623528 0.287785 0.623257 0.270027 0.624105 0.289031 0.773902 0.319083 0.623278 0.23485 0.624105 0.289031 0.731918 0.340129 0.773902 0.319083 0.624105 0.289031 0.731568 0.340305 0.731918 0.340129 0.772584 0.185252 0.676068 0.234085 0.783483 0.236257 0.827823 0.232145 0.783483 0.236257 0.827883 0.248341 0.783483 0.236257 0.827823 0.232145 0.772584 0.185252 0.773353 0.317899 0.622702 0.233604 0.675349 0.232532 0.623528 0.287785 0.73102 0.339121 0.624362 0.342396 0.622702 0.233604 0.622123 0.195666 0.7312 0.170566 0.7312 0.170566 0.772036 0.184067 0.622702 0.233604 0.772036 0.184067 0.675349 0.232532 0.622702 0.233604 0.782935 0.235072 0.773353 0.317899 0.675349 0.232532 0.827272 0.247022 0.827339 0.265436 0.773353 0.317899 0.773353 0.317899 0.782935 0.235072 0.827272 0.247022 0.622123 0.195666 0.621341 0.144495 0.7312 0.170566 0.623528 0.287785 0.622702 0.233604 0.773353 0.317899 0.623528 0.287785 0.773353 0.317899 0.73137 0.338944 0.623528 0.287785 0.73137 0.338944 0.73102 0.339121 0.772036 0.184067 0.782935 0.235072 0.675349 0.232532 0.827212 0.230825 0.827272 0.247022 0.782935 0.235072 0.782935 0.235072 0.772036 0.184067 0.827212 0.230825 0.623257 0.270027 0.623528 0.287785 0.624362 0.342396 0.622465 0.218096 0.622123 0.195666 0.622702 0.233604 0.949684 0.636386 0.836736 0.413562 0.841418 0.477912 0.91894 0.411888 0.97956 0.567421 1.00124 0.410212 0.840172 0.414631 0.901034 0.414645 0.976237 0.581956 0.976237 0.581956 0.95119 0.649526 0.840172 0.414631 0.95119 0.649526 0.841404 0.488728 0.840172 0.414631 0.841712 0.668583 0.949684 0.636386 0.841418 0.477912 0.852852 0.721522 0.879462 0.720674 0.949684 0.636386 0.949684 0.636386 0.841712 0.668583 0.852852 0.721522 0.901034 0.414645 0.983763 0.414665 0.976237 0.581956 0.623257 0.270027 0.622702 0.233604 0.622465 0.218096 0.622702 0.233604 0.623528 0.287785 0.623257 0.270027 0.91894 0.411888 0.836736 0.413562 0.949684 0.636386 0.91894 0.411888 0.949684 0.636386 0.979298 0.567991 0.624105 0.289031 0.731918 0.340129 0.731568 0.340305 0.95119 0.649526 0.84453 0.671005 0.841404 0.488728 0.868562 0.732584 0.844254 0.732298 0.84453 0.671005 0.84453 0.671005 0.95119 0.649526 0.868562 0.732584 0.940519 0.186324 0.838794 0.349074 0.836736 0.413562 0.91894 0.411888 1.00124 0.410212 0.973178 0.254015 0.840172 0.414631 0.976316 0.24737 0.901034 0.414645 0.976316 0.24737 0.840172 0.414631 0.951301 0.1797879 0.951301 0.1797879 0.840172 0.414631 0.841436 0.354948 0.840036 0.169006 0.838794 0.349074 0.940519 0.186324 0.840301 0.1052 0.940519 0.186324 0.866924 0.104965 0.940519 0.186324 0.840301 0.1052 0.840036 0.169006 0.901034 0.414645 0.976316 0.24737 0.983763 0.414665 0.91894 0.411888 0.940519 0.186324 0.836736 0.413562 0.91894 0.411888 0.972893 0.253456 0.940519 0.186324 0.623528 0.287785 0.73102 0.339121 0.73137 0.338944 0.951301 0.1797879 0.841436 0.354948 0.842255 0.1675879 0.866279 0.09922599 0.842255 0.1675879 0.841971 0.09950095 0.842255 0.1675879 0.866279 0.09922599 0.951301 0.1797879</float_array>
          <technique_common>
            <accessor source="#gaul_lightsp_001-mesh-map-0-array" count="1638" stride="2">
              <param name="S" type="float"/>
              <param name="T" type="float"/>
            </accessor>
          </technique_common>
        </source>
        <vertices id="gaul_lightsp_001-mesh-vertices">
          <input semantic="POSITION" source="#gaul_lightsp_001-mesh-positions"/>
        </vertices>
        <lines count="5">
          <input semantic="VERTEX" source="#gaul_lightsp_001-mesh-vertices" offset="0"/>
          <p>353 352 355 344 354 345 349 348 737 736</p>
        </lines>
        <triangles material="cemmeinarn-material" count="143">
          <input semantic="VERTEX" source="#gaul_lightsp_001-mesh-vertices" offset="0"/>
          <input semantic="NORMAL" source="#gaul_lightsp_001-mesh-normals" offset="1"/>
          <input semantic="TEXCOORD" source="#gaul_lightsp_001-mesh-map-0" offset="2" set="0"/>
          <p>0 0 0 26 0 1 22 0 2 0 1 3 22 1 4 11 1 5 0 2 6 11 2 7 5 2 8 0 3 9 5 3 10 1 3 11 2 4 12 3 4 13 9 4 14 2 5 15 9 5 16 13 5 17 2 6 18 13 6 19 25 6 20 2 7 21 25 7 22 8 7 23 19 8 24 6 8 25 12 8 26 19 9 27 12 9 28 18 9 29 19 10 30 18 10 31 14 10 32 27 11 33 17 11 34 21 11 35 21 12 36 23 12 37 27 12 38 15 13 39 8 13 40 17 13 41 13 14 42 16 14 43 24 14 44 13 15 45 24 15 46 25 15 47 9 16 48 19 16 49 14 16 50 9 17 51 14 17 52 16 17 53 9 18 54 16 18 55 13 18 56 21 19 57 17 19 58 20 19 59 20 20 60 18 20 61 21 20 62 20 21 63 17 21 64 24 21 65 24 22 66 16 22 67 20 22 68 18 23 69 12 23 70 23 23 71 23 24 72 21 24 73 18 24 74 17 25 75 8 25 76 25 25 77 25 26 78 24 26 79 17 26 80 20 27 81 16 27 82 14 27 83 20 28 84 14 28 85 18 28 86 27 29 87 15 29 88 17 29 89 6 30 90 19 30 91 9 30 92 7 31 93 10 31 94 4 31 95 28 32 96 33 32 97 34 32 98 28 33 99 34 33 100 35 33 101 31 34 102 29 34 103 35 34 104 35 35 105 34 35 106 31 35 107 36 36 108 30 36 109 32 36 110 32 37 111 37 37 112 36 37 113 38 38 114 42 38 115 44 38 116 44 39 117 41 39 118 38 39 119 43 40 120 39 40 121 40 40 122 40 41 123 45 41 124 43 41 125 47 42 126 46 42 127 49 42 128 49 43 129 48 43 130 47 43 131 51 44 132 50 44 133 54 44 134 54 45 135 52 45 136 51 45 137 56 46 138 49 46 139 46 46 140 46 47 141 57 47 142 56 47 143 59 48 144 58 48 145 53 48 146 53 49 147 55 49 148 59 49 149 60 50 150 65 50 151 66 50 152 66 51 153 67 51 154 60 51 155 61 52 156 68 52 157 69 52 158 69 53 159 64 53 160 61 53 161 63 54 162 62 54 163 67 54 164 67 55 165 66 55 166 63 55 167 71 56 168 70 56 169 74 56 170 74 57 171 72 57 172 71 57 173 73 58 174 75 58 175 77 58 176 77 59 177 76 59 178 73 59 179 79 60 180 78 60 181 81 60 182 81 61 183 80 61 184 79 61 185 83 62 186 82 62 187 86 62 188 86 63 189 84 63 190 83 63 191 88 64 192 81 64 193 78 64 194 78 65 195 89 65 196 88 65 197 90 66 198 85 66 199 87 66 200 87 67 201 91 67 202 90 67 203 95 68 204 94 68 205 93 68 206 93 69 207 92 69 208 95 69 209 101 70 210 99 70 211 97 70 212 97 71 213 96 71 214 101 71 215 103 72 216 102 72 217 92 72 218 92 73 219 93 73 220 103 73 221 104 74 222 98 74 223 100 74 224 100 75 225 105 75 226 104 75 227 107 76 228 106 76 229 109 76 230 109 77 231 108 77 232 107 77 233 111 78 234 110 78 235 113 78 236 113 79 237 112 79 238 111 79 239 116 80 240 114 80 241 117 80 242 119 81 243 115 81 244 118 81 245 120 82 246 127 82 247 128 82 248 128 83 249 129 83 250 120 83 251 121 84 252 130 84 253 132 84 254 132 85 255 126 85 256 121 85 257 124 86 258 122 86 259 129 86 260 129 87 261 128 87 262 124 87 263 131 88 264 123 88 265 125 88 266 125 89 267 133 89 268 131 89 269 134 90 270 141 90 271 142 90 272 142 91 273 143 91 274 134 91 275 135 92 276 144 92 277 146 92 278 146 93 279 140 93 280 135 93 281 138 94 282 136 94 283 143 94 284 143 95 285 142 95 286 138 95 287 145 96 288 137 96 289 139 96 290 139 97 291 147 97 292 145 97 293 149 98 294 148 98 295 151 98 296 151 99 297 150 99 298 149 99 299 152 100 300 151 100 301 148 100 302 148 101 303 153 101 304 152 101 305 154 102 306 161 102 307 162 102 308 162 103 309 163 103 310 154 103 311 155 104 312 164 104 313 166 104 314 166 105 315 160 105 316 155 105 317 158 106 318 156 106 319 163 106 320 163 107 321 162 107 322 158 107 323 165 108 324 157 108 325 159 108 326 159 109 327 167 109 328 165 109 329 168 110 330 175 110 331 176 110 332 176 111 333 177 111 334 168 111 335 169 112 336 178 112 337 180 112 338 180 113 339 174 113 340 169 113 341 172 114 342 170 114 343 177 114 344 177 115 345 176 115 346 172 115 347 179 116 348 171 116 349 173 116 350 173 117 351 181 117 352 179 117 353 183 118 354 182 118 355 185 118 356 185 119 357 184 119 358 183 119 359 187 120 360 186 120 361 190 120 362 190 121 363 188 121 364 187 121 365 192 122 366 185 122 367 182 122 368 182 123 369 193 123 370 192 123 371 189 124 372 191 124 373 195 124 374 195 125 375 194 125 376 189 125 377 196 126 378 203 126 379 204 126 380 204 127 381 205 127 382 196 127 383 197 128 384 206 128 385 208 128 386 208 129 387 202 129 388 197 129 389 200 130 390 198 130 391 205 130 392 205 131 393 204 131 394 200 131 395 207 132 396 199 132 397 201 132 398 201 133 399 209 133 400 207 133 401 224 134 402 211 134 403 214 134 404 221 135 405 213 135 406 212 135 407 210 136 408 211 136 409 224 136 410 216 137 411 213 137 412 221 137 413 222 138 414 225 138 415 215 138 416 215 139 417 217 139 418 222 139 419 212 140 420 218 140 421 221 140 422 223 141 423 219 141 424 226 141 425 224 142 426 220 142 427 210 142 428</p>
        </triangles>
        <triangles material="machairophor_001-material" count="403">
          <input semantic="VERTEX" source="#gaul_lightsp_001-mesh-vertices" offset="0"/>
          <input semantic="NORMAL" source="#gaul_lightsp_001-mesh-normals" offset="1"/>
          <input semantic="TEXCOORD" source="#gaul_lightsp_001-mesh-map-0" offset="2" set="0"/>
          <p>227 143 429 231 143 430 234 143 431 227 144 432 234 144 433 236 144 434 232 145 435 238 145 436 243 145 437 243 146 438 235 146 439 232 146 440 245 147 441 268 147 442 244 147 443 245 148 444 244 148 445 239 148 446 269 149 447 271 149 448 276 149 449 276 150 450 278 150 451 269 150 452 272 151 453 279 151 454 280 151 455 280 152 456 277 152 457 272 152 458 279 153 459 282 153 460 284 153 461 284 154 462 281 154 463 279 154 464 283 155 465 286 155 466 288 155 467 288 156 468 285 156 469 283 156 470 247 157 471 290 157 472 293 157 473 247 158 474 293 158 475 251 158 476 253 159 477 293 159 478 289 159 479 253 160 480 289 160 481 287 160 482 254 161 483 258 161 484 260 161 485 261 162 486 252 162 487 255 162 488 259 163 489 228 163 490 237 163 491 237 164 492 262 164 493 259 164 494 236 165 495 234 165 496 294 165 497 294 166 498 297 166 499 236 166 500 235 167 501 243 167 502 263 167 503 263 168 504 295 168 505 235 168 506 278 169 507 268 169 508 245 169 509 278 170 510 245 170 511 269 170 512 268 171 513 301 171 514 264 171 515 268 172 516 264 172 517 244 172 518 278 173 519 276 173 520 304 173 521 304 174 522 307 174 523 278 174 524 277 175 525 280 175 526 310 175 527 310 176 528 305 176 529 277 176 530 284 177 531 311 177 532 281 177 533 285 178 534 288 178 535 314 178 536 314 179 537 317 179 538 285 179 539 293 180 540 290 180 541 315 180 542 293 181 543 315 181 544 289 181 545 252 182 546 261 182 547 320 182 548 320 183 549 248 183 550 252 183 551 262 184 552 237 184 553 298 184 554 298 185 555 321 185 556 262 185 557 256 186 558 286 186 559 283 186 560 282 187 561 279 187 562 273 187 563 274 188 564 270 188 565 246 188 566 274 189 567 246 189 568 266 189 569 240 190 570 233 190 571 229 190 572 275 191 573 267 191 574 241 191 575 275 192 576 241 192 577 230 192 578 283 193 579 275 193 580 230 193 581 256 194 582 283 194 583 230 194 584 299 195 585 249 195 586 322 195 587 250 196 588 300 196 589 296 196 590 316 197 591 291 197 592 302 197 593 302 198 594 308 198 595 318 198 596 302 199 597 318 199 598 316 199 599 308 200 600 312 200 601 318 200 602 309 201 603 306 201 604 313 201 605 319 202 606 311 202 607 284 202 608 307 203 609 301 203 610 268 203 611 307 204 612 268 204 613 278 204 614 266 205 615 246 205 616 242 205 617 251 206 618 293 206 619 253 206 620 251 207 621 253 207 622 257 207 623 303 208 624 292 208 625 250 208 626 250 209 627 296 209 628 265 209 629 250 210 630 265 210 631 303 210 632 336 211 633 331 211 634 325 211 635 336 212 636 325 212 637 324 212 638 340 213 639 336 213 640 324 213 641 340 214 642 324 214 643 323 214 644 326 215 645 328 215 646 329 215 647 329 216 648 327 216 649 326 216 650 328 217 651 332 217 652 334 217 653 334 218 654 330 218 655 328 218 656 337 219 657 335 219 658 333 219 659 327 220 660 329 220 661 338 220 662 334 221 663 339 221 664 330 221 665 335 222 666 337 222 667 341 222 668 341 223 669 342 223 670 335 223 671 343 224 672 339 224 673 334 224 674 379 225 675 375 225 676 377 225 677 377 226 678 378 226 679 379 226 680 372 227 681 374 227 682 376 227 683 376 228 684 380 228 685 372 228 686 408 229 687 403 229 688 405 229 689 405 230 690 406 230 691 408 230 692 401 231 693 402 231 694 404 231 695 404 232 696 409 232 697 401 232 698 392 233 699 390 233 700 420 233 701 392 234 702 420 234 703 419 234 704 360 235 705 358 235 706 414 235 707 360 236 708 414 236 709 415 236 710 364 237 711 362 237 712 432 237 713 364 238 714 432 238 715 429 238 716 394 239 717 396 239 718 417 239 719 394 240 720 417 240 721 423 240 722 365 241 723 367 241 724 430 241 725 365 242 726 430 242 727 424 242 728 388 243 729 386 243 730 427 243 731 388 244 732 427 244 733 416 244 734 398 245 735 394 245 736 423 245 737 398 246 738 423 246 739 428 246 740 390 247 741 388 247 742 416 247 743 390 248 744 416 248 745 422 248 746 386 249 747 385 249 748 426 249 749 386 250 750 426 250 751 427 250 752 362 251 753 360 251 754 418 251 755 362 252 756 418 252 757 432 252 758 369 253 759 365 253 760 424 253 761 369 254 762 424 254 763 425 254 764 356 255 765 359 255 766 381 255 767 356 256 768 381 256 769 382 256 770 359 257 771 361 257 772 383 257 773 383 258 774 381 258 775 359 258 776 361 259 777 363 259 778 384 259 779 384 260 780 383 260 781 361 260 782 371 261 783 368 261 784 378 261 785 378 262 786 377 262 787 371 262 788 368 263 789 366 263 790 379 263 791 379 264 792 378 264 793 368 264 794 366 265 795 370 265 796 373 265 797 373 266 798 379 266 799 366 266 800 399 267 801 400 267 802 402 267 803 402 268 804 401 268 805 399 268 806 387 269 807 389 269 808 410 269 809 410 270 810 411 270 811 387 270 812 389 271 813 391 271 814 412 271 815 412 272 816 410 272 817 389 272 818 391 273 819 393 273 820 413 273 821 413 274 822 412 274 823 391 274 824 397 275 825 395 275 826 409 275 827 409 276 828 407 276 829 397 276 830 395 277 831 399 277 832 401 277 833 401 278 834 409 278 835 395 278 836 358 279 837 357 279 838 421 279 839 358 280 840 421 280 841 414 280 842 415 281 843 418 281 844 360 281 845 422 282 846 420 282 847 390 282 848 429 283 849 431 283 850 364 283 851 475 284 852 476 284 853 467 284 854 469 285 855 470 285 856 468 285 857 470 286 858 466 286 859 468 286 860 531 287 861 530 287 862 539 287 863 532 288 864 531 288 865 540 288 866 540 289 867 531 289 868 539 289 869 546 290 870 535 290 871 541 290 872 533 291 873 541 291 874 535 291 875 547 292 876 541 292 877 533 292 878 547 293 879 533 293 880 536 293 881 540 294 882 542 294 883 545 294 884 540 295 885 539 295 886 542 295 887 541 296 888 544 296 889 543 296 890 548 297 891 543 297 892 544 297 893 543 298 894 546 298 895 541 298 896 549 299 897 541 299 898 547 299 899 549 300 900 544 300 901 541 300 902 539 301 903 550 301 904 542 301 905 534 302 906 529 302 907 479 302 908 479 303 909 480 303 910 534 303 911 482 304 912 537 304 913 481 304 914 435 305 915 434 305 916 483 305 917 484 306 918 435 306 919 483 306 920 436 307 921 433 307 922 472 307 923 472 308 924 433 308 925 471 308 926 485 309 927 467 309 928 476 309 929 476 310 930 477 310 931 485 310 932 445 311 933 487 311 934 486 311 935 445 312 936 486 312 937 446 312 938 469 313 939 474 313 940 470 313 941 447 314 942 474 314 943 469 314 944 448 315 945 474 315 946 444 315 947 548 316 948 544 316 949 549 316 950 536 317 951 533 317 952 537 317 953 537 318 954 533 318 955 481 318 956 481 319 957 533 319 958 535 319 959 481 320 960 535 320 961 488 320 962 530 321 963 531 321 964 489 321 965 538 322 966 536 322 967 537 322 968 534 323 969 489 323 970 531 323 971 531 324 972 532 324 973 534 324 974 506 325 975 517 325 976 507 325 977 508 326 978 518 326 979 506 326 980 518 327 981 517 327 982 506 327 983 524 328 984 519 328 985 512 328 986 509 329 987 512 329 988 519 329 989 525 330 990 509 330 991 519 330 992 525 331 993 513 331 994 509 331 995 518 332 996 521 332 997 520 332 998 518 333 999 520 333 1000 517 333 1001 519 334 1002 523 334 1003 522 334 1004 526 335 1005 522 335 1006 523 335 1007 523 336 1008 519 336 1009 524 336 1010 527 337 1011 525 337 1012 519 337 1013 527 338 1014 519 338 1015 522 338 1016 517 339 1017 520 339 1018 528 339 1019 510 340 1020 490 340 1021 478 340 1022 473 341 1023 491 341 1024 511 341 1025 526 342 1026 527 342 1027 522 342 1028 513 343 1029 511 343 1030 509 343 1031 511 344 1032 491 344 1033 509 344 1034 491 345 1035 512 345 1036 509 345 1037 493 346 1038 492 346 1039 514 346 1040 507 347 1041 490 347 1042 506 347 1043 515 348 1044 511 348 1045 513 348 1046 510 349 1047 506 349 1048 490 349 1049 506 350 1050 510 350 1051 508 350 1052 495 351 1053 494 351 1054 470 351 1055 470 352 1056 494 352 1057 466 352 1058 496 353 1059 485 353 1060 477 353 1061 448 354 1062 495 354 1063 474 354 1064 474 355 1065 495 355 1066 470 355 1067 498 356 1068 497 356 1069 466 356 1070 466 357 1071 499 357 1072 498 357 1073 502 358 1074 501 358 1075 500 358 1076 503 359 1077 466 359 1078 494 359 1079 494 360 1080 504 360 1081 503 360 1082 451 361 1083 449 361 1084 582 361 1085 582 362 1086 441 362 1087 451 362 1088 439 363 1089 552 363 1090 453 363 1091 453 364 1092 451 364 1093 439 364 1094 456 365 1095 455 365 1096 579 365 1097 579 366 1098 612 366 1099 456 366 1100 457 367 1101 454 367 1102 551 367 1103 450 368 1104 584 368 1105 583 368 1106 438 369 1107 440 369 1108 442 369 1109 438 370 1110 442 370 1111 443 370 1112 437 371 1113 438 371 1114 443 371 1115 452 372 1116 442 372 1117 440 372 1118 553 373 1119 440 373 1120 555 373 1121 555 374 1122 554 374 1123 553 374 1124 440 375 1125 438 375 1126 556 375 1127 556 376 1128 555 376 1129 440 376 1130 460 377 1131 458 377 1132 557 377 1133 557 378 1134 560 378 1135 460 378 1136 580 379 1137 558 379 1138 557 379 1139 559 380 1140 558 380 1141 580 380 1142 551 381 1143 553 381 1144 554 381 1145 554 382 1146 561 382 1147 551 382 1148 458 383 1149 586 383 1150 613 383 1151 613 384 1152 614 384 1153 458 384 1154 459 385 1155 461 385 1156 588 385 1157 588 386 1158 587 386 1159 459 386 1160 443 387 1161 442 387 1162 590 387 1163 590 388 1164 593 388 1165 443 388 1166 442 389 1167 583 389 1168 591 389 1169 591 390 1170 590 390 1171 442 390 1172 583 391 1173 584 391 1174 592 391 1175 592 392 1176 591 392 1177 583 392 1178 594 393 1179 614 393 1180 613 393 1181 554 394 1182 555 394 1183 564 394 1184 564 395 1185 563 395 1186 554 395 1187 555 396 1188 556 396 1189 565 396 1190 565 397 1191 564 397 1192 555 397 1193 560 398 1194 557 398 1195 566 398 1196 566 399 1197 569 399 1198 560 399 1199 557 400 1200 558 400 1201 567 400 1202 567 401 1203 566 401 1204 557 401 1205 558 402 1206 559 402 1207 568 402 1208 568 403 1209 567 403 1210 558 403 1211 561 404 1212 554 404 1213 563 404 1214 563 405 1215 570 405 1216 561 405 1217 585 406 1218 586 406 1219 597 406 1220 597 407 1221 596 407 1222 585 407 1223 586 408 1224 589 408 1225 598 408 1226 598 409 1227 597 409 1228 586 409 1229 593 410 1230 590 410 1231 599 410 1232 599 411 1233 602 411 1234 593 411 1235 590 412 1236 591 412 1237 600 412 1238 600 413 1239 599 413 1240 590 413 1241 591 414 1242 592 414 1243 601 414 1244 601 415 1245 600 415 1246 591 415 1247 595 416 1248 585 416 1249 596 416 1250 596 417 1251 603 417 1252 595 417 1253 571 418 1254 573 418 1255 619 418 1256 571 419 1257 619 419 1258 616 419 1259 574 420 1260 575 420 1261 632 420 1262 574 421 1263 632 421 1264 630 421 1265 606 422 1266 607 422 1267 621 422 1268 606 423 1269 621 423 1270 623 423 1271 474 424 1272 447 424 1273 444 424 1274 579 425 1275 462 425 1276 612 425 1277 458 426 1278 581 426 1279 580 426 1280 580 427 1281 557 427 1282 458 427 1283 580 428 1284 581 428 1285 562 428 1286 586 429 1287 585 429 1288 613 429 1289 613 430 1290 595 430 1291 594 430 1292 613 431 1293 585 431 1294 595 431 1295 580 432 1296 562 432 1297 559 432 1298 454 433 1299 553 433 1300 551 433 1301 562 434 1302 581 434 1303 463 434 1304 450 435 1305 464 435 1306 584 435 1307 465 436 1308 614 436 1309 594 436 1310 510 437 1311 478 437 1312 505 437 1313 505 438 1314 516 438 1315 510 438 1316 480 439 1317 489 439 1318 534 439 1319 624 440 1320 618 440 1321 610 440 1322 624 441 1323 610 441 1324 609 441 1325 616 442 1326 615 442 1327 571 442 1328 626 443 1329 625 443 1330 576 443 1331 626 444 1332 576 444 1333 578 444 1334 615 445 1335 622 445 1336 572 445 1337 615 446 1338 572 446 1339 571 446 1340 623 447 1341 617 447 1342 606 447 1343 620 448 1344 621 448 1345 607 448 1346 620 449 1347 607 449 1348 608 449 1349 629 450 1350 624 450 1351 609 450 1352 629 451 1353 609 451 1354 611 451 1355 617 452 1356 628 452 1357 604 452 1358 617 453 1359 604 453 1360 606 453 1361 628 454 1362 627 454 1363 605 454 1364 628 455 1365 605 455 1366 604 455 1367 633 456 1368 619 456 1369 573 456 1370 633 457 1371 573 457 1372 574 457 1373 625 458 1374 631 458 1375 577 458 1376 625 459 1377 577 459 1378 576 459 1379 630 460 1380 633 460 1381 574 460 1382 634 461 1383 635 461 1384 636 461 1385 634 462 1386 637 462 1387 635 462 1388 638 463 1389 634 463 1390 636 463 1391 634 464 1392 638 464 1393 637 464 1394 640 465 1395 641 465 1396 639 465 1397 641 466 1398 640 466 1399 642 466 1400 642 467 1401 643 467 1402 641 467 1403 644 468 1404 645 468 1405 646 468 1406 644 469 1407 647 469 1408 645 469 1409 648 470 1410 644 470 1411 646 470 1412 644 471 1413 648 471 1414 647 471 1415 649 472 1416 650 472 1417 651 472 1418 651 473 1419 652 473 1420 649 473 1421 652 474 1422 651 474 1423 653 474 1424 653 475 1425 654 475 1426 652 475 1427 650 476 1428 649 476 1429 654 476 1430 654 477 1431 653 477 1432 650 477 1433 668 478 1434 669 478 1435 655 478 1436 667 479 1437 665 479 1438 659 479 1439 661 480 1440 663 480 1441 660 480 1442 670 481 1443 656 481 1444 671 481 1445 660 482 1446 664 482 1447 666 482 1448 664 483 1449 660 483 1450 662 483 1451 662 484 1452 660 484 1453 663 484 1454 674 485 1455 663 485 1456 661 485 1457 675 486 1458 661 486 1459 673 486 1460 661 487 1461 675 487 1462 674 487 1463 666 488 1464 664 488 1465 657 488 1466 668 489 1467 667 489 1468 659 489 1469 659 490 1470 669 490 1471 668 490 1472 670 491 1473 661 491 1474 660 491 1475 670 492 1476 672 492 1477 661 492 1478 670 493 1479 671 493 1480 672 493 1481 662 494 1482 663 494 1483 674 494 1484 676 495 1485 674 495 1486 675 495 1487 674 496 1488 676 496 1489 662 496 1490 677 497 1491 659 497 1492 679 497 1493 669 498 1494 681 498 1495 655 498 1496 659 499 1497 665 499 1498 680 499 1499 680 500 1500 678 500 1501 659 500 1502 678 501 1503 679 501 1504 659 501 1505 684 502 1506 677 502 1507 679 502 1508 685 503 1509 683 503 1510 677 503 1511 677 504 1512 684 504 1513 685 504 1514 665 505 1515 658 505 1516 680 505 1517 669 506 1518 659 506 1519 677 506 1520 669 507 1521 677 507 1522 682 507 1523 669 508 1524 682 508 1525 681 508 1526 678 509 1527 684 509 1528 679 509 1529 686 510 1530 685 510 1531 684 510 1532 684 511 1533 678 511 1534 686 511 1535 706 512 1536 707 512 1537 687 512 1538 705 513 1539 702 513 1540 692 513 1541 697 514 1542 695 514 1543 699 514 1544 709 515 1545 711 515 1546 689 515 1547 696 516 1548 704 516 1549 701 516 1550 701 517 1551 698 517 1552 696 517 1553 698 518 1554 700 518 1555 696 518 1556 716 519 1557 697 519 1558 699 519 1559 718 520 1560 715 520 1561 697 520 1562 697 521 1563 716 521 1564 718 521 1565 704 522 1566 690 522 1567 701 522 1568 706 523 1569 692 523 1570 705 523 1571 692 524 1572 707 524 1573 706 524 1574 709 525 1575 695 525 1576 697 525 1577 709 526 1578 697 526 1579 713 526 1580 710 527 1581 714 527 1582 712 527 1583 698 528 1584 717 528 1585 700 528 1586 720 529 1587 719 529 1588 717 529 1589 717 530 1590 698 530 1591 720 530 1592 721 531 1593 723 531 1594 693 531 1595 708 532 1596 688 532 1597 726 532 1598 694 533 1599 725 533 1600 703 533 1601 725 534 1602 694 534 1603 722 534 1604 722 535 1605 694 535 1606 724 535 1607 731 536 1608 723 536 1609 721 536 1610 733 537 1611 721 537 1612 730 537 1613 721 538 1614 733 538 1615 731 538 1616 703 539 1617 725 539 1618 691 539 1619 708 540 1620 721 540 1621 693 540 1622 708 541 1623 728 541 1624 721 541 1625 707 542 1626 727 542 1627 729 542 1628 722 543 1629 724 543 1630 732 543 1631 735 544 1632 732 544 1633 734 544 1634 732 545 1635 735 545 1636 722 545 1637</p>
        </triangles>
      </mesh>
    </geometry>
  </library_geometries>
  <library_controllers>
    <controller id="cemmeinarn2_Skin_gaul_lightsp-skin" name="cemmeinarn2_Skin">
      <skin source="#gaul_lightsp_001-mesh">
        <bind_shape_matrix>1 0 0 0 0 1 0 0 0 0 1 0 0 0 0 1</bind_shape_matrix>
        <source id="cemmeinarn2_Skin_gaul_lightsp-skin-joints">
          <Name_array id="cemmeinarn2_Skin_gaul_lightsp-skin-joints-array" count="34">root pelvis femurleft butt-l knee-l-top knee-l-bopttom ankle_left foot_left01 femurright butt-r knee-r-top knee-r-bopttom ankleright foot_right01 lumbar rib scapula ulna carpal ammo_node_1 scapula01 ulna01 carpal_right smoke_node_1 ammo_node_0 neck skull nogginbottom plumes skulltop smoke_node_0 cloaktop cloak cloakbottom</Name_array>
          <technique_common>
            <accessor source="#cemmeinarn2_Skin_gaul_lightsp-skin-joints-array" count="34" stride="1">
              <param name="JOINT" type="name"/>
            </accessor>
          </technique_common>
        </source>
        <source id="cemmeinarn2_Skin_gaul_lightsp-skin-bind_poses">
          <float_array id="cemmeinarn2_Skin_gaul_lightsp-skin-bind_poses-array" count="544">1 0 0 0 0 -1.19209e-7 1 -2.154822 0 -1 -1.34359e-7 1.88312e-7 0 0 0 1 1 0 0 -2.88205e-4 0 0 1 -1.989969 0 -1 0 0.05965083 0 0 0 1 1 0 0 -0.2295659 0 -1.93715e-7 1 -1.980151 0 -1 -2.08865e-7 2.08792e-7 0 0 0 1 1 1.48599e-7 0 -0.2300334 0 0 1 -1.881625 1.48599e-7 -1 0 0.227865 0 0 0 1 1 1.21671e-7 0 -0.2579528 0 7.00354e-7 1 -1.492426 1.21671e-7 -1 7.00355e-7 -0.357713 0 0 0 1 1 1.24739e-7 0 -0.2616621 0 -1.93715e-7 1 -1.243225 1.24739e-7 -1 -2.08616e-7 0.03760051 0 0 0 1 1 -6.45022e-7 2.45227e-7 -0.2703902 0 -0.3687225 -0.9295396 0.1499913 6.89995e-7 0.9295411 -0.3687224 -0.04846745 0 0 0 1 1 4.55836e-7 -2.08364e-5 -0.2703897 0 -0.9997622 -0.0218712 -0.2401517 -2.08413e-5 0.02187174 -0.9997608 0.02883851 0 0 0 1 1 0 0 0.2313526 0 -1.93715e-7 1 -1.980151 0 -1 -2.08865e-7 2.38597e-7 0 0 0 1 1 1.43904e-7 0 0.2346149 0 0 1 -1.884256 1.43904e-7 -1 0 0.2262756 0 0 0 1 1 1.24629e-7 0 0.1784679 0 0 1 -1.491812 1.24629e-7 -1 0 -0.3589509 0 0 0 1 1 1.26164e-7 0 0.2454932 0 0 1 -1.243115 1.26164e-7 -1 0 0.03760039 0 0 0 1 1 -6.15832e-7 2.44233e-7 0.2586691 0 -0.3687216 -0.9295398 0.1530216 6.62494e-7 0.9295396 -0.3687216 -0.04726481 0 0 0 1 1 -1.34974e-7 6.16973e-6 0.2586688 0 -0.9997605 -0.0218718 -0.2400798 6.17121e-6 0.02187162 -0.9997608 0.03209382 0 0 0 1 1 0 0 -0.004826366 0 -1.19209e-7 1 -2.179733 0 -1 -1.3411e-7 0.1130516 0 0 0 1 1 0 0 0.007960081 0 -1.19209e-7 1 -2.884791 0 -1 -1.34359e-7 0 0 0 0 1 0.2317618 0 0.9727724 -3.139647 -0.9727725 0 0.2317616 -0.3261938 0 -1 0 0 0 0 0 1 0.2317619 0 0.9727725 -3.263386 -0.9727725 0 0.2317617 0.2731626 0 -1 0 0 0 0 0 1 0.2317616 0 0.9727726 -3.366695 -0.9727726 -1.27596e-7 0.2317614 0.8485679 0 -1 0 -0.07377839 0 0 0 1 0.2318506 0 0.9727514 -3.543434 -0.001870632 -0.9999982 4.45924e-4 0.001178145 0.9727495 -0.001923143 -0.2318503 -0.6128963 0 0 0 1 0.2762361 0 -0.9610897 3.132629 0.9610899 0 0.2762362 -0.4308801 0 -1 0 -3.2385e-7 0 0 0 1 0.2762361 0 -0.9610899 3.244631 0.9610898 0 0.2762361 0.1684763 0 -1 -1.31686e-7 0 0 0 0 1 0.2762362 0 -0.9610899 3.382376 0.9610899 0 0.2762363 0.6996114 0 -1 0 -2.73947e-7 0 0 0 1 0.2750234 8.66725e-6 -0.9614375 3.355167 -0.006494581 -0.9999771 -0.001866817 -0.05440562 -0.9614156 0.006757438 -0.2750172 -0.8859102 0 0 0 1 0.2762366 0 -0.9610898 3.411399 0.9610897 1.28655e-7 0.2762365 0.8588803 1.37836e-7 -1 0 -0.09999984 0 0 0 1 1 1.21833e-7 0 0.02165722 0 0 1 -3.354291 1.21833e-7 -1 -1.20185e-7 1.21637e-7 0 0 0 1 1 1.22324e-7 0 0.02895486 0 0 1 -3.806293 1.22324e-7 -1 0 0 0 0 0 1 1 3.55794e-7 0 0.02715581 0 0.04181367 0.9991254 -3.880911 3.56122e-7 -0.9991255 0.04181367 -0.4448732 0 0 0 1 1 5.2659e-7 0 0.03132402 0 0.02110093 0.9997774 -3.98341 5.26723e-7 -0.9997773 0.02110087 -0.2703216 0 0 0 1 1 1.26063e-7 0 0.03312307 0 0 1 -4.176582 1.26063e-7 -1 0 0 0 0 0 1 1 -2.50332e-5 -1.10455e-6 0.01513993 -2.50332e-5 -1 0 -0.2430208 -1.10467e-6 0 -1 3.446478 0 0 0 1 1 1.24777e-7 0 -0.001975059 0 0 1 -3.236083 1.24777e-7 -1 0 0.1981263 0 0 0 1 1 1.24836e-7 0 -0.006513237 0 0 1 -2.377002 1.24836e-7 -1 0 0.4338244 0 0 0 1 1 1.24836e-7 0 0.02082639 0 0 1 -1.545783 1.24836e-7 -1 0 0.5515336 0 0 0 1</float_array>
          <technique_common>
            <accessor source="#cemmeinarn2_Skin_gaul_lightsp-skin-bind_poses-array" count="34" stride="16">
              <param name="TRANSFORM" type="float4x4"/>
            </accessor>
          </technique_common>
        </source>
        <source id="cemmeinarn2_Skin_gaul_lightsp-skin-weights">
          <float_array id="cemmeinarn2_Skin_gaul_lightsp-skin-weights-array" count="739">1 1 1 1 1 1 1 1 1 1 1 1 1 1 1 1 1 1 1 1 1 1 1 1 1 1 1 1 1 1 1 1 1 1 1 1 1 1 1 1 1 1 1 1 1 1 1 1 1 1 1 1 1 1 1 1 1 1 1 1 1 1 1 1 1 1 1 1 1 1 1 1 1 1 1 1 1 1 1 1 1 1 1 1 1 1 1 1 1 1 1 1 1 1 1 1 1 1 1 1 1 1 1 1 1 1 1 1 1 1 1 1 1 1 1 1 1 1 1 1 1 1 1 1 1 1 1 1 1 1 1 1 1 1 1 1 1 1 1 1 1 1 1 1 1 1 1 1 1 1 1 1 1 1 1 1 1 1 1 1 1 1 1 1 1 1 1 1 1 1 1 1 1 1 1 1 1 1 1 1 1 1 1 1 1 1 1 1 1 1 1 1 1 1 1 1 1 1 1 1 1 1 1 1 1 1 1 1 1 1 1 1 1 1 1 1 1 1 1 1 1 1 1 1 1 1 1 1 1 1 1 1 1 1 1 1 1 1 1 1 1 1 1 1 1 1 1 1 1 1 1 1 1 1 1 1 1 1 1 1 1 1 1 1 1 1 1 1 1 1 1 1 1 1 1 1 1 1 1 1 1 1 1 1 1 1 1 1 1 1 1 1 1 1 1 1 1 1 1 1 1 1 1 1 1 1 1 1 1 1 1 1 1 1 1 1 1 1 1 1 1 1 1 1 1 1 1 1 1 1 1 1 1 1 1 1 1 1 1 1 1 1 1 1 1 1 1 1 1 1 1 1 1 1 1 1 1 1 1 1 1 1 1 1 1 1 1 1 1 1 1 1 1 1 1 1 1 1 1 1 1 1 1 1 1 1 1 1 1 1 1 1 1 1 1 1 1 1 1 1 1 1 1 1 1 1 1 1 1 1 1 1 1 1 1 1 1 1 1 1 1 1 1 1 1 1 1 1 1 1 1 1 1 1 1 1 1 1 1 1 1 1 1 1 1 1 1 1 1 1 1 1 1 1 1 1 1 1 1 1 1 1 1 1 1 1 1 1 1 1 1 1 1 1 1 1 1 1 1 1 1 1 1 1 1 1 1 1 1 1 1 1 1 1 1 1 1 1 1 1 1 1 1 1 1 1 1 1 1 1 1 1 1 1 1 1 1 1 1 1 1 1 1 1 1 1 1 1 1 1 1 1 1 1 1 1 1 1 1 1 1 1 1 1 1 1 1 1 1 1 1 1 1 1 1 1 1 1 1 1 1 1 1 1 1 1 1 1 1 1 1 1 1 1 1 1 1 1 1 1 1 1 1 1 1 1 1 1 1 1 1 1 1 1 1 1 1 1 1 1 1 1 1 1 1 1 1 1 1 1 1 1 1 1 1 1 1 1 1 1 1 1 1 1 1 1 1 1 1 1 1 1 1 1 1 1 1 1 1 1 1 1 1 1 1 1 1 1 1 1 1 1 1 1 1 1 1 1 1 1 1 1 1 1 1 1 1 1 1 1 1 1 1 1 1 1 1 1 1 1 1 1 1 1 1 1 1 1 1 1 1 1 1 1 1 1 1 1 1 1 1 1 1 1 1 1 1 1 1 1 1 1 1 1 1 1 1 1 1 1 1 1 1 1 1 1 1 1 1 1 1 1 1 1 1 1 1 1 1</float_array>
          <technique_common>
            <accessor source="#cemmeinarn2_Skin_gaul_lightsp-skin-weights-array" count="739" stride="1">
              <param name="WEIGHT" type="float"/>
            </accessor>
          </technique_common>
        </source>
        <joints>
          <input semantic="JOINT" source="#cemmeinarn2_Skin_gaul_lightsp-skin-joints"/>
          <input semantic="INV_BIND_MATRIX" source="#cemmeinarn2_Skin_gaul_lightsp-skin-bind_poses"/>
        </joints>
        <vertex_weights count="739">
          <input semantic="JOINT" source="#cemmeinarn2_Skin_gaul_lightsp-skin-joints" offset="0"/>
          <input semantic="WEIGHT" source="#cemmeinarn2_Skin_gaul_lightsp-skin-weights" offset="1"/>
          <vcount>1 1 1 1 1 1 1 1 1 1 1 1 1 1 1 1 1 1 1 1 1 1 1 1 1 1 1 1 1 1 1 1 1 1 1 1 1 1 1 1 1 1 1 1 1 1 1 1 1 1 1 1 1 1 1 1 1 1 1 1 1 1 1 1 1 1 1 1 1 1 1 1 1 1 1 1 1 1 1 1 1 1 1 1 1 1 1 1 1 1 1 1 1 1 1 1 1 1 1 1 1 1 1 1 1 1 1 1 1 1 1 1 1 1 1 1 1 1 1 1 1 1 1 1 1 1 1 1 1 1 1 1 1 1 1 1 1 1 1 1 1 1 1 1 1 1 1 1 1 1 1 1 1 1 1 1 1 1 1 1 1 1 1 1 1 1 1 1 1 1 1 1 1 1 1 1 1 1 1 1 1 1 1 1 1 1 1 1 1 1 1 1 1 1 1 1 1 1 1 1 1 1 1 1 1 1 1 1 1 1 1 1 1 1 1 1 1 1 1 1 1 1 1 1 1 1 1 1 1 1 1 1 1 1 1 1 1 1 1 1 1 1 1 1 1 1 1 1 1 1 1 1 1 1 1 1 1 1 1 1 1 1 1 1 1 1 1 1 1 1 1 1 1 1 1 1 1 1 1 1 1 1 1 1 1 1 1 1 1 1 1 1 1 1 1 1 1 1 1 1 1 1 1 1 1 1 1 1 1 1 1 1 1 1 1 1 1 1 1 1 1 1 1 1 1 1 1 1 1 1 1 1 1 1 1 1 1 1 1 1 1 1 1 1 1 1 1 1 1 1 1 1 1 1 1 1 1 1 1 1 1 1 1 1 1 1 1 1 1 1 1 1 1 1 1 1 1 1 1 1 1 1 1 1 1 1 1 1 1 1 1 1 1 1 1 1 1 1 1 1 1 1 1 1 1 1 1 1 1 1 1 1 1 1 1 1 1 1 1 1 1 1 1 1 1 1 1 1 1 1 1 1 1 1 1 1 1 1 1 1 1 1 1 1 1 1 1 1 1 1 1 1 1 1 1 1 1 1 1 1 1 1 1 1 1 1 1 1 1 1 1 1 1 1 1 1 1 1 1 1 1 1 1 1 1 1 1 1 1 1 1 1 1 1 1 1 1 1 1 1 1 1 1 1 1 1 1 1 1 1 1 1 1 1 1 1 1 1 1 1 1 1 1 1 1 1 1 1 1 1 1 1 1 1 1 1 1 1 1 1 1 1 1 1 1 1 1 1 1 1 1 1 1 1 1 1 1 1 1 1 1 1 1 1 1 1 1 1 1 1 1 1 1 1 1 1 1 1 1 1 1 1 1 1 1 1 1 1 1 1 1 1 1 1 1 1 1 1 1 1 1 1 1 1 1 1 1 1 1 1 1 1 1 1 1 1 1 1 1 1 1 1 1 1 1 1 1 1 1 1 1 1 1 1 1 1 1 1 1 1 1 1 1 1 1 1 1 1 1 1 1 1 1 1 1 1 1 1 1 1 1 1 1 1 1 1 1 1 1 1 1 1 1 1 1 1 1 1 1 1 1 1 1 1 1 1 1 1 1 1 1 1 1 1 1 1 1 1 1 1 1 1 1 1 1 1 1 1 1 1 1 1 1 1 1 1 1 1 1 1 1 1 1 1 1 1 1 1 1 1 1 1 1 1 1 1 1 1 1 </vcount>
          <v>25 0 25 1 25 2 25 3 25 4 25 5 25 6 25 7 25 8 25 9 25 10 25 11 25 12 25 13 25 14 25 15 25 16 25 17 25 18 25 19 25 20 25 21 25 22 25 23 25 24 25 25 25 26 25 27 25 28 25 29 25 30 25 31 25 32 25 33 25 34 25 35 25 36 25 37 25 38 25 39 25 40 25 41 25 42 25 43 25 44 25 45 25 46 25 47 25 48 25 49 25 50 25 51 25 52 25 53 25 54 25 55 25 56 25 57 25 58 25 59 25 60 25 61 25 62 25 63 25 64 25 65 25 66 25 67 25 68 25 69 25 70 25 71 25 72 25 73 25 74 25 75 25 76 25 77 25 78 25 79 25 80 25 81 25 82 25 83 25 84 25 85 25 86 25 87 25 88 25 89 25 90 25 91 25 92 25 93 25 94 25 95 25 96 25 97 25 98 25 99 25 100 25 101 25 102 25 103 25 104 25 105 25 106 25 107 25 108 25 109 25 110 25 111 25 112 25 113 25 114 25 115 25 116 25 117 25 118 25 119 25 120 25 121 25 122 25 123 25 124 25 125 25 126 25 127 25 128 25 129 25 130 25 131 25 132 25 133 25 134 25 135 25 136 25 137 25 138 25 139 25 140 25 141 25 142 25 143 25 144 25 145 25 146 25 147 25 148 25 149 25 150 25 151 25 152 25 153 25 154 25 155 25 156 25 157 25 158 25 159 25 160 25 161 25 162 25 163 25 164 25 165 25 166 25 167 25 168 25 169 25 170 25 171 25 172 25 173 25 174 25 175 25 176 25 177 25 178 25 179 25 180 25 181 25 182 25 183 25 184 25 185 25 186 25 187 25 188 25 189 25 190 25 191 25 192 25 193 25 194 25 195 25 196 25 197 25 198 25 199 25 200 25 201 25 202 25 203 25 204 25 205 25 206 25 207 25 208 25 209 25 210 25 211 25 212 25 213 25 214 25 215 25 216 25 217 25 218 25 219 25 220 25 221 25 222 25 223 25 224 25 225 25 226 14 227 14 228 14 229 14 230 14 231 14 232 14 233 14 234 14 235 14 236 14 237 14 238 14 239 14 240 14 241 14 242 14 243 14 244 15 245 15 246 14 247 14 248 14 249 14 250 14 251 14 252 15 253 14 254 14 255 14 256 14 257 14 258 14 259 14 260 14 261 14 262 14 263 14 264 14 265 15 266 15 267 15 268 15 269 15 270 15 271 15 272 15 273 15 274 15 275 15 276 15 277 15 278 15 279 15 280 15 281 15 282 15 283 15 284 15 285 15 286 15 287 15 288 15 289 15 290 15 291 15 292 15 293 14 294 14 295 14 296 14 297 14 298 14 299 14 300 15 301 15 302 15 303 15 304 15 305 15 306 15 307 15 308 15 309 15 310 15 311 15 312 15 313 15 314 15 315 15 316 15 317 15 318 15 319 14 320 14 321 14 322 15 323 15 324 15 325 15 326 15 327 15 328 15 329 15 330 15 331 15 332 15 333 15 334 15 335 15 336 15 337 15 338 15 339 15 340 15 341 15 342 15 343 15 344 15 345 15 346 15 347 15 348 15 349 15 350 15 351 15 352 15 353 25 354 25 355 5 356 5 357 5 358 5 359 5 360 5 361 5 362 5 363 5 364 5 365 5 366 5 367 5 368 5 369 5 370 5 371 5 372 5 373 5 374 5 375 5 376 5 377 5 378 5 379 5 380 5 381 5 382 5 383 5 384 11 385 11 386 11 387 11 388 11 389 11 390 11 391 11 392 11 393 11 394 11 395 11 396 11 397 11 398 11 399 11 400 11 401 11 402 11 403 11 404 11 405 11 406 11 407 11 408 11 409 11 410 11 411 11 412 11 413 5 414 5 415 11 416 11 417 5 418 11 419 11 420 5 421 11 422 11 423 5 424 5 425 11 426 11 427 11 428 5 429 5 430 5 431 5 432 1 433 1 434 1 435 1 436 1 437 1 438 1 439 1 440 1 441 1 442 1 443 1 444 1 445 1 446 1 447 1 448 1 449 1 450 1 451 1 452 1 453 1 454 1 455 1 456 1 457 1 458 1 459 1 460 1 461 1 462 1 463 1 464 1 465 15 466 15 467 20 468 15 469 15 470 15 471 15 472 16 473 15 474 20 475 15 476 15 477 16 478 20 479 20 480 15 481 20 482 15 483 15 484 15 485 15 486 15 487 15 488 15 489 15 490 15 491 15 492 15 493 16 494 15 495 16 496 20 497 20 498 15 499 15 500 15 501 15 502 15 503 16 504 16 505 17 506 17 507 17 508 16 509 16 510 16 511 17 512 17 513 17 514 16 515 16 516 17 517 17 518 17 519 17 520 17 521 17 522 17 523 17 524 17 525 17 526 17 527 17 528 20 529 21 530 21 531 21 532 20 533 20 534 21 535 21 536 20 537 20 538 21 539 21 540 21 541 21 542 21 543 21 544 21 545 21 546 21 547 21 548 21 549 21 550 1 551 1 552 1 553 2 554 5 555 2 556 5 557 5 558 5 559 2 560 5 561 1 562 5 563 5 564 5 565 5 566 5 567 5 568 5 569 5 570 5 571 5 572 5 573 5 574 5 575 5 576 5 577 5 578 2 579 2 580 2 581 1 582 1 583 1 584 11 585 11 586 11 587 8 588 8 589 11 590 8 591 11 592 8 593 1 594 11 595 11 596 11 597 11 598 11 599 11 600 11 601 11 602 11 603 11 604 11 605 11 606 11 607 11 608 11 609 11 610 11 611 8 612 8 613 8 614 5 615 5 616 11 617 11 618 5 619 11 620 11 621 5 622 11 623 11 624 5 625 5 626 11 627 11 628 11 629 5 630 5 631 5 632 5 633 17 634 17 635 17 636 17 637 17 638 17 639 17 640 17 641 17 642 17 643 17 644 17 645 17 646 17 647 17 648 17 649 17 650 17 651 17 652 17 653 17 654 17 655 17 656 17 657 17 658 17 659 17 660 17 661 17 662 17 663 17 664 17 665 17 666 17 667 17 668 17 669 17 670 17 671 17 672 17 673 17 674 17 675 17 676 17 677 17 678 17 679 17 680 17 681 17 682 17 683 17 684 17 685 17 686 17 687 17 688 17 689 17 690 17 691 17 692 17 693 17 694 17 695 17 696 17 697 17 698 17 699 17 700 17 701 17 702 17 703 17 704 17 705 17 706 17 707 17 708 17 709 17 710 17 711 17 712 17 713 17 714 17 715 17 716 17 717 17 718 17 719 17 720 17 721 17 722 17 723 17 724 17 725 17 726 17 727 17 728 17 729 17 730 17 731 17 732 17 733 17 734 17 735 17 736 17 737 17 738</v>
        </vertex_weights>
      </skin>
    </controller>
  </library_controllers>
  <library_visual_scenes>
    <visual_scene id="Scene" name="Scene">
      <node id="LAMP_FRONT_PEACH" name="LAMP_FRONT_PEACH" type="NODE">
        <matrix sid="transform">3.595629 0.1442683 -0.009944758 0.07793808 -0.1375951 3.336951 -1.339883 -21.84175 -0.04449517 1.339181 3.339772 55.79722 0 0 0 1</matrix>
        <instance_light url="#LAMP_FRONT_PEACH-light"/>
      </node>
      <node id="Camera" name="Camera" type="NODE">
        <matrix sid="transform">0.6859207 -0.3240135 0.6515582 7.481132 0.7276763 0.3054208 -0.6141704 -6.50764 0 0.8953956 0.4452714 5.343665 0 0 0 1</matrix>
        <instance_camera url="#Camera-camera"/>
      </node>
      <node id="cemmeinarn2_Skin" name="cemmeinarn2_Skin" type="NODE">
        <matrix sid="transform">1 0 0 0 0 1 0 0 0 0 1 0 0 0 0 1</matrix>
        <node id="cemmeinarn2_Skin_root" name="root" sid="root" type="JOINT">
          <matrix sid="transform">1 -3.00295e-16 3.02992e-8 0 3.02992e-8 -1.34359e-7 -1 -1.01207e-7 4.37125e-15 1 -1.19209e-7 2.154822 0 0 0 1</matrix>
          <node id="cemmeinarn2_Skin_pelvis" name="pelvis" sid="pelvis" type="JOINT">
            <matrix sid="transform">1 0 1.43436e-8 2.88204e-4 -5.3434e-16 1 3.72528e-8 -0.1648533 -1.43436e-8 -3.72528e-8 1 -0.05965076 0 0 0 1</matrix>
            <node id="cemmeinarn2_Skin_femurleft" name="femurleft" sid="femurleft" type="JOINT">
              <matrix sid="transform">1 -5.7641e-15 6.85151e-8 0.2292777 7.65717e-15 1 -1.11759e-7 -0.0098176 -6.85151e-8 1.12007e-7 1 0.05965088 0 0 0 1</matrix>
              <node id="cemmeinarn2_Skin_butt-l" name="butt-l" sid="butt-l" type="JOINT">
                <matrix sid="transform">1 -2.00745e-14 3.5441e-8 4.67539e-4 -1.05622e-14 1 2.98023e-7 -0.098526 -3.5441e-8 -2.98023e-7 1 -0.2278654 0 0 0 1</matrix>
                <extra>
                  <technique profile="blender">
                    <layer sid="layer" type="string">0</layer>
                    <roll sid="roll" type="float">1.48599e-7</roll>
                    <tip_x sid="tip_x" type="float">0</tip_x>
                    <tip_y sid="tip_y" type="float">0</tip_y>
                    <tip_z sid="tip_z" type="float">0.1</tip_z>
                  </technique>
                </extra>
              </node>
              <node id="cemmeinarn2_Skin_knee-l-top" name="knee-l-top" sid="knee-l-top" type="JOINT">
                <matrix sid="transform">1 -2.00745e-14 8.51286e-9 0.02838683 -7.61108e-15 1 8.9407e-7 -0.4877241 -8.51286e-9 -8.9407e-7 1 0.3577119 0 0 0 1</matrix>
                <extra>
                  <technique profile="blender">
                    <layer sid="layer" type="string">0</layer>
                    <roll sid="roll" type="float">1.21671e-7</roll>
                    <tip_x sid="tip_x" type="float">0</tip_x>
                    <tip_y sid="tip_y" type="float">0</tip_y>
                    <tip_z sid="tip_z" type="float">0.1</tip_z>
                  </technique>
                </extra>
              </node>
              <node id="cemmeinarn2_Skin_knee-l-bopttom" name="knee-l-bopttom" sid="knee-l-bopttom" type="JOINT">
                <matrix sid="transform">1 -2.00745e-14 1.15809e-8 0.03209621 0 1 0 -0.736926 -1.15809e-8 0 1 -0.03760032 0 0 0 1</matrix>
                <node id="cemmeinarn2_Skin_ankle_left" name="ankle left" sid="ankle_left" type="JOINT">
                  <matrix sid="transform">1 -6.97306e-8 8.00448e-7 0.008728087 2.45227e-7 -0.9295396 -0.3687221 -1.121673 7.6976e-7 0.3687221 -0.9295381 -0.06275676 0 0 0 1</matrix>
                  <node id="cemmeinarn2_Skin_foot_left01" name="foot left01" sid="foot_left01" type="JOINT">
                    <matrix sid="transform">1 6.39503e-7 -2.11006e-5 2.38419e-7 1.91903e-5 0.3889644 0.9212528 0.2168394 8.79653e-6 -0.9212528 0.3889644 -0.2809227 0 0 0 1</matrix>
                    <extra>
                      <technique profile="blender">
                        <layer sid="layer" type="string">0</layer>
                        <roll sid="roll" type="float">-2.0848e-5</roll>
                        <tip_x sid="tip_x" type="float">0</tip_x>
                        <tip_y sid="tip_y" type="float">-0.09997612</tip_y>
                        <tip_z sid="tip_z" type="float">-0.002187132</tip_z>
                      </technique>
                    </extra>
                  </node>
                  <extra>
                    <technique profile="blender">
                      <layer sid="layer" type="string">0</layer>
                      <roll sid="roll" type="float">6.89994e-7</roll>
                      <tip_x sid="tip_x" type="float">0</tip_x>
                      <tip_y sid="tip_y" type="float">-0.03687214</tip_y>
                      <tip_z sid="tip_z" type="float">-0.09295392</tip_z>
                    </technique>
                  </extra>
                </node>
                <extra>
                  <technique profile="blender">
                    <layer sid="layer" type="string">0</layer>
                    <roll sid="roll" type="float">1.24739e-7</roll>
                    <tip_x sid="tip_x" type="float">0</tip_x>
                    <tip_y sid="tip_y" type="float">0</tip_y>
                    <tip_z sid="tip_z" type="float">0.1</tip_z>
                  </technique>
                </extra>
              </node>
              <extra>
                <technique profile="blender">
                  <layer sid="layer" type="string">0</layer>
                  <roll sid="roll" type="float">0</roll>
                  <tip_x sid="tip_x" type="float">0</tip_x>
                  <tip_y sid="tip_y" type="float">0</tip_y>
                  <tip_z sid="tip_z" type="float">0.0999999</tip_z>
                </technique>
              </extra>
            </node>
            <node id="cemmeinarn2_Skin_femurright" name="femurright" sid="femurright" type="JOINT">
              <matrix sid="transform">1 -5.7641e-15 6.85151e-8 -0.2316408 7.65717e-15 1 -1.11759e-7 -0.0098176 -6.85151e-8 1.12007e-7 1 0.05965088 0 0 0 1</matrix>
              <node id="cemmeinarn2_Skin_butt-r" name="butt-r" sid="butt-r" type="JOINT">
                <matrix sid="transform">1 -2.00745e-14 3.07458e-8 -0.003262371 -4.58148e-15 1 1.49012e-7 -0.09589529 -3.07458e-8 -1.49012e-7 1 -0.2262757 0 0 0 1</matrix>
                <extra>
                  <technique profile="blender">
                    <layer sid="layer" type="string">0</layer>
                    <roll sid="roll" type="float">1.43904e-7</roll>
                    <tip_x sid="tip_x" type="float">0</tip_x>
                    <tip_y sid="tip_y" type="float">0</tip_y>
                    <tip_z sid="tip_z" type="float">0.1</tip_z>
                  </technique>
                </extra>
              </node>
              <node id="cemmeinarn2_Skin_knee-r-top" name="knee-r-top" sid="knee-r-top" type="JOINT">
                <matrix sid="transform">1 -2.00745e-14 1.14713e-8 0.05288467 -3.41871e-15 1 2.98023e-7 -0.4883385 -1.14713e-8 -2.98023e-7 1 0.3589507 0 0 0 1</matrix>
                <extra>
                  <technique profile="blender">
                    <layer sid="layer" type="string">0</layer>
                    <roll sid="roll" type="float">1.24629e-7</roll>
                    <tip_x sid="tip_x" type="float">0</tip_x>
                    <tip_y sid="tip_y" type="float">0</tip_y>
                    <tip_z sid="tip_z" type="float">0.1</tip_z>
                  </technique>
                </extra>
              </node>
              <node id="cemmeinarn2_Skin_knee-r-bopttom" name="knee-r-bopttom" sid="knee-r-bopttom" type="JOINT">
                <matrix sid="transform">1 -2.00745e-14 1.30062e-8 -0.01414061 -1.45356e-15 1 1.11759e-7 -0.7370361 -1.30062e-8 -1.11759e-7 1 -0.03760031 0 0 0 1</matrix>
                <node id="cemmeinarn2_Skin_ankleright" name="ankleright" sid="ankleright" type="JOINT">
                  <matrix sid="transform">1 -4.65661e-8 7.79769e-7 -0.01317592 2.44233e-7 -0.9295398 -0.3687218 -1.118303 7.41997e-7 0.3687218 -0.92954 -0.06275678 0 0 0 1</matrix>
                  <node id="cemmeinarn2_Skin_foot_right01" name="foot right01" sid="foot_right01" type="JOINT">
                    <matrix sid="transform">1 6.10344e-7 5.91356e-6 2.38419e-7 -5.68529e-6 0.3889641 0.9212528 0.2168391 -1.73788e-6 -0.9212528 0.3889641 -0.280922 0 0 0 1</matrix>
                    <extra>
                      <technique profile="blender">
                        <layer sid="layer" type="string">0</layer>
                        <roll sid="roll" type="float">6.1704e-6</roll>
                        <tip_x sid="tip_x" type="float">0</tip_x>
                        <tip_y sid="tip_y" type="float">-0.09997606</tip_y>
                        <tip_z sid="tip_z" type="float">-0.002187132</tip_z>
                      </technique>
                    </extra>
                  </node>
                  <extra>
                    <technique profile="blender">
                      <layer sid="layer" type="string">0</layer>
                      <roll sid="roll" type="float">6.62495e-7</roll>
                      <tip_x sid="tip_x" type="float">0</tip_x>
                      <tip_y sid="tip_y" type="float">-0.03687214</tip_y>
                      <tip_z sid="tip_z" type="float">-0.09295392</tip_z>
                    </technique>
                  </extra>
                </node>
                <extra>
                  <technique profile="blender">
                    <layer sid="layer" type="string">0</layer>
                    <roll sid="roll" type="float">1.26164e-7</roll>
                    <tip_x sid="tip_x" type="float">0</tip_x>
                    <tip_y sid="tip_y" type="float">0</tip_y>
                    <tip_z sid="tip_z" type="float">0.1</tip_z>
                  </technique>
                </extra>
              </node>
              <extra>
                <technique profile="blender">
                  <layer sid="layer" type="string">0</layer>
                  <roll sid="roll" type="float">0</roll>
                  <tip_x sid="tip_x" type="float">0</tip_x>
                  <tip_y sid="tip_y" type="float">0</tip_y>
                  <tip_z sid="tip_z" type="float">0.0999999</tip_z>
                </technique>
              </extra>
            </node>
            <node id="cemmeinarn2_Skin_lumbar" name="lumbar" sid="lumbar" type="JOINT">
              <matrix sid="transform">1 -5.7641e-15 6.15528e-8 0.004538174 2.29302e-15 1 -3.72529e-8 0.189765 -6.15528e-8 3.75012e-8 1 -0.05340065 0 0 0 1</matrix>
              <node id="cemmeinarn2_Skin_rib" name="rib" sid="rib" type="JOINT">
                <matrix sid="transform">1 -1.40343e-14 1.19714e-8 -0.01278647 0 1 0 0.7050576 -1.19714e-8 2.48306e-10 1 0.1130516 0 0 0 1</matrix>
                <node id="cemmeinarn2_Skin_scapula" name="scapula" sid="scapula" type="JOINT">
                  <matrix sid="transform">0.2317618 -0.9727727 -1.51636e-7 0.4182977 0.9727726 0.2317619 7.1129e-8 0.2449708 -3.40488e-8 -1.63993e-7 1 -4.3464e-8 0 0 0 1</matrix>
                  <node id="cemmeinarn2_Skin_ulna" name="ulna" sid="ulna" type="JOINT">
                    <matrix sid="transform">0.9999999 0 1.77636e-14 0.1237385 -1.49012e-8 1 6.66134e-14 -0.5993564 -1.42109e-14 -6.66134e-14 1 -2.02984e-9 0 0 0 1</matrix>
                    <node id="cemmeinarn2_Skin_carpal" name="carpal" sid="carpal" type="JOINT">
                      <matrix sid="transform">1 -4.32134e-7 8.99787e-9 0.1033099 2.83122e-7 1 -1.49011e-7 -0.5754044 -8.9978e-9 1.49011e-7 1 0.07377815 0 0 0 1</matrix>
                      <extra>
                        <technique profile="blender">
                          <layer sid="layer" type="string">0</layer>
                          <roll sid="roll" type="float">-1.336908</roll>
                          <tip_x sid="tip_x" type="float">-0.09727728</tip_x>
                          <tip_y sid="tip_y" type="float">0</tip_y>
                          <tip_z sid="tip_z" type="float">0.02317619</tip_z>
                        </technique>
                      </extra>
                    </node>
                    <node id="cemmeinarn2_Skin_ammo_node_1" name="ammo node 1" sid="ammo_node_1" type="JOINT">
                      <matrix sid="transform">1 2.97732e-7 -9.13739e-5 0.2799921 -9.15229e-5 0.001923143 -0.9999982 -0.3400592 -1.22012e-7 0.9999982 0.001923084 -5.22402e-8 0 0 0 1</matrix>
                      <extra>
                        <technique profile="blender">
                          <layer sid="layer" type="string">0</layer>
                          <roll sid="roll" type="float">-2.272778</roll>
                          <tip_x sid="tip_x" type="float">-1.87039e-4</tip_x>
                          <tip_y sid="tip_y" type="float">-0.09999984</tip_y>
                          <tip_z sid="tip_z" type="float">4.45843e-5</tip_z>
                        </technique>
                      </extra>
                    </node>
                    <extra>
                      <technique profile="blender">
                        <layer sid="layer" type="string">0</layer>
                        <roll sid="roll" type="float">-1.336908</roll>
                        <tip_x sid="tip_x" type="float">-0.09727728</tip_x>
                        <tip_y sid="tip_y" type="float">0</tip_y>
                        <tip_z sid="tip_z" type="float">0.02317619</tip_z>
                      </technique>
                    </extra>
                  </node>
                  <extra>
                    <technique profile="blender">
                      <layer sid="layer" type="string">0</layer>
                      <roll sid="roll" type="float">-1.336908</roll>
                      <tip_x sid="tip_x" type="float">-0.09727728</tip_x>
                      <tip_y sid="tip_y" type="float">0</tip_y>
                      <tip_z sid="tip_z" type="float">0.02317619</tip_z>
                    </technique>
                  </extra>
                </node>
                <node id="cemmeinarn2_Skin_scapula01" name="scapula01" sid="scapula01" type="JOINT">
                  <matrix sid="transform">0.2762362 0.9610897 -9.13562e-8 -0.4432708 -0.9610897 0.2762361 1.14067e-7 0.2449708 1.34864e-7 5.62922e-8 1 -4.3464e-8 0 0 0 1</matrix>
                  <node id="cemmeinarn2_Skin_ulna01" name="ulna01" sid="ulna01" type="JOINT">
                    <matrix sid="transform">0.9999999 5.96046e-8 8.16409e-8 -0.1120021 -2.98023e-8 1 -1.19209e-7 -0.5993564 -8.16409e-8 1.19209e-7 1 1.41648e-9 0 0 0 1</matrix>
                    <node id="cemmeinarn2_Skin_carpal_right" name="carpal right" sid="carpal_right" type="JOINT">
                      <matrix sid="transform">1 -1.78814e-7 -1.02393e-7 -0.1377447 1.49012e-7 0.9999999 -2.93987e-13 -0.5311354 1.02393e-7 3.48166e-13 1 -1.52841e-7 0 0 0 1</matrix>
                      <node id="cemmeinarn2_Skin_smoke_node_1" name="smoke node 1" sid="smoke_node_1" type="JOINT">
                        <matrix sid="transform">0.9999993 1.49477e-7 -0.001261562 0.02609396 -0.001261592 -0.006757379 -0.9999764 -0.1824128 -8.67429e-6 0.9999772 -0.006757492 0.04844672 0 0 0 1</matrix>
                        <extra>
                          <technique profile="blender">
                            <layer sid="layer" type="string">0</layer>
                            <roll sid="roll" type="float">1.290918</roll>
                            <tip_x sid="tip_x" type="float">-6.49452e-4</tip_x>
                            <tip_y sid="tip_y" type="float">-0.09999769</tip_y>
                            <tip_z sid="tip_z" type="float">-1.86682e-4</tip_z>
                          </technique>
                        </extra>
                      </node>
                      <extra>
                        <technique profile="blender">
                          <layer sid="layer" type="string">0</layer>
                          <roll sid="roll" type="float">1.29092</roll>
                          <tip_x sid="tip_x" type="float">0.09610903</tip_x>
                          <tip_y sid="tip_y" type="float">0</tip_y>
                          <tip_z sid="tip_z" type="float">0.02762365</tip_z>
                        </technique>
                      </extra>
                    </node>
                    <node id="cemmeinarn2_Skin_ammo_node_0" name="ammo node 0" sid="ammo_node_0" type="JOINT">
                      <matrix sid="transform">1 -4.47035e-7 -3.2417e-8 -0.1667671 4.17233e-7 0.9999999 2.23517e-7 -0.6904053 3.24169e-8 -2.23517e-7 1 0.09999985 0 0 0 1</matrix>
                      <extra>
                        <technique profile="blender">
                          <layer sid="layer" type="string">0</layer>
                          <roll sid="roll" type="float">1.29092</roll>
                          <tip_x sid="tip_x" type="float">0.09610903</tip_x>
                          <tip_y sid="tip_y" type="float">0</tip_y>
                          <tip_z sid="tip_z" type="float">0.02762365</tip_z>
                        </technique>
                      </extra>
                    </node>
                    <extra>
                      <technique profile="blender">
                        <layer sid="layer" type="string">0</layer>
                        <roll sid="roll" type="float">1.290921</roll>
                        <tip_x sid="tip_x" type="float">0.09610915</tip_x>
                        <tip_y sid="tip_y" type="float">0</tip_y>
                        <tip_z sid="tip_z" type="float">0.02762365</tip_z>
                      </technique>
                    </extra>
                  </node>
                  <extra>
                    <technique profile="blender">
                      <layer sid="layer" type="string">0</layer>
                      <roll sid="roll" type="float">1.290921</roll>
                      <tip_x sid="tip_x" type="float">0.09610909</tip_x>
                      <tip_y sid="tip_y" type="float">0</tip_y>
                      <tip_z sid="tip_z" type="float">0.02762365</tip_z>
                    </technique>
                  </extra>
                </node>
                <node id="cemmeinarn2_Skin_neck" name="neck" sid="neck" type="JOINT">
                  <matrix sid="transform">1 2.32815e-10 3.66592e-9 -0.01369714 0 0.9999999 1.4174e-8 0.4694993 -3.66592e-9 -1.4174e-8 1 -1.38191e-7 0 0 0 1</matrix>
                  <node id="cemmeinarn2_Skin_skull" name="skull" sid="skull" type="JOINT">
                    <matrix sid="transform">1 -4.65677e-10 4.91099e-10 -0.007297661 0 1 3.72516e-9 0.4520025 -4.91099e-10 -3.72516e-9 1 7.10194e-8 0 0 0 1</matrix>
                    <node id="cemmeinarn2_Skin_nogginbottom" name="nogginbottom" sid="nogginbottom" type="JOINT">
                      <matrix sid="transform">1 5.82075e-9 2.33905e-7 0.001799159 -1.55961e-8 0.9991255 0.04181381 0.08982587 -2.33457e-7 -0.04181381 0.9991254 0.2822085 0 0 0 1</matrix>
                      <extra>
                        <technique profile="blender">
                          <layer sid="layer" type="string">0</layer>
                          <roll sid="roll" type="float">3.56122e-7</roll>
                          <tip_x sid="tip_x" type="float">0</tip_x>
                          <tip_y sid="tip_y" type="float">0.004181385</tip_y>
                          <tip_z sid="tip_z" type="float">0.09991264</tip_z>
                        </technique>
                      </extra>
                    </node>
                    <node id="cemmeinarn2_Skin_plumes" name="plumes" sid="plumes" type="JOINT">
                      <matrix sid="transform">1 2.32828e-9 4.04426e-7 -0.002369054 -1.08616e-8 0.9997773 0.02110104 0.1819341 -4.04287e-7 -0.02110104 0.9997774 0.1862074 0 0 0 1</matrix>
                      <extra>
                        <technique profile="blender">
                          <layer sid="layer" type="string">0</layer>
                          <roll sid="roll" type="float">5.26723e-7</roll>
                          <tip_x sid="tip_x" type="float">0</tip_x>
                          <tip_y sid="tip_y" type="float">0.002110064</tip_y>
                          <tip_z sid="tip_z" type="float">0.09997797</tip_z>
                        </technique>
                      </extra>
                    </node>
                    <node id="cemmeinarn2_Skin_skulltop" name="skulltop" sid="skulltop" type="JOINT">
                      <matrix sid="transform">1 -1.61405e-14 3.73933e-9 -0.004168242 0 1 -2.20268e-13 0.3702886 -3.73933e-9 2.13163e-13 1 6.75016e-14 0 0 0 1</matrix>
                      <extra>
                        <technique profile="blender">
                          <layer sid="layer" type="string">0</layer>
                          <roll sid="roll" type="float">1.26063e-7</roll>
                          <tip_x sid="tip_x" type="float">0</tip_x>
                          <tip_y sid="tip_y" type="float">0</tip_y>
                          <tip_z sid="tip_z" type="float">0.0999999</tip_z>
                        </technique>
                      </extra>
                    </node>
                    <extra>
                      <technique profile="blender">
                        <layer sid="layer" type="string">0</layer>
                        <roll sid="roll" type="float">1.22324e-7</roll>
                        <tip_x sid="tip_x" type="float">0</tip_x>
                        <tip_y sid="tip_y" type="float">0</tip_y>
                        <tip_z sid="tip_z" type="float">0.1000001</tip_z>
                      </technique>
                    </extra>
                  </node>
                  <node id="cemmeinarn2_Skin_smoke_node_0" name="smoke node 0" sid="smoke_node_0" type="JOINT">
                    <matrix sid="transform">1 -2.5155e-5 -1.1042e-6 0.006514958 -1.10467e-6 1.02445e-7 -1 0.09218764 2.5155e-5 1 1.18549e-7 0.2430202 0 0 0 1</matrix>
                    <extra>
                      <technique profile="blender">
                        <layer sid="layer" type="string">0</layer>
                        <roll sid="roll" type="float">3.141592</roll>
                        <tip_x sid="tip_x" type="float">-2.5034e-6</tip_x>
                        <tip_y sid="tip_y" type="float">-0.1</tip_y>
                        <tip_z sid="tip_z" type="float">0</tip_z>
                      </technique>
                    </extra>
                  </node>
                  <extra>
                    <technique profile="blender">
                      <layer sid="layer" type="string">0</layer>
                      <roll sid="roll" type="float">1.21833e-7</roll>
                      <tip_x sid="tip_x" type="float">0</tip_x>
                      <tip_y sid="tip_y" type="float">0</tip_y>
                      <tip_z sid="tip_z" type="float">0.1000001</tip_z>
                    </technique>
                  </extra>
                </node>
                <node id="cemmeinarn2_Skin_cloaktop" name="cloaktop" sid="cloaktop" type="JOINT">
                  <matrix sid="transform">1 2.32815e-10 6.6096e-9 0.009935169 -9.84906e-16 0.9999999 1.49012e-7 0.3512919 -6.6096e-9 -1.49012e-7 1 -0.1981267 0 0 0 1</matrix>
                  <node id="cemmeinarn2_Skin_cloak" name="cloak" sid="cloak" type="JOINT">
                    <matrix sid="transform">1 -1.55459e-14 5.97566e-11 0.004538157 0 1 0 -0.859081 -5.97566e-11 2.48164e-10 1 -0.2356981 0 0 0 1</matrix>
                    <node id="cemmeinarn2_Skin_cloakbottom" name="cloakbottom" sid="cloakbottom" type="JOINT">
                      <matrix sid="transform">1 -1.5545e-14 0 -0.02733968 0 1 0 -0.8312191 0 2.48164e-10 1 -0.1177093 0 0 0 1</matrix>
                      <extra>
                        <technique profile="blender">
                          <layer sid="layer" type="string">0</layer>
                          <roll sid="roll" type="float">1.24836e-7</roll>
                          <tip_x sid="tip_x" type="float">0</tip_x>
                          <tip_y sid="tip_y" type="float">0</tip_y>
                          <tip_z sid="tip_z" type="float">0.1</tip_z>
                        </technique>
                      </extra>
                    </node>
                    <extra>
                      <technique profile="blender">
                        <layer sid="layer" type="string">0</layer>
                        <roll sid="roll" type="float">1.24836e-7</roll>
                        <tip_x sid="tip_x" type="float">0</tip_x>
                        <tip_y sid="tip_y" type="float">0</tip_y>
                        <tip_z sid="tip_z" type="float">0.1000001</tip_z>
                      </technique>
                    </extra>
                  </node>
                  <extra>
                    <technique profile="blender">
                      <layer sid="layer" type="string">0</layer>
                      <roll sid="roll" type="float">1.24777e-7</roll>
                      <tip_x sid="tip_x" type="float">0</tip_x>
                      <tip_y sid="tip_y" type="float">0</tip_y>
                      <tip_z sid="tip_z" type="float">0.0999999</tip_z>
                    </technique>
                  </extra>
                </node>
                <extra>
                  <technique profile="blender">
                    <layer sid="layer" type="string">0</layer>
                    <roll sid="roll" type="float">0</roll>
                    <tip_x sid="tip_x" type="float">0</tip_x>
                    <tip_y sid="tip_y" type="float">0</tip_y>
                    <tip_z sid="tip_z" type="float">0.0999999</tip_z>
                  </technique>
                </extra>
              </node>
              <extra>
                <technique profile="blender">
                  <layer sid="layer" type="string">0</layer>
                  <roll sid="roll" type="float">0</roll>
                  <tip_x sid="tip_x" type="float">0</tip_x>
                  <tip_y sid="tip_y" type="float">0</tip_y>
                  <tip_z sid="tip_z" type="float">0.0999999</tip_z>
                </technique>
              </extra>
            </node>
            <extra>
              <technique profile="blender">
                <layer sid="layer" type="string">0</layer>
                <roll sid="roll" type="float">0</roll>
                <tip_x sid="tip_x" type="float">0</tip_x>
                <tip_y sid="tip_y" type="float">0</tip_y>
                <tip_z sid="tip_z" type="float">0.1000001</tip_z>
              </technique>
            </extra>
          </node>
          <extra>
            <technique profile="blender">
              <layer sid="layer" type="string">0</layer>
              <roll sid="roll" type="float">0</roll>
              <tip_x sid="tip_x" type="float">0</tip_x>
              <tip_y sid="tip_y" type="float">0</tip_y>
              <tip_z sid="tip_z" type="float">0.1000001</tip_z>
            </technique>
          </extra>
        </node>
      </node>
      <node id="gaul_lightsp" name="gaul_lightsp" type="NODE">
        <translate sid="location">0 0 0</translate>
        <rotate sid="rotationZ">0 0 1 0</rotate>
        <rotate sid="rotationY">0 1 0 0</rotate>
        <rotate sid="rotationX">1 0 0 0</rotate>
        <scale sid="scale">1 1 1</scale>
        <instance_controller url="#cemmeinarn2_Skin_gaul_lightsp-skin">
          <skeleton>#cemmeinarn2_Skin_root</skeleton>
          <bind_material>
            <technique_common>
              <instance_material symbol="cemmeinarn-material" target="#cemmeinarn-material"/>
              <instance_material symbol="machairophor_001-material" target="#machairophor_001-material"/>
              <instance_material symbol="machairophor_003-material" target="#machairophor_003-material"/>
            </technique_common>
          </bind_material>
        </instance_controller>
      </node>
    </visual_scene>
  </library_visual_scenes>
  <scene>
    <instance_visual_scene url="#Scene"/>
  </scene>
</COLLADA>