<?xml version="1.0" encoding="utf-8"?>
<COLLADA xmlns="http://www.collada.org/2005/11/COLLADASchema" version="1.4.1" xmlns:xsi="http://www.w3.org/2001/XMLSchema-instance">
  <asset>
    <contributor>
      <author>Blender User</author>
      <authoring_tool>Blender 2.79.0 commit date:2017-09-11, commit time:10:43, hash:5bd8ac9</authoring_tool>
    </contributor>
    <created>2019-02-04T06:41:42</created>
    <modified>2019-02-04T06:41:42</modified>
    <unit name="meter" meter="1"/>
    <up_axis>Z_UP</up_axis>
  </asset>
  <library_cameras>
    <camera id="Camera-camera" name="Camera">
      <optics>
        <technique_common>
          <perspective>
            <xfov sid="xfov">49.13434</xfov>
            <aspect_ratio>1.777778</aspect_ratio>
            <znear sid="znear">0.1</znear>
            <zfar sid="zfar">100</zfar>
          </perspective>
        </technique_common>
      </optics>
      <extra>
        <technique profile="blender">
          <shiftx sid="shiftx" type="float">0</shiftx>
          <shifty sid="shifty" type="float">0</shifty>
          <YF_dofdist sid="YF_dofdist" type="float">0</YF_dofdist>
        </technique>
      </extra>
    </camera>
  </library_cameras>
  <library_lights>
    <light id="Lamp-light" name="Lamp">
      <technique_common>
        <point>
          <color sid="color">1 1 1</color>
          <constant_attenuation>1</constant_attenuation>
          <linear_attenuation>0</linear_attenuation>
          <quadratic_attenuation>0.00111109</quadratic_attenuation>
        </point>
      </technique_common>
      <extra>
        <technique profile="blender">
          <type sid="type" type="int">0</type>
          <flag sid="flag" type="int">0</flag>
          <mode sid="mode" type="int">8192</mode>
          <gamma sid="blender_gamma" type="float">1</gamma>
          <red sid="red" type="float">1</red>
          <green sid="green" type="float">1</green>
          <blue sid="blue" type="float">1</blue>
          <shadow_r sid="blender_shadow_r" type="float">0</shadow_r>
          <shadow_g sid="blender_shadow_g" type="float">0</shadow_g>
          <shadow_b sid="blender_shadow_b" type="float">0</shadow_b>
          <energy sid="blender_energy" type="float">1</energy>
          <dist sid="blender_dist" type="float">29.99998</dist>
          <spotsize sid="spotsize" type="float">75</spotsize>
          <spotblend sid="spotblend" type="float">0.15</spotblend>
          <halo_intensity sid="blnder_halo_intensity" type="float">1</halo_intensity>
          <att1 sid="att1" type="float">0</att1>
          <att2 sid="att2" type="float">1</att2>
          <falloff_type sid="falloff_type" type="int">2</falloff_type>
          <clipsta sid="clipsta" type="float">1.000799</clipsta>
          <clipend sid="clipend" type="float">30.002</clipend>
          <bias sid="bias" type="float">1</bias>
          <soft sid="soft" type="float">3</soft>
          <compressthresh sid="compressthresh" type="float">0.04999995</compressthresh>
          <bufsize sid="bufsize" type="int">2880</bufsize>
          <samp sid="samp" type="int">3</samp>
          <buffers sid="buffers" type="int">1</buffers>
          <filtertype sid="filtertype" type="int">0</filtertype>
          <bufflag sid="bufflag" type="int">0</bufflag>
          <buftype sid="buftype" type="int">2</buftype>
          <ray_samp sid="ray_samp" type="int">1</ray_samp>
          <ray_sampy sid="ray_sampy" type="int">1</ray_sampy>
          <ray_sampz sid="ray_sampz" type="int">1</ray_sampz>
          <ray_samp_type sid="ray_samp_type" type="int">0</ray_samp_type>
          <area_shape sid="area_shape" type="int">1</area_shape>
          <area_size sid="area_size" type="float">0.1</area_size>
          <area_sizey sid="area_sizey" type="float">0.1</area_sizey>
          <area_sizez sid="area_sizez" type="float">1</area_sizez>
          <adapt_thresh sid="adapt_thresh" type="float">0.000999987</adapt_thresh>
          <ray_samp_method sid="ray_samp_method" type="int">1</ray_samp_method>
          <shadhalostep sid="shadhalostep" type="int">0</shadhalostep>
          <sun_effect_type sid="sun_effect_type" type="int">0</sun_effect_type>
          <skyblendtype sid="skyblendtype" type="int">1</skyblendtype>
          <horizon_brightness sid="horizon_brightness" type="float">1</horizon_brightness>
          <spread sid="spread" type="float">1</spread>
          <sun_brightness sid="sun_brightness" type="float">1</sun_brightness>
          <sun_size sid="sun_size" type="float">1</sun_size>
          <backscattered_light sid="backscattered_light" type="float">1</backscattered_light>
          <sun_intensity sid="sun_intensity" type="float">1</sun_intensity>
          <atm_turbidity sid="atm_turbidity" type="float">2</atm_turbidity>
          <atm_extinction_factor sid="atm_extinction_factor" type="float">1</atm_extinction_factor>
          <atm_distance_factor sid="atm_distance_factor" type="float">1</atm_distance_factor>
          <skyblendfac sid="skyblendfac" type="float">1</skyblendfac>
          <sky_exposure sid="sky_exposure" type="float">1</sky_exposure>
          <sky_colorspace sid="sky_colorspace" type="int">0</sky_colorspace>
        </technique>
      </extra>
    </light>
  </library_lights>
  <library_images/>
  <library_effects>
    <effect id="lukhata_000_TGA-effect">
      <profile_COMMON>
        <technique sid="common">
          <phong>
            <emission>
              <color sid="emission">0 0 0 1</color>
            </emission>
            <ambient>
              <color sid="ambient">0 0 0 1</color>
            </ambient>
            <diffuse>
              <color sid="diffuse">0.64 0.64 0.64 1</color>
            </diffuse>
            <specular>
              <color sid="specular">0.5 0.5 0.5 1</color>
            </specular>
            <shininess>
              <float sid="shininess">50</float>
            </shininess>
            <index_of_refraction>
              <float sid="index_of_refraction">1</float>
            </index_of_refraction>
          </phong>
        </technique>
      </profile_COMMON>
    </effect>
  </library_effects>
  <library_materials>
    <material id="lukhata_000_TGA-material" name="lukhata_000_TGA">
      <instance_effect url="#lukhata_000_TGA-effect"/>
    </material>
  </library_materials>
  <library_geometries>
    <geometry id="nabat_dorkim_002-mesh" name="nabat_dorkim.002">
      <mesh>
        <source id="nabat_dorkim_002-mesh-positions">
          <float_array id="nabat_dorkim_002-mesh-positions-array" count="2094">21.29924 12.03998 31.94249 21.29924 12.03998 31.94249 21.29924 12.03998 31.94249 14.53487 -5.877179 34.80076 14.53487 -5.877179 34.80076 14.23098 12.40697 32.5671 14.23098 12.40697 32.5671 20.08772 -6.489292 32.3452 20.08772 -6.489292 32.3452 20.08772 -6.489292 32.3452 7.23064 11.9609 33.75868 7.23064 11.9609 33.75868 7.23064 11.9609 33.75868 8.548301 -6.844633 33.25667 8.548301 -6.844633 33.25667 8.548301 -6.844633 33.25667 14.52365 -7.760105 34.58712 14.52365 -7.760105 34.58712 14.52365 -7.760105 34.58712 14.52365 -7.760105 34.58712 18.61648 -9.896119 32.65126 18.61648 -9.896119 32.65126 18.61648 -9.896119 32.65126 18.61648 -9.896119 32.65126 10.10107 -9.937383 33.04177 10.10107 -9.937383 33.04177 10.10107 -9.937383 33.04177 14.26854 12.40697 33.13799 14.26854 12.40697 33.13799 14.54622 -5.877179 34.89119 14.54622 -5.877179 34.89119 14.58907 -7.760105 34.88815 14.58907 -7.760105 34.88815 20.13102 -7.734114 32.7204 14.40756 -12.24038 33.12619 14.40756 -12.24038 33.12619 14.40756 -12.24038 33.12619 14.23098 12.40697 32.5671 14.23098 12.40697 32.5671 14.26854 12.40697 33.13799 14.26854 12.40697 33.13799 20.13102 -7.734114 32.7204 -16.94335 -24.35167 31.40221 -16.49856 -24.34057 29.79127 -17.22766 -20.76939 30.1285 -17.22766 -20.76939 30.1285 -17.33895 -20.77216 30.52965 -17.33895 -20.77216 30.52965 -16.49856 -24.34057 29.79127 -19.06927 -24.36295 29.89031 -18.16099 -20.77499 30.07307 -18.16099 -20.77499 30.07307 -17.22766 -20.76939 30.1285 -17.22766 -20.76939 30.1285 -19.06927 -24.36295 29.89031 -18.16099 -20.77499 30.07307 -18.16099 -20.77499 30.07307 -16.89778 -20.05449 29.94816 -17.20896 -20.06227 31.07486 -18.73996 -20.07015 30.00536 -16.89778 -20.05449 29.94816 -18.73996 -20.07015 30.00536 -17.81703 -33.73898 30.17857 -17.80542 -33.73888 30.17821 -17.80739 -33.73893 30.18531 -17.80739 -33.73893 30.18531 -17.80542 -33.73888 30.17821 -17.81703 -33.73898 30.17857 -17.48363 -20.80616 30.63069 -17.33102 -20.80234 30.07812 -17.36303 18.35027 30.08453 -17.51563 18.34646 30.6371 -18.23448 -20.81003 30.10618 -18.26648 18.34259 30.11259 11.53161 -0.6076477 29.92971 11.8249 -0.7015002 31.07681 12.14611 0.03060257 32.38352 11.80234 1.735406 30.9376 11.8249 -0.7015002 31.07681 17.08366 0.1647074 31.33929 18.26585 -1.231874 30.76028 18.31225 0.5287323 30.49153 16.65678 0.9795005 30.06926 16.81349 -1.209571 30.42815 18.14263 0.3427331 29.89745 18.21459 -1.246849 30.21177 18.21459 -1.246849 30.21177 18.14263 0.3427331 29.89745 16.65678 0.9795005 30.06926 18.26585 -1.231874 30.76028 17.08366 0.1647074 31.33929 15.78759 0.9010698 30.04557 16.20092 0.08627676 31.26283 15.91279 -1.288002 30.28174 15.91279 -1.288002 30.28174 15.78759 0.9010698 30.04557 15.78759 0.9010698 30.04557 16.20092 0.08627676 31.26283 16.20092 0.08627676 31.26283 -12.1362 1.778918 30.65961 -11.81736 -0.5564444 29.52781 -12.147 -0.6936933 30.74999 -12.51002 0.02426356 32.00978 -12.147 -0.6936933 30.74999 -12.4002 -0.5466052 31.61445 -17.33212 0.1647297 31.00907 -18.54733 0.5288533 30.14214 -18.50509 -1.231991 30.41158 -16.88548 0.9796048 29.74569 -17.04777 -1.209689 30.10212 -18.43952 -1.246976 29.86554 -18.36849 0.3428385 29.55079 -18.36849 0.3428385 29.55079 -18.43952 -1.246976 29.86554 -16.88548 0.9796048 29.74569 -18.50509 -1.231991 30.41158 -17.33212 0.1647297 31.00907 -17.04777 -1.209689 30.10212 -16.01739 0.9011741 29.74056 -16.01739 0.9011741 29.74056 -16.14558 -1.28812 29.97225 -16.14558 -1.28812 29.97225 -16.44625 0.086299 30.93893 -16.44625 0.086299 30.93893 -16.44625 0.086299 30.93893 -16.01739 0.9011741 29.74056 2.900829 1.203916 2.551724 2.955148 1.485051 0.05462938 1.622728 1.465211 0.05467939 1.980972 1.201271 2.551724 3.446933 0.4804357 2.551724 1.719268 -0.9070796 2.339368 1.78082 -0.4399982 2.494974 1.516129 0.4777976 2.551724 3.738387 -2.415959 0.02115792 3.199488 -0.8381894 2.342858 3.660298 -2.780439 1.156348 3.097443 -0.4122167 2.499911 3.646748 -3.038979 0.02100777 1.434498 -2.793839 0.0209878 1.501278 -2.844019 1.156318 3.646748 -3.739219 0.1254377 3.660298 -3.638019 0.5174377 1.690348 -4.668279 0.5445076 2.184748 -4.781979 0.09832751 1.547198 -4.403359 0.01168757 -3.104513 1.486571 2.557168 -3.003377 1.485051 0.05463105 -1.670958 1.465211 0.05468112 -1.861882 1.482998 2.557167 -3.842242 0.5092243 2.557168 -1.767498 -0.9070796 2.33937 -1.591497 -0.7695519 2.480504 -1.233927 0.5056605 2.557168 -3.786618 -2.415959 0.02116006 -3.247718 -0.8381895 2.34286 -3.708528 -2.780439 1.15635 -3.370119 -0.7320222 2.487173 -3.694978 -3.038979 0.02100974 -1.482728 -2.793839 0.02098953 -1.549508 -2.844019 1.15632 -3.694978 -3.739219 0.1254394 -3.708528 -3.638019 0.5174395 -1.738578 -4.668279 0.5445094 -2.232978 -4.781979 0.09832918 -1.595427 -4.403359 0.01168972 4.476836 0.01962065 12.52538 4.476836 0.01962065 12.52538 0.4524978 0.01643323 12.32718 0.4524978 0.01643323 12.32718 2.481619 1.11393 12.71449 2.481619 1.11393 12.71449 2.397298 -2.476036 10.78211 2.413822 -1.866209 2.498071 3.476606 -0.6367284 2.497765 4.238494 1.576383 2.497548 3.571877 1.933951 2.610931 1.712813 -1.500077 2.498142 0.9583371 1.546904 2.498495 -4.256046 0.03482073 12.48338 -4.256046 0.03482073 12.48338 -0.4064678 0.03147375 12.28546 -0.4064678 0.03147375 12.28546 -2.360191 1.228075 12.66334 -2.360191 1.228075 12.66334 -2.274532 -2.575259 10.73095 -2.379575 -1.956186 2.49827 -1.680428 -1.556016 2.498202 -4.205082 1.690454 2.498796 -3.447049 -0.607151 2.498579 -0.8834118 1.65901 2.497837 -3.55114 2.090898 2.624589 4.272249 3.267808 22.71775 -4.328518 3.267753 22.72636 4.22816 -3.160669 22.6287 -4.284361 -3.160718 22.6373 4.22816 -3.160669 22.6287 4.272249 3.267808 22.71775 -4.328518 3.267753 22.72636 -4.284361 -3.160718 22.6373 2.180587 -3.729042 17.10356 5.535946 -1.051474 17.10386 5.535946 -1.051474 17.10386 3.614374 -4.428009 14.85889 0.4283871 -4.576863 14.85948 1.820019 3.937028 16.63091 5.535953 2.864363 17.10387 5.535953 2.864363 17.10387 3.071804 3.973667 14.89631 5.895163 3.963284 14.86946 5.895163 3.963284 14.86946 6.877795 -1.254665 14.86425 6.877795 -1.254665 14.86425 -5.55341 -1.051524 17.10313 -2.206481 -3.729053 17.10335 -0.0878669 -4.374013 14.78681 -5.55341 -1.051524 17.10313 -3.218614 -4.42957 14.85851 -0.140162 -4.532024 14.85763 -1.541717 3.936965 16.61341 -5.553417 2.864302 17.10313 -5.553417 2.864302 17.10313 -2.622077 3.973583 14.896 -5.447453 3.963186 14.8692 -5.447453 3.963186 14.8692 -6.444553 -1.254736 14.86394 -6.444553 -1.254736 14.86394 3.246852 -2.816927 15.53829 4.762188 -2.44256 15.53854 4.762188 -2.44256 15.53854 3.404186 -3.858187 7.786136 0.9167059 -3.828377 7.79121 0.7979791 2.18754 15.55318 4.762193 2.306714 15.53854 4.762193 2.306714 15.53854 1.470504 4.105547 7.406217 5.830243 3.665714 7.820758 5.830243 3.665714 7.820758 5.823998 -1.645387 7.803661 5.823998 -1.645387 7.803661 -4.855998 -2.442601 15.53794 -2.501464 -3.346566 15.53811 1.180991 -1.827082 15.5869 -4.855998 -2.442601 15.53794 -2.495692 -3.865816 7.784914 -0.5381314 2.187488 15.57614 -4.856003 2.306663 15.53794 -4.856003 2.306663 15.53794 -1.313837 4.105463 7.405224 -5.672808 3.665598 7.819775 -5.672808 3.665598 7.819775 -5.679056 -1.645458 7.802661 -5.679056 -1.645458 7.802661 -4.328518 3.267753 22.72636 -4.284361 -3.160718 22.6373 4.22816 -3.160669 22.6287 4.272249 3.267808 22.71775 -4.328518 3.267753 22.72636 4.272249 3.267808 22.71775 4.22816 -3.160669 22.6287 -4.284361 -3.160718 22.6373 -3.728863 1.18334 31.70303 -2.170963 1.422636 32.406 -3.949368 3.025181 28.97065 -3.949368 3.025181 28.97065 -4.065693 -1.895675 28.88344 -0.0295965 -1.549522 33.57269 -3.728863 0.2788624 31.70303 -0.0295965 -1.549522 33.57269 0.01017093 1.281813 33.6429 -3.728863 0.2788624 31.70303 -3.728863 0.2788624 31.70303 -4.065693 -1.895675 28.88344 -4.065693 -1.895675 28.88344 -3.728863 1.18334 31.70303 -3.949368 3.025181 28.97065 -3.949368 3.025181 28.97065 -4.065693 -1.895675 28.88344 -3.949368 3.025181 28.97065 3.779655 -1.960437 28.85513 3.653438 2.998413 29.04746 2.06888 1.431903 32.38315 2.06888 1.431903 32.38315 3.653438 2.998413 29.04746 3.653438 2.998413 29.04746 -0.224389 -3.679624 28.86957 3.779655 -1.960437 28.85513 -0.224389 -3.679624 28.86957 -4.065693 -1.895675 28.88344 3.369371 0.2788639 31.82543 3.779655 -1.960437 28.85513 3.779655 -1.960437 28.85513 3.369371 1.226122 31.82543 3.653438 2.998413 29.04746 3.653438 2.998413 29.04746 3.779655 -1.960437 28.85513 3.369371 0.2788639 31.82543 3.369371 0.2788639 31.82543 3.369371 1.226122 31.82543 3.369371 1.226122 31.82543 -2.170963 1.422636 32.406 -3.728863 0.2788624 31.70303 0.01017093 1.281813 33.6429 2.06888 1.431903 32.38315 -2.170963 1.422636 32.406 0.01017093 1.281813 33.6429 3.369371 0.2788639 31.82543 3.369371 0.2788639 31.82543 -3.728863 1.18334 31.70303 -3.728863 0.2788624 31.70303 -2.170963 1.422636 32.406 9.771374 2.126501 31.82457 9.771374 2.126501 31.82457 5.376715 1.230348 33.02071 9.233791 2.555823 31.21965 9.233791 2.555823 31.21965 11.4687 3.025512 30.95154 5.313221 -0.4742085 32.7734 10.84963 0.1761827 33.04372 10.84963 0.1761827 33.04372 9.943641 0.286962 30.06173 10.47483 -1.719212 31.22288 10.47483 -1.719212 31.22288 11.73614 0.9010701 29.5764 11.86134 -2.121742 29.81258 12.65111 0.08627694 32.7476 -9.757794 2.54898 30.80765 -9.757794 2.54898 30.80765 -11.64688 3.025616 30.72651 -6.023221 2.126502 25.93871 -10.07997 2.126501 31.34166 -5.770143 1.226564 32.84291 -5.702869 -0.4727494 32.59738 -10.07997 2.126501 31.34166 -10.3804 0.2859697 29.66091 -11.16549 0.1758478 32.48398 -11.16549 0.1758478 32.48398 -11.16549 0.1759483 32.48398 -7.411403 0.1759492 25.1929 -7.411403 0.1758487 25.1929 -10.7639 -1.719271 30.92005 -10.7639 -1.719271 30.92005 -12.39202 -2.121861 30.68079 -11.92429 0.9011738 29.20728 -12.81669 0.08629852 32.10096 -2.501464 -3.346566 15.53811 -0.1891667 -1.827081 15.55953 -2.495692 -3.865816 7.784914 -0.6095026 -3.898746 7.778882 -0.4379891 2.334589 38.59938 -0.2907685 2.315933 38.59938 -0.9479974 -1.491895 38.59938 -1.443588 -0.6960519 38.59937 -0.07693207 0.2939714 41.45629 0.1756847 0.5340384 39.78618 0.1756847 0.5340384 39.78618 0.1674077 0.5481927 39.78618 0.1674077 0.5481927 39.78618 -1.620029 -0.257976 38.59937 -1.913295 0.433072 38.59937 -1.913295 0.433072 38.59937 1.195026 1.604443 38.59938 1.190089 1.558167 38.59938 -0.365301 0.4616521 39.78618 -0.365301 0.4616521 39.78618 -0.3879016 0.3361033 39.78618 -0.3879016 0.3361033 39.78618 -0.3879016 0.3361033 39.78618 0.09749495 2.311601 38.59938 0.2317318 2.328244 38.59938 0.06083214 -0.02987301 39.78618 0.06083214 -0.02987301 39.78618 0.03087151 -0.02882969 39.78618 0.03087151 -0.02882969 39.78618 -1.497806 1.661094 38.60498 -1.169252 2.143617 38.59938 -0.3135553 0.5675953 39.78718 -0.3135553 0.5675953 39.78718 -0.1239151 0.6945546 39.78618 -0.1239151 0.6945546 39.78618 -0.2090227 0.6706875 39.78618 -0.2090227 0.6706875 39.78618 -1.78699 1.099084 38.59937 1.236346 1.483081 38.59938 -1.934939 2.040935 37.24296 -1.936186 2.045618 37.23545 -2.322185 1.288349 37.23545 -1.494973 2.687083 37.23545 -0.2547649 0.658555 39.78618 -0.2547649 0.658555 39.78618 -0.6646354 -1.655063 38.59937 -0.7972227 -1.498234 38.59938 0.2455829 0.1868778 39.78618 0.2455829 0.1868778 39.78618 0.2740609 0.2792425 39.78618 0.2740609 0.2792425 39.78618 1.306387 -0.9948916 38.59938 0.5944839 -1.508363 38.59938 -1.046826 -2.276069 37.23545 -1.003445 -2.240081 37.23545 -0.9967877 -2.189719 37.23547 0.9709387 2.117975 38.59938 1.195268 1.665326 38.59938 -0.9136188 2.207978 38.59938 0.6586354 -2.245207 37.23547 0.7170275 -2.285165 37.23547 0.8668457 -2.203283 37.23547 -0.3354255 0.2058352 39.78618 -0.3354255 0.2058352 39.78618 0.642631 -2.195873 37.23547 0.1682911 0.5569161 39.78618 0.1682911 0.5569161 39.78618 0.1683344 0.5683932 39.78618 0.1683344 0.5683932 39.78618 -1.461672 -0.5931527 38.59937 -0.004077434 0.6933587 39.78618 -0.004077434 0.6933587 39.78618 -0.02809733 0.6902213 39.78618 -0.02809733 0.6902213 39.78618 -0.1644704 -0.05752706 39.78618 -0.1644704 -0.05752706 39.78618 0.007566809 -0.05762082 39.78618 0.007566809 -0.05762082 39.78618 -0.08989512 2.376579 38.59938 0.1281938 0.6537212 39.78618 0.1281938 0.6537212 39.78618 1.756372 0.2428423 38.59939 1.756372 0.2428423 38.59939 1.786127 0.1314362 38.59939 0.07767784 0.6659614 39.78618 0.07767784 0.6659614 39.78618 2.349765 0.6624672 36.53548 2.349765 0.6624672 36.53548 2.349765 0.6624672 36.53548 1.770124 -1.988035 36.45223 1.770124 -1.988035 36.45223 1.770124 -1.988035 36.45223 1.614422 -2.199939 35.78591 1.614422 -2.199939 35.78591 1.614422 -2.199939 35.78591 1.334986 -1.520496 34.77352 1.334986 -1.520496 34.77352 1.452645 -1.012183 32.91875 1.452645 -1.012183 32.91875 1.452645 -1.012183 32.91875 1.452645 -1.012183 32.91875 1.452645 -1.012183 32.91875 2.082904 0.5802243 33.23056 2.082904 0.5802243 33.23056 2.082904 0.5802243 33.23056 -2.470483 0.6624269 36.53492 -2.470483 0.6624269 36.53492 -2.203457 0.5802257 33.23049 -2.203457 0.5802257 33.23049 -2.203457 0.5802257 33.23049 -2.203457 0.5802257 33.23049 -1.572761 -1.011645 32.91845 -1.572761 -1.011645 32.91845 -1.572761 -1.011645 32.91845 -1.572761 -1.011645 32.91845 -1.421279 -1.499786 34.64832 -1.421279 -1.499786 34.64832 -1.738212 -2.201735 35.79624 -1.738212 -2.201735 35.79624 -1.890702 -2.293395 36.34857 -1.890702 -2.293395 36.34857 -1.890702 -2.293395 36.34857 -0.03700155 -1.644286 32.91862 0.2121355 -2.438479 34.72934 -0.03906929 -2.435989 34.71428 -0.03906929 -2.435989 34.71428 -0.3038539 0.1232543 39.78618 -0.3038539 0.1232543 39.78618 -0.2151743 -0.02676862 39.78618 -0.2151743 -0.02676862 39.78618 -0.1881951 -0.02796345 39.78618 -0.1881951 -0.02796345 39.78618 0.7742632 2.821629 33.37527 0.7742632 2.821629 33.37527 -1.011502 2.821628 33.37504 -1.011502 2.821628 33.37504 -0.04882591 -2.288889 36.32166 -0.04882591 -2.288889 36.32166 -0.04882591 -2.288889 36.32166 0.2543064 -2.353535 35.85275 -0.04882764 -2.521787 36.13258 -0.04882764 -2.521787 36.13258 -0.308167 -2.433746 34.70075 -0.308167 -2.433746 34.70075 -0.4290187 -2.356909 35.85124 -0.03971719 -3.202055 34.72993 -0.03971719 -3.202055 34.72993 0.2687366 0.3002434 39.78618 0.2687366 0.3002434 39.78618 0.2687366 0.3002434 39.78618 0.8713465 2.795881 36.50054 -1.124481 2.795881 36.50031 -0.0975719 0.6910379 39.78618 -0.0975719 0.6910379 39.78618 -0.3070896 0.1426517 39.78618 -0.3070896 0.1426517 39.78618 0.1882177 0.06692045 39.78618 0.1882177 0.06692045 39.78618 -0.06162834 0.7024702 39.78618 -0.06162834 0.7024702 39.78618 4.202316 1.12672 36.15542 4.202316 1.12672 36.15542 3.018092 1.788065 35.90126 3.018092 1.788065 35.90126 2.348433 1.065071 37.25391 2.348433 1.065071 37.25391 2.499863 0.5636525 37.25391 2.499863 0.5636525 37.25391 2.484335 3.189598 35.26748 2.484335 3.189598 35.26748 1.912408 1.984262 37.25391 1.912408 1.984262 37.25391 1.912408 1.984262 37.25391 1.244381 2.66651 37.25391 1.244381 2.66651 37.25391 1.666576 4.122298 34.88654 1.666576 4.122298 34.88654 0.6634451 4.618579 34.69604 0.6634451 4.618579 34.69604 0.4249241 3.029528 37.2539 0.4249241 3.029528 37.2539 0.4249241 3.029528 37.2539 -0.4040659 4.618577 34.69603 -0.4040659 4.618577 34.69603 -0.4471243 3.029527 37.2539 -0.4471243 3.029527 37.2539 -1.407197 4.122294 34.88652 -1.407197 4.122294 34.88652 -1.266581 2.66651 37.25389 -1.266581 2.66651 37.25389 -1.903893 3.555786 34.97575 -1.903893 3.555786 34.97575 -2.224958 3.189594 35.26746 -2.224958 3.189594 35.26746 -1.934609 1.984261 37.25389 -1.934609 1.984261 37.25389 -2.758712 1.78806 35.90122 -2.758712 1.78806 35.90122 -2.370631 1.06507 37.25389 -2.370631 1.06507 37.25389 -4.152452 1.126717 36.15537 -4.152452 1.126717 36.15537 -2.522062 0.5636506 37.25389 -2.522062 0.5636506 37.25389 -3.900524 -0.3672293 36.2834 -3.900524 -0.3672293 36.2834 -2.370631 -0.481613 37.25389 -2.370631 -0.481613 37.25389 -2.370631 -0.481613 37.25389 -3.175129 -1.220734 36.26843 -3.175129 -1.220734 36.26843 -1.934609 -1.400803 37.25389 -1.934609 -1.400803 37.25389 -2.063759 -2.656086 36.17166 -2.063759 -2.656086 36.17166 -1.266581 -2.083051 37.25389 -1.266581 -2.083051 37.25389 -0.7004605 -4.518626 35.95439 -0.7004605 -4.518626 35.95439 -0.7004605 -4.518626 35.95439 -0.4471217 -2.446069 37.2539 -0.4471217 -2.446069 37.2539 0.7503287 -4.518625 35.95439 0.7503287 -4.518625 35.95439 0.4249244 -2.446067 37.2539 0.4249244 -2.446067 37.2539 0.4249244 -2.446067 37.2539 2.113625 -2.656083 36.17168 2.113625 -2.656083 36.17168 2.113625 -2.656083 36.17168 1.244382 -2.08305 37.25391 1.244382 -2.08305 37.25391 3.224994 -1.220727 36.26847 3.224994 -1.220727 36.26847 1.912409 -1.400802 37.25391 1.912409 -1.400802 37.25391 1.912409 -1.400802 37.25391 3.950389 -0.3672224 36.28344 3.950389 -0.3672224 36.28344 2.348433 -0.4816107 37.25391 2.348433 -0.4816107 37.25391 0.6886274 2.182907 38.59938 0.2968069 -1.65556 38.59938 0.4270466 -1.502829 38.59938 1.626977 -0.3585413 38.59939 -0.8345898 -1.562718 38.59937 -0.1948814 -0.04011911 39.78618 -0.1948814 -0.04011911 39.78618 -0.6361873 -0.3772782 39.7172 -0.6361873 -0.3772782 39.7172 -1.643365 2.732092 38.64788 1.664752 2.732092 38.49047 0.6606677 -0.3772717 39.62813 0.6606677 -0.3772717 39.62813 -0.6361873 -0.3772782 39.7172 0.6606677 -0.3772717 39.62813 0.6606677 -0.3772717 39.62813 0.02323681 0.3365199 40.17543 0.02323681 0.3365199 40.17543 -0.3185951 2.917831 37.19724 -0.5157383 2.942812 37.19724 -0.4379891 2.334589 38.59938 -0.2907685 2.315933 38.59938 -1.862337 -1.115517 37.19723 -1.198691 -2.181231 37.19724 -0.9479974 -1.491895 38.59938 -1.443588 -0.6960519 38.59937 -2.491321 0.3964924 37.19723 -2.491321 0.3964924 37.19723 -2.098608 -0.5288901 37.19723 -1.620029 -0.257976 38.59937 -1.913295 0.433072 38.59937 -1.913295 0.433072 38.59937 1.664421 1.903106 37.19724 1.671032 1.965074 37.19724 1.195026 1.604443 38.59938 1.190089 1.558167 38.59938 0.3810848 2.934317 37.19724 0.2013284 2.91203 37.19724 0.09749495 2.311601 38.59938 0.2317318 2.328244 38.59938 -1.494973 2.687083 37.19723 -1.934939 2.040935 37.20473 -1.497806 1.661094 38.60498 -1.169252 2.143617 38.59938 -2.322185 1.288349 37.19723 -1.78699 1.099084 38.59937 1.726363 1.802558 37.19724 1.236346 1.483081 38.59938 -0.9967877 -2.189719 37.19724 -0.8192406 -2.399729 37.19723 -0.6646354 -1.655063 38.59937 -0.7972227 -1.498234 38.59938 0.8668457 -2.203283 37.19724 1.820155 -1.515694 37.19724 1.306387 -0.9948916 38.59938 0.5944839 -1.508363 38.59938 1.671356 2.046604 37.19724 1.370957 2.652745 37.19724 0.9709387 2.117975 38.59938 1.195268 1.665326 38.59938 -1.152654 2.773269 37.19724 -0.9136188 2.207978 38.59938 -1.886552 -0.977725 37.19723 -1.461672 -0.5931527 38.59937 -0.04960566 2.999042 37.19724 -0.08989512 2.376579 38.59938 2.462575 -0.007428228 37.19725 2.422731 0.1417557 37.19725 2.422731 0.1417557 37.19725 1.756372 0.2428423 38.59939 1.756372 0.2428423 38.59939 1.786127 0.1314362 38.59939 0.6886274 2.182907 38.59938 0.2968069 -1.65556 38.59938 0.4270466 -1.502829 38.59938 1.626977 -0.3585413 38.59939 -0.8345898 -1.562718 38.59937 0.992914 2.739696 37.19724 2.249457 -0.6635571 37.19725 -1.046826 -2.276069 37.19723 0.468227 -2.400395 37.19724 0.642631 -2.195873 37.19724 1.334986 -1.520496 34.77352 1.452645 -1.012183 32.91875 -1.572761 -1.011645 32.91845 -1.421279 -1.499786 34.64832 -0.03700155 -1.644286 32.91862 0.2121355 -2.438479 34.72934 -0.03906929 -2.435989 34.71428 -0.308167 -2.433746 34.70075 -0.5349204 0.4236915 15.80715 -2.488643 1.620293 15.85242 -0.5349204 0.4236915 15.80715 -0.5349204 0.4236915 15.80715 -2.402985 -2.183041 15.62092 -2.402985 -2.183041 15.62092 0.3240452 0.4086508 15.81215 0.3240452 0.4086508 15.81215 2.353167 1.506148 15.85855 2.353167 1.506148 15.85855 2.268846 -2.083818 15.62705 2.268846 -2.083818 15.62705 -4.384498 0.4270384 15.83086 -4.384498 0.4270384 15.83086 -2.488643 1.620293 15.85242 -2.488643 1.620293 15.85242 -4.384498 0.4270384 15.83086 0.3240452 0.4086508 15.81215 2.353167 1.506148 15.85855 4.348383 0.4118382 15.83589 4.348383 0.4118382 15.83589 4.348383 0.4118382 15.83589</float_array>
          <technique_common>
            <accessor source="#nabat_dorkim_002-mesh-positions-array" count="698" stride="3">
              <param name="X" type="float"/>
              <param name="Y" type="float"/>
              <param name="Z" type="float"/>
            </accessor>
          </technique_common>
        </source>
        <source id="nabat_dorkim_002-mesh-normals">
          <float_array id="nabat_dorkim_002-mesh-normals-array" count="1794">-0.0936613 -0.1222629 -0.9880685 -0.4038266 0.006521403 -0.9148124 -0.1589638 -0.1223231 -0.9796773 0.2430165 0.04289662 -0.9690732 -0.3923593 0.1060054 -0.9136833 0.2318372 0.1083018 -0.9667069 -0.3891252 0.08564674 -0.9171948 0.2407155 0.1870346 -0.9524044 0.1717486 0.09661453 0.9803918 0.416791 -0.007496118 0.9089714 0.08138269 0.09635657 0.9920144 -0.256104 -0.04372245 0.9656599 0.4182066 0.008051693 0.9083163 0.3483914 0.2815933 0.8940519 -0.26179 -0.007513284 0.9650957 0.3513744 -0.2747688 0.8950074 0.3000035 -0.3596298 0.8835521 -0.2842686 -0.2077595 0.9359634 -0.2055857 -0.3509434 0.9135498 -0.06289011 0.998012 0.00413382 0.3996313 -0.2517651 -0.8814246 0.05155187 0.9986646 -0.003391921 0.03864371 -0.6293726 0.7761423 0.04489487 0.1203085 0.991721 0.9497629 0.1690326 0.2633982 0.9493741 0.1694123 0.2645528 -0.03895187 0.06066495 -0.997398 0.05832588 0.1056491 -0.9926916 -0.5748583 0.1332667 0.8073278 -0.4842793 0.07820641 0.8714112 0.9019503 -0.3536764 0.2477875 0.9019092 -0.3545825 0.2466399 0.05950528 -0.0469042 -0.9971255 -0.02821618 -0.2322403 -0.9722491 -0.4180693 -0.5039406 0.7558188 -0.532193 -0.363714 0.7645148 0.009040415 -0.9999461 -0.005107343 0.9569213 -0.1222205 0.2633702 0.9566036 -0.1221487 0.2645552 -0.5785842 -0.05224925 0.8139474 -0.5716425 -0.05355811 0.8187531 -0.03815799 -0.03580832 -0.99863 -0.03020936 -0.03479844 -0.9989377 0.963914 7.44432e-4 0.2662131 0.963914 7.44473e-4 0.2662132 -0.03103673 1.38237e-4 -0.9995183 -0.03104376 1.38232e-4 -0.9995181 -0.572664 -6.02331e-4 0.81979 -0.5726706 -6.02315e-4 0.8197854 -0.008358657 0.9999545 0.004593431 -0.5544134 0.112872 0.8245519 -0.1092664 0.8524785 0.5112157 0.1694175 -0.1986802 -0.9653103 -0.9582829 -0.0137071 -0.2854925 0.2005594 -0.1718918 -0.9644839 0.1856787 -0.5141465 0.8373631 0.02166891 -0.9993143 0.03002649 -0.3245878 0.8697403 -0.3717455 -0.9921319 -0.04185372 -0.1179944 0.5414262 0.112904 0.8331329 0.101301 0.8524739 0.5128611 -0.1547515 -0.1983791 -0.9678315 0.9623588 -0.01014053 -0.2715931 -0.185537 -0.1718989 -0.9674848 -0.198705 -0.5141242 0.8343816 -0.02205687 -0.999326 0.02934473 0.330338 0.8697485 -0.3666254 0.9949561 -0.04025018 -0.09188181 -0.089616 0.8243287 0.5589733 -0.1218056 0.805212 0.5803423 0.1711889 -0.147453 -0.9741417 0.0365749 -0.1051235 -0.9937865 -0.02021241 -0.1591985 -0.9870397 -0.1499457 -0.0953657 -0.9840843 -0.02355241 -0.5492008 0.8353585 -0.08377593 -0.5672917 0.8192446 0.07399851 -0.5385525 0.8393363 0.01411986 -0.5731674 0.8193166 0.1170841 0.8152155 0.5671993 0.07674044 0.8115093 0.5792786 -0.1617754 0.4123986 -0.8965244 0.2537229 -0.1164785 -0.9602382 -0.1499793 -0.9877766 -0.04247152 0.1595529 -0.9848746 -0.0675655 0.06369078 -0.1034438 -0.9925941 -0.1184819 0.4038883 -0.9071033 0.2800718 0.8390081 0.4665034 0.1924355 0.6570188 0.7288998 0.1386154 -0.8781271 0.4579068 0.07191413 -0.5894666 0.8045854 -0.129682 0.8409152 0.5253994 -0.3108133 0.620339 0.7201214 0.1065571 -0.974588 0.1970377 -0.226383 -0.5836074 0.7798418 -0.2200715 -0.5929418 0.7745894 -0.01479142 0.993649 0.1115481 -0.002859234 0.9944131 0.1055207 0.7952659 0.6002894 0.08488279 -0.5310436 -0.2040049 0.8224201 -0.9870219 -0.1304115 -0.09370511 0.9762527 0.1952045 0.09394586 0.9799551 0.1599467 0.1187656 0.9590457 -0.1410616 -0.2456279 0.4308709 -0.2195014 0.8753111 8.81249e-4 0.007871329 -0.9999687 -1.47838e-4 0.007408916 -0.9999725 -0.02396553 0.003765881 -0.9997058 -0.9939078 0.0527513 0.09677165 -0.9972109 0.04359275 0.06058257 0.9891292 -0.1454943 0.02132725 0.01537322 -0.5224444 0.8525348 0.02206176 -0.5173717 0.8554764 0.4555665 -0.8656262 0.2077268 0.4364043 -0.6285966 0.6437528 0.1685887 -0.2976671 0.9396661 0.01757973 -0.5973464 0.8017906 -0.01633369 -0.1474834 -0.9889298 0.08197033 -0.08911913 -0.9926423 0.0511468 0.009351789 -0.9986475 0.9985789 0.03184145 -0.04273647 0.999932 -0.001722276 -0.01154178 -0.9715304 -0.06933665 0.2265413 -0.9912974 -0.1205087 0.05298161 0.01374888 -0.3429954 0.9392365 0.003120422 -0.3164362 0.9486087 -0.8283128 0.5322045 0.1750901 -0.4582041 -0.838829 -0.2939642 -0.01488852 -0.9998893 5.57654e-6 -0.002875447 -0.9999722 0.006887972 0.7977216 -0.602144 0.03260409 -0.6871886 0.149955 0.7108343 -0.9126193 0.3022448 0.2752709 0.9762527 -0.1952047 -0.09394586 0.979955 -0.1599465 -0.118766 0.8570033 0.3130338 0.4093353 0.8242439 0.285952 0.4887264 8.81369e-4 -0.007871389 0.9999687 -1.47889e-4 -0.007408857 0.9999725 -0.02396416 -0.003766 0.9997057 -0.9939078 -0.05275124 -0.09677159 -0.9972109 -0.04359287 -0.06058293 0.9891288 0.145497 -0.02132725 0.01537328 0.5224442 -0.8525349 0.02206152 0.5173718 -0.8554763 0.4555666 0.8656262 -0.2077268 0.4364043 0.6285966 -0.6437528 0.1685887 0.2976673 -0.939666 0.01757979 0.5973464 -0.8017907 -0.01633358 0.147483 0.9889298 0.08196985 0.08911854 0.9926424 0.05114668 -0.009351491 0.9986474 0.9985789 -0.03184235 0.04273718 0.999932 0.001721262 0.01154196 -0.9715304 0.06933605 -0.2265419 -0.9912974 0.1205087 -0.05298203 0.03679633 0.8196014 -0.5717514 0.01230227 0.7084335 -0.7056703 -0.8397816 -0.5395728 -0.06023484 -0.458204 0.8388291 0.2939641 0.7557041 -0.6532546 -0.04658168 0.4954811 -0.8656779 -0.07141828 0.8163055 -0.5774834 -0.01258695 -0.9481237 -0.3128031 -0.05670803 -0.8048633 -0.5928415 -0.02709555 0.1650311 0.9741988 0.153953 0.5238185 0.8517581 0.01106458 0.4852513 0.8657 0.1228613 0.4861674 0.865211 0.1226834 -0.5362132 0.8331806 0.1352249 -0.5369439 0.8326919 0.1353353 -0.7836683 -0.6200985 -0.03663051 -0.4619467 -0.8844463 -0.06602954 -0.7904351 -0.6125075 -0.006849467 0.9669385 -0.2397174 -0.08697968 -0.9670025 -0.2394336 -0.08705067 0.9430258 -0.3246544 -0.07281452 0.78027 -0.6243497 -0.0369637 -0.1510379 0.9779095 0.1445016 -0.478545 0.877844 0.01960819 -5.88833e-4 0.9939843 0.1095213 1.02572e-4 0.9940559 0.1088705 0.6167797 -0.7728921 -0.1490657 1.09121e-4 -0.9947546 0.1022902 -0.6173751 -0.7717352 -0.1525542 0.07999604 -0.9777593 0.1938748 -0.3098527 -0.9506003 -0.01871687 0.9731093 -2.23059e-6 0.2303441 0.9753918 -0.009740769 0.2202638 -0.9768976 -0.009667873 0.2134895 -0.9747018 -2.24881e-6 0.2235094 -0.2597351 0.9655964 -0.01270115 0.278092 0.9605329 -0.00642991 0.6275043 -0.64605 0.4345777 0.5249004 -0.6578343 0.5401237 -0.6171537 -0.6278995 0.4741979 -0.5950743 -0.7438214 0.3043294 0.04423409 -0.9454787 0.3226663 -0.3692052 -0.7366583 0.5665881 0.01374578 0.4051876 0.9141303 0.02358615 -0.9573096 0.2881011 -1.59378e-5 0.9997726 0.02132624 -1.2823e-4 0.9997791 0.021025 0.9536764 0.1793526 0.2415243 0.8578172 -2.19852e-6 0.5139549 -0.9200763 0.1754662 0.3502447 -0.9988769 -1.91362e-6 -0.04738128 -0.007487297 0.8974292 0.4410951 -0.2353715 0.9571924 0.1684728 0.003904104 0.999706 0.02393347 0.1922937 0.868004 0.4578124 0.6746774 -0.7379268 0.01656448 0.2376556 -0.962056 0.1340456 -0.5710265 -0.8191251 0.05443364 -0.3578111 -0.9319928 -0.05797231 -0.01160562 -0.9910638 0.132883 -0.4149493 -0.8777813 0.2394098 0.9905968 -0.001605093 0.1368042 0.9907089 -1.16586e-6 0.1360001 -0.9943776 8.28566e-4 0.1058902 -0.9944468 -8.5773e-7 0.1052409 -0.0816645 0.9800499 0.1811993 0.02487462 0.9737607 0.226211 0.07548981 0.9692031 0.234407 -0.02898889 0.9851118 0.1694535 -0.3608509 0.7595772 0.5411368 -0.5762249 -0.6124511 0.5411733 -0.4571623 -0.01563102 0.8892459 0.1434485 0.4156525 -0.8981401 0.7849704 0 0.6195333 -0.03656584 0.5200945 0.8533257 0.4448421 -0.1107973 0.8887292 0.4955555 -0.7154169 0.4925479 0.4875484 0 0.8730961 0.3047305 0.8009812 0.5153334 -0.9993074 -0.007369518 0.03647691 -0.9978557 0.02249896 0.06146329 0.9972753 -0.007855772 0.07335054 0.9949358 0.0215159 0.09818363 3.12798e-4 0.9050984 0.425202 -0.00108546 0.9060298 0.4232127 0.003127932 0.9992488 0.03862792 3.61975e-5 0.9990954 0.04252547 -0.385998 -0.834216 0.3938137 0.3870677 -0.8998024 0.2013314 -0.4125692 -0.8898816 0.1946731 -0.09236395 -0.6453443 0.7582874 0.09524172 -0.9148166 0.3924787 -0.2673887 -0.4752228 -0.8382522 -0.115252 0.02032589 -0.9931284 -0.2985936 0.4954846 -0.8156819 -0.03766787 -0.1443592 0.9888082 0.10609 0.5685844 0.8157554 -0.1912866 0.3980432 -0.8972018 0.1151676 0.5715398 0.8124524 -0.4696713 -0.1096056 0.8760112 -0.5090755 -0.7196274 0.4722061 -0.5116223 0 0.8592105 -0.2948771 0.818945 0.4923177 0.04691541 -0.6968274 0.7157028 -0.1042733 -0.9156841 0.3881363 0.3171043 -0.4107922 -0.8548068 0.1769336 0.04264229 -0.9832986 0.3468238 0.5101779 -0.7870399 -0.03158086 -0.1423629 0.9893107 0.5967115 -0.5989859 0.5339957 0.4690751 -0.02847808 0.8826991 0.3492741 0.7733466 0.529096 -7.798e-5 -0.996556 -0.08292353 0.3675022 -0.8528082 0.3710261 -0.4832291 0.1256765 0.8664266 -0.0015468 0.9932699 0.115813 0.3941406 0 0.9190502 0.5064921 0.161586 0.8469686 -0.4112989 0 0.9115005 -0.3769978 0.4693837 -0.7984684 -0.2330451 -0.08533853 -0.9687143 -0.6870105 -0.4916157 -0.5350988 0.2527868 -0.548722 -0.7968707 0.08354824 -0.4470319 -0.8906078 0.2981241 -0.7995949 0.5213157 0.08192682 -0.69883 0.7105805 -0.9608516 0 0.2770637 -0.938012 0.2741455 -0.2120798 -0.2225425 0.4842402 0.8461596 0.1614535 0.5610594 0.8118776 0.9448677 0.2532833 -0.2075397 0.04204601 -0.6306158 0.7749553 -0.1591846 -0.5555093 0.8161309 0.4199175 0.4910005 -0.7632744 -0.04393374 0.7962113 0.6034215 0.06803864 0.8922314 0.4464237 0.1547653 0.7272266 0.6687221 -0.08744972 0.7740433 0.6270643 -0.1637964 0.5648011 0.808808 -0.007032275 0.8125126 0.5829012 -0.1007762 0.892007 0.4406446 -0.01603984 -0.9659931 0.2580704 0.5479364 -0.8346231 0.05630463 0.8459652 0.4946875 0.199066 -0.9672853 0.1741253 0.1844981 -0.03420126 -0.9816632 0.1875303 -0.8819657 0.4289234 0.195349 -0.262655 0.9365758 0.2320306 -0.8179205 0.4170676 0.396309 -0.7396787 0.5087721 0.4404844 -0.8212019 0.5330061 0.2037943 0.9364302 -0.2887196 0.1993479 1.2257e-4 -3.40301e-4 1 -4.42838e-5 0 1 -0.9154449 -0.3687704 0.16115 5.44692e-6 0 1 0.9894684 -0.003734588 0.1447016 -0.126101 0.9660445 0.2255141 -5.28555e-4 -0.9785563 0.2059787 0.8868172 0.4171817 0.1987831 0.3089188 0.9218707 0.2339311 0.965358 -0.2060872 -0.1600372 0.9244515 -0.1451587 -0.3525882 0.9200593 -0.3888042 -0.04818987 0.9321491 -0.3559322 -0.0664106 -0.9320279 -0.3562414 -0.06645381 -0.9110931 -0.4106181 -0.03608626 -0.9265197 -0.1476249 -0.3460755 -0.942983 -0.1668069 -0.2880252 -0.8488195 -0.5017411 0.166618 -0.7685597 -0.6167547 0.1700876 0.8583715 0.506447 -0.08191347 -0.8776763 0.4720705 -0.08266675 0.143213 -0.9636747 0.225436 0.1212228 -0.9537734 0.2749935 -0.01288652 0.6302452 -0.7762893 -0.6422317 -0.7663378 -0.01628124 -0.07717758 -0.8409672 -0.5355537 0.5075069 -0.7461327 0.4309558 0.9496055 -0.3132193 -0.01196295 -0.4163118 -0.7896814 0.4506529 -0.9403475 -0.3314713 -0.07663923 0.5343105 -0.6262267 -0.567761 0.1153593 -0.9908127 0.07058763 2.13563e-5 -0.9865091 -0.1637068 -0.1241955 -0.962894 0.2396049 0.05005598 -0.02044361 -0.9985373 0.05963337 -0.02044099 -0.9980111 -0.04847025 0.6295576 -0.7754405 1.0169e-4 -2.3514e-5 -1 0.9121612 0.3630459 0.1901569 0.8219139 0.5692303 -0.02084213 1.32147e-4 0.1924117 -0.9813143 1.25052e-4 0.06429243 -0.9979312 1.5357e-5 0.1921568 -0.9813643 -0.8456482 0.5330983 -0.02617871 -9.74666e-7 0.9999661 0.008238375 -1.4097e-6 0.9999661 0.008237898 0.1288701 0.9651268 0.2278654 0.9865835 -0.09990161 0.1291236 -0.9005848 -0.4038836 0.1607021 0.5927664 -0.7801047 0.2001623 -0.295417 0.928633 0.2244318 0.3077998 0.7673452 0.5625306 0.5001911 0.151059 0.8526372 0.7057642 0.4970566 0.5048085 0.7483888 0.3550034 0.5602561 0.6044773 0.5918796 0.5331845 0.5325395 0.6753127 0.5102495 0.2957277 0.7988307 0.523846 0.3420042 0.7720215 0.5357387 -4.74677e-6 0.8494305 0.5277007 0 0.8494292 0.5277026 -0.3006212 0.8043551 0.5124839 -0.3532237 0.7973288 0.4893872 -0.3947084 0.758791 0.5181134 -0.6451004 0.6330023 0.4279645 -0.6459881 0.6325237 0.4273328 -0.7309485 0.492151 0.4727597 -0.8411498 0.3990015 0.3650544 -0.211677 0.7058715 0.6759722 -0.8797044 0.2656716 0.3943843 -0.5365461 -0.01817506 0.8436754 -0.5765039 -0.08351999 0.8128148 -0.5806986 -0.5047441 0.6387665 -0.5317229 -0.2522227 0.8084891 -0.5639843 -0.4818956 0.6705956 -0.5656915 -0.5539013 0.61089 -0.4631916 -0.4294671 0.7752494 -0.3189952 -0.7200644 0.6162382 0 -0.5312196 0.8472343 7.15282e-6 -0.5312198 0.8472341 0.5435097 -0.4782975 0.6898034 0.2186188 -0.493502 0.8418205 0.5668997 -0.4839004 0.6666822 0.5194891 -0.5086589 0.6865838 0.4900892 -0.4298276 0.7583277 0.6002141 -0.284715 0.7474493 0.5468345 -0.02048885 0.8369901 0.5205962 -0.07541996 0.8504654 0 0 1 0 8.04982e-6 1 2.60659e-6 1.05083e-5 1 -8.26389e-7 9.70932e-7 1 -3.61506e-5 1.60997e-5 1 -6.61111e-6 1.94186e-6 1 -3.66505e-6 -4.40184e-7 1 -1.20502e-5 -1.60997e-5 1 -1.52681e-5 -2.98977e-6 1 -3.22849e-6 3.8775e-7 1 0 -1.05083e-5 1 -3.48602e-6 -4.55085e-7 1 0 -8.04984e-6 1 -2.8364e-6 0.1158747 -0.9932639 -0.6412701 -0.5336853 0.5513191 -0.1489373 -0.1093412 -0.9827829 -0.386134 -0.2040881 -0.8995825 -0.03560185 0.4229875 0.9054359 -0.7020584 0.7035037 0.1104382 -0.1939709 0.01556718 -0.9808838 1.34446e-5 -0.3583337 -0.9335936 0.02073204 -0.2817316 -0.9592694 0.05357629 -0.4759056 -0.8778631 -0.07916361 -0.4356095 -0.8966479 0.1497672 -0.1094622 -0.9826433 0.8351674 0.2770025 -0.4751476 -0.04345291 -0.3169048 -0.9474615 0.02517205 0.05093407 -0.9983848 0.09527355 -0.0278719 -0.9950609 0.4959231 -0.434705 0.7517259 0.5781091 0.286507 0.7640051 0.5860441 0.2756975 0.7619339 0.1327229 0.5770276 0.8058685 0.1391107 0.573999 0.8069532 -0.5423011 0.2711089 0.7952418 -0.5503731 0.2612749 0.7929848 0.7891246 -0.08419495 0.6084354 0.7877599 -0.07974904 0.6107982 0.1973673 0.569172 0.7981789 0.2072215 0.5673228 0.796997 0.5221784 -0.4452847 0.7273591 0.539591 -0.4368516 0.7197237 -0.4873628 0.3411823 0.8037861 -0.4995997 0.3317878 0.8001981 -0.6043172 -0.2564588 0.7543407 -0.6051469 -0.2437723 0.7578736 0.5940738 -0.1929606 0.7809242 0.5976223 -0.1842633 0.780317 -0.149194 0.5604969 0.814607 -0.1567919 0.5591127 0.814131 -0.1714024 0.5677147 0.8051841 -0.1803942 0.5668168 0.8038511 0.5589012 -0.2815837 0.7799617 0.5674173 -0.2713803 0.7774255 -0.594923 -0.2810773 0.7530353 -0.5994448 -0.2688381 0.7539178 0.8519548 -0.4937083 0.1744283 0.8669951 -0.476904 0.1445059 0.0752716 0.5940037 0.8009331 0.07928562 0.5940895 0.8004822 0.610131 0.2558294 0.749861 0.6106435 0.2430415 0.753688 -0.07346463 0.5927515 0.802028 -0.0773915 0.5929857 0.8014852 -0.9753363 -0.1627014 0.1491554 0.766056 -0.620078 0.1692973 0.8756883 -0.4816423 0.03450793 0.3341984 0.9148035 0.2268177 -0.2493788 0.940252 0.2318112 0.950226 0.240904 0.1975753 -0.5383249 -0.8182442 0.2016999 0.8843089 -0.4228935 0.1978858 0.2290875 0.9454081 0.2317811 0.6189435 0.1653076 0.7678428 0.6191968 0.1569879 0.769383 0.7575796 -0.003007054 0.652736 0.7576298 -0.002863466 0.6526783 0.1784564 0.5610389 0.8083246 0.1868342 0.557555 0.808842 -0.02083951 -0.6304085 0.7759838 -0.02194654 -0.6305625 0.7758281 -0.1418363 0.5632189 0.8140437 -0.1488245 0.5606779 0.81455 0.5504421 0.3391016 0.7629048 0.5593021 0.3271797 0.7616658 0.3607043 -0.5000942 0.7872726 0.3753851 -0.4940218 0.7842376 -0.605447 0.1148194 0.7875598 -0.6076498 0.1093824 0.7866368 -0.4910513 -0.4151839 0.765827 -0.5053797 -0.4055121 0.7616766 -0.311693 -0.499208 0.8084793 -0.3239547 -0.4923697 0.8078525 -0.5497001 -0.3423061 0.7620081 -0.5571123 -0.3293111 0.7623518 -0.6740507 -0.1184621 0.7291245 -0.6763758 -0.1128139 0.7278659 -3.14969e-4 -0.5962812 0.8027756 -3.09898e-4 -0.5962795 0.8027769 1.70685e-5 0.06443643 -0.9979219 -0.06435585 -0.3431125 -0.9370871 -0.04485869 -0.3304527 -0.9427559 -0.05603641 0.5755221 -0.8158642 0.05603641 -0.5755221 0.8158642 0.03948611 0.5566173 0.8298302 0.6808235 0.04757171 0.7309011 -0.618489 0.06885945 0.7827706 0.115761 0.9135656 0.3898682 0.1157625 0.9135656 0.389868 -0.7849594 -0.4888107 0.3806611 -0.7849588 -0.4888125 0.3806602 -0.8577166 -0.3639958 0.3630834 -0.8577156 -0.363997 0.3630844 0.9496918 -0.1013171 0.2963448 0.9496927 -0.1013157 0.2963426 -0.1136116 0.9163261 0.3839778 -0.1136091 0.9163268 0.3839768 -0.762491 0.5235972 0.3800703 -0.762491 0.5235975 0.3800702 -0.8267129 0.4216759 0.3724722 -0.8267145 0.4216738 0.3724709 0.7858038 0.4840935 0.3849232 0.7858101 0.4840885 0.3849167 -0.7022771 -0.5937493 0.3927704 -0.7022851 -0.5937412 0.3927683 0.5199355 -0.7208719 0.4582696 0.519942 -0.7208685 0.4582674 0.8246242 0.4086775 0.3911238 0.8246234 0.4086775 0.3911252 -0.2360188 0.8866416 0.397696 -0.236019 0.8866415 0.3976957 -0.9121653 0.1729881 0.3715233 -0.912167 0.1729859 0.3715205 -0.8420428 -0.3978318 0.3642718 -0.8420435 -0.3978303 0.3642718 -0.9307909 -0.1635718 0.3269137 -0.9307911 -0.1635765 0.3269109 0.3010917 0.8683322 0.3941359 0.3010994 0.8683298 0.3941352 0.8841383 0.2361401 0.4031593 0.8841413 0.2361357 0.4031555 0.205497 0.8934551 0.3993858 0.2054895 0.8934572 0.399385 0.2770268 0.8708961 0.4059508 0.2770295 0.8708955 0.4059503 0.800582 -0.4033355 0.4431579 0.8005846 -0.4033325 0.4431561 -0.2667981 0.883674 0.3846285 -0.2667887 0.8836762 0.38463 0.8586246 -0.4975845 0.1231803 0.8586401 -0.49756 0.1231716 -4.6096e-4 -0.8831534 0.469084 -4.65925e-4 -0.8831529 0.4690851 0.94721 -0.003769218 0.3205921 0.9472086 -0.003756463 0.320596 -0.2241061 0.890026 0.3970267 -0.2240912 0.8900287 0.3970292 0.8531611 0.3577281 0.3796667 0.8531602 0.3577287 0.3796683 0.8542566 -0.277472 0.4396077 0.8542562 -0.2774724 0.4396085 0.6970606 -0.5944105 0.4009771 0.6970608 -0.5944104 0.400977 -0.4715046 -0.7550984 0.4555323 -0.4715417 -0.7550788 0.4555268 -0.02967756 -0.8978812 0.4392365 -0.02966761 -0.8978817 0.4392362 0.3809027 -0.8976098 -0.2218327 0.5918068 -0.7050786 -0.3906776 0.01512265 -0.9149139 -0.4033658 -0.352617 -0.8560889 -0.3778535 0.02545511 -0.7725279 -0.6344705 -0.6301476 -0.7599655 -0.1592683 -0.7867434 -0.6166085 0.02879059 -0.7942489 -0.6062378 0.0405541 -0.4552837 0.8827406 -0.1161298 -0.4695512 0.8735543 -0.1281587 -0.7789204 -0.6264021 0.0300585 -0.7862977 -0.6165253 0.04040497 -0.5207704 0.8453576 -0.1190324 -0.5275087 0.8403624 -0.1246018 -0.005819737 -0.07857376 0.9968914 -0.005872666 -0.03139972 0.9994897 -0.005872845 -0.03139972 0.9994897 -0.006133198 0.02780401 -0.9995946 0.006133496 -0.02780401 0.9995946 0.006076157 -0.07559084 0.9971204 0.4723543 0.8767936 -0.09008067 0.4784042 0.8740175 -0.08498769 0.5199896 -0.8449963 0.1248688 0.5279351 -0.8409361 0.1187893 0.7250353 -0.6800786 0.1087058 0.7632625 -0.6420405 0.07221192 0.5084142 0.8569161 -0.08491182 0.5195119 0.8510911 -0.07583856 -0.5099035 -0.8567944 0.07682418 -0.5190501 -0.8506349 0.0837109 -0.004998564 -0.993065 0.1174609 1.27189e-4 -0.9937258 0.111844 0.7806176 -0.6173992 0.09723359 0.8086331 -0.5843572 0.06811201 -0.005129754 0.9931699 -0.1165646 1.82347e-4 0.993856 -0.1106809</float_array>
          <technique_common>
            <accessor source="#nabat_dorkim_002-mesh-normals-array" count="598" stride="3">
              <param name="X" type="float"/>
              <param name="Y" type="float"/>
              <param name="Z" type="float"/>
            </accessor>
          </technique_common>
        </source>
        <source id="nabat_dorkim_002-mesh-map-0">
          <float_array id="nabat_dorkim_002-mesh-map-0-array" count="3648">0.500651 0.25111 0.580505 0.492418 0.59282 0.252323 0.580505 0.492418 0.500651 0.25111 0.50141 0.495294 0.582611 0.489639 0.494583 0.254521 0.587661 0.249282 0.494583 0.254521 0.582611 0.489639 0.51134 0.50188 0.50141 0.495294 0.57833 0.517084 0.580505 0.492418 0.51134 0.50188 0.582611 0.489639 0.583 0.514399 0.535094 0.510982 0.560742 0.570538 0.58066 0.493109 0.560742 0.570538 0.530029 0.62058 0.569811 0.642716 0.365199 0.624186 0.480025 0.630731 0.484305 0.335258 0.484305 0.335258 0.387384 0.324847 0.365199 0.624186 0.479954 0.337696 0.479009 0.633199 0.366444 0.624601 0.366444 0.624601 0.392834 0.320985 0.479954 0.337696 0.387384 0.324847 0.484305 0.335258 0.483785 0.304824 0.483785 0.304824 0.388322 0.304734 0.387384 0.324847 0.392834 0.320985 0.481012 0.307276 0.479954 0.337696 0.411938 0.269919 0.388322 0.304734 0.483785 0.304824 0.483785 0.304824 0.483409 0.237983 0.411938 0.269919 0.481012 0.307276 0.392834 0.320985 0.418618 0.271317 0.418618 0.271317 0.486359 0.239185 0.481012 0.307276 0.478042 0.01060497 0.430369 0.01501995 0.477329 0.01062595 0.535094 0.510982 0.58066 0.493109 0.564281 0.493109 0.43342 0.01315695 0.480746 0.01207 0.481459 0.01209098 0.535094 0.510982 0.560742 0.570538 0.530029 0.62058 0.535094 0.510982 0.530029 0.62058 0.502026 0.564815 0.48675 0.732883 0.486835 0.732719 0.473499 0.644086 0.48675 0.732883 0.473499 0.644086 0.473468 0.644144 0.486835 0.732719 0.433137 0.735168 0.454204 0.644967 0.454204 0.644967 0.473499 0.644086 0.486835 0.732719 0.433137 0.735168 0.48675 0.732883 0.473468 0.644144 0.473468 0.644144 0.454204 0.644967 0.433137 0.735168 0.489052 0.62543 0.489391 0.649747 0.502885 0.646008 0.502885 0.646008 0.502589 0.626395 0.489052 0.62543 0.489391 0.649747 0.592575 0.637631 0.57116 0.635271 0.57116 0.635271 0.502885 0.646008 0.489391 0.649747 0.592575 0.637631 0.489052 0.62543 0.502589 0.626395 0.502589 0.626395 0.57116 0.635271 0.592575 0.637631 0.464799 0.977723 0.465034 0.977709 0.465034 0.977711 0.486835 0.732719 0.48675 0.732883 0.465034 0.977711 0.465034 0.977711 0.465034 0.977709 0.486835 0.732719 0.48675 0.732883 0.433137 0.735168 0.464799 0.977723 0.48675 0.732883 0.464799 0.977723 0.465034 0.977711 0.433137 0.735168 0.486835 0.732719 0.465034 0.977709 0.465034 0.977709 0.464799 0.977723 0.433137 0.735168 0.537455 0.235828 0.537418 0.235729 0.527769 0.655491 0.527769 0.655491 0.527806 0.65559 0.537455 0.235828 0.537418 0.235729 0.5599 0.2361299 0.550251 0.655892 0.550251 0.655892 0.527769 0.655491 0.537418 0.235729 0.5599 0.2361299 0.537455 0.235828 0.527806 0.65559 0.527806 0.65559 0.550251 0.655892 0.5599 0.2361299 0.527806 0.65559 0.527769 0.655491 0.550251 0.655892 0.05678898 0.950237 0.130885 0.967528 0.122691 0.875139 0.05678898 0.950237 0.05273199 0.993189 0.130885 0.967528 0.05313497 0.878055 0.126915 0.874245 0.1297709 0.957774 0.130885 0.967528 0.1297709 0.957774 0.126915 0.874245 0.1297709 0.957774 0.05273199 0.993189 0.05313497 0.878055 0.122691 0.875139 0.05313497 0.878055 0.05678898 0.950237 0.122691 0.875139 0.126915 0.874245 0.05313497 0.878055 0.05273199 0.993189 0.1297709 0.957774 0.130885 0.967528 0.130885 0.967528 0.126915 0.874245 0.122691 0.875139 0.063106 0.950078 0.1290079 0.874987 0.137201 0.967363 0.063106 0.950078 0.137201 0.967363 0.05904698 0.993026 0.05945098 0.877903 0.136085 0.95761 0.133547 0.874085 0.137201 0.967363 0.133547 0.874085 0.136085 0.95761 0.136085 0.95761 0.05945098 0.877903 0.05904698 0.993026 0.1290079 0.874987 0.063106 0.950078 0.05945098 0.877903 0.1290079 0.874987 0.05945098 0.877903 0.133547 0.874085 0.05904698 0.993026 0.137201 0.967363 0.136085 0.95761 0.137201 0.967363 0.1290079 0.874987 0.133547 0.874085 0.063106 0.950078 0.05904698 0.993026 0.01500999 0.990005 0.063106 0.950078 0.01500999 0.990005 0.01906895 0.947057 0.05904698 0.993026 0.05945098 0.877903 0.01541399 0.874882 0.05904698 0.993026 0.01541399 0.874882 0.01500999 0.990005 0.05313497 0.878055 0.05273199 0.993189 0.008694946 0.990169 0.05313497 0.878055 0.008694946 0.990169 0.009098947 0.875034 0.05945098 0.877903 0.063106 0.950078 0.01906895 0.947057 0.05945098 0.877903 0.01906895 0.947057 0.01541399 0.874882 0.05678898 0.950237 0.05313497 0.878055 0.009098947 0.875034 0.05678898 0.950237 0.009098947 0.875034 0.01275199 0.947217 0.05273199 0.993189 0.05678898 0.950237 0.01275199 0.947217 0.05273199 0.993189 0.01275199 0.947217 0.008694946 0.990169 0.24051 0.463405 0.216032 0.463593 0.222847 0.280602 0.24051 0.463405 0.222847 0.280602 0.211262 0.283418 0.325911 0.464062 0.325392 0.277192 0.301263 0.464087 0.216032 0.463593 0.242384 0.463684 0.222847 0.280602 0.337093 0.280008 0.325392 0.277192 0.325911 0.464062 0.337093 0.280008 0.325911 0.464062 0.304187 0.463821 0.27938 0.275611 0.337093 0.280008 0.304187 0.463821 0.27938 0.275611 0.304187 0.463821 0.273252 0.464374 0.27938 0.275611 0.273252 0.464374 0.301263 0.464087 0.27938 0.275611 0.301263 0.464087 0.325392 0.277192 0.211262 0.283418 0.268401 0.279023 0.269675 0.463311 0.211262 0.283418 0.269675 0.463311 0.24051 0.463405 0.222847 0.280602 0.242384 0.463684 0.261133 0.463346 0.222847 0.280602 0.261133 0.463346 0.269675 0.463311 0.222847 0.280602 0.269675 0.463311 0.268401 0.279023 0.927013 0.988315 0.992691 0.991099 0.992702 0.990026 0.927013 0.988315 0.992702 0.990026 0.927013 0.988264 0.992691 0.991099 0.927013 0.988315 0.927193 0.97394 0.933193 0.885996 0.931062 0.917315 0.927194 0.973888 0.933193 0.885996 0.927194 0.973888 0.992702 0.990026 0.989821 0.806423 0.992691 0.991099 0.932958 0.889713 0.989821 0.806423 0.932958 0.889713 0.928765 0.785971 0.932958 0.889713 0.992691 0.991099 0.927193 0.97394 0.932958 0.889713 0.927193 0.97394 0.930777 0.918811 0.992702 0.990026 0.990251 0.772777 0.990087 0.786014 0.990251 0.772777 0.992702 0.990026 0.992691 0.991099 0.990251 0.772777 0.992691 0.991099 0.989821 0.806423 0.928808 0.782537 0.933193 0.885996 0.992702 0.990026 0.928808 0.782537 0.992702 0.990026 0.990087 0.786014 0.990251 0.772777 0.989821 0.806423 0.928765 0.785971 0.933193 0.885996 0.928808 0.782537 0.928765 0.785971 0.933193 0.885996 0.928765 0.785971 0.932958 0.889713 0.985087 0.73489 0.963847 0.74009 0.963084 0.684434 0.985087 0.73489 0.963084 0.684434 0.987255 0.678597 0.928808 0.782537 0.963084 0.684434 0.963847 0.74009 0.928808 0.782537 0.963847 0.74009 0.928765 0.785971 0.990087 0.786014 0.990251 0.772777 0.985087 0.73489 0.985087 0.73489 0.987255 0.678597 0.991679 0.699102 0.985087 0.73489 0.991679 0.699102 0.990087 0.786014 0.928765 0.785971 0.963847 0.74009 0.985087 0.73489 0.928765 0.785971 0.985087 0.73489 0.990251 0.772777 0.990087 0.786014 0.991679 0.699102 0.963084 0.684434 0.990087 0.786014 0.963084 0.684434 0.928808 0.782537 0.933193 0.885996 0.932958 0.889713 0.930777 0.918811 0.933193 0.885996 0.930777 0.918811 0.931062 0.917315 0.927194 0.973888 0.927013 0.988264 0.992702 0.990026 0.963084 0.684434 0.991679 0.699102 0.987255 0.678597 0.926835 0.993932 0.992691 0.991099 0.992702 0.990026 0.926835 0.993932 0.992702 0.990026 0.926836 0.993859 0.992691 0.991099 0.926835 0.993932 0.927078 0.974511 0.933193 0.885996 0.932066 0.899527 0.927079 0.97444 0.933193 0.885996 0.927079 0.97444 0.992702 0.990026 0.989821 0.806423 0.992691 0.991099 0.932958 0.889713 0.989821 0.806423 0.932958 0.889713 0.928765 0.785971 0.932958 0.889713 0.992691 0.991099 0.927078 0.974511 0.932958 0.889713 0.927078 0.974511 0.931682 0.90155 0.992702 0.990026 0.990251 0.772777 0.990087 0.786014 0.990251 0.772777 0.992702 0.990026 0.992691 0.991099 0.990251 0.772777 0.992691 0.991099 0.989821 0.806423 0.928808 0.782537 0.933193 0.885996 0.992702 0.990026 0.928808 0.782537 0.992702 0.990026 0.990087 0.786014 0.990251 0.772777 0.989821 0.806423 0.928765 0.785971 0.933193 0.885996 0.928808 0.782537 0.928765 0.785971 0.933193 0.885996 0.928765 0.785971 0.932958 0.889713 0.985085 0.73489 0.963847 0.74009 0.963084 0.684434 0.985085 0.73489 0.963084 0.684434 0.987255 0.678597 0.928808 0.782537 0.963084 0.684434 0.963847 0.74009 0.928808 0.782537 0.963847 0.74009 0.928765 0.785971 0.990087 0.786014 0.990251 0.772777 0.985085 0.73489 0.985085 0.73489 0.987255 0.678597 0.991679 0.699102 0.985085 0.73489 0.991679 0.699102 0.990087 0.786014 0.928765 0.785971 0.963847 0.74009 0.985085 0.73489 0.928765 0.785971 0.985085 0.73489 0.990251 0.772777 0.990087 0.786014 0.991679 0.699102 0.963084 0.684434 0.990087 0.786014 0.963084 0.684434 0.928808 0.782537 0.933193 0.885996 0.932958 0.889713 0.931682 0.90155 0.933193 0.885996 0.931682 0.90155 0.932066 0.899527 0.927079 0.97444 0.926836 0.993859 0.992702 0.990026 0.963084 0.684434 0.991679 0.699102 0.987255 0.678597 0.854551 0.93528 0.67443 0.921178 0.674269 0.885446 0.836534 0.934041 0.675375 0.92356 0.67528 0.901679 0.836534 0.934041 0.67528 0.901679 0.880277 0.881017 0.886338 0.989876 0.675633 0.980695 0.675525 0.956971 0.886338 0.989876 0.675525 0.956971 0.836534 0.934041 0.880277 0.881017 0.675162 0.876734 0.679483 0.960211 0.880277 0.881017 0.679483 0.960211 0.891199 0.936231 0.907251 0.871871 0.674154 0.85983 0.678061 0.882226 0.907251 0.871871 0.678061 0.882226 0.913255 0.93247 0.891199 0.936231 0.679483 0.960211 0.675633 0.980695 0.891199 0.936231 0.675633 0.980695 0.886338 0.989876 0.675525 0.956971 0.675375 0.92356 0.836534 0.934041 0.674534 0.944747 0.67443 0.921178 0.854551 0.93528 0.674534 0.944747 0.854551 0.93528 0.901747 0.994174 0.67528 0.901679 0.675162 0.876734 0.880277 0.881017 0.674652 0.970115 0.674534 0.944747 0.901747 0.994174 0.674269 0.885446 0.674154 0.85983 0.907251 0.871871 0.674269 0.885446 0.907251 0.871871 0.854551 0.93528 0.678061 0.882226 0.674652 0.970115 0.901747 0.994174 0.678061 0.882226 0.901747 0.994174 0.913255 0.93247 0.600588 0.09886497 0.51865 0.09839695 0.689217 0.227563 0.416471 0.225775 0.689217 0.227563 0.51865 0.09839695 0.112249 0.113136 0.01708298 0.114633 0.02025496 0.2331269 0.02025496 0.2331269 0.301147 0.2302539 0.112249 0.113136 0.348339 0.110453 0.2299579 0.113332 0.301147 0.2302539 0.301147 0.2302539 0.172379 0.04164695 0.112249 0.113136 0.172379 0.04164695 0.301147 0.2302539 0.2299579 0.113332 0.345647 0.113361 0.416073 0.109685 0.298581 0.229161 0.298581 0.229161 0.416073 0.109685 0.416575 0.225937 0.416171 0.226172 0.420227 0.107528 0.300245 0.228193 0.300245 0.228193 0.420227 0.107528 0.349797 0.111226 0.51865 0.09839695 0.41794 0.108324 0.416471 0.225775 0.689217 0.227563 0.69549 0.108075 0.600588 0.09886497 0.01708298 0.114633 0.078215 0.008138954 0.00791496 0.006841957 0.078215 0.008138954 0.01708298 0.114633 0.112249 0.113136 0.2299579 0.113332 0.362744 0.009242951 0.255857 0.008445978 0.362744 0.009242951 0.2299579 0.113332 0.348339 0.110453 0.112249 0.113136 0.172582 0.008296966 0.078215 0.008138954 0.172582 0.008296966 0.112249 0.113136 0.172379 0.04164695 0.172379 0.04164695 0.255857 0.008445978 0.172412 0.006170988 0.255857 0.008445978 0.172379 0.04164695 0.2299579 0.113332 0.51865 0.09839695 0.625837 0.005874991 0.490367 0.008601963 0.625837 0.005874991 0.51865 0.09839695 0.600588 0.09886497 0.416073 0.109685 0.358362 0.008254945 0.403848 0.008361995 0.358362 0.008254945 0.416073 0.109685 0.345647 0.113361 0.349797 0.111226 0.407992 0.00752598 0.36251 0.007355988 0.407992 0.00752598 0.349797 0.111226 0.420227 0.107528 0.41794 0.108324 0.490367 0.008601963 0.4093 0.008797943 0.490367 0.008601963 0.41794 0.108324 0.51865 0.09839695 0.600588 0.09886497 0.706696 0.007230997 0.625837 0.005874991 0.706696 0.007230997 0.600588 0.09886497 0.69549 0.108075 0.718614 0.544238 0.782317 0.335728 0.718529 0.33619 0.782317 0.335728 0.718614 0.544238 0.748183 0.544226 0.77055 0.543408 0.717284 0.337927 0.793226 0.337334 0.717284 0.337927 0.77055 0.543408 0.720198 0.543402 0.748183 0.544226 0.847888 0.335862 0.782317 0.335728 0.847888 0.335862 0.748183 0.544226 0.847626 0.546566 0.813899 0.540707 0.71772 0.335657 0.82113 0.337821 0.71772 0.335657 0.813899 0.540707 0.715323 0.54092 0.721267 0.53823 0.826974 0.336943 0.723573 0.334692 0.826974 0.336943 0.721267 0.53823 0.819849 0.537985 0.826598 0.547614 0.60344 0.336525 0.82412 0.336968 0.60344 0.336525 0.826598 0.547614 0.606061 0.547079 0.6032 0.547198 0.825993 0.33624 0.606265 0.336417 0.825993 0.33624 0.6032 0.547198 0.825175 0.547004 0.340232 0.595426 0.2440029 0.604789 0.311758 0.473906 0.01563298 0.45508 0.157184 0.564399 0.01371395 0.584847 0.1585 0.565344 0.157738 0.593752 0.010984 0.585079 0.85768 0.856745 0.829334 0.92137 0.797188 0.857436 0.829111 0.92289 0.844102 0.88146 0.829111 0.922889 0.829111 0.922889 0.843532 0.880781 0.797188 0.857436 0.690165 0.516611 0.686208 0.450157 0.598302 0.484406 0.598302 0.484406 0.686208 0.450157 0.605181 0.341941 0.690165 0.516611 0.598302 0.484406 0.600406 0.519777 0.600406 0.519777 0.605401 0.655678 0.690165 0.516611 0.109122 0.22986 0.02988696 0.228031 0.003666996 0.479058 0.101088 0.478181 0.109122 0.22986 0.003666996 0.479058 0.03292697 0.230405 0.109733 0.229864 0.006328999 0.481516 0.006328999 0.481516 0.109733 0.229864 0.102991 0.476198 0.2440029 0.604789 0.08246999 0.603918 0.02209997 0.476832 0.02209997 0.476832 0.311758 0.473906 0.2440029 0.604789 -1.76e-4 0.239018 0.014678 0.483644 0.312526 0.486654 -1.76e-4 0.239018 0.312526 0.486654 0.336769 0.23868 0.01563298 0.45508 0.161476 0.447221 0.157184 0.564399 0.335041 0.235192 0.317471 0.479119 0.1606079 0.479684 0.01012098 0.480228 0.001553952 0.235529 0.1606079 0.479684 0.85487 0.422353 0.851445 0.348183 0.686208 0.450157 0.686208 0.450157 0.851445 0.348183 0.605181 0.341941 0.915646 0.993627 0.827868 0.991609 0.829334 0.92137 0.915646 0.993627 0.829334 0.92137 0.913671 0.866593 0.829334 0.92137 0.85768 0.856745 0.913671 0.866593 0.690165 0.516611 0.85487 0.422353 0.686208 0.450157 0.851725 0.563848 0.69014 0.516761 0.854692 0.422377 0.866392 0.856717 0.789046 0.857189 0.831105 0.921411 0.829174 0.922887 0.789046 0.857189 0.854317 0.87501 0.69014 0.516761 0.599101 0.484358 0.686176 0.450101 0.599101 0.484358 0.606137 0.339343 0.686176 0.450101 0.601304 0.521403 0.599101 0.484358 0.69014 0.516761 0.69014 0.516761 0.602335 0.65481 0.601304 0.521403 0.854692 0.422377 0.686176 0.450101 0.853795 0.348045 0.686176 0.450101 0.606137 0.339343 0.853795 0.348045 0.915226 0.994511 0.831105 0.921411 0.827036 0.991583 0.915226 0.994511 0.914722 0.866997 0.831105 0.921411 0.831105 0.921411 0.914722 0.866997 0.866392 0.856717 0.69014 0.516761 0.686176 0.450101 0.854692 0.422377 0.316047 0.449884 0.324907 0.585923 0.157184 0.564399 0.1585 0.565344 0.324752 0.586409 0.157738 0.593752 -0.002643942 0.605721 0.02209997 0.476832 0.08246999 0.603918 0.1606079 0.479684 0.001553952 0.235529 0.335041 0.235192 0.161476 0.447221 0.316047 0.449884 0.157184 0.564399 0.2440029 0.604789 0.340232 0.595426 0.160904 0.651913 0.08246999 0.603918 0.2440029 0.604789 0.160904 0.651913 0.455535 0.301421 0.455535 0.301421 0.378385 0.309366 0.08246999 0.603918 0.160904 0.651913 -0.002643942 0.605721 0.1575109 0.302088 0.1575109 0.302088 0.239969 0.310111 0.789046 0.857189 0.669905 0.856076 0.831105 0.921411 0.831105 0.921411 0.669905 0.856076 0.674491 0.988242 0.831105 0.921411 0.674491 0.988242 0.827036 0.991583 0.829334 0.92137 0.827868 0.991609 0.674962 0.988258 0.829334 0.92137 0.674962 0.988258 0.670256 0.856086 0.827036 0.991583 0.674491 0.988242 0.679668 0.923935 0.827036 0.991583 0.679668 0.923935 0.829174 0.922887 0.829111 0.92289 0.829111 0.922889 0.797188 0.857436 0.797188 0.857436 0.670256 0.856086 0.679801 0.92394 0.797188 0.857436 0.679801 0.92394 0.829111 0.92289 0.789046 0.857189 0.829174 0.922887 0.679668 0.923935 0.789046 0.857189 0.679668 0.923935 0.669905 0.856076 0.674962 0.988258 0.827868 0.991609 0.829111 0.92289 0.674962 0.988258 0.829111 0.92289 0.679801 0.92394 0.797188 0.857436 0.829334 0.92137 0.670256 0.856086 0.853874 0.654008 0.851724 0.563848 0.690165 0.516611 0.853874 0.654008 0.690165 0.516611 0.605401 0.655678 0.797188 0.857436 0.843532 0.880781 0.85768 0.856745 0.854317 0.87501 0.789046 0.857189 0.866392 0.856717 0.690165 0.516611 0.851724 0.563848 0.85487 0.422353 0.69014 0.516761 0.851725 0.563848 0.846055 0.654741 0.69014 0.516761 0.846055 0.654741 0.602335 0.65481 0.850618 0.545139 0.793226 0.337334 0.85059 0.337329 0.793226 0.337334 0.850618 0.545139 0.77055 0.543408 0.462085 0.943874 0.476336 0.849658 0.475869 0.849658 0.462085 0.943874 0.445817 0.849658 0.444542 0.849658 0.469856 0.849658 0.462085 0.943874 0.468166 0.849658 0.445817 0.849658 0.462085 0.943874 0.448736 0.849715 0.459434 0.849658 0.454633 0.849658 0.462085 0.943874 0.329205 0.920043 0.329258 0.920337 0.344409 0.920118 0.311941 0.920587 0.329258 0.920337 0.329205 0.920043 0.452053 0.849658 0.448736 0.849715 0.462085 0.943874 0.462085 0.943874 0.480279 0.849658 0.481885 0.849658 0.294351 0.920841 0.292648 0.920866 0.292387 0.920869 0.227412 0.921807 0.22512 0.921841 0.2192389 0.921925 0.444542 0.849658 0.447502 0.849658 0.462085 0.943874 0.227412 0.921807 0.2192389 0.921925 0.22804 0.921798 0.462085 0.943874 0.475919 0.849658 0.475921 0.849658 0.462085 0.943874 0.466195 0.849658 0.46484 0.849658 0.462085 0.943874 0.457146 0.849658 0.466852 0.849658 0.462085 0.943874 0.475921 0.849658 0.473657 0.849658 0.462085 0.943874 0.470807 0.849658 0.466195 0.849658 0.979515 0.189894 0.981546 0.175872 0.997672 0.1721259 0.754808 0.005120992 0.795992 0.130935 0.860421 0.139319 0.754808 0.005120992 0.860421 0.139319 0.985946 0.12975 0.381847 0.186475 0.513174 0.19783 0.51512 9.95e-4 0.515112 9.5e-4 0.513173 0.197824 0.381888 0.186446 0.75484 0.005123972 0.985964 0.129721 0.867403 0.1381739 0.75484 0.005123972 0.867403 0.1381739 0.795416 0.131034 0.75484 0.005123972 0.795416 0.131034 0.764614 0.136107 0.462085 0.943874 0.449283 0.849658 0.454286 0.849658 0.457146 0.849658 0.462085 0.943874 0.455808 0.849658 0.51512 9.95e-4 0.513174 0.19783 0.695468 0.19005 0.515112 9.5e-4 0.695466 0.190032 0.513173 0.197824 0.75697 0.322618 0.764584 0.218344 0.791445 0.235756 0.791445 0.235756 0.795183 0.313738 0.75697 0.322618 0.258631 0.953286 0.308545 0.945893 0.258475 0.948144 0.860614 0.139779 0.85753 0.203591 0.791579 0.196581 0.860614 0.139779 0.791579 0.196581 0.794825 0.121528 0.791445 0.235756 0.764584 0.218344 0.855838 0.218979 0.855838 0.218979 0.855854 0.233418 0.791445 0.235756 0.855838 0.218979 0.764584 0.218344 0.791579 0.196581 0.791579 0.196581 0.85753 0.203591 0.855838 0.218979 0.855854 0.233418 0.853242 0.297788 0.795183 0.313738 0.795183 0.313738 0.791445 0.235756 0.855854 0.233418 0.764584 0.218344 0.76317 0.112747 0.794825 0.121528 0.794825 0.121528 0.791579 0.196581 0.764584 0.218344 0.991412 0.119016 0.992127 0.112522 0.99179 0.119032 0.855838 0.218979 0.856736 0.219017 0.855854 0.233418 -2.328241 0.882182 -2.330563 0.853284 -2.326131 0.85329 -0.782761 0.879082 -0.78273 0.855419 -0.782697 0.831024 0.476336 0.849658 0.462085 0.943874 0.481585 0.849658 0.51512 9.95e-4 0.695468 0.19005 0.706663 1.52e-4 0.404739 0.74627 0.404803 0.698212 0.399507 0.688186 -0.872282 0.879265 -0.927855 0.839091 -0.927864 0.839091 0.2389079 0.337028 0.378843 0.33703 0.358267 0.326851 0.695466 0.190032 0.515112 9.5e-4 0.706661 1.33e-4 0.706661 1.33e-4 0.706663 1.52e-4 0.695468 0.19005 0.695468 0.19005 0.695466 0.190032 0.706661 1.33e-4 0.459434 0.849658 0.462085 0.943874 0.46092 0.849658 0.462085 0.943874 0.475869 0.849658 0.475919 0.849658 0.449101 0.849658 0.462085 0.943874 0.447502 0.849658 0.462085 0.943874 0.469856 0.849658 0.477043 0.849658 0.462085 0.943874 0.462948 0.849658 0.46092 0.849658 0.152298 0.992601 0.175413 0.962107 0.19251 0.924768 0.19251 0.924768 0.188391 0.924893 0.152298 0.992601 0.175413 0.962107 0.190452 0.978903 0.2043679 0.924408 0.2043679 0.924408 0.19251 0.924768 0.175413 0.962107 0.222536 0.923857 0.2043679 0.924408 0.190452 0.978903 0.190452 0.978903 0.213006 0.988589 0.222536 0.923857 0.213006 0.988589 0.240445 0.992942 0.244822 0.923181 0.244822 0.923181 0.222536 0.923857 0.213006 0.988589 0.240445 0.992942 0.269477 0.992062 0.268538 0.922462 0.268538 0.922462 0.244822 0.923181 0.240445 0.992942 0.269477 0.992062 0.296601 0.986054 0.290824 0.921786 0.290824 0.921786 0.268538 0.922462 0.269477 0.992062 0.310036 0.983217 0.318527 0.975019 0.308992 0.921235 0.296601 0.986054 0.310036 0.983217 0.308992 0.921235 0.296601 0.986054 0.308992 0.921235 0.290824 0.921786 0.318527 0.975019 0.33252 0.957343 0.32085 0.920876 0.32085 0.920876 0.308992 0.921235 0.318527 0.975019 0.33252 0.957343 0.355488 0.984161 0.324969 0.920751 0.324969 0.920751 0.32085 0.920876 0.33252 0.957343 0.355488 0.984161 0.348531 0.980887 0.32085 0.920876 0.32085 0.920876 0.324969 0.920751 0.355488 0.984161 0.348531 0.980887 0.343542 0.947013 0.308992 0.921235 0.308992 0.921235 0.32085 0.920876 0.348531 0.980887 0.343542 0.947013 0.313397 0.950561 0.290824 0.921786 0.290824 0.921786 0.308992 0.921235 0.343542 0.947013 0.313397 0.950561 0.2765 0.957594 0.268538 0.922462 0.268538 0.922462 0.290824 0.921786 0.313397 0.950561 0.2765 0.957594 0.237044 0.958791 0.244822 0.923181 0.244822 0.923181 0.268538 0.922462 0.2765 0.957594 0.237044 0.958791 0.199788 0.954006 0.222536 0.923857 0.222536 0.923857 0.244822 0.923181 0.237044 0.958791 0.199788 0.954006 0.169483 0.952291 0.2043679 0.924408 0.2043679 0.924408 0.222536 0.923857 0.199788 0.954006 0.169483 0.952291 0.159044 0.988912 0.19251 0.924768 0.19251 0.924768 0.2043679 0.924408 0.169483 0.952291 0.159044 0.988912 0.152298 0.992601 0.188391 0.924893 0.188391 0.924893 0.19251 0.924768 0.159044 0.988912 0.3463 0.919367 0.352243 0.919281 0.3463 0.919367 0.3463 0.919367 0.329186 0.919614 0.302966 0.919993 0.302966 0.919993 0.270802 0.920457 0.2365739 0.920952 0.3463 0.919367 0.302966 0.919993 0.2365739 0.920952 0.2365739 0.920952 0.204411 0.921416 0.178191 0.921795 0.178191 0.921795 0.161077 0.922042 0.155133 0.922128 0.2365739 0.920952 0.178191 0.921795 0.155133 0.922128 0.3463 0.919367 0.2365739 0.920952 0.155133 0.922128 0.155133 0.922128 0.161077 0.922042 0.178191 0.921795 0.178191 0.921795 0.204411 0.921416 0.2365739 0.920952 0.155133 0.922128 0.178191 0.921795 0.2365739 0.920952 0.3463 0.919367 0.155133 0.922128 0.2365739 0.920952 0.2365739 0.920952 0.270802 0.920457 0.302966 0.919993 0.3463 0.919367 0.2365739 0.920952 0.302966 0.919993 0.3463 0.919367 0.3463 0.919367 0.302966 0.919993 0.329186 0.919614 0.3463 0.919367 0.302966 0.919993 0.199788 0.954006 0.237044 0.958791 0.2765 0.957594 0.2765 0.957594 0.313397 0.950561 0.343542 0.947013 0.343542 0.947013 0.348531 0.980887 0.355488 0.984161 0.2765 0.957594 0.343542 0.947013 0.355488 0.984161 0.355488 0.984161 0.33252 0.957343 0.318527 0.975019 0.355488 0.984161 0.318527 0.975019 0.310036 0.983217 0.310036 0.983217 0.296601 0.986054 0.269477 0.992062 0.269477 0.992062 0.240445 0.992942 0.213006 0.988589 0.310036 0.983217 0.269477 0.992062 0.213006 0.988589 0.355488 0.984161 0.310036 0.983217 0.213006 0.988589 0.213006 0.988589 0.190452 0.978903 0.175413 0.962107 0.175413 0.962107 0.152298 0.992601 0.159044 0.988912 0.213006 0.988589 0.175413 0.962107 0.159044 0.988912 0.355488 0.984161 0.213006 0.988589 0.159044 0.988912 0.2765 0.957594 0.355488 0.984161 0.159044 0.988912 0.199788 0.954006 0.2765 0.957594 0.159044 0.988912 0.199788 0.954006 0.159044 0.988912 0.169483 0.952291 0.207568 0.744403 0.216372 0.744276 0.250008 0.684913 0.207568 0.744403 0.250008 0.684913 0.248432 0.684936 0.216372 0.744276 0.2274529 0.744116 0.251991 0.684884 0.216372 0.744276 0.251991 0.684884 0.250008 0.684913 0.313267 0.742657 0.324621 0.742714 0.269377 0.684633 0.313267 0.742657 0.269377 0.684633 0.267346 0.684623 0.207771 0.744401 0.207577 0.744403 0.248434 0.684936 0.207771 0.744401 0.248434 0.684936 0.2484689 0.684935 0.250655 0.743781 0.25801 0.743675 0.257458 0.684805 0.250655 0.743781 0.257458 0.684805 0.256142 0.684824 0.242832 0.743894 0.23772 0.743968 0.253828 0.684858 0.242832 0.743894 0.253828 0.684858 0.254742 0.684845 0.300375 0.743064 0.313267 0.742657 0.267346 0.684623 0.300375 0.743064 0.267346 0.684623 0.265039 0.684696 0.329578 0.742642 0.318068 0.742808 0.268205 0.68465 0.329578 0.742642 0.268205 0.68465 0.270265 0.684621 0.190623 0.744648 0.184376 0.744738 0.244283 0.684996 0.190623 0.744648 0.244283 0.684996 0.2454 0.68498 0.271673 0.743478 0.290341 0.743208 0.263244 0.684722 0.271673 0.743478 0.263244 0.684722 0.259903 0.68477 0.25801 0.743675 0.265894 0.743561 0.258869 0.684785 0.25801 0.743675 0.258869 0.684785 0.257458 0.684805 0.203206 0.744466 0.190623 0.744648 0.2454 0.68498 0.203206 0.744466 0.2454 0.68498 0.2476519 0.684947 0.318068 0.742808 0.311852 0.742898 0.267093 0.684666 0.318068 0.742808 0.267093 0.684666 0.268205 0.68465 0.287239 0.743253 0.285773 0.743274 0.262426 0.684734 0.287239 0.743253 0.262426 0.684734 0.262688 0.68473 0.265894 0.743561 0.271673 0.743478 0.259903 0.68477 0.265894 0.743561 0.259903 0.68477 0.258869 0.684785 0.185544 0.744721 0.205955 0.744427 0.248144 0.68494 0.185544 0.744721 0.248144 0.68494 0.2444919 0.684993 0.245386 0.743857 0.250655 0.743781 0.256142 0.684824 0.245386 0.743857 0.256142 0.684824 0.255199 0.684838 0.462085 0.943874 0.449101 0.849658 0.449283 0.849658 0.468166 0.849658 0.462085 0.943874 0.466852 0.849658 0.462085 0.943874 0.455431 0.849658 0.455808 0.849658 0.462948 0.849658 0.462085 0.943874 0.46484 0.849658 0.454633 0.849658 0.452053 0.849658 0.462085 0.943874 0.481885 0.849658 0.481585 0.849658 0.462085 0.943874 0.462085 0.943874 0.454286 0.849658 0.455431 0.849658 0.480279 0.849658 0.462085 0.943874 0.477043 0.849658 0.462085 0.943874 0.473657 0.849658 0.470807 0.849658 0.184376 0.744738 0.185544 0.744721 0.2444919 0.684993 0.184376 0.744738 0.2444919 0.684993 0.244283 0.684996 0.207577 0.744403 0.207568 0.744403 0.248432 0.684936 0.207577 0.744403 0.248432 0.684936 0.248434 0.684936 0.2274529 0.744116 0.245386 0.743857 0.255199 0.684838 0.2274529 0.744116 0.255199 0.684838 0.251991 0.684884 0.23772 0.743968 0.231148 0.744063 0.252652 0.684875 0.23772 0.743968 0.252652 0.684875 0.253828 0.684858 0.290341 0.743208 0.300375 0.743064 0.265039 0.684696 0.290341 0.743208 0.265039 0.684696 0.263244 0.684722 0.205955 0.744427 0.207771 0.744401 0.2484689 0.684935 0.205955 0.744427 0.2484689 0.684935 0.248144 0.68494 0.231148 0.744063 0.203206 0.744466 0.2476519 0.684947 0.231148 0.744063 0.2476519 0.684947 0.252652 0.684875 0.324621 0.742714 0.329578 0.742642 0.270265 0.684621 0.324621 0.742714 0.270265 0.684621 0.269377 0.684633 0.285773 0.743274 0.280569 0.74335 0.261495 0.684747 0.285773 0.743274 0.261495 0.684747 0.262426 0.684734 0.291691 0.743189 0.287239 0.743253 0.262688 0.68473 0.291691 0.743189 0.262688 0.68473 0.263485 0.684719 0.311142 0.742908 0.291691 0.743189 0.263485 0.684719 0.311142 0.742908 0.263485 0.684719 0.266966 0.684668 0.311852 0.742898 0.311142 0.742908 0.266966 0.684668 0.311852 0.742898 0.266966 0.684668 0.267093 0.684666 0.280569 0.74335 0.242832 0.743894 0.254742 0.684845 0.280569 0.74335 0.254742 0.684845 0.261495 0.684747 -0.927864 0.839091 -0.872299 0.879265 -0.872282 0.879265 0.125084 0.190645 0.19789 0.1994079 0.125084 0.190645 0.196676 0.17537 0.145932 0.170005 0.155855 0.06894999 0.195466 0.07556897 0.196676 0.17537 0.196676 0.17537 0.195466 0.07556897 0.196676 0.17537 0.155855 0.06894999 0.125084 0.190645 0.19789 0.1994079 0.166188 0.167049 0.19789 0.1994079 0.125084 0.190645 0.166188 0.167049 0.195466 0.07556897 0.155855 0.06894999 0.168314 0.1922 0.196676 0.17537 0.195466 0.07556897 0.168314 0.1922 0.19789 0.1994079 0.125084 0.190645 0.166188 0.167049 0.155855 0.06894999 0.145932 0.170005 0.168314 0.1922 0.265789 0.922754 0.273527 0.922642 0.271673 0.743478 0.265789 0.922754 0.271673 0.743478 0.265894 0.743561 0.326381 0.921879 0.300333 0.922255 0.291691 0.743189 0.326381 0.921879 0.291691 0.743189 0.311142 0.742908 0.351069 0.921523 0.335655 0.921746 0.318068 0.742808 0.351069 0.921523 0.318068 0.742808 0.329578 0.742642 0.187956 0.923878 0.1876969 0.923882 0.207577 0.744403 0.187956 0.923878 0.207577 0.744403 0.207771 0.744401 0.238327 0.923151 0.245383 0.923049 0.250655 0.743781 0.238327 0.923151 0.250655 0.743781 0.245386 0.743857 0.311962 0.922088 0.329227 0.921544 0.313267 0.742657 0.311962 0.922088 0.313267 0.742657 0.300375 0.743064 0.329227 0.921544 0.34443 0.921619 0.324621 0.742714 0.329227 0.921544 0.324621 0.742714 0.313267 0.742657 0.185525 0.923913 0.187956 0.923878 0.207771 0.744401 0.185525 0.923913 0.207771 0.744401 0.205955 0.744427 0.292408 0.92237 0.28544 0.922471 0.280569 0.74335 0.292408 0.92237 0.280569 0.74335 0.285773 0.743274 0.219261 0.923426 0.1818439 0.923966 0.203206 0.744466 0.219261 0.923426 0.203206 0.744466 0.231148 0.744063 0.1876839 0.923882 0.199475 0.923712 0.216372 0.744276 0.1876839 0.923882 0.216372 0.744276 0.207568 0.744403 0.273527 0.922642 0.298526 0.922281 0.290341 0.743208 0.273527 0.922642 0.290341 0.743208 0.271673 0.743478 0.34443 0.921619 0.351069 0.921523 0.329578 0.742642 0.34443 0.921619 0.329578 0.742642 0.324621 0.742714 0.335655 0.921746 0.327332 0.921866 0.311852 0.742898 0.335655 0.921746 0.311852 0.742898 0.318068 0.742808 0.327332 0.921866 0.326381 0.921879 0.311142 0.742908 0.327332 0.921866 0.311142 0.742908 0.311852 0.742898 0.245383 0.923049 0.255232 0.922907 0.25801 0.743675 0.245383 0.923049 0.25801 0.743675 0.250655 0.743781 0.156629 0.92433 0.158193 0.924307 0.185544 0.744721 0.156629 0.92433 0.185544 0.744721 0.184376 0.744738 0.199475 0.923712 0.214313 0.923498 0.2274529 0.744116 0.199475 0.923712 0.2274529 0.744116 0.216372 0.744276 0.214313 0.923498 0.238327 0.923151 0.245386 0.743857 0.214313 0.923498 0.245386 0.743857 0.2274529 0.744116 0.1818439 0.923966 0.164994 0.924209 0.190623 0.744648 0.1818439 0.923966 0.190623 0.744648 0.203206 0.744466 0.255232 0.922907 0.265789 0.922754 0.265894 0.743561 0.255232 0.922907 0.265894 0.743561 0.25801 0.743675 0.294372 0.922342 0.292408 0.92237 0.285773 0.743274 0.294372 0.922342 0.285773 0.743274 0.287239 0.743253 0.28544 0.922471 0.234907 0.9232 0.242832 0.743894 0.28544 0.922471 0.242832 0.743894 0.280569 0.74335 0.1876969 0.923882 0.1876839 0.923882 0.207568 0.744403 0.1876969 0.923882 0.207568 0.744403 0.207577 0.744403 0.298526 0.922281 0.311962 0.922088 0.300375 0.743064 0.298526 0.922281 0.300375 0.743064 0.290341 0.743208 0.158193 0.924307 0.185525 0.923913 0.205955 0.744427 0.158193 0.924307 0.205955 0.744427 0.185544 0.744721 0.164994 0.924209 0.156629 0.92433 0.184376 0.744738 0.164994 0.924209 0.184376 0.744738 0.190623 0.744648 0.234907 0.9232 0.228061 0.923299 0.23772 0.743968 0.234907 0.9232 0.23772 0.743968 0.242832 0.743894 0.300333 0.922255 0.294372 0.922342 0.287239 0.743253 0.300333 0.922255 0.287239 0.743253 0.291691 0.743189 0.228061 0.923299 0.219261 0.923426 0.231148 0.744063 0.228061 0.923299 0.231148 0.744063 0.23772 0.743968 0.853242 0.297788 0.988002 0.219261 0.989764 0.274681 0.988002 0.219261 0.853242 0.297788 0.855854 0.233418 0.988002 0.219261 0.855854 0.233418 0.856736 0.219017 0.988119 0.131215 0.988002 0.219261 0.856736 0.219017 0.988119 0.131215 0.856736 0.219017 0.85753 0.203591 0.988119 0.131215 0.85753 0.203591 0.860614 0.139779 0.886338 0.989876 0.836534 0.934041 0.836534 0.934041 0.886338 0.989876 0.836534 0.934041 0.886338 0.989876 0.913255 0.93247 0.901747 0.994174 0.901747 0.994174 0.913255 0.93247 0.901747 0.994174 0.913255 0.93247 0.901747 0.994174 0.854551 0.93528 0.854551 0.93528 0.901747 0.994174 0.854551 0.93528 0.901747 0.994174 0.891199 0.936231 0.886338 0.989876 0.886338 0.989876 0.891199 0.936231 0.886338 0.989876 0.891199 0.936231 0.549952 0.08237797 0.52299 0.04881995 0.553003 0.01261496 0.549952 0.08237797 0.553003 0.01261496 0.556471 0.04717499 0 0 0 0 0 0 0 0 0 0 0 0 0.537625 0.01785099 0.543894 0.04933696 0.54116 0.07993799 0.537625 0.01785099 0.54116 0.07993799 0.512712 0.04812598 0.907251 0.871871 0.913255 0.93247 0.913255 0.93247 0.907251 0.871871 0.913255 0.93247 0.907251 0.871871 0 0 0 0 0 0 0 0 0 0 0 0 0 0 0 0 0 0 0 0 0 0 0 0 0.854551 0.93528 0.907251 0.871871 0.907251 0.871871 0.854551 0.93528 0.907251 0.871871 0.854551 0.93528 0.880277 0.881017 0.891199 0.936231 0.891199 0.936231 0.880277 0.881017 0.891199 0.936231 0.880277 0.881017 0 0 0 0 0 0 0 0 0 0 0 0 0 0 0 0 0 0 0 0 0 0 0 0 0 0 0 0 0 0 0 0 0 0 0 0 0.836534 0.934041 0.880277 0.881017 0.880277 0.881017 0.836534 0.934041 0.880277 0.881017 0.836534 0.934041 0 0 0 0 0 0 0 0 0 0 0 0</float_array>
          <technique_common>
            <accessor source="#nabat_dorkim_002-mesh-map-0-array" count="1824" stride="2">
              <param name="S" type="float"/>
              <param name="T" type="float"/>
            </accessor>
          </technique_common>
        </source>
        <vertices id="nabat_dorkim_002-mesh-vertices">
          <input semantic="POSITION" source="#nabat_dorkim_002-mesh-positions"/>
        </vertices>
        <lines count="1">
          <input semantic="VERTEX" source="#nabat_dorkim_002-mesh-vertices" offset="0"/>
          <p>339 338</p>
        </lines>
        <triangles material="lukhata_000_TGA-material" count="608">
          <input semantic="VERTEX" source="#nabat_dorkim_002-mesh-vertices" offset="0"/>
          <input semantic="NORMAL" source="#nabat_dorkim_002-mesh-normals" offset="1"/>
          <input semantic="TEXCOORD" source="#nabat_dorkim_002-mesh-map-0" offset="2" set="0"/>
          <p>0 0 0 3 0 1 5 0 2 3 1 3 0 1 4 7 1 5 4 2 6 10 2 7 6 2 8 10 3 9 4 3 10 13 3 11 7 4 12 16 4 13 3 4 14 13 5 15 4 5 16 18 5 17 20 6 18 17 6 19 8 6 20 19 7 21 24 7 22 14 7 23 1 8 24 27 8 25 29 8 26 29 9 27 9 9 28 1 9 29 30 10 30 28 10 31 11 10 32 11 11 33 15 11 34 30 11 35 9 12 36 29 12 37 31 12 38 31 13 39 33 13 40 9 13 41 15 14 42 32 14 43 30 14 44 21 15 45 33 15 46 31 15 47 31 16 48 34 16 49 21 16 50 32 17 51 15 17 52 25 17 53 25 18 54 35 18 55 32 18 56 37 19 57 12 19 58 39 19 59 22 20 60 8 20 61 41 20 62 2 21 63 38 21 64 40 21 65 23 22 66 19 22 67 26 22 68 23 23 69 26 23 70 36 23 71 42 24 72 43 24 73 44 24 74 42 25 75 44 25 76 46 25 77 48 26 78 49 26 79 50 26 80 50 27 81 52 27 82 48 27 83 54 28 84 42 28 85 46 28 86 46 29 87 55 29 88 54 29 89 47 30 90 45 30 91 57 30 92 57 31 93 58 31 94 47 31 95 53 32 96 51 32 97 59 32 98 59 33 99 60 33 100 53 33 101 56 34 102 47 34 103 58 34 104 58 35 105 61 35 106 56 35 107 62 36 108 63 36 109 64 36 110 43 37 111 42 37 112 65 37 113 65 38 114 66 38 115 43 38 116 42 39 117 54 39 118 67 39 119 42 40 120 67 40 121 65 40 122 49 41 123 48 41 124 63 41 125 63 42 126 62 42 127 49 42 128 68 43 129 69 43 130 70 43 131 70 44 132 71 44 133 68 44 134 69 45 135 72 45 136 73 45 137 73 46 138 70 46 139 69 46 140 72 47 141 68 47 142 71 47 143 71 48 144 73 48 145 72 48 146 71 49 147 70 49 148 73 49 149 105 50 150 106 50 151 107 50 152 105 51 153 108 51 154 106 51 155 109 52 156 110 52 157 111 52 158 106 53 159 112 53 160 113 53 161 111 54 162 114 54 163 109 54 164 115 55 165 109 55 166 116 55 167 107 56 168 113 56 169 117 56 170 108 57 171 112 57 172 106 57 173 106 58 174 113 58 175 107 58 176 79 59 177 80 59 178 81 59 179 79 60 180 81 60 181 82 60 182 83 61 183 84 61 184 85 61 185 81 62 186 86 62 187 87 62 188 84 63 189 83 63 190 88 63 191 89 64 192 90 64 193 83 64 194 89 65 195 83 65 196 85 65 197 82 66 198 81 66 199 87 66 200 81 67 201 80 67 202 86 67 203 79 68 204 82 68 205 91 68 206 79 69 207 91 69 208 92 69 209 88 70 210 83 70 211 93 70 212 88 71 213 93 71 214 95 71 215 109 72 216 114 72 217 118 72 218 109 73 219 118 73 220 120 73 221 83 74 222 90 74 223 97 74 224 83 75 225 97 75 226 93 75 227 116 76 228 109 76 229 120 76 230 116 77 231 120 77 232 122 77 233 108 78 234 105 78 235 124 78 236 108 79 237 124 79 238 125 79 239 99 80 240 100 80 241 121 80 242 99 81 243 121 81 244 119 81 245 74 82 246 94 82 247 75 82 248 100 83 249 101 83 250 121 83 251 96 84 252 94 84 253 74 84 254 96 85 255 74 85 256 77 85 257 98 86 258 96 86 259 77 86 260 98 87 261 77 87 262 76 87 263 98 88 264 76 88 265 78 88 266 98 89 267 78 89 268 94 89 269 119 90 270 123 90 271 102 90 272 119 91 273 102 91 274 99 91 275 121 92 276 103 92 277 104 92 278 121 93 279 104 93 280 102 93 281 121 94 282 102 94 283 123 94 284 126 95 285 127 95 286 128 95 287 126 96 288 128 96 289 129 96 290 127 97 291 126 97 292 130 97 293 131 98 294 132 98 295 133 98 296 131 99 297 133 99 298 128 99 299 134 100 300 127 100 301 135 100 302 134 101 303 135 101 304 136 101 305 135 102 306 127 102 307 130 102 308 135 103 309 130 103 310 137 103 311 128 104 312 138 104 313 139 104 314 138 105 315 128 105 316 127 105 317 138 106 318 127 106 319 134 106 320 140 107 321 131 107 322 128 107 323 140 108 324 128 108 325 139 108 326 138 109 327 134 109 328 136 109 329 131 110 330 140 110 331 136 110 332 131 111 333 136 111 334 135 111 335 141 112 336 142 112 337 143 112 338 141 113 339 143 113 340 144 113 341 140 114 342 143 114 343 142 114 344 140 115 345 142 115 346 136 115 347 139 116 348 138 116 349 141 116 350 141 117 351 144 117 352 145 117 353 141 118 354 145 118 355 139 118 356 136 119 357 142 119 358 141 119 359 136 120 360 141 120 361 138 120 362 139 121 363 145 121 364 143 121 365 139 122 366 143 122 367 140 122 368 131 123 369 135 123 370 137 123 371 131 124 372 137 124 373 132 124 374 133 125 375 129 125 376 128 125 377 143 126 378 145 126 379 144 126 380 146 127 381 147 127 382 148 127 383 146 128 384 148 128 385 149 128 386 147 129 387 146 129 388 150 129 389 151 130 390 152 130 391 153 130 392 151 131 393 153 131 394 148 131 395 154 132 396 147 132 397 155 132 398 154 133 399 155 133 400 156 133 401 155 134 402 147 134 403 150 134 404 155 135 405 150 135 406 157 135 407 148 136 408 158 136 409 159 136 410 158 137 411 148 137 412 147 137 413 158 138 414 147 138 415 154 138 416 160 139 417 151 139 418 148 139 419 160 140 420 148 140 421 159 140 422 158 141 423 154 141 424 156 141 425 151 142 426 160 142 427 156 142 428 151 143 429 156 143 430 155 143 431 161 144 432 162 144 433 163 144 434 161 145 435 163 145 436 164 145 437 160 146 438 163 146 439 162 146 440 160 147 441 162 147 442 156 147 443 159 148 444 158 148 445 161 148 446 161 149 447 164 149 448 165 149 449 161 150 450 165 150 451 159 150 452 156 151 453 162 151 454 161 151 455 156 152 456 161 152 457 158 152 458 159 153 459 165 153 460 163 153 461 159 154 462 163 154 463 160 154 464 151 155 465 155 155 466 157 155 467 151 156 468 157 156 469 152 156 470 153 157 471 149 157 472 148 157 473 163 158 474 165 158 475 164 158 476 172 159 477 173 159 478 174 159 479 185 160 480 186 160 481 187 160 482 185 161 483 187 161 484 182 161 485 180 162 486 188 162 487 189 162 488 180 163 489 189 163 490 185 163 491 182 164 492 190 164 493 191 164 494 182 165 495 191 165 496 184 165 497 167 166 498 175 166 499 176 166 500 167 167 501 176 167 502 171 167 503 184 168 504 191 168 505 188 168 506 184 169 507 188 169 508 180 169 509 189 170 510 186 170 511 185 170 512 177 171 513 173 171 514 172 171 515 177 172 516 172 172 517 169 172 518 187 173 519 190 173 520 182 173 521 178 174 522 177 174 523 169 174 524 174 175 525 175 175 526 167 175 527 174 176 528 167 176 529 172 176 530 176 177 531 178 177 532 169 177 533 176 178 534 169 178 535 171 178 536 205 179 537 219 179 538 192 179 539 193 180 540 192 180 541 219 180 542 200 181 543 201 181 544 194 181 545 194 182 546 195 182 547 200 182 548 213 183 549 214 183 550 195 183 551 195 184 552 215 184 553 200 184 554 215 185 555 195 185 556 214 185 557 202 186 558 206 186 559 196 186 560 196 187 561 206 187 562 197 187 563 198 188 564 220 188 565 199 188 566 199 189 567 220 189 568 216 189 569 219 190 570 221 190 571 193 190 572 192 191 573 207 191 574 205 191 575 201 192 576 203 192 577 211 192 578 203 193 579 201 193 580 200 193 581 214 194 582 225 194 583 217 194 584 225 195 585 214 195 586 213 195 587 200 196 588 204 196 589 203 196 590 204 197 591 200 197 592 215 197 593 215 198 594 217 198 595 218 198 596 217 199 597 215 199 598 214 199 599 219 200 600 208 200 601 222 200 602 208 201 603 219 201 604 205 201 605 206 202 606 212 202 607 209 202 608 212 203 609 206 203 610 202 203 611 216 204 612 223 204 613 226 204 614 223 205 615 216 205 616 220 205 617 221 206 618 222 206 619 224 206 620 222 207 621 221 207 622 219 207 623 205 208 624 210 208 625 208 208 626 210 209 627 205 209 628 207 209 629 228 210 630 230 210 631 238 210 632 230 211 633 228 211 634 227 211 635 241 212 636 251 212 637 244 212 638 251 213 639 241 213 640 240 213 641 227 214 642 231 214 643 230 214 644 231 215 645 227 215 646 242 215 647 233 216 648 239 216 649 236 216 650 239 217 651 233 217 652 229 217 653 243 218 654 249 218 655 252 218 656 249 219 657 243 219 658 246 219 659 247 220 660 248 220 661 250 220 662 248 221 663 247 221 664 245 221 665 232 222 666 237 222 667 235 222 668 237 223 669 232 223 670 234 223 671 261 224 672 262 224 673 263 224 674 265 225 675 266 225 676 267 225 677 268 226 678 269 226 679 270 226 680 326 227 681 334 227 682 328 227 683 335 228 684 329 228 685 337 228 686 337 229 687 330 229 688 328 229 689 331 230 690 332 230 691 271 230 692 271 231 693 332 231 694 272 231 695 331 232 696 271 232 697 274 232 698 274 233 699 275 233 700 331 233 701 253 234 702 254 234 703 277 234 704 278 235 705 253 235 706 277 235 707 255 236 708 256 236 709 279 236 710 279 237 711 256 237 712 280 237 713 262 238 714 281 238 715 283 238 716 283 239 717 263 239 718 262 239 719 257 240 720 264 240 721 284 240 722 257 241 723 284 241 724 258 241 725 265 242 726 285 242 727 266 242 728 259 243 729 286 243 730 287 243 731 288 244 732 260 244 733 287 244 734 336 245 735 340 245 736 332 245 737 332 246 738 340 246 739 272 246 740 273 247 741 341 247 742 334 247 743 273 248 744 334 248 745 276 248 746 334 249 747 326 249 748 276 249 749 331 250 750 336 250 751 332 250 752 311 251 753 313 251 754 318 251 755 314 252 756 316 252 757 320 252 758 319 253 759 316 253 760 312 253 761 313 254 762 289 254 763 317 254 764 289 255 765 290 255 766 317 255 767 292 256 768 289 256 769 313 256 770 313 257 771 293 257 772 292 257 773 318 258 774 317 258 775 321 258 776 317 259 777 290 259 778 321 259 779 291 260 780 320 260 781 322 260 782 291 261 783 294 261 784 320 261 785 320 262 786 294 262 787 314 262 788 313 263 789 317 263 790 318 263 791 295 264 792 296 264 793 266 264 794 268 265 795 297 265 796 269 265 797 298 266 798 283 266 799 281 266 800 287 267 801 260 267 802 259 267 803 285 268 804 295 268 805 266 268 806 300 269 807 301 269 808 302 269 809 303 270 810 304 270 811 305 270 812 306 271 813 299 271 814 282 271 815 303 272 816 305 272 817 307 272 818 308 273 819 309 273 820 310 273 821 316 274 822 323 274 823 320 274 824 320 275 825 323 275 826 324 275 827 320 276 828 324 276 829 322 276 830 334 277 831 341 277 832 342 277 833 334 278 834 342 278 835 343 278 836 322 279 837 324 279 838 325 279 839 322 280 840 325 280 841 319 280 842 335 281 843 337 281 844 328 281 845 328 282 846 343 282 847 344 282 848 328 283 849 344 283 850 335 283 851 316 284 852 319 284 853 325 284 854 316 285 855 325 285 856 323 285 857 342 286 858 341 286 859 335 286 860 342 287 861 335 287 862 344 287 863 328 288 864 334 288 865 343 288 866 327 289 867 333 289 868 331 289 869 327 290 870 331 290 871 275 290 872 328 291 873 330 291 874 326 291 875 312 292 876 316 292 877 314 292 878 331 293 879 333 293 880 336 293 881 313 294 882 311 294 883 315 294 884 313 295 885 315 295 886 293 295 887 346 296 888 347 296 889 348 296 890 347 297 891 346 297 892 345 297 893 353 298 894 354 298 895 356 298 896 353 299 897 363 299 898 365 299 899 370 300 900 353 300 901 372 300 902 363 301 903 353 301 904 376 301 905 378 302 906 380 302 907 353 302 908 384 303 909 385 303 910 386 303 911 387 304 912 385 304 913 384 304 914 388 305 915 376 305 916 353 305 917 353 306 918 392 306 919 394 306 920 398 307 921 399 307 922 400 307 923 404 308 924 405 308 925 406 308 926 365 309 927 407 309 928 353 309 929 404 310 930 406 310 931 409 310 932 353 311 933 410 311 934 412 311 935 353 312 936 415 312 937 417 312 938 353 313 939 419 313 940 421 313 941 353 314 942 412 314 943 424 314 944 353 315 945 429 315 946 415 315 947 431 316 948 434 316 949 437 316 950 432 317 951 438 317 952 440 317 953 432 318 954 440 318 955 442 318 956 443 319 957 447 319 958 433 319 959 450 320 960 452 320 961 456 320 962 451 321 963 457 321 964 460 321 965 451 322 966 460 322 967 462 322 968 451 323 969 462 323 970 464 323 971 353 324 972 471 324 973 473 324 974 419 325 975 353 325 976 475 325 977 433 326 978 447 326 979 477 326 980 450 327 981 479 327 982 452 327 983 436 328 984 481 328 985 484 328 986 484 329 987 439 329 988 436 329 989 485 330 990 465 330 991 482 330 992 461 331 993 487 331 994 489 331 995 461 332 996 489 332 997 463 332 998 484 333 999 481 333 1000 490 333 1001 490 334 1002 468 334 1003 484 334 1004 490 335 1005 481 335 1006 489 335 1007 489 336 1008 487 336 1009 490 336 1010 468 337 1011 441 337 1012 439 337 1013 439 338 1014 484 338 1015 468 338 1016 481 339 1017 466 339 1018 463 339 1019 463 340 1020 489 340 1021 481 340 1022 491 341 1023 488 341 1024 470 341 1025 490 342 1026 469 342 1027 468 342 1028 435 343 1029 486 343 1030 483 343 1031 445 344 1032 467 344 1033 458 344 1034 354 345 1035 353 345 1036 492 345 1037 433 346 1038 477 346 1039 495 346 1040 446 347 1041 459 347 1042 454 347 1043 453 348 1044 480 348 1045 478 348 1046 455 349 1047 449 349 1048 444 349 1049 479 350 1050 450 350 1051 496 350 1052 496 351 1053 495 351 1054 477 351 1055 477 352 1056 479 352 1057 496 352 1058 378 353 1059 353 353 1060 497 353 1061 353 354 1062 356 354 1063 410 354 1064 499 355 1065 353 355 1066 407 355 1067 353 356 1068 370 356 1069 501 356 1070 353 357 1071 503 357 1072 497 357 1073 505 358 1074 507 358 1075 509 358 1076 509 359 1077 511 359 1078 505 359 1079 507 360 1080 513 360 1081 515 360 1082 515 361 1083 509 361 1084 507 361 1085 518 362 1086 515 362 1087 513 362 1088 513 363 1089 520 363 1090 518 363 1091 520 364 1092 522 364 1093 524 364 1094 524 365 1095 518 365 1096 520 365 1097 522 366 1098 527 366 1099 529 366 1100 529 367 1101 524 367 1102 522 367 1103 527 368 1104 531 368 1105 533 368 1106 533 369 1107 529 369 1108 527 369 1109 535 370 1110 537 370 1111 539 370 1112 531 371 1113 535 371 1114 539 371 1115 531 372 1116 539 372 1117 533 372 1118 537 373 1119 541 373 1120 543 373 1121 543 374 1122 539 374 1123 537 374 1124 541 375 1125 545 375 1126 547 375 1127 547 376 1128 543 376 1129 541 376 1130 545 377 1131 549 377 1132 551 377 1133 551 378 1134 547 378 1135 545 378 1136 549 379 1137 554 379 1138 556 379 1139 556 380 1140 551 380 1141 549 380 1142 554 381 1143 558 381 1144 560 381 1145 560 382 1146 556 382 1147 554 382 1148 558 383 1149 562 383 1150 565 383 1151 565 384 1152 560 384 1153 558 384 1154 562 385 1155 567 385 1156 569 385 1157 569 386 1158 565 386 1159 562 386 1160 567 387 1161 572 387 1162 575 387 1163 575 388 1164 569 388 1165 567 388 1166 572 389 1167 577 389 1168 579 389 1169 579 390 1170 575 390 1171 572 390 1172 577 391 1173 582 391 1174 584 391 1175 584 392 1176 579 392 1177 577 392 1178 582 393 1179 505 393 1180 511 393 1181 511 394 1182 584 394 1183 582 394 1184 544 395 1185 548 395 1186 552 395 1187 552 396 1188 557 396 1189 561 396 1190 561 397 1191 566 397 1192 570 397 1193 552 398 1194 561 398 1195 570 398 1196 570 399 1197 576 399 1198 580 399 1199 581 395 1200 585 395 1201 512 395 1202 571 400 1203 581 400 1204 512 400 1205 553 401 1206 571 401 1207 512 401 1208 512 395 1209 510 395 1210 516 395 1211 517 402 1212 519 402 1213 525 402 1214 512 403 1215 516 403 1216 526 403 1217 553 404 1218 512 404 1219 526 404 1220 525 405 1221 530 405 1222 534 405 1223 552 406 1224 525 406 1225 534 406 1226 544 395 1227 552 395 1228 534 395 1229 540 407 1230 544 407 1231 534 407 1232 574 408 1233 568 408 1234 564 408 1235 563 409 1236 559 409 1237 555 409 1238 555 410 1239 550 410 1240 546 410 1241 563 411 1242 555 411 1243 546 411 1244 546 412 1245 542 412 1246 538 412 1247 546 413 1248 538 413 1249 536 413 1250 536 414 1251 532 414 1252 528 414 1253 528 415 1254 523 415 1255 521 415 1256 536 416 1257 528 416 1258 521 416 1259 546 417 1260 536 417 1261 521 417 1262 521 418 1263 514 418 1264 508 418 1265 508 419 1266 506 419 1267 583 419 1268 521 420 1269 508 420 1270 583 420 1271 546 421 1272 521 421 1273 583 421 1274 563 422 1275 546 422 1276 583 422 1277 573 423 1278 563 423 1279 583 423 1280 573 424 1281 583 424 1282 578 424 1283 402 425 1284 401 425 1285 425 425 1286 402 426 1287 425 426 1288 413 426 1289 401 427 1290 586 427 1291 430 427 1292 401 428 1293 430 428 1294 425 428 1295 374 429 1296 382 429 1297 364 429 1298 374 430 1299 364 430 1300 377 430 1301 362 431 1302 361 431 1303 411 431 1304 362 432 1305 411 432 1306 357 432 1307 368 433 1308 423 433 1309 504 433 1310 368 434 1311 504 434 1312 418 434 1313 587 435 1314 588 435 1315 373 435 1316 587 436 1317 373 436 1318 422 436 1319 375 437 1320 374 437 1321 377 437 1322 375 438 1323 377 438 1324 389 438 1325 359 439 1326 358 439 1327 408 439 1328 359 440 1329 408 440 1330 366 440 1331 589 441 1332 428 441 1333 395 441 1334 589 442 1335 395 442 1336 393 442 1337 349 443 1338 403 443 1339 381 443 1340 349 444 1341 381 444 1342 379 444 1343 423 445 1344 350 445 1345 498 445 1346 423 446 1347 498 446 1348 504 446 1349 396 447 1350 589 447 1351 393 447 1352 396 448 1353 393 448 1354 502 448 1355 358 449 1356 414 449 1357 500 449 1358 358 450 1359 500 450 1360 408 450 1361 590 451 1362 391 451 1363 476 451 1364 590 452 1365 476 452 1366 591 452 1367 350 453 1368 349 453 1369 379 453 1370 350 454 1371 379 454 1372 498 454 1373 427 455 1374 383 455 1375 355 455 1376 427 456 1377 355 456 1378 493 456 1379 369 457 1380 368 457 1381 418 457 1382 369 458 1383 418 458 1384 416 458 1385 353 459 1386 499 459 1387 471 459 1388 372 460 1389 353 460 1390 421 460 1391 353 461 1392 592 461 1393 475 461 1394 503 462 1395 353 462 1396 417 462 1397 380 463 1398 388 463 1399 353 463 1400 394 464 1401 492 464 1402 353 464 1403 353 465 1404 473 465 1405 592 465 1406 392 466 1407 353 466 1408 501 466 1409 353 467 1410 424 467 1411 429 467 1412 428 468 1413 426 468 1414 494 468 1415 428 469 1416 494 469 1417 395 469 1418 361 470 1419 402 470 1420 413 470 1421 361 471 1422 413 471 1423 411 471 1424 586 472 1425 369 472 1426 416 472 1427 586 473 1428 416 473 1429 430 473 1430 588 474 1431 397 474 1432 371 474 1433 588 475 1434 371 475 1435 373 475 1436 403 476 1437 375 476 1438 389 476 1439 403 477 1440 389 477 1441 381 477 1442 383 478 1443 362 478 1444 357 478 1445 383 479 1446 357 479 1447 355 479 1448 397 480 1449 396 480 1450 502 480 1451 397 481 1452 502 481 1453 371 481 1454 382 482 1455 360 482 1456 367 482 1457 382 483 1458 367 483 1459 364 483 1460 391 484 1461 390 484 1462 420 484 1463 391 485 1464 420 485 1465 476 485 1466 351 486 1467 590 486 1468 591 486 1469 351 487 1470 591 487 1471 474 487 1472 352 488 1473 351 488 1474 474 488 1475 352 489 1476 474 489 1477 472 489 1478 414 490 1479 352 490 1480 472 490 1481 414 491 1482 472 491 1483 500 491 1484 390 492 1485 587 492 1486 422 492 1487 390 493 1488 422 493 1489 420 493 1490 478 494 1491 448 494 1492 453 494 1493 597 395 1494 599 395 1495 600 395 1496 601 495 1497 593 495 1498 595 495 1499 596 395 1500 598 395 1501 601 395 1502 596 496 1503 601 496 1504 595 496 1505 600 497 1506 599 497 1507 602 497 1508 594 498 1509 600 498 1510 602 498 1511 596 499 1512 595 499 1513 603 499 1514 598 500 1515 596 500 1516 603 500 1517 599 498 1518 597 498 1519 602 498 1520 595 501 1521 593 501 1522 603 501 1523 604 502 1524 605 502 1525 606 502 1526 604 503 1527 606 503 1528 607 503 1529 608 504 1530 609 504 1531 610 504 1532 608 505 1533 610 505 1534 611 505 1535 612 506 1536 614 506 1537 615 506 1538 612 507 1539 615 507 1540 616 507 1541 618 508 1542 619 508 1543 620 508 1544 618 509 1545 620 509 1546 621 509 1547 622 510 1548 623 510 1549 624 510 1550 622 511 1551 624 511 1552 625 511 1553 626 512 1554 627 512 1555 628 512 1556 626 513 1557 628 513 1558 629 513 1559 627 514 1560 630 514 1561 631 514 1562 627 515 1563 631 515 1564 628 515 1565 632 516 1566 618 516 1567 621 516 1568 632 517 1569 621 517 1570 633 517 1571 634 518 1572 635 518 1573 636 518 1574 634 519 1575 636 519 1576 637 519 1577 638 520 1578 639 520 1579 640 520 1580 638 521 1581 640 521 1582 641 521 1583 642 522 1584 643 522 1585 644 522 1586 642 523 1587 644 523 1588 645 523 1589 605 524 1590 646 524 1591 647 524 1592 605 525 1593 647 525 1594 606 525 1595 630 526 1596 613 526 1597 617 526 1598 630 527 1599 617 527 1600 631 527 1601 614 528 1602 648 528 1603 649 528 1604 614 529 1605 649 529 1606 615 529 1607 648 530 1608 608 530 1609 611 530 1610 648 531 1611 611 531 1612 649 531 1613 623 532 1614 650 532 1615 651 532 1616 623 533 1617 651 533 1618 624 533 1619 652 534 1620 653 534 1621 655 534 1622 652 535 1623 655 535 1624 657 535 1625 643 536 1626 663 536 1627 658 536 1628 643 537 1629 658 537 1630 644 537 1631 663 538 1632 622 538 1633 625 538 1634 663 539 1635 625 539 1636 658 539 1637 639 540 1638 664 540 1639 661 540 1640 639 541 1641 661 541 1642 640 541 1643 650 542 1644 604 542 1645 607 542 1646 650 543 1647 607 543 1648 651 543 1649 665 544 1650 634 544 1651 637 544 1652 665 545 1653 637 545 1654 662 545 1655 635 546 1656 666 546 1657 659 546 1658 635 547 1659 659 547 1660 636 547 1661 619 548 1662 642 548 1663 645 548 1664 619 549 1665 645 549 1666 620 549 1667 646 550 1668 626 550 1669 629 550 1670 646 551 1671 629 551 1672 647 551 1673 654 552 1674 632 552 1675 633 552 1676 654 553 1677 633 553 1678 656 553 1679 664 554 1680 652 554 1681 657 554 1682 664 555 1683 657 555 1684 661 555 1685 666 556 1686 667 556 1687 660 556 1688 666 557 1689 660 557 1690 659 557 1691 609 558 1692 665 558 1693 662 558 1694 609 559 1695 662 559 1696 610 559 1697 667 560 1698 638 560 1699 641 560 1700 667 561 1701 641 561 1702 660 561 1703 668 562 1704 672 562 1705 669 562 1706 672 563 1707 668 563 1708 673 563 1709 672 564 1710 673 564 1711 674 564 1712 670 565 1713 672 565 1714 674 565 1715 670 566 1716 674 566 1717 675 566 1718 670 567 1719 675 567 1720 671 567 1721 180 568 1722 185 568 1723 680 568 1724 180 569 1725 680 569 1726 688 569 1727 171 570 1728 169 570 1729 682 570 1730 171 571 1731 682 571 1732 684 571 1733 169 572 1734 172 572 1735 686 572 1736 169 573 1737 686 573 1738 682 573 1739 184 574 1740 180 574 1741 688 574 1742 184 575 1743 688 575 1744 690 575 1745 683 576 1746 687 576 1747 695 576 1748 683 577 1749 695 577 1750 685 577 1751 694 578 1752 693 578 1753 697 578 1754 677 579 1755 676 579 1756 692 579 1757 678 580 1758 691 580 1759 689 580 1760 678 581 1761 689 581 1762 681 581 1763 167 582 1764 171 582 1765 684 582 1766 167 583 1767 684 583 1768 696 583 1769 179 584 1770 183 584 1771 677 584 1772 179 585 1773 677 585 1774 692 585 1775 170 570 1776 168 570 1777 693 570 1778 170 571 1779 693 571 1780 694 571 1781 172 586 1782 167 586 1783 696 586 1784 172 587 1785 696 587 1786 686 587 1787 182 588 1788 184 588 1789 690 588 1790 182 589 1791 690 589 1792 679 589 1793 166 582 1794 170 582 1795 694 582 1796 166 583 1797 694 583 1798 697 583 1799 183 590 1800 181 590 1801 676 590 1802 183 591 1803 676 591 1804 677 591 1805 168 592 1806 166 592 1807 697 592 1808 168 593 1809 697 593 1810 693 593 1811 185 594 1812 182 594 1813 679 594 1814 185 595 1815 679 595 1816 680 595 1817 181 596 1818 179 596 1819 692 596 1820 181 597 1821 692 597 1822 676 597 1823</p>
        </triangles>
      </mesh>
    </geometry>
  </library_geometries>
  <library_controllers>
    <controller id="swordsman2_muslim_Skin_nabat_dorkim-skin" name="swordsman2_muslim_Skin">
      <skin source="#nabat_dorkim_002-mesh">
        <bind_shape_matrix>0.1 0 0 0 0 0.1 0 0 0 0 0.1 0 0 0 0 1</bind_shape_matrix>
        <source id="swordsman2_muslim_Skin_nabat_dorkim-skin-joints">
          <Name_array id="swordsman2_muslim_Skin_nabat_dorkim-skin-joints-array" count="16">pelvis femurleft butt-l knee-l-top knee-l-bopttom femurright butt-r knee-r-top knee-r-bopttom rib scapula ulna scapula01 ulna01 smoke_node_1 neck</Name_array>
          <technique_common>
            <accessor source="#swordsman2_muslim_Skin_nabat_dorkim-skin-joints-array" count="16" stride="1">
              <param name="JOINT" type="name"/>
            </accessor>
          </technique_common>
        </source>
        <source id="swordsman2_muslim_Skin_nabat_dorkim-skin-bind_poses">
          <float_array id="swordsman2_muslim_Skin_nabat_dorkim-skin-bind_poses-array" count="256">1 0 0 -2.88205e-4 0 0 1 -1.989969 0 -1 0 0.05965083 0 0 0 1 1 0 0 -0.2295659 0 0 1 -1.980151 0 -1 0 0 0 0 0 1 1 0 0 -0.2300334 0 -5.28991e-7 1 -1.881625 0 -1 -5.43892e-7 0.2278663 0 0 0 1 1 0 0 -0.2579528 0 0 1 -1.492427 0 -1 0 -0.3577119 0 0 0 1 1 0 0 -0.2616621 0 -2.30968e-7 1 -1.243225 0 -1 -2.45869e-7 0.03760051 0 0 0 1 1 0 0 0.2313526 0 0 1 -1.980151 0 -1 0 0 0 0 0 1 1 0 0 0.2346149 0 -6.78003e-7 1 -1.884255 0 -1 -6.92904e-7 0.2262768 0 0 0 1 1 0 0 0.1784679 0 -6.78003e-7 1 -1.491813 0 -1 -6.85453e-7 -0.3589497 0 0 0 1 1 0 0 0.2454932 0 0 1 -1.243115 0 -1 0 0.03760027 0 0 0 1 1 0 0 0.007960081 0 0 1 -2.884791 0 -1 0 -1.77087e-7 0 0 0 1 0.2486678 -1.40626e-7 0.9685888 -3.133491 -0.9685888 0 0.2486678 -0.3808227 0 -1 -1.57914e-7 1.98934e-7 0 0 0 1 0.2486678 -1.40626e-7 0.9685888 -3.257229 -0.9685888 0 0.248668 0.218533 0 -1 -1.57914e-7 2.10848e-7 0 0 0 1 0.263743 0 -0.9645931 3.137956 0.964593 0 0.2637429 -0.3901985 0 -1 0 -5.96835e-7 0 0 0 1 0.2637434 0 -0.9645929 3.249958 0.9645929 -1.41678e-7 0.2637429 0.2091577 -1.62191e-7 -1 0 -6.18188e-7 0 0 0 1 0.2635647 4.03845e-7 -0.9646416 3.361437 -0.006499588 -0.9999772 -0.001776278 -0.05466562 -0.9646197 0.006737828 -0.2635587 -0.9229797 0 0 0 1 1 0 0 0.02165722 0 0 1 -3.354291 0 -1 -1.19697e-7 1.60604e-7 0 0 0 1</float_array>
          <technique_common>
            <accessor source="#swordsman2_muslim_Skin_nabat_dorkim-skin-bind_poses-array" count="16" stride="16">
              <param name="TRANSFORM" type="float4x4"/>
            </accessor>
          </technique_common>
        </source>
        <source id="swordsman2_muslim_Skin_nabat_dorkim-skin-weights">
          <float_array id="swordsman2_muslim_Skin_nabat_dorkim-skin-weights-array" count="695">1 1 1 1 1 1 1 1 1 1 1 1 1 1 1 1 1 1 1 1 1 1 1 1 1 1 1 1 1 1 1 1 1 1 1 1 1 1 1 1 1 1 1 1 1 1 1 1 1 1 1 1 1 1 1 1 1 1 1 1 1 1 1 1 1 1 1 1 1 1 1 1 1 1 1 1 1 1 1 1 1 1 1 1 1 1 1 1 1 1 1 1 1 1 1 1 1 1 1 1 1 1 1 1 1 1 1 1 1 1 1 1 1 1 1 1 1 1 1 1 1 1 1 1 1 1 1 1 1 1 1 1 1 1 1 1 1 1 1 1 1 1 1 1 1 1 1 1 1 1 1 1 1 1 1 1 1 1 1 1 1 1 1 1 1 1 1 1 1 1 1 1 1 1 1 1 1 1 1 1 1 1 1 1 1 1 1 1 1 1 1 1 1 1 1 1 1 1 1 1 1 1 1 1 1 1 1 1 1 1 1 1 1 1 1 1 1 1 1 1 1 1 1 1 1 1 1 1 1 1 1 1 1 1 1 1 1 1 1 1 1 1 1 1 1 1 1 1 1 1 1 1 1 1 1 1 1 1 1 1 1 1 1 1 1 1 1 1 1 1 1 1 1 1 1 1 1 1 1 1 1 1 1 1 1 1 1 1 1 1 1 1 1 1 1 1 1 1 1 1 1 1 1 1 1 1 1 1 1 1 1 1 1 1 1 1 1 1 1 1 1 1 1 1 1 1 1 1 1 1 1 1 1 1 1 1 1 1 1 1 1 1 1 1 1 1 1 1 1 1 1 1 1 1 1 1 1 1 1 1 1 1 1 1 1 1 1 1 1 1 1 1 1 1 1 1 1 1 1 1 1 1 1 1 1 1 1 1 1 1 1 1 1 1 1 1 1 1 1 1 1 1 1 1 1 1 1 1 1 1 1 1 1 1 1 1 1 1 1 1 1 1 1 1 1 1 1 1 1 1 1 1 1 1 1 1 1 1 1 1 1 1 1 1 1 1 1 1 1 1 1 1 1 1 1 1 1 1 1 1 1 1 1 1 1 1 1 1 1 1 1 1 1 1 1 1 1 1 1 1 1 1 1 1 1 1 1 1 1 1 1 1 1 1 1 1 1 1 1 1 1 1 1 1 1 1 1 1 1 1 1 1 1 1 1 1 1 1 1 1 1 1 1 1 1 1 1 1 1 1 1 1 1 1 1 1 1 1 1 1 1 1 1 1 1 1 1 1 1 1 1 1 1 1 1 1 1 1 1 1 1 1 1 1 1 1 1 1 1 1 1 1 1 1 1 1 1 1 1 1 1 1 1 1 1 1 1 1 1 1 1 1 1 1 1 1 1 1 1 1 1 1 1 1 1 1 1 1 1 1 1 1 1 1 1 1 1 1 1 1 1 1 1 1 1 1 1 1 1 1 1 1 1 1 1 1 1 1 1 1 1 1 1 1 1 1 1 1 1 1 1 1 1 1 1 1 1 1 1 1 1 1 1 1 1 1 1 1 1 1 1 1 1 1 1 1 1 1 1 1 1 1 1 1 1 1 1 1 1 1 1 1 1 1 1</float_array>
          <technique_common>
            <accessor source="#swordsman2_muslim_Skin_nabat_dorkim-skin-weights-array" count="695" stride="1">
              <param name="WEIGHT" type="float"/>
            </accessor>
          </technique_common>
        </source>
        <joints>
          <input semantic="JOINT" source="#swordsman2_muslim_Skin_nabat_dorkim-skin-joints"/>
          <input semantic="INV_BIND_MATRIX" source="#swordsman2_muslim_Skin_nabat_dorkim-skin-bind_poses"/>
        </joints>
        <vertex_weights count="698">
          <input semantic="JOINT" source="#swordsman2_muslim_Skin_nabat_dorkim-skin-joints" offset="0"/>
          <input semantic="WEIGHT" source="#swordsman2_muslim_Skin_nabat_dorkim-skin-weights" offset="1"/>
          <vcount>1 1 1 1 1 1 1 1 1 1 1 1 1 1 1 1 1 1 1 1 1 1 1 1 1 1 1 1 1 1 1 1 1 1 1 1 1 1 1 1 1 1 1 1 1 1 1 1 1 1 1 1 1 1 1 1 1 1 1 1 1 1 1 1 1 1 1 1 1 1 1 1 1 1 1 1 1 1 1 1 1 1 1 1 1 1 1 1 1 1 1 1 1 1 1 1 1 1 1 1 1 1 1 1 1 1 1 1 1 1 1 1 1 1 1 1 1 1 1 1 1 1 1 1 1 1 1 1 1 1 1 1 1 1 1 1 1 1 1 1 1 1 1 1 1 1 1 1 1 1 1 1 1 1 1 1 1 1 1 1 1 1 1 1 1 1 1 1 1 1 1 1 1 1 1 1 1 1 1 1 1 1 1 1 1 1 1 1 1 1 1 1 1 1 1 1 1 1 1 1 1 1 1 1 1 1 1 1 1 1 1 1 1 1 1 1 1 1 1 1 1 1 1 1 1 1 1 1 1 1 1 1 1 1 1 1 1 1 1 1 1 1 1 1 1 1 1 1 1 1 1 1 1 1 1 1 1 1 1 1 1 1 1 1 1 1 1 1 1 1 1 1 1 1 1 1 1 1 1 1 1 1 1 1 1 1 1 1 1 1 1 1 1 1 1 1 1 1 1 1 1 1 1 1 1 1 1 1 1 1 1 1 1 1 1 1 1 1 1 1 1 1 1 1 1 1 1 1 1 0 1 1 1 1 1 1 1 1 0 0 1 1 1 1 1 1 1 1 1 1 1 1 1 1 1 1 1 1 1 1 1 1 1 1 1 1 1 1 1 1 1 1 1 1 1 1 1 1 1 1 1 1 1 1 1 1 1 1 1 1 1 1 1 1 1 1 1 1 1 1 1 1 1 1 1 1 1 1 1 1 1 1 1 1 1 1 1 1 1 1 1 1 1 1 1 1 1 1 1 1 1 1 1 1 1 1 1 1 1 1 1 1 1 1 1 1 1 1 1 1 1 1 1 1 1 1 1 1 1 1 1 1 1 1 1 1 1 1 1 1 1 1 1 1 1 1 1 1 1 1 1 1 1 1 1 1 1 1 1 1 1 1 1 1 1 1 1 1 1 1 1 1 1 1 1 1 1 1 1 1 1 1 1 1 1 1 1 1 1 1 1 1 1 1 1 1 1 1 1 1 1 1 1 1 1 1 1 1 1 1 1 1 1 1 1 1 1 1 1 1 1 1 1 1 1 1 1 1 1 1 1 1 1 1 1 1 1 1 1 1 1 1 1 1 1 1 1 1 1 1 1 1 1 1 1 1 1 1 1 1 1 1 1 1 1 1 1 1 1 1 1 1 1 1 1 1 1 1 1 1 1 1 1 1 1 1 1 1 1 1 1 1 1 1 1 1 1 1 1 1 1 1 1 1 1 1 1 1 1 1 1 1 1 1 1 1 1 1 1 1 1 1 1 1 1 1 1 1 1 1 1 1 1 1 1 1 1 1 1 1 1 1 1 1 1 1 1 1 1 1 1 1 1 1 1 1 1 1 1 1 1 1 1 1 1 1 1 1 </vcount>
          <v>11 0 11 1 11 2 11 3 11 4 11 5 11 6 11 7 11 8 11 9 11 10 11 11 11 12 11 13 11 14 11 15 11 16 11 17 11 18 11 19 11 20 11 21 11 22 11 23 11 24 11 25 11 26 11 27 11 28 11 29 11 30 11 31 11 32 11 33 11 34 11 35 11 36 11 37 11 38 11 39 11 40 11 41 14 42 14 43 14 44 14 45 14 46 14 47 14 48 14 49 14 50 14 51 14 52 14 53 14 54 14 55 14 56 14 57 14 58 14 59 14 60 14 61 14 62 14 63 14 64 14 65 14 66 14 67 14 68 14 69 14 70 14 71 14 72 14 73 11 74 11 75 11 76 11 77 11 78 11 79 11 80 11 81 11 82 11 83 11 84 11 85 11 86 11 87 11 88 11 89 11 90 11 91 11 92 11 93 11 94 11 95 11 96 11 97 11 98 13 99 13 100 13 101 13 102 13 103 13 104 13 105 13 106 13 107 13 108 13 109 13 110 13 111 13 112 13 113 13 114 13 115 13 116 13 117 13 118 13 119 13 120 13 121 13 122 13 123 13 124 13 125 4 126 4 127 4 128 4 129 4 130 4 131 4 132 4 133 4 134 4 135 4 136 4 137 4 138 4 139 4 140 4 141 4 142 4 143 4 144 4 145 8 146 8 147 8 148 8 149 8 150 8 151 8 152 8 153 8 154 8 155 8 156 8 157 8 158 8 159 8 160 8 161 8 162 8 163 8 164 8 165 4 166 4 167 4 168 4 169 4 170 4 171 4 172 4 173 4 174 4 175 4 176 4 177 4 178 5 179 5 180 5 181 5 182 8 183 8 184 8 185 8 186 8 187 8 188 8 189 8 190 8 191 0 192 0 193 0 194 0 195 0 196 0 197 0 198 0 199 1 200 1 201 1 202 3 203 1 204 2 205 2 206 2 207 2 208 2 209 2 210 3 211 3 212 5 213 5 214 5 215 5 216 7 217 5 218 6 219 6 220 6 221 6 222 6 223 6 224 7 225 7 226 3 227 3 228 3 229 3 230 3 231 2 232 2 233 2 234 2 235 2 236 2 237 3 238 3 239 7 240 7 241 3 242 7 243 7 244 6 245 6 246 6 247 6 248 6 249 6 250 7 251 7 252 0 253 0 254 0 255 0 256 0 257 0 258 0 259 0 260 12 261 9 262 9 263 9 264 9 265 9 266 12 267 9 268 9 269 12 270 12 271 9 272 9 273 12 274 9 275 9 276 9 277 9 278 9 279 9 280 9 281 9 282 9 283 9 284 9 285 9 286 9 287 9 288 10 289 9 290 9 291 10 292 9 293 9 294 9 295 10 296 10 297 10 298 10 299 9 300 12 301 9 302 9 303 9 304 9 305 10 306 10 307 12 308 12 309 9 310 10 311 10 312 10 313 10 314 10 315 10 316 10 317 10 318 10 319 10 320 10 321 10 322 11 323 11 324 11 325 12 326 12 327 12 328 12 329 12 330 12 331 12 332 12 333 12 334 12 335 12 336 12 337 12 338 13 339 13 340 13 341 7 342 7 343 7 344 7 345 15 346 15 347 15 348 15 349 15 350 15 351 15 352 15 353 15 354 15 355 15 356 15 357 15 358 15 359 15 360 15 361 15 362 15 363 15 364 15 365 15 366 15 367 15 368 15 369 15 370 15 371 15 372 15 373 15 374 15 375 15 376 15 377 15 378 15 379 15 380 15 381 15 382 15 383 15 384 15 385 15 386 15 387 15 388 15 389 15 390 15 391 15 392 15 393 15 394 15 395 15 396 15 397 15 398 15 399 15 400 15 401 15 402 15 403 15 404 15 405 15 406 15 407 15 408 15 409 15 410 15 411 15 412 15 413 15 414 15 415 15 416 15 417 15 418 15 419 15 420 15 421 15 422 15 423 15 424 15 425 15 426 15 427 15 428 15 429 15 430 15 431 15 432 15 433 15 434 15 435 15 436 15 437 15 438 15 439 15 440 15 441 15 442 15 443 15 444 15 445 15 446 15 447 15 448 15 449 15 450 15 451 15 452 15 453 15 454 15 455 15 456 15 457 15 458 15 459 15 460 15 461 15 462 15 463 15 464 15 465 15 466 15 467 15 468 15 469 15 470 15 471 15 472 15 473 9 474 9 475 9 476 9 477 15 478 15 479 15 480 15 481 15 482 15 483 15 484 15 485 15 486 15 487 15 488 15 489 15 490 15 491 15 492 15 493 15 494 15 495 15 496 15 497 15 498 15 499 15 500 15 501 15 502 15 503 15 504 15 505 15 506 15 507 15 508 15 509 15 510 15 511 15 512 15 513 15 514 15 515 15 516 15 517 15 518 15 519 15 520 15 521 15 522 15 523 15 524 15 525 15 526 15 527 15 528 15 529 15 530 15 531 15 532 15 533 15 534 15 535 15 536 15 537 15 538 15 539 15 540 15 541 15 542 15 543 15 544 15 545 15 546 15 547 15 548 15 549 15 550 15 551 15 552 15 553 15 554 15 555 15 556 15 557 15 558 15 559 15 560 15 561 15 562 15 563 15 564 15 565 15 566 15 567 15 568 15 569 15 570 15 571 15 572 15 573 15 574 15 575 15 576 15 577 15 578 15 579 15 580 15 581 15 582 15 583 15 584 15 585 15 586 15 587 15 588 15 589 15 590 15 591 15 592 15 593 15 594 15 595 15 596 15 597 15 598 15 599 15 600 15 601 15 602 15 603 15 604 15 605 15 606 15 607 15 608 15 609 15 610 15 611 15 612 15 613 15 614 15 615 15 616 15 617 15 618 15 619 15 620 15 621 15 622 15 623 15 624 15 625 15 626 15 627 15 628 15 629 15 630 15 631 15 632 15 633 15 634 15 635 15 636 15 637 15 638 15 639 15 640 15 641 15 642 15 643 15 644 15 645 15 646 15 647 15 648 15 649 15 650 15 651 15 652 15 653 15 654 15 655 15 656 15 657 15 658 15 659 15 660 15 661 15 662 15 663 15 664 15 665 15 666 15 667 15 668 15 669 15 670 15 671 15 672 5 673 5 674 5 675 5 676 5 677 5 678 1 679 1 680 1 681 1 682 1 683 1 684 5 685 5 686 5 687 5 688 5 689 1 690 1 691 1 692 1 693 1 694</v>
        </vertex_weights>
      </skin>
    </controller>
  </library_controllers>
  <library_visual_scenes>
    <visual_scene id="Scene" name="Scene">
      <node id="Camera" name="Camera" type="NODE">
        <matrix sid="transform">0.6859207 -0.3240135 0.6515582 7.481132 0.7276763 0.3054208 -0.6141704 -6.50764 0 0.8953956 0.4452714 5.343665 0 0 0 1</matrix>
        <instance_camera url="#Camera-camera"/>
      </node>
      <node id="Lamp" name="Lamp" type="NODE">
        <matrix sid="transform">-0.2908646 -0.7711008 0.5663932 4.076245 0.9551712 -0.1998834 0.2183912 1.005454 -0.05518906 0.6045247 0.7946723 5.903862 0 0 0 1</matrix>
        <instance_light url="#Lamp-light"/>
      </node>
      <node id="swordsman2_muslim_Skin" name="swordsman2_muslim_Skin" type="NODE">
        <matrix sid="transform">1 0 0 0 0 1 0 0 0 0 1 0 0 0 0 1</matrix>
        <node id="swordsman2_muslim_Skin_root" name="root" sid="root" type="JOINT">
          <matrix sid="transform">1 0 3.38755e-8 0 3.38755e-8 -1.34359e-7 -1 -1.01207e-7 4.50959e-15 1 -1.19209e-7 2.154822 0 0 0 1</matrix>
          <node id="swordsman2_muslim_Skin_pelvis" name="pelvis" sid="pelvis" type="JOINT">
            <matrix sid="transform">1 0 1.06555e-8 2.88204e-4 -3.96948e-16 1 3.72528e-8 -0.1648533 -1.06555e-8 -3.72528e-8 1 -0.05965076 0 0 0 1</matrix>
            <node id="swordsman2_muslim_Skin_femurleft" name="femurleft" sid="femurleft" type="JOINT">
              <matrix sid="transform">1 -5.5443e-15 5.09364e-9 0.2292777 0 1 0 -0.0098176 -5.09364e-9 2.48278e-10 1 0.05965088 0 0 0 1</matrix>
              <node id="swordsman2_muslim_Skin_butt-l" name="butt-l" sid="butt-l" type="JOINT">
                <matrix sid="transform">1 -6.03892e-15 4.2319e-9 4.67554e-4 1.89181e-15 1 -4.47035e-7 -0.098526 -4.2319e-9 4.47035e-7 1 -0.2278655 0 0 0 1</matrix>
                <extra>
                  <technique profile="blender">
                    <layer sid="layer" type="string">0</layer>
                    <roll sid="roll" type="float">0</roll>
                    <tip_x sid="tip_x" type="float">0</tip_x>
                    <tip_y sid="tip_y" type="float">0</tip_y>
                    <tip_z sid="tip_z" type="float">0.1</tip_z>
                  </technique>
                </extra>
              </node>
              <node id="swordsman2_muslim_Skin_knee-l-top" name="knee-l-top" sid="knee-l-top" type="JOINT">
                <matrix sid="transform">1 -6.03892e-15 7.79386e-9 0.0283868 0 0.9999999 0 -0.4877242 -7.79386e-9 0 1 0.3577119 0 0 0 1</matrix>
                <extra>
                  <technique profile="blender">
                    <layer sid="layer" type="string">0</layer>
                    <roll sid="roll" type="float">0</roll>
                    <tip_x sid="tip_x" type="float">0</tip_x>
                    <tip_y sid="tip_y" type="float">0</tip_y>
                    <tip_z sid="tip_z" type="float">0.1</tip_z>
                  </technique>
                </extra>
              </node>
              <node id="swordsman2_muslim_Skin_knee-l-bopttom" name="knee-l-bopttom" sid="knee-l-bopttom" type="JOINT">
                <matrix sid="transform">1 -6.03892e-15 3.00215e-8 0.03209621 4.47355e-15 1 -1.49012e-7 -0.736926 -3.00215e-8 1.49012e-7 1 -0.03760034 0 0 0 1</matrix>
                <extra>
                  <technique profile="blender">
                    <layer sid="layer" type="string">0</layer>
                    <roll sid="roll" type="float">0</roll>
                    <tip_x sid="tip_x" type="float">0</tip_x>
                    <tip_y sid="tip_y" type="float">0</tip_y>
                    <tip_z sid="tip_z" type="float">0.1</tip_z>
                  </technique>
                </extra>
              </node>
              <extra>
                <technique profile="blender">
                  <layer sid="layer" type="string">0</layer>
                  <roll sid="roll" type="float">0</roll>
                  <tip_x sid="tip_x" type="float">0</tip_x>
                  <tip_y sid="tip_y" type="float">0</tip_y>
                  <tip_z sid="tip_z" type="float">0.0999999</tip_z>
                </technique>
              </extra>
            </node>
            <node id="swordsman2_muslim_Skin_femurright" name="femurright" sid="femurright" type="JOINT">
              <matrix sid="transform">1 -5.5443e-15 5.09365e-9 -0.2316408 0 1 0 -0.0098176 -5.09365e-9 2.48278e-10 1 0.05965088 0 0 0 1</matrix>
              <node id="swordsman2_muslim_Skin_butt-r" name="butt-r" sid="butt-r" type="JOINT">
                <matrix sid="transform">1 -6.03892e-15 5.58592e-9 -0.003262356 3.32947e-15 1 -5.96046e-7 -0.09589529 -5.58592e-9 5.96046e-7 1 -0.2262757 0 0 0 1</matrix>
                <extra>
                  <technique profile="blender">
                    <layer sid="layer" type="string">0</layer>
                    <roll sid="roll" type="float">0</roll>
                    <tip_x sid="tip_x" type="float">0</tip_x>
                    <tip_y sid="tip_y" type="float">0</tip_y>
                    <tip_z sid="tip_z" type="float">0.1</tip_z>
                  </technique>
                </extra>
              </node>
              <node id="swordsman2_muslim_Skin_knee-r-top" name="knee-r-top" sid="knee-r-top" type="JOINT">
                <matrix sid="transform">1 -6.03892e-15 9.03824e-9 0.05288468 5.38721e-15 0.9999999 -5.96046e-7 -0.4883386 -9.03824e-9 5.96046e-7 1 0.3589506 0 0 0 1</matrix>
                <extra>
                  <technique profile="blender">
                    <layer sid="layer" type="string">0</layer>
                    <roll sid="roll" type="float">0</roll>
                    <tip_x sid="tip_x" type="float">0</tip_x>
                    <tip_y sid="tip_y" type="float">0</tip_y>
                    <tip_z sid="tip_z" type="float">0.1</tip_z>
                  </technique>
                </extra>
              </node>
              <node id="swordsman2_muslim_Skin_knee-r-bopttom" name="knee-r-bopttom" sid="knee-r-bopttom" type="JOINT">
                <matrix sid="transform">1 -6.03892e-15 1.89711e-8 -0.01414061 0 1 0 -0.7370361 -1.89711e-8 0 1 -0.03760032 0 0 0 1</matrix>
                <extra>
                  <technique profile="blender">
                    <layer sid="layer" type="string">0</layer>
                    <roll sid="roll" type="float">0</roll>
                    <tip_x sid="tip_x" type="float">0</tip_x>
                    <tip_y sid="tip_y" type="float">0</tip_y>
                    <tip_z sid="tip_z" type="float">0.1</tip_z>
                  </technique>
                </extra>
              </node>
              <extra>
                <technique profile="blender">
                  <layer sid="layer" type="string">0</layer>
                  <roll sid="roll" type="float">0</roll>
                  <tip_x sid="tip_x" type="float">0</tip_x>
                  <tip_y sid="tip_y" type="float">0</tip_y>
                  <tip_z sid="tip_z" type="float">0.0999999</tip_z>
                </technique>
              </extra>
            </node>
            <node id="swordsman2_muslim_Skin_lumbar" name="lumbar" sid="lumbar" type="JOINT">
              <matrix sid="transform">1 -5.5443e-15 4.81516e-9 0.004538174 0 1 3.72529e-8 0.189765 -4.81516e-9 -3.70047e-8 1 -0.05340066 0 0 0 1</matrix>
              <node id="swordsman2_muslim_Skin_rib" name="rib" sid="rib" type="JOINT">
                <matrix sid="transform">1 -5.8325e-15 4.3098e-9 -0.01278648 0 1 0 0.7050576 -4.3098e-9 2.48249e-10 1 0.1130516 0 0 0 1</matrix>
                <node id="swordsman2_muslim_Skin_scapula" name="scapula" sid="scapula" type="JOINT">
                  <matrix sid="transform">0.2486678 -0.9685888 -6.30891e-8 0.4182977 0.9685888 0.2486678 -9.80607e-8 0.2449708 1.10669e-7 -3.67228e-8 1 -4.3226e-8 0 0 0 1</matrix>
                  <node id="swordsman2_muslim_Skin_ulna" name="ulna" sid="ulna" type="JOINT">
                    <matrix sid="transform">0.9999999 1.63913e-7 4.26326e-14 0.1237388 -1.63913e-7 0.9999999 1.42109e-14 -0.5993562 -4.26326e-14 -2.13163e-14 1 -1.19148e-8 0 0 0 1</matrix>
                    <extra>
                      <technique profile="blender">
                        <layer sid="layer" type="string">0</layer>
                        <roll sid="roll" type="float">-1.319492</roll>
                        <tip_x sid="tip_x" type="float">-0.09685903</tip_x>
                        <tip_y sid="tip_y" type="float">0</tip_y>
                        <tip_z sid="tip_z" type="float">0.02486681</tip_z>
                      </technique>
                    </extra>
                  </node>
                  <extra>
                    <technique profile="blender">
                      <layer sid="layer" type="string">0</layer>
                      <roll sid="roll" type="float">-1.319492</roll>
                      <tip_x sid="tip_x" type="float">-0.09685903</tip_x>
                      <tip_y sid="tip_y" type="float">0</tip_y>
                      <tip_z sid="tip_z" type="float">0.02486681</tip_z>
                    </technique>
                  </extra>
                </node>
                <node id="swordsman2_muslim_Skin_scapula01" name="scapula01" sid="scapula01" type="JOINT">
                  <matrix sid="transform">0.2637429 0.964593 -1.01185e-7 -0.4432708 -0.9645929 0.263743 1.33338e-7 0.2449708 1.55304e-7 6.24349e-8 1 -4.3226e-8 0 0 0 1</matrix>
                  <node id="swordsman2_muslim_Skin_ulna01" name="ulna01" sid="ulna01" type="JOINT">
                    <matrix sid="transform">1 -2.98023e-8 1.23656e-9 -0.1120021 5.96046e-8 1 -1.19209e-7 -0.5993565 -1.23656e-9 1.19209e-7 1 4.38149e-10 0 0 0 1</matrix>
                    <node id="swordsman2_muslim_Skin_smoke_node_1" name="smoke node 1" sid="smoke_node_1" type="JOINT">
                      <matrix sid="transform">1 -7.4727e-7 -1.85102e-4 -0.1116512 -1.84804e-4 -0.006737707 -0.9999773 -0.7135483 -4.99995e-7 0.9999774 -0.006737828 0.04844657 0 0 0 1</matrix>
                      <node id="swordsman2_muslim_Skin_ammo_node_0" name="ammo node 0" sid="ammo_node_0" type="JOINT">
                        <matrix sid="transform">0.9999999 -1.4621e-4 -4.50358e-7 0.002625942 -5.33299e-7 -0.006738203 0.9999772 1.569696 -1.46121e-4 -0.9999772 -0.006737968 0.04451662 0 0 0 1</matrix>
                        <extra>
                          <technique profile="blender">
                            <layer sid="layer" type="string">0</layer>
                            <roll sid="roll" type="float">1.303934</roll>
                            <tip_x sid="tip_x" type="float">0.09693109</tip_x>
                            <tip_y sid="tip_y" type="float">1.19209e-7</tip_y>
                            <tip_z sid="tip_z" type="float">0.02649927</tip_z>
                          </technique>
                        </extra>
                      </node>
                      <extra>
                        <technique profile="blender">
                          <layer sid="layer" type="string">0</layer>
                          <roll sid="roll" type="float">1.304205</roll>
                          <tip_x sid="tip_x" type="float">-6.49929e-4</tip_x>
                          <tip_y sid="tip_y" type="float">-0.09999769</tip_y>
                          <tip_z sid="tip_z" type="float">-1.77622e-4</tip_z>
                        </technique>
                      </extra>
                    </node>
                    <extra>
                      <technique profile="blender">
                        <layer sid="layer" type="string">0</layer>
                        <roll sid="roll" type="float">1.303896</roll>
                        <tip_x sid="tip_x" type="float">0.09645944</tip_x>
                        <tip_y sid="tip_y" type="float">0</tip_y>
                        <tip_z sid="tip_z" type="float">0.02637434</tip_z>
                      </technique>
                    </extra>
                  </node>
                  <extra>
                    <technique profile="blender">
                      <layer sid="layer" type="string">0</layer>
                      <roll sid="roll" type="float">1.303896</roll>
                      <tip_x sid="tip_x" type="float">0.09645944</tip_x>
                      <tip_y sid="tip_y" type="float">0</tip_y>
                      <tip_z sid="tip_z" type="float">0.02637434</tip_z>
                    </technique>
                  </extra>
                </node>
                <node id="swordsman2_muslim_Skin_neck" name="neck" sid="neck" type="JOINT">
                  <matrix sid="transform">1 -6.09045e-15 3.8053e-9 -0.01369714 2.27727e-16 0.9999999 -5.98444e-8 0.4694993 -3.8053e-9 5.98444e-8 1 -1.36874e-7 0 0 0 1</matrix>
                  <node id="swordsman2_muslim_Skin_skull" name="skull" sid="skull" type="JOINT">
                    <matrix sid="transform">1 -6.54594e-15 1.56953e-9 -0.007297663 0 1 1.86269e-9 0.4520025 -1.56953e-9 -1.86269e-9 1 7.10191e-8 0 0 0 1</matrix>
                    <node id="swordsman2_muslim_Skin_nogginbottom" name="nogginbottom" sid="nogginbottom" type="JOINT">
                      <matrix sid="transform">1 2.3283e-9 2.3955e-7 0.001799161 -1.23428e-8 0.9991254 0.0418141 0.08982587 -2.39243e-7 -0.0418141 0.9991254 0.2822085 0 0 0 1</matrix>
                      <extra>
                        <technique profile="blender">
                          <layer sid="layer" type="string">0</layer>
                          <roll sid="roll" type="float">2.98529e-7</roll>
                          <tip_x sid="tip_x" type="float">0</tip_x>
                          <tip_y sid="tip_y" type="float">0.004181385</tip_y>
                          <tip_z sid="tip_z" type="float">0.09991264</tip_z>
                        </technique>
                      </extra>
                    </node>
                    <node id="swordsman2_muslim_Skin_plumes" name="plumes" sid="plumes" type="JOINT">
                      <matrix sid="transform">1 -5.77316e-15 4.80032e-7 -0.002369052 -1.01293e-8 0.9997773 0.02110134 0.1819341 -4.79925e-7 -0.02110134 0.9997773 0.1862074 0 0 0 1</matrix>
                      <extra>
                        <technique profile="blender">
                          <layer sid="layer" type="string">0</layer>
                          <roll sid="roll" type="float">5.3905e-7</roll>
                          <tip_x sid="tip_x" type="float">0</tip_x>
                          <tip_y sid="tip_y" type="float">0.002110123</tip_y>
                          <tip_z sid="tip_z" type="float">0.09997797</tip_z>
                        </technique>
                      </extra>
                    </node>
                    <node id="swordsman2_muslim_Skin_skulltop" name="skulltop" sid="skulltop" type="JOINT">
                      <matrix sid="transform">1 -6.73088e-15 4.67863e-9 -0.00416824 0 1 7.10543e-14 0.3702886 -4.67863e-9 -7.10543e-14 1 -4.26326e-14 0 0 0 1</matrix>
                      <extra>
                        <technique profile="blender">
                          <layer sid="layer" type="string">0</layer>
                          <roll sid="roll" type="float">0</roll>
                          <tip_x sid="tip_x" type="float">0</tip_x>
                          <tip_y sid="tip_y" type="float">0</tip_y>
                          <tip_z sid="tip_z" type="float">0.0999999</tip_z>
                        </technique>
                      </extra>
                    </node>
                    <extra>
                      <technique profile="blender">
                        <layer sid="layer" type="string">0</layer>
                        <roll sid="roll" type="float">0</roll>
                        <tip_x sid="tip_x" type="float">0</tip_x>
                        <tip_y sid="tip_y" type="float">0</tip_y>
                        <tip_z sid="tip_z" type="float">0.1000001</tip_z>
                      </technique>
                    </extra>
                  </node>
                  <node id="swordsman2_muslim_Skin_smoke_node_0" name="smoke node 0" sid="smoke_node_0" type="JOINT">
                    <matrix sid="transform">1 -5.06081e-5 -1.10468e-6 0.006514961 -1.10467e-6 1.02446e-7 -0.9999999 0.09218764 5.06081e-5 0.9999999 2.35801e-7 0.2430202 0 0 0 1</matrix>
                    <extra>
                      <technique profile="blender">
                        <layer sid="layer" type="string">0</layer>
                        <roll sid="roll" type="float">3.141592</roll>
                        <tip_x sid="tip_x" type="float">-5.05522e-6</tip_x>
                        <tip_y sid="tip_y" type="float">-0.09999996</tip_y>
                        <tip_z sid="tip_z" type="float">0</tip_z>
                      </technique>
                    </extra>
                  </node>
                  <extra>
                    <technique profile="blender">
                      <layer sid="layer" type="string">0</layer>
                      <roll sid="roll" type="float">0</roll>
                      <tip_x sid="tip_x" type="float">0</tip_x>
                      <tip_y sid="tip_y" type="float">0</tip_y>
                      <tip_z sid="tip_z" type="float">0.1000001</tip_z>
                    </technique>
                  </extra>
                </node>
                <node id="swordsman2_muslim_Skin_cloaktop" name="cloaktop" sid="cloaktop" type="JOINT">
                  <matrix sid="transform">1 -6.09045e-15 6.60961e-9 0.009935169 9.84911e-16 0.9999999 -1.49012e-7 0.3512919 -6.60961e-9 1.49012e-7 1 -0.1981267 0 0 0 1</matrix>
                  <node id="swordsman2_muslim_Skin_cloak" name="cloak" sid="cloak" type="JOINT">
                    <matrix sid="transform">1 -7.47097e-15 1.47715e-10 0.004538157 0 1 1.49011e-7 -0.859081 -1.47715e-10 -1.48763e-7 1 -0.2356979 0 0 0 1</matrix>
                    <node id="swordsman2_muslim_Skin_cloakbottom" name="cloakbottom" sid="cloakbottom" type="JOINT">
                      <matrix sid="transform">1 -7.47981e-15 0 -0.02733967 0 1 0 -0.8312191 0 2.48605e-10 1 -0.1177092 0 0 0 1</matrix>
                      <extra>
                        <technique profile="blender">
                          <layer sid="layer" type="string">0</layer>
                          <roll sid="roll" type="float">0</roll>
                          <tip_x sid="tip_x" type="float">0</tip_x>
                          <tip_y sid="tip_y" type="float">0</tip_y>
                          <tip_z sid="tip_z" type="float">0.1</tip_z>
                        </technique>
                      </extra>
                    </node>
                    <extra>
                      <technique profile="blender">
                        <layer sid="layer" type="string">0</layer>
                        <roll sid="roll" type="float">0</roll>
                        <tip_x sid="tip_x" type="float">0</tip_x>
                        <tip_y sid="tip_y" type="float">0</tip_y>
                        <tip_z sid="tip_z" type="float">0.1000001</tip_z>
                      </technique>
                    </extra>
                  </node>
                  <extra>
                    <technique profile="blender">
                      <layer sid="layer" type="string">0</layer>
                      <roll sid="roll" type="float">0</roll>
                      <tip_x sid="tip_x" type="float">0</tip_x>
                      <tip_y sid="tip_y" type="float">0</tip_y>
                      <tip_z sid="tip_z" type="float">0.0999999</tip_z>
                    </technique>
                  </extra>
                </node>
                <extra>
                  <technique profile="blender">
                    <layer sid="layer" type="string">0</layer>
                    <roll sid="roll" type="float">0</roll>
                    <tip_x sid="tip_x" type="float">0</tip_x>
                    <tip_y sid="tip_y" type="float">0</tip_y>
                    <tip_z sid="tip_z" type="float">0.0999999</tip_z>
                  </technique>
                </extra>
              </node>
              <extra>
                <technique profile="blender">
                  <layer sid="layer" type="string">0</layer>
                  <roll sid="roll" type="float">0</roll>
                  <tip_x sid="tip_x" type="float">0</tip_x>
                  <tip_y sid="tip_y" type="float">0</tip_y>
                  <tip_z sid="tip_z" type="float">0.0999999</tip_z>
                </technique>
              </extra>
            </node>
            <extra>
              <technique profile="blender">
                <layer sid="layer" type="string">0</layer>
                <roll sid="roll" type="float">0</roll>
                <tip_x sid="tip_x" type="float">0</tip_x>
                <tip_y sid="tip_y" type="float">0</tip_y>
                <tip_z sid="tip_z" type="float">0.1000001</tip_z>
              </technique>
            </extra>
          </node>
          <extra>
            <technique profile="blender">
              <layer sid="layer" type="string">0</layer>
              <roll sid="roll" type="float">0</roll>
              <tip_x sid="tip_x" type="float">0</tip_x>
              <tip_y sid="tip_y" type="float">0</tip_y>
              <tip_z sid="tip_z" type="float">0.1000001</tip_z>
            </technique>
          </extra>
        </node>
      </node>
      <node id="nabat_dorkim" name="nabat_dorkim" type="NODE">
        <translate sid="location">0 0 0</translate>
        <rotate sid="rotationZ">0 0 1 0</rotate>
        <rotate sid="rotationY">0 1 0 0</rotate>
        <rotate sid="rotationX">1 0 0 0</rotate>
        <scale sid="scale">1 1 1</scale>
        <instance_controller url="#swordsman2_muslim_Skin_nabat_dorkim-skin">
          <skeleton>#swordsman2_muslim_Skin_root</skeleton>
          <bind_material>
            <technique_common>
              <instance_material symbol="lukhata_000_TGA-material" target="#lukhata_000_TGA-material"/>
            </technique_common>
          </bind_material>
        </instance_controller>
      </node>
    </visual_scene>
  </library_visual_scenes>
  <scene>
    <instance_visual_scene url="#Scene"/>
  </scene>
</COLLADA>