{"cameraMode":{"drawMode":0,"name":"Shaded","section":"Shading Mode"},"sceneLighting":false,"audioPlay":false,"sceneViewState":{"m_AlwaysRefresh":false,"showFog":true,"showSkybox":false,"showFlares":true,"showImageEffects":true,"showParticleSystems":true,"showVisualEffectGraphs":true,"m_FxEnabled":true},"in2DMode":false,"pivot":{"x":-1.7727928161621094,"y":1.0469261407852173,"z":1.5168546438217164},"rotation":{"x":0.01708151027560234,"y":-0.1893237829208374,"z":0.0033009613398462536,"w":0.9817713499069214},"size":2.4221928119659426,"orthographic":true}