{"cameraMode":{"drawMode":0,"name":"Shaded","section":"Shading Mode"},"sceneLighting":false,"audioPlay":false,"sceneViewState":{"m_AlwaysRefresh":false,"showFog":true,"showSkybox":false,"showFlares":true,"showImageEffects":true,"showParticleSystems":true,"showVisualEffectGraphs":true,"m_FxEnabled":true},"in2DMode":false,"pivot":{"x":-1.7727928161621094,"y":1.0469261407852173,"z":1.5168546438217164},"rotation":{"x":0.5312845706939697,"y":-0.025407498702406884,"z":0.01594332605600357,"w":0.8466629385948181},"size":1.276280164718628,"orthographic":true}