<?xml version="1.0" encoding="utf-8"?>
<COLLADA xmlns="http://www.collada.org/2005/11/COLLADASchema" version="1.4.1" xmlns:xsi="http://www.w3.org/2001/XMLSchema-instance">
  <asset>
    <contributor>
      <author>Blender User</author>
      <authoring_tool>Blender 2.79.0 commit date:2017-09-11, commit time:10:43, hash:5bd8ac9</authoring_tool>
    </contributor>
    <created>2019-02-03T07:47:31</created>
    <modified>2019-02-03T07:47:31</modified>
    <unit name="meter" meter="1"/>
    <up_axis>Z_UP</up_axis>
  </asset>
  <library_cameras>
    <camera id="Camera-camera" name="Camera">
      <optics>
        <technique_common>
          <perspective>
            <xfov sid="xfov">49.13434</xfov>
            <aspect_ratio>1.777778</aspect_ratio>
            <znear sid="znear">0.1</znear>
            <zfar sid="zfar">100</zfar>
          </perspective>
        </technique_common>
      </optics>
      <extra>
        <technique profile="blender">
          <shiftx sid="shiftx" type="float">0</shiftx>
          <shifty sid="shifty" type="float">0</shifty>
          <YF_dofdist sid="YF_dofdist" type="float">0</YF_dofdist>
        </technique>
      </extra>
    </camera>
  </library_cameras>
  <library_lights>
    <light id="LAMP_FRONT_PEACH-light" name="Lamp.002">
      <technique_common>
        <ambient>
          <color>1 1 1</color>
        </ambient>
      </technique_common>
      <extra>
        <technique profile="blender">
          <type sid="type" type="int">3</type>
          <flag sid="flag" type="int">0</flag>
          <mode sid="mode" type="int">8192</mode>
          <gamma sid="blender_gamma" type="float">1</gamma>
          <red sid="red" type="float">1</red>
          <green sid="green" type="float">1</green>
          <blue sid="blue" type="float">1</blue>
          <shadow_r sid="blender_shadow_r" type="float">0</shadow_r>
          <shadow_g sid="blender_shadow_g" type="float">0</shadow_g>
          <shadow_b sid="blender_shadow_b" type="float">0</shadow_b>
          <energy sid="blender_energy" type="float">1</energy>
          <dist sid="blender_dist" type="float">29.99998</dist>
          <spotsize sid="spotsize" type="float">75</spotsize>
          <spotblend sid="spotblend" type="float">0.15</spotblend>
          <halo_intensity sid="blnder_halo_intensity" type="float">1</halo_intensity>
          <att1 sid="att1" type="float">0</att1>
          <att2 sid="att2" type="float">1</att2>
          <falloff_type sid="falloff_type" type="int">2</falloff_type>
          <clipsta sid="clipsta" type="float">1.000799</clipsta>
          <clipend sid="clipend" type="float">30.002</clipend>
          <bias sid="bias" type="float">1</bias>
          <soft sid="soft" type="float">3</soft>
          <compressthresh sid="compressthresh" type="float">0.04999995</compressthresh>
          <bufsize sid="bufsize" type="int">2880</bufsize>
          <samp sid="samp" type="int">3</samp>
          <buffers sid="buffers" type="int">1</buffers>
          <filtertype sid="filtertype" type="int">0</filtertype>
          <bufflag sid="bufflag" type="int">0</bufflag>
          <buftype sid="buftype" type="int">2</buftype>
          <ray_samp sid="ray_samp" type="int">1</ray_samp>
          <ray_sampy sid="ray_sampy" type="int">1</ray_sampy>
          <ray_sampz sid="ray_sampz" type="int">1</ray_sampz>
          <ray_samp_type sid="ray_samp_type" type="int">0</ray_samp_type>
          <area_shape sid="area_shape" type="int">0</area_shape>
          <area_size sid="area_size" type="float">10000</area_size>
          <area_sizey sid="area_sizey" type="float">100</area_sizey>
          <area_sizez sid="area_sizez" type="float">1</area_sizez>
          <adapt_thresh sid="adapt_thresh" type="float">0.000999987</adapt_thresh>
          <ray_samp_method sid="ray_samp_method" type="int">1</ray_samp_method>
          <shadhalostep sid="shadhalostep" type="int">0</shadhalostep>
          <sun_effect_type sid="sun_effect_type" type="int">0</sun_effect_type>
          <skyblendtype sid="skyblendtype" type="int">1</skyblendtype>
          <horizon_brightness sid="horizon_brightness" type="float">1</horizon_brightness>
          <spread sid="spread" type="float">1</spread>
          <sun_brightness sid="sun_brightness" type="float">1</sun_brightness>
          <sun_size sid="sun_size" type="float">1</sun_size>
          <backscattered_light sid="backscattered_light" type="float">1</backscattered_light>
          <sun_intensity sid="sun_intensity" type="float">1</sun_intensity>
          <atm_turbidity sid="atm_turbidity" type="float">2</atm_turbidity>
          <atm_extinction_factor sid="atm_extinction_factor" type="float">1</atm_extinction_factor>
          <atm_distance_factor sid="atm_distance_factor" type="float">1</atm_distance_factor>
          <skyblendfac sid="skyblendfac" type="float">1</skyblendfac>
          <sky_exposure sid="sky_exposure" type="float">1</sky_exposure>
          <sky_colorspace sid="sky_colorspace" type="int">0</sky_colorspace>
        </technique>
      </extra>
    </light>
    <light id="Lamp_WEST-light" name="Lamp.003">
      <technique_common>
        <directional>
          <color sid="color">1 1 1</color>
        </directional>
      </technique_common>
      <extra>
        <technique profile="blender">
          <type sid="type" type="int">1</type>
          <flag sid="flag" type="int">0</flag>
          <mode sid="mode" type="int">8192</mode>
          <gamma sid="blender_gamma" type="float">1</gamma>
          <red sid="red" type="float">1</red>
          <green sid="green" type="float">1</green>
          <blue sid="blue" type="float">1</blue>
          <shadow_r sid="blender_shadow_r" type="float">0</shadow_r>
          <shadow_g sid="blender_shadow_g" type="float">0</shadow_g>
          <shadow_b sid="blender_shadow_b" type="float">0</shadow_b>
          <energy sid="blender_energy" type="float">1</energy>
          <dist sid="blender_dist" type="float">29.99998</dist>
          <spotsize sid="spotsize" type="float">75</spotsize>
          <spotblend sid="spotblend" type="float">0.15</spotblend>
          <halo_intensity sid="blnder_halo_intensity" type="float">1</halo_intensity>
          <att1 sid="att1" type="float">0</att1>
          <att2 sid="att2" type="float">1</att2>
          <falloff_type sid="falloff_type" type="int">2</falloff_type>
          <clipsta sid="clipsta" type="float">1.000799</clipsta>
          <clipend sid="clipend" type="float">30.002</clipend>
          <bias sid="bias" type="float">1</bias>
          <soft sid="soft" type="float">3</soft>
          <compressthresh sid="compressthresh" type="float">0.04999995</compressthresh>
          <bufsize sid="bufsize" type="int">2880</bufsize>
          <samp sid="samp" type="int">3</samp>
          <buffers sid="buffers" type="int">1</buffers>
          <filtertype sid="filtertype" type="int">0</filtertype>
          <bufflag sid="bufflag" type="int">0</bufflag>
          <buftype sid="buftype" type="int">2</buftype>
          <ray_samp sid="ray_samp" type="int">1</ray_samp>
          <ray_sampy sid="ray_sampy" type="int">1</ray_sampy>
          <ray_sampz sid="ray_sampz" type="int">1</ray_sampz>
          <ray_samp_type sid="ray_samp_type" type="int">0</ray_samp_type>
          <area_shape sid="area_shape" type="int">1</area_shape>
          <area_size sid="area_size" type="float">0.1</area_size>
          <area_sizey sid="area_sizey" type="float">0.1</area_sizey>
          <area_sizez sid="area_sizez" type="float">1</area_sizez>
          <adapt_thresh sid="adapt_thresh" type="float">0.000999987</adapt_thresh>
          <ray_samp_method sid="ray_samp_method" type="int">1</ray_samp_method>
          <shadhalostep sid="shadhalostep" type="int">0</shadhalostep>
          <sun_effect_type sid="sun_effect_type" type="int">0</sun_effect_type>
          <skyblendtype sid="skyblendtype" type="int">1</skyblendtype>
          <horizon_brightness sid="horizon_brightness" type="float">1</horizon_brightness>
          <spread sid="spread" type="float">1</spread>
          <sun_brightness sid="sun_brightness" type="float">1</sun_brightness>
          <sun_size sid="sun_size" type="float">1</sun_size>
          <backscattered_light sid="backscattered_light" type="float">1</backscattered_light>
          <sun_intensity sid="sun_intensity" type="float">1</sun_intensity>
          <atm_turbidity sid="atm_turbidity" type="float">2</atm_turbidity>
          <atm_extinction_factor sid="atm_extinction_factor" type="float">1</atm_extinction_factor>
          <atm_distance_factor sid="atm_distance_factor" type="float">1</atm_distance_factor>
          <skyblendfac sid="skyblendfac" type="float">1</skyblendfac>
          <sky_exposure sid="sky_exposure" type="float">1</sky_exposure>
          <sky_colorspace sid="sky_colorspace" type="int">0</sky_colorspace>
        </technique>
      </extra>
    </light>
    <light id="Lamp-light" name="Lamp">
      <technique_common>
        <point>
          <color sid="color">1 1 1</color>
          <constant_attenuation>1</constant_attenuation>
          <linear_attenuation>0</linear_attenuation>
          <quadratic_attenuation>0.00111109</quadratic_attenuation>
        </point>
      </technique_common>
      <extra>
        <technique profile="blender">
          <type sid="type" type="int">0</type>
          <flag sid="flag" type="int">0</flag>
          <mode sid="mode" type="int">8192</mode>
          <gamma sid="blender_gamma" type="float">1</gamma>
          <red sid="red" type="float">1</red>
          <green sid="green" type="float">1</green>
          <blue sid="blue" type="float">1</blue>
          <shadow_r sid="blender_shadow_r" type="float">0</shadow_r>
          <shadow_g sid="blender_shadow_g" type="float">0</shadow_g>
          <shadow_b sid="blender_shadow_b" type="float">0</shadow_b>
          <energy sid="blender_energy" type="float">1</energy>
          <dist sid="blender_dist" type="float">29.99998</dist>
          <spotsize sid="spotsize" type="float">75</spotsize>
          <spotblend sid="spotblend" type="float">0.15</spotblend>
          <halo_intensity sid="blnder_halo_intensity" type="float">1</halo_intensity>
          <att1 sid="att1" type="float">0</att1>
          <att2 sid="att2" type="float">1</att2>
          <falloff_type sid="falloff_type" type="int">2</falloff_type>
          <clipsta sid="clipsta" type="float">1.000799</clipsta>
          <clipend sid="clipend" type="float">30.002</clipend>
          <bias sid="bias" type="float">1</bias>
          <soft sid="soft" type="float">3</soft>
          <compressthresh sid="compressthresh" type="float">0.04999995</compressthresh>
          <bufsize sid="bufsize" type="int">2880</bufsize>
          <samp sid="samp" type="int">3</samp>
          <buffers sid="buffers" type="int">1</buffers>
          <filtertype sid="filtertype" type="int">0</filtertype>
          <bufflag sid="bufflag" type="int">0</bufflag>
          <buftype sid="buftype" type="int">2</buftype>
          <ray_samp sid="ray_samp" type="int">1</ray_samp>
          <ray_sampy sid="ray_sampy" type="int">1</ray_sampy>
          <ray_sampz sid="ray_sampz" type="int">1</ray_sampz>
          <ray_samp_type sid="ray_samp_type" type="int">0</ray_samp_type>
          <area_shape sid="area_shape" type="int">1</area_shape>
          <area_size sid="area_size" type="float">0.1</area_size>
          <area_sizey sid="area_sizey" type="float">0.1</area_sizey>
          <area_sizez sid="area_sizez" type="float">1</area_sizez>
          <adapt_thresh sid="adapt_thresh" type="float">0.000999987</adapt_thresh>
          <ray_samp_method sid="ray_samp_method" type="int">1</ray_samp_method>
          <shadhalostep sid="shadhalostep" type="int">0</shadhalostep>
          <sun_effect_type sid="sun_effect_type" type="int">0</sun_effect_type>
          <skyblendtype sid="skyblendtype" type="int">1</skyblendtype>
          <horizon_brightness sid="horizon_brightness" type="float">1</horizon_brightness>
          <spread sid="spread" type="float">1</spread>
          <sun_brightness sid="sun_brightness" type="float">1</sun_brightness>
          <sun_size sid="sun_size" type="float">1</sun_size>
          <backscattered_light sid="backscattered_light" type="float">1</backscattered_light>
          <sun_intensity sid="sun_intensity" type="float">1</sun_intensity>
          <atm_turbidity sid="atm_turbidity" type="float">2</atm_turbidity>
          <atm_extinction_factor sid="atm_extinction_factor" type="float">1</atm_extinction_factor>
          <atm_distance_factor sid="atm_distance_factor" type="float">1</atm_distance_factor>
          <skyblendfac sid="skyblendfac" type="float">1</skyblendfac>
          <sky_exposure sid="sky_exposure" type="float">1</sky_exposure>
          <sky_colorspace sid="sky_colorspace" type="int">0</sky_colorspace>
        </technique>
      </extra>
    </light>
  </library_lights>
  <library_images>
    <image id="hvysword_suebi_tga" name="hvysword_suebi_tga">
      <init_from>hvysword_suebi.tga</init_from>
    </image>
  </library_images>
  <library_effects>
    <effect id="hvysword_suebi_Mat-effect">
      <profile_COMMON>
        <newparam sid="hvysword_suebi_tga-surface">
          <surface type="2D">
            <init_from>hvysword_suebi_tga</init_from>
          </surface>
        </newparam>
        <newparam sid="hvysword_suebi_tga-sampler">
          <sampler2D>
            <source>hvysword_suebi_tga-surface</source>
          </sampler2D>
        </newparam>
        <technique sid="common">
          <phong>
            <emission>
              <color sid="emission">0 0 0 1</color>
            </emission>
            <ambient>
              <color sid="ambient">0 0 0 1</color>
            </ambient>
            <diffuse>
              <texture texture="hvysword_suebi_tga-sampler"/>
            </diffuse>
            <specular>
              <color sid="specular">0.5 0.5 0.5 1</color>
            </specular>
            <shininess>
              <float sid="shininess">50</float>
            </shininess>
            <index_of_refraction>
              <float sid="index_of_refraction">1</float>
            </index_of_refraction>
          </phong>
        </technique>
      </profile_COMMON>
    </effect>
  </library_effects>
  <library_materials>
    <material id="hvysword_suebi_Mat-material" name="hvysword_suebi_Mat">
      <instance_effect url="#hvysword_suebi_Mat-effect"/>
    </material>
  </library_materials>
  <library_geometries>
    <geometry id="hvysword_suebi_Mesh-mesh" name="hvysword_suebi_Mesh">
      <mesh>
        <source id="hvysword_suebi_Mesh-mesh-positions">
          <float_array id="hvysword_suebi_Mesh-mesh-positions-array" count="2097">0.3870159 0.4134825 2.182377 -0.3730957 0.4134771 2.183237 0.3831195 -0.2293656 2.173471 -0.3691932 -0.2293705 2.174332 0.3831195 -0.2293656 2.173471 0.3870159 0.4134825 2.182377 -0.3730957 0.4134771 2.183237 -0.3691932 -0.2293705 2.174332 -0.3730957 0.4134771 2.183237 -0.3691932 -0.2293705 2.174332 0.3831195 -0.2293656 2.173471 0.3870159 0.4134825 2.182377 -0.3730957 0.4134771 2.183237 0.3870159 0.4134825 2.182377 -0.3691932 -0.2293705 2.174332 0.3831195 -0.2293656 2.173471 0.00696516 0.2138639 1.995519 0.1448737 0.04649394 1.31266 0.2367852 -0.3103219 1.406083 0.2327535 -0.1703695 1.987343 0.4063368 0.2141456 2.010561 0.3770454 0.04666602 1.326973 0.2180588 -0.4176599 1.708659 0.4776356 -0.01735067 1.710315 0.4776356 -0.01735067 1.710315 0.3368651 -0.434737 1.31679 0.5633687 -0.03465062 1.319706 0.5633687 -0.03465062 1.319706 0.1820019 0.4816877 1.665045 0.4776361 0.3742299 1.711905 0.4776361 0.3742299 1.711905 0.2842943 0.4640966 1.292444 0.5639727 0.3567071 1.322554 0.5639727 0.3567071 1.322554 0.1550479 -0.2853436 0.07520145 0.1477569 -0.2850556 0.004207313 0.1830326 -0.3794161 -0.004358232 0.1920691 -0.3797042 0.06663578 0.3397167 -0.2498779 0.07534575 0.1550479 -0.2853436 0.07520145 0.1920691 -0.3797042 0.06663578 0.3400046 -0.3442384 0.06678009 0.3914906 -0.3181701 -0.004089772 0.3400046 -0.3442384 0.06678009 0.08570975 -0.09399133 1.242162 0.08417916 -0.05935889 1.09581 0.2319263 -0.2476371 1.085746 0.1368584 0.2492706 0.007849872 0.2525088 -0.004957675 0.1855718 0.2319263 -0.2476371 1.085746 0.08417916 -0.05935889 1.09581 0.4072238 -0.09375303 1.261984 0.4387059 -0.05499625 1.09582 0.3743782 0.2508903 0.007850766 0.1034471 0.02193057 1.116045 0.3743782 0.2508903 0.007850766 0.1368584 0.2492706 0.007849872 0.1034471 0.02193057 1.116045 0.3522944 0.02230006 1.115976 0.3397167 -0.2498779 0.07534575 0.2525088 -0.004957675 0.1855718 0.1550479 -0.2853436 0.07520145 0.2525088 -0.004957675 0.1855718 0.3397167 -0.2498779 0.07534575 0.3912028 -0.2238095 0.004475772 0.2525088 -0.004957675 0.1855718 0.3912028 -0.2238095 0.004475772 0.3743782 0.2508903 0.007850766 0.1368584 0.2492706 0.007849872 0.1368584 0.2492706 0.007849872 0.1550479 -0.2853436 0.07520145 0.4387059 -0.05499625 1.09582 0.1034471 0.02193057 1.116045 0.3522944 0.02230006 1.115976 0.3912028 -0.2238095 0.004475772 0.1477569 -0.2850556 0.004207313 0.1368584 0.2492706 0.007849872 0.3743782 0.2508903 0.007850766 0.3914906 -0.3181701 -0.004089772 0.1830326 -0.3794161 -0.004358232 0.3522944 0.02230006 1.115976 -0.408133 0.223625 2.009577 -0.322975 0.04549419 1.320328 -0.1292576 0.04528367 1.307878 -0.2121686 -0.324577 1.404123 -0.2307814 -0.1816589 1.987924 -0.01501011 0.2232766 1.995144 -0.4781565 -0.01845091 1.710313 -0.2206482 -0.4187596 1.710335 -0.4781565 -0.01845091 1.710313 -0.549198 -0.037337 1.319779 -0.3251975 -0.4379885 1.31847 -0.549198 -0.037337 1.319779 -0.1541718 0.4803982 1.661342 -0.4781571 0.3731321 1.710314 -0.4781571 0.3731321 1.710314 -0.2673978 0.4612946 1.290491 -0.5485938 0.3540261 1.321039 -0.5485938 0.3540261 1.321039 -0.3918198 -0.2318282 0.001285314 -0.1451531 -0.2930748 0.001267194 -0.1800044 -0.3874694 -0.006915986 -0.391532 -0.3262227 -0.006897866 -0.3417108 -0.2576086 0.06940817 -0.3918198 -0.2318282 0.001285314 -0.391532 -0.3262227 -0.006897866 -0.341423 -0.3520031 0.06122499 -0.1451531 -0.2930748 0.001267194 -0.1511797 -0.2930747 0.06940829 -0.1874738 -0.3874692 0.06122505 -0.1800044 -0.3874694 -0.006915986 -0.1511797 -0.2930747 0.06940829 -0.3417108 -0.2576086 0.06940817 -0.341423 -0.3520031 0.06122499 -0.1874738 -0.3874692 0.06122505 -0.3871089 -0.09514772 1.258171 -0.2510624 -0.01371753 0.1815163 -0.1339394 0.2522602 0.002764523 -0.07981628 -0.06065672 1.096051 -0.2284537 -0.259372 1.086759 -0.4195123 -0.05368733 1.096051 -0.2284537 -0.259372 1.086759 -0.09839487 0.02800703 1.113556 -0.07914251 -0.09548246 1.238378 -0.07981628 -0.06065672 1.096051 -0.4195123 -0.05368733 1.096051 -0.3744875 0.2539935 0.002758383 -0.1339394 0.2522602 0.002764523 -0.3744875 0.2539935 0.002758383 -0.3543574 0.02843999 1.113446 -0.09839487 0.02800703 1.113556 -0.3744875 0.2539935 0.002758383 -0.3744875 0.2539935 0.002758383 -0.3417108 -0.2576086 0.06940817 -0.2510624 -0.01371753 0.1815163 -0.1339394 0.2522602 0.002764523 -0.3744875 0.2539935 0.002758383 -0.3417108 -0.2576086 0.06940817 -0.1511797 -0.2930747 0.06940829 -0.2510624 -0.01371753 0.1815163 -0.1339394 0.2522602 0.002764523 -0.1511797 -0.2930747 0.06940829 -0.1339394 0.2522602 0.002764523 -0.3543574 0.02843999 1.113446 -0.09839487 0.02800703 1.113556 -0.3543574 0.02843999 1.113446 0.4524809 0.1187858 2.149453 0.4648842 0.4731842 2.196403 0.4458498 0.4680199 2.346462 0.4700372 0.1187844 2.297171 0.4648842 0.4731842 2.196403 0.06596589 0.616692 2.284745 0.1737992 0.668669 2.427586 0.4458498 0.4680199 2.346462 0.1737992 0.668669 2.427586 0.06596589 0.616692 2.284745 0.08300656 -0.4162994 2.427586 0.01042908 -0.3643225 2.284744 0.3785357 -0.265317 2.196403 0.4288711 -0.2498721 2.34646 0.4288711 -0.2498721 2.34646 0.08300656 -0.4162994 2.427586 0.01042908 -0.3643225 2.284744 0.3785357 -0.265317 2.196403 0.4524809 0.1187858 2.149453 0.4700372 0.1187844 2.297171 0.4288711 -0.2498721 2.34646 0.4569124 0.4690634 2.51637 0.4597092 0.118786 2.469422 0.1602469 0.5541406 2.587214 0.4569124 0.4690634 2.51637 0.1602469 0.5541406 2.587214 0.4101909 -0.2653171 2.51637 0.4597092 0.118786 2.469422 0.4101909 -0.2653171 2.51637 0.01042908 -0.3643225 2.284744 0.01042908 -0.3643225 2.284744 0.06596589 0.616692 2.284745 0.4648842 0.4731842 2.196403 0.4524809 0.1187858 2.149453 0.06596589 0.616692 2.284745 0.4524809 0.1187858 2.149453 0.3785357 -0.265317 2.196403 0.01042908 -0.3643225 2.284744 0.4524809 0.1187858 2.149453 0.4597092 0.118786 2.469422 0.4101909 -0.2653171 2.51637 0.4597092 0.118786 2.469422 0.4569124 0.4690634 2.51637 0.06596589 0.616692 2.284745 0.01042908 -0.3643225 2.284744 0.1602469 0.5541406 2.587214 -0.2048768 0.5279418 2.644756 -0.07127034 0.5034988 2.732761 -0.4065669 0.4698138 2.912847 -0.4852961 0.3076145 3.183159 -0.3073825 0.339739 3.160982 -0.2109916 0.5217927 2.942991 -0.4852961 0.3076145 3.183159 -0.4640231 0.07786059 3.258897 -0.3892645 0.2327731 3.370604 -0.3073825 0.339739 3.160982 -0.4640231 0.07786059 3.258897 -0.4340787 -0.2653287 3.004154 -0.3073825 -0.2498831 3.100588 -0.3892645 0.2327731 3.370604 -0.4340787 -0.2653287 3.004154 -0.35535 -0.364337 2.851003 -0.2109917 -0.4163157 2.881146 -0.3073825 -0.2498831 3.100588 0.1348658 -0.3643225 2.587214 0.0129953 -0.3326115 2.746709 -0.08813732 -0.4163089 2.691615 -0.1889926 -0.3643304 2.593466 -0.2109917 -0.4163157 2.881146 -0.35535 -0.364337 2.851003 0.00859493 0.500664 2.766176 -0.2313928 0.2871289 3.29918 -0.09795874 0.5029389 2.891918 -0.3103865 0.1087425 3.323408 -0.2313928 0.2871289 3.29918 -0.3103865 0.1087425 3.323408 -0.09795898 -0.3037408 2.891918 -0.186145 -0.2047324 3.041587 -0.09795898 -0.3037408 2.891918 0.1348658 -0.3643225 2.587214 -0.1889926 -0.3643304 2.593466 -0.35535 -0.364337 2.851003 -0.4852961 0.3076145 3.183159 -0.4852961 0.3076145 3.183159 -0.4065669 0.4698138 2.912847 -0.2048768 0.5279418 2.644756 -0.1583757 0.5062562 2.650363 -0.4852961 0.3076145 3.183159 -0.1583757 0.5062562 2.650363 0.1348658 -0.3643225 2.587214 0.1348658 -0.3643225 2.587214 -0.09795898 -0.3037408 2.891918 0.0129953 -0.3326115 2.746709 0.00859493 0.500664 2.766176 -0.09795874 0.5029389 2.891918 -0.186145 -0.2047324 3.041587 -0.3103865 0.1087425 3.323408 -0.09795874 0.5029389 2.891918 -0.2313928 0.2871289 3.29918 -0.3103865 0.1087425 3.323408 -0.186145 -0.2047324 3.041587 -0.4696741 0.2050355 3.216027 -0.2170965 0.2289651 3.240603 -0.3949371 0.3892198 2.897067 -0.4065696 -0.102866 2.888346 9.19589e-4 -0.06825083 3.341531 -0.4696741 0.1145876 3.216027 9.19589e-4 -0.06825083 3.341531 0.001017034 0.214883 3.364292 -0.4696741 0.1145876 3.216027 -0.4696741 0.1145876 3.216027 -0.4065696 -0.102866 2.888346 -0.4696741 0.2050355 3.216027 -0.3949371 0.3892198 2.897067 -0.4065696 -0.102866 2.888346 -0.3949371 0.3892198 2.897067 0.3779657 -0.1093422 2.885515 0.3653439 0.3865427 2.904748 -0.2170965 0.2289651 3.240603 0.206888 0.2298919 3.238318 0.3653439 0.3865427 2.904748 -0.3949371 0.3892198 2.897067 -0.3949371 0.3892198 2.897067 0.3653439 0.3865427 2.904748 -0.02243894 -0.2812612 2.886959 -0.4065696 -0.102866 2.888346 -0.3949371 0.3892198 2.897067 0.4432091 0.1145879 3.213984 0.3779657 -0.1093422 2.885515 0.4432091 0.2093137 3.213984 0.3653439 0.3865427 2.904748 0.3779657 -0.1093422 2.885515 0.3653439 0.3865427 2.904748 0.3779657 -0.1093422 2.885515 0.4432091 0.1145879 3.213984 0.4432091 0.1145879 3.213984 0.4432091 0.2093137 3.213984 -0.2170965 0.2289651 3.240603 -0.4696741 0.1145876 3.216027 0.001017034 0.214883 3.364292 0.206888 0.2298919 3.238318 -0.2170965 0.2289651 3.240603 0.001017034 0.214883 3.364292 0.4432091 0.1145879 3.213984 0.4432091 0.2093137 3.213984 0.206888 0.2298919 3.238318 0.4432091 0.1145879 3.213984 -0.4696741 0.2050355 3.216027 -0.4696741 0.1145876 3.216027 -0.2170965 0.2289651 3.240603 0.00859493 0.500664 2.766176 0.0129953 -0.3326115 2.746709 0.9771223 0.2159774 3.182598 0.5376258 0.2097363 3.302104 0.923379 0.2589097 3.122092 1.146876 0.3058786 3.095337 0.9771223 0.2159774 3.182598 0.5376258 0.2097363 3.302104 0.5312831 0.03928047 3.277371 0.5312831 0.03928047 3.277371 0.923379 0.2589097 3.122092 1.146876 0.3058786 3.095337 1.777026 1.600824 3.150754 2.01053 0.09143406 3.113198 1.295321 0.09548455 3.467031 1.26698 1.603569 3.232788 0.50523 0.09953463 3.355303 0.7569356 1.606314 3.314826 1.295321 0.09548455 3.467031 2.01053 0.09143406 3.113198 1.758827 -1.415346 3.153681 1.248784 -1.4126 3.235713 0.7387352 -1.409857 3.317747 0.50523 0.09953463 3.355303 1.779157 1.600824 3.159066 1.269112 1.603569 3.2411 1.297453 0.09548455 3.475343 2.012662 0.09143406 3.12151 1.297453 0.09548455 3.475343 1.269112 1.603569 3.2411 0.7590675 1.606314 3.323137 0.5073619 0.09953463 3.363615 1.297453 0.09548455 3.475343 1.250916 -1.4126 3.244025 1.76096 -1.415346 3.161993 2.012662 0.09143406 3.12151 1.250916 -1.4126 3.244025 1.297453 0.09548455 3.475343 0.5073619 0.09953463 3.363615 0.7408674 -1.409857 3.326059 1.074956 0.1043196 3.265695 0.9943934 0.1153976 3.006318 1.074956 0.1043196 3.265695 1.047483 -0.001845598 3.122446 0.9943934 0.1153976 3.006318 1.708366 0.1031721 3.134249 1.826599 -0.03648608 3.076378 1.831246 0.1395746 3.049504 1.665709 0.1846514 3.007236 1.681371 -0.0342558 3.043129 1.814298 0.1209747 2.990092 1.821486 -0.03798353 3.021525 1.57879 0.1768084 3.004845 1.620093 0.0953291 3.126581 1.591305 -0.04209882 3.028465 1.57879 0.1768084 3.004845 0.9943934 0.1153976 3.006318 0.9943934 0.1153976 3.006318 1.57879 0.1768084 3.004845 1.591305 -0.04209882 3.028465 1.047483 -0.001845598 3.122446 1.620093 0.0953291 3.126581 1.074956 0.1043196 3.265695 1.074956 0.1043196 3.265695 1.620093 0.0953291 3.126581 -0.9768238 0.2582254 3.093657 -1.165875 0.305889 3.090183 -1.007721 0.2159775 3.147832 -1.165875 0.305889 3.090183 -0.5731831 0.2093579 3.287333 -0.5670605 0.03942638 3.262622 -0.5670605 0.03942638 3.262622 -0.9768238 0.2582254 3.093657 -0.5731831 0.2093579 3.287333 -1.165875 0.305889 3.090183 -1.007721 0.2159775 3.147832 -1.007721 0.2159775 3.147832 -1.04188 0.1152985 2.980546 -1.109569 0.1042863 3.249054 -1.109569 0.1042863 3.249054 -1.077127 -0.001851499 3.107364 -1.04188 0.1152985 2.980546 -1.733534 0.1031743 3.132385 -1.857147 0.1395868 3.048701 -1.852263 -0.03649759 3.075533 -1.691985 0.1846618 3.004988 -1.707334 -0.03426748 3.041019 -1.847048 -0.03799617 3.020784 -1.84072 0.1209853 2.989144 -1.605214 0.1768188 3.002345 -1.617461 -0.0421105 3.025821 -1.645146 0.09533131 3.123198 -1.04188 0.1152985 2.980546 -1.077127 -0.001851499 3.107364 -1.617461 -0.0421105 3.025821 -1.605214 0.1768188 3.002345 -1.605214 0.1768188 3.002345 -1.645146 0.09533131 3.123198 -1.109569 0.1042863 3.249054 -1.109569 0.1042863 3.249054 -1.645146 0.09533131 3.123198 -1.04188 0.1152985 2.980546 -1.702313 -1.54519 3.06993 -1.682723 -1.544654 2.991553 -1.677853 -0.1518843 3.002636 -1.692779 -0.152291 3.06206 -1.682723 -1.544654 2.991553 -1.810085 -1.545735 2.998587 -1.815567 -0.1527072 2.997805 -1.677853 -0.1518843 3.002636 -1.810085 -1.545735 2.998587 -1.815567 -0.1527072 2.997805 -1.713177 -0.04748791 3.002986 -1.725161 -0.04781675 3.05093 -1.791085 -0.0481497 3.007289 -1.713177 -0.04748791 3.002986 -1.791085 -0.0481497 3.007289 -1.725161 -0.04781675 3.05093 -1.713177 -0.04748791 3.002986 -1.715927 0.197852 3.003605 -1.715927 0.197852 3.003605 -1.72791 0.1975233 3.051549 -1.725161 -0.04781675 3.05093 -1.791085 -0.0481497 3.007289 -1.793835 0.19719 3.007908 -1.791085 -0.0481497 3.007289 -1.725161 -0.04781675 3.05093 -1.72791 0.1975233 3.051549 -1.793835 0.19719 3.007908 -1.754895 -2.099043 3.01266 -1.753894 -2.099034 3.012605 -1.754048 -2.099039 3.013221 -1.793835 0.19719 3.007908 -1.754048 -2.099039 3.013221 -1.753894 -2.099034 3.012605 -1.754895 -2.099043 3.01266 -0.03289282 0.301789 3.770318 -0.05358707 0.3044114 3.770318 -0.05620318 0.279149 3.795856 -0.03684246 0.2766956 3.795856 -0.1949405 -0.1215944 3.770317 -0.1252771 -0.2334631 3.770318 -0.1232736 -0.2240658 3.795855 -0.1884481 -0.1194058 3.795855 -0.01642715 0.004257857 4.075187 0.120405 0.1270714 3.944736 0.1158656 0.1344402 3.944736 -0.2609654 0.0371223 3.770317 -0.219742 -0.06001567 3.770317 -0.2116515 -0.06179505 3.795854 -0.2502185 0.02908354 3.795854 0.1752657 0.1952726 3.770319 0.1759597 0.2017775 3.770319 0.158552 0.1831287 3.795857 0.1579028 0.177043 3.795857 -0.1762955 0.08938729 3.944732 -0.1886907 0.02402698 3.944731 0.04055303 0.3035196 3.770319 0.02168387 0.3011801 3.770319 0.01421743 0.276126 3.795856 0.03187072 0.2783147 3.795856 0.05741477 -0.1664993 3.944734 0.04098302 -0.1659561 3.944734 -0.156378 0.2775672 3.770317 -0.2025616 0.2097406 3.771321 -0.195578 0.1905788 3.796795 -0.1523705 0.2540347 3.795855 -0.1479158 0.1445411 3.946341 -0.04390877 0.2106358 3.944736 -0.09058558 0.1982106 3.944736 -0.2432112 0.1307411 3.770317 -0.2336083 0.1166698 3.795855 0.1817678 0.1847181 3.770319 0.1639859 0.1671685 3.795857 -0.2026926 0.2102322 3.770317 -0.1156726 0.1918944 3.944736 -0.1040832 -0.234354 3.770318 -0.08544594 -0.2563989 3.770317 -0.08600908 -0.2455238 3.795855 -0.1034454 -0.2248995 3.795855 0.1587404 -0.05365937 3.944737 0.1743589 -0.005574524 3.944737 0.09154367 -0.2357779 3.770319 0.1916132 -0.1636012 3.770319 0.1731969 -0.1587057 3.795856 0.07957565 -0.2262315 3.795856 -0.1093357 -0.2434183 3.770317 -0.104782 -0.2396407 3.770317 -0.1040832 -0.234354 3.770318 0.1759936 0.2103356 3.770319 0.1444606 0.2739628 3.770319 0.1290826 0.2506626 3.795857 0.1585838 0.1911354 3.795857 -0.1204445 0.2866142 3.770318 -0.1187525 0.2624987 3.795856 0.06968772 -0.2401787 3.770318 0.07581716 -0.2443731 3.770318 0.09154367 -0.2357779 3.770319 -0.1599104 -0.04379022 3.944731 0.0680077 -0.235 3.770319 0.1163501 0.1389816 3.944736 0.1163738 0.1449565 3.944736 -0.1974824 -0.1071302 3.770317 -0.1908261 -0.1058736 3.795854 0.02181541 0.2100132 3.944736 0.008641898 0.2083799 3.944736 -0.06615114 -0.1808959 3.944734 0.02820169 -0.1809448 3.944734 -0.06409889 0.3104698 3.96794 0.05119156 0.3099224 3.967941 0.0401138 0.1598123 4.085359 -0.04943317 0.1602374 4.085359 0.09435892 0.189378 3.944736 0.2590485 -0.005277454 3.770319 0.254866 0.01038241 3.770319 0.2323738 0.004066765 3.795857 0.2362868 -0.01058405 3.795857 0.06665372 0.1957502 3.944736 0.2089482 0.06200718 3.663456 0.1572661 -0.1743177 3.656034 0.1433834 -0.1932115 3.596623 0.1184682 -0.1326308 3.506357 0.128959 -0.08730846 3.340981 0.1851543 0.1568342 3.370791 -0.2208361 0.06200361 3.663407 -0.1970275 0.1568326 3.370748 -0.1407932 -0.08726048 3.340954 -0.1272866 -0.1307842 3.495193 -0.1555452 -0.1933716 3.597545 -0.1691415 -0.2015442 3.646792 -0.003861308 -0.1436681 3.340969 0.128959 -0.08730846 3.340981 0.1184682 -0.1326308 3.506357 0.01835232 -0.2144803 3.502418 -0.004045665 -0.2142583 3.501074 -0.1425951 -0.08678162 3.944734 -0.09395939 -0.1648831 3.944734 -0.07916283 -0.1655052 3.944734 0.2089482 0.06200718 3.663456 0.1851543 0.1568342 3.370791 0.06847292 0.254523 3.492048 -0.2208361 0.06200361 3.663407 -0.09074997 0.2545229 3.492028 -0.1970275 0.1568326 3.370748 0.1572661 -0.1743177 3.656034 -0.004915595 -0.2011425 3.644392 0.02211236 -0.2069065 3.602584 0.1433834 -0.1932115 3.596623 -0.004915714 -0.2219082 3.669266 -0.02803903 -0.2140583 3.499868 -0.03881442 -0.2072073 3.602449 -0.004103422 -0.2825625 3.50247 0.1714388 0.005358397 3.944737 0.07712906 0.2522272 3.660342 0.128959 -0.08730846 3.340981 -0.1407932 -0.08726048 3.340954 -0.1970275 0.1568326 3.370748 -0.09074997 0.2545229 3.492028 0.06847292 0.254523 3.492048 0.1851543 0.1568342 3.370791 -0.1008235 0.2522273 3.660321 -0.1008235 0.2522273 3.660321 0.07712906 0.2522272 3.660342 0.06847292 0.254523 3.492048 -0.09074997 0.2545229 3.492028 -0.02946102 0.208805 3.944736 -0.1443697 -0.0766834 3.944731 0.1272786 -0.1161088 3.944734 -0.009747922 0.2147566 3.944736 0.2629627 0.04112303 3.631899 0.247067 0.09345054 3.626223 0.2470669 0.1073035 3.772787 0.2629626 0.0546692 3.772787 0.2012972 0.1893758 3.615817 0.2012971 0.2037916 3.772787 0.1311738 0.2754077 3.772787 0.1311739 0.2605743 3.608094 0.04515498 0.2984582 3.603984 0.04515486 0.3135139 3.772786 -0.04638451 0.298458 3.603983 -0.04638463 0.3135138 3.772786 -0.1324035 0.260574 3.608092 -0.1324036 0.2754077 3.772786 -0.1749953 0.2173291 3.612783 -0.2025268 0.1893755 3.615815 -0.2025269 0.2037915 3.772786 -0.2482964 0.09345012 3.62622 -0.2482965 0.1073035 3.772785 -0.2641922 0.04112291 3.631896 -0.2641924 0.05466902 3.772785 -0.2482964 -0.06795942 3.643729 -0.2482966 -0.05505299 3.772785 -0.2025268 -0.1638847 3.654135 -0.2025269 -0.151541 3.772786 -0.1324034 -0.2350831 3.661858 -0.1324035 -0.2231571 3.772786 -0.04638433 -0.272967 3.665968 -0.04638439 -0.2612633 3.772786 -0.04638433 -0.272967 3.665968 0.04515504 -0.2729669 3.665969 0.04515486 -0.2612631 3.772786 -0.04638439 -0.2612633 3.772786 0.131174 -0.2350829 3.661859 0.1311739 -0.223157 3.772787 0.2012973 -0.1638844 3.654137 0.2012972 -0.1515409 3.772787 0.247067 -0.06795895 3.643732 0.2470669 -0.05505269 3.772787 -0.2482966 -0.05505299 3.772785 -0.2025269 -0.151541 3.772786 -0.1324035 -0.2231571 3.772786 -0.04638439 -0.2612633 3.772786 0.04515486 -0.2612631 3.772786 0.1311739 -0.223157 3.772787 0.2012972 -0.1515409 3.772787 0.2470669 -0.05505269 3.772787 0.131174 -0.2350829 3.661859 0.04515504 -0.2729669 3.665969 -0.04638433 -0.272967 3.665968 -0.1324034 -0.2350831 3.661858 -0.2025268 -0.1638847 3.654135 -0.2482964 -0.06795942 3.643729 -0.2641922 0.04112291 3.631896 -0.2482964 0.09345012 3.62622 -0.2025268 0.1893755 3.615815 0.2012972 0.1893758 3.615817 0.247067 0.09345054 3.626223 0.2629627 0.04112303 3.631899 0.247067 -0.06795895 3.643732 0.2012973 -0.1638844 3.654137 0.09195631 0.2592017 3.795857 -0.004656791 0.3103138 3.770319 -0.03289282 0.301789 3.770318 -0.00330007 0.2963493 3.583104 0.04042863 -0.2455892 3.795856 0.05755627 -0.2255037 3.795856 0.04098302 -0.1659561 3.944734 0.02820169 -0.1809448 3.944734 -0.2116515 -0.06179505 3.795854 0.2153572 -0.07502025 3.795857 -0.02946102 0.208805 3.944736 0.04030478 0.326678 3.915913 -0.01042592 0.2846711 3.795856 0.1731969 -0.1587057 3.795856 -0.1908261 -0.1058736 3.795854 -0.1083595 -0.2333796 3.795855 -0.1034454 -0.2248995 3.795855 -0.07916283 -0.1655052 3.944734 -0.08282983 -0.1718334 3.944734 0.1047771 0.2830901 3.770319 0.02820169 -0.1809448 3.944734 0.2366774 -0.07415175 3.770319 0.2153572 -0.07502025 3.795857 -0.08282983 -0.1718334 3.944734 -0.07916283 -0.1655052 3.944734 0.01421743 0.276126 3.795856 0.04030478 0.326678 3.915913 0.04508739 0.3246033 3.915074 -0.06235474 0.3250279 3.914717 -0.03684246 0.2766956 3.795856 -0.1093357 -0.2434183 3.770317 -0.1083595 -0.2333796 3.795855 0.04970037 -0.2564689 3.770319 0.04042863 -0.2455892 3.795856 0.0680077 -0.235 3.770319 0.05755627 -0.2255037 3.795856 -0.09395939 -0.1648831 3.944734 0.07957565 -0.2262315 3.795856 0.05741477 -0.1664993 3.944734 -0.08600908 -0.2455238 3.795855 -0.06615114 -0.1808959 3.944734 -0.1232736 -0.2240658 3.795855 -0.09395939 -0.1648831 3.944734 -0.1884481 -0.1194058 3.795855 0.04042863 -0.2455892 3.795856 0.02820169 -0.1809448 3.944734 -0.04420775 -0.04484468 4.125524 -0.01315158 -0.005603611 3.915981 0.01935935 -0.04514646 4.125524 -0.06482082 0.341195 3.911769 -0.05749833 0.3533588 3.782106 0.07076418 0.35275 3.782107 0.05692172 0.3406171 3.91177 -0.03289282 0.301789 3.770318 -0.06482082 0.341195 3.911769 0.008641898 0.2083799 3.944736 0.04030478 0.326678 3.915913 0.02168387 0.3011801 3.770319 0.05692172 0.3406171 3.91177 0.02709287 0.3355681 3.604369 -0.02748382 0.336177 3.604369 0.04688584 0.07629823 4.130038 -0.009747922 0.2147566 3.944736 0.008641898 0.2083799 3.944736 -0.01315158 -0.005603611 3.915981 -0.02946102 0.208805 3.944736 -0.0624538 0.07681721 4.130038 0.02168387 0.3011801 3.770319 -0.00330007 0.2963493 3.583104 0.05692172 0.3406171 3.91177 0.04508739 0.3246033 3.915074 0.04030478 0.326678 3.915913 -0.06409889 0.3104698 3.96794</float_array>
          <technique_common>
            <accessor source="#hvysword_suebi_Mesh-mesh-positions-array" count="699" stride="3">
              <param name="X" type="float"/>
              <param name="Y" type="float"/>
              <param name="Z" type="float"/>
            </accessor>
          </technique_common>
        </source>
        <source id="hvysword_suebi_Mesh-mesh-normals">
          <float_array id="hvysword_suebi_Mesh-mesh-normals-array" count="5562">-0.3042279 -0.1016556 -0.9471598 -0.4431647 -0.046283 -0.8952447 -0.1585066 -0.1037082 -0.9818963 -0.3042581 -0.1016258 -0.9471532 -0.1584423 -0.1037423 -0.9819031 -0.1576993 -0.1544576 -0.9753326 -0.1585002 -0.1037203 -0.9818961 0.1395932 -0.04988586 -0.9889516 -0.0091784 -0.1034552 -0.9945918 -0.009171009 -0.103464 -0.994591 -0.1577078 -0.1544575 -0.9753313 -0.1584866 -0.1037419 -0.9818959 -0.1579941 0.1204401 -0.9800674 -0.44265 0.04988861 -0.8953056 -0.3031498 0.1034581 -0.9473103 -0.3031605 0.103465 -0.9473061 -0.05926769 0.1013775 -0.9930811 -0.1579867 0.1204347 -0.9800693 -0.05925303 0.1013984 -0.9930798 -0.1587947 4.25552e-7 -0.9873117 -0.00992304 0.07398474 -0.9972101 -0.009893059 0.07400363 -0.9972089 -0.1580076 0.1204354 -0.9800658 -0.05926513 0.1013936 -0.9930796 0.3042593 0.1016256 0.9471529 0.1577006 0.1544576 0.9753324 0.3042663 0.1016479 0.9471482 0.3042228 0.1016449 0.9471625 0.4431632 0.04628306 0.8952454 0.3042225 0.1016438 0.9471628 0.009173333 0.1034567 0.9945917 0.1577076 0.1544575 0.9753313 0.009172916 0.1034579 0.9945916 0.009178996 0.1034548 0.9945919 -0.1395927 0.04988616 0.9889517 0.009170949 0.1034776 0.9945895 0.3031592 -0.1034575 0.9473074 0.1560766 -0.1544584 0.9755935 0.3031596 -0.1034587 0.947307 0.3031492 -0.1034576 0.9473105 0.4426496 -0.04988884 0.8953058 0.3031561 -0.1034802 0.9473057 0.009896397 -0.07400965 0.9972085 -0.1392529 -0.1459357 0.9794445 0.009894788 -0.07400637 0.9972087 0.009922325 -0.07398098 0.9972103 0.1587957 -3.82519e-7 0.9873116 0.009928405 -0.07399356 0.9972093 0.3592411 -0.05318182 0.9317283 0.9657527 -0.09596854 0.2410636 0.9634408 0.1139769 0.2424687 0.3592736 -0.05313819 0.9317182 0.9634758 0.1139996 0.2423189 0.3676302 0.1585667 0.9163541 -0.02195799 -0.008671164 -0.9997214 -0.05479538 -0.02632367 -0.9981507 0.005851686 0.03036534 -0.9995217 0.003073394 0.03106904 -0.9995126 0.002841234 0.02611726 -0.999655 -0.02659642 -0.008354663 -0.9996113 -0.5205287 -0.01041936 0.8537806 0.3599013 -0.05318164 0.9314735 0.3682594 0.1586164 0.9160928 0.368291 0.1586408 0.9160758 -0.4962911 0.001221299 0.8681554 -0.5247455 -0.009109795 0.8512105 0.3676563 0.1583966 0.916373 0.9654549 0.0947681 0.2427262 0.9380842 0.2897621 0.1898316 0.9025002 0.3310707 0.2754735 -0.0474289 0.1590092 0.9861373 0.3676297 0.1584069 0.9163819 0.004249691 0.02387499 -0.999706 0.004134535 0.02867555 -0.9995802 -0.01122039 0.03258407 -0.999406 -0.009388148 0.03458172 -0.9993578 -0.05810767 -0.03081947 -0.9978346 0.005742907 0.02560806 -0.9996556 -0.4945355 0.002458274 0.8691539 0.3683332 0.1585895 0.9160677 -0.04731255 0.1590822 0.986131 -0.04730743 0.1590405 0.9861381 -0.5542486 0.03566962 0.8315866 -0.4928416 2.75586e-4 0.870119 0.9816726 5.45255e-4 0.1905748 0.4394503 0.007160961 -0.8982384 0.7700429 0.01019859 -0.6379106 0.6779558 0.7141225 0.1743702 0.6779562 0.7141232 0.1743664 0.9817121 0.001790404 0.1903635 0.4395338 0.007200062 -0.8981972 -0.06999361 0.007458865 -0.9975196 -0.06957858 0.008463621 -0.9975407 -0.07077682 0.004541575 -0.997482 0.7705302 0.0102508 -0.6373212 0.4395332 0.007236003 -0.8981972 -0.5404973 0.003668487 0.8413378 -0.5375208 -0.01428055 0.8431295 -0.5400457 0.003023386 0.8416303 -0.565477 -2.51277e-4 0.824764 -0.5646121 0.001592516 0.8253549 -0.5655193 -3.56108e-4 0.824735 -0.03165602 -0.7167109 -0.6966515 -0.04426431 -0.468872 -0.8821563 0.008763551 -0.9999511 -0.004595696 0.678942 0.7131262 0.1746104 0.6789399 0.7131263 0.1746184 -0.008231341 0.9999547 0.004797458 0.9689242 -0.04972249 0.242309 0.3592485 -0.05316829 0.9317262 0.7145409 -0.1369289 0.6860625 0.7143583 -0.1368798 0.6862624 0.954638 -0.167322 0.2463124 0.969031 -0.04970532 0.2418853 0.3598775 -0.05313122 0.9314855 -0.5209872 -0.007088243 0.8535351 -0.5430908 -0.01890403 0.8394612 0.3599501 -0.05321949 0.9314525 -0.5365797 -0.03221011 0.8432347 0.7160812 -0.1368535 0.6844698 -0.05487161 -0.01211661 -0.99842 -0.02294552 -0.006353795 -0.9997166 -0.04435968 -0.468376 -0.8824149 -0.04460531 -0.4683052 -0.8824402 -0.031973 -0.7164003 -0.6969565 -0.055278 -0.0120753 -0.9983981 0.9998472 0.01719331 0.003196895 0.9909728 -0.05110162 0.1239421 0.9990949 0.03766453 -0.0197758 0.9990948 0.03766244 -0.01977819 0.9976602 0.05459153 -0.0411576 0.9998475 0.01716601 0.003220498 0.4359216 0.878776 -0.1942302 0.2055735 0.8595131 -0.4679496 0.5309244 0.8459534 0.04982149 0.5309493 0.8459364 0.04984456 0.5206599 0.8294361 0.202359 0.4359287 0.8787729 -0.1942278 -0.1486493 0.9836055 0.1020964 0.06944304 0.9723376 0.2230188 -0.1015064 0.9367951 0.3348307 -0.1486642 0.9836056 0.1020743 -0.1015149 0.93679 0.3348422 -0.3748226 0.9255331 -0.05382198 -0.2233958 0.906255 0.3588821 -0.09499722 0.8655623 0.4917087 -0.2515257 0.8216614 0.5114758 -0.2515197 0.8216567 0.5114862 -0.03672969 0.9549212 0.2945786 -0.2233819 0.906259 0.3588808 -0.5962291 0.5922849 0.5419497 -0.874586 0.07683825 0.4787436 -0.09200388 0.6852376 0.7224851 -0.0919581 0.6852248 0.7225031 -0.01467102 0.7460713 0.6657044 -0.5962401 0.5922681 0.541956 -0.6550955 -0.4526119 0.6049731 -0.837275 -0.3711171 0.4015505 -0.1236353 -0.5441848 0.8298056 -0.1236721 -0.5441653 0.8298129 -0.2590033 -0.5046626 0.823549 -0.6550801 -0.452627 0.6049785 -0.9229463 -0.2708341 -0.2735308 -0.863174 -0.4884253 -0.1279504 -0.05843842 -0.8285506 0.5568565 -0.05847668 -0.8285462 0.5568587 0.2714508 -0.7004645 0.6600485 -0.9229618 -0.2707844 -0.2735277 0.3603875 -0.8699479 0.3366178 0.4012141 -0.7899813 0.4636345 0.2163526 -0.9518951 0.216996 0.3604023 -0.869941 0.3366199 0.2163779 -0.9518883 0.2170006 -0.09928828 -0.9929909 -0.06411695 -0.2957297 -0.9358341 -0.191725 0.2163757 -0.9518948 0.2169748 0.01296788 -0.999879 0.008604943 -0.2959353 -0.9358163 -0.1914946 0.01294213 -0.9998791 0.008618354 -0.2968017 -0.9354906 -0.1917449 0.2622508 -0.964933 0.01134693 0.3709853 -0.8937979 -0.2519825 0.3794588 -0.9187281 -0.1093154 0.2967491 -0.83901 -0.4560728 0.9621751 -0.1742823 -0.2093919 0.9726668 -0.2013828 -0.1156048 0.9810445 -0.1517538 -0.1205099 0.9810472 -0.1517345 -0.1205118 0.9911721 -0.1233462 -0.04861855 0.9621766 -0.1742873 -0.2093805 0.9976606 0.0545901 -0.04114949 0.9990953 0.03765219 -0.0197764 0.9992299 0.03914391 -0.002721369 0.9992309 0.03912258 -0.002694666 0.9982074 -5.15242e-5 0.05985134 0.9976601 0.05459302 -0.04115879 0.5206713 0.8294262 0.2023705 0.5309687 0.8459256 0.04982268 0.4685904 0.8463872 0.2530848 0.4685429 0.8464152 0.2530789 0.2703971 0.9624617 -0.02351659 0.5206629 0.8294366 0.2023493 -0.03670662 0.9549279 0.2945598 0.06943005 0.9723413 0.2230065 -0.1486423 0.9836108 0.1020558 -0.03673422 0.954918 0.294588 -0.1486563 0.9836075 0.1020681 -0.2233814 0.9062594 0.3588799 0.06942713 0.9723366 0.2230282 -0.01628172 0.9922613 0.123095 0.06666827 0.9046964 0.4208084 0.06943893 0.9723378 0.2230191 0.06664019 0.9047032 0.4207984 -0.1015062 0.9367933 0.3348357 -0.03672128 0.9549154 0.2945982 -0.2515102 0.8216599 0.5114858 0.002612233 0.8349834 0.5502691 0.00262016 0.8349964 0.5502493 0.201201 0.9592434 0.1984192 -0.03671306 0.9549234 0.2945736 -0.01467144 0.7460759 0.6656994 -0.09196639 0.6851961 0.7225293 0.06195801 0.5735853 0.8167994 0.06199961 0.5735851 0.8167963 -0.7309243 0.3988801 0.5537549 -0.01467829 0.7460807 0.6656938 -0.1236348 -0.5441646 0.8298189 0.116156 -0.5234645 0.844093 -0.2589637 -0.5046681 0.8235581 0.2714133 -0.7004528 0.6600764 -0.05849176 -0.8285331 0.5568766 0.5128997 -0.5522004 0.6572736 0.5128871 -0.5522179 0.6572688 0.5223574 -0.5365838 0.6627372 0.2714591 -0.7004474 0.6600632 0.2163534 -0.951895 0.2169961 0.4012157 -0.789981 0.4636336 0.517804 -0.7347049 0.4382783 0.2163596 -0.9518932 0.2169976 0.5177712 -0.7347211 0.4382898 0.01295775 -0.9998789 0.008628606 0.379481 -0.9187211 -0.1092966 0.370989 -0.8937965 -0.251982 0.4020956 -0.912874 0.07057142 0.4021044 -0.9128695 0.07057803 0.3728166 -0.9111455 0.1755613 0.3794654 -0.9187287 -0.1092867 0.9911708 -0.1233454 -0.04864585 0.9810463 -0.1517406 -0.1205115 0.9908875 -0.1091923 0.07886165 0.9908849 -0.1091994 0.07888519 0.9884516 -0.1154305 0.09817987 0.9911715 -0.1233497 -0.04861944 -0.1513966 0.9874536 -0.0448842 -0.777994 0.3410574 -0.5276412 -0.8631498 -0.4884642 -0.1279659 -0.9229534 -0.2707936 -0.2735469 -0.8372901 -0.3710931 0.4015411 -0.6550744 -0.4525858 0.6050155 -0.9958775 -0.09057378 0.004958331 -0.4309908 -0.7340124 -0.524855 -0.5365171 -0.6454932 -0.5435881 -0.3986074 -0.7674318 -0.502156 -0.4310049 -0.7339981 -0.5248635 -0.3985912 -0.7674368 -0.502161 -0.3243187 -0.8182004 -0.474727 -0.1676099 0.1352337 -0.9765341 -0.7864385 -0.08613801 -0.6116328 -0.8523358 -1.68118e-5 -0.5229949 -0.8016613 -0.2037622 -0.5619788 -0.7864339 -0.08612865 -0.6116401 -0.8016456 -0.2037923 -0.5619904 -0.7689592 0.09069651 -0.6328318 -0.9229436 -0.2708083 -0.2735656 -0.7864463 -0.08612835 -0.6116242 -0.7689733 0.09069675 -0.6328146 -0.7779858 0.3411007 -0.5276254 -0.9229269 -0.2708486 -0.2735822 -0.7689837 0.09068101 -0.6328041 -0.2127408 -0.07809549 -0.9739828 0.2174349 0.09075379 0.9718466 0.5916423 -0.03908735 0.8052526 0.4824163 -0.1125777 0.8686777 0.3603456 -0.06012225 0.9308794 0.8239493 -0.02062225 0.5662881 0.7935878 -0.01002192 0.6083734 0.8047214 8.84631e-5 0.5936528 0.8047423 9.70885e-5 0.5936242 0.8416134 0.009332478 0.54 0.8452734 -0.004253208 0.5343171 0.8047315 1.06078e-4 0.5936389 0.8452829 -0.004243493 0.5343022 0.8239458 -0.02062135 0.5662933 0.8415994 0.009346902 0.5400214 0.9050958 -0.02299052 0.4245858 0.8452739 -0.004238605 0.5343167 0.9150599 -0.3927589 0.0916835 0.5205432 -0.4474595 0.7271966 0.1161747 -0.523446 0.8441018 -0.1236287 -0.5441871 0.829805 0.01130503 0.04288446 -0.9990162 0.01010751 0.04100358 -0.9991079 0.02225363 0.08278578 -0.9963189 0.01130563 0.04287362 -0.9990167 0.02226734 0.08280402 -0.9963171 0.02493596 0.08641618 -0.995947 -0.8099787 -0.02621626 0.5858732 -0.8078143 -0.01296687 0.5892944 -0.691089 -0.656851 0.3015673 -0.8099782 -0.02621483 0.5858738 -0.6910876 -0.6568505 0.3015715 -0.692657 -0.675053 0.2540271 0.9641464 -0.2489416 0.09192347 0.9769293 -0.1953073 0.08639603 0.4591655 -0.8882162 -0.01546543 0.9641482 -0.2489354 0.09192055 0.4591629 -0.8882169 -0.01550495 0.4445811 -0.8944139 0.04869967 -0.9616793 -0.2531109 0.1053938 -0.976468 -0.1913302 0.0995143 -0.4510235 -0.8924556 0.01004606 -0.9616692 -0.2531499 0.1053933 -0.4510266 -0.8924536 0.01007789 -0.4550769 -0.888796 0.05428391 0.01805788 -0.08735859 0.9960133 0.01542812 -0.08438777 0.9963136 0.01805788 -0.08735859 0.9960133 0.01805275 -0.08735287 0.9960138 0.01805299 -0.08735269 0.9960139 0.02068251 -0.09032207 0.9956978 -0.01717019 -0.08293849 0.9964067 -0.01608419 -0.08640515 0.9961302 -0.01716995 -0.08293837 0.9964067 -0.01720035 -0.08284032 0.9964144 -0.01720064 -0.08284044 0.9964144 -0.01828616 -0.07937252 0.9966773 0.4591679 -0.8882131 -0.01556867 -0.6926553 -0.6750447 0.2540538 -0.6910702 -0.6568812 0.3015445 0.4591449 -0.8882266 -0.01547682 -0.691086 -0.6568594 0.301556 0.4445325 -0.894434 0.04877161 -0.4510174 -0.8924592 0.01000237 0.709945 -0.6471856 0.2777211 0.6914893 -0.6512145 0.3126696 -0.4510125 -0.8924611 0.01005196 0.6915186 -0.651199 0.312637 -0.4550733 -0.8887975 0.05428898 -0.8466651 0.5069487 -0.1617444 -0.5086897 0.8556939 -0.09498775 -0.9574977 -0.2866481 0.03211069 -0.9621793 -0.269508 -0.03970736 -0.8489755 0.4864825 -0.2063381 -0.5581969 0.8198776 -0.1273456 0.0295788 -0.954308 -0.2973574 0.9829365 -0.1581419 -0.09395229 0.9405019 -0.3152861 -0.1266921 0.02959722 -0.9543136 -0.2973376 0.9404877 -0.3153109 -0.1267362 0.05034977 -0.9635416 -0.2627784 -0.9982976 -0.02834838 0.05097353 -0.05421185 -0.9855237 -0.1606369 -0.9621797 -0.2695125 -0.03966426 -0.941508 -0.3133256 -0.1240553 0.3340963 -0.9019174 -0.2737239 -0.4512937 -0.8553947 -0.2542318 -0.9415065 -0.3133375 -0.1240381 -0.4512989 -0.8553749 -0.2542893 -0.972819 -0.206107 -0.1055616 -0.987914 0.09485536 0.1225902 0.03901779 -0.9847985 -0.1692618 -0.9574946 -0.2866546 0.03214365 -0.05421876 -0.9855111 -0.1607122 0.2930214 -0.9539819 0.06369602 -0.9621735 -0.2695358 -0.03965514 0.9893659 -0.1447587 0.01415073 0.2930406 -0.9539746 0.06371498 -0.05420398 -0.9855198 -0.1606633 0.7957814 0.6046461 0.03369134 0.4361053 0.890062 -0.1326723 0.9899389 -0.1310717 -0.053303 0.7957717 0.6046566 0.03373414 0.9899391 -0.1310865 -0.05326288 0.9749422 -0.2149707 -0.05723148 -0.9574939 -0.2866596 0.03212243 0.3420835 -0.9388934 0.03818356 -0.499118 -0.8346817 0.2327826 -0.8466731 0.5069476 -0.1617062 -0.9574894 -0.2866765 0.03210508 -0.4991394 -0.8346779 0.2327504 0.02959913 -0.9543077 -0.2973562 0.05033087 -0.9635642 -0.2626997 -0.9679653 -0.2366328 -0.08395403 0.02956688 -0.9542858 -0.2974301 -0.9679607 -0.2366359 -0.08399778 -0.9981378 0.05538868 -0.02555572 0.03904771 -0.984796 -0.1692694 0.9749501 -0.2149372 -0.05722361 0.9899417 -0.1310607 -0.05327874 0.9673393 -0.235021 -0.09497392 -0.4512747 -0.8554045 -0.2542328 0.3341101 -0.901919 -0.2737017 0.9673318 -0.2350417 -0.09499794 0.3341181 -0.9019153 -0.2737037 0.992111 0.1230341 -0.02405041 0.3420702 -0.938898 0.03819257 0.03903377 -0.9847953 -0.1692773 0.9899427 -0.1310536 -0.05327612 0.3421 -0.9388858 0.03822553 -0.9574925 -0.286663 0.03213328 0.03906106 -0.9847987 -0.1692511 -0.9621832 -0.2694974 -0.03968352 0.2930297 -0.9539752 0.06375879 -0.4809631 -0.8529542 0.2028389 -0.9621799 -0.2695069 -0.03969901 -0.4809604 -0.8529508 0.2028597 -0.8489825 0.4864512 -0.206383 -0.5581934 0.81988 -0.1273462 -0.4047338 0.9140936 -0.0249744 -0.998298 -0.02832436 0.05097907 -0.5582131 0.8198645 -0.1273595 -0.9982967 -0.02835202 0.0509898 -0.9621796 -0.2695137 -0.03966039 0.00428003 0.9801201 0.1983594 0.007056355 0.9799974 0.1988855 0.00428003 0.98012 0.1983596 0.004255056 0.9801211 0.1983547 0.004255115 0.9801211 0.1983547 0.001572906 0.9802322 0.1978447 -0.004070401 0.9795055 0.2013766 -0.006681144 0.9796174 0.2007615 -0.00407046 0.9795054 0.2013768 -0.004008591 0.9795027 0.201391 -0.00400865 0.9795027 0.2013911 -0.001397907 0.9793835 0.2020048 0.2930052 -0.9539852 0.06372022 0.9893683 -0.1447436 0.01412922 0.9027207 0.4214501 -0.08645927 0.2930156 -0.9539803 0.06374484 0.9027209 0.4214475 -0.08646911 -0.4809033 -0.8529766 0.2028866 0.07367336 -0.3873544 0.9189826 -0.8004012 0.02673941 0.598868 -0.8078145 -0.01296699 0.5892943 -0.8099794 -0.02621608 0.5858722 -0.8041033 0.02585846 0.5939271 -0.002076148 0.06148087 0.9981062 3.08994e-4 0.002890944 -0.9999958 0.01009595 0.04096561 -0.9991096 0.01130723 0.04287922 -0.9990163 4.72099e-5 0.003030419 -0.9999954 0.01130306 0.04287534 -0.9990166 -0.07332259 -0.393903 0.9162229 0.8016459 0.04748117 0.5959107 -0.002045452 0.06147211 0.9981067 0.9958979 -0.02072024 0.08808058 0.97693 -0.1952964 0.08641314 0.9641458 -0.2489441 0.09192264 0.8053417 0.02011495 0.5924698 0.8115313 -0.01480239 0.5841215 0.8133515 -0.02642506 0.5811724 0.002201676 0.06052339 0.9981644 0.8077175 0.02443963 0.5890631 -0.9945575 -0.02098143 0.1020544 -0.9764626 -0.1913653 0.09949988 -0.9616707 -0.2531409 0.1054002 -0.8050923 0.04709786 0.5912768 0.002238512 0.0604794 0.998167 -0.05420911 -0.9855145 -0.1606944 0.98339 -0.03633588 0.1778308 0.9893711 -0.1447268 0.01411056 -0.9679675 -0.2366243 -0.08395206 -0.7899548 0.5979503 0.1357461 -0.9981361 0.05542129 -0.02554923 0.9790808 0.2032408 0.00970155 0.9405022 -0.315289 -0.1266837 0.9829359 -0.1581568 -0.09393364 -0.9728122 -0.2061364 -0.1055658 -0.9738451 0.2265674 0.01711821 -0.9415076 -0.3133471 -0.1240051 0.6786083 0.7165613 0.1613402 0.9673392 -0.2350037 -0.09501624 0.992107 0.1230549 -0.02410674 0.8133527 -0.02642869 0.5811703 0.8115305 -0.01480716 0.5841225 0.6914703 -0.6512289 0.3126819 0.8133522 -0.02643001 0.581171 0.6915014 -0.6512171 0.3126373 0.7099873 -0.6471428 0.2777126 -0.007437527 0.03478693 -0.9993671 -0.01501703 0.05972886 -0.9981017 -1.8687e-4 0.00703144 -0.9999753 -0.0074265 0.03475105 -0.9993684 -4.48517e-5 0.007107853 -0.9999748 -0.01501625 0.05971801 -0.9981024 -0.007422626 0.03475183 -0.9993684 -0.02220839 0.08610641 -0.9960385 -0.01501786 0.05972617 -0.9981018 -0.0222035 0.08614033 -0.9960356 -0.02278757 0.08192789 -0.9963778 0.6413982 0.767123 0.01143509 0.477537 0.8601574 -0.1791304 0.9893641 -0.1447722 0.01413249 0.6413921 0.7671281 0.01144403 0.98937 -0.144736 0.01409131 0.9833893 -0.03633689 0.1778347 -0.5087179 0.8556785 -0.09497582 -0.2905094 0.9561584 -0.03695279 -0.9879127 0.09486615 0.1225932 -0.5086864 0.8556991 -0.09495878 -0.98791 0.09485334 0.1226242 -0.9574841 -0.2866895 0.0321449 -0.5086963 0.8556923 -0.094967 -0.8466758 0.5069318 -0.1617417 0.859597 0.4831489 -0.1663129 -0.5086961 0.8556914 -0.09497648 0.8596175 0.4831204 -0.1662908 0.4361162 0.8900574 -0.132667 0.4361046 0.8900541 -0.1327276 0.7957942 0.6046319 0.03364562 -0.2905144 0.9561589 -0.03689992 0.4361121 0.8900496 -0.1327325 -0.2905036 0.9561611 -0.03692722 -0.5087147 0.8556818 -0.09496414 0.4361031 0.8900579 -0.1327064 0.8596102 0.4831209 -0.1663265 0.989941 -0.1310632 -0.0532853 -0.5581846 0.8198819 -0.1273725 -0.8489711 0.486483 -0.2063553 0.9027279 0.4214255 -0.08650457 -0.5581882 0.8198894 -0.1273081 0.902715 0.421459 -0.08647626 0.4775222 0.8601682 -0.1791183 0.47754 0.8601639 -0.1790911 0.902717 0.4214617 -0.08644115 0.9893688 -0.1447387 0.01414459 0.4775366 0.860172 -0.1790617 0.6414017 0.7671194 0.01148271 -0.4047536 0.9140831 -0.02503216 0.477513 0.8601717 -0.1791252 -0.4047458 0.9140861 -0.02504783 -0.5582036 0.8198775 -0.1273177 0.3420989 -0.938886 0.0382288 0.9899408 -0.1310624 -0.05329227 0.8595934 0.483152 -0.1663233 0.3420966 -0.9388868 0.03823035 0.8596181 0.4831261 -0.1662704 -0.4991447 -0.8346531 0.232828 0.2084657 0.9775031 0.03209131 -0.1076244 0.993638 0.03317499 0.1145503 0.9898663 0.08392244 -0.1602447 0.9853048 0.05912911 0.1145575 0.9898643 0.08393579 -0.1076323 0.9936377 0.03315961 0.3130692 -0.9292452 0.1961914 0.8417054 -0.522947 0.1343814 0.4875591 -0.8556718 0.1735278 0.4875844 -0.8556684 0.1734736 -0.3177078 -0.9094438 0.2682794 0.3130425 -0.9292696 0.1961188 -0.8392693 -0.5398866 0.06441718 -0.5754392 -0.7967506 0.1845496 -0.3177017 -0.9094243 0.2683525 0.978339 -8.42003e-4 0.2070078 0.9787312 -0.003334462 0.20512 0.9808445 -0.004676103 0.1947367 0.9808545 -0.004716455 0.1946851 0.9787337 -0.00334382 0.2051078 0.9817811 -0.008580327 0.189822 -0.9760006 -0.008939087 0.2175842 -0.9780951 -0.002984821 0.2081376 -0.9747872 -0.004477798 0.2230916 -0.974783 -0.004463315 0.2231104 -0.9780959 -0.00298047 0.2081335 -0.980753 3.14251e-4 0.1952525 -0.1076232 0.9936389 0.03315466 -0.3262316 0.9451279 0.01750093 -0.1602436 0.9853062 0.05910819 0.1145753 0.9898628 0.08392935 0.3401903 0.940303 0.01005458 0.2084974 0.9774968 0.03207796 0.8416988 -0.5229516 0.1344062 0.6257587 -0.7549915 0.1959948 0.8505235 -0.4830284 0.2080707 0.6257697 -0.7549888 0.19597 0.8416897 -0.5229611 0.1344251 0.3130192 -0.9292637 0.1961835 -0.5754439 -0.7967413 0.1845749 -0.8374066 -0.5034719 0.212759 -0.3182032 -0.9390676 0.1299952 -0.8374066 -0.5034732 0.212756 -0.5754573 -0.7967325 0.1845709 -0.8392757 -0.5398813 0.06437963 0.3130167 -0.9292727 0.1961456 -0.5754505 -0.7967317 0.1845949 -0.3182262 -0.93906 0.1299944 0.3130533 -0.9292604 0.1961447 -0.3182005 -0.9390669 0.1300078 0.6257384 -0.7550054 0.1960058 -0.1076442 0.993636 0.03317171 0.1168057 0.9930368 -0.01531064 -0.2254527 0.9742437 0.004521191 0.1167862 0.993039 -0.01531922 -0.1076298 0.9936385 0.03314179 0.2084912 0.9774979 0.03208398 0.9787271 -0.003336727 0.2051394 0.9764983 -0.001974642 0.2155161 0.9762517 -0.00308299 0.2166176 0.9765045 -0.001946866 0.2154881 0.9787222 -0.003327906 0.205163 0.9783374 -8.41651e-4 0.2070153 -0.9807522 3.12798e-4 0.1952562 -0.9839445 4.53948e-4 0.1784746 -0.9838619 9.42548e-4 0.1789272 -0.9839391 4.87392e-4 0.1785046 -0.9807558 3.12564e-4 0.195239 -0.978092 -0.002981543 0.2081523 -0.3262442 0.9451233 0.01751726 -0.2254559 0.9742431 0.004476666 -0.3546254 0.9348297 0.01828473 -0.225441 0.9742465 0.00450927 -0.3262361 0.9451261 0.01751923 -0.1076594 0.9936342 0.03317511 0.2084853 0.9774993 0.03208243 0.3449732 0.9376465 0.04257577 0.116815 0.9930355 -0.01532232 0.344989 0.9376396 0.04259783 0.208488 0.9774989 0.0320723 0.3401858 0.9403043 0.01007753 -0.1286072 0.8715482 0.4731429 -0.4126681 -0.8479399 0.3327206 0.001796901 -0.8891399 0.457632 -0.424842 -0.7898416 0.4423344 0.01083213 -0.080118 0.9967265 0.01083213 -0.08013397 0.9967253 -0.2846474 -0.07672077 0.9555573 0.2448748 0.9636691 -0.1066693 0.1579467 0.5675757 -0.808029 0.2449633 0.9636468 -0.1066678 0.07668197 0.630253 0.7725937 0.5600501 0.2674835 0.7840898 0.6193553 -0.4952436 0.6092067 0.5903849 -0.3371506 0.7333316 0.3648309 -0.1263352 0.9224629 0.4855612 -0.2656094 0.8328759 0.6665716 -0.5555493 0.4970386 0.5551297 0.2748201 0.785051 0.5473842 -0.3627127 0.7541949 0.5103232 0.4756428 0.7164735 0.3935647 0.3742343 0.8396759 0.3945268 0.7526838 0.5270825 0.417028 0.1589968 0.8948786 -0.9991332 0.009389817 -0.04055565 -0.9986675 -0.005351424 -0.05132883 -0.9991332 0.009390652 -0.04055678 -0.9992655 0.024149 -0.02975434 -0.9991336 0.00941056 -0.04054063 -0.9991335 0.0094105 -0.04054057 0.9999467 -0.006175518 0.008278667 0.9997677 0.009019315 0.01957607 0.9997677 0.009019613 0.01957571 0.9997672 0.009042501 0.01959317 0.9997672 0.00904268 0.019593 0.9992293 0.02423542 0.03088188 -4.07815e-4 0.9055795 0.4241763 0.06253868 0.8916277 0.4484295 0.0413146 0.8969231 0.4402523 0.04131162 0.8969237 0.4402514 -0.001085996 0.9060298 0.4232126 -3.90767e-4 0.9055677 0.4242017 0.001566231 0.9993612 0.03570353 0.00317496 0.9994148 0.03405916 0.001566231 0.9993612 0.03570353 0.001610219 0.9993627 0.03565841 0.001610338 0.9993628 0.03565859 3.51751e-5 0.9993053 0.03726851 -0.4126841 -0.8479308 0.3327241 -0.009518921 -0.9755825 0.2194271 0.001790523 -0.8891188 0.457673 -0.214655 -0.9761203 0.03335416 -0.009533822 -0.9755819 0.219429 -0.4126824 -0.8479233 0.3327451 0.2004535 -0.9787706 0.04273867 -0.009544789 -0.9755889 0.2193979 -0.2146196 -0.9761282 0.03335052 -0.1542232 -0.09083616 0.9838517 -0.2141332 -0.9594321 0.1834045 -0.09117466 -0.6410819 0.7620376 -0.09883445 -0.8052189 0.5846831 -0.161567 -0.9862152 -0.03571701 0.1117845 -0.6463354 -0.754821 -0.1414206 -0.7648603 -0.6284815 -0.1467266 -0.9757387 0.1624974 -0.3881564 0.02092486 -0.9213559 -0.1939854 -0.787539 -0.5849376 -0.4914098 0.04338544 -0.8698472 -0.2751821 0.8499028 -0.4493776 -0.337705 -0.04948383 -0.9399505 -0.2020353 0.9665877 0.1577659 -0.1918332 0.7627303 -0.6176105 -0.1633211 0.6167368 0.7700402 -0.1542499 -0.09084016 0.9838471 -0.09121745 -0.641068 0.7620441 0.1542987 0.7787254 0.6080943 0.1423355 0.6166904 0.774231 0.1426326 -0.1161863 0.9829328 -0.2190518 0.9665761 -0.1332177 -0.1150857 0.9507609 0.2877655 -0.2120229 0.5479078 -0.8092241 0.06333386 0.6309449 0.7732384 -0.1150691 0.9507593 0.2877779 -0.01224547 0.7082409 0.7058647 -0.6686316 0.2889286 0.6851657 -0.7060458 -0.3163332 0.6335871 -0.717389 -0.4738522 0.5107026 -0.4596291 -0.03755998 0.8873164 -0.7441028 -0.4739032 0.470879 -0.5781483 -0.1740643 0.7971488 -0.6001451 0.4784529 0.6410217 -0.655262 -0.3585181 0.6649034 -0.65772 0.2773599 0.7003399 -0.5340664 0.07287698 0.8422957 -0.4911748 0.6966285 0.5229304 -0.5077944 0.2948693 0.8094424 0.1426871 -0.1161828 0.9829253 0.08958822 -0.6392847 0.7637336 0.2244148 -0.9596533 0.1694211 0.09117394 -0.8080543 0.5820098 -0.05902355 -0.6085079 -0.7913498 0.1749058 -0.9830187 -0.05551713 0.1832379 -0.7264995 -0.6622858 0.4231024 0.06388914 -0.9038267 0.1620528 -0.9770402 0.1383171 0.2247695 -0.7466377 -0.6261076 0.2977256 0.8598574 -0.4147345 0.516967 0.09180909 -0.8510677 0.3566696 -0.02133274 -0.933987 0.2130971 0.7666345 -0.6056907 0.1883838 0.9728181 0.134672 0.1423789 0.6166972 0.7742176 0.08959591 -0.6393035 0.7637171 0.1426727 -0.1161887 0.9829266 0.4055308 -0.8530103 0.3285092 0.4485359 -0.777437 0.4409165 0.00181204 -0.8891202 0.4576705 0.01079511 -0.08012896 0.996726 0.3053122 -0.0764113 0.9491817 0.01079505 -0.08011561 0.9967271 0.1244652 0.8740611 0.4696017 0.04131162 0.8969263 0.4402461 0.06252759 0.8916276 0.4484314 0.2004552 -0.978769 0.04276937 0.4055289 -0.8530206 0.328485 -0.009522259 -0.9755921 0.2193844 -0.00951159 -0.9755913 0.2193884 0.4055168 -0.8530243 0.3284903 0.001789808 -0.8891328 0.4576459 -0.3523084 0.62912 0.692883 0.2024778 0.8771464 0.4354504 -0.001546978 0.99327 0.1158121 0.2025203 0.8771496 0.4354243 0.1024286 0 0.9947404 0.202516 0.8771482 0.4354291 0.2024856 0.8771459 0.4354476 0.3746991 0.6230672 0.686577 -0.09684044 0 0.9952999 -0.0373454 0.03508341 0.9986864 -0.8400393 0.5111904 0.1817102 -0.5159341 -0.5723308 0.6373772 -0.03731966 0.03508424 0.9986873 -0.02463519 0.9763528 -0.2147757 -0.8400276 0.5112144 0.1816962 0.1222749 -0.7660629 -0.6310282 -0.704941 -0.4932965 -0.509624 -0.3503919 0.1742113 -0.9202587 -0.8400243 0.5112196 0.1816973 -0.3503759 0.1742963 -0.9202486 -0.7049621 -0.4932478 -0.5096423 -0.3503651 0.1742641 -0.9202589 -0.02463138 0.9763454 -0.214809 0.1222009 -0.7660605 -0.6310454 -0.5159197 -0.5723198 0.6373986 0.1221842 -0.766031 -0.6310845 -0.0373345 0.03506928 0.9986873 -0.5159082 -0.5723433 0.6373868 -0.7049453 -0.4932402 -0.5096727 0.1222448 -0.766056 -0.6310424 -0.02457475 0.976346 -0.2148135 -0.3503433 0.1742715 -0.9202658 -0.8400169 0.5112262 0.1817124 -0.8400182 0.5112275 0.1817026 -0.7049809 -0.4932278 -0.5096356 -0.5159134 -0.572315 0.637408 0.04693061 0.3454878 0.9372491 0.5206262 -0.5702936 0.6353846 0.8405983 0.5119702 0.1768651 0.04691714 0.3454973 0.9372463 0.8405873 0.5119808 0.1768862 0.1176915 0.6845465 -0.719406 -0.1548736 -0.9803906 -0.1218548 0.3419309 0.1755277 -0.9231866 0.7026405 -0.4925174 -0.5135396 0.8405792 0.5120084 0.1768447 0.7026779 -0.4924404 -0.5135625 0.3418948 0.1755878 -0.9231885 0.3419317 0.1755462 -0.9231827 -0.1548956 -0.9803906 -0.1218268 0.1176931 0.6845324 -0.7194191 0.5206049 -0.5702821 0.6354125 0.04698175 0.3454709 0.9372527 -0.1547919 -0.9804006 -0.1218786 0.5205406 -0.5703039 0.6354455 -0.154811 -0.9803987 -0.1218693 0.7026506 -0.4924741 -0.5135672 0.1176654 0.6845762 -0.7193819 0.8405794 0.5119927 0.1768893 0.3419371 0.1755282 -0.9231841 0.8405939 0.5119529 0.1769357 0.520587 -0.5702677 0.6354399 0.7026666 -0.4924847 -0.5135353 0.04692256 0.3454706 0.9372557 0.1176732 0.6845484 -0.7194071 -0.113467 0.9890467 0.09440279 0.04691684 0.3454729 0.9372552 -0.1134907 0.9890463 0.09437865 -0.1013155 -0.1372467 0.9853419 0.1177357 0.6845594 -0.7193865 -0.154783 -0.9804078 -0.1218312 0.08773571 -0.5787352 -0.8107823 0.1177353 0.6845508 -0.7193947 0.08776158 -0.5787113 -0.8107966 -0.1135285 0.9890407 0.09439224 0.1222832 -0.7660299 -0.6310666 -0.02461439 0.9763506 -0.2147876 -0.08488982 0.3707807 -0.9248327 0.1222579 -0.7660576 -0.6310379 -0.08492946 0.370812 -0.9248166 -0.03265762 -0.8720492 0.4883277 -0.1549674 -0.9803744 -0.1218658 0.0469219 0.3454679 0.9372568 -0.1013052 -0.1372343 0.9853447 -0.1547674 -0.9804062 -0.1218639 -0.1012867 -0.1372465 0.9853449 0.08772766 -0.5786713 -0.8108288 -0.03733175 0.03507578 0.9986872 0.122237 -0.7660611 -0.6310377 -0.03267163 -0.8720725 0.4882849 -0.03730928 0.0350905 0.9986876 -0.03266859 -0.8720657 0.4882972 0.1143047 0.470359 0.8750411 -0.02461332 0.9763509 -0.2147861 -0.0373212 0.03509461 0.9986869 0.1143265 0.4703562 0.8750398 -0.02463185 0.9763469 -0.214803 0.1143656 0.4703251 0.8750514 -0.0849896 0.3707842 -0.9248221 0.2540888 0.9521585 0.1698033 0.2084853 0.9235174 -0.3219466 -0.0501039 0.4554939 -0.8888279 -0.08570969 -0.4499537 -0.8889296 0.008715808 -0.1067818 -0.9942443 -0.03906935 -0.8576149 -0.5128065 -0.08575671 -0.4499297 -0.888937 -0.0390374 -0.8576257 -0.5127906 0.02635782 -0.9479715 0.3172625 0.05596745 -0.4595261 -0.8863992 0.07927262 -0.9962849 -0.03365141 -0.04472368 -0.9924088 -0.1145628 0.05596989 -0.4594988 -0.8864132 -0.04474747 -0.9924091 -0.1145504 -0.04976755 -0.1037386 -0.9933587 0.02633589 -0.9479814 0.3172347 -0.03898757 -0.8576151 -0.5128121 0.1152743 -0.7088301 0.6958965 0.02636098 -0.9479777 0.3172438 0.115252 -0.7088229 0.6959074 0.1330314 -0.8083029 0.5735409 -0.2520145 0.9486927 0.1909735 -0.2168279 0.9331321 -0.2867931 -0.2720308 0.7194304 0.6390769 -0.2520404 0.9486812 0.1909964 -0.2720362 0.7194424 0.639061 -0.1966343 0.5723999 0.7960487 0.2540857 0.9521557 0.169824 0.2093292 0.5865737 0.7823764 0.2818356 0.7264242 0.6267986 0.2540802 0.9521549 0.1698359 0.2818338 0.7264542 0.6267647 0.2085022 0.9235219 -0.3219225 -0.04468572 -0.9924091 -0.1145755 0.07926583 -0.9962857 -0.03364217 -0.1037363 -0.7069353 0.6996294 -0.04478365 -0.9924082 -0.1145442 -0.1037599 -0.7069194 0.6996419 -0.174896 -0.5924087 0.7864245 -0.2520512 0.9486812 0.1909817 0.02234041 0.5093903 -0.8602457 -0.2168508 0.9331302 -0.2867818 -0.3149376 0.9242709 0.2157259 -0.177889 0.7864941 0.5914242 -0.1633349 0.6167382 0.7700362 -0.2023627 0.9792924 -0.005996644 -0.1213669 0.7928638 0.597191 0.007731318 0.6834868 -0.7299219 0.244974 0.9636469 -0.1066424 0.1711319 0.7272258 0.6647229 0.2448831 0.9636698 -0.1066435 -0.01222598 0.708238 0.7058678 -0.1150559 0.950761 0.2877774 -0.2190555 0.9665775 -0.133201 -0.1633469 0.616743 0.7700299 -0.1778836 0.7864983 0.5914203 -0.1542062 -0.09083068 0.9838549 0.1423331 0.6166837 0.7742368 0.1542967 0.7786955 0.608133 0.2958968 0.9341548 0.199499 0.1124304 0.7795751 0.6161348 0.1938983 0.981006 -0.005553543 0.03733003 0.7039401 -0.7092777 0.2011937 0.9592385 0.1984505 -0.01629179 0.9922591 0.1231126 0.06942415 0.9723342 0.2230395 0.2012081 0.9592424 0.1984175 0.06942707 0.9723385 0.2230198 -0.03671312 0.9549178 0.2945918 -0.3243046 -0.818184 -0.4747647 -0.3986122 -0.7674259 -0.5021613 -0.3312696 -0.8275527 -0.4532295 -0.09927731 -0.9929904 -0.06414109 0.2163407 -0.9518923 0.2170201 -0.2957281 -0.9358345 -0.1917259 -0.09927052 -0.9929899 -0.0641601 -0.2958577 -0.9358456 -0.1914711 -0.2951726 -0.9362208 -0.190693 0.7799364 -0.01559025 0.6256646 0.793587 -0.01002192 0.6083742 0.5916575 -0.03908294 0.8052416 0.5916551 -0.03911775 0.8052417 0.3603614 -0.06012284 0.9308732 0.5248346 -0.0145173 0.8510805 0.5916402 -0.0391069 0.8052532 0.5248646 -0.01451444 0.851062 0.7799109 -0.01560097 0.6256961 -0.3176855 -0.9094414 0.2683143 -0.5754581 -0.796738 0.184544 0.3130263 -0.9292677 0.1961534 0.08914381 0.703526 0.7050564 -0.09671503 0.7125391 0.6949348 -0.06192499 0.8174853 0.5726108 0.08915233 0.7035148 0.7050666 -0.06192582 0.8174723 0.5726294 0.1078343 0.8509047 0.5141331 -0.8781949 -0.4028783 0.2578038 -0.6201205 -0.7192307 0.3133014 -0.7298441 -0.6210135 0.2857796 -0.8782297 -0.4028151 0.257784 -0.729863 -0.6210009 0.2857587 -0.922451 -0.2863257 0.2590399 0.06627666 0.03599548 0.9971519 0.7450689 0.3653867 0.5580008 0.815454 0.2373757 0.5279089 -0.9237122 -0.2031377 0.3247935 -0.8806562 -0.4017972 0.2510055 -0.8853821 -0.3897661 0.2533399 -0.9237175 -0.2031406 0.3247768 -0.885377 -0.3897745 0.2533448 -0.9198433 -0.1044053 0.3781373 0.8017004 0.06827938 0.5938135 0.8367556 -0.03254491 0.5466086 0.9146955 -0.0498901 0.4010526 0.8016961 0.06827741 0.5938194 0.9146807 -0.04989963 0.401085 0.85591 0.1693435 0.4886113 0.06631267 0.03597539 0.9971502 -0.7653198 0.2839049 0.5776535 -0.8237107 -0.03520131 0.5659167 0.01013475 0.7099588 0.7041704 -0.08977121 0.7239419 0.6839951 -0.09853613 0.7943763 0.5993806 0.01020365 0.7099516 0.7041766 -0.09847366 0.7943813 0.5993842 0.0655744 0.8129478 0.5786328 0.1635062 -0.5532618 0.816803 0.06625205 0.03599846 0.9971534 0.2450104 -0.5363439 0.807654 -0.6048442 0.5703698 0.5557354 -0.7735137 0.446081 0.4502092 -0.7613129 0.4510017 0.4658328 -0.6048156 0.5703923 0.5557435 -0.7612906 0.4510183 0.465853 -0.4890978 0.674027 0.5535982 -0.7653338 0.2838955 0.5776396 0.06626522 0.03594768 0.9971544 -0.6880491 0.424346 0.5886586 -0.01530915 0.788227 0.6151942 -0.1988562 0.7628275 0.6152646 0.06629455 0.0359525 0.9971522 -0.7735174 0.4460768 0.4502071 -0.8569959 0.2924231 0.4243192 -0.8526872 0.287786 0.4360089 -0.7734981 0.4460946 0.4502225 -0.8526535 0.2878195 0.4360527 -0.7612895 0.4510299 0.4658439 0.6393977 0.3490471 0.6850816 0.801708 0.06830263 0.5938005 0.8559061 0.1693509 0.4886155 0.6394159 0.3490315 0.6850727 0.8559172 0.1693335 0.4886022 0.7536715 0.3896866 0.529267 -0.7731616 0.4463909 0.4505068 -0.8078575 0.4808003 0.3408772 -0.8567349 0.2927863 0.4245958 -0.6045148 0.5705649 0.5558935 -0.807941 0.4807233 0.3407882 -0.7732918 0.4463133 0.4503602 -0.3827005 0.6764042 0.6292995 -0.6880522 0.4243432 0.5886572 0.06632024 0.03602385 0.997148 -0.3175882 -0.886633 0.3361842 -0.2669499 -0.8887795 0.3725708 -0.5333676 -0.7824378 0.321419 -0.317579 -0.8866363 0.3361841 -0.5333136 -0.7824643 0.3214438 0.491925 -0.8204236 0.2914019 0.06630706 0.0359646 0.997151 0.7513354 -0.3251825 0.57424 0.8060815 -0.07696497 0.5867784 0.341858 -0.8164204 0.4653935 0.6622459 -0.4855523 0.5706745 0.58933 -0.6007675 0.5401561 0.3418027 -0.8164463 0.4653884 0.5893176 -0.6007753 0.5401611 0.1546773 -0.8994446 0.4087473 3.47612e-4 -2.02614e-4 1 0.7223956 0.2178495 0.6562669 0.3357263 0.5863761 0.7371912 0.4899317 0.637421 0.5946945 0.7223976 0.2178542 0.6562632 0.4899337 0.6374188 0.5946952 0.8520451 0.1966244 0.4851371 -0.09674632 0.7125374 0.6949322 -0.1818778 0.7088978 0.6814576 -0.2077956 0.8031372 0.5583831 -0.09672957 0.7125433 0.6949284 -0.207778 0.8031403 0.5583853 -0.06195044 0.8174762 0.5726212 0 -2.46338e-5 1 -0.823714 -0.03520911 0.5659114 -0.7782717 -0.344593 0.5249276 0.06627285 0.03602892 0.9971508 -1.15856e-5 -9.30744e-5 1 -0.8569864 0.2924419 0.4243256 -0.9237078 -0.2031599 0.324792 -0.9198479 -0.1044056 0.3781262 -0.856978 0.2924369 0.424346 -0.9198575 -0.1044042 0.3781034 -0.8526623 0.2877968 0.4360505 0.06636232 0.03603023 0.9971448 0.8950223 -0.06013333 0.4419491 0.8451026 0.1404675 0.5158203 -0.8806542 -0.4018015 0.2510053 -0.9335255 -0.2513117 0.255681 -0.9079259 -0.3340985 0.2530786 -0.8806434 -0.4018147 0.251022 -0.9079155 -0.3341099 0.2531012 -0.8853691 -0.3897838 0.2533578 0.06631797 0.03598898 0.9971494 0.1124584 0.7787159 0.6172154 -0.02990913 0.7546672 0.6554257 0.06632345 0.03595203 0.9971504 -0.2522166 -0.5111552 0.8216492 -2.9747e-4 -0.5759099 0.8175132 -0.933595 -0.251327 0.2554116 -0.8782204 -0.4028402 0.2577764 -0.9224392 -0.2863499 0.2590557 -0.9335253 -0.2513002 0.2556929 -0.922425 -0.286382 0.2590706 -0.9079267 -0.3340876 0.2530903 0.6252619 -0.5229552 -0.5792802 0.1275242 0.09830683 -0.9869515 0.9958339 -0.0468052 -0.07825732 0.6252649 -0.5229585 -0.5792739 0.9958351 -0.04681086 -0.07823932 -0.03250283 0.9072106 0.4194193 0.06628471 0.03596621 0.9971524 0.8450836 0.1404634 0.5158525 0.5571147 0.5528277 0.6196812 0.7408339 0.046907 0.6700485 0.6936112 0.254616 0.6738504 0.8047242 0.2772637 0.5249227 0.7408508 0.04690396 0.6700299 0.8047305 0.277262 0.524914 0.8509569 -0.01772135 0.5249366 0.06633841 0.03595787 0.9971492 0.201246 0.7653208 0.6113788 0.1124858 0.7787121 0.6172152 0.954549 -0.2387931 -0.1783656 0.9653583 -0.2060859 -0.1600376 0.9499596 -0.1765679 -0.2576832 0.9545406 -0.2388066 -0.1783923 0.9499607 -0.17656 -0.2576846 0.9402959 -0.2722079 -0.2043195 0.9545449 -0.2388118 -0.178362 0.9403003 -0.2722064 -0.2043014 0.9494026 -0.2986326 -0.0972284 0.9493977 -0.2986509 -0.0972197 0.9679262 -0.2050703 -0.1451382 0.9545396 -0.2388147 -0.178387 -0.9496276 -0.2356665 -0.2065647 -0.9678719 -0.2052504 -0.1452455 -0.5965179 -0.6318742 -0.4948753 -0.9496181 -0.2356805 -0.206592 -0.5964995 -0.6318942 -0.4948719 -0.7142371 -0.65562 -0.2450059 -0.9496243 -0.2356772 -0.2065675 -0.714234 -0.6556256 -0.2449997 -0.532487 -0.7983511 -0.2812353 -0.9496219 -0.2356668 -0.2065901 -0.5325149 -0.7983391 -0.2812163 -0.3951209 -0.7985218 -0.4541392 0.1518234 -0.8061113 -0.5719563 0.2437227 -0.574195 -0.7816005 0.512947 -0.758619 -0.4017245 0.1518121 -0.8061016 -0.5719732 0.5129247 -0.7586373 -0.4017186 0.4706121 -0.7416617 -0.4779772 0.1517942 -0.8061097 -0.5719665 0.470636 -0.7416332 -0.4779978 -0.0472002 -0.603078 -0.7962847 0.06629657 0.03601217 0.9971499 -0.8101014 -0.2675065 0.521705 -0.5461428 -0.3400956 0.7655475 -0.2522464 -0.5111503 0.8216429 0.06630599 0.03598183 0.9971504 -0.4870978 -0.4118121 0.77016 0.7790313 0.6238867 0.0622549 0.7252968 0.6700295 0.1581302 0.7790316 0.6238862 0.0622552 -0.8055544 0.5902677 0.05163633 -0.8055481 0.5902768 0.05162829 -0.754589 0.6397691 0.1459141 0.1603456 -0.9858771 -0.04832988 0.04567515 -0.9988444 -0.01495891 0.4097757 -0.8850503 0.2208393 0.4097757 -0.885054 0.220824 0.2862378 -0.9545982 -0.08252424 0.1603118 -0.9858838 -0.0483064 0.08178162 -0.7650709 -0.6387317 -0.3951111 -0.7984953 -0.4541945 0.04570543 -0.9988433 -0.01494318 -0.7142605 -0.6555948 -0.2450051 -0.5491033 -0.6810846 -0.4843649 -0.5119611 -0.8588885 0.01437532 -0.714261 -0.6555834 -0.2450342 -0.5119456 -0.8588977 0.01437169 -0.5324857 -0.798358 -0.2812182 -0.5964983 -0.6318976 -0.4948689 0.1517927 -0.8061249 -0.5719456 -0.04717475 -0.6031128 -0.7962597 -0.5965412 -0.6318447 -0.4948849 -0.04725581 -0.6030974 -0.7962666 -0.5491235 -0.6810854 -0.4843409 -0.596522 -0.6318885 -0.494852 -0.5491377 -0.6810597 -0.4843611 -0.7142423 -0.6556203 -0.2449899 0.4097622 -0.8850501 0.2208651 0.04564559 -0.9988459 -0.0149452 0.08294129 -0.8761917 -0.4747725 0.08287292 -0.8762355 -0.4747034 0.4706248 -0.7416487 -0.477985 0.4097613 -0.8850578 0.2208358 0.08282554 -0.8762078 -0.474763 0.04570454 -0.9988438 -0.0149129 -0.511932 -0.8589055 0.01438462 -0.5119355 -0.8589039 0.01436144 -0.5490967 -0.6810852 -0.4843716 0.08288079 -0.8762122 -0.474745 0.4706297 -0.7416611 -0.4779608 0.5129259 -0.7586358 -0.4017198 0.2862499 -0.9545947 -0.08252292 0.2862389 -0.9546 -0.08249962 0.4097709 -0.8850564 0.2208238 0.4706324 -0.741666 -0.4779506 0.04568445 -0.9988437 -0.01497459 -0.3951144 -0.7985057 -0.4541734 -0.5324891 -0.7983552 -0.2812198 -0.5325072 -0.7983374 -0.2812358 -0.5119404 -0.8589006 0.01438271 0.04568582 -0.9988437 -0.01497465 0.0828287 -0.8762106 -0.4747573 -0.5491835 -0.6810355 -0.4843432 -0.04726076 -0.6030867 -0.7962744 0.08297365 -0.8762042 -0.4747437 -0.04721236 -0.6031031 -0.7962649 0.4706045 -0.7416839 -0.4779502 0.1603577 -0.9858761 -0.04830986 0.08177226 -0.7650704 -0.6387338 0.04565465 -0.9988456 -0.01493418 0.2437344 -0.5742096 -0.7815861 0.1517542 -0.8061334 -0.5719439 -0.5964649 -0.6319255 -0.4948736 0.7450895 0.3654143 0.5579552 0.06630605 0.03595739 0.9971513 0.7872821 0.2552424 0.5612827 0.7790394 0.6238771 0.06225126 0.7790387 0.6238778 0.06225061 0.8217074 0.5688641 -0.03450423 -0.1301941 0.2822151 -0.9504758 1.20412e-4 0.1211887 -0.9926295 0.08500689 0.4685819 -0.8793207 0.08501958 0.4685689 -0.8793264 7.9369e-5 0.7787443 -0.6273415 -0.1330722 0.5314804 -0.8365527 -0.130205 0.2822055 -0.9504771 0.08502405 0.4685904 -0.8793145 -0.1331065 0.5314949 -0.836538 -0.1302059 0.2822203 -0.9504726 -0.1330934 0.531461 -0.8365617 -0.6009517 0.2317251 -0.7649579 -0.8055468 0.5902783 0.05163216 -0.8055449 0.5902814 0.05162948 -0.8452696 0.5325803 -0.04333031 -1.49256e-6 0.999907 0.0136401 -2.08515e-6 0.9999071 0.01363933 -0.01526355 0.7882211 0.6152029 0.06634306 0.03599029 0.9971476 0.008741319 0.6868454 0.726751 0.06625378 0.03594666 0.9971551 0.8154425 0.2373444 0.5279408 0.8949884 -0.06014299 0.4420167 -0.8074612 -0.2828051 0.5177139 0.06630516 0.03594988 0.9971516 -0.778263 -0.344586 0.524945 0.06631451 0.0360037 0.997149 0.1635708 -0.5532637 0.8167888 0.5860818 -0.5609963 0.5846292 0.06629395 0.035999 0.9971506 0.01021039 0.5264984 0.8501148 0.008732259 0.6868539 0.7267431 0.9889094 0.1478533 -0.01405358 0.9234961 0.3819422 -0.03571105 0.9015335 0.3216353 0.289462 0.9015129 0.3216638 0.289494 0.4395162 4.78491e-4 0.8982346 0.9889087 0.1478576 -0.01405918 0.9234955 0.3819428 -0.03571897 0.7866631 0.6148332 -0.05605024 0.6125145 0.3776463 0.694413 0.6125423 0.3775833 0.6944227 0.9015205 0.3216488 0.2894876 0.9235002 0.3819318 -0.03571736 0.6005368 0.7563395 0.2594343 0.6125364 0.3775959 0.694421 0.7866629 0.6148333 -0.05605059 0.7866613 0.6148347 -0.05605655 0.2292019 0.2816905 -0.931728 0.6005456 0.7563266 0.2594521 0.2291921 0.2817059 -0.9317257 0.1310923 0.9046183 -0.405562 0.1449833 0.5049831 0.8508654 0.1449077 0.5050253 0.8508532 0.600521 0.7563494 0.2594421 0.2291801 0.2816886 -0.9317339 0.1310702 0.9046134 -0.4055802 -0.1942003 0.5990521 -0.7768029 -0.1335475 0.9602571 0.2450951 -0.1334981 0.9602589 0.2451146 0.1449435 0.5050228 0.8508486 0.1310551 0.9046127 -0.4055866 -0.1941632 0.5990777 -0.7767925 -0.590327 0.708029 -0.387568 -0.3179025 0.5265499 0.788469 -0.3179929 0.5265212 0.7884516 -0.1335073 0.9602645 0.2450875 -0.1941484 0.5990746 -0.7767986 -0.3210131 0.216114 -0.9220875 -0.8505846 0.523599 -0.04847675 -0.7561633 0.6258255 0.1912053 -0.5903464 0.708013 -0.3875678 -0.3209958 0.2161309 -0.9220896 -0.756178 0.6258102 0.1911977 -0.5903739 0.7079984 -0.3875527 -0.7561855 0.6258019 0.1911954 -0.3179222 0.5265463 0.7884635 -0.8505886 0.5235939 -0.04846501 -0.9415699 0.3353089 -0.03184652 -0.664046 0.2749655 0.6952962 -0.6640807 0.2749553 0.6952672 -0.7561726 0.6258149 0.1912034 -0.8505818 0.5236044 -0.04846656 -0.9415633 0.3353268 -0.03185039 -0.9999999 6.19501e-4 1.24317e-4 -0.9401836 0.1403374 0.3104194 -0.9401851 0.1403294 0.3104184 -0.6640798 0.2749534 0.6952689 -0.9415588 0.3353395 -0.03185194 -0.9999999 6.24978e-4 1.22661e-4 -0.9413422 -0.3357197 0.03416454 -0.9703631 -0.2404709 0.0238589 -0.970357 -0.2404945 0.02387118 -0.9401766 0.1403343 0.3104422 -0.9999998 5.98252e-4 1.34297e-4 -0.9413368 -0.3357365 0.03414964 -0.7865461 -0.6141325 0.06470441 -0.8500738 -0.5238969 0.05391377 -0.8500755 -0.523894 0.05391502 -0.9703592 -0.240487 0.02385616 -0.9413359 -0.3357381 0.0341565 -0.7865593 -0.6141161 0.06469869 -0.5157664 -0.8517511 0.09222358 -0.6199671 -0.7802198 0.0830537 -0.6199724 -0.7802149 0.08306127 -0.8500874 -0.5238731 0.0539326 -0.7865605 -0.6141133 0.06471061 -0.5157963 -0.8517348 0.09220671 -0.4050328 -0.908863 0.09958201 -0.4040431 -0.9094008 0.09868782 -0.4041153 -0.909362 0.09875082 -0.6199867 -0.7802056 0.08304184 -0.5157892 -0.851739 0.0922082 7.5744e-7 -0.9940511 0.1089154 0.2746121 -0.955902 0.1041138 0.1369602 -0.9846836 0.1078887 0.136961 -0.9846839 0.1078854 1.51488e-6 -0.9940511 0.1089149 0.2746186 -0.955901 0.1041057 0.6204863 -0.7798103 0.08302289 0.5149381 -0.8522481 0.09226047 0.5149747 -0.8522263 0.09225821 0.1369584 -0.9846822 0.1079049 0.2746125 -0.9559037 0.1040982 0.6204626 -0.7798304 0.08301067 0.8505173 -0.523182 0.05385977 0.7860881 -0.6147121 0.06476807 0.7860905 -0.6147094 0.06476283 0.5149517 -0.8522413 0.0922479 0.6204622 -0.7798305 0.08301275 0.8505258 -0.5231698 0.05384558 0.9705079 -0.2398905 0.02381396 0.9412364 -0.3360139 0.03418618 0.9412494 -0.3359783 0.03417855 0.7860901 -0.6147095 0.0647673 0.8505179 -0.5231831 0.05384165 0.9705128 -0.2398718 0.02379852 0.9889096 0.1478509 -0.01407206 0.4395471 4.54217e-4 0.8982195 0.4395593 4.82186e-4 0.8982135 0.9412342 -0.336019 0.03419882 0.9705058 -0.2399004 0.02380192 -0.6640894 0.2749774 0.6952502 -0.940196 0.1403273 0.3103864 -2.30955e-5 0 1 1.70874e-5 4.7929e-6 1 -1.55742e-6 6.63397e-6 1 -4.68736e-6 -1.59483e-6 1 -3.41749e-5 1.91716e-5 1 1.70875e-5 0 1 0.4395493 4.26032e-4 0.8982184 -9.37472e-6 2.31238e-6 1 0.4395244 3.98636e-4 0.8982306 -3.46476e-6 -5.24175e-7 1 0.43953 4.43928e-4 0.8982279 0.4395329 4.65684e-4 0.8982264 0.9015133 0.321687 0.2894674 0.6124691 0.3776759 0.6944369 0.6125282 0.3775842 0.6944346 0.6005494 0.7563242 0.2594494 0.1449257 0.5050168 0.8508554 0.4395192 4.14029e-4 0.8982332 0.6124973 0.3776105 0.6944475 0.1449255 0.5049898 0.8508713 -2.28904e-6 4.61737e-7 1 0.4395313 4.64201e-4 0.8982272 0.1448863 0.5050061 0.8508684 0.1449012 0.5049924 0.8508738 -0.1335489 0.9602596 0.2450847 -0.3179172 0.5265675 0.7884513 -3.29551e-6 7.47511e-7 1 0.144876 0.5050093 0.8508682 -0.3179427 0.5265531 0.7884506 -0.6641004 0.2749143 0.6952645 0 0 1 -0.317967 0.5265367 0.7884517 -0.7562037 0.6257945 0.1911476 -0.6641202 0.274866 0.6952648 -0.3179536 0.5265395 0.7884554 5.63619e-6 -0.1078523 -0.994167 1.70875e-5 -0.1078272 -0.9941697 -1.70875e-5 -0.1078483 -0.9941675 9.3747e-6 -0.1078432 -0.9941679 -1.36194e-4 -0.1078172 -0.9941707 0 -0.1078314 -0.9941693 -0.3209824 0.2161335 -0.9220936 -0.3210493 0.2161303 -0.9220711 -0.5903878 0.7079832 -0.3875589 -0.1942142 0.5990415 -0.7768077 -0.1942434 0.5990418 -0.7768001 0.1310563 0.904632 -0.4055433 0.2292482 0.2816661 -0.931724 -0.321003 0.2161594 -0.9220804 -0.1942151 0.5990511 -0.7768002 0.2292078 0.2816859 -0.9317279 5.32338e-6 -0.1078382 -0.9941685 -0.320977 0.2161255 -0.9220975 0.2292444 0.2816685 -0.9317241 0.2291871 0.2816995 -0.9317288 -1.70875e-5 -0.1078344 -0.9941689 -4.61915e-5 -0.1078445 -0.9941678 0.2292256 0.2816758 -0.9317265 1.26711e-5 -0.1078443 -0.9941679 6.1041e-6 -0.1078415 -0.9941682 0.2292094 0.2816866 -0.9317274 5.63022e-6 -0.1078429 -0.994168 4.68736e-6 -0.1078374 -0.9941686 -1.70874e-5 -0.1078338 -0.9941689 0.8520332 0.1966322 0.4851549 0.4899542 0.6374098 0.5946878 0.5571196 0.5527902 0.6197103 0.8520443 0.196624 0.4851388 0.5571196 0.5527946 0.6197064 0.8450904 0.1404662 0.5158406 0.4899333 0.6373841 0.5947325 0.2169247 0.7876714 0.5766433 0.2012531 0.7653136 0.6113857 0.4899318 0.6373783 0.59474 0.2012481 0.7653145 0.6113861 0.5571488 0.5528011 0.6196743 -0.7613269 0.4509888 0.4658226 -0.8526706 0.2877866 0.4360412 -0.7653365 0.2838919 0.5776379 -0.7613058 0.4510082 0.465838 -0.7653304 0.2838996 0.5776422 -0.6880474 0.4243127 0.5886845 0.8559119 0.1693475 0.4886065 0.9146932 -0.04990351 0.4010564 0.8949824 -0.0601533 0.4420273 0.8559231 0.1693665 0.4885804 0.8950095 -0.06015372 0.4419724 0.8154616 0.2373833 0.5278937 -0.02029299 -0.9970358 0.07421499 0.2882503 -0.9547452 0.07330477 -0.02029323 -0.9970336 0.07424443 0.7194813 -0.6135199 0.3254845 0.2375925 -0.8924885 0.3834244 0.508457 -0.7785024 0.3679751 0.7194758 -0.613525 0.3254871 0.5084499 -0.7785049 0.3679797 -0.4891087 0.6740365 0.5535771 -0.761305 0.4510062 0.4658414 -0.6880506 0.4243405 0.5886607 -0.4891199 0.6740206 0.5535865 -0.6880583 0.4243263 0.5886621 -0.3827081 0.6764022 0.629297 -0.9198461 -0.1043885 0.3781352 -0.854249 -0.3897523 0.3440235 -0.7782581 -0.3445904 0.5249494 -0.9198507 -0.1043872 0.3781245 -0.7782574 -0.3445942 0.5249479 -0.8237074 -0.03518545 0.5659224 0.8653995 -0.3306124 0.3765356 0.8509547 -0.01772665 0.52494 0.8060769 -0.0769484 0.586787 0.8653995 -0.3306124 0.3765357 0.8060761 -0.07695019 0.586788 0.7513394 -0.325181 0.5742354 -0.06196463 0.8174848 0.5726073 -0.2077938 0.8031648 0.558344 -0.1988616 0.762813 0.6152808 -0.06198042 0.8174785 0.5726144 -0.1988808 0.762808 0.6152808 -0.01529937 0.7882227 0.6151998 -0.847922 0.4979719 0.181803 -0.03809034 0.9068771 0.4196704 0.9958263 -0.04680901 -0.07835119 0.9958264 -0.04684311 -0.07833051 0.127503 0.09832149 -0.9869529 -0.8247502 0.4595339 0.3295693 -0.8247552 0.4595295 0.3295628 -0.1883224 0.6525909 0.7339345 -0.8479162 0.4979792 0.1818102 0.9958388 -0.04675054 -0.07822734 -0.8247472 0.4595405 0.3295676 -0.84792 0.4979811 0.1817868 0.7484812 -0.5397511 0.3852851 0.8654066 -0.3305951 0.3765348 0.7513477 -0.3252 0.5742141 0.7485046 -0.5397175 0.3852869 0.7513586 -0.3251801 0.574211 0.5860843 -0.5609908 0.584632 -0.8542436 -0.3897656 0.3440214 -0.9109304 -0.2446344 0.3322045 -0.8074739 -0.2827993 0.5176973 -0.8542425 -0.3897672 0.3440225 -0.8074756 -0.2827972 0.5176959 -0.7782755 -0.3445785 0.5249314 0.5573014 -0.7967061 0.2338263 -0.287775 -0.8724599 0.3949673 0.5184278 -0.8199831 0.2426115 0.5572309 -0.796768 0.2337833 0.5184109 -0.8199989 0.2425948 -0.04731041 -0.9202439 0.3884751 0.1078404 0.8508882 0.5141593 -0.06196045 0.8174774 0.5726182 -0.01527988 0.7882075 0.6152198 0.1087716 0.8507717 0.5141559 -0.01529395 0.788207 0.6152203 0.00875473 0.6868546 0.7267422 0.8047172 0.2772883 0.5249205 0.7536709 0.3897093 0.5292511 0.7450961 0.3653933 0.5579602 0.8047163 0.27729 0.5249209 0.7450941 0.3653972 0.5579604 0.7872771 0.2552202 0.5612999 0.06555622 0.8129619 0.5786151 -0.09848195 0.7943868 0.5993755 -0.02987283 0.7546702 0.6554241 0.06553596 0.8129464 0.5786392 -0.02989077 0.7546648 0.6554292 0.1124843 0.7787178 0.6172083 0.3357704 0.5863772 0.7371703 0.1920998 0.6667351 0.7201126 0.2169067 0.7876664 0.5766568 0.3357699 0.5863674 0.7371783 0.2169203 0.7876615 0.5766584 0.4899178 0.6374206 0.5947064 0.06636822 0.03605663 0.9971435 -0.8074691 -0.2827787 0.5177161 -0.8100856 -0.2675164 0.5217244 0.2450662 -0.536335 0.8076432 0.06635016 0.03596544 0.9971481 0.4916006 -0.4191868 0.7632899 0.1920994 0.6667392 0.7201088 0.01019489 0.7099504 0.7041779 0.0655564 0.8129565 0.5786228 0.1920917 0.6667416 0.7201088 0.06554406 0.8129619 0.5786164 0.2169272 0.7876588 0.5766598 0.6622465 -0.4855747 0.5706547 0.7408358 -0.2837178 0.608824 0.7316778 -0.323845 0.59981 0.662238 -0.4855673 0.5706709 0.7316557 -0.3238851 0.5998154 0.5893259 -0.6007798 0.540147 0.0663172 0.03601264 0.9971485 0.3507375 -0.6392218 0.684382 0.8420453 -0.4879065 0.2300152 0.01025176 0.5265015 0.8501124 0.06636142 0.03597134 0.9971471 -0.02987843 0.7546675 0.6554269 0.6006404 0.7556582 -0.2611744 -0.1883561 0.6526046 0.7339137 0.2966147 0.8553987 -0.4246328 0.600699 0.7556138 -0.2611679 0.296634 0.8553946 -0.4246274 0.9479077 0.2554786 -0.190268 0.9955239 0.09427648 0.00664246 -0.6848664 0.4790368 0.5490736 -0.847922 0.4979569 0.1818445 -0.8479204 0.4979489 0.1818736 0.6252813 -0.5229369 -0.5792756 0.9955319 0.09419476 0.006608784 0.5353522 -0.7928389 0.2912124 -0.3175774 -0.8866308 0.3361998 0.4919226 -0.8204131 0.2914352 0.5354235 -0.7928037 0.2911771 0.49195 -0.820388 0.2914602 -0.06417036 -0.9279087 0.3672434 -0.2669442 -0.8887701 0.372597 0.4753202 -0.7339198 0.4852138 0.2374131 -0.859629 0.452408 -0.2669404 -0.8887728 0.3725934 0.2374069 -0.8596193 0.4524298 -0.5333198 -0.782461 0.3214421 -0.1988418 0.7628216 0.6152765 -0.3826965 0.6764076 0.6292982 0.06629717 0.03594857 0.9971522 0.8367599 -0.03254002 0.5466023 0.7224003 0.2178558 0.6562597 0.8520501 0.1966215 0.4851295 0.8367645 -0.03254276 0.546595 0.8520445 0.1966236 0.4851384 0.9147006 -0.04989415 0.4010405 -0.1819238 0.7088911 0.6814523 -0.6048189 0.5703861 0.5557463 -0.4891312 0.674008 0.5535919 -0.1819194 0.7088894 0.6814552 -0.4891255 0.6740156 0.5535876 -0.2077963 0.8031417 0.5583764 0.6936143 0.2546263 0.6738433 0.6394227 0.349033 0.6850654 0.7536842 0.3896976 0.5292409 0.6936036 0.2546239 0.6738552 0.7536672 0.3896827 0.5292761 0.8047111 0.2772732 0.5249379 0.7408273 -0.2837557 0.6088166 0.7408333 0.04690182 0.6700496 0.850952 -0.01772022 0.5249446 0.7408024 -0.2837632 0.6088435 0.8509374 -0.01772862 0.5249679 0.7316364 -0.3238912 0.5998355 0.4752945 -0.7339082 0.4852567 0.2174905 -0.8824242 0.4171636 0.468577 -0.7480571 0.4699428 0.475301 -0.7339087 0.4852494 0.4685773 -0.7480525 0.4699498 0.2373937 -0.8596162 0.4524424 0.8060826 -0.07694309 0.5867798 0.7872919 0.255235 0.5612724 0.06629765 0.03596943 0.9971514 -0.6201494 -0.7192032 0.3133074 0.5354145 -0.7927879 0.2912366 -0.06423729 -0.9279209 0.3672007 -0.6201549 -0.7192054 0.3132914 -0.06424432 -0.9279282 0.367181 -0.729842 -0.6210196 0.2857719 0.2174732 -0.8824363 0.4171472 0.341816 -0.8164458 0.4653796 0.154657 -0.8994653 0.4087096 0.2174752 -0.8824342 0.4171506 0.1546621 -0.899465 0.4087083 0.4685533 -0.7480638 0.4699559 0.06629103 0.03599745 0.9971508 -0.3057867 -0.4896227 0.8165564 0.3506376 -0.63924 0.6844162 0.7513223 -0.3252024 0.5742457 0.06629508 0.03599435 0.9971507 0.5860984 -0.5609729 0.5846352 0.06635242 0.03596019 0.9971481 0.5571349 0.5528081 0.6196806 0.2012327 0.7653211 0.6113829 0.8509501 -0.01775217 0.5249463 0.8047263 0.2772698 0.5249162 0.7872979 0.2552195 0.561271 0.8509473 -0.01774692 0.5249512 0.7873022 0.2552118 0.5612685 0.8060702 -0.07694035 0.5867975 0.9146825 -0.04989629 0.4010816 0.8520317 0.1966198 0.4851626 0.8450788 0.1404572 0.5158619 0.9147042 -0.04988992 0.4010328 0.8450809 0.1404645 0.5158568 0.8949921 -0.06014442 0.4420089 0.2169234 0.7876672 0.5766496 0.06556546 0.8129452 0.5786375 0.1124554 0.7787052 0.6172294 0.2169295 0.7876645 0.5766509 0.1124603 0.7787032 0.617231 0.2012529 0.765331 0.6113639 0.2375693 -0.8924965 0.38342 0.3651438 -0.8439387 0.3929852 0.1665525 -0.9063017 0.3884297 0.2375687 -0.8925042 0.3834023 0.1665518 -0.9063094 0.3884119 0.5084328 -0.7785138 0.3679842 -0.2077957 0.8031377 0.5583824 -0.4891068 0.6740351 0.5535804 -0.3827036 0.6764273 0.6292728 -0.2077887 0.8031395 0.5583825 -0.3827171 0.6764283 0.6292635 -0.1988486 0.7628104 0.6152883 0.7536649 0.389692 0.5292724 0.8559131 0.1693395 0.4886072 0.8154741 0.2373672 0.5278815 0.753673 0.3896818 0.5292687 0.81546 0.2373755 0.5278997 0.7450993 0.3653988 0.5579524 0.3651595 -0.8439391 0.3929699 0.748487 -0.5397388 0.3852913 0.5860898 -0.5609748 0.5846418 0.3651623 -0.8439474 0.3929496 0.5860803 -0.5609789 0.5846474 0.1665707 -0.9063076 0.3884081 -0.852662 0.287821 0.4360352 -0.9198573 -0.1044028 0.3781043 -0.8237072 -0.03518956 0.5659226 -0.8526617 0.2878133 0.4360409 -0.8237196 -0.03521138 0.565903 -0.7653331 0.2839272 0.5776252 -0.2877964 -0.8724432 0.3949887 -0.2560391 -0.8737874 0.4134483 -0.5115876 -0.7611433 0.3986717 -0.2877591 -0.8724418 0.3950189 -0.5115626 -0.7611681 0.3986565 0.5183855 -0.8200194 0.2425792 -0.5997413 -0.6960295 0.3947827 0.557258 -0.7967481 0.2337867 -0.04726773 -0.9202224 0.3885313 -0.5997534 -0.6960207 0.3947798 -0.04723387 -0.9202201 0.3885409 -0.7050748 -0.6003174 0.3774768 -0.8525311 -0.3899673 0.3480175 -0.5997279 -0.6960461 0.3947738 -0.70505 -0.600341 0.3774853 -0.8525313 -0.3899681 0.3480166 -0.7050505 -0.6003429 0.3774814 -0.8101136 -0.2675147 0.521682 -0.910938 -0.2446073 0.3322035 -0.8525368 -0.3899579 0.3480142 -0.8101208 -0.2675023 0.521677 -0.9109279 -0.2446324 0.3322128 -0.8101129 -0.2675277 0.5216764 -0.807491 -0.2827767 0.5176829 -0.2560248 -0.8737835 0.4134657 -4.79243e-4 -0.9172763 0.3982513 -0.2560209 -0.8737895 0.4134555 -4.74208e-4 -0.9172767 0.3982504 -0.5115701 -0.7611473 0.3986864 -0.7215763 -0.4613277 0.5162405 0.5492267 -0.7126987 -0.4363608 0.8071748 -0.5854434 0.07566374 0.2501372 -0.9277062 -0.2771146 -0.484422 0.4831756 0.7292988 0.5240858 -0.6903423 0.4987601 0.2501253 -0.9277048 -0.2771301 0.5240056 -0.6903502 0.4988334 -0.004535377 -0.9561622 -0.2928026 -0.8479195 0.4979669 0.1818283 -0.1883293 0.6525989 0.7339257 -0.6848547 0.4789736 0.5491434 -0.684878 0.4790263 0.5490682 0.9955281 0.09423327 0.006625831 0.6252501 -0.5230215 -0.5792331 0.6252631 -0.5229215 -0.5793093 -0.03810071 0.9069148 0.4195879 -0.8479256 0.4979697 0.1817923 -0.6848098 0.4789735 0.5491995 0.6252611 -0.522962 -0.5792748 -0.847918 0.4979796 0.1818003 -0.484441 0.4831781 0.7292845 -0.8889708 -0.3979683 -0.2266103 -0.6848379 0.4790459 0.5491013 -0.6848537 0.4789719 0.5491461 0.9955275 0.09424108 0.006611704 -0.9477751 -0.283001 -0.1470806 -0.6848579 0.4789798 0.5491338 -0.9477766 -0.2830076 -0.1470591 -0.4843946 0.48318 0.7293141 0.9958333 -0.04683703 -0.07824653 0.7678156 -0.5327705 -0.3558299 0.6006339 0.755656 -0.2611956 0.9479007 0.2554638 -0.1903225 0.4190868 0.886162 0.1976947 0.1275241 0.09823441 -0.9869588 0.9958333 -0.04681754 -0.07825744 0.6006775 0.7556471 -0.2611209 0.9478824 0.255504 -0.1903597 0.9478814 0.2555006 -0.1903693 0.1275269 0.09827286 -0.9869546 0.9958326 -0.046817 -0.07826709 0.9478909 0.2555122 -0.1903067 0.600631 0.7556577 -0.2611969 0.8052024 -0.5910401 -0.04817551 0.8051806 -0.5910696 -0.04817533 0.5240311 -0.6903619 0.4987905 -0.5512124 -0.6677483 -0.5002771 0.80518 -0.5910713 -0.04816657 -0.5512275 -0.6677051 -0.5003182 0.9478894 0.2554904 -0.1903429 -0.4843916 0.4831772 0.7293179 0.5240676 -0.6903231 0.4988058 0.347612 0.790134 -0.5048309 -0.4844555 0.4831656 0.7292832 0.3475548 0.7901344 -0.5048697 -0.7939063 0.2683686 -0.5456107 0.5491685 -0.7126844 -0.4364575 0.7677852 -0.5327975 -0.3558552 0.9958336 -0.04681044 -0.07825869 0.9958333 -0.04682838 -0.07825112 0.3372261 0.08485603 0.9375917 0.807165 -0.5854625 0.07562065 0.9958332 -0.04680728 -0.07826435 0.8071733 -0.5854511 0.07562059 0.5491892 -0.7126858 -0.436429 0.002705037 0.1293531 -0.991595 0.04458349 0.1285877 -0.9906955 0.002705037 0.1293487 -0.9915955 -0.03922581 0.1298896 -0.9907523 0.002657115 0.1293502 -0.9915955 0.002657234 0.1293498 -0.9915955 -0.6063859 0.2719808 0.7472099 -0.03806912 0.9069 0.4196228 -0.847913 0.4979964 0.1817774 -0.8479188 0.4979633 0.1818417 0.5491361 -0.7127128 -0.4364518 -0.7215176 -0.4613792 0.5162767 -0.8479217 0.4979695 0.1818107 -0.7215181 -0.4613841 0.5162717 -0.6064138 0.2720421 0.747165 -0.3268595 -0.9426276 0.06794315 -0.02028375 -0.9970338 0.0742439 -0.02028363 -0.9970363 0.07421189 0.5240091 -0.6903836 0.4987834 0.8051939 -0.5910505 -0.04818826 0.3640219 -0.6560387 -0.6611364 0.5240848 -0.6903284 0.4987805 0.3639736 -0.6560754 -0.6611266 0.3476046 0.7901151 -0.5048655 -0.8889626 -0.3979815 -0.2266193 -0.4843853 0.4831264 0.7293558 -0.7939141 0.268397 -0.5455855 -0.888967 -0.3979691 -0.2266238 -0.7939318 0.2683803 -0.5455679 0.3639833 -0.6560401 -0.6611564 -0.7939245 0.2683561 -0.5455905 0.3475365 0.7901448 -0.504866 0.3639472 -0.6560536 -0.6611629 0.12751 0.09830546 -0.9869535 -0.7515184 0.6081593 0.2556608 -0.2082214 0.9359593 0.2839435 0.1275264 0.09823763 -0.9869582 -0.2082262 0.9359616 0.2839327 0.4190762 0.8861671 0.1976949 0.2500934 -0.9277034 -0.2771639 0.9834308 0.1640691 0.07710498 0.9955278 0.0942372 0.006615698 0.12746 0.0983082 -0.9869597 0.6252673 -0.5229557 -0.5792738 0.250115 -0.9277103 -0.2771211 0.1274958 0.09830385 -0.9869555 0.2501158 -0.9277104 -0.2771202 -0.004539728 -0.9561715 -0.2927722 0.6006233 0.755681 -0.2611474 0.9478797 0.2555374 -0.1903278 -0.5512072 -0.6677197 -0.500321 -0.4843474 0.4831265 0.7293809 -0.9477571 -0.2830469 -0.1471083 0.9955286 0.09422987 0.006608307 -0.4844169 0.4831827 0.7292975 0.9955264 0.09425216 0.006613194 -0.6848723 0.4789863 0.5491102 0.6006297 0.7556864 -0.2611174 -0.5512297 -0.6677469 -0.5002599 0.5240644 -0.6903596 0.4987587 -0.4843924 0.4831898 0.7293091 -0.684899 0.4789592 0.5491005 -0.1883194 0.6525911 0.7339351 -0.1882709 0.6526103 0.7339304 0.6005994 0.7556774 -0.2612127 0.5240456 -0.6903694 0.4987649 -0.1883159 0.6526009 0.7339273 0.5240209 -0.6903589 0.4988054 -0.4844217 0.4831659 0.7293054 -0.721524 -0.4613814 0.5162659 0.8071795 -0.5854478 0.07557916 0.3372434 0.08490228 0.9375812 -0.7215716 -0.4613087 0.5162642 0.3372469 0.08488619 0.9375815 -0.606402 0.2720395 0.7471755 0.9958297 -0.04661899 -0.07842099 -0.0380879 0.9068737 0.4196777 -0.6064026 0.2720068 0.7471868 0.9958299 -0.046768 -0.07833087 -0.6064167 0.2720416 0.7471628 0.3372113 0.08485722 0.9375969</float_array>
          <technique_common>
            <accessor source="#hvysword_suebi_Mesh-mesh-normals-array" count="1854" stride="3">
              <param name="X" type="float"/>
              <param name="Y" type="float"/>
              <param name="Z" type="float"/>
            </accessor>
          </technique_common>
        </source>
        <source id="hvysword_suebi_Mesh-mesh-map-0">
          <float_array id="hvysword_suebi_Mesh-mesh-map-0-array" count="3864">0.692978 0.04626697 0.715713 0.2335829 0.645179 0.2335829 0.692978 0.04626697 0.645179 0.2335829 0.645179 0.04626697 0.645179 0.2335829 0.574645 0.2335829 0.597381 0.04626697 0.597381 0.04626697 0.645179 0.04626697 0.645179 0.2335829 0.644279 0.2331439 0.714812 0.2331439 0.692077 0.04582798 0.692077 0.04582798 0.644279 0.04582798 0.644279 0.2331439 0.644279 0.04582798 0.59648 0.04582798 0.573745 0.2331439 0.573745 0.2331439 0.644279 0.2331439 0.644279 0.04582798 0.775471 0.01854997 0.852593 0.01783698 0.855636 0.251494 0.855636 0.251494 0.738981 0.252045 0.775471 0.01854997 0.853634 0.251921 0.856676 0.01897299 0.779553 0.01887398 0.779553 0.01887398 0.740334 0.251984 0.853634 0.251921 0.855636 0.251494 0.855322 0.4844411 0.7782 0.485155 0.7782 0.485155 0.738981 0.252045 0.855636 0.251494 0.853947 0.485577 0.853634 0.251921 0.740334 0.251984 0.740334 0.251984 0.776824 0.485479 0.853947 0.485577 0.537733 0.783363 0.537636 0.783401 0.41019 0.782893 0.537733 0.783363 0.41019 0.782893 0.410264 0.782852 0.537636 0.783401 0.537832 0.761339 0.41034 0.758498 0.41034 0.758498 0.41019 0.782893 0.537636 0.783401 0.537832 0.761339 0.537733 0.783363 0.410264 0.782852 0.410264 0.782852 0.41034 0.758498 0.537832 0.761339 0.410264 0.782852 0.41019 0.782893 0.391277 0.776704 0.391277 0.776704 0.391336 0.776681 0.410264 0.782852 0.41019 0.782893 0.41034 0.758498 0.391397 0.763209 0.391397 0.763209 0.391277 0.776704 0.41019 0.782893 0.41034 0.758498 0.410264 0.782852 0.391336 0.776681 0.391336 0.776681 0.391397 0.763209 0.41034 0.758498 0.286208 0.306985 0.287823 0.1751369 0.454679 0.1739369 0.346828 0.776249 0.346888 0.776226 0.391336 0.776681 0.287823 0.1751369 0.287707 0.175135 0.454563 0.1739349 0.454563 0.1739349 0.454679 0.1739369 0.287823 0.1751369 0.391397 0.763209 0.391336 0.776681 0.346888 0.776226 0.346888 0.776226 0.346948 0.762754 0.391397 0.763209 0.630078 0.773488 0.630076 0.773661 0.630077 0.77366 0.346888 0.776226 0.346828 0.776249 0.346948 0.762754 0.537636 0.783401 0.537733 0.783363 0.630077 0.77366 0.630077 0.77366 0.630076 0.773661 0.537636 0.783401 0.537733 0.783363 0.537832 0.761339 0.630078 0.773488 0.537733 0.783363 0.630078 0.773488 0.630077 0.77366 0.537832 0.761339 0.537636 0.783401 0.630076 0.773661 0.630076 0.773661 0.630078 0.773488 0.537832 0.761339 0.155724 0.109937 0.187156 0.110031 0.188786 0.070535 0.188786 0.070535 0.158085 0.06925898 0.155724 0.109937 0.04818999 0.10855 0.112534 0.1094989 0.113564 0.07000201 0.113564 0.07000201 0.04982095 0.06905502 0.04818999 0.10855 0.04524999 0.108689 0.04758995 0.06924402 0.008047997 0.068048 0.04524999 0.108689 0.008047997 0.068048 0.007018983 0.107544 0.073722 0.1095409 0.129097 0.109718 0.128782 0.07021701 0.128782 0.07021701 0.07400798 0.07004201 0.073722 0.1095409 0.005873978 0.108537 0.135995 0.1088789 0.13545 0.06937801 0.13545 0.06937801 0.00555998 0.069036 0.005873978 0.108537 0.135178 0.109793 0.005058944 0.1094499 0.004842996 0.07114702 0.004842996 0.07114702 0.134733 0.07148802 0.135178 0.109793 0.1261709 0.1112509 0.04387998 0.111006 0.04426598 0.07270401 0.04426598 0.07270401 0.1259559 0.07294702 0.1261709 0.1112509 0.06313896 0.01005601 0.09805399 0.011101 0.101427 0.07251602 0.06313896 0.01005601 0.101427 0.07251602 0.06303095 0.07135599 0.09826695 0.1107429 0.101427 0.07251602 0.128989 0.07334899 0.09826695 0.1107429 0.128989 0.07334899 0.1286039 0.111651 0.11172 0.110412 0.04737395 0.1094639 0.04910296 0.07116597 0.142707 0.06788098 0.186201 0.06830501 0.185072 0.1066039 0.18634 0.110944 0.154908 0.1108499 0.157633 0.070463 0.157633 0.070463 0.1880699 0.07264602 0.18634 0.110944 0.158085 0.06925898 0.188786 0.070535 0.188394 0.01043099 0.188394 0.01043099 0.156961 0.010338 0.158085 0.06925898 0.04982095 0.06905502 0.113564 0.07000201 0.113773 0.00989902 0.113773 0.00989902 0.04942697 0.008951008 0.04982095 0.06905502 0.07400798 0.07004201 0.04758995 0.06924402 0.04524999 0.108689 0.07400798 0.07004201 0.04524999 0.108689 0.073722 0.1095409 0.04758995 0.06924402 0.04743295 0.009118974 0.008255958 0.007946014 0.04758995 0.06924402 0.008255958 0.007946014 0.008047997 0.068048 0.07400798 0.07004201 0.128782 0.07021701 0.130334 0.01011997 0.130334 0.01011997 0.07495695 0.009941995 0.07400798 0.07004201 0.00555998 0.069036 0.13545 0.06937801 0.137233 0.009280025 0.137233 0.009280025 0.007111966 0.008937001 0.00555998 0.069036 0.004842996 0.07114702 0.136417 0.01019299 0.134733 0.07148802 0.1259559 0.07294702 0.04426598 0.07270401 0.04511696 0.01140701 0.04511696 0.01140701 0.1274099 0.01165199 0.1259559 0.07294702 0.101427 0.07251602 0.09805399 0.011101 0.129842 0.01205199 0.101427 0.07251602 0.129842 0.01205199 0.128989 0.07334899 0.186201 0.06830501 0.142707 0.06788098 0.142215 0.006578981 0.142215 0.006578981 0.1863099 0.007004976 0.186201 0.06830501 0.1880699 0.07264602 0.157633 0.070463 0.156145 0.01125097 0.156145 0.01125097 0.187578 0.01134598 0.1880699 0.07264602 0.10937 0.110961 0.145736 0.1120489 0.176072 0.112957 0.004814982 0.1079649 0.04387998 0.111006 0.1261709 0.1112509 0.005058944 0.1094499 0.135178 0.109793 0.005058944 0.1094499 0.128282 0.1106309 0.072905 0.1104549 0.04443496 0.1096029 0.128282 0.1106309 0.04443496 0.1096029 0.055884 0.1093429 0.112884 0.1115829 0.04853796 0.1106349 0.04502898 0.1119869 0.1261709 0.1112509 0.03781199 0.1099209 0.004814982 0.1079649 0.1261709 0.1112509 0.004814982 0.1079649 0.00653696 0.04910397 0.1261709 0.1112509 0.1261709 0.1112509 0.00653696 0.04910397 0.004814982 0.1079649 0.1261709 0.1112509 0.00653696 0.04910397 0.18961 0.1086549 0.1901 0.06515699 0.186101 0.1100069 0.11121 0.02164298 0.136393 0.104942 0.142642 0.02173697 0.137557 0.106113 0.112373 0.02281397 0.143805 0.02290797 0.07206696 0.106158 0.04027795 0.105207 0.044541 0.1053339 0.044541 0.1053339 0.07206696 0.106158 0.154357 0.1064029 0.044541 0.1053339 0.154357 0.1064029 0.07206696 0.106158 0.07206696 0.106158 0.18579 0.1064959 0.154357 0.1064029 0.04511696 0.01140701 0.1274099 0.01165199 0.158841 0.01174598 0.006296992 0.009851992 0.136417 0.01019299 0.004842996 0.07114702 0.958206 0.506676 0.973724 0.506671 0.99764 0.504598 0.958206 0.506676 0.99764 0.504598 0.982122 0.504602 0.966691 0.51124 0.958206 0.506676 0.982122 0.504602 0.966691 0.51124 0.982122 0.504602 0.990607 0.509167 0.973724 0.506671 0.975677 0.51124 0.999593 0.509167 0.973724 0.506671 0.999593 0.509167 0.99764 0.504598 0.973718 0.512708 0.971692 0.507416 0.9956 0.505246 0.973718 0.512708 0.9956 0.505246 0.997626 0.510538 0.964733 0.512745 0.973718 0.512708 0.997626 0.510538 0.964733 0.512745 0.997626 0.510538 0.98864 0.510574 0.975677 0.51124 0.966691 0.51124 0.990607 0.509167 0.975677 0.51124 0.990607 0.509167 0.999593 0.509167 0.999593 0.509167 0.990607 0.509167 0.982122 0.504602 0.999593 0.509167 0.982122 0.504602 0.99764 0.504598 0.9956 0.505246 0.980082 0.505314 0.98864 0.510574 0.9956 0.505246 0.98864 0.510574 0.997626 0.510538 0.739119 0.998969 0.737375 0.81848 0.9439 0.79929 0.943607 0.795234 0.741592 0.995408 0.737122 0.816537 0.984153 0.518331 0.730313 0.511445 0.935161 0.758214 0.984153 0.518331 0.935161 0.758214 0.985508 0.75586 0.934832 0.758153 0.982535 0.755603 0.943607 0.795234 0.731071 0.512733 0.981933 0.519358 0.982535 0.755603 0.731071 0.512733 0.982535 0.755603 0.934832 0.758153 0.933395 0.758214 0.985508 0.75586 0.9439 0.79929 0.982535 0.755603 0.998417 0.836765 0.943607 0.795234 0.943546 0.800256 0.998417 0.836765 0.982535 0.755603 0.741806 0.766091 0.737429 0.815325 0.943985 0.794275 0.741806 0.766091 0.943985 0.794275 0.935161 0.758214 0.9439 0.79929 1.002029 0.836269 0.996822 0.993483 0.739119 0.998969 0.9439 0.79929 0.996822 0.993483 0.984153 0.518331 0.985508 0.75586 0.933395 0.758214 0.984153 0.518331 0.933395 0.758214 0.729874 0.511443 0.985508 0.75586 0.935161 0.758214 0.943985 0.794275 0.933727 0.758156 0.982535 0.755603 0.981933 0.519358 0.933727 0.758156 0.981933 0.519358 0.730661 0.512734 1.002029 0.836269 0.985508 0.75586 0.943985 0.794275 1.002029 0.836269 0.9439 0.79929 0.985508 0.75586 0.943607 0.795234 0.998417 0.836765 0.993962 0.993336 0.943607 0.795234 0.993962 0.993336 0.741592 0.995408 0.737122 0.816537 0.743346 0.766722 0.934832 0.758153 0.737122 0.816537 0.934832 0.758153 0.943607 0.795234 0.730313 0.511445 0.729874 0.511443 0.741696 0.766064 0.730313 0.511445 0.741696 0.766064 0.741806 0.766091 0.730661 0.512734 0.731071 0.512733 0.743346 0.766722 0.730661 0.512734 0.743346 0.766722 0.743252 0.766704 0.998417 0.836765 0.943546 0.800256 0.741521 0.999219 0.998417 0.836765 0.741521 0.999219 0.993962 0.993336 0.869809 0.518372 0.813785 0.538963 0.729278 0.503802 0.729874 0.511443 0.958206 0.506676 0.966691 0.51124 0.848582 0.547241 0.898991 0.517567 0.827945 0.535764 0.730313 0.511445 0.973724 0.506671 0.958206 0.506676 0.730313 0.511445 0.958206 0.506676 0.729874 0.511443 0.898991 0.517567 0.755829 0.496835 0.827945 0.535764 0.766733 0.537733 0.827945 0.535764 0.755829 0.496835 0.730313 0.511445 0.975677 0.51124 0.973724 0.506671 0.981933 0.519358 0.964733 0.512745 0.956175 0.507484 0.813785 0.538963 0.909401 0.50308 0.846549 0.541077 0.731071 0.512733 0.971692 0.507416 0.973718 0.512708 0.766904 0.539576 0.729278 0.503802 0.813785 0.538963 0.982535 0.755603 0.933727 0.758156 0.943546 0.800256 0.933395 0.758214 0.741696 0.766064 0.729874 0.511443 0.741806 0.766091 0.935161 0.758214 0.730313 0.511445 0.934832 0.758153 0.743346 0.766722 0.731071 0.512733 0.743252 0.766704 0.933727 0.758156 0.730661 0.512734 0.956175 0.507484 0.964733 0.512745 0.98864 0.510574 0.956175 0.507484 0.98864 0.510574 0.980082 0.505314 0.956175 0.507484 0.971692 0.507416 0.731071 0.512733 0.956175 0.507484 0.731071 0.512733 0.730661 0.512734 0.971692 0.507416 0.956175 0.507484 0.980082 0.505314 0.971692 0.507416 0.980082 0.505314 0.9956 0.505246 0.743252 0.766704 0.737079 0.820163 0.943546 0.800256 0.743252 0.766704 0.943546 0.800256 0.933727 0.758156 0.737375 0.81848 0.741696 0.766064 0.933395 0.758214 0.737375 0.81848 0.933395 0.758214 0.9439 0.79929 0.737375 0.81848 0.739119 0.998969 0.739207 0.995313 0.737375 0.81848 0.739207 0.995313 0.737429 0.815325 0.737429 0.815325 0.741806 0.766091 0.741696 0.766064 0.737429 0.815325 0.741696 0.766064 0.737375 0.81848 0.737429 0.815325 0.739207 0.995313 0.943985 0.794275 0.737122 0.816537 0.741592 0.995408 0.741521 0.999219 0.737122 0.816537 0.741521 0.999219 0.737079 0.820163 0.737079 0.820163 0.741521 0.999219 0.943546 0.800256 0.737079 0.820163 0.743252 0.766704 0.743346 0.766722 0.737079 0.820163 0.743346 0.766722 0.737122 0.816537 1.002029 0.836269 0.943985 0.794275 0.739207 0.995313 1.002029 0.836269 0.739207 0.995313 0.996822 0.993483 0.478751 0.149459 0.4126 0.149082 0.55316 0.174331 0.332962 0.172885 0.55316 0.174331 0.4126 0.149082 0.08476597 0.150833 0.007936 0.15204 0.01308494 0.1788229 0.01308494 0.1788229 0.239858 0.176503 0.08476597 0.150833 0.275368 0.148666 0.179796 0.1509909 0.239858 0.176503 0.273195 0.1510139 0.33476 0.141277 0.237785 0.17562 0.237785 0.17562 0.33476 0.141277 0.333048 0.173017 0.33272 0.1732079 0.338115 0.1395339 0.239129 0.174839 0.239129 0.174839 0.338115 0.1395339 0.276546 0.1492919 0.4126 0.149082 0.336269 0.1401779 0.332962 0.172885 0.55316 0.174331 0.556364 0.144953 0.478751 0.149459 0.007936 0.15204 0.06462597 0.097669 0.007869958 0.096623 0.06462597 0.097669 0.007936 0.15204 0.08476597 0.150833 0.179796 0.1509909 0.294334 0.09856098 0.2080399 0.09791702 0.294334 0.09856098 0.179796 0.1509909 0.275368 0.148666 0.08476597 0.150833 0.179796 0.1509909 0.2080399 0.09791702 0.08476597 0.150833 0.2080399 0.09791702 0.06462597 0.097669 0.4126 0.149082 0.49249 0.09553003 0.383121 0.097732 0.49249 0.09553003 0.4126 0.149082 0.478751 0.149459 0.33476 0.141277 0.290797 0.09776401 0.338367 0.09525501 0.290797 0.09776401 0.33476 0.141277 0.273195 0.1510139 0.276546 0.1492919 0.341714 0.094581 0.294145 0.09703701 0.341714 0.094581 0.276546 0.1492919 0.338115 0.1395339 0.336269 0.1401779 0.383121 0.097732 0.34277 0.09560698 0.383121 0.097732 0.336269 0.1401779 0.4126 0.149082 0.478751 0.149459 0.557771 0.09662401 0.49249 0.09553003 0.557771 0.09662401 0.478751 0.149459 0.556364 0.144953 0.559443 0.299322 0.481368 0.305696 0.555014 0.307197 0.003055989 0.303901 0.169256 0.340406 0.007859945 0.359581 0.17049 0.341292 0.1697739 0.367933 0.005297958 0.359799 0.438782 0.2403789 0.465824 0.258404 0.428755 0.275585 0.467935 0.258701 0.446821 0.243843 0.428755 0.275585 0.450233 0.156373 0.48289 0.1571689 0.4663 0.131592 0.4663 0.131592 0.48289 0.1571689 0.509479 0.1887509 0.450233 0.156373 0.4663 0.131592 0.448918 0.1311669 0.448918 0.1311669 0.414953 0.184762 0.450233 0.156373 0.408269 0.173861 0.291537 0.174758 0.28149 0.295507 0.430307 0.294166 0.408269 0.173861 0.28149 0.295507 0.296181 0.1783829 0.409201 0.173865 0.285555 0.299263 0.285555 0.299263 0.409201 0.173865 0.433214 0.291138 0.495483 0.364908 0.420884 0.364506 0.393004 0.305816 0.393004 0.305816 0.526773 0.304465 0.495483 0.364908 0.52293 0.178869 0.526773 0.304465 0.393004 0.305816 0.52293 0.178869 0.393004 0.305816 0.389191 0.178717 0.003055989 0.303901 0.1666769 0.296531 0.169256 0.340406 0.00841695 0.165192 0.1666769 0.296531 0.003055989 0.303901 0.295254 0.1800569 0.1666769 0.296531 0.00841695 0.165192 0.467935 0.258701 0.48832 0.259682 0.48289 0.1571689 0.48289 0.1571689 0.48832 0.259682 0.509479 0.1887509 0.509479 0.1887509 0.48832 0.259682 0.465824 0.258404 0.509479 0.1887509 0.465824 0.258404 0.414953 0.184762 0.465824 0.258404 0.438782 0.2403789 0.414953 0.184762 0.450233 0.156373 0.467935 0.258701 0.48289 0.1571689 0.446821 0.243843 0.450161 0.156354 0.46793 0.258612 0.438744 0.236526 0.428669 0.279186 0.465865 0.255947 0.46793 0.258612 0.428669 0.279186 0.446821 0.243843 0.450161 0.156354 0.466291 0.131985 0.482918 0.157155 0.466291 0.131985 0.51071 0.1893249 0.482918 0.157155 0.448086 0.13154 0.466291 0.131985 0.450161 0.156354 0.450161 0.156354 0.415504 0.1832979 0.448086 0.13154 0.46793 0.258612 0.482918 0.157155 0.488291 0.260836 0.482918 0.157155 0.51071 0.1893249 0.488291 0.260836 0.51071 0.1893249 0.465865 0.255947 0.488291 0.260836 0.51071 0.1893249 0.415504 0.1832979 0.465865 0.255947 0.465865 0.255947 0.415504 0.1832979 0.438744 0.236526 0.450161 0.156354 0.482918 0.157155 0.46793 0.258612 0.284779 0.299029 0.299693 0.360591 0.169256 0.340406 0.17049 0.341292 0.299548 0.361045 0.1697739 0.367933 0.379304 0.360225 0.393004 0.305816 0.420884 0.364506 0.295254 0.1800569 0.284779 0.299029 0.1666769 0.296531 0.1666769 0.296531 0.284779 0.299029 0.169256 0.340406 0.407918 0.312461 0.306988 0.367794 0.481641 0.363063 0.404583 0.313232 0.479983 0.306261 0.480866 0.360491 0.303432 0.367602 0.329945 0.302151 0.409366 0.311184 0.404583 0.313232 0.480866 0.360491 0.303238 0.367338 0.448918 0.1311669 0.4663 0.131592 0.444435 0.1263319 0.06181395 0.651693 0.077802 0.706203 0.008590996 0.703958 0.06181395 0.651693 0.09366297 0.646872 0.077802 0.706203 0.007854998 0.651988 0.008100986 0.707145 0.07048499 0.70578 0.077802 0.706203 0.07048499 0.70578 0.008100986 0.707145 0.07048499 0.70578 0.09366297 0.646872 0.007854998 0.651988 0.008590996 0.703958 0.007854998 0.651988 0.06181395 0.651693 0.008590996 0.703958 0.008100986 0.707145 0.007854998 0.651988 0.09366297 0.646872 0.07048499 0.70578 0.077802 0.706203 0.077802 0.706203 0.008100986 0.707145 0.008590996 0.703958 0.06195998 0.656408 0.008741974 0.708673 0.07794398 0.710917 0.06195998 0.656408 0.07794398 0.710917 0.093804 0.651586 0.008005976 0.656702 0.07062697 0.710494 0.008258998 0.712095 0.07794398 0.710917 0.008258998 0.712095 0.07062697 0.710494 0.07062697 0.710494 0.008005976 0.656702 0.093804 0.651586 0.008741974 0.708673 0.06195998 0.656408 0.008005976 0.656702 0.008741974 0.708673 0.008005976 0.656702 0.008258998 0.712095 0.093804 0.651586 0.07794398 0.710917 0.07062697 0.710494 0.07794398 0.710917 0.008741974 0.708673 0.008258998 0.712095 0.06195998 0.656408 0.093804 0.651586 0.09371 0.625961 0.06195998 0.656408 0.09371 0.625961 0.06094199 0.626477 0.093804 0.651586 0.008005976 0.656702 0.006679952 0.626155 0.093804 0.651586 0.006679952 0.626155 0.09371 0.625961 0.007854998 0.651988 0.09366297 0.646872 0.09356695 0.625861 0.007854998 0.651988 0.09356695 0.625861 0.007760941 0.626363 0.008005976 0.656702 0.06195998 0.656408 0.06094199 0.626477 0.008005976 0.656702 0.06094199 0.626477 0.006679952 0.626155 0.06181395 0.651693 0.007854998 0.651988 0.007760941 0.626363 0.06181395 0.651693 0.007760941 0.626363 0.061719 0.626068 0.09366297 0.646872 0.06181395 0.651693 0.061719 0.626068 0.09366297 0.646872 0.061719 0.626068 0.09356695 0.625861 0.167837 0.08461797 0.02929598 0.08963197 0.183211 0.03607797 0.00861299 0.05618697 0.186408 0.012326 0.184644 0.115184 0.00861299 0.05618697 0.184644 0.115184 0.01132696 0.1067439 0.01152294 0.056266 0.009958982 0.106719 0.181909 0.1151319 0.01152294 0.056266 0.181909 0.1151319 0.183674 0.01226997 0.01132696 0.1067439 0.184644 0.115184 0.188051 0.067164 0.01132696 0.1067439 0.188051 0.067164 0.01165896 0.05876898 0.03316897 0.04453098 0.180727 0.052868 0.182269 0.1043909 0.03316897 0.04453098 0.182269 0.1043909 0.01921695 0.09656298 0.167837 0.08461797 0.180299 0.03404098 0.02331 0.04117798 0.167837 0.08461797 0.02331 0.04117798 0.02929598 0.08963197 0.181909 0.1151319 0.009958982 0.106719 0.01176297 0.058779 0.181909 0.1151319 0.01176297 0.058779 0.1853139 0.06711 0.03316897 0.04453098 0.01899296 0.09420299 0.180727 0.052868 0.438782 0.2403789 0.446821 0.243843 0.450233 0.156373 0.438782 0.2403789 0.450233 0.156373 0.414953 0.184762 0.428755 0.275585 0.446821 0.243843 0.438782 0.2403789 0.446821 0.243843 0.428669 0.279186 0.438744 0.236526 0.450233 0.156373 0.446821 0.243843 0.467935 0.258701 0.450161 0.156354 0.446821 0.243843 0.438744 0.236526 0.450161 0.156354 0.438744 0.236526 0.415504 0.1832979 0.07495695 0.009941995 0.04743295 0.009118974 0.04758995 0.06924402 0.07495695 0.009941995 0.04758995 0.06924402 0.07400798 0.07004201 0.055884 0.1093429 0.04443496 0.1096029 0.006202995 0.1084589 0.06303095 0.07135599 0.101427 0.07251602 0.09826695 0.1107429 0.06303095 0.07135599 0.09826695 0.1107429 0.06190198 0.1096559 0.176732 0.1072869 0.172471 0.107159 0.137557 0.106113 0.137557 0.106113 0.143805 0.02290797 0.137557 0.106113 0.137557 0.106113 0.137557 0.106113 0.176732 0.1072869 0.239858 0.176503 0.179796 0.1509909 0.08476597 0.150833 0.667283 0.449623 0.66853 0.449623 0.65651 0.461774 0.667283 0.449623 0.65651 0.461774 0.655342 0.461774 0.465824 0.449622 0.412593 0.449623 0.417065 0.461774 0.465824 0.449622 0.417065 0.461774 0.466865 0.461774 0.527258 0.576086 0.584147 0.532616 0.587653 0.532616 0.541346 0.449622 0.495125 0.449622 0.494278 0.461774 0.541346 0.449622 0.494278 0.461774 0.537521 0.461774 0.616599 0.449623 0.619694 0.449623 0.61082 0.461775 0.616599 0.449623 0.61082 0.461775 0.607925 0.461775 0.527258 0.576086 0.566215 0.532614 0.535115 0.532614 0.668106 0.449623 0.666993 0.449623 0.655071 0.461775 0.668106 0.449623 0.655071 0.461775 0.656113 0.461775 0.444457 0.532615 0.527258 0.576086 0.444715 0.532615 0.655757 0.449622 0.623483 0.4501 0.614365 0.462221 0.655757 0.449622 0.614365 0.462221 0.64456 0.461774 0.566215 0.532614 0.527258 0.576086 0.592459 0.53338 0.623909 0.532616 0.617997 0.532616 0.527258 0.576086 0.623483 0.4501 0.585893 0.449622 0.579197 0.461774 0.623483 0.4501 0.579197 0.461774 0.614365 0.462221 0.611577 0.449623 0.616599 0.449623 0.607925 0.461775 0.611577 0.449623 0.607925 0.461775 0.603226 0.461775 0.623483 0.4501 0.623717 0.449622 0.585893 0.449622 0.655757 0.449622 0.623717 0.449622 0.623483 0.4501 0.614991 0.532616 0.592459 0.53338 0.527258 0.576086 0.412169 0.449623 0.40168 0.449622 0.406854 0.461774 0.412169 0.449623 0.406854 0.461774 0.416668 0.461774 0.527258 0.576086 0.498149 0.532617 0.52103 0.532617 0.411492 0.449623 0.445836 0.449623 0.448165 0.461775 0.411492 0.449623 0.448165 0.461775 0.416034 0.461775 0.407856 0.449622 0.409654 0.449622 0.412169 0.449623 0.623766 0.449623 0.654042 0.449623 0.642955 0.461775 0.623766 0.449623 0.642955 0.461775 0.61463 0.461775 0.66853 0.449623 0.660062 0.449623 0.648587 0.461774 0.66853 0.449623 0.648587 0.461774 0.65651 0.461774 0.409398 0.449623 0.407402 0.449623 0.411492 0.449623 0.535115 0.532614 0.502845 0.532614 0.527258 0.576086 0.409398 0.449623 0.411492 0.449623 0.411862 0.449623 0.585893 0.449622 0.541346 0.449622 0.537521 0.461774 0.585893 0.449622 0.537521 0.461774 0.579197 0.461774 0.527258 0.576086 0.589814 0.532616 0.592657 0.532616 0.495125 0.449622 0.472706 0.449622 0.473304 0.461774 0.495125 0.449622 0.473304 0.461774 0.494278 0.461774 0.527258 0.576086 0.623613 0.532616 0.622836 0.532616 0.527258 0.576086 0.437606 0.532615 0.437583 0.532615 0.472706 0.449622 0.465824 0.449622 0.466865 0.461774 0.472706 0.449622 0.466865 0.461774 0.473304 0.461774 0.487798 0.489668 0.491801 0.41282 0.427387 0.416868 0.487798 0.489668 0.427387 0.416868 0.424278 0.476557 0.527258 0.576086 0.592657 0.532616 0.613794 0.532616 0.521171 0.449623 0.528622 0.449623 0.525617 0.461775 0.521171 0.449623 0.525617 0.461775 0.518646 0.461775 0.527258 0.576086 0.616826 0.532616 0.623613 0.532616 0.08338201 0.916988 0.1539199 0.911357 0.155884 0.89365 0.08338201 0.916988 0.155884 0.89365 0.159411 0.859085 0.08338201 0.916988 0.159411 0.859085 0.1576589 0.763745 0.1576589 0.763745 0.08733099 0.765641 0.08338201 0.916988 0.08422696 0.91871 0.08817797 0.767363 0.1579599 0.76568 0.08422696 0.91871 0.1579599 0.76568 0.160132 0.855723 0.08422696 0.91871 0.160132 0.855723 0.1561329 0.89521 0.08422696 0.91871 0.1561329 0.89521 0.154209 0.912572 0.236679 0.765666 0.316636 0.765666 0.316039 0.856636 0.236679 0.765666 0.316039 0.856636 0.270742 0.858699 0.236679 0.765666 0.270742 0.858699 0.233412 0.858116 0.527258 0.576086 0.482389 0.532615 0.445226 0.532615 0.437606 0.532615 0.527258 0.576086 0.44493 0.532615 0.08570599 0.858305 0.06013798 0.760461 0.005166947 0.804741 0.08450096 0.858154 0.004060983 0.804446 0.05911695 0.760265 0.317659 0.911309 0.2321889 0.910456 0.246859 0.89584 0.246859 0.89584 0.317056 0.893754 0.317659 0.911309 0.2321889 0.91915 0.154209 0.912572 0.2321889 0.910456 0.160132 0.855723 0.199895 0.857593 0.2218649 0.895795 0.160132 0.855723 0.2218649 0.895795 0.1561329 0.89521 0.1579599 0.76568 0.236679 0.765666 0.233412 0.858116 0.1579599 0.76568 0.233412 0.858116 0.199895 0.857593 0.1579599 0.76568 0.199895 0.857593 0.160132 0.855723 0.246859 0.89584 0.2321889 0.910456 0.232833 0.859311 0.232833 0.859311 0.270742 0.858699 0.246859 0.89584 0.232833 0.859311 0.2321889 0.910456 0.2218649 0.895795 0.2218649 0.895795 0.199895 0.857593 0.232833 0.859311 0.270742 0.858699 0.316039 0.856636 0.317056 0.893754 0.317056 0.893754 0.246859 0.89584 0.270742 0.858699 0.2321889 0.910456 0.154209 0.912572 0.1561329 0.89521 0.1561329 0.89521 0.2218649 0.895795 0.2321889 0.910456 0.232833 0.859311 0.199895 0.857593 0.233412 0.858116 0.232833 0.859311 0.233412 0.858116 0.270742 0.858699 0.317659 0.911309 0.2321889 0.91915 0.2321889 0.910456 0.316636 0.765666 0.236679 0.765666 0.1579599 0.76568 0.584147 0.532616 0.527258 0.576086 0.526232 0.532617 0.08570599 0.858305 0.005166947 0.804741 -2.57e-4 0.855137 0.070535 0.761899 0.09108597 0.761898 0.09536999 0.776142 0.09536999 0.776142 0.08893096 0.834107 0.07349097 0.834107 0.070535 0.761899 0.09536999 0.776142 0.07349097 0.834107 0.070535 0.761899 0.07349097 0.834107 0.06625396 0.776146 0.004060983 0.804446 0.08450096 0.858154 -0.001456975 0.854833 0.02574896 0.825754 0.02574896 0.825754 -0.005438983 0.792536 -0.005438983 0.792536 -0.005438983 0.792536 0.02574896 0.825754 0.623909 0.532616 0.527258 0.576086 0.623038 0.532616 0.527258 0.576086 0.587653 0.532616 0.589814 0.532616 0.487194 0.532614 0.527258 0.576086 0.502845 0.532614 0.527258 0.576086 0.444457 0.532615 0.468434 0.532615 0.527258 0.576086 0.62587 0.532616 0.623038 0.532616 0.54325 0.383759 0.568149 0.381058 0.57474 0.450798 0.57474 0.450798 0.549695 0.450798 0.54325 0.383759 0.568149 0.381058 0.621544 0.40401 0.620652 0.450798 0.620652 0.450798 0.57474 0.450798 0.568149 0.381058 0.654729 0.450798 0.620652 0.450798 0.621544 0.40401 0.621544 0.40401 0.655422 0.400335 0.654729 0.450798 0.655422 0.400335 0.673449 0.398379 0.672862 0.450797 0.672862 0.450797 0.654729 0.450798 0.655422 0.400335 0.673449 0.398379 0.673449 0.398379 0.672861 0.450797 0.672861 0.450797 0.672862 0.450797 0.673449 0.398379 0.673449 0.398379 0.655422 0.400334 0.65473 0.450797 0.65473 0.450797 0.672861 0.450797 0.673449 0.398379 0.634845 0.402566 0.621544 0.404009 0.620652 0.450797 0.655422 0.400334 0.634845 0.402566 0.620652 0.450797 0.655422 0.400334 0.620652 0.450797 0.65473 0.450797 0.621544 0.404009 0.568149 0.381057 0.57474 0.450797 0.57474 0.450797 0.620652 0.450797 0.621544 0.404009 0.568149 0.381057 0.54325 0.383757 0.549695 0.450797 0.549695 0.450797 0.57474 0.450797 0.568149 0.381057 0.54325 0.383757 0.491345 0.389388 0.497486 0.450797 0.497486 0.450797 0.549695 0.450797 0.54325 0.383757 0.491345 0.389388 0.445701 0.394339 0.451574 0.450797 0.451574 0.450797 0.497486 0.450797 0.491345 0.389388 0.445701 0.394339 0.411822 0.398014 0.417497 0.450797 0.417497 0.450797 0.451574 0.450797 0.445701 0.394339 0.411822 0.398014 0.393796 0.39997 0.399365 0.450797 0.399365 0.450797 0.417497 0.450797 0.411822 0.398014 0.393796 0.39997 0.393796 0.39997 0.399365 0.450797 0.399365 0.450797 0.399365 0.450797 0.393796 0.39997 0.393796 0.39997 0.411822 0.398015 0.417497 0.450798 0.417497 0.450798 0.399365 0.450797 0.393796 0.39997 0.411822 0.398015 0.445701 0.39434 0.451574 0.450798 0.451574 0.450798 0.417497 0.450798 0.411822 0.398015 0.445701 0.39434 0.491345 0.389389 0.497486 0.450798 0.497486 0.450798 0.451574 0.450798 0.445701 0.39434 0.491345 0.389389 0.54325 0.383759 0.549695 0.450798 0.549695 0.450798 0.497486 0.450798 0.491345 0.389389 0.57474 0.450797 0.549695 0.450797 0.497486 0.450797 0.497486 0.450797 0.451574 0.450797 0.417497 0.450797 0.417497 0.450797 0.399365 0.450797 0.399365 0.450797 0.497486 0.450797 0.417497 0.450797 0.399365 0.450797 0.399365 0.450797 0.417497 0.450798 0.451574 0.450798 0.451574 0.450798 0.497486 0.450798 0.549695 0.450798 0.399365 0.450797 0.451574 0.450798 0.549695 0.450798 0.497486 0.450797 0.399365 0.450797 0.549695 0.450798 0.549695 0.450798 0.57474 0.450798 0.620652 0.450798 0.620652 0.450798 0.654729 0.450798 0.672862 0.450797 0.549695 0.450798 0.620652 0.450798 0.672862 0.450797 0.497486 0.450797 0.549695 0.450798 0.672862 0.450797 0.672862 0.450797 0.672861 0.450797 0.65473 0.450797 0.497486 0.450797 0.672862 0.450797 0.65473 0.450797 0.57474 0.450797 0.497486 0.450797 0.65473 0.450797 0.620652 0.450797 0.57474 0.450797 0.65473 0.450797 0.411822 0.398015 0.393796 0.39997 0.393796 0.39997 0.393796 0.39997 0.411822 0.398014 0.445701 0.394339 0.445701 0.394339 0.491345 0.389388 0.54325 0.383757 0.393796 0.39997 0.445701 0.394339 0.54325 0.383757 0.54325 0.383757 0.568149 0.381057 0.621544 0.404009 0.54325 0.383757 0.621544 0.404009 0.634845 0.402566 0.634845 0.402566 0.655422 0.400334 0.673449 0.398379 0.673449 0.398379 0.673449 0.398379 0.655422 0.400335 0.634845 0.402566 0.673449 0.398379 0.655422 0.400335 0.54325 0.383757 0.634845 0.402566 0.655422 0.400335 0.655422 0.400335 0.621544 0.40401 0.568149 0.381058 0.568149 0.381058 0.54325 0.383759 0.491345 0.389389 0.655422 0.400335 0.568149 0.381058 0.491345 0.389389 0.54325 0.383757 0.655422 0.400335 0.491345 0.389389 0.393796 0.39997 0.54325 0.383757 0.491345 0.389389 0.411822 0.398015 0.393796 0.39997 0.491345 0.389389 0.411822 0.398015 0.491345 0.389389 0.445701 0.39434 0.61463 0.461775 0.642955 0.461775 0.613794 0.532616 0.61463 0.461775 0.613794 0.532616 0.592657 0.532616 0.642955 0.461775 0.647018 0.461775 0.616826 0.532616 0.642955 0.461775 0.616826 0.532616 0.613794 0.532616 0.614365 0.462221 0.579197 0.461774 0.566215 0.532614 0.614365 0.462221 0.566215 0.532614 0.592459 0.53338 0.607925 0.461775 0.61082 0.461775 0.589814 0.532616 0.607925 0.461775 0.589814 0.532616 0.587653 0.532616 0 0 0 0 0 0 0.406823 0.461774 0.416381 0.461774 0.444715 0.532615 0.406823 0.461774 0.444715 0.532615 0.437583 0.532615 0.64456 0.461774 0.614365 0.462221 0.592459 0.53338 0.64456 0.461774 0.592459 0.53338 0.614991 0.532616 0.537521 0.461774 0.494278 0.461774 0.502845 0.532614 0.537521 0.461774 0.502845 0.532614 0.535115 0.532614 0.487985 0.461775 0.518646 0.461775 0.52103 0.532617 0.487985 0.461775 0.52103 0.532617 0.498149 0.532617 0.65651 0.461774 0.648587 0.461774 0.617997 0.532616 0.65651 0.461774 0.617997 0.532616 0.623909 0.532616 0.501865 0.46725 0.424278 0.476557 0.427387 0.416868 0.427387 0.416868 0.491801 0.41282 0.5235 0.421747 0.5235 0.421747 0.601764 0.459731 0.501865 0.46725 0.427387 0.416868 0.5235 0.421747 0.501865 0.46725 0.448165 0.461775 0.487985 0.461775 0.498149 0.532617 0.448165 0.461775 0.498149 0.532617 0.468434 0.532615 0.494278 0.461774 0.473304 0.461774 0.487194 0.532614 0.494278 0.461774 0.487194 0.532614 0.502845 0.532614 0.412633 0.461774 0.416668 0.461774 0.44493 0.532615 0.412633 0.461774 0.44493 0.532615 0.441918 0.532615 0.655342 0.461774 0.65651 0.461774 0.623909 0.532616 0.655342 0.461774 0.623909 0.532616 0.623038 0.532616 0.525617 0.461775 0.603226 0.461775 0.584147 0.532616 0.525617 0.461775 0.584147 0.532616 0.526232 0.532617 0.656113 0.461775 0.655071 0.461775 0.622836 0.532616 0.656113 0.461775 0.622836 0.532616 0.623613 0.532616 0.654042 0.449623 0.658385 0.449623 0.647018 0.461775 0.654042 0.449623 0.647018 0.461775 0.642955 0.461775 0.527258 0.576086 0.487194 0.532614 0.482389 0.532615 0.444715 0.532615 0.527258 0.576086 0.437583 0.532615 0.658385 0.449623 0.668106 0.449623 0.656113 0.461775 0.658385 0.449623 0.656113 0.461775 0.647018 0.461775 0.445836 0.449623 0.488398 0.449623 0.487985 0.461775 0.445836 0.449623 0.487985 0.461775 0.448165 0.461775 0.527258 0.576086 0.441918 0.532615 0.44493 0.532615 0.62587 0.532616 0.527258 0.576086 0.622836 0.532616 0.602619 0.443305 0.601764 0.459731 0.523499 0.421747 0.602619 0.443305 0.523499 0.421747 0.524225 0.418589 0.520798 0.488961 0.600847 0.47734 0.501865 0.46725 0.501865 0.46725 0.487798 0.489668 0.520798 0.488961 0.407856 0.449622 0.412169 0.449623 0.416668 0.461774 0.407856 0.449622 0.416668 0.461774 0.412633 0.461774 0.40168 0.449622 0.401646 0.449623 0.406823 0.461774 0.40168 0.449622 0.406823 0.461774 0.406854 0.461774 0.617997 0.532616 0.614991 0.532616 0.527258 0.576086 0.619694 0.449623 0.623766 0.449623 0.61463 0.461775 0.619694 0.449623 0.61463 0.461775 0.61082 0.461775 0.660062 0.449623 0.655757 0.449622 0.64456 0.461774 0.660062 0.449623 0.64456 0.461774 0.648587 0.461774 0.528622 0.449623 0.611577 0.449623 0.603226 0.461775 0.528622 0.449623 0.603226 0.461775 0.525617 0.461775 0.488398 0.449623 0.521171 0.449623 0.518646 0.461775 0.488398 0.449623 0.518646 0.461775 0.487985 0.461775 0.401646 0.449623 0.411862 0.449623 0.416381 0.461774 0.401646 0.449623 0.416381 0.461774 0.406823 0.461774 0.52103 0.532617 0.526232 0.532617 0.527258 0.576086 0.412593 0.449623 0.407856 0.449622 0.412633 0.461774 0.412593 0.449623 0.412633 0.461774 0.417065 0.461774 0.411862 0.449623 0.411492 0.449623 0.416034 0.461775 0.411862 0.449623 0.416034 0.461775 0.416381 0.461774 0.527258 0.576086 0.445226 0.532615 0.441918 0.532615 0.498149 0.532617 0.527258 0.576086 0.468434 0.532615 0.527258 0.576086 0.613794 0.532616 0.616826 0.532616 0.518646 0.461775 0.525617 0.461775 0.526232 0.532617 0.518646 0.461775 0.526232 0.532617 0.52103 0.532617 0.61082 0.461775 0.61463 0.461775 0.592657 0.532616 0.61082 0.461775 0.592657 0.532616 0.589814 0.532616 0.647018 0.461775 0.656113 0.461775 0.623613 0.532616 0.647018 0.461775 0.623613 0.532616 0.616826 0.532616 0.416381 0.461774 0.416034 0.461775 0.444457 0.532615 0.416381 0.461774 0.444457 0.532615 0.444715 0.532615 0.648587 0.461774 0.64456 0.461774 0.614991 0.532616 0.648587 0.461774 0.614991 0.532616 0.617997 0.532616 0.603226 0.461775 0.607925 0.461775 0.587653 0.532616 0.603226 0.461775 0.587653 0.532616 0.584147 0.532616 0.416034 0.461775 0.448165 0.461775 0.468434 0.532615 0.416034 0.461775 0.468434 0.532615 0.444457 0.532615 0.579197 0.461774 0.537521 0.461774 0.535115 0.532614 0.579197 0.461774 0.535115 0.532614 0.566215 0.532614 0.416668 0.461774 0.406854 0.461774 0.437606 0.532615 0.416668 0.461774 0.437606 0.532615 0.44493 0.532615 0.417065 0.461774 0.412633 0.461774 0.441918 0.532615 0.417065 0.461774 0.441918 0.532615 0.445226 0.532615 0.466865 0.461774 0.417065 0.461774 0.445226 0.532615 0.466865 0.461774 0.445226 0.532615 0.482389 0.532615 0.473304 0.461774 0.466865 0.461774 0.482389 0.532615 0.473304 0.461774 0.482389 0.532615 0.487194 0.532614 0.406854 0.461774 0.406823 0.461774 0.437583 0.532615 0.406854 0.461774 0.437583 0.532615 0.437606 0.532615 0.421928 0.465932 0.441443 0.453202 0.423407 0.437543 0.522612 0.491964 0.609295 0.491586 0.613748 0.40609 0.522612 0.491964 0.613748 0.40609 0.526839 0.410815 0.501865 0.46725 0.601764 0.459731 0.600847 0.47734 0.600847 0.47734 0.520798 0.488961 0.487798 0.489668 0.487798 0.489668 0.424278 0.476557 0.501865 0.46725 0.600847 0.47734 0.487798 0.489668 0.501865 0.46725 0.609295 0.491586 0.618006 0.4755941 0.600847 0.47734 0.600847 0.47734 0.520798 0.488961 0.522611 0.491964 0.600847 0.47734 0.522611 0.491964 0.609295 0.491586 0.427387 0.416868 0.503188 0.441852 0.602619 0.443305 0.524225 0.418589 0.524387 0.418545 0.491801 0.41282 0.427387 0.416868 0.602619 0.443305 0.524225 0.418589 0.524225 0.418589 0.491801 0.41282 0.427387 0.416868 0.524225 0.418589 0.602619 0.443305 0.619901 0.439215 0.619901 0.439215 0.613748 0.40609 0.526838 0.410815 0.619901 0.439215 0.526838 0.410815 0.524225 0.418589 0.609295 0.491586 0.613748 0.40609 0.646863 0.423268 0.609295 0.491586 0.646863 0.423268 0.64347 0.488412 0.441443 0.453202 0.503188 0.441852 0.427387 0.416868 0.427387 0.416868 0.416677 0.418399 0.423407 0.437543 0.427387 0.416868 0.423407 0.437543 0.441443 0.453202 0 0 0 0 0 0 0 0 0 0 0 0 0.413567 0.478087 0.424278 0.476557 0.501865 0.46725 0.501865 0.46725 0.441443 0.453202 0.421928 0.465932 0.501865 0.46725 0.421928 0.465932 0.413567 0.478087 0 0 0 0 0 0 0.613748 0.40609 0.619901 0.439215 0.690016 0.453087 0.613748 0.40609 0.690016 0.453087 0.646863 0.423268 0.618006 0.4755941 0.609295 0.491586 0.64347 0.488412 0.618006 0.4755941 0.64347 0.488412 0.690016 0.453087 0.64347 0.488412 0.646863 0.423268 0.690016 0.453087 0.491801 0.41282 0.503579 0.412079 0.503299 0.417458 0.491801 0.41282 0.503299 0.417458 0.503133 0.420652 0.522612 0.491964 0.499511 0.490191 0.520798 0.488961 0.491801 0.41282 0.487798 0.489668 0.522612 0.491964 0.491801 0.41282 0.522612 0.491964 0.526839 0.410815 0.602619 0.443305 0.524225 0.418589 0.526838 0.410815 0.609295 0.491586 0.522611 0.491964 0.520798 0.488961 0.609295 0.491586 0.520798 0.488961 0.600847 0.47734 0.602619 0.443305 0.526838 0.410815 0.613748 0.40609 0.609295 0.491586 0.600847 0.47734 0.601764 0.459731 0.601764 0.459731 0.602619 0.443305 0.613748 0.40609 0.601764 0.459731 0.613748 0.40609 0.609295 0.491586 0.421928 0.465932 0.423407 0.437543 0.416677 0.418399 0.421928 0.465932 0.416677 0.418399 0.413567 0.478087 0.427387 0.416868 0.424278 0.476557 0.413567 0.478087 0.427387 0.416868 0.413567 0.478087 0.416677 0.418399</float_array>
          <technique_common>
            <accessor source="#hvysword_suebi_Mesh-mesh-map-0-array" count="1932" stride="2">
              <param name="S" type="float"/>
              <param name="T" type="float"/>
            </accessor>
          </technique_common>
        </source>
        <vertices id="hvysword_suebi_Mesh-mesh-vertices">
          <input semantic="POSITION" source="#hvysword_suebi_Mesh-mesh-positions"/>
        </vertices>
        <triangles material="hvysword_suebi_Mat-material" count="644">
          <input semantic="VERTEX" source="#hvysword_suebi_Mesh-mesh-vertices" offset="0"/>
          <input semantic="NORMAL" source="#hvysword_suebi_Mesh-mesh-normals" offset="1"/>
          <input semantic="TEXCOORD" source="#hvysword_suebi_Mesh-mesh-map-0" offset="2" set="0"/>
          <p>308 0 0 309 1 1 310 2 2 308 3 3 310 4 4 311 5 5 310 6 6 312 7 7 313 8 8 313 9 9 311 10 10 310 11 11 314 12 12 315 13 13 316 14 14 316 15 15 317 16 16 314 17 17 317 18 18 318 19 19 319 20 20 319 21 21 314 22 22 317 23 23 320 24 24 321 25 25 322 26 26 322 27 27 323 28 28 320 29 29 324 30 30 325 31 31 326 32 32 326 33 33 327 34 34 324 35 35 328 36 36 329 37 37 330 38 38 330 39 39 331 40 40 328 41 41 332 42 42 333 43 43 334 44 44 334 45 45 335 46 46 332 47 47 398 48 48 399 49 49 400 50 50 398 51 51 400 52 52 401 53 53 402 54 54 403 55 55 404 56 56 404 57 57 405 58 58 402 59 59 406 60 60 398 61 61 401 62 62 401 63 63 407 64 64 406 65 65 401 66 66 400 67 67 408 68 68 408 69 69 409 70 70 401 71 71 405 72 72 404 73 73 410 74 74 410 75 75 411 76 76 405 77 77 407 78 78 401 79 79 409 80 80 409 81 81 412 82 82 407 83 83 413 84 84 414 85 85 415 86 86 416 87 87 417 88 88 418 89 89 414 90 90 419 91 91 420 92 92 420 93 93 415 94 94 414 95 95 421 96 96 422 97 97 423 98 98 423 99 99 424 100 100 421 101 101 425 102 102 426 103 103 427 104 104 417 105 105 416 106 106 428 107 107 399 108 108 398 109 109 429 110 110 429 111 111 430 112 112 399 113 113 398 114 114 406 115 115 431 116 116 398 117 117 431 118 118 429 119 119 403 120 120 402 121 121 426 122 122 426 123 123 425 124 124 403 125 125 146 126 126 147 127 127 148 128 128 148 129 129 149 130 130 146 131 131 150 132 132 151 133 133 152 134 134 152 135 135 153 136 136 150 137 137 192 138 138 193 139 139 154 140 140 192 141 141 154 142 142 155 143 143 194 144 144 195 145 145 196 146 146 196 147 147 197 148 148 194 149 149 198 150 150 199 151 151 200 152 152 200 153 153 201 154 154 198 155 155 202 156 156 203 157 157 204 158 158 204 159 159 205 160 160 202 161 161 206 162 162 207 163 163 208 164 164 208 165 165 209 166 166 206 167 167 210 168 168 211 169 169 212 170 170 210 171 171 212 172 172 156 173 173 213 174 174 212 175 175 214 176 176 213 177 177 214 178 178 215 179 179 157 180 180 158 180 181 159 180 182 160 181 183 161 182 184 162 183 185 163 184 186 164 185 187 165 186 188 165 187 189 166 188 190 163 189 191 149 190 192 148 191 193 167 192 194 167 193 195 168 194 196 149 195 197 153 196 198 152 197 199 169 198 200 169 199 201 170 200 202 153 201 203 197 202 204 193 203 205 192 204 206 197 205 207 192 206 208 194 207 209 193 208 210 216 209 211 171 210 212 193 211 213 171 212 214 154 213 215 197 214 216 196 215 217 217 216 218 217 217 219 218 218 220 197 219 221 201 220 222 200 221 223 219 222 224 219 223 225 220 224 226 201 225 227 204 226 228 221 227 229 205 228 230 209 229 231 208 230 232 222 231 233 222 232 234 223 233 235 209 234 236 212 235 237 211 236 238 224 237 239 212 238 240 224 239 241 214 240 242 161 241 243 160 242 244 172 243 245 172 244 246 225 245 247 161 246 248 166 247 249 165 248 250 173 249 251 173 250 252 174 251 253 166 252 254 175 253 255 226 253 256 227 253 257 176 254 258 207 255 259 206 256 260 203 257 261 202 258 262 228 259 263 229 260 264 230 261 265 231 262 266 229 263 267 231 264 268 232 265 269 177 266 270 178 266 271 179 266 272 233 267 273 234 268 274 180 269 275 233 270 276 180 271 277 181 272 278 206 273 279 233 274 280 181 275 281 176 276 282 206 277 283 181 278 284 182 279 285 183 279 286 184 279 287 185 280 288 235 280 289 186 280 290 236 281 291 187 282 292 188 283 293 237 284 294 238 285 295 239 286 296 239 287 297 240 288 298 241 289 299 239 290 300 241 291 301 237 292 302 240 293 303 242 294 304 241 295 305 243 296 306 244 296 307 245 296 308 246 297 309 221 298 310 204 299 311 99 300 312 100 301 313 101 302 314 99 303 315 101 304 316 102 305 317 103 306 318 104 307 319 105 308 320 103 309 321 105 310 322 106 311 323 107 312 324 108 313 325 109 314 326 107 315 327 109 316 328 110 317 329 34 318 330 35 319 331 36 320 332 34 321 333 36 322 334 37 323 335 38 324 336 39 325 337 40 326 338 38 327 339 40 328 340 41 329 341 111 330 342 112 331 343 113 332 344 111 333 345 113 334 346 114 335 347 109 336 348 106 337 349 105 338 350 109 339 351 105 340 352 110 341 353 36 342 354 42 343 355 43 344 356 36 345 357 43 346 358 37 347 359 81 348 360 82 349 361 115 350 362 44 351 363 16 352 364 17 353 365 116 354 366 117 355 367 118 356 368 116 357 369 118 358 370 119 359 371 45 360 372 46 361 373 44 362 374 47 363 375 48 364 376 49 365 377 47 366 378 49 367 379 50 368 380 120 369 381 121 370 382 115 371 383 46 372 384 18 373 385 44 374 386 51 375 387 18 376 388 46 377 389 122 378 390 83 379 391 123 380 392 122 381 393 123 382 394 124 383 395 115 384 396 84 385 397 85 386 398 81 387 399 115 388 400 85 389 401 116 390 402 119 391 403 125 392 404 116 393 405 125 394 406 126 395 407 121 396 408 124 397 409 123 398 410 52 399 411 49 400 412 48 401 413 52 402 414 48 403 415 53 404 416 84 405 417 121 406 418 123 407 419 84 408 420 115 409 421 121 410 422 44 411 423 18 412 424 19 413 425 44 414 426 19 415 427 16 416 428 17 417 429 54 418 430 45 419 431 17 420 432 45 421 433 44 422 434 127 423 435 128 424 436 129 425 437 127 426 438 129 427 439 130 428 440 55 429 441 56 430 442 57 431 443 55 432 444 57 433 445 58 434 446 18 435 447 51 436 448 20 437 449 18 438 450 20 439 451 19 440 452 59 441 453 60 441 454 61 441 455 131 442 456 104 443 457 103 444 458 132 445 459 133 445 460 134 446 461 135 447 462 100 448 463 99 449 464 135 450 465 99 451 466 136 450 467 137 452 468 138 452 469 139 452 470 140 453 471 134 454 472 141 453 473 142 455 474 108 456 475 107 457 476 62 458 477 63 459 478 64 460 479 65 461 480 66 462 481 67 462 482 68 463 483 35 464 484 34 465 485 69 466 486 70 466 487 65 467 488 46 468 489 71 469 490 51 470 491 125 471 492 143 472 493 126 473 494 144 474 495 118 475 496 117 476 497 50 477 498 72 478 499 47 479 500 73 480 501 52 481 502 53 482 503 64 483 504 63 484 505 43 485 506 64 486 507 43 487 508 42 488 509 74 489 510 75 490 511 76 491 512 74 492 513 76 493 514 77 493 515 75 494 516 74 495 517 78 496 518 75 497 519 78 498 520 79 499 521 80 500 522 21 501 523 51 502 524 80 503 525 51 504 526 71 505 527 82 506 528 145 507 529 120 508 530 82 509 531 120 510 532 115 511 533 82 512 534 81 513 535 86 514 536 82 515 537 86 516 538 83 517 539 83 518 540 122 519 541 145 520 542 83 521 543 145 522 544 82 523 545 83 524 546 86 525 547 123 526 548 17 527 549 16 528 550 20 529 551 17 530 552 20 531 553 21 532 554 21 533 555 20 534 556 51 535 557 21 536 558 80 537 559 54 538 560 21 539 561 54 540 562 17 541 563 84 542 564 123 543 565 86 544 566 84 545 567 86 546 568 85 547 569 28 548 570 93 549 571 0 550 572 1 551 573 0 552 574 93 553 575 22 554 576 23 555 577 2 556 578 2 557 579 3 558 580 22 559 581 87 560 582 88 561 583 3 562 584 24 563 585 29 564 586 4 565 587 4 566 588 29 567 589 5 568 590 6 569 591 94 570 592 7 571 593 7 572 594 94 573 595 89 574 596 93 575 597 95 576 598 1 577 599 0 578 600 30 579 601 28 580 602 23 581 603 25 582 604 26 583 605 25 584 606 23 585 607 22 586 608 88 587 609 90 588 610 91 589 611 90 590 612 88 591 613 87 592 614 22 593 615 88 594 616 91 595 617 22 596 618 91 597 619 25 598 620 93 599 621 31 600 622 96 601 623 31 602 624 93 603 625 28 604 626 29 605 627 27 606 628 32 607 629 27 608 630 29 609 631 24 610 632 89 611 633 97 612 634 92 613 635 97 614 636 89 615 637 94 616 638 95 617 639 96 618 640 98 619 641 96 620 642 95 621 643 93 622 644 28 623 645 33 624 646 31 625 647 33 626 648 28 627 649 30 628 650 247 629 651 248 629 652 249 629 653 250 630 654 251 631 655 252 632 656 253 633 657 254 634 658 255 635 659 361 636 660 373 637 661 362 638 662 374 639 663 363 639 664 364 639 665 365 640 666 366 641 667 256 642 668 256 643 669 366 644 670 257 645 671 365 646 672 256 647 673 258 648 674 258 649 675 259 650 676 365 651 677 8 652 678 9 653 679 260 654 680 261 655 681 8 656 682 260 657 683 10 658 684 11 659 685 262 660 686 262 661 687 11 662 688 263 663 689 264 664 690 265 665 691 266 666 692 266 667 693 267 668 694 264 669 695 12 670 696 268 671 697 269 672 698 12 673 699 269 674 700 13 675 701 250 676 702 270 677 703 251 678 704 14 679 705 270 680 706 250 681 707 15 682 708 270 683 709 14 684 710 375 685 711 376 686 712 367 687 713 367 688 714 376 689 715 271 690 716 271 691 717 376 692 718 377 693 719 271 694 720 377 695 721 272 696 722 377 697 723 368 698 724 272 699 725 369 700 726 375 701 727 367 702 728 298 703 729 299 704 730 336 705 731 300 706 732 301 707 733 337 708 734 338 709 735 301 710 736 302 711 737 303 712 738 273 713 739 304 714 740 273 715 741 274 716 742 304 717 743 275 718 744 273 719 745 303 720 746 303 721 747 276 722 748 275 723 749 336 724 750 305 725 751 339 726 752 305 727 753 277 728 754 339 729 755 277 730 756 340 731 757 339 732 758 277 733 759 278 734 760 340 735 761 340 736 762 278 737 763 306 738 764 299 739 765 305 740 766 336 741 767 279 742 768 280 743 769 251 744 770 253 745 771 281 746 772 254 747 773 282 748 774 266 749 775 265 750 776 15 751 777 279 752 778 270 753 779 270 754 780 279 755 781 251 756 782 283 757 783 284 757 784 285 757 785 286 758 786 287 759 787 288 760 788 289 761 789 290 761 790 291 761 791 286 762 792 288 763 793 292 764 794 293 765 795 294 765 796 295 765 797 378 766 798 379 767 799 380 768 800 378 769 801 381 770 802 379 771 803 382 772 804 383 773 805 384 774 806 379 775 807 384 776 808 383 777 809 384 778 810 381 779 811 382 780 812 380 781 813 382 782 814 378 783 815 380 784 816 383 785 817 382 786 818 381 787 819 384 788 820 379 789 821 379 790 822 383 791 823 380 792 824 341 793 825 342 794 826 343 795 827 341 796 828 343 797 829 344 798 830 345 799 831 346 800 832 347 801 833 343 802 834 347 803 835 346 804 836 346 805 837 345 806 838 344 807 839 342 808 840 341 809 841 345 810 842 342 811 843 345 812 844 347 813 845 344 814 846 343 815 847 346 816 848 343 817 849 342 818 850 347 819 851 341 820 852 344 821 853 348 822 854 341 823 855 348 824 856 349 825 857 344 826 858 345 827 859 350 828 860 344 829 861 350 830 862 348 831 863 382 832 864 381 833 865 385 834 866 382 835 867 385 836 868 386 837 869 345 838 870 341 839 871 349 840 872 345 841 873 349 842 874 350 843 875 378 844 876 382 845 877 386 846 878 378 847 879 386 848 880 387 849 881 381 850 882 378 851 883 387 852 884 381 853 885 387 854 886 385 855 887 307 856 888 351 857 889 352 858 890 353 859 891 354 860 892 355 861 893 353 862 894 355 863 895 356 864 896 388 865 897 389 866 898 390 867 899 388 868 900 390 869 901 391 870 902 356 871 903 355 872 904 357 873 905 356 874 906 357 875 907 358 876 908 370 877 909 392 878 910 393 879 911 370 880 912 393 881 913 394 882 914 307 883 915 359 884 916 360 885 917 307 886 918 360 887 919 351 888 920 390 889 921 389 890 922 395 891 923 390 892 924 395 893 925 396 894 926 370 895 927 397 896 928 392 897 929 368 898 930 371 899 931 369 900 932 368 901 933 369 902 934 272 903 935 362 904 936 372 905 937 361 906 938 302 907 939 301 908 940 300 909 941 369 910 942 371 911 943 375 912 944 299 913 945 298 914 946 306 915 947 299 916 948 306 917 949 278 918 950 218 919 951 216 920 952 193 921 953 218 922 954 193 923 955 197 924 956 232 925 957 231 926 958 189 927 959 156 928 960 212 929 961 213 930 962 156 931 963 213 932 964 190 933 965 296 934 966 297 935 967 236 936 968 236 937 969 188 938 970 191 939 971 236 940 972 191 941 973 296 942 974 3 943 975 88 944 976 22 945 977 432 946 978 433 947 979 434 948 980 432 949 981 434 950 982 435 951 983 436 952 984 437 953 985 438 954 986 436 955 987 438 956 988 439 957 989 440 958 990 441 959 991 442 960 992 443 961 993 444 962 994 445 963 995 443 964 996 445 965 997 446 966 998 447 967 999 448 968 1000 449 969 1001 447 970 1002 449 971 1003 450 972 1004 440 973 1005 451 974 1006 452 975 1007 453 976 1008 454 977 1009 455 978 1010 453 979 1011 455 980 1012 456 981 1013 457 982 1014 440 983 1015 458 984 1016 459 985 1017 460 986 1018 461 987 1019 459 988 1020 461 989 1021 462 990 1022 451 991 1023 440 992 1024 463 993 1025 464 994 1026 465 995 1027 440 996 1028 460 997 1029 466 998 1030 467 999 1031 460 1000 1032 467 1001 1033 461 1002 1034 468 1003 1035 447 1004 1036 450 1005 1037 468 1006 1038 450 1007 1039 469 1008 1040 460 1009 1041 470 1010 1042 466 1011 1043 459 1012 1044 470 1013 1045 460 1014 1046 471 1015 1047 463 1016 1048 440 1017 1049 472 1018 1050 473 1019 1051 474 1020 1052 472 1021 1053 474 1022 1054 475 1023 1055 440 1024 1056 476 1025 1057 477 1026 1058 478 1027 1059 479 1028 1060 480 1029 1061 478 1030 1062 480 1031 1063 481 1032 1064 482 1033 1065 483 1033 1066 484 1033 1067 485 1034 1068 486 1035 1069 487 1036 1070 485 1037 1071 487 1038 1072 488 1039 1073 433 1040 1074 489 1041 1075 490 1042 1076 433 1043 1077 490 1044 1078 434 1045 1079 491 1046 1080 492 1046 1081 493 1046 1082 452 1047 1083 494 1048 1084 440 1049 1085 491 1050 1086 493 1050 1087 495 1050 1088 466 1051 1089 443 1052 1090 446 1053 1091 466 1054 1092 446 1055 1093 467 1056 1094 440 1057 1095 496 1058 1096 497 1059 1097 444 1060 1098 498 1061 1099 499 1062 1100 444 1063 1101 499 1064 1102 445 1065 1103 440 1066 1104 500 1067 1105 501 1068 1106 440 1069 1107 502 1070 1108 503 1071 1109 498 1072 1110 436 1073 1111 439 1074 1112 498 1075 1113 439 1076 1114 499 1077 1115 504 1078 1116 505 1079 1117 506 1080 1118 504 1081 1119 506 1082 1120 507 1083 1121 440 1084 1122 497 1085 1123 508 1086 1124 509 1087 1125 510 1088 1126 511 1089 1127 509 1090 1128 511 1091 1129 512 1092 1130 440 1093 1131 513 1094 1132 500 1095 1133 514 1096 1134 515 1097 1135 516 1098 1136 514 1099 1137 516 1100 1138 517 1101 1139 514 1102 1140 517 1103 1141 518 1104 1142 518 1105 1143 519 1106 1144 514 1107 1145 520 1108 1146 521 1109 1147 522 1110 1148 520 1111 1149 522 1112 1150 523 1113 1151 520 1114 1152 523 1115 1153 524 1116 1154 520 1117 1155 524 1118 1156 525 1119 1157 526 1120 1158 527 1121 1159 528 1122 1160 526 1123 1161 528 1124 1162 529 1125 1163 526 1126 1164 529 1127 1165 530 1128 1166 440 1129 1167 531 1130 1168 532 1131 1169 502 1132 1170 440 1133 1171 533 1134 1172 534 1135 1173 535 1136 1174 536 1137 1175 537 1138 1176 538 1139 1177 539 1140 1178 540 1141 1179 541 1142 1180 542 1143 1181 542 1144 1182 543 1145 1183 540 1146 1184 544 1147 1185 525 1148 1186 541 1149 1187 523 1150 1188 545 1151 1189 546 1152 1190 523 1153 1191 546 1154 1192 524 1155 1193 522 1156 1194 526 1157 1195 530 1158 1196 522 1159 1197 530 1160 1198 545 1161 1199 522 1162 1200 545 1163 1201 523 1164 1202 542 1165 1203 541 1166 1204 547 1167 1205 547 1168 1206 529 1169 1207 542 1170 1208 547 1171 1209 541 1172 1210 546 1173 1211 546 1174 1212 545 1175 1213 547 1176 1214 529 1177 1215 528 1178 1216 543 1179 1217 543 1180 1218 542 1181 1219 529 1182 1220 541 1183 1221 525 1184 1222 524 1185 1223 524 1186 1224 546 1187 1225 541 1188 1226 547 1189 1227 545 1190 1228 530 1191 1229 547 1192 1230 530 1193 1231 529 1194 1232 540 1195 1233 544 1196 1234 541 1197 1235 527 1198 1236 526 1199 1237 522 1200 1238 441 1201 1239 440 1202 1240 548 1203 1241 534 1204 1242 536 1205 1243 549 1206 1244 550 1207 1245 551 1208 1246 552 1209 1247 552 1210 1248 553 1211 1249 554 1212 1250 550 1213 1251 552 1214 1252 554 1215 1253 550 1216 1254 554 1217 1255 555 1218 1256 538 1219 1257 537 1220 1258 556 1221 1259 557 1222 1260 558 1222 1261 559 1222 1262 559 1223 1263 560 1223 1264 557 1223 1265 464 1224 1266 440 1225 1267 561 1226 1268 440 1227 1269 442 1228 1270 496 1229 1271 562 1230 1272 440 1231 1273 494 1232 1274 440 1233 1275 457 1234 1276 563 1235 1277 440 1236 1278 564 1237 1279 561 1238 1280 565 1239 1281 566 1240 1282 567 1241 1283 567 1242 1284 568 1243 1285 565 1244 1286 566 1245 1287 569 1246 1288 570 1247 1289 570 1248 1290 567 1249 1291 566 1250 1292 571 1251 1293 570 1252 1294 569 1253 1295 569 1254 1296 572 1255 1297 571 1256 1298 572 1257 1299 573 1258 1300 574 1259 1301 574 1260 1302 571 1261 1303 572 1262 1304 573 1263 1305 575 1264 1306 576 1265 1307 576 1266 1308 574 1267 1309 573 1268 1310 575 1269 1311 577 1270 1312 578 1271 1313 578 1272 1314 576 1273 1315 575 1274 1316 579 1275 1317 580 1276 1318 581 1277 1319 577 1278 1320 579 1279 1321 581 1280 1322 577 1281 1323 581 1282 1324 578 1283 1325 580 1284 1326 582 1285 1327 583 1286 1328 583 1287 1329 581 1288 1330 580 1289 1331 582 1290 1332 584 1291 1333 585 1292 1334 585 1293 1335 583 1294 1336 582 1295 1337 584 1296 1338 586 1297 1339 587 1298 1340 587 1299 1341 585 1300 1342 584 1301 1343 586 1302 1344 588 1303 1345 589 1304 1346 589 1305 1347 587 1306 1348 586 1307 1349 588 1308 1350 590 1309 1351 591 1310 1352 591 1311 1353 589 1312 1354 588 1313 1355 590 1314 1356 592 1315 1357 593 1316 1358 593 1317 1359 591 1318 1360 590 1319 1361 594 1320 1362 595 1321 1363 596 1322 1364 596 1323 1365 597 1324 1366 594 1324 1367 595 1325 1368 598 1326 1369 599 1327 1370 599 1328 1371 596 1329 1372 595 1330 1373 598 1331 1374 600 1332 1375 601 1333 1376 601 1334 1377 599 1335 1378 598 1336 1379 600 1337 1380 602 1338 1381 603 1339 1382 603 1340 1383 601 1341 1384 600 1342 1385 602 1343 1386 565 1344 1387 568 1345 1388 568 1346 1389 603 1347 1390 602 1348 1391 583 1349 1392 585 1350 1393 604 1351 1394 604 1352 1395 605 1352 1396 606 1352 1397 606 1353 1398 607 1353 1399 608 1353 1400 604 1354 1401 606 1354 1402 608 1354 1403 608 1355 1404 609 1355 1405 610 1355 1406 610 1356 1407 611 1356 1408 568 1357 1409 608 1358 1410 610 1358 1411 568 1359 1412 604 1360 1413 608 1360 1414 568 1361 1415 568 1362 1416 567 1363 1417 570 1364 1418 570 1365 1419 571 1366 1420 574 1367 1421 568 1368 1422 570 1369 1423 574 1370 1424 604 1371 1425 568 1372 1426 574 1373 1427 574 1374 1428 576 1375 1429 578 1376 1430 604 1377 1431 574 1378 1432 578 1379 1433 583 1380 1434 604 1381 1435 578 1382 1436 581 1383 1437 583 1384 1438 578 1385 1439 612 1386 1440 613 1386 1441 614 1386 1442 614 1387 1443 615 1387 1444 616 1387 1445 616 1388 1446 617 1388 1447 618 1388 1448 614 1389 1449 616 1389 1450 618 1389 1451 618 1390 1452 619 1390 1453 620 1390 1454 618 1391 1455 620 1391 1456 579 1392 1457 579 1393 1458 577 1394 1459 575 1395 1460 575 1396 1461 573 1397 1462 572 1398 1463 579 1399 1464 575 1400 1465 572 1401 1466 618 1402 1467 579 1403 1468 572 1404 1469 572 1405 1470 621 1406 1471 622 1406 1472 622 1407 1473 623 1407 1474 624 1407 1475 572 1408 1476 622 1409 1477 624 1409 1478 618 1410 1479 572 1411 1480 624 1410 1481 614 1412 1482 618 1412 1483 624 1412 1484 612 1413 1485 614 1413 1486 624 1413 1487 612 1414 1488 624 1414 1489 625 1414 1490 488 1415 1491 487 1416 1492 508 1417 1493 488 1418 1494 508 1419 1495 497 1420 1496 487 1421 1497 626 1422 1498 513 1423 1499 487 1424 1500 513 1425 1501 508 1426 1502 461 1427 1503 467 1428 1504 451 1429 1505 461 1430 1506 451 1431 1507 463 1432 1508 450 1433 1509 449 1434 1510 496 1435 1511 450 1436 1512 496 1437 1513 442 1438 1514 627 1439 1515 628 1440 1516 629 1441 1517 630 1442 1518 631 1443 1519 632 1444 1520 630 1445 1521 632 1446 1522 633 1445 1523 462 1447 1524 461 1448 1525 463 1449 1526 462 1450 1527 463 1451 1528 471 1452 1529 446 1453 1530 634 1454 1531 494 1455 1532 446 1456 1533 494 1457 1534 452 1458 1535 635 1459 1536 512 1460 1537 477 1461 1538 635 1462 1539 477 1463 1540 476 1464 1541 434 1465 1542 490 1466 1543 465 1467 1544 434 1468 1545 465 1469 1546 464 1470 1547 636 1471 1548 507 1472 1549 506 1473 1550 506 1474 1551 505 1475 1552 637 1476 1553 637 1477 1554 638 1478 1555 636 1479 1556 506 1480 1557 637 1481 1558 636 1482 1559 639 1483 1560 635 1484 1561 476 1485 1562 639 1486 1563 476 1487 1564 563 1488 1565 634 1489 1566 640 1490 1567 562 1491 1568 634 1492 1569 562 1493 1570 494 1494 1571 641 1495 1572 642 1496 1573 643 1497 1574 641 1498 1575 643 1499 1576 644 1500 1577 435 1501 1578 434 1502 1579 464 1503 1580 435 1504 1581 464 1505 1582 561 1506 1583 511 1507 1584 469 1508 1585 441 1509 1586 511 1510 1587 441 1511 1588 548 1512 1589 456 1513 1590 455 1514 1591 501 1515 1592 456 1516 1593 501 1517 1594 500 1518 1595 486 1519 1596 645 1520 1597 626 1521 1598 486 1522 1599 626 1523 1600 487 1524 1601 440 1525 1602 562 1526 1603 531 1527 1604 458 1528 1605 440 1529 1606 646 1530 1607 645 1531 1608 453 1532 1609 456 1533 1610 645 1534 1611 456 1535 1612 626 1536 1613 479 1537 1614 647 1538 1615 648 1539 1616 479 1540 1617 648 1541 1618 480 1542 1619 440 1543 1620 649 1544 1621 650 1545 1622 564 1546 1623 440 1547 1624 501 1548 1625 651 1549 1626 638 1550 1627 652 1551 1628 651 1552 1629 652 1553 1630 653 1554 1631 654 1555 1632 655 1556 1633 636 1557 1634 636 1558 1635 504 1559 1636 654 1560 1637 656 1561 1638 472 1562 1639 475 1563 1640 656 1564 1641 475 1565 1642 657 1566 1643 473 1567 1644 658 1568 1645 659 1569 1646 473 1570 1647 659 1571 1648 474 1572 1649 465 1573 1650 471 1574 1651 440 1575 1652 448 1576 1653 485 1577 1654 488 1578 1655 448 1579 1656 488 1580 1657 449 1581 1658 489 1582 1659 459 1583 1660 462 1584 1661 489 1585 1662 462 1586 1663 490 1587 1664 510 1588 1665 468 1589 1666 469 1590 1667 510 1591 1668 469 1592 1669 511 1593 1670 647 1594 1671 509 1595 1672 512 1596 1673 647 1597 1674 512 1598 1675 648 1599 1676 658 1600 1677 660 1601 1678 661 1602 1679 658 1603 1680 661 1604 1681 659 1605 1682 477 1606 1683 548 1607 1684 440 1608 1685 437 1609 1686 656 1610 1687 657 1611 1688 437 1612 1689 657 1613 1690 438 1614 1691 660 1615 1692 478 1616 1693 481 1617 1694 660 1618 1695 481 1619 1696 661 1620 1697 440 1621 1698 662 1622 1699 649 1623 1700 476 1624 1701 440 1625 1702 563 1626 1703 440 1627 1704 508 1628 1705 513 1629 1706 512 1630 1707 511 1631 1708 548 1632 1709 512 1633 1710 548 1634 1711 477 1635 1712 449 1636 1713 488 1637 1714 497 1638 1715 449 1639 1716 497 1640 1717 496 1641 1718 626 1642 1719 456 1643 1720 500 1644 1721 626 1645 1722 500 1646 1723 513 1647 1724 631 1648 1725 663 1649 1726 664 1650 1727 631 1651 1728 664 1652 1729 632 1653 1730 490 1654 1731 462 1655 1732 471 1656 1733 490 1657 1734 471 1658 1735 465 1659 1736 469 1660 1737 450 1661 1738 442 1662 1739 469 1663 1740 442 1664 1741 441 1665 1742 663 1666 1743 639 1667 1744 563 1668 1745 663 1669 1746 563 1670 1747 664 1671 1748 467 1672 1749 446 1673 1750 452 1674 1751 467 1675 1752 452 1676 1753 451 1677 1754 642 1678 1755 665 1679 1756 666 1680 1757 642 1681 1758 666 1682 1759 643 1683 1760 667 1684 1761 641 1685 1762 644 1686 1763 667 1687 1764 644 1688 1765 668 1689 1766 669 1690 1767 667 1691 1768 668 1692 1769 669 1693 1770 668 1694 1771 531 1695 1772 640 1696 1773 669 1697 1774 531 1698 1775 640 1699 1776 531 1700 1777 562 1701 1778 665 1702 1779 670 1703 1780 671 1703 1781 665 1704 1782 671 1705 1783 666 1706 1784 672 1707 1785 673 1708 1786 674 1709 1787 675 1710 1788 676 1711 1789 677 1712 1790 675 1713 1791 677 1714 1792 678 1715 1793 636 1716 1794 638 1717 1795 655 1718 1796 655 1719 1797 654 1720 1798 504 1721 1799 504 1722 1800 507 1723 1801 636 1724 1802 655 1725 1803 504 1726 1804 636 1727 1805 676 1728 1806 679 1729 1807 655 1730 1808 655 1731 1809 654 1732 1810 680 1733 1811 655 1734 1812 680 1735 1813 676 1736 1814 506 1737 1815 681 1738 1816 651 1739 1817 653 1740 1818 682 1741 1819 505 1742 1820 506 1743 1821 651 1744 1822 653 1745 1823 653 1746 1824 505 1747 1825 506 1748 1826 653 1749 1827 651 1750 1828 683 1751 1829 683 1752 1830 677 1753 1831 684 1754 1832 683 1755 1833 684 1756 1834 653 1757 1835 676 1758 1836 677 1759 1837 685 1760 1838 676 1761 1839 685 1762 1840 686 1763 1841 673 1764 1842 681 1765 1843 506 1766 1844 506 1767 1845 687 1768 1846 674 1769 1847 506 1770 1848 674 1771 1849 673 1772 1850 688 1773 1851 689 1774 1852 690 1775 1853 691 1776 1854 688 1777 1855 690 1778 1856 692 1779 1857 507 1780 1858 636 1781 1859 636 1782 1860 673 1783 1861 672 1784 1862 636 1785 1863 672 1786 1864 692 1787 1865 693 1788 1866 627 1789 1867 629 1790 1868 677 1791 1869 683 1792 1870 694 1793 1871 677 1794 1872 694 1795 1873 685 1796 1874 679 1797 1875 676 1798 1876 686 1799 1877 679 1800 1878 686 1801 1879 694 1802 1880 686 1803 1881 685 1804 1882 694 1805 1883 505 1806 1884 695 1807 1885 696 1808 1886 505 1809 1887 696 1810 1888 697 1811 1889 675 1812 1890 698 1813 1891 654 1814 1892 505 1815 1893 504 1816 1894 675 1817 1895 505 1818 1896 675 1819 1897 678 1820 1898 651 1821 1899 653 1822 1900 684 1823 1901 676 1824 1902 680 1825 1903 654 1826 1904 676 1827 1905 654 1828 1906 655 1829 1907 651 1830 1908 684 1831 1909 677 1832 1910 676 1833 1911 655 1834 1912 638 1835 1913 638 1836 1914 651 1837 1915 677 1838 1916 638 1839 1917 677 1840 1918 676 1841 1919 672 1842 1920 674 1843 1921 687 1844 1922 672 1845 1923 687 1846 1924 692 1847 1925 506 1848 1926 507 1849 1927 692 1850 1928 506 1851 1929 692 1852 1930 687 1853 1931</p>
        </triangles>
      </mesh>
    </geometry>
  </library_geometries>
  <library_controllers>
    <controller id="hvysword_suebi_Skin_hvysword_suebi-skin" name="hvysword_suebi_Skin">
      <skin source="#hvysword_suebi_Mesh-mesh">
        <bind_shape_matrix>1 0 0 0 0 1 0 0 0 0 1 0 0 0 0 1</bind_shape_matrix>
        <source id="hvysword_suebi_Skin_hvysword_suebi-skin-joints">
          <Name_array id="hvysword_suebi_Skin_hvysword_suebi-skin-joints-array" count="34">root pelvis femurleft butt-l knee-l-top knee-l-bopttom ankle_left foot_left01 femurright butt-r knee-r-top knee-r-bopttom ankleright foot_right01 lumbar rib scapula ulna carpal ammo_node_1 scapula01 ulna01 carpal_right smoke_node_1 ammo_node_0 neck skull nogginbottom plumes skulltop smoke_node_0 cloaktop cloak cloakbottom</Name_array>
          <technique_common>
            <accessor source="#hvysword_suebi_Skin_hvysword_suebi-skin-joints-array" count="34" stride="1">
              <param name="JOINT" type="name"/>
            </accessor>
          </technique_common>
        </source>
        <source id="hvysword_suebi_Skin_hvysword_suebi-skin-bind_poses">
          <float_array id="hvysword_suebi_Skin_hvysword_suebi-skin-bind_poses-array" count="544">1 0 0 0 0 -1.19209e-7 1 -2.154822 0 -1 -1.34359e-7 1.88312e-7 0 0 0 1 1 0 0 -2.88205e-4 0 0 1 -1.989969 0 -1 0 0.05965083 0 0 0 1 1 0 0 -0.2295659 0 0 1 -1.980151 0 -1 0 0 0 0 0 1 1 0 0 -0.2300334 0 -5.28991e-7 1 -1.881625 0 -1 -5.43892e-7 0.2278663 0 0 0 1 1 0 0 -0.2579528 0 0 1 -1.492427 0 -1 0 -0.3577119 0 0 0 1 1 0 0 -0.2616621 0 -1.93715e-7 1 -1.243225 0 -1 -2.06754e-7 0.03760045 0 0 0 1 1 -7.56445e-7 2.95136e-7 -0.2703902 0 -0.368721 -0.9295402 0.1499912 8.11968e-7 0.9295393 -0.3687209 -0.04846733 0 0 0 1 1 -4.13989e-7 1.89144e-5 -0.2703908 0 -0.9997598 -0.02188259 -0.2401509 1.89189e-5 0.02188223 -0.9997606 0.02883023 0 0 0 1 1 0 0 0.2313526 0 0 1 -1.980151 0 -1 0 0 0 0 0 1 1 0 0 0.2346149 0 -6.78003e-7 1 -1.884255 0 -1 -6.92904e-7 0.2262768 0 0 0 1 1 0 0 0.1784679 0 -6.78003e-7 1 -1.491813 0 -1 -6.85453e-7 -0.3589497 0 0 0 1 1 0 0 0.2454932 0 0 1 -1.243115 0 -1 0 0.03760027 0 0 0 1 1 -6.97956e-7 2.76041e-7 0.2586691 0 -0.3687222 -0.9295397 0.1530216 7.50561e-7 0.9295418 -0.3687222 -0.04726493 0 0 0 1 1 -3.9415e-7 1.80073e-5 0.2586686 0 -0.9997624 -0.02188241 -0.2400802 1.80116e-5 0.02188307 -0.9997607 0.03209942 0 0 0 1 1 0 0 -0.004826366 0 0 1 -2.179733 0 -1 0 0.1130514 0 0 0 1 1 0 0 0.007960081 0 0 1 -2.884791 0 -1 0 -1.77204e-7 0 0 0 1 0.2484292 0 0.96865 -3.133584 -0.96865 0 0.2484292 -0.380051 0 -1 -1.2685e-7 0 0 0 0 1 0.2484291 0 0.9686501 -3.257323 -0.9686501 0 0.2484292 0.2193055 0 -1 -1.2685e-7 0 0 0 0 1 0.248428 -2.26495e-7 0.9686505 -3.360633 -0.9686505 -2.08474e-7 0.2484278 0.7947147 1.50409e-7 -1 -2.84985e-7 -0.07377785 0 0 0 1 0.2484372 -8.41304e-7 0.9686481 -3.53732 -0.001862049 -0.9999982 4.76706e-4 0.001077771 0.9686462 -0.00192219 -0.2484367 -0.5593342 0 0 0 1 0.2399869 0 -0.9707762 3.146588 0.9707762 0 0.239987 -0.3130581 0 -1 0 -5.38889e-7 0 0 0 1 0.2399868 0 -0.9707762 3.258591 0.9707762 0 0.239987 0.2862981 0 -1 0 -4.68696e-7 0 0 0 1 0.2399851 0 -0.9707765 3.396334 0.9707766 0 0.2399852 0.8174395 0 -1 0 -3.48799e-7 0 0 0 1 0.2400886 0 -0.9707509 3.370346 -0.006594836 -0.9999769 -0.001630961 -0.05523616 -0.9707285 0.006793439 -0.2400832 -0.9991409 0 0 0 1 0.2399703 0 -0.9707803 3.367606 0.9707804 -4.59644e-7 0.23997 1.055144 -6.92904e-7 -1 -2.08616e-7 -1.617805 0 0 0 1 1 0 0 0.02165722 0 0 1 -3.354291 0 -1 -1.23112e-7 1.70677e-7 0 0 0 1 1 0 0 0.02895486 0 0 1 -3.806293 0 -1 0 0 0 0 0 1 1 2.74129e-7 0 0.02715581 0 0.04181426 0.9991254 -3.880911 2.74333e-7 -0.9991254 0.04181426 -0.4448755 0 0 0 1 1 3.4571e-7 0 0.03132402 0 0.02110123 0.9997774 -3.98341 3.45765e-7 -0.9997773 0.02110123 -0.2703227 0 0 0 1 1 0 0 0.03312313 0 0 1 -4.176582 0 -1 0 0 0 0 0 1 1 -6.32287e-6 -1.10455e-6 0.01514452 -6.32287e-6 -1 0 -0.243021 -1.10467e-6 0 -1 3.446479 0 0 0 1 1 0 0 -0.001975059 0 -1.93715e-7 1 -3.236083 0 -1 -2.08616e-7 0.198127 0 0 0 1 1 0 0 -0.006513178 0 0 1 -2.377002 0 -1 0 0.4338245 0 0 0 1 1 0 0 0.02082639 0 0 1 -1.545783 0 -1 0 0.5515337 0 0 0 1</float_array>
          <technique_common>
            <accessor source="#hvysword_suebi_Skin_hvysword_suebi-skin-bind_poses-array" count="34" stride="16">
              <param name="TRANSFORM" type="float4x4"/>
            </accessor>
          </technique_common>
        </source>
        <source id="hvysword_suebi_Skin_hvysword_suebi-skin-weights">
          <float_array id="hvysword_suebi_Skin_hvysword_suebi-skin-weights-array" count="699">1 1 1 1 1 1 1 1 1 1 1 1 1 1 1 1 1 1 1 1 1 1 1 1 1 1 1 1 1 1 1 1 1 1 1 1 1 1 1 1 1 1 1 1 1 1 1 1 1 1 1 1 1 1 1 1 1 1 1 1 1 1 1 1 1 1 1 1 1 1 1 1 1 1 1 1 1 1 1 1 1 1 1 1 1 1 1 1 1 1 1 1 1 1 1 1 1 1 1 1 1 1 1 1 1 1 1 1 1 1 1 1 1 1 1 1 1 1 1 1 1 1 1 1 1 1 1 1 1 1 1 1 1 1 1 1 1 1 1 1 1 1 1 1 1 1 1 1 1 1 1 1 1 1 1 1 1 1 1 1 1 1 1 1 1 1 1 1 1 1 1 1 1 1 1 1 1 1 1 1 1 1 1 1 1 1 1 1 1 1 1 1 1 1 1 1 1 1 1 1 1 1 1 1 1 1 1 1 1 1 1 1 1 1 1 1 1 1 1 1 1 1 1 1 1 1 1 1 1 1 1 1 1 1 1 1 1 1 1 1 1 1 1 1 1 1 1 1 1 1 1 1 1 1 1 1 1 1 1 1 1 1 1 1 1 1 1 1 1 1 1 1 1 1 1 1 1 1 1 1 1 1 1 1 1 1 1 1 1 1 1 1 1 1 1 1 1 1 1 1 1 1 1 1 1 1 1 1 1 1 1 1 1 1 1 1 1 1 1 1 1 1 1 1 1 1 1 1 1 1 1 1 1 1 1 1 1 1 1 1 1 1 1 1 1 1 1 1 1 1 1 1 1 1 1 1 1 1 1 1 1 1 1 1 1 1 1 1 1 1 1 1 1 1 1 1 1 1 1 1 1 1 1 1 1 1 1 1 1 1 1 1 1 1 1 1 1 1 1 1 1 1 1 1 1 1 1 1 1 1 1 1 1 1 1 1 1 1 1 1 1 1 1 1 1 1 1 1 1 1 1 1 1 1 1 1 1 1 1 1 1 1 1 1 1 1 1 1 1 1 1 1 1 1 1 1 1 1 1 1 1 1 1 1 1 1 1 1 1 1 1 1 1 1 1 1 1 1 1 1 1 1 1 1 1 1 1 1 1 1 1 1 1 1 1 1 1 1 1 1 1 1 1 1 1 1 1 1 1 1 1 1 1 1 1 1 1 1 1 1 1 1 1 1 1 1 1 1 1 1 1 1 1 1 1 1 1 1 1 1 1 1 1 1 1 1 1 1 1 1 1 1 1 1 1 1 1 1 1 1 1 1 1 1 1 1 1 1 1 1 1 1 1 1 1 1 1 1 1 1 1 1 1 1 1 1 1 1 1 1 1 1 1 1 1 1 1 1 1 1 1 1 1 1 1 1 1 1 1 1 1 1 1 1 1 1 1 1 1 1 1 1 1 1 1 1 1 1 1 1 1 1 1 1 1 1 1 1 1 1 1 1 1 1 1 1 1 1 1 1 1 1 1 1 1 1 1 1 1 1 1 1 1 1 1 1 1 1 1 1 1 1 1 1 1 1 1 1 1 1 1 1 1 1 1 1 1 1 1 1 1 1 1 1 1 1 1 1 1</float_array>
          <technique_common>
            <accessor source="#hvysword_suebi_Skin_hvysword_suebi-skin-weights-array" count="699" stride="1">
              <param name="WEIGHT" type="float"/>
            </accessor>
          </technique_common>
        </source>
        <joints>
          <input semantic="JOINT" source="#hvysword_suebi_Skin_hvysword_suebi-skin-joints"/>
          <input semantic="INV_BIND_MATRIX" source="#hvysword_suebi_Skin_hvysword_suebi-skin-bind_poses"/>
        </joints>
        <vertex_weights count="699">
          <input semantic="JOINT" source="#hvysword_suebi_Skin_hvysword_suebi-skin-joints" offset="0"/>
          <input semantic="WEIGHT" source="#hvysword_suebi_Skin_hvysword_suebi-skin-weights" offset="1"/>
          <vcount>1 1 1 1 1 1 1 1 1 1 1 1 1 1 1 1 1 1 1 1 1 1 1 1 1 1 1 1 1 1 1 1 1 1 1 1 1 1 1 1 1 1 1 1 1 1 1 1 1 1 1 1 1 1 1 1 1 1 1 1 1 1 1 1 1 1 1 1 1 1 1 1 1 1 1 1 1 1 1 1 1 1 1 1 1 1 1 1 1 1 1 1 1 1 1 1 1 1 1 1 1 1 1 1 1 1 1 1 1 1 1 1 1 1 1 1 1 1 1 1 1 1 1 1 1 1 1 1 1 1 1 1 1 1 1 1 1 1 1 1 1 1 1 1 1 1 1 1 1 1 1 1 1 1 1 1 1 1 1 1 1 1 1 1 1 1 1 1 1 1 1 1 1 1 1 1 1 1 1 1 1 1 1 1 1 1 1 1 1 1 1 1 1 1 1 1 1 1 1 1 1 1 1 1 1 1 1 1 1 1 1 1 1 1 1 1 1 1 1 1 1 1 1 1 1 1 1 1 1 1 1 1 1 1 1 1 1 1 1 1 1 1 1 1 1 1 1 1 1 1 1 1 1 1 1 1 1 1 1 1 1 1 1 1 1 1 1 1 1 1 1 1 1 1 1 1 1 1 1 1 1 1 1 1 1 1 1 1 1 1 1 1 1 1 1 1 1 1 1 1 1 1 1 1 1 1 1 1 1 1 1 1 1 1 1 1 1 1 1 1 1 1 1 1 1 1 1 1 1 1 1 1 1 1 1 1 1 1 1 1 1 1 1 1 1 1 1 1 1 1 1 1 1 1 1 1 1 1 1 1 1 1 1 1 1 1 1 1 1 1 1 1 1 1 1 1 1 1 1 1 1 1 1 1 1 1 1 1 1 1 1 1 1 1 1 1 1 1 1 1 1 1 1 1 1 1 1 1 1 1 1 1 1 1 1 1 1 1 1 1 1 1 1 1 1 1 1 1 1 1 1 1 1 1 1 1 1 1 1 1 1 1 1 1 1 1 1 1 1 1 1 1 1 1 1 1 1 1 1 1 1 1 1 1 1 1 1 1 1 1 1 1 1 1 1 1 1 1 1 1 1 1 1 1 1 1 1 1 1 1 1 1 1 1 1 1 1 1 1 1 1 1 1 1 1 1 1 1 1 1 1 1 1 1 1 1 1 1 1 1 1 1 1 1 1 1 1 1 1 1 1 1 1 1 1 1 1 1 1 1 1 1 1 1 1 1 1 1 1 1 1 1 1 1 1 1 1 1 1 1 1 1 1 1 1 1 1 1 1 1 1 1 1 1 1 1 1 1 1 1 1 1 1 1 1 1 1 1 1 1 1 1 1 1 1 1 1 1 1 1 1 1 1 1 1 1 1 1 1 1 1 1 1 1 1 1 1 1 1 1 1 1 1 1 1 1 1 1 1 1 1 1 1 1 1 1 1 1 1 1 1 1 1 1 1 1 1 1 1 1 1 1 1 1 1 1 1 1 1 1 1 1 1 1 1 1 1 1 1 1 1 1 1 1 1 1 1 1 1 1 1 1 1 1 1 1 1 1 1 1 1 1 1 1 1 1 1 1 1 </vcount>
          <v>1 0 1 1 1 2 1 3 1 4 1 5 1 6 1 7 1 8 1 9 1 10 1 11 1 12 1 13 1 14 1 15 2 16 2 17 2 18 2 19 2 20 2 21 2 22 2 23 2 24 2 25 2 26 2 27 3 28 3 29 3 30 3 31 3 32 3 33 5 34 5 35 5 36 5 37 5 38 5 39 5 40 5 41 5 42 5 43 5 44 5 45 5 46 5 47 5 48 5 49 5 50 5 51 5 52 5 53 5 54 5 55 5 56 5 57 5 58 5 59 5 60 5 61 5 62 5 63 5 64 5 65 5 66 5 67 5 68 5 69 5 70 5 71 5 72 5 73 5 74 5 75 5 76 5 77 5 78 5 79 5 80 8 81 8 82 8 83 8 84 8 85 8 86 8 87 8 88 8 89 8 90 8 91 8 92 9 93 9 94 9 95 9 96 9 97 9 98 11 99 11 100 11 101 11 102 11 103 11 104 11 105 11 106 11 107 11 108 11 109 11 110 11 111 11 112 11 113 11 114 11 115 11 116 11 117 11 118 11 119 11 120 11 121 11 122 11 123 11 124 11 125 11 126 11 127 11 128 11 129 11 130 11 131 11 132 11 133 11 134 11 135 11 136 11 137 11 138 11 139 11 140 11 141 11 142 11 143 11 144 11 145 14 146 14 147 14 148 14 149 14 150 14 151 14 152 14 153 14 154 14 155 14 156 14 157 14 158 14 159 14 160 14 161 14 162 14 163 14 164 14 165 14 166 14 167 14 168 14 169 14 170 14 171 14 172 14 173 14 174 14 175 14 176 14 177 14 178 14 179 14 180 14 181 14 182 14 183 14 184 14 185 14 186 14 187 14 188 14 189 14 190 14 191 15 192 15 193 15 194 15 195 15 196 15 197 15 198 15 199 15 200 15 201 15 202 15 203 15 204 15 205 15 206 15 207 15 208 15 209 15 210 15 211 15 212 15 213 15 214 15 215 15 216 15 217 15 218 15 219 15 220 15 221 15 222 15 223 15 224 15 225 15 226 15 227 15 228 15 229 15 230 15 231 15 232 15 233 15 234 15 235 15 236 15 237 15 238 15 239 15 240 15 241 15 242 15 243 15 244 15 245 15 246 15 247 15 248 15 249 15 250 15 251 15 252 15 253 15 254 15 255 15 256 15 257 15 258 15 259 15 260 15 261 15 262 15 263 15 264 15 265 15 266 15 267 15 268 15 269 15 270 15 271 15 272 15 273 15 274 15 275 15 276 15 277 15 278 15 279 15 280 15 281 15 282 15 283 15 284 15 285 15 286 15 287 15 288 15 289 15 290 15 291 15 292 15 293 15 294 15 295 15 296 15 297 16 298 16 299 16 300 16 301 16 302 16 303 16 304 16 305 16 306 16 307 17 308 17 309 17 310 17 311 17 312 17 313 17 314 17 315 17 316 17 317 17 318 17 319 17 320 17 321 17 322 17 323 17 324 17 325 17 326 17 327 17 328 17 329 17 330 17 331 17 332 17 333 17 334 17 335 17 336 17 337 17 338 17 339 17 340 17 341 17 342 17 343 17 344 17 345 17 346 17 347 17 348 17 349 17 350 17 351 17 352 17 353 17 354 17 355 17 356 17 357 17 358 17 359 17 360 20 361 20 362 20 363 20 364 20 365 20 366 20 367 20 368 20 369 20 370 20 371 20 372 21 373 21 374 21 375 21 376 21 377 21 378 21 379 21 380 21 381 21 382 21 383 21 384 21 385 21 386 21 387 21 388 21 389 21 390 21 391 21 392 21 393 21 394 21 395 21 396 21 397 23 398 23 399 23 400 23 401 23 402 23 403 23 404 23 405 23 406 23 407 23 408 23 409 23 410 23 411 23 412 23 413 23 414 23 415 23 416 23 417 23 418 23 419 23 420 23 421 23 422 23 423 23 424 23 425 23 426 23 427 23 428 23 429 23 430 23 431 25 432 25 433 25 434 25 435 25 436 25 437 25 438 25 439 25 440 25 441 25 442 25 443 25 444 25 445 25 446 25 447 25 448 25 449 25 450 25 451 25 452 25 453 25 454 25 455 25 456 25 457 25 458 25 459 25 460 25 461 25 462 25 463 25 464 25 465 25 466 25 467 25 468 25 469 25 470 25 471 25 472 25 473 25 474 25 475 25 476 25 477 25 478 25 479 25 480 25 481 25 482 25 483 25 484 25 485 25 486 25 487 25 488 25 489 25 490 25 491 25 492 25 493 25 494 25 495 25 496 25 497 25 498 25 499 25 500 25 501 25 502 25 503 25 504 25 505 25 506 25 507 25 508 25 509 25 510 25 511 25 512 25 513 25 514 25 515 25 516 25 517 25 518 25 519 25 520 25 521 25 522 25 523 25 524 25 525 25 526 25 527 25 528 25 529 25 530 25 531 25 532 25 533 25 534 25 535 25 536 25 537 25 538 25 539 25 540 25 541 25 542 25 543 25 544 25 545 25 546 25 547 25 548 25 549 25 550 25 551 25 552 25 553 25 554 25 555 25 556 25 557 25 558 25 559 25 560 25 561 25 562 25 563 25 564 25 565 25 566 25 567 25 568 25 569 25 570 25 571 25 572 25 573 25 574 25 575 25 576 25 577 25 578 25 579 25 580 25 581 25 582 25 583 25 584 25 585 25 586 25 587 25 588 25 589 25 590 25 591 25 592 25 593 25 594 25 595 25 596 25 597 25 598 25 599 25 600 25 601 25 602 25 603 25 604 25 605 25 606 25 607 25 608 25 609 25 610 25 611 25 612 25 613 25 614 25 615 25 616 25 617 25 618 25 619 25 620 25 621 25 622 25 623 25 624 25 625 25 626 25 627 25 628 25 629 25 630 25 631 25 632 25 633 25 634 25 635 25 636 25 637 25 638 25 639 25 640 25 641 25 642 25 643 25 644 25 645 25 646 25 647 25 648 25 649 25 650 25 651 25 652 25 653 25 654 25 655 25 656 25 657 25 658 25 659 25 660 25 661 25 662 25 663 25 664 25 665 25 666 25 667 25 668 25 669 25 670 25 671 25 672 25 673 25 674 25 675 25 676 25 677 25 678 25 679 25 680 25 681 25 682 25 683 25 684 25 685 25 686 25 687 25 688 25 689 25 690 25 691 25 692 25 693 25 694 25 695 25 696 25 697 25 698</v>
        </vertex_weights>
      </skin>
    </controller>
  </library_controllers>
  <library_visual_scenes>
    <visual_scene id="Scene" name="Scene">
      <node id="LAMP_FRONT_PEACH" name="LAMP_FRONT_PEACH" type="NODE">
        <matrix sid="transform">3.591979 0.1901838 0.1047818 0.07793808 -0.1418689 3.370134 -1.253606 -21.84175 -0.1643847 1.24719 3.371491 55.79722 0 0 0 1</matrix>
        <instance_light url="#LAMP_FRONT_PEACH-light"/>
      </node>
      <node id="Lamp_WEST" name="Lamp_WEST" type="NODE">
        <matrix sid="transform">0.4774377 -2.651463 -2.385635 -28.80603 3.566386 0.387963 0.2825485 3.436447 0.04901193 -2.401809 2.679248 33.30629 0 0 0 1</matrix>
        <instance_light url="#Lamp_WEST-light"/>
      </node>
      <node id="Camera" name="Camera" type="NODE">
        <matrix sid="transform">0.6859207 -0.3240135 0.6515582 7.481132 0.7276763 0.3054208 -0.6141704 -6.50764 0 0.8953956 0.4452714 5.343665 0 0 0 1</matrix>
        <instance_camera url="#Camera-camera"/>
      </node>
      <node id="Lamp" name="Lamp" type="NODE">
        <matrix sid="transform">-0.2908646 -0.7711008 0.5663932 6.320361 0.9551712 -0.1998834 0.2183912 1.005454 -0.05518906 0.6045247 0.7946723 8.128572 0 0 0 1</matrix>
        <instance_light url="#Lamp-light"/>
      </node>
      <node id="hvysword_suebi_Skin" name="hvysword_suebi_Skin" type="NODE">
        <matrix sid="transform">1 0 0 0 0 1 0 0 0 0 1 0 0 0 0 1</matrix>
        <node id="hvysword_suebi_Skin_root" name="root" sid="root" type="JOINT">
          <matrix sid="transform">1 6.48974e-16 2.14247e-8 0 2.14247e-8 -1.34359e-7 -1 -1.01207e-7 2.22962e-15 1 -1.19209e-7 2.154822 0 0 0 1</matrix>
          <node id="hvysword_suebi_Skin_pelvis" name="pelvis" sid="pelvis" type="JOINT">
            <matrix sid="transform">1 0 8.47148e-9 2.88204e-4 -3.15587e-16 1 3.72528e-8 -0.1648533 -8.47148e-9 -3.72528e-8 1 -0.05965076 0 0 0 1</matrix>
            <node id="hvysword_suebi_Skin_femurleft" name="femurleft" sid="femurleft" type="JOINT">
              <matrix sid="transform">1 -3.05225e-15 5.03385e-9 0.2292777 0 1 0 -0.0098176 -5.03385e-9 2.48278e-10 1 0.05965088 0 0 0 1</matrix>
              <node id="hvysword_suebi_Skin_butt-l" name="butt-l" sid="butt-l" type="JOINT">
                <matrix sid="transform">1 -3.54107e-15 4.2319e-9 4.67554e-4 1.89181e-15 1 -4.47035e-7 -0.098526 -4.2319e-9 4.47035e-7 1 -0.2278655 0 0 0 1</matrix>
                <extra>
                  <technique profile="blender">
                    <layer sid="layer" type="string">0</layer>
                    <roll sid="roll" type="float">0</roll>
                    <tip_x sid="tip_x" type="float">0</tip_x>
                    <tip_y sid="tip_y" type="float">0</tip_y>
                    <tip_z sid="tip_z" type="float">0.1</tip_z>
                  </technique>
                </extra>
              </node>
              <node id="hvysword_suebi_Skin_knee-l-top" name="knee-l-top" sid="knee-l-top" type="JOINT">
                <matrix sid="transform">1 -3.54107e-15 7.79386e-9 0.02838683 0 0.9999999 0 -0.4877242 -7.79386e-9 0 1 0.3577119 0 0 0 1</matrix>
                <extra>
                  <technique profile="blender">
                    <layer sid="layer" type="string">0</layer>
                    <roll sid="roll" type="float">0</roll>
                    <tip_x sid="tip_x" type="float">0</tip_x>
                    <tip_y sid="tip_y" type="float">0</tip_y>
                    <tip_z sid="tip_z" type="float">0.1</tip_z>
                  </technique>
                </extra>
              </node>
              <node id="hvysword_suebi_Skin_knee-l-bopttom" name="knee-l-bopttom" sid="knee-l-bopttom" type="JOINT">
                <matrix sid="transform">1 -3.54107e-15 2.84318e-8 0.03209621 3.1775e-15 1 -1.11759e-7 -0.736926 -2.84318e-8 1.11759e-7 1 -0.03760035 0 0 0 1</matrix>
                <node id="hvysword_suebi_Skin_ankle_left" name="ankle left" sid="ankle_left" type="JOINT">
                  <matrix sid="transform">1 -4.17908e-8 8.65373e-7 0.008728117 2.95136e-7 -0.92954 -0.3687214 -1.121673 8.19807e-7 0.3687214 -0.9295408 -0.06275671 0 0 0 1</matrix>
                  <node id="hvysword_suebi_Skin_foot_left01" name="foot left01" sid="foot_left01" type="JOINT">
                    <matrix sid="transform">1 7.49806e-7 1.86073e-5 2.68221e-7 -1.74336e-5 0.3889734 0.921249 0.216839 -6.54699e-6 -0.9212489 0.3889734 -0.2809221 0 0 0 1</matrix>
                    <extra>
                      <technique profile="blender">
                        <layer sid="layer" type="string">0</layer>
                        <roll sid="roll" type="float">1.89164e-5</roll>
                        <tip_x sid="tip_x" type="float">0</tip_x>
                        <tip_y sid="tip_y" type="float">-0.09997606</tip_y>
                        <tip_z sid="tip_z" type="float">-0.002188205</tip_z>
                      </technique>
                    </extra>
                  </node>
                  <extra>
                    <technique profile="blender">
                      <layer sid="layer" type="string">0</layer>
                      <roll sid="roll" type="float">8.11969e-7</roll>
                      <tip_x sid="tip_x" type="float">0</tip_x>
                      <tip_y sid="tip_y" type="float">-0.03687208</tip_y>
                      <tip_z sid="tip_z" type="float">-0.09295403</tip_z>
                    </technique>
                  </extra>
                </node>
                <extra>
                  <technique profile="blender">
                    <layer sid="layer" type="string">0</layer>
                    <roll sid="roll" type="float">0</roll>
                    <tip_x sid="tip_x" type="float">0</tip_x>
                    <tip_y sid="tip_y" type="float">0</tip_y>
                    <tip_z sid="tip_z" type="float">0.1</tip_z>
                  </technique>
                </extra>
              </node>
              <extra>
                <technique profile="blender">
                  <layer sid="layer" type="string">0</layer>
                  <roll sid="roll" type="float">0</roll>
                  <tip_x sid="tip_x" type="float">0</tip_x>
                  <tip_y sid="tip_y" type="float">0</tip_y>
                  <tip_z sid="tip_z" type="float">0.0999999</tip_z>
                </technique>
              </extra>
            </node>
            <node id="hvysword_suebi_Skin_femurright" name="femurright" sid="femurright" type="JOINT">
              <matrix sid="transform">1 -3.05225e-15 5.03385e-9 -0.2316408 0 1 0 -0.0098176 -5.03385e-9 2.48278e-10 1 0.05965088 0 0 0 1</matrix>
              <node id="hvysword_suebi_Skin_butt-r" name="butt-r" sid="butt-r" type="JOINT">
                <matrix sid="transform">1 -3.54107e-15 5.58592e-9 -0.003262356 3.32947e-15 1 -5.96046e-7 -0.09589529 -5.58592e-9 5.96046e-7 1 -0.2262757 0 0 0 1</matrix>
                <extra>
                  <technique profile="blender">
                    <layer sid="layer" type="string">0</layer>
                    <roll sid="roll" type="float">0</roll>
                    <tip_x sid="tip_x" type="float">0</tip_x>
                    <tip_y sid="tip_y" type="float">0</tip_y>
                    <tip_z sid="tip_z" type="float">0.1</tip_z>
                  </technique>
                </extra>
              </node>
              <node id="hvysword_suebi_Skin_knee-r-top" name="knee-r-top" sid="knee-r-top" type="JOINT">
                <matrix sid="transform">1 -3.54107e-15 9.03824e-9 0.05288468 5.3872e-15 0.9999999 -5.96046e-7 -0.4883386 -9.03824e-9 5.96046e-7 1 0.3589506 0 0 0 1</matrix>
                <extra>
                  <technique profile="blender">
                    <layer sid="layer" type="string">0</layer>
                    <roll sid="roll" type="float">0</roll>
                    <tip_x sid="tip_x" type="float">0</tip_x>
                    <tip_y sid="tip_y" type="float">0</tip_y>
                    <tip_z sid="tip_z" type="float">0.1</tip_z>
                  </technique>
                </extra>
              </node>
              <node id="hvysword_suebi_Skin_knee-r-bopttom" name="knee-r-bopttom" sid="knee-r-bopttom" type="JOINT">
                <matrix sid="transform">1 -3.54107e-15 1.35241e-8 -0.01414061 -5.03811e-16 1 3.72529e-8 -0.7370361 -1.35241e-8 -3.72529e-8 1 -0.03760032 0 0 0 1</matrix>
                <node id="hvysword_suebi_Skin_ankleright" name="ankleright" sid="ankleright" type="JOINT">
                  <matrix sid="transform">1 -1.86264e-8 7.95599e-7 -0.01317592 2.76041e-7 -0.9295399 -0.3687215 -1.118303 7.4641e-7 0.3687215 -0.9295379 -0.0627568 0 0 0 1</matrix>
                  <node id="hvysword_suebi_Skin_foot_right01" name="foot right01" sid="foot_right01" type="JOINT">
                    <matrix sid="transform">1 6.91747e-7 1.77204e-5 2.08616e-7 -1.65939e-5 0.3889743 0.9212486 0.2168394 -6.2555e-6 -0.9212486 0.3889744 -0.2809228 0 0 0 1</matrix>
                    <extra>
                      <technique profile="blender">
                        <layer sid="layer" type="string">0</layer>
                        <roll sid="roll" type="float">1.80154e-5</roll>
                        <tip_x sid="tip_x" type="float">0</tip_x>
                        <tip_y sid="tip_y" type="float">-0.09997606</tip_y>
                        <tip_z sid="tip_z" type="float">-0.002188265</tip_z>
                      </technique>
                    </extra>
                  </node>
                  <extra>
                    <technique profile="blender">
                      <layer sid="layer" type="string">0</layer>
                      <roll sid="roll" type="float">7.5056e-7</roll>
                      <tip_x sid="tip_x" type="float">0</tip_x>
                      <tip_y sid="tip_y" type="float">-0.03687214</tip_y>
                      <tip_z sid="tip_z" type="float">-0.09295403</tip_z>
                    </technique>
                  </extra>
                </node>
                <extra>
                  <technique profile="blender">
                    <layer sid="layer" type="string">0</layer>
                    <roll sid="roll" type="float">0</roll>
                    <tip_x sid="tip_x" type="float">0</tip_x>
                    <tip_y sid="tip_y" type="float">0</tip_y>
                    <tip_z sid="tip_z" type="float">0.1</tip_z>
                  </technique>
                </extra>
              </node>
              <extra>
                <technique profile="blender">
                  <layer sid="layer" type="string">0</layer>
                  <roll sid="roll" type="float">0</roll>
                  <tip_x sid="tip_x" type="float">0</tip_x>
                  <tip_y sid="tip_y" type="float">0</tip_y>
                  <tip_z sid="tip_z" type="float">0.0999999</tip_z>
                </technique>
              </extra>
            </node>
            <node id="hvysword_suebi_Skin_lumbar" name="lumbar" sid="lumbar" type="JOINT">
              <matrix sid="transform">1 -3.05225e-15 4.81516e-9 0.004538173 0 1 3.72529e-8 0.189765 -4.81516e-9 -3.70047e-8 1 -0.05340066 0 0 0 1</matrix>
              <node id="hvysword_suebi_Skin_rib" name="rib" sid="rib" type="JOINT">
                <matrix sid="transform">1 -3.34046e-15 4.25529e-9 -0.01278647 0 1 0 0.7050576 -4.25529e-9 2.48249e-10 1 0.1130516 0 0 0 1</matrix>
                <node id="hvysword_suebi_Skin_scapula" name="scapula" sid="scapula" type="JOINT">
                  <matrix sid="transform">0.2484293 -0.96865 -8.31449e-8 0.4182977 0.96865 0.2484293 -6.69971e-8 0.2449708 8.55524e-8 -6.38943e-8 1 -4.2731e-8 0 0 0 1</matrix>
                  <node id="hvysword_suebi_Skin_ulna" name="ulna" sid="ulna" type="JOINT">
                    <matrix sid="transform">0.9999999 -5.96046e-8 -2.13163e-14 0.1237388 8.9407e-8 0.9999999 -2.4869e-14 -0.5993563 1.42109e-14 2.13163e-14 1 -2.91216e-10 0 0 0 1</matrix>
                    <node id="hvysword_suebi_Skin_carpal" name="carpal" sid="carpal" type="JOINT">
                      <matrix sid="transform">1 -1.40071e-6 -1.07321e-7 0.1033106 1.49012e-6 1 -2.23518e-7 -0.5754041 1.07322e-7 2.23518e-7 1 0.07377817 0 0 0 1</matrix>
                      <node id="hvysword_suebi_Skin_ammo_node_1" name="ammo node 1" sid="ammo_node_1" type="JOINT">
                        <matrix sid="transform">1 -5.96425e-7 -9.52184e-6 0.176682 -9.74536e-6 0.001922398 -0.9999982 0.2353449 6.1721e-7 0.9999982 0.001922373 -0.07377827 0 0 0 1</matrix>
                        <extra>
                          <technique profile="blender">
                            <layer sid="layer" type="string">0</layer>
                            <roll sid="roll" type="float">-2.323251</roll>
                            <tip_x sid="tip_x" type="float">-1.86205e-4</tip_x>
                            <tip_y sid="tip_y" type="float">-0.09999984</tip_y>
                            <tip_z sid="tip_z" type="float">4.76837e-5</tip_z>
                          </technique>
                        </extra>
                      </node>
                      <extra>
                        <technique profile="blender">
                          <layer sid="layer" type="string">0</layer>
                          <roll sid="roll" type="float">-1.31974</roll>
                          <tip_x sid="tip_x" type="float">-0.09686493</tip_x>
                          <tip_y sid="tip_y" type="float">0</tip_y>
                          <tip_z sid="tip_z" type="float">0.02484273</tip_z>
                        </technique>
                      </extra>
                    </node>
                    <extra>
                      <technique profile="blender">
                        <layer sid="layer" type="string">0</layer>
                        <roll sid="roll" type="float">-1.319738</roll>
                        <tip_x sid="tip_x" type="float">-0.09686517</tip_x>
                        <tip_y sid="tip_y" type="float">0</tip_y>
                        <tip_z sid="tip_z" type="float">0.02484297</tip_z>
                      </technique>
                    </extra>
                  </node>
                  <extra>
                    <technique profile="blender">
                      <layer sid="layer" type="string">0</layer>
                      <roll sid="roll" type="float">-1.319738</roll>
                      <tip_x sid="tip_x" type="float">-0.09686517</tip_x>
                      <tip_y sid="tip_y" type="float">0</tip_y>
                      <tip_z sid="tip_z" type="float">0.02484297</tip_z>
                    </technique>
                  </extra>
                </node>
                <node id="hvysword_suebi_Skin_scapula01" name="scapula01" sid="scapula01" type="JOINT">
                  <matrix sid="transform">0.239987 0.9707761 2.01551e-9 -0.4432708 -0.970776 0.2399869 1.29507e-7 0.2449708 1.25238e-7 -3.30366e-8 1 -4.2731e-8 0 0 0 1</matrix>
                  <node id="hvysword_suebi_Skin_ulna01" name="ulna01" sid="ulna01" type="JOINT">
                    <matrix sid="transform">1 -1.49012e-8 3.28302e-8 -0.1120028 -1.49012e-8 1 -1.19209e-7 -0.5993562 -3.28302e-8 1.19209e-7 1 2.658e-9 0 0 0 1</matrix>
                    <node id="hvysword_suebi_Skin_carpal_right" name="carpal right" sid="carpal_right" type="JOINT">
                      <matrix sid="transform">1 1.66893e-6 -7.15215e-9 -0.1377454 -1.75834e-6 1 -1.26121e-13 -0.5311354 7.15214e-9 1.58762e-13 1 -1.44189e-7 0 0 0 1</matrix>
                      <node id="hvysword_suebi_Skin_smoke_node_1" name="smoke node 1" sid="smoke_node_1" type="JOINT">
                        <matrix sid="transform">0.9999999 6.71018e-7 1.06618e-4 0.0260942 1.06543e-4 -0.006793438 -0.9999769 -0.1824128 5.31545e-8 0.9999769 -0.006793499 0.04844672 0 0 0 1</matrix>
                        <node id="hvysword_suebi_Skin_ammo_node_0" name="ammo node 0" sid="ammo_node_0" type="JOINT">
                          <matrix sid="transform">0.9999999 1.2219e-4 1.51297e-7 0.002612352 6.80331e-7 -0.006792987 0.9999769 1.569697 1.22219e-4 -0.9999769 -0.006793037 0.04457718 0 0 0 1</matrix>
                          <extra>
                            <technique profile="blender">
                              <layer sid="layer" type="string">0</layer>
                              <roll sid="roll" type="float">1.328461</roll>
                              <tip_x sid="tip_x" type="float">0.09768497</tip_x>
                              <tip_y sid="tip_y" type="float">0</tip_y>
                              <tip_z sid="tip_z" type="float">0.02414703</tip_z>
                            </technique>
                          </extra>
                        </node>
                        <extra>
                          <technique profile="blender">
                            <layer sid="layer" type="string">0</layer>
                            <roll sid="roll" type="float">1.328247</roll>
                            <tip_x sid="tip_x" type="float">-6.59466e-4</tip_x>
                            <tip_y sid="tip_y" type="float">-0.09999769</tip_y>
                            <tip_z sid="tip_z" type="float">-1.63078e-4</tip_z>
                          </technique>
                        </extra>
                      </node>
                      <extra>
                        <technique profile="blender">
                          <layer sid="layer" type="string">0</layer>
                          <roll sid="roll" type="float">1.328446</roll>
                          <tip_x sid="tip_x" type="float">0.0970776</tip_x>
                          <tip_y sid="tip_y" type="float">0</tip_y>
                          <tip_z sid="tip_z" type="float">0.02399849</tip_z>
                        </technique>
                      </extra>
                    </node>
                    <extra>
                      <technique profile="blender">
                        <layer sid="layer" type="string">0</layer>
                        <roll sid="roll" type="float">1.328444</roll>
                        <tip_x sid="tip_x" type="float">0.09707778</tip_x>
                        <tip_y sid="tip_y" type="float">0</tip_y>
                        <tip_z sid="tip_z" type="float">0.02399873</tip_z>
                      </technique>
                    </extra>
                  </node>
                  <extra>
                    <technique profile="blender">
                      <layer sid="layer" type="string">0</layer>
                      <roll sid="roll" type="float">1.328444</roll>
                      <tip_x sid="tip_x" type="float">0.09707778</tip_x>
                      <tip_y sid="tip_y" type="float">0</tip_y>
                      <tip_z sid="tip_z" type="float">0.02399873</tip_z>
                    </technique>
                  </extra>
                </node>
                <node id="hvysword_suebi_Skin_neck" name="neck" sid="neck" type="JOINT">
                  <matrix sid="transform">1 -3.59515e-15 3.75497e-9 -0.01369714 2.37534e-16 0.9999999 -6.32587e-8 0.4694993 -3.75497e-9 6.32587e-8 1 -1.35612e-7 0 0 0 1</matrix>
                  <node id="hvysword_suebi_Skin_skull" name="skull" sid="skull" type="JOINT">
                    <matrix sid="transform">1 -4.05743e-15 1.18064e-9 -0.007297663 0 1 1.49009e-8 0.4520025 -1.18064e-9 -1.49009e-8 1 7.10192e-8 0 0 0 1</matrix>
                    <node id="hvysword_suebi_Skin_nogginbottom" name="nogginbottom" sid="nogginbottom" type="JOINT">
                      <matrix sid="transform">1 1.16415e-9 2.30469e-7 0.001799161 -1.08001e-8 0.9991254 0.0418144 0.08982587 -2.30219e-7 -0.0418144 0.9991254 0.2822085 0 0 0 1</matrix>
                      <extra>
                        <technique profile="blender">
                          <layer sid="layer" type="string">0</layer>
                          <roll sid="roll" type="float">2.74333e-7</roll>
                          <tip_x sid="tip_x" type="float">0</tip_x>
                          <tip_y sid="tip_y" type="float">0.004181444</tip_y>
                          <tip_z sid="tip_z" type="float">0.09991264</tip_z>
                        </technique>
                      </extra>
                    </node>
                    <node id="hvysword_suebi_Skin_plumes" name="plumes" sid="plumes" type="JOINT">
                      <matrix sid="transform">1 -4.16334e-15 3.01873e-7 -0.002369048 -6.36991e-9 0.9997773 0.02110134 0.1819341 -3.01805e-7 -0.02110134 0.9997773 0.1862073 0 0 0 1</matrix>
                      <extra>
                        <technique profile="blender">
                          <layer sid="layer" type="string">0</layer>
                          <roll sid="roll" type="float">3.45765e-7</roll>
                          <tip_x sid="tip_x" type="float">0</tip_x>
                          <tip_y sid="tip_y" type="float">0.002110123</tip_y>
                          <tip_z sid="tip_z" type="float">0.09997797</tip_z>
                        </technique>
                      </extra>
                    </node>
                    <node id="hvysword_suebi_Skin_skulltop" name="skulltop" sid="skulltop" type="JOINT">
                      <matrix sid="transform">1 -4.18519e-15 4.3221e-9 -0.00416824 0 1 -2.4869e-13 0.3702886 -4.3221e-9 2.4869e-13 1 3.55271e-15 0 0 0 1</matrix>
                      <extra>
                        <technique profile="blender">
                          <layer sid="layer" type="string">0</layer>
                          <roll sid="roll" type="float">0</roll>
                          <tip_x sid="tip_x" type="float">0</tip_x>
                          <tip_y sid="tip_y" type="float">0</tip_y>
                          <tip_z sid="tip_z" type="float">0.0999999</tip_z>
                        </technique>
                      </extra>
                    </node>
                    <extra>
                      <technique profile="blender">
                        <layer sid="layer" type="string">0</layer>
                        <roll sid="roll" type="float">0</roll>
                        <tip_x sid="tip_x" type="float">0</tip_x>
                        <tip_y sid="tip_y" type="float">0</tip_y>
                        <tip_z sid="tip_z" type="float">0.1000001</tip_z>
                      </technique>
                    </extra>
                  </node>
                  <node id="hvysword_suebi_Skin_smoke_node_0" name="smoke node 0" sid="smoke_node_0" type="JOINT">
                    <matrix sid="transform">1 -6.36559e-6 -1.10467e-6 0.00651496 -1.10467e-6 1.11759e-7 -0.9999999 0.09218764 6.36559e-6 0.9999999 2.38371e-7 0.2430202 0 0 0 1</matrix>
                    <extra>
                      <technique profile="blender">
                        <layer sid="layer" type="string">0</layer>
                        <roll sid="roll" type="float">3.141592</roll>
                        <tip_x sid="tip_x" type="float">-6.32368e-7</tip_x>
                        <tip_y sid="tip_y" type="float">-0.09999996</tip_y>
                        <tip_z sid="tip_z" type="float">0</tip_z>
                      </technique>
                    </extra>
                  </node>
                  <extra>
                    <technique profile="blender">
                      <layer sid="layer" type="string">0</layer>
                      <roll sid="roll" type="float">0</roll>
                      <tip_x sid="tip_x" type="float">0</tip_x>
                      <tip_y sid="tip_y" type="float">0</tip_y>
                      <tip_z sid="tip_z" type="float">0.1000001</tip_z>
                    </technique>
                  </extra>
                </node>
                <node id="hvysword_suebi_Skin_cloaktop" name="cloaktop" sid="cloaktop" type="JOINT">
                  <matrix sid="transform">1 -3.59515e-15 6.60961e-9 0.009935168 9.8491e-16 0.9999999 -1.49012e-7 0.3512919 -6.60961e-9 1.49012e-7 1 -0.1981267 0 0 0 1</matrix>
                  <node id="hvysword_suebi_Skin_cloak" name="cloak" sid="cloak" type="JOINT">
                    <matrix sid="transform">1 -4.97566e-15 1.47715e-10 0.004538156 0 1 1.49011e-7 -0.859081 -1.47715e-10 -1.48763e-7 1 -0.2356979 0 0 0 1</matrix>
                    <node id="hvysword_suebi_Skin_cloakbottom" name="cloakbottom" sid="cloakbottom" type="JOINT">
                      <matrix sid="transform">1 -4.9845e-15 0 -0.02733967 0 1 0 -0.8312191 0 2.48605e-10 1 -0.1177092 0 0 0 1</matrix>
                      <extra>
                        <technique profile="blender">
                          <layer sid="layer" type="string">0</layer>
                          <roll sid="roll" type="float">0</roll>
                          <tip_x sid="tip_x" type="float">0</tip_x>
                          <tip_y sid="tip_y" type="float">0</tip_y>
                          <tip_z sid="tip_z" type="float">0.1</tip_z>
                        </technique>
                      </extra>
                    </node>
                    <extra>
                      <technique profile="blender">
                        <layer sid="layer" type="string">0</layer>
                        <roll sid="roll" type="float">0</roll>
                        <tip_x sid="tip_x" type="float">0</tip_x>
                        <tip_y sid="tip_y" type="float">0</tip_y>
                        <tip_z sid="tip_z" type="float">0.1000001</tip_z>
                      </technique>
                    </extra>
                  </node>
                  <extra>
                    <technique profile="blender">
                      <layer sid="layer" type="string">0</layer>
                      <roll sid="roll" type="float">0</roll>
                      <tip_x sid="tip_x" type="float">0</tip_x>
                      <tip_y sid="tip_y" type="float">0</tip_y>
                      <tip_z sid="tip_z" type="float">0.0999999</tip_z>
                    </technique>
                  </extra>
                </node>
                <extra>
                  <technique profile="blender">
                    <layer sid="layer" type="string">0</layer>
                    <roll sid="roll" type="float">0</roll>
                    <tip_x sid="tip_x" type="float">0</tip_x>
                    <tip_y sid="tip_y" type="float">0</tip_y>
                    <tip_z sid="tip_z" type="float">0.0999999</tip_z>
                  </technique>
                </extra>
              </node>
              <extra>
                <technique profile="blender">
                  <layer sid="layer" type="string">0</layer>
                  <roll sid="roll" type="float">0</roll>
                  <tip_x sid="tip_x" type="float">0</tip_x>
                  <tip_y sid="tip_y" type="float">0</tip_y>
                  <tip_z sid="tip_z" type="float">0.0999999</tip_z>
                </technique>
              </extra>
            </node>
            <extra>
              <technique profile="blender">
                <layer sid="layer" type="string">0</layer>
                <roll sid="roll" type="float">0</roll>
                <tip_x sid="tip_x" type="float">0</tip_x>
                <tip_y sid="tip_y" type="float">0</tip_y>
                <tip_z sid="tip_z" type="float">0.1000001</tip_z>
              </technique>
            </extra>
          </node>
          <extra>
            <technique profile="blender">
              <layer sid="layer" type="string">0</layer>
              <roll sid="roll" type="float">0</roll>
              <tip_x sid="tip_x" type="float">0</tip_x>
              <tip_y sid="tip_y" type="float">0</tip_y>
              <tip_z sid="tip_z" type="float">0.1000001</tip_z>
            </technique>
          </extra>
        </node>
      </node>
      <node id="hvysword_suebi" name="hvysword_suebi" type="NODE">
        <translate sid="location">0 0 0</translate>
        <rotate sid="rotationZ">0 0 1 0</rotate>
        <rotate sid="rotationY">0 1 0 0</rotate>
        <rotate sid="rotationX">1 0 0 0</rotate>
        <scale sid="scale">1 1 1</scale>
        <instance_controller url="#hvysword_suebi_Skin_hvysword_suebi-skin">
          <skeleton>#hvysword_suebi_Skin_root</skeleton>
          <bind_material>
            <technique_common>
              <instance_material symbol="hvysword_suebi_Mat-material" target="#hvysword_suebi_Mat-material"/>
            </technique_common>
          </bind_material>
        </instance_controller>
      </node>
    </visual_scene>
  </library_visual_scenes>
  <scene>
    <instance_visual_scene url="#Scene"/>
  </scene>
</COLLADA>