<?xml version="1.0" encoding="utf-8"?>
<COLLADA xmlns="http://www.collada.org/2005/11/COLLADASchema" version="1.4.1" xmlns:xsi="http://www.w3.org/2001/XMLSchema-instance">
  <asset>
    <contributor>
      <author>Blender User</author>
      <authoring_tool>Blender 2.79.0 commit date:2017-09-11, commit time:10:43, hash:5bd8ac9</authoring_tool>
    </contributor>
    <created>2019-02-03T06:44:11</created>
    <modified>2019-02-03T06:44:11</modified>
    <unit name="meter" meter="1"/>
    <up_axis>Z_UP</up_axis>
  </asset>
  <library_cameras>
    <camera id="Camera-camera" name="Camera">
      <optics>
        <technique_common>
          <perspective>
            <xfov sid="xfov">49.13434</xfov>
            <aspect_ratio>1.777778</aspect_ratio>
            <znear sid="znear">0.1</znear>
            <zfar sid="zfar">100</zfar>
          </perspective>
        </technique_common>
      </optics>
      <extra>
        <technique profile="blender">
          <shiftx sid="shiftx" type="float">0</shiftx>
          <shifty sid="shifty" type="float">0</shifty>
          <YF_dofdist sid="YF_dofdist" type="float">0</YF_dofdist>
        </technique>
      </extra>
    </camera>
  </library_cameras>
  <library_lights>
    <light id="Lamp-light" name="Lamp">
      <technique_common>
        <point>
          <color sid="color">1 1 1</color>
          <constant_attenuation>1</constant_attenuation>
          <linear_attenuation>0</linear_attenuation>
          <quadratic_attenuation>0.00111109</quadratic_attenuation>
        </point>
      </technique_common>
      <extra>
        <technique profile="blender">
          <type sid="type" type="int">0</type>
          <flag sid="flag" type="int">0</flag>
          <mode sid="mode" type="int">8192</mode>
          <gamma sid="blender_gamma" type="float">1</gamma>
          <red sid="red" type="float">1</red>
          <green sid="green" type="float">1</green>
          <blue sid="blue" type="float">1</blue>
          <shadow_r sid="blender_shadow_r" type="float">0</shadow_r>
          <shadow_g sid="blender_shadow_g" type="float">0</shadow_g>
          <shadow_b sid="blender_shadow_b" type="float">0</shadow_b>
          <energy sid="blender_energy" type="float">1</energy>
          <dist sid="blender_dist" type="float">29.99998</dist>
          <spotsize sid="spotsize" type="float">75</spotsize>
          <spotblend sid="spotblend" type="float">0.15</spotblend>
          <halo_intensity sid="blnder_halo_intensity" type="float">1</halo_intensity>
          <att1 sid="att1" type="float">0</att1>
          <att2 sid="att2" type="float">1</att2>
          <falloff_type sid="falloff_type" type="int">2</falloff_type>
          <clipsta sid="clipsta" type="float">1.000799</clipsta>
          <clipend sid="clipend" type="float">30.002</clipend>
          <bias sid="bias" type="float">1</bias>
          <soft sid="soft" type="float">3</soft>
          <compressthresh sid="compressthresh" type="float">0.04999995</compressthresh>
          <bufsize sid="bufsize" type="int">2880</bufsize>
          <samp sid="samp" type="int">3</samp>
          <buffers sid="buffers" type="int">1</buffers>
          <filtertype sid="filtertype" type="int">0</filtertype>
          <bufflag sid="bufflag" type="int">0</bufflag>
          <buftype sid="buftype" type="int">2</buftype>
          <ray_samp sid="ray_samp" type="int">1</ray_samp>
          <ray_sampy sid="ray_sampy" type="int">1</ray_sampy>
          <ray_sampz sid="ray_sampz" type="int">1</ray_sampz>
          <ray_samp_type sid="ray_samp_type" type="int">0</ray_samp_type>
          <area_shape sid="area_shape" type="int">1</area_shape>
          <area_size sid="area_size" type="float">0.1</area_size>
          <area_sizey sid="area_sizey" type="float">0.1</area_sizey>
          <area_sizez sid="area_sizez" type="float">1</area_sizez>
          <adapt_thresh sid="adapt_thresh" type="float">0.000999987</adapt_thresh>
          <ray_samp_method sid="ray_samp_method" type="int">1</ray_samp_method>
          <shadhalostep sid="shadhalostep" type="int">0</shadhalostep>
          <sun_effect_type sid="sun_effect_type" type="int">0</sun_effect_type>
          <skyblendtype sid="skyblendtype" type="int">1</skyblendtype>
          <horizon_brightness sid="horizon_brightness" type="float">1</horizon_brightness>
          <spread sid="spread" type="float">1</spread>
          <sun_brightness sid="sun_brightness" type="float">1</sun_brightness>
          <sun_size sid="sun_size" type="float">1</sun_size>
          <backscattered_light sid="backscattered_light" type="float">1</backscattered_light>
          <sun_intensity sid="sun_intensity" type="float">1</sun_intensity>
          <atm_turbidity sid="atm_turbidity" type="float">2</atm_turbidity>
          <atm_extinction_factor sid="atm_extinction_factor" type="float">1</atm_extinction_factor>
          <atm_distance_factor sid="atm_distance_factor" type="float">1</atm_distance_factor>
          <skyblendfac sid="skyblendfac" type="float">1</skyblendfac>
          <sky_exposure sid="sky_exposure" type="float">1</sky_exposure>
          <sky_colorspace sid="sky_colorspace" type="int">0</sky_colorspace>
        </technique>
      </extra>
    </light>
  </library_lights>
  <library_images/>
  <library_effects>
    <effect id="tekeitos-effect">
      <profile_COMMON>
        <technique sid="common">
          <phong>
            <emission>
              <color sid="emission">0 0 0 1</color>
            </emission>
            <ambient>
              <color sid="ambient">0 0 0 1</color>
            </ambient>
            <diffuse>
              <color sid="diffuse">0.16 0.442353 0.1411765 1</color>
            </diffuse>
            <specular>
              <color sid="specular">0.4490196 0.4490196 0.4490196 1</color>
            </specular>
            <shininess>
              <float sid="shininess">50</float>
            </shininess>
            <index_of_refraction>
              <float sid="index_of_refraction">1</float>
            </index_of_refraction>
          </phong>
        </technique>
      </profile_COMMON>
    </effect>
  </library_effects>
  <library_materials>
    <material id="tekeitos-material" name="tekeitos">
      <instance_effect url="#tekeitos-effect"/>
    </material>
  </library_materials>
  <library_geometries>
    <geometry id="thegnoz_001-mesh" name="thegnoz.001">
      <mesh>
        <source id="thegnoz_001-mesh-positions">
          <float_array id="thegnoz_001-mesh-positions-array" count="2136">-0.1093357 -0.2434183 3.770317 -0.104782 -0.2396407 3.770317 -0.1040832 -0.234354 3.770318 0.06968772 -0.2401787 3.770318 0.07581716 -0.2443731 3.770318 0.09154367 -0.2357779 3.770319 0.0680077 -0.235 3.770319 0.2089482 0.06200718 3.663456 0.1572661 -0.1743177 3.656034 0.1433834 -0.1932116 3.596623 0.1184682 -0.1326308 3.506357 0.128959 -0.08730846 3.340981 0.1851543 0.1568342 3.370791 -0.2208361 0.06200355 3.663407 -0.1970275 0.1568326 3.370748 -0.1407932 -0.08726048 3.340954 -0.1272866 -0.1307842 3.495193 -0.1555452 -0.1933716 3.597545 -0.1691415 -0.2015442 3.646792 -0.003861308 -0.1436682 3.340969 0.128959 -0.08730846 3.340981 0.1184682 -0.1326308 3.506357 0.01835232 -0.2144804 3.502417 -0.004045665 -0.2142583 3.501074 0.2089482 0.06200718 3.663456 0.1851543 0.1568342 3.370791 0.06847292 0.2545229 3.492048 -0.2208361 0.06200355 3.663407 -0.09074997 0.2545229 3.492028 -0.1970275 0.1568326 3.370748 0.1572661 -0.1743177 3.656034 -0.004915595 -0.2011425 3.644392 0.02211236 -0.2069065 3.602583 0.1433834 -0.1932116 3.596623 -0.004915714 -0.2219082 3.669266 -0.02803903 -0.2140583 3.499868 -0.03881442 -0.2072073 3.602449 -0.004103422 -0.2825626 3.50247 0.07712906 0.2522272 3.660342 0.07712906 0.2522272 3.660342 0.128959 -0.08730846 3.340981 -0.1407932 -0.08726048 3.340954 -0.1970275 0.1568326 3.370748 -0.09074997 0.2545229 3.492028 0.06847292 0.2545229 3.492048 0.1851543 0.1568342 3.370791 -0.1008235 0.2522272 3.660321 -0.1008235 0.2522272 3.660321 0.06847292 0.2545229 3.492048 -0.09074997 0.2545229 3.492028 0.1348985 0.2771632 3.756656 0.1140059 0.08285015 3.949395 0.1178194 0.1704218 3.941599 -0.1266003 0.2556987 3.784131 -0.1051687 0.08582305 3.953333 -0.1058105 0.1724247 3.94981 0.08678197 -0.2212981 3.752789 0.1199296 0.01468783 3.946975 0.04640984 -0.07413208 3.956939 0.05287224 0.2076852 3.940619 0.02250021 0.06255614 3.977909 0.06084847 0.1369047 3.963048 0.09962487 0.1860767 3.943823 0.09962487 0.1860767 3.943823 -0.1128284 0.01640337 3.954296 -0.06492203 -0.07358902 3.958598 -0.2133955 0.05544269 3.816884 -0.2004101 0.2160781 3.731804 -0.04123991 0.208347 3.942079 -0.03719341 0.06354719 3.979222 -0.07449036 0.1386507 3.966025 -0.08673369 0.1874936 3.946945 -0.08673369 0.1874936 3.946945 0.1050556 -0.07647722 3.932317 0.07203376 0.2577243 3.796619 0.2006856 0.02328157 3.838315 0.04621309 0.03384107 3.967532 0.09454512 -0.05106526 3.948862 -0.008952498 -0.08055627 3.972668 -0.008952498 -0.08055627 3.972668 0.163201 0.1097015 3.79762 0.1293369 0.1477933 3.936957 0.03959053 0.1029647 3.969709 -0.007423996 0.05773049 3.985365 -0.007423996 0.05773049 3.985365 0.0579003 0.1627114 3.961656 0.0579003 0.1627114 3.961656 -0.1020437 -0.07583737 3.934413 -0.0858165 0.2590619 3.802089 -0.09919828 -0.05020076 3.951263 -0.06119781 0.03526103 3.969588 -0.1462332 0.03779411 3.937362 -0.1885496 0.1144294 3.810381 -0.1182866 0.1503168 3.945626 -0.1587307 0.2289586 3.829876 -0.06399059 0.1894351 3.9434 -0.06399059 0.1894351 3.9434 -0.05393779 0.1043922 3.971766 -0.07087337 0.1640684 3.964429 -0.07087337 0.1640684 3.964429 0.0401175 0.3088591 3.730702 0.0401175 0.3088591 3.730702 0.02144914 0.3065446 3.730702 0.02144914 0.3065446 3.730702 0.1036583 0.288647 3.730702 0.2562881 0.003347873 3.730703 0.1740833 0.2081996 3.730703 0.174117 0.2166668 3.730703 0.1798297 0.1913217 3.730703 0.1733967 0.201764 3.730703 -0.08454072 -0.2451014 3.730701 -0.004611253 0.3155811 3.730702 -0.004611253 0.3155811 3.730702 -0.03254681 0.307147 3.730702 -0.03254681 0.307147 3.730702 -0.1191669 0.2921336 3.730701 -0.154718 0.2831829 3.730701 -0.2174078 -0.05080789 3.7307 -0.195385 -0.09742105 3.7307 -0.2406272 0.1379192 3.7307 -0.2581925 0.04529649 3.7307 0.2341549 -0.06479352 3.730703 0.2341549 -0.06479352 3.730703 -0.1081762 -0.2322589 3.730701 0.06728005 -0.2239302 3.730702 0.06894218 -0.2290538 3.730702 -0.05302083 0.3097414 3.730701 -0.05302083 0.3097414 3.730701 0.1429194 0.2796168 3.730702 0.07500642 -0.2332036 3.730702 0.09056562 -0.2246999 3.730702 -0.103671 -0.2285215 3.730701 -0.1928701 -0.1117313 3.730701 0.2521501 0.01884114 3.730703 -0.2005397 0.2165644 3.7307 -0.004915356 -0.1714173 3.779438 0.1923049 0.06593084 3.785085 0.1311738 0.2835767 3.734379 0.1311738 0.2835767 3.734379 0.04515486 0.3216829 3.734378 0.04515486 0.3216829 3.734378 0.04515486 0.3216829 3.734378 -0.04638463 0.3216828 3.734377 -0.04638463 0.3216828 3.734377 -0.2025269 0.2119605 3.734377 -0.2025269 0.2119605 3.734377 -0.2482965 0.1154724 3.734376 -0.2482965 0.1154724 3.734376 -0.2482966 -0.046884 3.734376 -0.2482966 -0.046884 3.734376 -0.2025269 -0.1433721 3.734377 -0.2025269 -0.1433721 3.734377 0.2470669 -0.04688376 3.734379 0.2470669 -0.04688376 3.734379 0.2629627 0.06283801 3.65678 0.2629627 0.06283801 3.65678 0.247067 0.1154725 3.65678 0.247067 0.1154725 3.65678 0.2012972 0.2119606 3.65678 0.2012972 0.2119606 3.65678 0.1311739 0.2835767 3.656779 0.1311739 0.2835767 3.656779 0.04515498 0.3216829 3.656779 0.04515498 0.3216829 3.656779 0.04515498 0.3216829 3.656779 -0.04638451 0.3216828 3.656778 -0.04638451 0.3216828 3.656778 -0.1324035 0.2835767 3.656778 -0.1324035 0.2835767 3.656778 -0.2025268 0.2119605 3.656778 -0.2025268 0.2119605 3.656778 -0.2482964 0.1154724 3.656777 -0.2482964 0.1154724 3.656777 -0.2641922 0.06283831 3.656776 -0.2641922 0.06283831 3.656776 -0.2482964 -0.046884 3.656777 -0.2482964 -0.046884 3.656777 -0.2025268 -0.1433721 3.656777 -0.2025268 -0.1433721 3.656777 -0.1324034 -0.2149881 3.656777 -0.1324034 -0.2149881 3.656777 -0.04638433 -0.2530943 3.656778 -0.04638433 -0.2530943 3.656778 -0.04638433 -0.2530943 3.656778 0.04515504 -0.2530942 3.656778 0.04515504 -0.2530942 3.656778 0.131174 -0.2149881 3.656779 0.131174 -0.2149881 3.656779 0.2012973 -0.1433719 3.656779 0.2012973 -0.1433719 3.656779 0.247067 -0.04688388 3.65678 0.247067 -0.04688388 3.65678 0.2629626 0.06283819 3.734379 0.2629626 0.06283819 3.734379 0.2470669 0.1154724 3.734379 0.2470669 0.1154724 3.734379 0.2012971 0.2119606 3.734379 0.2012971 0.2119606 3.734379 -0.1324036 0.2835767 3.734377 -0.1324036 0.2835767 3.734377 -0.2641924 0.06283795 3.734376 -0.2641924 0.06283795 3.734376 -0.1324035 -0.2149881 3.734377 -0.1324035 -0.2149881 3.734377 0.04515486 -0.2530942 3.734378 0.04515486 -0.2530942 3.734378 0.1311739 -0.2149881 3.734379 0.1311739 -0.2149881 3.734379 0.2012972 -0.1433719 3.734379 0.2012972 -0.1433719 3.734379 -0.1749953 0.240078 3.656778 -0.1749953 0.240078 3.656778 0.2536127 0.07644534 3.667297 0.1188259 0.2509064 3.51529 0.2613829 0.1516987 3.51111 0.179718 -0.05291968 3.667297 0.1232457 0.2600761 3.667296 0.1325629 0.2794592 3.667296 0.008121073 0.2792906 3.804953 0.008121073 0.2792906 3.804953 -0.007187187 0.135598 3.978787 -0.007187187 0.135598 3.978787 0.07671117 0.1884189 3.941161 0.07671117 0.1884189 3.941161 -0.01217448 -0.1241891 3.95604 -0.01217448 -0.1241891 3.95604 -0.0087713 -0.04505574 3.981578 -0.0087713 -0.04505574 3.981578 -0.006851375 0.2021804 3.953209 -0.006851375 0.2021804 3.953209 0.06368845 -0.2376512 3.765291 0.06368845 -0.2376512 3.765291 -0.1186484 -0.2207418 3.757468 -0.1186484 -0.2207418 3.757468 -0.0844084 -0.196127 3.784209 -0.0844084 -0.196127 3.784209 0.04916757 -0.2451707 3.730702 0.04916757 -0.2451707 3.730702 -0.123948 -0.2224097 3.730701 -0.123948 -0.2224097 3.730701 -0.1029797 -0.2232912 3.730702 -0.1029797 -0.2232912 3.730702 0.1895703 -0.1532911 3.730703 0.1895703 -0.1532911 3.730703 0.1927288 -0.1527316 3.744448 0.1927288 -0.1527316 3.744448 -0.1691415 -0.1933753 3.646792 -0.2040055 0.06590658 3.785037 0.1572661 -0.1661487 3.646848 -0.04638439 -0.2530943 3.734377 -0.04638439 -0.2530943 3.734377 -0.04638439 -0.2530943 3.734377 -0.2292658 0.07644534 3.667297 -0.09447896 0.2509064 3.51529 -0.237036 0.1516987 3.51111 -0.1553711 -0.05291968 3.667297 -0.09889876 0.2600761 3.667296 -0.3944301 0.2641239 2.202928 -0.3899151 -0.252607 2.193473 0.3847889 -0.2534164 2.192655 0.3888042 0.2641285 2.202021 -0.3944301 0.2641239 2.202928 0.3888042 0.2641285 2.202021 -0.3899151 -0.252607 2.193473 0.3847889 -0.2534164 2.192655 0.3888042 0.2641285 2.202021 -0.3944301 0.2641239 2.202928 0.3847889 -0.2534164 2.192655 -0.3899151 -0.252607 2.193473 0.3847889 -0.2534164 2.192655 0.3888042 0.2641285 2.202021 -0.3944301 0.2641239 2.202928 -0.3899151 -0.252607 2.193473 0.2180587 -0.3729043 1.736345 0.5535947 -0.1051474 1.736375 0.5535947 -0.1051474 1.736375 0.336865 -0.3915721 1.344549 0.6530647 -0.124033 1.345839 0.6530647 -0.124033 1.345839 0.4476836 0.001962006 1.252539 0.3943448 0.161774 1.832953 0.04524976 0.0016433 1.232718 0.0323807 0.1614313 1.817913 0.04524976 0.0016433 1.232718 0.4476836 0.001962006 1.252539 0.2327533 -0.2225432 1.811297 0.2327533 -0.2225432 1.811297 0.3943448 0.161774 1.832953 0.1820019 0.3937029 1.68908 0.5535954 0.2864364 1.736376 0.5535954 0.2864364 1.736376 0.2842943 0.3745992 1.316553 0.6537654 0.267333 1.3471 0.6537654 0.267333 1.3471 0.2525086 -0.01224297 0.2271173 0.2510321 -0.03943878 0.3254607 0.2322385 -0.01088488 0.3254663 0.1704182 0.2421756 0.002054512 0.1375218 0.1789597 0.3254938 0.3743781 0.2437953 0.002051591 0.3933345 0.1812587 0.32542 0.3339164 0.09613031 0.3254369 0.2510321 -0.03943878 0.3254607 0.2525086 -0.01224297 0.2271173 0.1156281 -0.348581 0.006905555 0.3685376 -0.2578483 0.006905734 0.2525086 -0.01224297 0.2271173 0.1156281 -0.348581 0.006905555 0.3685376 -0.2578483 0.006905734 0.3743781 0.2437953 0.002051591 0.3685376 -0.2578483 0.006905734 0.3413465 0.2091447 0.3342624 0.3413465 0.2091447 0.3342624 0.248162 0.111393 1.271449 0.248162 0.111393 1.271449 0.2397298 -0.2476036 1.078211 0.2413823 -0.07826173 0.2498072 0.3476607 0.09557163 0.2497766 0.2397298 -0.2476036 1.078211 0.236785 -0.2532688 1.298222 0.236785 -0.2532688 1.298222 0.236785 -0.2532688 1.298222 0.236785 -0.2532688 1.298222 0.4238495 0.2047276 0.2497549 0.3571878 0.2404844 0.2610933 0.248162 0.111393 1.271449 0.2172842 -0.0416485 0.2498143 0.2413823 -0.07826173 0.2498072 0.09583371 0.2017797 0.2498496 0.3571878 0.2404844 0.2610933 0.248162 0.111393 1.271449 -0.5553411 -0.1051524 1.736302 -0.2206481 -0.3729053 1.736324 -0.5553411 -0.1051524 1.736302 -0.6377653 -0.1240383 1.345766 -0.3251973 -0.3921343 1.344459 -0.6377653 -0.1240383 1.345766 -0.4256046 0.003482043 1.248338 -0.3943766 0.1711317 1.83284 -0.04064673 0.003147363 1.228546 -0.04696041 0.209053 1.828691 -0.04064673 0.003147363 1.228546 -0.4256046 0.003482043 1.248338 -0.2307813 -0.2338632 1.811186 -0.2307813 -0.2338632 1.811186 -0.3943766 0.1711317 1.83284 -0.1541718 0.3936966 1.687331 -0.5553418 0.2864303 1.736303 -0.5553418 0.2864303 1.736303 -0.2673977 0.3745929 1.31648 -0.6370642 0.2673245 1.347028 -0.6370642 0.2673245 1.347028 -0.2510623 -0.01371753 0.2250735 -0.1674992 0.2531742 1.08976e-5 -0.1338834 0.1869172 0.3255721 -0.2299832 -0.01202803 0.3255999 -0.2510623 -0.01371753 0.2250735 -0.2482635 -0.04262065 0.3256052 -0.3298709 0.09941303 0.3256287 -0.3744874 0.2549075 7.84602e-6 -0.359957 -0.2784513 0.004416882 -0.1032139 -0.3711563 0.004417061 -0.2510623 -0.01371753 0.2250735 -0.1032139 -0.3711563 0.004417061 -0.359957 -0.2784513 0.004416882 -0.359957 -0.2784513 0.004416882 -0.3744874 0.2549075 7.84602e-6 -0.2482635 -0.04262065 0.3256052 -0.3878217 0.1893211 0.3256453 -0.3378285 0.2199346 0.3352621 -0.3378285 0.2199346 0.3352621 -0.2360191 0.1228075 1.266335 -0.2360191 0.1228075 1.266335 -0.2274532 -0.2575259 1.073095 -0.2379575 -0.08725947 0.249827 -0.2140457 -0.0472424 0.2498202 -0.4205083 0.2161347 0.2498796 -0.344705 0.09852939 0.2498579 -0.2274532 -0.2575259 1.073095 -0.2121686 -0.265196 1.294021 -0.2121686 -0.265196 1.294021 -0.2121686 -0.265196 1.294021 -0.2121686 -0.265196 1.294021 -0.08834117 0.2129903 0.2497838 -0.3551141 0.2561791 0.2624589 -0.2360191 0.1228075 1.266335 -0.2360191 0.1228075 1.266335 -0.3551141 0.2561791 0.2624589 -0.2379575 -0.08725947 0.249827 -0.5149935 0.1372714 3.234032 -0.2170966 0.1821019 3.271677 -0.3949494 0.3025279 2.907509 -0.4065822 -0.1895741 2.898294 9.2831e-4 -0.1549994 3.323095 -0.424343 0.02788585 3.28367 0.001026153 0.1282198 3.33838 -0.424343 0.02788585 3.28367 -0.424343 0.02788585 3.28367 -0.4065822 -0.1895741 2.898294 -0.5149935 0.1372714 3.234032 -0.3949494 0.3025279 2.907509 -0.424343 0.02788585 3.28367 -0.5149935 0.1372714 3.234032 -0.4065822 -0.1895741 2.898294 -0.3949494 0.3025279 2.907509 -0.4065822 -0.1895741 2.898294 0.3779784 -0.1960505 2.895304 0.3653562 0.2998514 2.915625 0.3653562 0.2998514 2.915625 -0.3949494 0.3025279 2.907509 -0.2170966 0.1821019 3.271677 -0.2170966 0.1821019 3.271677 0.2068879 0.1830288 3.269263 0.3653562 0.2998514 2.915625 -0.3949494 0.3025279 2.907509 0.3653562 0.2998514 2.915625 0.3653562 0.2998514 2.915625 -0.02244049 -0.285131 2.896829 -0.4065822 -0.1895741 2.898294 -0.4065822 -0.1895741 2.898294 -0.4065822 -0.1895741 2.898294 -0.3949494 0.3025279 2.907509 -0.3949494 0.3025279 2.907509 -0.3949494 0.3025279 2.907509 0.3992861 0.02788585 3.28367 0.3779784 -0.1960505 2.895304 0.4871315 0.1415845 3.229718 0.3653562 0.2998514 2.915625 0.3779784 -0.1960505 2.895304 0.3779784 -0.1960505 2.895304 0.3779784 -0.1960505 2.895304 0.3653562 0.2998514 2.915625 0.3653562 0.2998514 2.915625 0.3653562 0.2998514 2.915625 0.3779784 -0.1960505 2.895304 0.3992861 0.02788585 3.28367 0.3992861 0.02788585 3.28367 0.4871315 0.1415845 3.229718 0.3653562 0.2998514 2.915625 0.2068879 0.1830288 3.269263 0.3779784 -0.1960505 2.895304 0.3779784 -0.1960505 2.895304 -0.5149935 0.1372714 3.234032 -0.424343 0.02788585 3.28367 0.001026153 0.1282198 3.33838 0.001026153 0.1282198 3.33838 -0.2170966 0.1821019 3.271677 -0.5149935 0.1372714 3.234032 0.2068879 0.1830288 3.269263 -0.2170966 0.1821019 3.271677 0.001026153 0.1282198 3.33838 0.2068879 0.1830288 3.269263 0.001026153 0.1282198 3.33838 0.3992861 0.02788585 3.28367 0.3992861 0.02788585 3.28367 0.4871315 0.1415845 3.229718 0.2068879 0.1830288 3.269263 0.3401468 -0.1914114 2.961254 0.07878965 -0.2075201 3.123035 0.3310494 -0.1458511 3.105688 0.09745454 -0.2335248 3.141428 0.1067358 -0.3322997 2.885693 0.3517107 -0.272799 2.881303 0.3461545 -0.2203904 2.959928 -0.3651631 -0.1914114 2.961254 -0.3564099 -0.1458511 3.105688 -0.1030223 -0.2075201 3.123035 -0.1215052 -0.2335248 3.141428 -0.3767319 -0.272799 2.881303 -0.1307863 -0.3322998 2.885693 -0.3711708 -0.2203904 2.959928 0.3455241 -0.2436373 2.883381 0.3380839 -0.1628317 3.117084 -0.3705454 -0.2436375 2.883381 -0.3634445 -0.1628317 3.117084 0.1310486 -0.183645 3.241696 0.3414311 -0.1317722 3.195487 0.3760262 0.1903491 3.256191 0.3582231 0.277704 3.087354 -0.01675665 0.2884382 3.094099 -0.01722311 0.1857388 3.323336 0.1603589 -0.1050374 3.335511 0.3520894 -0.01467043 3.289197 0.1874573 0.1236584 3.385759 0.3565291 0.07889413 3.302182 -0.001861631 0.3374005 2.894751 0.363909 0.3225405 2.894751 0.3461545 -0.2203904 2.959928 0.3380839 -0.1628317 3.117084 0.343841 -0.08979755 3.159566 0.3414311 -0.1317722 3.195487 0.3517107 -0.272799 2.881303 0.1067358 -0.3322997 2.885693 0.09284973 -0.3088471 2.881783 0.3440012 -0.00676167 3.259764 0.3520894 -0.01467043 3.289197 0.3582231 0.277704 3.087354 0.3760262 0.1903491 3.256191 0.3671025 0.1552669 3.230859 0.3506851 0.2294781 3.078138 0.3565291 0.07889413 3.302182 0.3481692 0.04905581 3.270678 0.3578516 0.2664151 2.894751 0.363909 0.3225405 2.894751 -0.3935799 0.3225405 2.894751 0.008645117 0.2931267 2.894751 -0.3875225 0.2664151 2.894751 -0.1550992 -0.183645 3.241696 -0.3667867 -0.1317722 3.195487 -0.402937 0.1903491 3.256191 -0.01722311 0.1857388 3.323336 -0.01675665 0.2884382 3.094099 -0.3878939 0.277704 3.087354 -0.1844096 -0.1050374 3.335511 -0.377445 -0.01467043 3.289197 -0.3818848 0.07889413 3.302182 -0.2115079 0.05372381 3.385759 -0.001861631 0.3374005 2.894751 -0.3935799 0.3225405 2.894751 -0.3711708 -0.2203904 2.959928 -0.3634445 -0.1628317 3.117084 -0.3667867 -0.1317722 3.195487 -0.3691967 -0.08979755 3.159566 -0.3767319 -0.272799 2.881303 -0.1170824 -0.3088471 2.881783 -0.1307863 -0.3322998 2.885693 -0.377445 -0.01467043 3.289197 -0.3693569 -0.00676167 3.259764 -0.3878939 0.277704 3.087354 -0.3803558 0.2294781 3.078138 -0.3940134 0.1552669 3.230859 -0.402937 0.1903491 3.256191 -0.3735248 0.04905581 3.270678 -0.3818848 0.07889413 3.302182 0.008645117 0.2931267 2.894751 -0.001861631 0.2627047 2.894751 -0.001861631 0.3374005 2.894751 0.363909 0.3225405 2.894751 0.008645117 0.2931267 2.894751 1.056184 0.07980984 3.003477 1.113708 -0.04379773 3.237756 0.5157695 0.1230345 3.308889 0.5099018 -0.04742121 3.284039 1.113708 -0.04379773 3.237756 1.056184 0.07980984 3.003477 1.056184 0.07980984 3.003477 1.056184 0.07980984 3.003477 1.113708 -0.04379773 3.237756 1.113708 -0.04379773 3.237756 1.614835 0.01647037 3.181137 1.830038 -0.1231876 3.166285 1.828686 0.1168659 3.109172 1.567183 0.09794974 3.010334 1.58187 -0.1209575 3.043778 1.795091 0.09826612 2.97452 1.794043 -0.1246855 2.97536 1.828686 0.1168659 3.109172 1.567183 0.09794974 3.010334 1.58187 -0.1209575 3.043778 1.830038 -0.1231876 3.166285 1.58187 -0.1209575 3.043778 1.794043 -0.1246855 2.97536 1.567183 0.09794974 3.010334 1.828686 0.1168659 3.109172 1.794043 -0.1246855 2.97536 1.088075 0.2489778 3.093049 1.567524 0.09498351 3.011777 1.612979 0.07567846 3.173278 1.088075 0.2489778 3.093049 1.567524 0.09498351 3.011777 1.088075 0.2489778 3.093049 1.581765 -0.1131589 3.043335 1.091614 -0.08905506 3.088944 1.091614 -0.08905506 3.088944 1.581765 -0.1131589 3.043335 1.091614 -0.08905506 3.088944 1.091614 -0.08905506 3.088944 1.091614 -0.08905506 3.088944 1.091614 -0.08905506 3.088944 1.088075 0.2489778 3.093049 1.088075 0.2489778 3.093049 1.088075 0.2489778 3.093049 1.787792 0.9166195 3.262192 1.438214 0.3632336 3.453316 1.417793 1.090438 3.300993 2.005151 0.5059352 3.239398 1.052795 0.9105545 3.339268 0.8304518 0.4842849 3.362585 1.442614 -0.3639702 3.452855 2.018332 -0.4857883 3.238016 0.8348518 -0.4955408 3.362123 1.795988 -0.9112909 3.261332 1.430991 -1.091173 3.299608 1.060992 -0.917356 3.338409 1.792912 0.9166195 3.31102 1.422913 1.090438 3.34982 1.449923 0.3104929 3.564974 2.019053 0.4940381 3.287305 1.057916 0.9105545 3.388096 0.8355721 0.4842849 3.411412 1.449923 0.3104929 3.564974 1.454323 -0.3112294 3.564513 2.023452 -0.4857883 3.286844 0.8399723 -0.4955408 3.410951 1.801109 -0.9112909 3.310159 1.454323 -0.3112294 3.564513 1.436111 -1.091173 3.348436 1.066112 -0.917356 3.387236 1.430991 -1.091173 3.299608 1.795988 -0.9112909 3.261332 1.801109 -0.9112909 3.310159 1.436111 -1.091173 3.348436 1.417793 1.090438 3.300993 1.052795 0.9105545 3.339268 1.057916 0.9105545 3.388096 1.422913 1.090438 3.34982 0.8304518 0.4842849 3.362585 0.8348518 -0.4955408 3.362123 0.8399723 -0.4955408 3.410951 0.8355721 0.4842849 3.411412 2.018332 -0.4857883 3.238016 2.005151 0.5059352 3.239398 2.019053 0.4940381 3.287305 2.023452 -0.4857883 3.286844 1.060992 -0.917356 3.338409 1.066112 -0.917356 3.387236 2.018332 -0.4857883 3.238016 2.023452 -0.4857883 3.286844 0.8304518 0.4842849 3.362585 0.8355721 0.4842849 3.411412 2.005151 0.5059352 3.239398 1.787792 0.9166195 3.262192 1.792912 0.9166195 3.31102 2.019053 0.4940381 3.287305 0.8348518 -0.4955408 3.362123 0.8399723 -0.4955408 3.410951 -1.108769 0.07976418 2.995245 -1.158014 -0.04379791 3.23115 -0.5471981 0.1229509 3.296855 -0.542208 -0.04738909 3.271831 -1.158014 -0.04379791 3.23115 -1.108769 0.07976418 2.995245 -1.108769 0.07976418 2.995245 -1.108769 0.07976418 2.995245 -1.158014 -0.04379791 3.23115 -1.158014 -0.04379791 3.23115 -1.637489 0.01647353 3.209762 -1.853741 0.116881 3.14536 -1.853081 -0.1232002 3.202493 -1.595879 0.09796231 3.037368 -1.60938 -0.1209704 3.071311 -1.823829 -0.1246984 3.010396 -1.824906 0.09827911 3.009594 -1.853741 0.116881 3.14536 -1.595879 0.09796231 3.037368 -1.60938 -0.1209704 3.071311 -1.853081 -0.1232002 3.202493 -1.823829 -0.1246984 3.010396 -1.60938 -0.1209704 3.071311 -1.595879 0.09796231 3.037368 -1.853741 0.116881 3.14536 -1.823829 -0.1246984 3.010396 -1.13749 0.2488247 3.085767 -1.596124 0.09501504 3.038594 -1.13749 0.2488247 3.085767 -1.637331 0.07568645 3.208969 -1.13749 0.2488247 3.085767 -1.596124 0.09501504 3.038594 -1.60923 -0.1131909 3.070564 -1.141173 -0.08892083 3.081811 -1.60923 -0.1131909 3.070564 -1.141173 -0.08892083 3.081811 -1.141173 -0.08892083 3.081811 -1.141173 -0.08892083 3.081811 -1.141173 -0.08892083 3.081811 -1.141173 -0.08892083 3.081811 -1.13749 0.2488247 3.085767 -1.13749 0.2488247 3.085767 -1.13749 0.2488247 3.085767 -1.688201 -0.9426261 3.014514 -1.699687 -0.9429728 3.071884 -1.810307 -1.601168 3.054625 -1.795925 -1.600679 2.98257 -1.699687 -0.9429728 3.071884 -1.744238 -0.2595692 3.035392 -1.930129 -1.263269 2.99682 -1.810307 -1.601168 3.054625 -1.744238 -0.2595692 3.035392 -1.930129 -1.263269 2.99682 -2.407255 -2.209105 2.922805 -2.398924 -2.209155 2.881801 -1.800897 -1.608137 3.019706 -2.407255 -2.209105 2.922805 -1.800897 -1.608137 3.019706 -1.637065 -0.2608794 3.056441 -1.636923 -0.2613177 3.056686 -1.636833 -0.2613154 3.056236 -1.636833 -0.2613154 3.056236 -1.636923 -0.2613177 3.056686 -1.637065 -0.2608794 3.056441 -1.636923 -0.2613177 3.056686 -1.637065 -0.2608794 3.056441 -1.661904 -0.2708541 3.122332 -1.640697 -0.2704773 3.016801 -1.623824 0.3713482 3.004368 -1.655022 0.3707934 3.159618 -1.640697 -0.2704773 3.016801 -1.751239 -0.2712354 3.045577 -1.786447 0.3702329 3.0467 -1.623824 0.3713482 3.004368 -1.751239 -0.2712354 3.045577 -1.786447 0.3702329 3.0467</float_array>
          <technique_common>
            <accessor source="#thegnoz_001-mesh-positions-array" count="712" stride="3">
              <param name="X" type="float"/>
              <param name="Y" type="float"/>
              <param name="Z" type="float"/>
            </accessor>
          </technique_common>
        </source>
        <source id="thegnoz_001-mesh-normals">
          <float_array id="thegnoz_001-mesh-normals-array" count="1731">1.73806e-4 -3.0392e-4 1 -6.27958e-5 -2.46338e-5 1 1.93093e-5 -9.30743e-5 1 0.9653586 -0.2060858 -0.1600361 0.9244521 -0.1451573 -0.3525872 0.9200587 -0.3888055 -0.04818999 0.9679262 -0.2050703 -0.1451381 -0.967872 -0.2052503 -0.1452455 -0.9110938 -0.4106166 -0.03608608 -0.9265187 -0.1476255 -0.3460779 -0.942984 -0.1668053 -0.288023 0.3809026 -0.8976099 -0.2218328 0.5918079 -0.7050771 -0.3906785 0.01511466 -0.9149138 -0.4033665 0.7252968 0.6700294 0.1581302 -0.7545881 0.6397702 0.1459145 0.1432085 -0.9636752 0.2254366 0.1212255 -0.9537731 0.2749933 -0.007485568 -0.7676223 -0.6408588 -0.6422335 -0.7663363 -0.01628094 -0.07717639 -0.8409672 -0.535554 -0.3526147 -0.8560894 -0.3778543 0.02546393 -0.7725306 -0.634467 -0.6301515 -0.7599626 -0.1592677 0.5075161 -0.7461279 0.4309532 0.9496048 -0.3132215 -0.01196295 -0.4163134 -0.7896804 0.4506527 -0.9403474 -0.3314713 -0.07663929 0.5343108 -0.626225 -0.5677626 0.1153604 -0.9908125 0.07058721 2.14434e-5 -0.9865091 -0.1637068 -0.1241957 -0.9628939 0.2396057 0.05001348 -0.02044606 -0.9985393 0.05962669 -0.02044337 -0.9980114 0.1704354 -0.7564131 -0.6314991 9.9932e-5 -2.17619e-5 -1 0.8217078 0.5688638 -0.03450429 1.18615e-4 0.1211888 -0.9926296 7.81479e-5 0.7787442 -0.6273417 0.2407206 0.4276531 -0.8713015 -0.6009535 0.2317248 -0.7649566 -0.8452696 0.5325803 -0.04333043 -1.61694e-6 0.999907 0.01364016 -1.87663e-6 0.999907 0.01363921 0.6587821 -0.5018326 0.560509 0.4081017 -0.7304168 0.5476718 -0.1164231 0.9389537 0.3237465 0.3366189 0.8159626 0.4699925 0.2607961 0.819854 0.5097302 0.7707921 -0.326569 0.5470212 0.7970438 -0.2925462 0.5283353 0.2659193 -0.01110577 0.9639313 0.7998414 0.04827642 0.5982668 0.2961416 -0.08703488 0.9511705 0.2653714 -0.01330667 0.9640545 0.9177811 0.1369248 0.3727327 0.3389111 -0.4108671 0.8463613 0.2907443 -0.2343167 0.9276657 0.2782066 -0.2564162 0.925663 0.3387539 -0.411656 0.8460409 0.2933784 -0.3592821 0.8859151 0.7654721 0.5749107 0.2890159 0.7061303 0.1885839 0.6825072 0.8030444 0.4851019 0.3461154 0.6482746 0.3993901 0.6482498 0.9354939 0.1340347 0.326934 0.9680986 -0.1995075 0.1515979 0.9726685 -0.1037674 0.2077216 -0.09111487 0.9443626 0.316034 0.5385551 0.6803444 0.4970815 0.01582378 0.8864093 0.4626318 0.3401605 0.8733133 0.3487331 0.224254 0.3034898 0.9260693 0.1617038 0.3531749 0.9214768 0.2814349 0.07508772 0.956638 0.3132412 -0.08319687 0.9460223 0.2286233 0.08125376 0.9701181 0.2498753 0.08995616 0.9640904 0.3332234 -0.06475287 0.9406217 0.2475224 -0.03891044 0.9681006 0.3062466 0.08615416 0.9480456 0.3573274 -0.009701907 0.9339289 0.22417 0.05058294 0.9732365 0.2232705 0.07794821 0.9716349 0.3405225 0.0986846 0.9350432 0.2685213 0.02080553 0.9630491 0.04002213 0.8954651 0.4433291 0.2875514 0.201172 0.9363996 0.617175 0.655451 0.435292 0.8733062 0.3826451 0.301528 0.873274 0.3827155 0.301532 0.5495141 -0.002182185 0.8354817 0.8536502 0.4230588 0.3038139 -0.1391802 0.7457748 0.6514974 -0.02953851 0.6106324 0.7913632 -0.5000562 -0.7036493 0.5047986 0.06634306 -0.7750144 0.6284516 -0.2566922 0.8502364 0.4595729 -0.2916386 0.8086737 0.5108757 -0.2068306 0.8214797 0.5314058 -0.5194968 -0.1446592 0.8421382 -0.8190245 -0.3682795 0.439965 -0.8132901 -0.3842471 0.4369367 -0.2723156 -0.03419792 0.9616002 -0.3105969 -0.1065656 0.9445493 -0.4210301 0.05900347 0.9051256 -0.2991725 0.04622125 0.953079 -0.4687318 -0.4482493 0.7611591 -0.8866443 -0.1812281 0.4254626 -0.8914954 -0.1566632 0.4250795 -0.2684445 -0.3256681 0.9065749 -0.4492574 -0.5055626 0.7365964 -0.3061687 -0.1541002 0.9394222 -0.2642991 -0.2335108 0.935745 -0.8337339 0.3938478 0.3870038 -0.8059979 0.1528512 0.5718426 -0.7641711 0.3793848 0.5216414 -0.7389176 0.4718132 0.4810335 -0.7261738 0.3654345 0.582348 -0.8523405 0.4343128 0.2913559 -0.9373469 -0.1532621 0.3128761 -0.7917904 0.3130413 0.5244742 -0.9188767 -0.02478456 0.3937655 -0.8182658 0.3801504 0.4311923 -0.7787935 0.535232 0.32712 -0.7947317 0.5455172 0.2661061 -0.05008971 0.8771674 0.4775651 -0.5381499 0.6819733 0.4952849 -0.2484328 0.8827046 0.3988909 -0.231099 0.3499134 0.9078293 -0.2360861 0.3474047 0.9075094 -0.2051657 0.897467 0.3904613 0.009436488 0.8867459 0.462161 -0.3595107 -0.01269197 0.9330547 -0.3475697 0.02859455 0.9372181 -0.2082371 -0.03328359 0.977512 -0.3096417 -0.06043714 0.9489307 -0.2079918 0.09248441 0.9737485 -0.1857786 0.08326923 0.979057 -0.4087257 0.05825239 0.9107964 -0.3612518 0.1095695 0.9260085 -0.3262552 -0.03746193 0.9445391 -0.4168962 0.02379846 0.9086426 -0.1817619 0.08738303 0.9794523 -0.1836515 0.05428457 0.9814914 -0.2430437 0.4691164 0.8490346 -0.4714806 0.6990869 0.5375719 0.0728839 0.6003849 0.7963831 0.1173209 0.6437914 0.7561537 -0.15678 0.8966663 0.4140167 -0.01778578 0.9206339 0.3900216 0.825874 -0.2939438 0.481175 0.7104498 -0.230753 0.6648415 -3.86247e-4 -0.7376663 0.6751654 -0.2227352 -0.929023 0.2954747 -0.1884598 -0.8751628 0.4456154 -0.5232082 -0.8378431 0.1557959 1.77564e-4 -2.04793e-4 1 0.7567477 -0.4385698 0.4847573 0.3848144 -0.8700417 0.308132 0.7490812 -0.6387788 -0.1756108 0 -3.73481e-5 1 0.6408513 -0.7345862 0.2229189 -0.03065508 -0.9280033 -0.3713086 -3.9454e-6 -5.3753e-5 1 0.1202842 0.949353 0.2902767 0.9014321 -0.3771749 0.2125075 0.5116531 -0.7093846 0.4847521 -0.4597151 -0.8767492 0.141326 -0.9705463 -0.1335949 0.2004808 -0.7677668 -0.4781056 0.4265551 0.7552195 0.3166614 0.573907 -0.6568967 -0.5553767 0.5099447 0.3035923 0.8755342 0.3758611 -0.223686 0.8403182 0.4937915 -0.196286 0.8398665 0.5060594 -0.8284182 -0.3515639 0.4360346 -0.8742899 -0.1246638 0.4691228 0.8778658 -0.4422666 -0.1837176 -0.01436907 0.9078691 0.4190075 0.2212866 0.9621023 0.1593469 -0.5219643 -0.4548997 0.7215397 0.5632506 -0.4839573 0.6697269 0.9572972 0.2891061 1.65042e-6 0.9572971 0.2891063 5.86107e-7 0.9035015 0.4285851 1.17768e-6 0.9035031 0.4285817 1.73507e-6 0.7145163 0.6996189 1.49926e-6 0.7145151 0.6996201 1.76553e-6 0.4050336 0.9143018 5.92508e-7 0.4050368 0.9143005 2.20122e-6 -6.51135e-7 1 0 -9.76699e-7 1 -6.08961e-7 -0.4050326 0.9143023 -4.34284e-7 -0.4050348 0.9143013 -1.10277e-6 -0.7145123 0.6996229 -1.0738e-6 -0.7145158 0.6996193 -1.77428e-6 -0.7145131 0.6996221 -9.57926e-7 -0.9035035 0.4285809 -1.10465e-6 -0.9035025 0.4285828 -1.17768e-6 -0.9572961 0.2891092 -2.53957e-7 -0.9572967 0.2891074 -1.07411e-6 -0.9896682 -0.1433766 -1.36691e-6 -0.9896683 -0.1433768 -2.09661e-6 -0.9035018 -0.4285843 -1.67216e-6 -0.9035051 -0.4285775 -1.29216e-6 -0.7145118 -0.6996235 -1.08209e-6 -0.7145143 -0.699621 -1.45137e-6 -0.4050335 -0.9143019 4.9132e-7 -0.4050312 -0.914303 -6.33114e-7 9.76709e-7 -1 1.42136e-7 9.76697e-7 -1 -5.04965e-7 0.4050353 -0.9143011 7.14613e-7 0.4050326 -0.9143022 8.82236e-7 0.7145142 -0.699621 7.75033e-7 0.7145159 -0.6996193 7.66107e-7 0.9035028 -0.4285823 1.79786e-6 0.9035032 -0.4285815 1.07071e-6 0.9896685 -0.143375 1.38725e-6 0.9896684 -0.1433752 1.67815e-6 -2.30955e-5 0 1 -1.70874e-5 3.32914e-6 1 -3.47101e-6 -5.50207e-6 1 -1.17184e-6 3.39885e-6 1 -1.70874e-5 1.43787e-5 1 -1.70875e-5 2.17294e-6 1 -4.68736e-6 -1.1933e-6 1 -5.19713e-6 0 1 -6.80949e-5 -8.65931e-6 1 -8.54374e-6 -1.43788e-5 1 -3.60842e-6 1.83723e-6 1 -5.34109e-6 0 1 0 5.50204e-6 1 -2.19701e-6 -1.59307e-6 1 0 0 1 -3.41748e-5 -3.32914e-6 1 -5.06899e-7 6.63402e-6 -1 3.4175e-5 1.43788e-5 -1 0 -4.08376e-6 -1 0 -4.12087e-6 -1 -2.04291e-4 4.55385e-5 -1 1.88489e-5 1.38384e-5 -1 0 -1.43786e-5 -1 0 -7.54657e-7 -1 6.14783e-6 2.24176e-7 -1 4.7319e-6 4.28931e-6 -1 1.70875e-5 3.12838e-6 -1 -4.61915e-5 0 -1 1.26711e-5 0 -1 6.1041e-6 1.51893e-6 -1 5.63022e-6 -1.29463e-6 -1 9.37473e-6 1.73428e-6 -1 -3.41748e-5 -1.46379e-6 -1 -0.8521456 0.4867577 0.1921331 -0.9012833 0.4332304 7.19344e-5 -0.814008 -0.5778971 0.05853015 -0.5340104 -0.7509837 -0.3884024 -0.8521454 -0.4867578 -0.1921333 -0.814008 0.5778973 -0.05852991 -0.5340105 0.7509835 0.3884026 0.9668764 -0.1675462 0.1925573 0.9669996 -0.1676126 0.1918796 -0.3441736 0.02767556 0.938498 -0.3529338 0.03479915 0.9350009 0.07291173 0.03644585 -0.9966723 -0.006516039 0.03960651 -0.9991942 0.6925303 -0.7089421 0.133428 0.6913654 -0.7085451 0.1413431 -0.9178355 -0.3556385 -0.1763501 -0.6429328 0.6991352 -0.3128057 0.08822834 0.07703495 -0.9931171 -0.2110744 -0.01423549 0.9773663 0.9010061 0.3936482 0.182289 0.977042 -0.08561187 0.1950889 0.977038 -0.08570921 0.1950657 0.1930513 0.04579561 -0.9801194 -0.5582536 0.09247434 -0.8245008 -0.1938488 0.03970342 0.9802277 -0.1679745 0.439172 0.8825602 -0.8242361 -0.5424624 -0.1623876 -0.8809375 -0.4394888 -0.1754958 -0.8809372 -0.4394893 -0.1754963 0.8098515 -0.5652922 -0.1567973 0.8859655 -0.4279877 -0.1785829 0.8859655 -0.4279876 -0.1785827 -0.8609951 -0.4946761 -0.1182507 -0.8609946 -0.4946768 -0.1182506 0.8458931 -0.5171858 -0.1303216 0.8458932 -0.5171859 -0.1303212 -0.900206 0.08699387 0.4266864 0.2132569 -0.5944368 0.7753491 0.8820509 -0.00571084 0.4711197 -0.2074662 -0.5745677 0.7917258 0.8912601 0.09489977 0.4434518 -0.8866626 -0.0203365 0.4619696 -0.002645909 -0.007329642 -0.9999697 -5.44911e-5 -0.00826776 -0.9999659 6.23549e-5 -0.009676814 -0.9999533 0.003048062 -0.00849384 -0.9999594 -0.1515931 0.9728767 0.1747297 -0.007897317 0.9946542 0.1029604 0.8460753 -0.5055934 -0.168914 -0.8320138 -0.5362533 -0.142076 0.4863106 0.862765 0.138343 -0.5368625 0.8310467 0.1453966 0.1655346 0.9695945 0.1802359 0.008327662 0.9946621 0.10285 0.980179 -0.0219528 0.1968941 0.9801802 -0.02195411 0.196888 -0.2518185 -0.01212567 -0.9676985 -0.2518187 -0.01212596 -0.9676986 -0.6511478 -0.03706604 0.7580454 -0.6511425 -0.03706675 0.75805 -0.006254673 0.9999778 0.002316057 -0.1795173 0.227279 0.9571405 0.2561371 0.8485777 0.4629361 0.2732778 -0.002138078 -0.9619328 -0.9783196 -0.005473017 -0.2070287 0.1186339 -0.1592675 -0.9800816 0.3770473 -0.6178963 0.6899562 0.01453733 -0.9998442 0.01001149 0.01739042 0.991084 -0.1320991 -0.987917 -0.03844201 -0.1501411 0.2130679 0.2272777 0.9502353 -0.2396563 0.8485837 0.471668 -0.3069342 -0.002140104 -0.9517284 0.9704201 -0.00546801 -0.2413606 -0.1530368 -0.1592699 -0.9753015 -0.3524917 -0.6179048 0.702811 -0.0141766 -0.9998442 0.01051694 -0.02202486 0.991084 -0.1314052 0.9820173 -0.03844571 -0.1848356 -0.1849598 0.9025666 0.3887975 -0.3889876 -0.8098792 0.4390722 -0.1149617 -0.05349349 0.9919286 -0.0641756 0.4625662 -0.884259 0.06826329 0.4400587 0.8953707 -0.3205806 0.9467502 0.02986973 -0.09217095 -0.1454542 -0.9850623 0.0452786 -0.4629752 -0.885214 0.0111888 -0.5899526 0.8073604 -0.2449762 -0.935393 0.255003 -0.006435215 -0.1455298 0.989333 0.4462936 -0.7704083 0.4552946 0.7737355 0.4032873 0.4885619 0.5760422 0.6819175 0.4507371 -0.9997033 -0.008316099 -0.02289664 -0.9997178 0.02367031 -0.002026975 0.999915 -0.007944881 0.01034039 0.9992083 0.02413702 0.03162425 -9.45108e-6 0.949433 0.3139697 -2.90648e-4 0.94957 0.313555 0.004095971 0.9985097 -0.0544219 -6.37749e-5 0.9987493 -0.04999923 -0.2295425 -0.9273012 0.2956733 -0.2403176 -0.9673235 0.08082586 -0.001091897 -0.9989582 -0.04562252 -0.02451914 -0.9577322 0.2866144 -0.04328769 -0.9388318 0.3416447 -0.2732902 -0.3971185 -0.8761332 -0.1286032 0.02160471 -0.9914609 -0.2402002 0.4261853 -0.872164 -0.06605392 -0.146925 0.9869397 0.03821074 0.9016378 0.4308008 -0.2153301 0.4465744 0.8684495 4.62138e-4 0.4678704 -0.883797 0.00953871 0.4437417 0.896104 0.3097558 0.9504488 0.02643024 0.02045416 -0.1485036 -0.9887004 -0.1046665 -0.4664939 -0.87831 0.04811078 -0.5716046 0.8191177 0.2555363 -0.9348788 0.2463796 -0.09874826 -0.1402268 0.985183 -0.5029412 -0.7365357 0.4522891 -0.6322622 0.6717008 0.3860862 -0.9430989 -0.09089446 0.3198481 0.02775102 -0.9575048 0.2870794 0.04772961 -0.9382872 0.3425481 0.2949109 -0.3815143 -0.8760562 0.1398399 0.04409408 -0.9891918 0.2442595 0.4174002 -0.8752796 0.07647603 -0.1464162 0.9862626 -0.0399608 0.9055199 0.422418 0.2277162 0.4474002 0.8648575 0.410459 -0.7995271 0.4384972 0.1226521 -0.05352574 0.9910053 0.1877986 0.9044809 0.382944 0.2167324 -0.9728211 0.08152407 0.2097881 -0.9382935 0.2749441 -0.1859958 0.2740335 0.9435631 -0.1743801 0.4051073 0.8974852 0.001849889 0.7808467 0.62472 0.2133362 0.3492895 0.9124059 0.1773185 0.3067343 0.9351322 -0.001295149 0.969419 0.2454081 2.76699e-4 0.9698133 0.2438488 0.6235734 -0.7814198 -0.02322596 -7.42877e-4 -0.9673169 0.25357 -0.624484 -0.7806112 -0.02580821 0.9378738 -2.19012e-6 0.3469767 0.9428238 -0.0133416 0.3330247 -0.9454826 -0.01421463 0.3253622 -0.9403328 -2.13779e-6 0.3402559 -0.2413918 0.961786 0.1292189 0.2585441 0.9561914 0.137307 0.6327467 -0.7487833 0.1973709 0.6083343 -0.7623518 0.2207919 -0.6365426 -0.7431392 0.206295 -0.6159035 -0.7698706 0.167219 -4.55534e-6 0.998676 -0.05144351 2.47457e-4 0.9986912 -0.05114632 0.9684175 -0.002536594 0.2493213 0.9690611 -2.05019e-6 0.2468211 -0.9784557 0.001087665 0.2064542 -0.9786664 -2.17048e-6 0.2054563 -0.2778112 0.9605708 0.01117694 -0.2550083 0.9665315 0.02806848 0.2766746 0.9605925 0.02671128 0.2745081 0.9612985 0.02346259 -1.03648e-5 -0.9670776 0.2544816 -1.7315e-7 -0.9987982 0.0490117 8.41628e-4 -0.9988544 0.04784679 -0.2458899 0.9198473 -0.3056455 0.2264276 -0.9058198 0.3580796 0.4211462 -0.7406836 0.5234727 0.244868 0.9202888 -0.3051363 -0.225582 -0.9060133 0.3581241 -0.4197692 -0.7412491 0.5237783 -0.3770206 0.7569792 -0.5337021 0.296562 -0.8917413 0.3418313 0.3760349 0.7573328 -0.533896 -0.2951031 -0.8924078 0.3413538 0.2965399 -0.890964 0.343871 0.2949793 -0.892581 0.3410078 0.0336616 0.8891032 0.4564673 0.05902528 0.9109656 0.4082373 0.3118773 -0.7739809 0.5510775 0.4402763 -0.585085 0.6810524 0.08419823 0.8308015 0.5501632 0.4824062 0.260693 0.8362556 0.3332921 -0.2398296 0.9118104 0.4074873 -0.1444782 0.9017096 0.03209829 0.9700784 0.240661 0.03952717 0.9729385 0.2276585 0.9791548 0.2031016 -0.002392649 0.9381377 0.3379123 -0.07558524 0.9215642 0.1383513 -0.3627372 0.9974377 -0.06998157 -0.01485908 0.01949775 -0.1531785 -0.9880062 -0.01141101 0.06867367 -0.997574 0.9990482 -0.03435927 0.02687603 0.9658733 0.1024593 -0.2378887 0.9774755 -0.1268292 -0.1686898 0.978883 -0.1216033 -0.1643193 0.9773156 -0.1998701 -0.07004392 0.977513 -0.199674 -0.06781405 0.9746029 0.2119192 -0.07238531 0.9760988 0.2055842 -0.07047331 0.9877663 -0.1557747 0.007225334 0.9942169 -0.1073018 0.004371881 0.9627509 -0.01915407 -0.2697106 0.9692077 -0.01185524 -0.2459592 0 0 -1 -0.2933265 -0.8930247 0.3412721 -0.2950694 -0.8912138 0.3444881 -0.06013816 0.9109954 0.4080083 -0.03401172 0.8888823 0.4568715 -0.437839 -0.5856978 0.6820961 -0.3101549 -0.7741742 0.5517774 -0.3870374 0.2883059 0.875832 -0.1333481 0.5771952 0.8056451 -0.4528607 -0.1436104 0.8799394 -0.3659015 -0.3370133 0.8674896 -0.03683954 0.9711118 0.2357641 -0.03228348 0.9732393 0.2275152 -0.9383686 0.336892 -0.07725375 -0.9791247 0.203205 -0.004760086 -0.9974411 -0.06994217 -0.01481252 -0.9215794 0.1383818 -0.362687 0.01137357 0.068681 -0.9975739 -0.01946181 -0.1533456 -0.987981 -0.9658735 0.1024582 -0.2378883 -0.9990482 -0.03435927 0.02687638 -0.9809925 -0.1249641 -0.1484512 -0.978252 -0.1353377 -0.1571838 -0.9764135 -0.2088632 -0.05470699 -0.9759508 -0.2093779 -0.06067019 -0.9761034 0.2055841 -0.07040971 -0.9746088 0.2119136 -0.07232129 -0.9942169 -0.1073018 0.004372239 -0.9877663 -0.1557747 0.007225751 -0.969207 -0.01185613 -0.2459623 -0.9627515 -0.01915383 -0.2697088 1.26586e-6 0 -1 -1.36655e-6 0 -1 0.4570733 0.8673786 -0.196821 -0.4240446 0.8712455 -0.2472196 -0.5059391 0.8359247 -0.2127335 0.460316 0.8411831 -0.2837612 0.848513 -0.5187827 -0.1043567 -0.7959474 -0.6047974 -0.02622711 0.7703276 -0.6376191 -0.006107807 -0.8807401 -0.4614407 0.1066285 -0.8027355 -0.5956122 0.02936053 0.9011486 -0.3896118 0.1900897 0.773981 -0.6316846 0.0439105 0.8525941 -0.5094799 -0.1162478 0.8396962 -0.5292862 -0.121517 -0.8345829 -0.5379145 -0.1188253 -0.8277236 -0.5483164 -0.1192598 0.8315154 -0.5501911 -0.07662892 -0.7852973 -0.6182459 0.03286588 0.9123401 -0.3842324 0.1414254 0.8477805 -0.5266613 0.06241953 -0.9127801 -0.3771021 0.1569291 -0.7837505 -0.6210044 0.009416818 0.1658226 0.9658689 0.1989982 0.5286414 0.8473795 0.04986453 0.4876911 0.8578779 0.1618737 0.4862927 0.8586139 0.1621785 -0.5383561 0.8246781 0.1734319 -0.5363485 0.8260355 0.1731922 -0.8634327 -0.4960815 -0.09158176 -0.1091451 0.987382 -0.1147357 0.002800285 0.9959298 -0.09008902 -0.8299377 -0.5462265 -0.1133147 -0.8170744 -0.5642951 -0.1181555 0.8920934 -0.4309416 -0.1358634 -0.8865467 -0.4422937 -0.1356886 0.8126005 -0.5672065 -0.1340046 0.805394 -0.5773408 -0.1342318 -0.1518162 0.9700322 0.1897092 -0.4836494 0.8732451 0.05938309 -0.1974118 -0.2062887 -0.9583703 -0.3240499 -0.1194192 -0.9384726 -0.001578211 -0.2050578 -0.9787486 0.1235206 -0.1183218 -0.9852627 -0.3526878 -0.001539885 -0.9357398 -0.350237 -0.003349065 -0.9366551 0.1478714 0.001129925 -0.9890061 0.1473283 0.001519143 -0.9890866 -0.3250607 0.118445 -0.9382464 -0.2015005 0.2050584 -0.9577833 0.1210556 0.1202952 -0.9853297 -0.005696952 0.2062892 -0.9784745 0.2234666 0.2663843 0.9376044 0.3911924 0.1584675 0.906563 -0.02945899 0.2648618 0.9638364 -0.1977446 0.1560778 0.9677484 0.4378461 0.002430915 0.8990468 0.4388645 0.001547098 0.898552 -0.2429096 -0.001547813 0.9700477 -0.2418092 -0.002431511 0.9703208 0.3939772 -0.1562386 0.9057436 0.2287678 -0.2648627 0.9367567 -0.1943726 -0.1586279 0.9680168 -0.02409577 -0.2663853 0.9635655 0.43772 -0.8979388 -0.04590535 0.4377154 -0.8979411 -0.04590255 -0.437717 0.8979403 0.04590362 -0.4377233 0.8979372 0.04590505 -0.9945359 -0.004515111 0.1042986 -0.9945365 -0.004515409 0.1042916 0.9611685 0.01315885 -0.2756484 0.9945361 0.004514932 -0.1042964 -0.420988 -0.9059913 0.04414665 -0.4209865 -0.905992 0.04414755 0.8804221 -0.4651154 -0.09232872 0.8804197 -0.4651194 -0.09233236 -0.8807626 0.4644641 0.09236103 -0.8807638 0.4644604 0.09236669 0.8779685 0.469782 -0.09206718 0.8704435 0.473388 -0.1350264 -0.875454 -0.4745023 0.09180372 -0.8754548 -0.4745001 0.09180861 0.4209855 0.9059924 -0.04414939 0.4209894 0.9059908 -0.04414427</float_array>
          <technique_common>
            <accessor source="#thegnoz_001-mesh-normals-array" count="577" stride="3">
              <param name="X" type="float"/>
              <param name="Y" type="float"/>
              <param name="Z" type="float"/>
            </accessor>
          </technique_common>
        </source>
        <source id="thegnoz_001-mesh-map-0">
          <float_array id="thegnoz_001-mesh-map-0-array" count="3480">0.82309 0.01096498 0.823029 0.01181596 0.822944 0.01300799 0.823038 0.01169496 0.823105 0.01074898 0.822967 0.01268696 0.823038 0.01169496 0.822967 0.01268696 0.822955 0.01286196 0.107953 0.95885 0.201339 0.939954 0.203874 0.917095 0.107953 0.95885 0.203874 0.917095 0.206102 0.8841 0.107953 0.95885 0.206102 0.8841 0.238472 0.761443 0.238472 0.761443 0.1130509 0.763469 0.107953 0.95885 0.109044 0.961073 0.114144 0.765692 0.238729 0.763098 0.109044 0.961073 0.238729 0.763098 0.207033 0.87976 0.109044 0.961073 0.207033 0.87976 0.204196 0.919109 0.109044 0.961073 0.204196 0.919109 0.201712 0.941523 0.306055 0.763086 0.37444 0.763086 0.408301 0.880939 0.306055 0.763086 0.408301 0.880939 0.349825 0.883602 0.306055 0.763086 0.349825 0.883602 0.301634 0.882849 0.110953 0.883093 0.077946 0.756782 0.006980955 0.813945 0.109397 0.882898 0.005552947 0.813564 0.07662796 0.756529 0.412717 0.939892 0.30238 0.938791 0.321318 0.919923 0.321318 0.919923 0.411939 0.91723 0.412717 0.939892 0.30238 0.950015 0.201712 0.941523 0.30238 0.938791 0.207033 0.87976 0.258365 0.882174 0.289052 0.919865 0.207033 0.87976 0.289052 0.919865 0.204196 0.919109 0.238729 0.763098 0.306055 0.763086 0.301634 0.882849 0.238729 0.763098 0.301634 0.882849 0.258365 0.882174 0.238729 0.763098 0.258365 0.882174 0.207033 0.87976 0.321318 0.919923 0.30238 0.938791 0.300886 0.884392 0.300886 0.884392 0.349825 0.883602 0.321318 0.919923 0.300886 0.884392 0.30238 0.938791 0.289052 0.919865 0.289052 0.919865 0.258365 0.882174 0.300886 0.884392 0.349825 0.883602 0.408301 0.880939 0.411939 0.91723 0.411939 0.91723 0.321318 0.919923 0.349825 0.883602 0.30238 0.938791 0.201712 0.941523 0.204196 0.919109 0.204196 0.919109 0.289052 0.919865 0.30238 0.938791 0.300886 0.884392 0.258365 0.882174 0.301634 0.882849 0.300886 0.884392 0.301634 0.882849 0.349825 0.883602 0.412717 0.939892 0.30238 0.950015 0.30238 0.938791 0.37444 0.763086 0.306055 0.763086 0.238729 0.763098 0.110953 0.883093 0.006980955 0.813945 -2.1e-5 0.879004 0.09136795 0.758638 0.117898 0.758637 0.123429 0.777025 0.123429 0.777025 0.115116 0.851855 0.09518396 0.851855 0.09136795 0.758638 0.123429 0.777025 0.09518396 0.851855 0.09136795 0.758638 0.09518396 0.851855 0.085841 0.77703 0.005552947 0.813564 0.109397 0.882898 -0.001569986 0.878611 0.03355097 0.841072 0.03355097 0.841072 -0.006710946 0.798189 -0.006710946 0.798189 -0.006710946 0.798189 0.03355097 0.841072 0.814642 0.983279 0.847433 0.930501 0.843355 0.923778 0.843355 0.923778 0.798122 0.965738 0.814642 0.983279 0.676066 0.909069 0.673841 0.874105 0.674595 0.874276 0.672939 0.875052 0.675164 0.910015 0.683017 0.90792 0.683017 0.90792 0.67952 0.876538 0.672939 0.875052 0.821862 0.915053 0.755193 0.943567 0.759055 0.965452 0.759055 0.965452 0.785675 0.97256 0.821862 0.915053 0.730913 0.960507 0.748661 0.975073 0.759055 0.965452 0.755193 0.943567 0.730913 0.960507 0.759055 0.965452 0.779128 0.990129 0.785675 0.97256 0.759055 0.965452 0.759055 0.965452 0.748661 0.975073 0.779128 0.990129 0.798122 0.965738 0.821862 0.915053 0.785675 0.97256 0.785675 0.97256 0.794085 0.979162 0.798122 0.965738 0.779128 0.990129 0.794742 0.988467 0.794085 0.979162 0.794085 0.979162 0.785675 0.97256 0.779128 0.990129 0.814642 0.983279 0.798122 0.965738 0.794085 0.979162 0.794085 0.979162 0.794742 0.988467 0.814642 0.983279 0.730913 0.960507 0.755193 0.943567 0.772413 0.89751 0.772413 0.89751 0.767368 0.896371 0.731113 0.919243 0.731113 0.919243 0.730913 0.960507 0.772413 0.89751 0.731113 0.919243 0.711209 0.883692 0.707809 0.882925 0.707809 0.882925 0.730913 0.960507 0.731113 0.919243 0.705713 0.882451 0.705944 0.947628 0.730913 0.960507 0.730913 0.960507 0.707809 0.882925 0.705713 0.882451 0.680671 0.888843 0.683017 0.90792 0.681024 0.944135 0.681024 0.944135 0.688825 0.94621 0.680671 0.888843 0.675164 0.910015 0.681697 0.951616 0.681024 0.944135 0.681024 0.944135 0.683017 0.90792 0.675164 0.910015 0.705693 0.971925 0.688825 0.94621 0.681024 0.944135 0.681024 0.944135 0.681697 0.951616 0.705693 0.971925 0.730913 0.960507 0.720156 0.969905 0.735636 0.978174 0.748661 0.975073 0.730913 0.960507 0.735636 0.978174 0.705693 0.971925 0.736674 0.982749 0.735636 0.978174 0.735636 0.978174 0.720156 0.969905 0.705693 0.971925 0.779128 0.990129 0.748661 0.975073 0.735636 0.978174 0.735636 0.978174 0.736674 0.982749 0.779128 0.990129 0.696121 0.948113 0.696762 0.959934 0.707128 0.963086 0.707128 0.963086 0.705944 0.947628 0.696121 0.948113 0.705693 0.971925 0.720156 0.969905 0.707128 0.963086 0.707128 0.963086 0.696762 0.959934 0.705693 0.971925 0.730913 0.960507 0.705944 0.947628 0.707128 0.963086 0.720156 0.969905 0.730913 0.960507 0.707128 0.963086 0.680671 0.888843 0.688825 0.94621 0.689449 0.947901 0.689449 0.947901 0.696762 0.959934 0.696121 0.948113 0.680671 0.888843 0.689449 0.947901 0.696121 0.948113 0.696121 0.948113 0.705944 0.947628 0.705713 0.882451 0.680671 0.888843 0.696121 0.948113 0.705713 0.882451 0.680671 0.888843 0.705713 0.882451 0.702956 0.881829 0.680671 0.888843 0.702956 0.881829 0.68246 0.877202 0.706595 0.970979 0.697664 0.958988 0.690351 0.946955 0.690351 0.946955 0.689728 0.945264 0.706595 0.970979 0.832929 0.934857 0.815545 0.982333 0.798501 0.965895 0.798501 0.965895 0.84361 0.924858 0.832929 0.934857 0.676066 0.909069 0.671653 0.873612 0.674398 0.874232 0.685823 0.901608 0.682938 0.909292 0.679287 0.875335 0.679287 0.875335 0.682201 0.875993 0.685823 0.901608 0.785923 0.972865 0.758341 0.968403 0.751722 0.957051 0.785923 0.972865 0.751722 0.957051 0.790949 0.900545 0.806126 0.903972 0.785923 0.972865 0.790949 0.900545 0.78003 0.989183 0.748726 0.975135 0.758341 0.968403 0.758341 0.968403 0.785923 0.972865 0.78003 0.989183 0.730108 0.961469 0.751722 0.957051 0.758341 0.968403 0.748726 0.975135 0.730108 0.961469 0.758341 0.968403 0.798501 0.965895 0.794558 0.979085 0.785923 0.972865 0.798501 0.965895 0.785923 0.972865 0.806126 0.903972 0.798501 0.965895 0.806126 0.903972 0.810785 0.905023 0.815545 0.982333 0.795645 0.987521 0.794558 0.979085 0.794558 0.979085 0.798501 0.965895 0.815545 0.982333 0.78003 0.989183 0.785923 0.972865 0.794558 0.979085 0.794558 0.979085 0.795645 0.987521 0.78003 0.989183 0.759657 0.89348 0.747761 0.930793 0.729203 0.923585 0.729203 0.923585 0.729499 0.886671 0.759657 0.89348 0.730108 0.961469 0.729203 0.923585 0.747761 0.930793 0.751722 0.957051 0.730108 0.961469 0.747761 0.930793 0.729499 0.886671 0.729203 0.923585 0.703941 0.881413 0.703941 0.881413 0.703893 0.88089 0.729499 0.886671 0.730108 0.961469 0.704731 0.951252 0.703941 0.881413 0.729203 0.923585 0.730108 0.961469 0.703941 0.881413 0.695179 0.951531 0.689969 0.923775 0.703941 0.881413 0.703941 0.881413 0.704731 0.951252 0.695179 0.951531 0.682201 0.875993 0.703893 0.88089 0.703941 0.881413 0.682201 0.875993 0.703941 0.881413 0.689969 0.923775 0.685823 0.901608 0.682201 0.875993 0.689969 0.923775 0.685823 0.901608 0.689032 0.946412 0.681473 0.943936 0.681473 0.943936 0.682938 0.909292 0.685823 0.901608 0.706595 0.970979 0.6826 0.95067 0.681473 0.943936 0.681473 0.943936 0.689032 0.946412 0.706595 0.970979 0.676066 0.909069 0.682938 0.909292 0.681473 0.943936 0.681473 0.943936 0.6826 0.95067 0.676066 0.909069 0.730108 0.961469 0.748726 0.975135 0.735969 0.977863 0.720219 0.969966 0.730108 0.961469 0.735969 0.977863 0.78003 0.989183 0.737576 0.981803 0.735969 0.977863 0.735969 0.977863 0.748726 0.975135 0.78003 0.989183 0.706595 0.970979 0.720219 0.969966 0.735969 0.977863 0.735969 0.977863 0.737576 0.981803 0.706595 0.970979 0.695179 0.951531 0.704731 0.951252 0.706944 0.963628 0.706944 0.963628 0.696763 0.960399 0.695179 0.951531 0.730108 0.961469 0.720219 0.969966 0.706944 0.963628 0.704731 0.951252 0.730108 0.961469 0.706944 0.963628 0.706595 0.970979 0.696763 0.960399 0.706944 0.963628 0.706944 0.963628 0.720219 0.969966 0.706595 0.970979 0.695179 0.951531 0.696763 0.960399 0.689382 0.948555 0.689382 0.948555 0.689969 0.923775 0.695179 0.951531 0.705693 0.971925 0.68813 0.947358 0.68848 0.949501 0.68848 0.949501 0.695861 0.961345 0.705693 0.971925 0.685823 0.901608 0.689969 0.923775 0.689382 0.948555 0.689382 0.948555 0.689032 0.946412 0.685823 0.901608 0.772413 0.89751 0.755193 0.943567 0.821862 0.915053 0.821862 0.915053 0.7946 0.902519 0.772413 0.89751 0.832929 0.934857 0.85421 0.914828 0.854232 0.914833 0.832929 0.934857 0.854232 0.914833 0.848336 0.929555 0.815545 0.982333 0.832929 0.934857 0.848336 0.929555 0.842708 0.925804 0.845919 0.914106 0.849126 0.91483 0.849126 0.91483 0.847909 0.914555 0.846206 0.914171 0.842708 0.925804 0.849126 0.91483 0.846206 0.914171 0.832027 0.935803 0.842708 0.925804 0.846206 0.914171 0.846414 0.914218 0.847433 0.930501 0.85333 0.915779 0.848082 0.914595 0.849433 0.914899 0.846665 0.914275 0.846665 0.914275 0.843355 0.923778 0.847433 0.930501 0.846665 0.914275 0.847433 0.930501 0.846414 0.914218 0.848082 0.914595 0.846665 0.914275 0.846414 0.914218 0.672652 0.874987 0.675164 0.910015 0.673497 0.875178 0.798122 0.965738 0.843355 0.923778 0.846665 0.914275 0.798122 0.965738 0.846665 0.914275 0.823414 0.909025 0.798122 0.965738 0.823414 0.909025 0.821862 0.915053 0.846821 0.91316 0.84361 0.924858 0.798501 0.965895 0.798501 0.965895 0.810785 0.905023 0.846821 0.91316 0.711209 0.883692 0.731113 0.919243 0.767368 0.896371 0.85421 0.914828 0.832929 0.934857 0.847109 0.913224 0.67075 0.874557 0.675164 0.910015 0.673693 0.875222 0.673554 0.87404 0.679287 0.875335 0.682938 0.909292 0.682938 0.909292 0.676066 0.909069 0.673554 0.87404 0.759657 0.89348 0.790949 0.900545 0.751722 0.957051 0.751722 0.957051 0.747761 0.930793 0.759657 0.89348 0.79221 0.900918 0.819471 0.913452 0.821024 0.907424 0.67952 0.876538 0.683017 0.90792 0.680671 0.888843 0.680671 0.888843 0.68246 0.877202 0.67952 0.876538 0.231077 0.995591 0.155741 0.980444 0.1570799 0.894875 0.231077 0.995591 0.30633 0.89265 0.309946 0.978875 0.759316 0.861911 0.740096 0.857572 0.733084 0.888631 0.733084 0.888631 0.752303 0.89297 0.759316 0.861911 0.740096 0.857572 0.704864 0.849618 0.697852 0.880677 0.697852 0.880677 0.733084 0.888631 0.740096 0.857572 0.671702 0.874772 0.697852 0.880677 0.704864 0.849618 0.704864 0.849618 0.678714 0.843713 0.671702 0.874772 0.678714 0.843713 0.6648 0.840572 0.657788 0.871631 0.657788 0.871631 0.671702 0.874772 0.678714 0.843713 0.665702 0.839626 0.665702 0.839626 0.65869 0.870685 0.65869 0.870685 0.65869 0.870685 0.665702 0.839626 0.665702 0.839626 0.679616 0.842767 0.672604 0.873826 0.672604 0.873826 0.65869 0.870685 0.665702 0.839626 0.6955 0.846354 0.705767 0.848672 0.698754 0.87973 0.679616 0.842767 0.6955 0.846354 0.698754 0.87973 0.679616 0.842767 0.698754 0.87973 0.672604 0.873826 0.705767 0.848672 0.740999 0.856626 0.733987 0.887684 0.733987 0.887684 0.698754 0.87973 0.705767 0.848672 0.740999 0.856626 0.760218 0.860965 0.753205 0.892024 0.753205 0.892024 0.733987 0.887684 0.740999 0.856626 0.760218 0.860965 0.800282 0.870011 0.79327 0.90107 0.79327 0.90107 0.753205 0.892024 0.760218 0.860965 0.800282 0.870011 0.835515 0.877965 0.828502 0.909024 0.828502 0.909024 0.79327 0.90107 0.800282 0.870011 0.835515 0.877965 0.861665 0.883869 0.854653 0.914928 0.854653 0.914928 0.828502 0.909024 0.835515 0.877965 0.861665 0.883869 0.875579 0.88701 0.868567 0.918069 0.868567 0.918069 0.854653 0.914928 0.861665 0.883869 0.874676 0.887956 0.874676 0.887956 0.867664 0.919015 0.867664 0.919015 0.867664 0.919015 0.874676 0.887956 0.874676 0.887956 0.860762 0.884815 0.85375 0.915874 0.85375 0.915874 0.867664 0.919015 0.874676 0.887956 0.860762 0.884815 0.834612 0.878911 0.8276 0.90997 0.8276 0.90997 0.85375 0.915874 0.860762 0.884815 0.834612 0.878911 0.79938 0.870957 0.792368 0.902016 0.792368 0.902016 0.8276 0.90997 0.834612 0.878911 0.79938 0.870957 0.759316 0.861911 0.752303 0.89297 0.752303 0.89297 0.792368 0.902016 0.79938 0.870957 0.738955 0.891378 0.749738 0.893975 0.772216 0.899389 0.772216 0.899389 0.82207 0.910342 0.806656 0.907683 0.806656 0.907683 0.814462 0.909563 0.814462 0.909563 0.772216 0.899389 0.806656 0.907683 0.814462 0.909563 0.814462 0.909563 0.806656 0.907683 0.82207 0.910343 0.82207 0.910343 0.772216 0.899389 0.749738 0.893975 0.814462 0.909563 0.82207 0.910343 0.749738 0.893975 0.772216 0.899389 0.814462 0.909563 0.749738 0.893975 0.749738 0.893975 0.738955 0.891378 0.719188 0.886618 0.719188 0.886618 0.704516 0.883084 0.69671 0.881204 0.749738 0.893975 0.719188 0.886618 0.69671 0.881204 0.772216 0.899389 0.749738 0.893975 0.69671 0.881204 0.69671 0.881204 0.69671 0.881204 0.704516 0.883084 0.772216 0.899389 0.69671 0.881204 0.704516 0.883084 0.738955 0.891378 0.772216 0.899389 0.704516 0.883084 0.719188 0.886618 0.738955 0.891378 0.704516 0.883084 0.808521 0.90868 0.816328 0.91056 0.816328 0.91056 0.816328 0.91056 0.808521 0.908679 0.823935 0.91134 0.823935 0.91134 0.774082 0.900385 0.751603 0.894972 0.816328 0.91056 0.823935 0.91134 0.751603 0.894972 0.751603 0.894972 0.74082 0.892375 0.721053 0.887614 0.751603 0.894972 0.721053 0.887614 0.715293 0.886227 0.715293 0.886227 0.706382 0.884081 0.698575 0.882201 0.698575 0.882201 0.698575 0.882201 0.706382 0.884082 0.715293 0.886227 0.698575 0.882201 0.706382 0.884082 0.751603 0.894972 0.715293 0.886227 0.706382 0.884082 0.706382 0.884082 0.721053 0.887615 0.74082 0.892376 0.74082 0.892376 0.751603 0.894973 0.774082 0.900386 0.706382 0.884082 0.74082 0.892376 0.774082 0.900386 0.751603 0.894972 0.706382 0.884082 0.774082 0.900386 0.816328 0.91056 0.751603 0.894972 0.774082 0.900386 0.808521 0.90868 0.816328 0.91056 0.774082 0.900386 0.808521 0.90868 0.774082 0.900386 0.823934 0.911339 0.72472 0.963648 0.764051 0.904641 0.682175 0.954043 0.79609 0.979761 0.802464 0.9812 0.807267 0.916215 0.72472 0.963648 0.79609 0.979761 0.807267 0.916215 0.764051 0.904641 0.72472 0.963648 0.807267 0.916215 0.72472 0.963648 0.764051 0.904641 0.682175 0.954043 0.72472 0.963648 0.79609 0.979761 0.807267 0.916215 0.764051 0.904641 0.72472 0.963648 0.807267 0.916215 0.736786 0.191331 0.73672 0.1913319 0.680481 0.1754969 0.680481 0.1754969 0.68057 0.175481 0.736786 0.191331 0.73672 0.1913319 0.772219 0.1404979 0.717515 0.1515029 0.717515 0.1515029 0.680481 0.1754969 0.73672 0.1913319 0.772219 0.1404979 0.736786 0.191331 0.68057 0.175481 0.68057 0.175481 0.717515 0.1515029 0.772219 0.1404979 0.68057 0.175481 0.680481 0.1754969 0.660413 0.168787 0.660413 0.168787 0.660417 0.168869 0.68057 0.175481 0.680481 0.1754969 0.717515 0.1515029 0.679415 0.176499 0.679415 0.176499 0.660413 0.168787 0.680481 0.1754969 0.717515 0.1515029 0.68057 0.175481 0.660417 0.168869 0.660417 0.168869 0.679415 0.176499 0.717515 0.1515029 1.043394 0.318024 1.043399 0.31807 1.043398 0.31807 0.73672 0.1913319 0.736786 0.191331 0.771903 0.197618 0.771903 0.197618 0.771903 0.197618 0.73672 0.1913319 0.736786 0.191331 0.772219 0.1404979 0.771956 0.197501 0.771956 0.197501 0.771903 0.197618 0.736786 0.191331 0.772219 0.1404979 0.73672 0.1913319 0.771903 0.197618 0.771903 0.197618 0.771956 0.197501 0.772219 0.1404979 0.03952598 0.114982 0.00860095 0.106732 0.008679986 0.115688 0.110848 0.1941469 0.03952598 0.114982 0.008679986 0.115688 0.110848 0.1941469 0.008679986 0.115688 0.009211957 0.1752389 0.110854 0.194655 0.009241998 0.17596 0.008993983 0.149257 0.04016298 0.1145139 0.111521 0.197592 0.00920999 0.1777349 0.04016298 0.1145139 0.00920999 0.1777349 0.008634984 0.1153299 0.04016298 0.1145139 0.008545994 0.1057339 0.008942961 0.150287 0.04016298 0.1145139 0.008942961 0.150287 0.111527 0.198135 0.008993983 0.149257 0.00860095 0.106732 0.03952598 0.114982 0.008993983 0.149257 0.03952598 0.114982 0.110854 0.194655 0.110848 0.1941469 0.107644 0.008853018 0.03952598 0.114982 0.107903 0.03731399 0.03952598 0.114982 0.107644 0.008853018 0.03952598 0.114982 0.107903 0.03731399 0.110854 0.194655 0.108625 0.03084397 0.10836 0.001765012 0.04016298 0.1145139 0.111521 0.197592 0.04016298 0.1145139 0.10836 0.001765012 0.111527 0.198135 0.108625 0.03084397 0.04016298 0.1145139 0.111521 0.197592 0.10836 0.001765012 0.108625 0.03084397 0.108625 0.03084397 0.111527 0.198135 0.111521 0.197592 0.110848 0.1941469 0.110854 0.194655 0.107903 0.03731399 0.107903 0.03731399 0.107644 0.008853018 0.110848 0.1941469 0.110848 0.1941469 0.009211957 0.1752389 0.006547987 0.184732 0.110848 0.1941469 0.006547987 0.184732 0.110854 0.194655 0.008634984 0.1153299 0.008545994 0.1057339 0.04016298 0.1145139 0.008942961 0.150287 0.009193956 0.1784889 0.111527 0.198135 0.006547987 0.184732 0.009241998 0.17596 0.110854 0.194655 0.009193956 0.1784889 0.006264984 0.18812 0.111527 0.198135 0.006264984 0.18812 0.00920999 0.1777349 0.111521 0.197592 0.006264984 0.18812 0.111521 0.197592 0.111527 0.198135 0.04412597 0.134454 0.04414194 0.1344189 0.04379898 0.014638 0.04379898 0.014638 0.04378294 0.01467299 0.04412597 0.134454 0.04414194 0.1344189 0.01047295 0.13326 0.010131 0.01347899 0.010131 0.01347899 0.04379898 0.014638 0.04414194 0.1344189 0.01047295 0.13326 0.04412597 0.134454 0.04378294 0.01467299 0.04378294 0.01467299 0.010131 0.01347899 0.01047295 0.13326 0.04378294 0.01467299 0.04379898 0.014638 0.010131 0.01347899 0.925612 0.801337 0.880552 0.756992 0.989735 0.759905 0.925612 0.801337 0.888522 0.802532 0.880552 0.756992 0.989561 0.80072 0.991032 0.757104 0.889594 0.756717 0.88113 0.756361 0.889594 0.756717 0.991032 0.757104 0.889594 0.756717 0.889971 0.80187 0.989561 0.80072 0.989735 0.759905 0.988135 0.801778 0.925612 0.801337 0.986122 0.757068 0.994919 0.75293 0.988184 0.799866 0.889971 0.80187 0.889594 0.756717 0.88113 0.756361 0.880552 0.756992 0.990441 0.758172 0.989735 0.759905 0.927023 0.798035 0.99034 0.756348 0.881125 0.753869 0.927023 0.798035 0.881125 0.753869 0.889965 0.799379 0.988164 0.799286 0.889051 0.75489 0.990469 0.75568 0.880594 0.7545 0.990469 0.75568 0.889051 0.75489 0.889051 0.75489 0.988164 0.799286 0.888563 0.800041 0.99034 0.756348 0.927023 0.798035 0.989542 0.798228 0.988167 0.758763 0.990218 0.801563 0.996949 0.754627 0.888563 0.800041 0.880594 0.7545 0.889051 0.75489 0.881125 0.753869 0.99034 0.756348 0.991013 0.754612 0.506018 0.694243 0.562922 0.691098 0.51601 0.628055 0.984886 0.637518 0.855687 0.670728 0.992383 0.680752 0.855687 0.670728 0.860261 0.703027 0.992383 0.680752 0.933757 0.849123 0.955086 0.850444 0.912146 0.786331 0.970675 0.850168 0.933757 0.849123 0.9556 0.790316 0.9556 0.790316 0.933757 0.849123 0.912146 0.786331 0.912146 0.786331 0.955086 0.850444 0.979429 0.79038 0.976367 0.84857 0.979429 0.79038 0.955086 0.850444 0.9556 0.790316 0.979429 0.79038 0.976367 0.84857 0.9556 0.790316 0.976367 0.84857 0.970675 0.850168 0.917954 0.94697 0.916743 0.970855 0.884781 0.959499 0.884781 0.959499 0.916743 0.970855 0.940529 0.993738 0.904011 0.947278 0.942262 0.922355 0.917954 0.94697 0.917954 0.94697 0.884781 0.959499 0.904011 0.947278 0.720352 0.494793 0.766204 0.495796 0.749871 0.637922 0.707431 0.637253 0.720352 0.494793 0.749871 0.637922 0.766175 0.4957121 0.719765 0.495942 0.74985 0.639034 0.74985 0.639034 0.719765 0.495942 0.707441 0.639125 0.707465 0.639793 0.518694 0.630559 0.557493 0.695229 0.557493 0.695229 0.645951 0.694813 0.707465 0.639793 0.517118 0.495625 0.518694 0.630559 0.707465 0.639793 0.517118 0.495625 0.707465 0.639793 0.720091 0.49566 0.984886 0.637518 0.85738 0.635796 0.855687 0.670728 0.977312 0.50134 0.85738 0.635796 0.984886 0.637518 0.76619 0.497306 0.85738 0.635796 0.977312 0.50134 0.992535 0.972223 0.994818 0.993381 0.916743 0.970855 0.916743 0.970855 0.994818 0.993381 0.940529 0.993738 0.941302 0.993908 0.995331 0.993464 0.993169 0.95573 0.941302 0.993908 0.993169 0.95573 0.941748 0.922491 0.993169 0.95573 0.996776 0.924006 0.941748 0.922491 0.917954 0.94697 0.992535 0.972223 0.916743 0.970855 0.917954 0.94697 0.942262 0.922355 0.997146 0.923943 0.997146 0.923943 0.992535 0.972223 0.917954 0.94697 0.933738 0.850837 0.91215 0.784729 0.95508 0.852156 0.970675 0.851886 0.955601 0.788714 0.933738 0.850837 0.955601 0.788714 0.91215 0.784729 0.933738 0.850837 0.91215 0.784729 0.979425 0.788778 0.95508 0.852156 0.976384 0.850284 0.95508 0.852156 0.979425 0.788778 0.955601 0.788714 0.976384 0.850284 0.979425 0.788778 0.955601 0.788714 0.970675 0.851886 0.976384 0.850284 0.91783 0.949015 0.884891 0.962078 0.917073 0.972918 0.884891 0.962078 0.941694 0.993998 0.917073 0.972918 0.90448 0.94896 0.884891 0.962078 0.91783 0.949015 0.91783 0.949015 0.940695 0.922506 0.90448 0.94896 0.991112 0.973047 0.917073 0.972918 0.993572 0.993438 0.917073 0.972918 0.941694 0.993998 0.993572 0.993438 0.940904 0.993829 0.991338 0.954842 0.993058 0.993352 0.940904 0.993829 0.941202 0.922368 0.991338 0.954842 0.991338 0.954842 0.941202 0.922368 0.995379 0.92391 0.91783 0.949015 0.917073 0.972918 0.991112 0.973047 0.91783 0.949015 0.995008 0.923976 0.940695 0.922506 0.995008 0.923976 0.91783 0.949015 0.991112 0.973047 0.749872 0.636565 0.731055 0.688329 0.855687 0.670728 0.855687 0.670728 0.731055 0.688329 0.860261 0.703027 0.721815 0.705157 0.707918 0.640597 0.640957 0.695517 0.76619 0.497306 0.749872 0.636565 0.85738 0.635796 0.85738 0.635796 0.749872 0.636565 0.855687 0.670728 0.996834 0.743871 0.990733 0.679677 0.856381 0.701273 0.856381 0.701273 0.930766 0.747989 0.996834 0.743871 0.932675 0.746891 0.786136 0.747583 0.856671 0.700781 0.785909 0.747711 0.856381 0.701273 0.732775 0.6878 0.732775 0.6878 0.727237 0.742708 0.785909 0.747711 0.576614 0.457957 0.637898 0.457607 0.516655 0.495469 0.714877 0.493853 0.516655 0.495469 0.637898 0.457607 0.921253 0.46705 0.973026 0.466062 0.972408 0.496857 0.972408 0.496857 0.780832 0.497407 0.921253 0.46705 0.757391 0.465262 0.833215 0.467197 0.780832 0.497407 0.756559 0.465024 0.716601 0.464171 0.779958 0.497776 0.779958 0.497776 0.716601 0.464171 0.714692 0.492865 0.714829 0.492786 0.71598 0.464494 0.779958 0.497776 0.779958 0.497776 0.71598 0.464494 0.757758 0.464407 0.637898 0.457607 0.717359 0.464192 0.714877 0.493853 0.516655 0.495469 0.517213 0.460194 0.576614 0.457957 0.973026 0.466062 0.931776 0.383286 0.983506 0.3802101 0.931776 0.383286 0.973026 0.466062 0.921253 0.46705 0.833215 0.467197 0.761351 0.384522 0.823327 0.382051 0.761351 0.384522 0.833215 0.467197 0.757391 0.465262 0.637898 0.457607 0.561842 0.379268 0.665116 0.379355 0.561842 0.379268 0.637898 0.457607 0.576614 0.457957 0.716601 0.464171 0.760029 0.38685 0.724201 0.382574 0.760029 0.38685 0.716601 0.464171 0.756559 0.465024 0.757758 0.464407 0.727301 0.381948 0.763131 0.386178 0.727301 0.381948 0.757758 0.464407 0.71598 0.464494 0.717359 0.464192 0.665116 0.379355 0.720159 0.378305 0.665116 0.379355 0.717359 0.464192 0.637898 0.457607 0.576614 0.457957 0.520267 0.378072 0.561842 0.379268 0.520267 0.378072 0.576614 0.457957 0.517213 0.460194 0.780832 0.497407 0.833215 0.467197 0.921253 0.46705 0.921253 0.46705 0.833215 0.467197 0.823327 0.382051 0.921253 0.46705 0.823327 0.382051 0.931776 0.383286 0.428476 0.509587 0.428357 0.507599 0.427616 0.509188 0.590724 0.06996399 0.589059 0.02355498 0.525025 0.019189 0.527107 0.04224002 0.590724 0.06996399 0.525025 0.019189 0.433977 0.509595 0.434837 0.509197 0.434093 0.507606 0.590416 0.06512898 0.524751 0.01920497 0.590203 0.01709496 0.527336 0.04198098 0.524751 0.01920497 0.590416 0.06512898 0.428476 0.509587 0.429024 0.509886 0.428357 0.507599 0.527107 0.04224002 0.52584 0.08048701 0.590724 0.06996399 0.433977 0.509595 0.434093 0.507606 0.43343 0.509895 0.527336 0.04198098 0.590416 0.06512898 0.525357 0.07282197 0.591344 0.085572 0.590724 0.06996399 0.52584 0.08048701 0.591344 0.085572 0.52584 0.08048701 0.525263 0.10399 0.525285 0.186035 0.526164 0.2321389 0.650049 0.2348319 0.525285 0.186035 0.650049 0.2348319 0.650025 0.176365 0.592229 0.1151319 0.591344 0.085572 0.525263 0.10399 0.592229 0.1151319 0.525263 0.10399 0.525878 0.1401489 0.525285 0.186035 0.650025 0.176365 0.590482 0.146272 0.525285 0.186035 0.590482 0.146272 0.525203 0.1574699 0.590482 0.146272 0.592229 0.1151319 0.525878 0.1401489 0.590482 0.146272 0.525878 0.1401489 0.525203 0.1574699 0.648278 0.307606 0.650049 0.2348319 0.526164 0.2321389 0.648278 0.307606 0.526164 0.2321389 0.5245 0.309488 0.428484 0.509783 0.428476 0.509587 0.427616 0.509188 0.428484 0.509783 0.427616 0.509188 0.427525 0.509313 0.427525 0.509313 0.427616 0.509188 0.427204 0.508846 0.427525 0.509313 0.427204 0.508846 0.426987 0.509145 0.429056 0.510095 0.430819 0.509647 0.43083 0.509458 0.429056 0.510095 0.43083 0.509458 0.429024 0.509886 0.426987 0.509145 0.427204 0.508846 0.426495 0.508347 0.426987 0.509145 0.426495 0.508347 0.426287 0.508421 0.427351 0.506282 0.426289 0.506998 0.426501 0.507214 0.427351 0.506282 0.426501 0.507214 0.427467 0.506598 0.426289 0.506998 0.426125 0.507811 0.426372 0.507985 0.426289 0.506998 0.426372 0.507985 0.426501 0.507214 0.428484 0.509783 0.429056 0.510095 0.429024 0.509886 0.428484 0.509783 0.429024 0.509886 0.428476 0.509587 0.427351 0.506282 0.427467 0.506598 0.42863 0.506142 0.427351 0.506282 0.42863 0.506142 0.428567 0.505767 0.426287 0.508421 0.426495 0.508347 0.426372 0.507985 0.426287 0.508421 0.426372 0.507985 0.426125 0.507811 0.433895 0.505767 0.431068 0.505963 0.433832 0.506141 0.590511 0.08124601 0.526748 0.09659701 0.525357 0.07282197 0.590511 0.08124601 0.525357 0.07282197 0.590416 0.06512898 0.525064 0.1825399 0.650067 0.175369 0.648336 0.230139 0.525064 0.1825399 0.648336 0.230139 0.525472 0.228406 0.59258 0.1106759 0.525304 0.1326889 0.526748 0.09659701 0.59258 0.1106759 0.526748 0.09659701 0.590511 0.08124601 0.525064 0.1825399 0.526536 0.1529259 0.590166 0.1451699 0.525064 0.1825399 0.590166 0.1451699 0.650067 0.175369 0.590166 0.1451699 0.526536 0.1529259 0.525304 0.1326889 0.590166 0.1451699 0.525304 0.1326889 0.59258 0.1106759 0.648336 0.230139 0.647739 0.301004 0.524166 0.305174 0.648336 0.230139 0.524166 0.305174 0.525472 0.228406 0.433969 0.509791 0.434929 0.509322 0.434837 0.509197 0.433969 0.509791 0.434837 0.509197 0.433977 0.509595 0.434929 0.509322 0.435466 0.509153 0.435249 0.508855 0.434929 0.509322 0.435249 0.508855 0.434837 0.509197 0.433397 0.510104 0.43343 0.509895 0.431624 0.509469 0.433397 0.510104 0.431624 0.509469 0.431633 0.509657 0.435466 0.509153 0.436166 0.50843 0.435958 0.508355 0.435466 0.509153 0.435958 0.508355 0.435249 0.508855 0.435111 0.506281 0.434995 0.506598 0.435953 0.507218 0.435111 0.506281 0.435953 0.507218 0.436166 0.507001 0.436166 0.507001 0.435953 0.507218 0.436081 0.507993 0.436166 0.507001 0.436081 0.507993 0.436327 0.507819 0.433969 0.509791 0.433977 0.509595 0.43343 0.509895 0.433969 0.509791 0.43343 0.509895 0.433397 0.510104 0.435111 0.506281 0.433895 0.505767 0.433832 0.506141 0.435111 0.506281 0.433832 0.506141 0.434995 0.506598 0.436166 0.50843 0.436327 0.507819 0.436081 0.507993 0.436166 0.50843 0.436081 0.507993 0.435958 0.508355 0.647739 0.301004 0.64717 0.311208 0.524166 0.305174 0.431138 0.506166 0.433832 0.506141 0.431068 0.505963 0.431138 0.506166 0.431068 0.505963 0.42863 0.506142 0.648582 0.301254 0.524805 0.303137 0.649309 0.311533 0.428567 0.505767 0.42863 0.506142 0.431068 0.505963 0.260659 0.472266 0.269976 0.435324 0.493188 0.433775 0.269976 0.435324 0.257718 0.472494 0.490956 0.433963 0.269112 0.433675 0.260021 0.472078 0.493085 0.4323861 0.257085 0.472309 0.269112 0.433675 0.492122 0.426791 0.237048 0.510932 0.006629943 0.511819 0.005033969 0.468767 0.237048 0.510932 0.269781 0.50976 0.257718 0.472494 0.260659 0.472266 0.269781 0.50976 0.237048 0.510932 0.496899 0.511693 0.490956 0.433963 0.257718 0.472494 0.257718 0.472494 0.269781 0.50976 0.496899 0.511693 0.260659 0.472266 0.493188 0.433775 0.496899 0.511693 0.269781 0.50976 0.260659 0.472266 0.496899 0.511693 0.236378 0.512453 0.006714999 0.513156 0.006347954 0.489981 0.236378 0.512453 0.006347954 0.489981 0.257085 0.472309 0.260021 0.472078 0.005302965 0.430344 0.005019962 0.468327 0.260021 0.472078 0.005019962 0.468327 0.236378 0.512453 0.269266 0.511571 0.236378 0.512453 0.257085 0.472309 0.269266 0.511571 0.260021 0.472078 0.236378 0.512453 0.492122 0.426791 0.496986 0.513376 0.257085 0.472309 0.269266 0.511571 0.257085 0.472309 0.496986 0.513376 0.493085 0.4323861 0.260021 0.472078 0.496986 0.513376 0.260021 0.472078 0.269266 0.511571 0.496986 0.513376 0.257085 0.472309 0.005317986 0.430812 0.006804943 0.424281 0.257085 0.472309 0.006804943 0.424281 0.269112 0.433675 0.260659 0.472266 0.005388975 0.43204 0.006745994 0.426625 0.260659 0.472266 0.006745994 0.426625 0.269976 0.435324 0.269112 0.433675 0.006804943 0.424281 0.005302965 0.430344 0.269112 0.433675 0.005302965 0.430344 0.260021 0.472078 0.005019962 0.468327 0.006714999 0.513156 0.236378 0.512453 0.492122 0.426791 0.269112 0.433675 0.493085 0.4323861 0.493188 0.433775 0.269976 0.435324 0.490956 0.433963 0.006295979 0.48915 0.006629943 0.511819 0.237048 0.510932 0.006295979 0.48915 0.237048 0.510932 0.257718 0.472494 0.006347954 0.489981 0.005317986 0.430812 0.257085 0.472309 0.005429983 0.432477 0.006295979 0.48915 0.257718 0.472494 0.005033969 0.468767 0.005388975 0.43204 0.260659 0.472266 0.005033969 0.468767 0.260659 0.472266 0.237048 0.510932 0.006745994 0.426625 0.005429983 0.432477 0.257718 0.472494 0.006745994 0.426625 0.257718 0.472494 0.269976 0.435324 0.303185 0.294805 0.233484 0.2133489 0.234302 0.320071 0.233484 0.2133489 0.303185 0.294805 0.321107 0.2260659 0.233484 0.2133489 0.307264 0.293556 0.234302 0.320071 0.307264 0.293556 0.233484 0.2133489 0.320863 0.223105 0.321107 0.2260659 0.232665 0.106628 0.233484 0.2133489 0.232665 0.106628 0.321107 0.2260659 0.320125 0.09799998 0.233484 0.2133489 0.319881 0.09503901 0.320863 0.223105 0.319881 0.09503901 0.233484 0.2133489 0.232665 0.106628 0.303371 0.025415 0.232665 0.106628 0.320125 0.09799998 0.232665 0.106628 0.303371 0.025415 0.231847 -9.40561e-5 0.232665 0.106628 0.305207 0.02529901 0.319881 0.09503901 0.305207 0.02529901 0.232665 0.106628 0.231847 -9.40561e-5 0.361088 0.02730202 0.415052 0.002089023 0.414636 0.1134499 0.414636 0.1134499 0.334941 0.08859896 0.361088 0.02730202 0.414636 0.1134499 0.415052 0.002089023 0.361243 0.02741301 0.361243 0.02741301 0.334956 0.08845198 0.414636 0.1134499 0.334941 0.08859896 0.414376 0.113278 0.413804 0.201493 0.413804 0.201493 0.334299 0.230728 0.334941 0.08859896 0.414376 0.113278 0.334956 0.08845198 0.334314 0.2305799 0.334314 0.2305799 0.413804 0.201493 0.414376 0.113278 0.359892 0.292449 0.334299 0.230728 0.413851 0.199491 0.413851 0.199491 0.413127 0.318542 0.359892 0.292449 0.413851 0.199491 0.334314 0.2305799 0.360048 0.29256 0.360048 0.29256 0.413127 0.318542 0.413851 0.199491 0.415776 0.318891 0.362229 0.293673 0.362229 0.293673 0.415776 0.318891 0.362229 0.293673 0.415776 0.318891 0.413805 0.003744006 0.357167 0.02758002 0.357167 0.02758002 0.413805 0.003744006 0.357167 0.02758002 0.413805 0.003744006 0.332578 0.1065449 0.331426 0.2137899 0.331426 0.2137899 0.332578 0.1065449 0.331426 0.2137899 0.332578 0.1065449 0.331241 0.211436 0.332392 0.104191 0.332392 0.104191 0.331241 0.211436 0.332392 0.104191 0.331241 0.211436 0.360478 0.293777 0.415776 0.318891 0.415776 0.318891 0.360478 0.293777 0.415776 0.318891 0.360478 0.293777 0.362229 0.293673 0.328146 0.2142319 0.328146 0.2142319 0.362229 0.293673 0.328146 0.2142319 0.362229 0.293673 0.357167 0.02758002 0.329483 0.109341 0.329483 0.109341 0.357167 0.02758002 0.329483 0.109341 0.357167 0.02758002 0.329298 0.1069869 0.361063 0.02640402 0.361063 0.02640402 0.329298 0.1069869 0.361063 0.02640402 0.329298 0.1069869 0.328332 0.216587 0.360478 0.293777 0.360478 0.293777 0.328332 0.216587 0.360478 0.293777 0.328332 0.216587 0.361063 0.02640402 0.413805 0.003744006 0.413805 0.003744006 0.361063 0.02640402 0.413805 0.003744006 0.361063 0.02640402</float_array>
          <technique_common>
            <accessor source="#thegnoz_001-mesh-map-0-array" count="1740" stride="2">
              <param name="S" type="float"/>
              <param name="T" type="float"/>
            </accessor>
          </technique_common>
        </source>
        <vertices id="thegnoz_001-mesh-vertices">
          <input semantic="POSITION" source="#thegnoz_001-mesh-positions"/>
        </vertices>
        <triangles material="tekeitos-material" count="580">
          <input semantic="VERTEX" source="#thegnoz_001-mesh-vertices" offset="0"/>
          <input semantic="NORMAL" source="#thegnoz_001-mesh-normals" offset="1"/>
          <input semantic="TEXCOORD" source="#thegnoz_001-mesh-map-0" offset="2" set="0"/>
          <p>0 0 0 1 0 1 2 0 2 3 1 3 4 1 4 5 1 5 3 2 6 5 2 7 6 2 8 7 3 9 8 3 10 9 3 11 7 4 12 9 4 13 10 4 14 7 5 15 10 5 16 11 5 17 11 6 18 12 6 19 7 6 20 13 7 21 14 7 22 15 7 23 13 8 24 15 8 25 16 8 26 13 9 27 16 9 28 17 9 29 13 10 30 17 10 31 18 10 32 19 11 33 20 11 34 21 11 35 19 12 36 21 12 37 22 12 38 19 13 39 22 13 40 23 13 41 24 14 42 25 14 43 26 14 44 27 15 45 28 15 46 29 15 47 30 16 48 31 16 49 32 16 50 32 17 51 33 17 52 30 17 53 34 18 54 18 18 55 31 18 56 16 19 57 35 19 58 36 19 59 16 20 60 36 20 61 17 20 62 15 21 63 19 21 64 23 21 65 15 22 66 23 22 67 35 22 68 15 23 69 35 23 70 16 23 71 32 24 72 31 24 73 37 24 74 37 25 75 22 25 76 32 25 77 37 26 78 31 26 79 36 26 80 36 27 81 35 27 82 37 27 83 22 28 84 21 28 85 33 28 86 33 29 87 32 29 88 22 29 89 31 30 90 18 30 91 17 30 92 17 31 93 36 31 94 31 31 95 37 32 96 35 32 97 23 32 98 37 33 99 23 33 100 22 33 101 30 34 102 34 34 103 31 34 104 20 35 105 19 35 106 15 35 107 24 36 108 26 36 109 38 36 110 40 37 111 41 37 112 42 37 113 42 38 114 43 38 115 44 38 116 40 39 117 42 39 118 44 39 119 40 40 120 44 40 121 45 40 122 28 41 123 27 41 124 46 41 125 47 42 126 39 42 127 48 42 128 48 43 129 49 43 130 47 43 131 224 44 132 230 44 133 56 44 134 56 45 135 73 45 136 224 45 137 218 46 138 100 46 139 102 46 140 101 47 141 219 47 142 74 47 143 74 48 144 104 48 145 101 48 146 244 49 147 75 49 148 57 49 149 57 50 150 77 50 151 244 50 152 51 51 153 76 51 154 57 51 155 75 52 156 51 52 157 57 52 158 226 53 159 77 53 160 57 53 161 57 54 162 76 54 163 226 54 164 73 55 165 244 55 166 77 55 167 77 56 168 58 56 169 73 56 170 226 57 171 78 57 172 58 57 173 58 58 174 77 58 175 226 58 176 224 59 177 73 59 178 58 59 179 58 60 180 78 60 181 224 60 182 51 61 183 75 61 184 105 61 185 105 62 186 133 62 187 80 62 188 80 63 189 51 63 190 105 63 191 80 64 192 108 64 193 109 64 194 109 65 195 51 65 196 80 65 197 106 66 198 81 66 199 51 66 200 51 67 201 109 67 202 106 67 203 50 68 204 74 68 205 59 68 206 59 69 207 222 69 208 50 69 209 219 70 210 228 70 211 59 70 212 59 71 213 74 71 214 219 71 215 220 72 216 222 72 217 59 72 218 59 73 219 228 73 220 220 73 221 51 74 222 82 74 223 60 74 224 76 75 225 51 75 226 60 75 227 220 76 228 83 76 229 60 76 230 60 77 231 82 77 232 220 77 233 226 78 234 76 78 235 60 78 236 60 79 237 83 79 238 226 79 239 52 80 240 85 80 241 61 80 242 61 81 243 81 81 244 52 81 245 220 82 246 82 82 247 61 82 248 61 83 249 85 83 250 220 83 251 51 84 252 81 84 253 61 84 254 82 85 255 51 85 256 61 85 257 50 86 258 222 86 259 62 86 260 62 87 261 85 87 262 52 87 263 50 88 264 62 88 265 52 88 266 52 89 267 81 89 268 106 89 269 50 90 270 52 90 271 106 90 272 50 91 273 106 91 274 107 91 275 50 92 276 107 92 277 128 92 278 221 93 279 86 93 280 63 93 281 63 94 282 223 94 283 221 94 284 234 95 285 225 95 286 87 95 287 87 96 288 232 96 289 234 96 290 218 97 291 111 97 292 113 97 293 53 98 294 88 98 295 115 98 296 115 99 297 116 99 298 53 99 299 89 100 300 64 100 301 91 100 302 89 101 303 91 101 304 117 101 305 118 102 306 89 102 307 117 102 308 227 103 309 90 103 310 64 103 311 64 104 312 89 104 313 227 104 314 54 105 315 91 105 316 64 105 317 90 106 318 54 106 319 64 106 320 87 107 321 65 107 322 89 107 323 87 108 324 89 108 325 118 108 326 87 109 327 118 109 328 132 109 329 225 110 330 79 110 331 65 110 332 65 111 333 87 111 334 225 111 335 227 112 336 89 112 337 65 112 338 65 113 339 79 113 340 227 113 341 120 114 342 66 114 343 92 114 344 92 115 345 119 115 346 120 115 347 54 116 348 92 116 349 66 116 350 91 117 351 54 117 352 66 117 353 119 118 354 92 118 355 67 118 356 67 119 357 134 119 358 119 119 359 54 120 360 93 120 361 67 120 362 92 121 363 54 121 364 67 121 365 55 122 366 94 122 367 67 122 368 67 123 369 93 123 370 55 123 371 116 124 372 134 124 373 67 124 374 116 125 375 67 125 376 94 125 377 53 126 378 116 126 379 94 126 380 53 127 381 95 127 382 68 127 383 68 128 384 88 128 385 53 128 386 221 129 387 229 129 388 68 129 389 68 130 390 95 130 391 221 130 392 218 131 393 88 131 394 68 131 395 68 132 396 229 132 397 218 132 398 54 133 399 90 133 400 69 133 401 97 134 402 54 134 403 69 134 404 227 135 405 84 135 406 69 135 407 69 136 408 90 136 409 227 136 410 221 137 411 97 137 412 69 137 413 69 138 414 84 138 415 221 138 416 55 139 417 93 139 418 70 139 419 70 140 420 98 140 421 55 140 422 54 141 423 97 141 424 70 141 425 93 142 426 54 142 427 70 142 428 221 143 429 98 143 430 70 143 431 70 144 432 97 144 433 221 144 434 55 145 435 98 145 436 71 145 437 71 146 438 94 146 439 55 146 440 220 147 441 96 147 442 72 147 443 72 148 444 99 148 445 220 148 446 53 149 447 94 149 448 71 149 449 71 150 450 95 150 451 53 150 452 105 151 453 75 151 454 244 151 455 244 152 456 121 152 457 105 152 458 234 153 459 110 153 460 236 153 461 234 154 462 236 154 463 231 154 464 225 155 465 234 155 466 231 155 467 233 156 468 238 156 469 123 156 470 123 157 471 131 157 472 240 157 473 233 158 474 123 158 475 240 158 476 235 159 477 233 159 478 240 159 479 124 160 480 230 160 481 237 160 482 125 161 483 129 161 484 130 161 485 130 162 486 56 162 487 230 162 488 130 163 489 230 163 490 124 163 491 125 164 492 130 164 493 124 164 494 126 165 495 219 165 496 114 165 497 73 166 498 56 166 499 130 166 500 73 167 501 130 167 502 242 167 503 73 168 504 242 168 505 244 168 506 239 169 507 232 169 508 87 169 509 87 170 510 132 170 511 239 170 512 108 171 513 80 171 514 133 171 515 110 172 516 234 172 517 241 172 518 112 173 519 219 173 520 103 173 521 127 174 522 115 174 523 88 174 524 88 175 525 218 175 526 127 175 527 120 176 528 117 176 529 91 176 530 91 177 531 66 177 532 120 177 533 122 178 534 245 178 535 243 178 536 104 179 537 74 179 538 50 179 539 50 180 540 128 180 541 104 180 542 135 181 543 247 181 544 246 181 545 135 182 546 248 182 547 136 182 548 154 183 549 156 183 550 194 183 551 194 184 552 192 184 553 154 184 554 156 185 555 158 185 556 196 185 557 196 186 558 194 186 559 156 186 560 137 187 561 196 187 562 158 187 563 158 188 564 160 188 565 137 188 566 160 189 567 162 189 568 139 189 569 139 190 570 137 190 571 160 190 572 163 191 573 165 191 574 142 191 575 142 192 576 140 192 577 163 192 578 165 193 579 167 193 580 198 193 581 198 194 582 142 194 583 165 194 584 210 195 585 169 195 586 144 195 587 167 196 588 210 196 589 144 196 590 167 197 591 144 197 592 198 197 593 169 198 594 171 198 595 146 198 596 146 199 597 144 199 598 169 199 599 171 200 600 173 200 601 200 200 602 200 201 603 146 201 604 171 201 605 173 202 606 175 202 607 148 202 608 148 203 609 200 203 610 173 203 611 175 204 612 177 204 613 150 204 614 150 205 615 148 205 616 175 205 617 177 206 618 179 206 619 202 206 620 202 207 621 150 207 622 177 207 623 179 208 624 181 208 625 249 208 626 249 209 627 202 209 628 179 209 629 182 210 630 184 210 631 204 210 632 204 211 633 250 211 634 182 211 635 184 212 636 186 212 637 206 212 638 206 213 639 204 213 640 184 213 641 186 214 642 188 214 643 208 214 644 208 215 645 206 215 646 186 215 647 188 216 648 190 216 649 152 216 650 152 217 651 208 217 652 188 217 653 190 218 654 154 218 655 192 218 656 192 219 657 152 219 658 190 219 659 147 220 660 201 220 661 149 220 662 149 221 663 151 221 664 203 221 665 203 222 666 251 222 667 205 222 668 149 223 669 203 223 670 205 223 671 205 224 672 207 224 673 209 224 674 209 225 675 153 225 676 193 225 677 205 226 678 209 226 679 193 226 680 149 227 681 205 227 682 193 227 683 193 228 684 195 228 685 197 228 686 197 229 687 138 229 688 141 229 689 193 230 690 197 230 691 141 230 692 149 231 693 193 231 694 141 231 695 141 232 696 143 232 697 199 232 698 149 233 699 141 233 700 199 233 701 147 234 702 149 234 703 199 234 704 145 235 705 147 235 706 199 235 707 187 236 708 185 236 709 183 236 710 183 237 711 180 237 712 178 237 713 178 238 714 176 238 715 174 238 716 183 239 717 178 239 718 174 239 719 174 240 720 172 240 721 170 240 722 174 241 723 170 241 724 211 241 725 211 242 726 168 242 727 166 242 728 166 243 729 164 243 730 161 243 731 211 244 732 166 244 733 161 244 734 174 245 735 211 245 736 161 245 737 161 246 738 159 246 739 157 246 740 157 247 741 155 247 742 191 247 743 161 248 744 157 248 745 191 248 746 174 249 747 161 249 748 191 249 749 183 250 750 174 250 751 191 250 752 187 251 753 183 251 754 191 251 755 187 252 756 191 252 757 189 252 758 212 253 759 214 253 760 215 253 761 216 254 762 217 254 763 213 254 764 212 255 765 216 255 766 213 255 767 214 256 768 212 256 769 213 256 770 252 257 771 254 257 772 255 257 773 252 258 774 256 258 775 253 258 776 254 259 777 252 259 778 253 259 779 679 260 780 680 260 781 681 260 782 681 261 783 682 261 784 679 261 785 683 262 786 684 262 787 685 262 788 685 263 789 686 263 790 683 263 791 687 264 792 679 264 793 682 264 794 682 265 795 688 265 796 687 265 797 682 266 798 681 266 799 689 266 800 689 267 801 690 267 802 682 267 803 686 268 804 685 268 805 691 268 806 691 269 807 692 269 808 686 269 809 688 270 810 682 270 811 690 270 812 690 271 813 693 271 814 688 271 815 694 272 816 695 272 817 696 272 818 680 273 819 679 273 820 697 273 821 697 274 822 698 274 823 680 274 824 679 275 825 687 275 826 699 275 827 699 276 828 697 276 829 679 276 830 684 277 831 683 277 832 700 277 833 700 278 834 701 278 835 684 278 836 294 279 837 295 279 838 296 279 839 297 280 840 294 280 841 296 280 842 297 281 843 296 281 844 298 281 845 299 282 846 300 282 847 301 282 848 352 283 849 353 283 850 354 283 851 352 284 852 354 284 853 355 284 854 356 285 855 357 285 856 358 285 857 356 286 858 358 286 859 359 286 860 301 287 861 302 287 862 303 287 863 301 288 864 303 288 865 299 288 866 297 289 867 304 289 868 294 289 869 305 290 870 306 290 871 307 290 872 303 291 873 308 291 874 299 291 875 360 292 876 361 292 877 362 292 878 353 293 879 352 293 880 363 293 881 359 294 882 364 294 883 356 294 884 353 295 885 363 295 886 365 295 887 365 296 888 366 296 889 353 296 890 297 297 891 309 297 892 310 297 893 310 298 894 304 298 895 297 298 896 297 299 897 298 299 898 311 299 899 297 300 900 311 300 901 309 300 902 355 301 903 367 301 904 352 301 905 358 302 906 368 302 907 359 302 908 312 303 909 300 303 910 299 303 911 368 304 912 369 304 913 359 304 914 370 305 915 354 305 916 353 305 917 370 306 918 353 306 919 366 306 920 702 307 921 703 307 922 704 307 923 704 308 924 705 308 925 702 308 926 706 309 927 707 309 928 708 309 929 708 310 930 709 310 931 706 310 932 710 311 933 702 311 934 705 311 935 705 312 936 711 312 937 710 312 938 705 313 939 704 313 940 711 313 941 646 314 942 647 314 943 648 314 944 646 315 945 649 315 946 647 315 947 650 316 948 651 316 949 652 316 950 653 317 951 652 317 952 651 317 953 652 318 954 654 318 955 650 318 956 648 319 957 655 319 958 646 319 959 656 320 960 657 320 961 658 320 962 659 321 963 652 321 964 660 321 965 647 322 966 661 322 967 648 322 968 549 323 969 550 323 970 551 323 971 549 324 972 551 324 973 552 324 974 553 325 975 554 325 976 555 325 977 556 326 978 555 326 979 554 326 980 554 327 981 553 327 982 557 327 983 550 328 984 549 328 985 558 328 986 559 329 987 560 329 988 561 329 989 562 330 990 563 330 991 554 330 992 551 331 993 550 331 994 564 331 995 389 332 996 390 332 997 391 332 998 392 333 999 393 333 1000 394 333 1001 393 334 1002 395 334 1003 394 334 1004 662 335 1005 636 335 1006 663 335 1007 637 336 1008 664 336 1009 665 336 1010 665 337 1011 666 337 1012 667 337 1013 663 338 1014 636 338 1015 668 338 1016 669 339 1017 668 339 1018 636 339 1019 665 340 1020 670 340 1021 671 340 1022 665 341 1023 672 341 1024 637 341 1025 638 342 1026 639 342 1027 396 342 1028 397 343 1029 639 343 1030 398 343 1031 399 344 1032 400 344 1033 638 344 1034 638 345 1035 401 345 1036 402 345 1037 257 346 1038 258 346 1039 403 346 1040 404 347 1041 257 347 1042 405 347 1043 259 348 1044 260 348 1045 406 348 1046 406 349 1047 260 349 1048 407 349 1049 408 350 1050 409 350 1051 410 350 1052 411 351 1053 412 351 1054 413 351 1055 261 352 1056 414 352 1057 415 352 1058 261 353 1059 416 353 1060 262 353 1061 392 354 1062 417 354 1063 393 354 1064 263 355 1065 417 355 1066 392 355 1067 264 356 1068 417 356 1069 263 356 1070 640 357 1071 673 357 1072 639 357 1073 639 358 1074 674 358 1075 418 358 1076 419 359 1077 675 359 1078 641 359 1079 420 360 1080 642 360 1081 421 360 1082 643 361 1083 676 361 1084 422 361 1085 638 362 1086 644 362 1087 639 362 1088 638 363 1089 423 363 1090 677 363 1091 678 364 1092 645 364 1093 638 364 1094 565 365 1095 566 365 1096 539 365 1097 540 366 1098 567 366 1099 568 366 1100 567 367 1101 569 367 1102 570 367 1103 566 368 1104 571 368 1105 539 368 1106 572 369 1107 539 369 1108 571 369 1109 567 370 1110 573 370 1111 574 370 1112 567 371 1113 540 371 1114 575 371 1115 541 372 1116 424 372 1117 542 372 1118 424 373 1119 425 373 1120 542 373 1121 426 374 1122 424 374 1123 541 374 1124 541 375 1125 427 375 1126 426 375 1127 543 376 1128 542 376 1129 576 376 1130 542 377 1131 428 377 1132 577 377 1133 429 378 1134 544 378 1135 578 378 1136 430 379 1137 431 379 1138 545 379 1139 546 380 1140 432 380 1141 579 380 1142 541 381 1143 542 381 1144 547 381 1145 541 382 1146 580 382 1147 433 382 1148 581 383 1149 541 383 1150 548 383 1151 434 384 1152 435 384 1153 393 384 1154 393 385 1155 436 385 1156 395 385 1157 437 386 1158 438 386 1159 439 386 1160 264 387 1161 440 387 1162 417 387 1163 417 388 1164 441 388 1165 393 388 1166 442 389 1167 443 389 1168 444 389 1169 445 390 1170 446 390 1171 447 390 1172 448 391 1173 449 391 1174 450 391 1175 451 392 1176 452 392 1177 453 392 1178 454 393 1179 455 393 1180 456 393 1181 288 394 1182 346 394 1183 265 394 1184 266 395 1185 265 395 1186 346 395 1187 273 396 1188 274 396 1189 267 396 1190 267 397 1191 268 397 1192 273 397 1193 331 398 1194 332 398 1195 268 398 1196 275 399 1197 289 399 1198 269 399 1199 269 400 1200 289 400 1201 270 400 1202 271 401 1203 347 401 1204 272 401 1205 272 402 1206 347 402 1207 333 402 1208 346 403 1209 348 403 1210 266 403 1211 265 404 1212 290 404 1213 288 404 1214 274 405 1215 276 405 1216 277 405 1217 276 406 1218 274 406 1219 273 406 1220 332 407 1221 334 407 1222 335 407 1223 334 408 1224 332 408 1225 331 408 1226 346 409 1227 291 409 1228 349 409 1229 291 410 1230 346 410 1231 288 410 1232 289 411 1233 278 411 1234 292 411 1235 278 412 1236 289 412 1237 275 412 1238 333 413 1239 350 413 1240 336 413 1241 350 414 1242 333 414 1243 347 414 1244 348 415 1245 349 415 1246 351 415 1247 349 416 1248 348 416 1249 346 416 1250 288 417 1251 293 417 1252 291 417 1253 293 418 1254 288 418 1255 290 418 1256 268 419 1257 332 419 1258 273 419 1259 273 420 1260 332 420 1261 335 420 1262 273 421 1263 335 421 1264 276 421 1265 457 422 1266 458 422 1267 459 422 1268 460 423 1269 461 423 1270 462 423 1271 463 424 1272 460 424 1273 462 424 1274 464 425 1275 465 425 1276 466 425 1277 467 426 1278 468 426 1279 469 426 1280 470 427 1281 468 427 1282 467 427 1283 457 428 1284 471 428 1285 458 428 1286 463 429 1287 472 429 1288 460 429 1289 464 430 1290 466 430 1291 473 430 1292 470 431 1293 467 431 1294 474 431 1295 475 432 1296 460 432 1297 472 432 1298 475 433 1299 472 433 1300 476 433 1301 477 434 1302 478 434 1303 479 434 1304 477 435 1305 479 435 1306 480 435 1307 481 436 1308 475 436 1309 476 436 1310 481 437 1311 476 437 1312 482 437 1313 477 438 1314 480 438 1315 483 438 1316 477 439 1317 483 439 1318 484 439 1319 483 440 1320 481 440 1321 482 440 1322 483 441 1323 482 441 1324 484 441 1325 485 442 1326 479 442 1327 478 442 1328 485 443 1329 478 443 1330 486 443 1331 487 444 1332 457 444 1333 459 444 1334 487 445 1335 459 445 1336 488 445 1337 488 446 1338 459 446 1339 489 446 1340 488 447 1341 489 447 1342 490 447 1343 491 448 1344 492 448 1345 493 448 1346 491 449 1347 493 449 1348 471 449 1349 490 450 1350 489 450 1351 494 450 1352 490 451 1353 494 451 1354 495 451 1355 496 452 1356 497 452 1357 498 452 1358 496 453 1359 498 453 1360 499 453 1361 497 454 1362 500 454 1363 501 454 1364 497 455 1365 501 455 1366 498 455 1367 487 456 1368 491 456 1369 471 456 1370 487 457 1371 471 457 1372 457 457 1373 496 458 1374 499 458 1375 502 458 1376 496 459 1377 502 459 1378 503 459 1379 495 460 1380 494 460 1381 501 460 1382 495 461 1383 501 461 1384 500 461 1385 504 462 1386 505 462 1387 506 462 1388 507 463 1389 508 463 1390 474 463 1391 507 464 1392 474 464 1393 467 464 1394 509 465 1395 510 465 1396 511 465 1397 509 466 1398 511 466 1399 512 466 1400 513 467 1401 514 467 1402 508 467 1403 513 468 1404 508 468 1405 507 468 1406 509 469 1407 515 469 1408 516 469 1409 509 470 1410 516 470 1411 510 470 1412 516 471 1413 515 471 1414 514 471 1415 516 472 1416 514 472 1417 513 472 1418 511 473 1419 517 473 1420 518 473 1421 511 474 1422 518 474 1423 512 474 1424 519 475 1425 520 475 1426 465 475 1427 519 476 1428 465 476 1429 464 476 1430 520 477 1431 521 477 1432 522 477 1433 520 478 1434 522 478 1435 465 478 1436 523 479 1437 473 479 1438 524 479 1439 523 480 1440 524 480 1441 525 480 1442 521 481 1443 526 481 1444 527 481 1445 521 482 1446 527 482 1447 522 482 1448 528 483 1449 529 483 1450 530 483 1451 528 484 1452 530 484 1453 531 484 1454 531 485 1455 530 485 1456 532 485 1457 531 486 1458 532 486 1459 533 486 1460 519 487 1461 464 487 1462 473 487 1463 519 488 1464 473 488 1465 523 488 1466 528 489 1467 504 489 1468 506 489 1469 528 490 1470 506 490 1471 529 490 1472 526 491 1473 533 491 1474 532 491 1475 526 492 1476 532 492 1477 527 492 1478 517 462 1479 534 462 1480 518 462 1481 535 493 1482 506 493 1483 505 493 1484 535 494 1485 505 494 1486 502 494 1487 536 462 1488 537 462 1489 538 462 1490 503 462 1491 502 462 1492 505 462 1493 279 495 1494 313 495 1495 280 495 1496 314 496 1497 281 496 1498 282 496 1499 371 497 1500 337 497 1501 338 497 1502 339 498 1503 372 498 1504 340 498 1505 315 499 1506 316 499 1507 317 499 1508 318 500 1509 319 500 1510 283 500 1511 284 501 1512 320 501 1513 315 501 1514 285 502 1515 282 502 1516 281 502 1517 281 503 1518 321 503 1519 285 503 1520 279 504 1521 280 504 1522 286 504 1523 322 505 1524 279 505 1525 286 505 1526 373 506 1527 374 506 1528 375 506 1529 373 507 1530 375 507 1531 341 507 1532 342 508 1533 376 508 1534 377 508 1535 342 509 1536 377 509 1537 378 509 1538 379 510 1539 373 510 1540 341 510 1541 380 511 1542 342 511 1543 378 511 1544 340 512 1545 343 512 1546 339 512 1547 381 513 1548 339 513 1549 343 513 1550 338 514 1551 337 514 1552 344 514 1553 337 515 1554 382 515 1555 344 515 1556 341 516 1557 383 516 1558 384 516 1559 341 517 1560 384 517 1561 385 517 1562 284 518 1563 323 518 1564 324 518 1565 284 519 1566 324 519 1567 325 519 1568 386 520 1569 387 520 1570 376 520 1571 386 521 1572 376 521 1573 342 521 1574 377 522 1575 388 522 1576 378 522 1577 340 523 1578 372 523 1579 345 523 1580 287 524 1581 314 524 1582 282 524 1583 326 525 1584 327 525 1585 318 525 1586 326 526 1587 318 526 1588 283 526 1589 375 527 1590 383 527 1591 341 527 1592 328 528 1593 326 528 1594 283 528 1595 317 529 1596 323 529 1597 284 529 1598 317 530 1599 284 530 1600 315 530 1601 329 531 1602 328 531 1603 283 531 1604 329 532 1605 283 532 1606 330 532 1607 582 533 1608 583 533 1609 584 533 1610 583 534 1611 582 534 1612 585 534 1613 583 535 1614 586 535 1615 584 535 1616 586 536 1617 583 536 1618 587 536 1619 585 537 1620 588 537 1621 583 537 1622 588 538 1623 585 538 1624 589 538 1625 583 539 1626 590 539 1627 587 539 1628 590 540 1629 583 540 1630 588 540 1631 591 541 1632 588 541 1633 589 541 1634 588 542 1635 591 542 1636 592 542 1637 588 543 1638 593 543 1639 590 543 1640 593 544 1641 588 544 1642 592 544 1643 594 545 1644 595 545 1645 596 545 1646 596 546 1647 597 546 1648 594 546 1649 596 547 1650 595 547 1651 598 547 1652 598 548 1653 599 548 1654 596 548 1655 597 549 1656 600 549 1657 601 549 1658 601 550 1659 602 550 1660 597 550 1661 600 551 1662 599 551 1663 603 551 1664 603 552 1665 601 552 1666 600 552 1667 604 553 1668 602 553 1669 605 553 1670 605 554 1671 606 554 1672 604 554 1673 605 555 1674 603 555 1675 607 555 1676 607 556 1677 606 556 1678 605 556 1679 608 557 1680 609 557 1681 610 557 1682 608 558 1683 610 558 1684 611 558 1685 612 559 1686 613 559 1687 614 559 1688 612 560 1689 614 560 1690 615 560 1691 616 561 1692 617 561 1693 618 561 1694 616 562 1695 618 562 1696 619 562 1697 620 563 1698 621 563 1699 622 563 1700 620 564 1701 622 564 1702 623 564 1703 624 565 1704 608 565 1705 611 565 1706 624 566 1707 611 566 1708 625 566 1709 609 567 1710 626 567 1711 627 567 1712 609 568 1713 627 568 1714 610 568 1715 613 569 1716 628 569 1717 629 569 1718 613 570 1719 629 570 1720 614 570 1721 630 571 1722 631 571 1723 632 571 1724 630 572 1725 632 572 1726 633 572 1727 634 573 1728 624 573 1729 625 573 1730 634 574 1731 625 574 1732 635 574 1733 631 575 1734 612 575 1735 615 575 1736 631 576 1737 615 576 1738 632 576 1739</p>
        </triangles>
      </mesh>
    </geometry>
  </library_geometries>
  <library_controllers>
    <controller id="drapanai_hvy2_Skin_thegnoz_001-skin" name="drapanai_hvy2_Skin">
      <skin source="#thegnoz_001-mesh">
        <bind_shape_matrix>1 0 0 0 0 1 0 0 0 0 1 0 0 0 0 1</bind_shape_matrix>
        <source id="drapanai_hvy2_Skin_thegnoz_001-skin-joints">
          <Name_array id="drapanai_hvy2_Skin_thegnoz_001-skin-joints-array" count="33">neck root pelvis femurleft butt-l knee-l-top knee-l-bopttom ankle_left foot_left01 femurright butt-r knee-r-top knee-r-bopttom ankleright foot_right01 lumbar rib scapula ulna carpal ammo_node_1 scapula01 ulna01 smoke_node_1 ammo_node_0 skull nogginbottom plumes skulltop smoke_node_0 cloaktop cloak cloakbottom</Name_array>
          <technique_common>
            <accessor source="#drapanai_hvy2_Skin_thegnoz_001-skin-joints-array" count="33" stride="1">
              <param name="JOINT" type="name"/>
            </accessor>
          </technique_common>
        </source>
        <source id="drapanai_hvy2_Skin_thegnoz_001-skin-bind_poses">
          <float_array id="drapanai_hvy2_Skin_thegnoz_001-skin-bind_poses-array" count="528">1 0 0 0.02165722 0 0 1 -3.354292 0 -1 -1.19271e-7 1.59417e-7 0 0 0 1 1 0 0 0 0 -1.19209e-7 1 -2.154822 0 -1 -1.34359e-7 1.88312e-7 0 0 0 1 1 0 0 -2.88205e-4 0 0 1 -1.989969 0 -1 0 0.05965083 0 0 0 1 1 0 0 -0.229566 0 0 1 -1.980152 0 -1 0 0 0 0 0 1 1 0 0 -0.2300335 0 -5.28991e-7 1 -1.881625 0 -1 -5.43892e-7 0.2278664 0 0 0 1 1 0 0 -0.2579528 0 0 1 -1.492427 0 -1 0 -0.357712 0 0 0 1 1 0 0 -0.2616622 0 -1.93715e-7 1 -1.243225 0 -1 -2.06754e-7 0.03760045 0 0 0 1 1 -8.33936e-7 3.37577e-7 -0.2703903 0 -0.3687217 -0.9295399 0.1499913 8.99649e-7 0.9295405 -0.3687216 -0.04846745 0 0 0 1 1 -9.0985e-7 4.16081e-5 -0.2703916 0 -0.9997616 -0.02186167 -0.2401518 4.1618e-5 0.02186191 -0.9997611 0.02881908 0 0 0 1 1 0 0 0.2313526 0 0 1 -1.980152 0 -1 -1.34359e-7 0 0 0 0 1 1 0 0 0.234615 0 -4.17232e-7 1 -1.884256 0 -1 -4.32134e-7 0.2262763 0 0 0 1 1 0 0 0.1784679 0 0 1 -1.491813 0 -1 -1.3411e-7 -0.3589507 0 0 0 1 1 0 0 0.2454932 0 -1.56462e-7 1 -1.243115 0 -1 -1.69501e-7 0.03760039 0 0 0 1 1 -7.62164e-7 3.04306e-7 0.2586692 0 -0.3687203 -0.9295403 0.1530215 8.20666e-7 0.9295393 -0.3687203 -0.04726493 0 0 0 1 1 -7.4373e-7 3.40309e-5 0.2586681 0 -0.9997602 -0.02184969 -0.2400804 3.4039e-5 0.02184933 -0.9997612 0.03209507 0 0 0 1 1 0 0 -0.004826366 0 0 1 -2.179734 0 -1 0 0.1130515 0 0 0 1 1 0 0 0.007960081 0 0 1 -2.884792 0 -1 0 -1.77001e-7 0 0 0 1 0.2298166 0 0.9732339 -3.140294 -0.9732339 0 0.2298166 -0.3199172 0 -1 0 0 0 0 0 1 0.2298168 0 0.9732339 -3.264032 -0.9732339 0 0.2298166 0.2794398 0 -1 0 0 0 0 0 1 0.2298182 0 0.9732336 -3.367343 -0.9732336 0 0.2298182 0.8548387 0 -1 0 -0.07377809 0 0 0 1 0.229852 -7.65338e-7 0.9732255 -3.544046 -0.001870334 -0.9999982 4.40936e-4 0.001192688 0.9732238 -0.001921594 -0.2298516 -0.619369 0 0 0 1 0.1954247 0 -0.9807187 3.157599 0.9807187 0 0.1954247 -0.1691024 0 -1 0 -3.49507e-7 0 0 0 1 0.1954247 0 -0.9807187 3.2696 0.9807187 0 0.1954247 0.4302543 -1.29274e-7 -1 0 -6.25677e-7 0 0 0 1 0.1963384 -5.86535e-6 -0.9805362 3.382315 -0.006554603 -0.9999777 -0.001306474 -0.05608916 -0.9805142 0.006683528 -0.1963342 -1.140302 0 0 0 1 0.1953997 6.03707e-7 -0.9807239 3.378604 0.9807238 2.3592e-6 0.1953998 1.198901 2.42144e-6 -1 -1.19209e-7 -1.617807 0 0 0 1 1 0 0 0.02895486 0 0 1 -3.806294 0 -1 0 0 0 0 0 1 1 3.15136e-7 0 0.02715587 0 0.04181367 0.9991254 -3.880912 3.15446e-7 -0.9991255 0.04181367 -0.4448732 0 0 0 1 1 5.4996e-7 0 0.03132408 0 0.02110123 0.9997774 -3.983411 5.50092e-7 -0.9997773 0.02110117 -0.2703227 0 0 0 1 1 0 0 0.03312313 0 0 1 -4.176583 0 -1 0 0 0 0 0 1 1 -4.0448e-4 -4.26682e-4 0.01651448 -4.0448e-4 -0.9999999 0 -0.2430265 -4.26682e-4 1.69603e-7 -0.9999999 3.446472 0 0 0 1 1 0 0 -0.001975059 0 -3.42726e-7 1 -3.236084 0 -1 -3.57628e-7 0.1981276 0 0 0 1 1 0 0 -0.006513178 0 0 1 -2.377003 0 -1 0 0.4338247 0 0 0 1 1 0 0 0.02082639 0 0 1 -1.545783 0 -1 0 0.5515339 0 0 0 1</float_array>
          <technique_common>
            <accessor source="#drapanai_hvy2_Skin_thegnoz_001-skin-bind_poses-array" count="33" stride="16">
              <param name="TRANSFORM" type="float4x4"/>
            </accessor>
          </technique_common>
        </source>
        <source id="drapanai_hvy2_Skin_thegnoz_001-skin-weights">
          <float_array id="drapanai_hvy2_Skin_thegnoz_001-skin-weights-array" count="712">1 1 1 1 1 1 1 1 1 1 1 1 1 1 1 1 1 1 1 1 1 1 1 1 1 1 1 1 1 1 1 1 1 1 1 1 1 1 1 1 1 1 1 1 1 1 1 1 1 1 1 1 1 1 1 1 1 1 1 1 1 1 1 1 1 1 1 1 1 1 1 1 1 1 1 1 1 1 1 1 1 1 1 1 1 1 1 1 1 1 1 1 1 1 1 1 1 1 1 1 1 1 1 1 1 1 1 1 1 1 1 1 1 1 1 1 1 1 1 1 1 1 1 1 1 1 1 1 1 1 1 1 1 1 1 1 1 1 1 1 1 1 1 1 1 1 1 1 1 1 1 1 1 1 1 1 1 1 1 1 1 1 1 1 1 1 1 1 1 1 1 1 1 1 1 1 1 1 1 1 1 1 1 1 1 1 1 1 1 1 1 1 1 1 1 1 1 1 1 1 1 1 1 1 1 1 1 1 1 1 1 1 1 1 1 1 1 1 1 1 1 1 1 1 1 1 1 1 1 1 1 1 1 1 1 1 1 1 1 1 1 1 1 1 1 1 1 1 1 1 1 1 1 1 1 1 1 1 1 1 1 1 1 1 1 1 1 1 1 1 1 1 1 1 1 1 1 1 1 1 1 1 1 1 1 1 1 1 1 1 1 1 1 1 1 1 1 1 1 1 1 1 1 1 1 1 1 1 1 1 1 1 1 1 1 1 1 1 1 1 1 1 1 1 1 1 1 1 1 1 1 1 1 1 1 1 1 1 1 1 1 1 1 1 1 1 1 1 1 1 1 1 1 1 1 1 1 1 1 1 1 1 1 1 1 1 1 1 1 1 1 1 1 1 1 1 1 1 1 1 1 1 1 1 1 1 1 1 1 1 1 1 1 1 1 1 1 1 1 1 1 1 1 1 1 1 1 1 1 1 1 1 1 1 1 1 1 1 1 1 1 1 1 1 1 1 1 1 1 1 1 1 1 1 1 1 1 1 1 1 1 1 1 1 1 1 1 1 1 1 1 1 1 1 1 1 1 1 1 1 1 1 1 1 1 1 1 1 1 1 1 1 1 1 1 1 1 1 1 1 1 1 1 1 1 1 1 1 1 1 1 1 1 1 1 1 1 1 1 1 1 1 1 1 1 1 1 1 1 1 1 1 1 1 1 1 1 1 1 1 1 1 1 1 1 1 1 1 1 1 1 1 1 1 1 1 1 1 1 1 1 1 1 1 1 1 1 1 1 1 1 1 1 1 1 1 1 1 1 1 1 1 1 1 1 1 1 1 1 1 1 1 1 1 1 1 1 1 1 1 1 1 1 1 1 1 1 1 1 1 1 1 1 1 1 1 1 1 1 1 1 1 1 1 1 1 1 1 1 1 1 1 1 1 1 1 1 1 1 1 1 1 1 1 1 1 1 1 1 1 1 1 1 1 1 1 1 1 1 1 1 1 1 1 1 1 1 1 1 1 1 1 1 1 1 1 1 1 1 1 1 1 1 1 1 1 1 1 1 1 1 1 1 1 1 1 1 1 1 1 1 1 1 1 1 1 1 1 1 1 1 1 1 1 1 1 1 1 1 1 1 1 1 1 1 1 1 1 1 1 1 1</float_array>
          <technique_common>
            <accessor source="#drapanai_hvy2_Skin_thegnoz_001-skin-weights-array" count="712" stride="1">
              <param name="WEIGHT" type="float"/>
            </accessor>
          </technique_common>
        </source>
        <joints>
          <input semantic="JOINT" source="#drapanai_hvy2_Skin_thegnoz_001-skin-joints"/>
          <input semantic="INV_BIND_MATRIX" source="#drapanai_hvy2_Skin_thegnoz_001-skin-bind_poses"/>
        </joints>
        <vertex_weights count="712">
          <input semantic="JOINT" source="#drapanai_hvy2_Skin_thegnoz_001-skin-joints" offset="0"/>
          <input semantic="WEIGHT" source="#drapanai_hvy2_Skin_thegnoz_001-skin-weights" offset="1"/>
          <vcount>1 1 1 1 1 1 1 1 1 1 1 1 1 1 1 1 1 1 1 1 1 1 1 1 1 1 1 1 1 1 1 1 1 1 1 1 1 1 1 1 1 1 1 1 1 1 1 1 1 1 1 1 1 1 1 1 1 1 1 1 1 1 1 1 1 1 1 1 1 1 1 1 1 1 1 1 1 1 1 1 1 1 1 1 1 1 1 1 1 1 1 1 1 1 1 1 1 1 1 1 1 1 1 1 1 1 1 1 1 1 1 1 1 1 1 1 1 1 1 1 1 1 1 1 1 1 1 1 1 1 1 1 1 1 1 1 1 1 1 1 1 1 1 1 1 1 1 1 1 1 1 1 1 1 1 1 1 1 1 1 1 1 1 1 1 1 1 1 1 1 1 1 1 1 1 1 1 1 1 1 1 1 1 1 1 1 1 1 1 1 1 1 1 1 1 1 1 1 1 1 1 1 1 1 1 1 1 1 1 1 1 1 1 1 1 1 1 1 1 1 1 1 1 1 1 1 1 1 1 1 1 1 1 1 1 1 1 1 1 1 1 1 1 1 1 1 1 1 1 1 1 1 1 1 1 1 1 1 1 1 1 1 1 1 1 1 1 1 1 1 1 1 1 1 1 1 1 1 1 1 1 1 1 1 1 1 1 1 1 1 1 1 1 1 1 1 1 1 1 1 1 1 1 1 1 1 1 1 1 1 1 1 1 1 1 1 1 1 1 1 1 1 1 1 1 1 1 1 1 1 1 1 1 1 1 1 1 1 1 1 1 1 1 1 1 1 1 1 1 1 1 1 1 1 1 1 1 1 1 1 1 1 1 1 1 1 1 1 1 1 1 1 1 1 1 1 1 1 1 1 1 1 1 1 1 1 1 1 1 1 1 1 1 1 1 1 1 1 1 1 1 1 1 1 1 1 1 1 1 1 1 1 1 1 1 1 1 1 1 1 1 1 1 1 1 1 1 1 1 1 1 1 1 1 1 1 1 1 1 1 1 1 1 1 1 1 1 1 1 1 1 1 1 1 1 1 1 1 1 1 1 1 1 1 1 1 1 1 1 1 1 1 1 1 1 1 1 1 1 1 1 1 1 1 1 1 1 1 1 1 1 1 1 1 1 1 1 1 1 1 1 1 1 1 1 1 1 1 1 1 1 1 1 1 1 1 1 1 1 1 1 1 1 1 1 1 1 1 1 1 1 1 1 1 1 1 1 1 1 1 1 1 1 1 1 1 1 1 1 1 1 1 1 1 1 1 1 1 1 1 1 1 1 1 1 1 1 1 1 1 1 1 1 1 1 1 1 1 1 1 1 1 1 1 1 1 1 1 1 1 1 1 1 1 1 1 1 1 1 1 1 1 1 1 1 1 1 1 1 1 1 1 1 1 1 1 1 1 1 1 1 1 1 1 1 1 1 1 1 1 1 1 1 1 1 1 1 1 1 1 1 1 1 1 1 1 1 1 1 1 1 1 1 1 1 1 1 1 1 1 1 1 1 1 1 1 1 1 1 1 1 1 1 1 1 1 1 1 1 1 1 1 1 1 1 1 1 1 1 1 1 1 1 1 1 1 1 1 1 1 1 1 1 1 1 1 1 1 1 1 1 1 </vcount>
          <v>0 0 0 1 0 2 0 3 0 4 0 5 0 6 0 7 0 8 0 9 0 10 0 11 0 12 0 13 0 14 0 15 0 16 0 17 0 18 0 19 0 20 0 21 0 22 0 23 0 24 0 25 0 26 0 27 0 28 0 29 0 30 0 31 0 32 0 33 0 34 0 35 0 36 0 37 0 38 0 39 0 40 0 41 0 42 0 43 0 44 0 45 0 46 0 47 0 48 0 49 0 50 0 51 0 52 0 53 0 54 0 55 0 56 0 57 0 58 0 59 0 60 0 61 0 62 0 63 0 64 0 65 0 66 0 67 0 68 0 69 0 70 0 71 0 72 0 73 0 74 0 75 0 76 0 77 0 78 0 79 0 80 0 81 0 82 0 83 0 84 0 85 0 86 0 87 0 88 0 89 0 90 0 91 0 92 0 93 0 94 0 95 0 96 0 97 0 98 0 99 0 100 0 101 0 102 0 103 0 104 0 105 0 106 0 107 0 108 0 109 0 110 0 111 0 112 0 113 0 114 0 115 0 116 0 117 0 118 0 119 0 120 0 121 0 122 0 123 0 124 0 125 0 126 0 127 0 128 0 129 0 130 0 131 0 132 0 133 0 134 0 135 0 136 0 137 0 138 0 139 0 140 0 141 0 142 0 143 0 144 0 145 0 146 0 147 0 148 0 149 0 150 0 151 0 152 0 153 0 154 0 155 0 156 0 157 0 158 0 159 0 160 0 161 0 162 0 163 0 164 0 165 0 166 0 167 0 168 0 169 0 170 0 171 0 172 0 173 0 174 0 175 0 176 0 177 0 178 0 179 0 180 0 181 0 182 0 183 0 184 0 185 0 186 0 187 0 188 0 189 0 190 0 191 0 192 0 193 0 194 0 195 0 196 0 197 0 198 0 199 0 200 0 201 0 202 0 203 0 204 0 205 0 206 0 207 0 208 0 209 0 210 0 211 0 212 0 213 0 214 0 215 0 216 0 217 0 218 0 219 0 220 0 221 0 222 0 223 0 224 0 225 0 226 0 227 0 228 0 229 0 230 0 231 0 232 0 233 0 234 0 235 0 236 0 237 0 238 0 239 0 240 0 241 0 242 0 243 0 244 0 245 0 246 0 247 0 248 0 249 0 250 0 251 0 252 0 253 0 254 0 255 0 256 2 257 2 258 2 259 2 260 2 261 2 262 2 263 2 264 2 265 2 266 2 267 2 268 2 269 2 270 2 271 2 272 3 273 3 274 3 275 3 276 3 277 3 278 3 279 3 280 3 281 3 282 3 283 3 284 3 285 3 286 3 287 4 288 4 289 4 290 4 291 4 292 4 293 6 294 6 295 6 296 6 297 6 298 6 299 6 300 6 301 6 302 6 303 6 304 6 305 6 306 6 307 6 308 6 309 6 310 6 311 6 312 6 313 6 314 6 315 6 316 6 317 6 318 6 319 6 320 6 321 6 322 6 323 6 324 6 325 6 326 6 327 6 328 6 329 6 330 9 331 9 332 9 333 9 334 9 335 9 336 9 337 9 338 9 339 9 340 9 341 9 342 9 343 9 344 9 345 10 346 10 347 10 348 10 349 10 350 10 351 12 352 12 353 12 354 12 355 12 356 12 357 12 358 12 359 12 360 12 361 12 362 12 363 12 364 12 365 12 366 12 367 12 368 12 369 12 370 12 371 12 372 12 373 12 374 12 375 12 376 12 377 12 378 12 379 12 380 12 381 12 382 12 383 12 384 12 385 12 386 12 387 12 388 16 389 16 390 16 391 16 392 16 393 16 394 16 395 16 396 16 397 16 398 16 399 16 400 16 401 16 402 16 403 16 404 16 405 16 406 16 407 16 408 16 409 16 410 16 411 16 412 16 413 16 414 16 415 16 416 16 417 16 418 16 419 16 420 16 421 16 422 16 423 16 424 16 425 16 426 16 427 16 428 16 429 16 430 16 431 16 432 16 433 16 434 16 435 16 436 16 437 16 438 16 439 16 440 16 441 16 442 16 443 16 444 16 445 16 446 16 447 16 448 16 449 16 450 16 451 16 452 16 453 16 454 16 455 16 456 16 457 16 458 16 459 16 460 16 461 16 462 16 463 16 464 16 465 16 466 16 467 16 468 16 469 16 470 16 471 16 472 16 473 16 474 16 475 16 476 16 477 16 478 16 479 16 480 16 481 16 482 16 483 16 484 16 485 16 486 16 487 16 488 16 489 16 490 16 491 16 492 16 493 16 494 16 495 16 496 16 497 16 498 16 499 16 500 16 501 16 502 16 503 16 504 16 505 16 506 16 507 16 508 16 509 16 510 16 511 16 512 16 513 16 514 16 515 16 516 16 517 16 518 16 519 16 520 16 521 16 522 16 523 16 524 16 525 16 526 16 527 16 528 16 529 16 530 16 531 16 532 16 533 16 534 16 535 16 536 16 537 16 538 17 539 17 540 17 541 17 542 17 543 17 544 17 545 17 546 17 547 17 548 18 549 18 550 18 551 18 552 18 553 18 554 18 555 18 556 18 557 18 558 18 559 18 560 18 561 18 562 18 563 18 564 18 565 18 566 18 567 18 568 18 569 18 570 18 571 18 572 18 573 18 574 18 575 18 576 18 577 18 578 18 579 18 580 18 581 18 582 18 583 18 584 18 585 18 586 18 587 18 588 18 589 18 590 18 591 18 592 18 593 18 594 18 595 18 596 18 597 18 598 18 599 18 600 18 601 18 602 18 603 18 604 18 605 18 606 18 607 18 608 18 609 18 610 18 611 18 612 18 613 18 614 18 615 18 616 18 617 18 618 18 619 18 620 18 621 18 622 18 623 18 624 18 625 18 626 18 627 18 628 18 629 18 630 18 631 18 632 18 633 18 634 18 635 21 636 21 637 21 638 21 639 21 640 21 641 21 642 21 643 21 644 21 645 22 646 22 647 22 648 22 649 22 650 22 651 22 652 22 653 22 654 22 655 22 656 22 657 22 658 22 659 22 660 22 661 22 662 22 663 22 664 22 665 22 666 22 667 22 668 22 669 22 670 22 671 22 672 22 673 22 674 22 675 22 676 22 677 22 678 23 679 23 680 23 681 23 682 23 683 23 684 23 685 23 686 23 687 23 688 23 689 23 690 23 691 23 692 23 693 23 694 23 695 23 696 23 697 23 698 23 699 23 700 23 701 23 702 23 703 23 704 23 705 23 706 23 707 23 708 23 709 23 710 23 711</v>
        </vertex_weights>
      </skin>
    </controller>
  </library_controllers>
  <library_visual_scenes>
    <visual_scene id="Scene" name="Scene">
      <node id="Camera" name="Camera" type="NODE">
        <matrix sid="transform">0.6859207 -0.3240135 0.6515582 7.481132 0.7276763 0.3054208 -0.6141704 -6.50764 0 0.8953956 0.4452714 5.343665 0 0 0 1</matrix>
        <instance_camera url="#Camera-camera"/>
      </node>
      <node id="Lamp" name="Lamp" type="NODE">
        <matrix sid="transform">-0.2908646 -0.7711008 0.5663932 4.076245 0.9551712 -0.1998834 0.2183912 1.005454 -0.05518906 0.6045247 0.7946723 5.903862 0 0 0 1</matrix>
        <instance_light url="#Lamp-light"/>
      </node>
      <node id="drapanai_hvy2_Skin" name="drapanai_hvy2_Skin" type="NODE">
        <matrix sid="transform">1 0 0 0 0 1 0 0 0 0 1 0 0 0 0 1</matrix>
        <node id="drapanai_hvy2_Skin_root" name="root" sid="root" type="JOINT">
          <matrix sid="transform">1 3.37867e-15 4.28495e-8 0 4.28495e-8 -1.34359e-7 -1 -1.01207e-7 2.37855e-15 1 -1.19209e-7 2.154822 0 0 0 1</matrix>
          <node id="drapanai_hvy2_Skin_pelvis" name="pelvis" sid="pelvis" type="JOINT">
            <matrix sid="transform">1 0 1.23306e-8 2.88204e-4 -4.59353e-16 1 3.72529e-8 -0.1648533 -1.23306e-8 -3.72529e-8 1 -0.05965078 0 0 0 1</matrix>
            <node id="drapanai_hvy2_Skin_femurleft" name="femurleft" sid="femurleft" type="JOINT">
              <matrix sid="transform">1 -3.57593e-15 5.09436e-9 0.2292778 0 1 0 -0.0098176 -5.09436e-9 2.48583e-10 1 0.05965089 0 0 0 1</matrix>
              <node id="drapanai_hvy2_Skin_butt-l" name="butt-l" sid="butt-l" type="JOINT">
                <matrix sid="transform">1 -4.07063e-15 4.2319e-9 4.67524e-4 1.89181e-15 1 -4.47035e-7 -0.09852624 -4.2319e-9 4.47035e-7 1 -0.2278656 0 0 0 1</matrix>
                <extra>
                  <technique profile="blender">
                    <layer sid="layer" type="string">0</layer>
                    <roll sid="roll" type="float">0</roll>
                    <tip_x sid="tip_x" type="float">0</tip_x>
                    <tip_y sid="tip_y" type="float">0</tip_y>
                    <tip_z sid="tip_z" type="float">0.1</tip_z>
                  </technique>
                </extra>
              </node>
              <node id="drapanai_hvy2_Skin_knee-l-top" name="knee-l-top" sid="knee-l-top" type="JOINT">
                <matrix sid="transform">1 -4.07063e-15 7.79386e-9 0.02838679 0 0.9999999 0 -0.4877245 -7.79386e-9 0 1 0.357712 0 0 0 1</matrix>
                <extra>
                  <technique profile="blender">
                    <layer sid="layer" type="string">0</layer>
                    <roll sid="roll" type="float">0</roll>
                    <tip_x sid="tip_x" type="float">0</tip_x>
                    <tip_y sid="tip_y" type="float">0</tip_y>
                    <tip_z sid="tip_z" type="float">0.1</tip_z>
                  </technique>
                </extra>
              </node>
              <node id="drapanai_hvy2_Skin_knee-l-bopttom" name="knee-l-bopttom" sid="knee-l-bopttom" type="JOINT">
                <matrix sid="transform">1 -4.07063e-15 3.25892e-8 0.03209619 3.64213e-15 1 -1.11759e-7 -0.7369263 -3.25892e-8 1.11759e-7 1 -0.03760034 0 0 0 1</matrix>
                <node id="drapanai_hvy2_Skin_ankle_left" name="ankle left" sid="ankle_left" type="JOINT">
                  <matrix sid="transform">1 -2.79396e-8 9.85969e-7 0.008728176 3.37577e-7 -0.9295399 -0.3687216 -1.121673 9.268e-7 0.3687215 -0.9295392 -0.06275674 0 0 0 1</matrix>
                  <node id="drapanai_hvy2_Skin_foot_left01" name="foot left01" sid="foot_left01" type="JOINT">
                    <matrix sid="transform">1 8.26356e-7 4.12623e-5 2.68221e-7 -3.83346e-5 0.3889548 0.9212569 0.2168393 -1.52879e-5 -0.9212568 0.3889548 -0.2809225 0 0 0 1</matrix>
                    <extra>
                      <technique profile="blender">
                        <layer sid="layer" type="string">0</layer>
                        <roll sid="roll" type="float">4.16037e-5</roll>
                        <tip_x sid="tip_x" type="float">0</tip_x>
                        <tip_y sid="tip_y" type="float">-0.09997612</tip_y>
                        <tip_z sid="tip_z" type="float">-0.002186119</tip_z>
                      </technique>
                    </extra>
                  </node>
                  <extra>
                    <technique profile="blender">
                      <layer sid="layer" type="string">0</layer>
                      <roll sid="roll" type="float">8.99649e-7</roll>
                      <tip_x sid="tip_x" type="float">0</tip_x>
                      <tip_y sid="tip_y" type="float">-0.03687214</tip_y>
                      <tip_z sid="tip_z" type="float">-0.09295403</tip_z>
                    </technique>
                  </extra>
                </node>
                <extra>
                  <technique profile="blender">
                    <layer sid="layer" type="string">0</layer>
                    <roll sid="roll" type="float">0</roll>
                    <tip_x sid="tip_x" type="float">0</tip_x>
                    <tip_y sid="tip_y" type="float">0</tip_y>
                    <tip_z sid="tip_z" type="float">0.1</tip_z>
                  </technique>
                </extra>
              </node>
              <extra>
                <technique profile="blender">
                  <layer sid="layer" type="string">0</layer>
                  <roll sid="roll" type="float">0</roll>
                  <tip_x sid="tip_x" type="float">0</tip_x>
                  <tip_y sid="tip_y" type="float">0</tip_y>
                  <tip_z sid="tip_z" type="float">0.1000001</tip_z>
                </technique>
              </extra>
            </node>
            <node id="drapanai_hvy2_Skin_femurright" name="femurright" sid="femurright" type="JOINT">
              <matrix sid="transform">1 -3.57593e-15 5.09437e-9 -0.2316408 0 1 -3.72529e-8 -0.0098176 -5.09437e-9 3.75014e-8 1 0.05965089 0 0 0 1</matrix>
              <node id="drapanai_hvy2_Skin_butt-r" name="butt-r" sid="butt-r" type="JOINT">
                <matrix sid="transform">1 -4.26041e-15 5.58592e-9 -0.003262326 1.66473e-15 1 -2.98023e-7 -0.09589553 -5.58592e-9 2.98023e-7 1 -0.2262758 0 0 0 1</matrix>
                <extra>
                  <technique profile="blender">
                    <layer sid="layer" type="string">0</layer>
                    <roll sid="roll" type="float">0</roll>
                    <tip_x sid="tip_x" type="float">0</tip_x>
                    <tip_y sid="tip_y" type="float">0</tip_y>
                    <tip_z sid="tip_z" type="float">0.1</tip_z>
                  </technique>
                </extra>
              </node>
              <node id="drapanai_hvy2_Skin_knee-r-top" name="knee-r-top" sid="knee-r-top" type="JOINT">
                <matrix sid="transform">1 -4.26041e-15 9.03823e-9 0.05288471 0 1 0 -0.4883389 -9.03823e-9 0 1 0.3589508 0 0 0 1</matrix>
                <extra>
                  <technique profile="blender">
                    <layer sid="layer" type="string">0</layer>
                    <roll sid="roll" type="float">0</roll>
                    <tip_x sid="tip_x" type="float">0</tip_x>
                    <tip_y sid="tip_y" type="float">0</tip_y>
                    <tip_z sid="tip_z" type="float">0.1</tip_z>
                  </technique>
                </extra>
              </node>
              <node id="drapanai_hvy2_Skin_knee-r-bopttom" name="knee-r-bopttom" sid="knee-r-bopttom" type="JOINT">
                <matrix sid="transform">1 -4.26041e-15 2.04881e-8 -0.01414061 7.63241e-16 1 -3.72529e-8 -0.7370366 -2.04881e-8 3.72529e-8 1 -0.0376003 0 0 0 1</matrix>
                <node id="drapanai_hvy2_Skin_ankleright" name="ankleright" sid="ankleright" type="JOINT">
                  <matrix sid="transform">1 -2.79397e-8 8.9574e-7 -0.0131759 3.04306e-7 -0.9295402 -0.3687209 -1.118303 8.42927e-7 0.3687209 -0.9295413 -0.06275677 0 0 0 1</matrix>
                  <node id="drapanai_hvy2_Skin_foot_right01" name="foot right01" sid="foot_right01" type="JOINT">
                    <matrix sid="transform">1 7.55334e-7 3.37181e-5 1.78814e-7 -3.1357e-5 0.3889425 0.921262 0.2168391 -1.24185e-5 -0.9212621 0.3889425 -0.2809219 0 0 0 1</matrix>
                    <extra>
                      <technique profile="blender">
                        <layer sid="layer" type="string">0</layer>
                        <roll sid="roll" type="float">3.40203e-5</roll>
                        <tip_x sid="tip_x" type="float">0</tip_x>
                        <tip_y sid="tip_y" type="float">-0.09997612</tip_y>
                        <tip_z sid="tip_z" type="float">-0.002184927</tip_z>
                      </technique>
                    </extra>
                  </node>
                  <extra>
                    <technique profile="blender">
                      <layer sid="layer" type="string">0</layer>
                      <roll sid="roll" type="float">8.20666e-7</roll>
                      <tip_x sid="tip_x" type="float">0</tip_x>
                      <tip_y sid="tip_y" type="float">-0.03687202</tip_y>
                      <tip_z sid="tip_z" type="float">-0.09295403</tip_z>
                    </technique>
                  </extra>
                </node>
                <extra>
                  <technique profile="blender">
                    <layer sid="layer" type="string">0</layer>
                    <roll sid="roll" type="float">0</roll>
                    <tip_x sid="tip_x" type="float">0</tip_x>
                    <tip_y sid="tip_y" type="float">0</tip_y>
                    <tip_z sid="tip_z" type="float">0.1</tip_z>
                  </technique>
                </extra>
              </node>
              <extra>
                <technique profile="blender">
                  <layer sid="layer" type="string">0</layer>
                  <roll sid="roll" type="float">0</roll>
                  <tip_x sid="tip_x" type="float">0</tip_x>
                  <tip_y sid="tip_y" type="float">0</tip_y>
                  <tip_z sid="tip_z" type="float">0.1000001</tip_z>
                </technique>
              </extra>
            </node>
            <node id="drapanai_hvy2_Skin_lumbar" name="lumbar" sid="lumbar" type="JOINT">
              <matrix sid="transform">1 -3.57593e-15 4.81517e-9 0.004538175 0 1 3.72529e-8 0.189765 -4.81517e-9 -3.70044e-8 1 -0.05340067 0 0 0 1</matrix>
              <node id="drapanai_hvy2_Skin_rib" name="rib" sid="rib" type="JOINT">
                <matrix sid="transform">1 -3.86414e-15 4.31046e-9 -0.01278648 0 1 3.55271e-15 0.7050579 -4.31046e-9 2.48548e-10 1 0.1130517 0 0 0 1</matrix>
                <node id="drapanai_hvy2_Skin_scapula" name="scapula" sid="scapula" type="JOINT">
                  <matrix sid="transform">0.2298167 -0.9732339 -8.56688e-8 0.4182978 0.9732339 0.2298167 -5.02151e-8 0.2449713 6.85592e-8 -7.18355e-8 1 -4.3288e-8 0 0 0 1</matrix>
                  <node id="drapanai_hvy2_Skin_ulna" name="ulna" sid="ulna" type="JOINT">
                    <matrix sid="transform">0.9999999 -8.9407e-8 1.42109e-14 0.1237376 7.45058e-8 1 1.95399e-14 -0.5993568 -7.10543e-15 -1.77636e-14 1 -4.19173e-9 0 0 0 1</matrix>
                    <node id="drapanai_hvy2_Skin_carpal" name="carpal" sid="carpal" type="JOINT">
                      <matrix sid="transform">1 1.37091e-6 -5.03275e-9 0.1033101 -1.60933e-6 0.9999999 8.88178e-15 -0.5754043 5.03276e-9 -3.55271e-15 1 0.07377817 0 0 0 1</matrix>
                      <node id="drapanai_hvy2_Skin_ammo_node_1" name="ammo node 1" sid="ammo_node_1" type="JOINT">
                        <matrix sid="transform">1 -5.96017e-7 -3.48389e-5 0.1766818 -3.48091e-5 0.001921653 -0.9999982 0.2353453 6.6258e-7 0.9999982 0.001921654 -0.07377825 0 0 0 1</matrix>
                        <extra>
                          <technique profile="blender">
                            <layer sid="layer" type="string">0</layer>
                            <roll sid="roll" type="float">-2.265896</roll>
                            <tip_x sid="tip_x" type="float">-1.87039e-4</tip_x>
                            <tip_y sid="tip_y" type="float">-0.09999984</tip_y>
                            <tip_z sid="tip_z" type="float">4.41074e-5</tip_z>
                          </technique>
                        </extra>
                      </node>
                      <extra>
                        <technique profile="blender">
                          <layer sid="layer" type="string">0</layer>
                          <roll sid="roll" type="float">-1.338905</roll>
                          <tip_x sid="tip_x" type="float">-0.09732353</tip_x>
                          <tip_y sid="tip_y" type="float">0</tip_y>
                          <tip_z sid="tip_z" type="float">0.02298188</tip_z>
                        </technique>
                      </extra>
                    </node>
                    <extra>
                      <technique profile="blender">
                        <layer sid="layer" type="string">0</layer>
                        <roll sid="roll" type="float">-1.338907</roll>
                        <tip_x sid="tip_x" type="float">-0.09732329</tip_x>
                        <tip_y sid="tip_y" type="float">0</tip_y>
                        <tip_z sid="tip_z" type="float">0.02298164</tip_z>
                      </technique>
                    </extra>
                  </node>
                  <extra>
                    <technique profile="blender">
                      <layer sid="layer" type="string">0</layer>
                      <roll sid="roll" type="float">-1.338907</roll>
                      <tip_x sid="tip_x" type="float">-0.09732329</tip_x>
                      <tip_y sid="tip_y" type="float">0</tip_y>
                      <tip_z sid="tip_z" type="float">0.02298164</tip_z>
                    </technique>
                  </extra>
                </node>
                <node id="drapanai_hvy2_Skin_scapula01" name="scapula01" sid="scapula01" type="JOINT">
                  <matrix sid="transform">0.1954247 0.9807187 -6.29796e-8 -0.4432709 -0.9807187 0.1954247 5.98689e-8 0.2449713 7.10223e-8 5.00654e-8 1 -4.3288e-8 0 0 0 1</matrix>
                  <node id="drapanai_hvy2_Skin_ulna01" name="ulna01" sid="ulna01" type="JOINT">
                    <matrix sid="transform">0.9999999 0 -7.00501e-8 -0.1120017 0 0.9999999 -1.1921e-7 -0.5993568 7.00501e-8 1.1921e-7 1 -4.15565e-9 0 0 0 1</matrix>
                    <node id="drapanai_hvy2_Skin_smoke_node_1" name="smoke node 1" sid="smoke_node_1" type="JOINT">
                      <matrix sid="transform">0.9999995 4.46918e-7 9.31859e-4 -0.1116505 9.31889e-4 -0.006683467 -0.9999772 -0.7135485 5.78122e-6 0.9999776 -0.006683466 0.04844659 0 0 0 1</matrix>
                      <node id="drapanai_hvy2_Skin_ammo_node_0" name="ammo node 0" sid="ammo_node_0" type="JOINT">
                        <matrix sid="transform">0.9999995 9.57176e-4 6.47131e-6 0.002575874 -6.99656e-8 -0.006685969 0.9999776 1.569697 9.57265e-4 -0.9999771 -0.006685937 0.0445205 0 0 0 1</matrix>
                        <extra>
                          <technique profile="blender">
                            <layer sid="layer" type="string">0</layer>
                            <roll sid="roll" type="float">1.374132</roll>
                            <tip_x sid="tip_x" type="float">0.09855151</tip_x>
                            <tip_y sid="tip_y" type="float">1.19209e-7</tip_y>
                            <tip_z sid="tip_z" type="float">0.01963543</tip_z>
                          </technique>
                        </extra>
                      </node>
                      <extra>
                        <technique profile="blender">
                          <layer sid="layer" type="string">0</layer>
                          <roll sid="roll" type="float">1.37414</roll>
                          <tip_x sid="tip_x" type="float">-6.55532e-4</tip_x>
                          <tip_y sid="tip_y" type="float">-0.09999775</tip_y>
                          <tip_z sid="tip_z" type="float">-1.30653e-4</tip_z>
                        </technique>
                      </extra>
                    </node>
                    <extra>
                      <technique profile="blender">
                        <layer sid="layer" type="string">0</layer>
                        <roll sid="roll" type="float">1.374106</roll>
                        <tip_x sid="tip_x" type="float">0.09807175</tip_x>
                        <tip_y sid="tip_y" type="float">0</tip_y>
                        <tip_z sid="tip_z" type="float">0.01954245</tip_z>
                      </technique>
                    </extra>
                  </node>
                  <extra>
                    <technique profile="blender">
                      <layer sid="layer" type="string">0</layer>
                      <roll sid="roll" type="float">1.374106</roll>
                      <tip_x sid="tip_x" type="float">0.09807175</tip_x>
                      <tip_y sid="tip_y" type="float">0</tip_y>
                      <tip_z sid="tip_z" type="float">0.01954245</tip_z>
                    </technique>
                  </extra>
                </node>
                <node id="drapanai_hvy2_Skin_neck" name="neck" sid="neck" type="JOINT">
                  <matrix sid="transform">1 2.32827e-10 3.80593e-9 -0.01369714 2.26139e-16 1 -5.94176e-8 0.4694998 -3.80593e-9 5.94176e-8 1 -1.37032e-7 0 0 0 1</matrix>
                  <node id="drapanai_hvy2_Skin_skull" name="skull" sid="skull" type="JOINT">
                    <matrix sid="transform">1 -4.57607e-15 1.57439e-9 -0.007297663 0 1 2.33491e-10 0.4520023 -1.57439e-9 -2.33484e-10 1 7.10188e-8 0 0 0 1</matrix>
                    <node id="drapanai_hvy2_Skin_nogginbottom" name="nogginbottom" sid="nogginbottom" type="JOINT">
                      <matrix sid="transform">1 3.49245e-9 2.45821e-7 0.001799157 -1.37681e-8 0.9991255 0.04181381 0.08982563 -2.4546e-7 -0.04181381 0.9991254 0.2822085 0 0 0 1</matrix>
                      <extra>
                        <technique profile="blender">
                          <layer sid="layer" type="string">0</layer>
                          <roll sid="roll" type="float">3.15446e-7</roll>
                          <tip_x sid="tip_x" type="float">0</tip_x>
                          <tip_y sid="tip_y" type="float">0.004181385</tip_y>
                          <tip_z sid="tip_z" type="float">0.09991264</tip_z>
                        </technique>
                      </extra>
                    </node>
                    <node id="drapanai_hvy2_Skin_plumes" name="plumes" sid="plumes" type="JOINT">
                      <matrix sid="transform">1 2.3283e-9 4.80421e-7 -0.002369054 -1.24653e-8 0.9997773 0.02110134 0.1819341 -4.80265e-7 -0.02110134 0.9997773 0.1862074 0 0 0 1</matrix>
                      <extra>
                        <technique profile="blender">
                          <layer sid="layer" type="string">0</layer>
                          <roll sid="roll" type="float">5.50092e-7</roll>
                          <tip_x sid="tip_x" type="float">0</tip_x>
                          <tip_y sid="tip_y" type="float">0.002110123</tip_y>
                          <tip_z sid="tip_z" type="float">0.09997797</tip_z>
                        </technique>
                      </extra>
                    </node>
                    <node id="drapanai_hvy2_Skin_skulltop" name="skulltop" sid="skulltop" type="JOINT">
                      <matrix sid="transform">1 -4.76348e-15 4.68314e-9 -0.004168242 0 1 5.68434e-13 0.3702886 -4.68314e-9 -5.68434e-13 1 9.23706e-14 0 0 0 1</matrix>
                      <extra>
                        <technique profile="blender">
                          <layer sid="layer" type="string">0</layer>
                          <roll sid="roll" type="float">0</roll>
                          <tip_x sid="tip_x" type="float">0</tip_x>
                          <tip_y sid="tip_y" type="float">0</tip_y>
                          <tip_z sid="tip_z" type="float">0.1000003</tip_z>
                        </technique>
                      </extra>
                    </node>
                    <extra>
                      <technique profile="blender">
                        <layer sid="layer" type="string">0</layer>
                        <roll sid="roll" type="float">0</roll>
                        <tip_x sid="tip_x" type="float">0</tip_x>
                        <tip_y sid="tip_y" type="float">0</tip_y>
                        <tip_z sid="tip_z" type="float">0.1000001</tip_z>
                      </technique>
                    </extra>
                  </node>
                  <node id="drapanai_hvy2_Skin_smoke_node_0" name="smoke node 0" sid="smoke_node_0" type="JOINT">
                    <matrix sid="transform">0.9999998 -4.04548e-4 -4.26682e-4 0.006514964 -4.26682e-4 1.07102e-7 -0.9999999 0.0921874 4.04548e-4 0.9999999 -9.78536e-8 0.2430203 0 0 0 1</matrix>
                    <extra>
                      <technique profile="blender">
                        <layer sid="layer" type="string">0</layer>
                        <roll sid="roll" type="float">3.141166</roll>
                        <tip_x sid="tip_x" type="float">-4.04483e-5</tip_x>
                        <tip_y sid="tip_y" type="float">-0.1</tip_y>
                        <tip_z sid="tip_z" type="float">0</tip_z>
                      </technique>
                    </extra>
                  </node>
                  <extra>
                    <technique profile="blender">
                      <layer sid="layer" type="string">0</layer>
                      <roll sid="roll" type="float">0</roll>
                      <tip_x sid="tip_x" type="float">0</tip_x>
                      <tip_y sid="tip_y" type="float">0</tip_y>
                      <tip_z sid="tip_z" type="float">0.0999999</tip_z>
                    </technique>
                  </extra>
                </node>
                <node id="drapanai_hvy2_Skin_cloaktop" name="cloaktop" sid="cloaktop" type="JOINT">
                  <matrix sid="transform">1 2.32827e-10 8.62743e-9 0.009935169 2.57117e-15 1 -2.98023e-7 0.3512921 -8.62743e-9 2.98023e-7 1 -0.1981268 0 0 0 1</matrix>
                  <node id="drapanai_hvy2_Skin_cloak" name="cloak" sid="cloak" type="JOINT">
                    <matrix sid="transform">1 -7.20968e-15 1.42791e-10 0.004538157 0 1 2.98024e-7 -0.8590815 -1.42791e-10 -2.97775e-7 1 -0.2356978 0 0 0 1</matrix>
                    <node id="drapanai_hvy2_Skin_cloakbottom" name="cloakbottom" sid="cloakbottom" type="JOINT">
                      <matrix sid="transform">1 -7.21823e-15 0 -0.02733968 0 1 0 -0.8312194 0 2.47837e-10 1 -0.1177092 0 0 0 1</matrix>
                      <extra>
                        <technique profile="blender">
                          <layer sid="layer" type="string">0</layer>
                          <roll sid="roll" type="float">0</roll>
                          <tip_x sid="tip_x" type="float">0</tip_x>
                          <tip_y sid="tip_y" type="float">0</tip_y>
                          <tip_z sid="tip_z" type="float">0.1000001</tip_z>
                        </technique>
                      </extra>
                    </node>
                    <extra>
                      <technique profile="blender">
                        <layer sid="layer" type="string">0</layer>
                        <roll sid="roll" type="float">0</roll>
                        <tip_x sid="tip_x" type="float">0</tip_x>
                        <tip_y sid="tip_y" type="float">0</tip_y>
                        <tip_z sid="tip_z" type="float">0.0999999</tip_z>
                      </technique>
                    </extra>
                  </node>
                  <extra>
                    <technique profile="blender">
                      <layer sid="layer" type="string">0</layer>
                      <roll sid="roll" type="float">0</roll>
                      <tip_x sid="tip_x" type="float">0</tip_x>
                      <tip_y sid="tip_y" type="float">0</tip_y>
                      <tip_z sid="tip_z" type="float">0.1000001</tip_z>
                    </technique>
                  </extra>
                </node>
                <extra>
                  <technique profile="blender">
                    <layer sid="layer" type="string">0</layer>
                    <roll sid="roll" type="float">0</roll>
                    <tip_x sid="tip_x" type="float">0</tip_x>
                    <tip_y sid="tip_y" type="float">0</tip_y>
                    <tip_z sid="tip_z" type="float">0.1000001</tip_z>
                  </technique>
                </extra>
              </node>
              <extra>
                <technique profile="blender">
                  <layer sid="layer" type="string">0</layer>
                  <roll sid="roll" type="float">0</roll>
                  <tip_x sid="tip_x" type="float">0</tip_x>
                  <tip_y sid="tip_y" type="float">0</tip_y>
                  <tip_z sid="tip_z" type="float">0.0999999</tip_z>
                </technique>
              </extra>
            </node>
            <extra>
              <technique profile="blender">
                <layer sid="layer" type="string">0</layer>
                <roll sid="roll" type="float">0</roll>
                <tip_x sid="tip_x" type="float">0</tip_x>
                <tip_y sid="tip_y" type="float">0</tip_y>
                <tip_z sid="tip_z" type="float">0.0999999</tip_z>
              </technique>
            </extra>
          </node>
          <extra>
            <technique profile="blender">
              <layer sid="layer" type="string">0</layer>
              <roll sid="roll" type="float">0</roll>
              <tip_x sid="tip_x" type="float">0</tip_x>
              <tip_y sid="tip_y" type="float">0</tip_y>
              <tip_z sid="tip_z" type="float">0.0999999</tip_z>
            </technique>
          </extra>
        </node>
      </node>
      <node id="thegnoz_001" name="thegnoz_001" type="NODE">
        <translate sid="location">0 0 0</translate>
        <rotate sid="rotationZ">0 0 1 0</rotate>
        <rotate sid="rotationY">0 1 0 0</rotate>
        <rotate sid="rotationX">1 0 0 0</rotate>
        <scale sid="scale">1 1 1</scale>
        <instance_controller url="#drapanai_hvy2_Skin_thegnoz_001-skin">
          <skeleton>#drapanai_hvy2_Skin_root</skeleton>
          <bind_material>
            <technique_common>
              <instance_material symbol="tekeitos-material" target="#tekeitos-material"/>
            </technique_common>
          </bind_material>
        </instance_controller>
      </node>
    </visual_scene>
  </library_visual_scenes>
  <scene>
    <instance_visual_scene url="#Scene"/>
  </scene>
</COLLADA>