<?xml version="1.0" encoding="utf-8"?>
<COLLADA xmlns="http://www.collada.org/2005/11/COLLADASchema" version="1.4.1" xmlns:xsi="http://www.w3.org/2001/XMLSchema-instance">
  <asset>
    <contributor>
      <author>Blender User</author>
      <authoring_tool>Blender 2.79.0 commit date:2017-09-11, commit time:10:43, hash:5bd8ac9</authoring_tool>
    </contributor>
    <created>2019-02-03T08:57:07</created>
    <modified>2019-02-03T08:57:07</modified>
    <unit name="meter" meter="1"/>
    <up_axis>Z_UP</up_axis>
  </asset>
  <library_cameras>
    <camera id="Camera-camera" name="Camera">
      <optics>
        <technique_common>
          <perspective>
            <xfov sid="xfov">49.13434</xfov>
            <aspect_ratio>1.777778</aspect_ratio>
            <znear sid="znear">0.1</znear>
            <zfar sid="zfar">100</zfar>
          </perspective>
        </technique_common>
      </optics>
      <extra>
        <technique profile="blender">
          <shiftx sid="shiftx" type="float">0</shiftx>
          <shifty sid="shifty" type="float">0</shifty>
          <YF_dofdist sid="YF_dofdist" type="float">0</YF_dofdist>
        </technique>
      </extra>
    </camera>
  </library_cameras>
  <library_lights>
    <light id="LAMP_FRONT_PEACH-light" name="Lamp.002">
      <technique_common>
        <ambient>
          <color>1 1 1</color>
        </ambient>
      </technique_common>
      <extra>
        <technique profile="blender">
          <type sid="type" type="int">3</type>
          <flag sid="flag" type="int">0</flag>
          <mode sid="mode" type="int">8192</mode>
          <gamma sid="blender_gamma" type="float">1</gamma>
          <red sid="red" type="float">1</red>
          <green sid="green" type="float">1</green>
          <blue sid="blue" type="float">1</blue>
          <shadow_r sid="blender_shadow_r" type="float">0</shadow_r>
          <shadow_g sid="blender_shadow_g" type="float">0</shadow_g>
          <shadow_b sid="blender_shadow_b" type="float">0</shadow_b>
          <energy sid="blender_energy" type="float">1</energy>
          <dist sid="blender_dist" type="float">29.99998</dist>
          <spotsize sid="spotsize" type="float">75</spotsize>
          <spotblend sid="spotblend" type="float">0.15</spotblend>
          <halo_intensity sid="blnder_halo_intensity" type="float">1</halo_intensity>
          <att1 sid="att1" type="float">0</att1>
          <att2 sid="att2" type="float">1</att2>
          <falloff_type sid="falloff_type" type="int">2</falloff_type>
          <clipsta sid="clipsta" type="float">1.000799</clipsta>
          <clipend sid="clipend" type="float">30.002</clipend>
          <bias sid="bias" type="float">1</bias>
          <soft sid="soft" type="float">3</soft>
          <compressthresh sid="compressthresh" type="float">0.04999995</compressthresh>
          <bufsize sid="bufsize" type="int">2880</bufsize>
          <samp sid="samp" type="int">3</samp>
          <buffers sid="buffers" type="int">1</buffers>
          <filtertype sid="filtertype" type="int">0</filtertype>
          <bufflag sid="bufflag" type="int">0</bufflag>
          <buftype sid="buftype" type="int">2</buftype>
          <ray_samp sid="ray_samp" type="int">1</ray_samp>
          <ray_sampy sid="ray_sampy" type="int">1</ray_sampy>
          <ray_sampz sid="ray_sampz" type="int">1</ray_sampz>
          <ray_samp_type sid="ray_samp_type" type="int">0</ray_samp_type>
          <area_shape sid="area_shape" type="int">0</area_shape>
          <area_size sid="area_size" type="float">10000</area_size>
          <area_sizey sid="area_sizey" type="float">100</area_sizey>
          <area_sizez sid="area_sizez" type="float">1</area_sizez>
          <adapt_thresh sid="adapt_thresh" type="float">0.000999987</adapt_thresh>
          <ray_samp_method sid="ray_samp_method" type="int">1</ray_samp_method>
          <shadhalostep sid="shadhalostep" type="int">0</shadhalostep>
          <sun_effect_type sid="sun_effect_type" type="int">0</sun_effect_type>
          <skyblendtype sid="skyblendtype" type="int">1</skyblendtype>
          <horizon_brightness sid="horizon_brightness" type="float">1</horizon_brightness>
          <spread sid="spread" type="float">1</spread>
          <sun_brightness sid="sun_brightness" type="float">1</sun_brightness>
          <sun_size sid="sun_size" type="float">1</sun_size>
          <backscattered_light sid="backscattered_light" type="float">1</backscattered_light>
          <sun_intensity sid="sun_intensity" type="float">1</sun_intensity>
          <atm_turbidity sid="atm_turbidity" type="float">2</atm_turbidity>
          <atm_extinction_factor sid="atm_extinction_factor" type="float">1</atm_extinction_factor>
          <atm_distance_factor sid="atm_distance_factor" type="float">1</atm_distance_factor>
          <skyblendfac sid="skyblendfac" type="float">1</skyblendfac>
          <sky_exposure sid="sky_exposure" type="float">1</sky_exposure>
          <sky_colorspace sid="sky_colorspace" type="int">0</sky_colorspace>
        </technique>
      </extra>
    </light>
    <light id="Lamp_WEST-light" name="Lamp.003">
      <technique_common>
        <directional>
          <color sid="color">1 1 1</color>
        </directional>
      </technique_common>
      <extra>
        <technique profile="blender">
          <type sid="type" type="int">1</type>
          <flag sid="flag" type="int">0</flag>
          <mode sid="mode" type="int">8192</mode>
          <gamma sid="blender_gamma" type="float">1</gamma>
          <red sid="red" type="float">1</red>
          <green sid="green" type="float">1</green>
          <blue sid="blue" type="float">1</blue>
          <shadow_r sid="blender_shadow_r" type="float">0</shadow_r>
          <shadow_g sid="blender_shadow_g" type="float">0</shadow_g>
          <shadow_b sid="blender_shadow_b" type="float">0</shadow_b>
          <energy sid="blender_energy" type="float">1</energy>
          <dist sid="blender_dist" type="float">29.99998</dist>
          <spotsize sid="spotsize" type="float">75</spotsize>
          <spotblend sid="spotblend" type="float">0.15</spotblend>
          <halo_intensity sid="blnder_halo_intensity" type="float">1</halo_intensity>
          <att1 sid="att1" type="float">0</att1>
          <att2 sid="att2" type="float">1</att2>
          <falloff_type sid="falloff_type" type="int">2</falloff_type>
          <clipsta sid="clipsta" type="float">1.000799</clipsta>
          <clipend sid="clipend" type="float">30.002</clipend>
          <bias sid="bias" type="float">1</bias>
          <soft sid="soft" type="float">3</soft>
          <compressthresh sid="compressthresh" type="float">0.04999995</compressthresh>
          <bufsize sid="bufsize" type="int">2880</bufsize>
          <samp sid="samp" type="int">3</samp>
          <buffers sid="buffers" type="int">1</buffers>
          <filtertype sid="filtertype" type="int">0</filtertype>
          <bufflag sid="bufflag" type="int">0</bufflag>
          <buftype sid="buftype" type="int">2</buftype>
          <ray_samp sid="ray_samp" type="int">1</ray_samp>
          <ray_sampy sid="ray_sampy" type="int">1</ray_sampy>
          <ray_sampz sid="ray_sampz" type="int">1</ray_sampz>
          <ray_samp_type sid="ray_samp_type" type="int">0</ray_samp_type>
          <area_shape sid="area_shape" type="int">1</area_shape>
          <area_size sid="area_size" type="float">0.1</area_size>
          <area_sizey sid="area_sizey" type="float">0.1</area_sizey>
          <area_sizez sid="area_sizez" type="float">1</area_sizez>
          <adapt_thresh sid="adapt_thresh" type="float">0.000999987</adapt_thresh>
          <ray_samp_method sid="ray_samp_method" type="int">1</ray_samp_method>
          <shadhalostep sid="shadhalostep" type="int">0</shadhalostep>
          <sun_effect_type sid="sun_effect_type" type="int">0</sun_effect_type>
          <skyblendtype sid="skyblendtype" type="int">1</skyblendtype>
          <horizon_brightness sid="horizon_brightness" type="float">1</horizon_brightness>
          <spread sid="spread" type="float">1</spread>
          <sun_brightness sid="sun_brightness" type="float">1</sun_brightness>
          <sun_size sid="sun_size" type="float">1</sun_size>
          <backscattered_light sid="backscattered_light" type="float">1</backscattered_light>
          <sun_intensity sid="sun_intensity" type="float">1</sun_intensity>
          <atm_turbidity sid="atm_turbidity" type="float">2</atm_turbidity>
          <atm_extinction_factor sid="atm_extinction_factor" type="float">1</atm_extinction_factor>
          <atm_distance_factor sid="atm_distance_factor" type="float">1</atm_distance_factor>
          <skyblendfac sid="skyblendfac" type="float">1</skyblendfac>
          <sky_exposure sid="sky_exposure" type="float">1</sky_exposure>
          <sky_colorspace sid="sky_colorspace" type="int">0</sky_colorspace>
        </technique>
      </extra>
    </light>
    <light id="Lamp-light" name="Lamp">
      <technique_common>
        <point>
          <color sid="color">1 1 1</color>
          <constant_attenuation>1</constant_attenuation>
          <linear_attenuation>0</linear_attenuation>
          <quadratic_attenuation>0.00111109</quadratic_attenuation>
        </point>
      </technique_common>
      <extra>
        <technique profile="blender">
          <type sid="type" type="int">0</type>
          <flag sid="flag" type="int">0</flag>
          <mode sid="mode" type="int">8192</mode>
          <gamma sid="blender_gamma" type="float">1</gamma>
          <red sid="red" type="float">1</red>
          <green sid="green" type="float">1</green>
          <blue sid="blue" type="float">1</blue>
          <shadow_r sid="blender_shadow_r" type="float">0</shadow_r>
          <shadow_g sid="blender_shadow_g" type="float">0</shadow_g>
          <shadow_b sid="blender_shadow_b" type="float">0</shadow_b>
          <energy sid="blender_energy" type="float">1</energy>
          <dist sid="blender_dist" type="float">29.99998</dist>
          <spotsize sid="spotsize" type="float">75</spotsize>
          <spotblend sid="spotblend" type="float">0.15</spotblend>
          <halo_intensity sid="blnder_halo_intensity" type="float">1</halo_intensity>
          <att1 sid="att1" type="float">0</att1>
          <att2 sid="att2" type="float">1</att2>
          <falloff_type sid="falloff_type" type="int">2</falloff_type>
          <clipsta sid="clipsta" type="float">1.000799</clipsta>
          <clipend sid="clipend" type="float">30.002</clipend>
          <bias sid="bias" type="float">1</bias>
          <soft sid="soft" type="float">3</soft>
          <compressthresh sid="compressthresh" type="float">0.04999995</compressthresh>
          <bufsize sid="bufsize" type="int">2880</bufsize>
          <samp sid="samp" type="int">3</samp>
          <buffers sid="buffers" type="int">1</buffers>
          <filtertype sid="filtertype" type="int">0</filtertype>
          <bufflag sid="bufflag" type="int">0</bufflag>
          <buftype sid="buftype" type="int">2</buftype>
          <ray_samp sid="ray_samp" type="int">1</ray_samp>
          <ray_sampy sid="ray_sampy" type="int">1</ray_sampy>
          <ray_sampz sid="ray_sampz" type="int">1</ray_sampz>
          <ray_samp_type sid="ray_samp_type" type="int">0</ray_samp_type>
          <area_shape sid="area_shape" type="int">1</area_shape>
          <area_size sid="area_size" type="float">0.1</area_size>
          <area_sizey sid="area_sizey" type="float">0.1</area_sizey>
          <area_sizez sid="area_sizez" type="float">1</area_sizez>
          <adapt_thresh sid="adapt_thresh" type="float">0.000999987</adapt_thresh>
          <ray_samp_method sid="ray_samp_method" type="int">1</ray_samp_method>
          <shadhalostep sid="shadhalostep" type="int">0</shadhalostep>
          <sun_effect_type sid="sun_effect_type" type="int">0</sun_effect_type>
          <skyblendtype sid="skyblendtype" type="int">1</skyblendtype>
          <horizon_brightness sid="horizon_brightness" type="float">1</horizon_brightness>
          <spread sid="spread" type="float">1</spread>
          <sun_brightness sid="sun_brightness" type="float">1</sun_brightness>
          <sun_size sid="sun_size" type="float">1</sun_size>
          <backscattered_light sid="backscattered_light" type="float">1</backscattered_light>
          <sun_intensity sid="sun_intensity" type="float">1</sun_intensity>
          <atm_turbidity sid="atm_turbidity" type="float">2</atm_turbidity>
          <atm_extinction_factor sid="atm_extinction_factor" type="float">1</atm_extinction_factor>
          <atm_distance_factor sid="atm_distance_factor" type="float">1</atm_distance_factor>
          <skyblendfac sid="skyblendfac" type="float">1</skyblendfac>
          <sky_exposure sid="sky_exposure" type="float">1</sky_exposure>
          <sky_colorspace sid="sky_colorspace" type="int">0</sky_colorspace>
        </technique>
      </extra>
    </light>
  </library_lights>
  <library_images/>
  <library_effects>
    <effect id="spearman-suebi2_Mat_001-effect">
      <profile_COMMON>
        <technique sid="common">
          <phong>
            <emission>
              <color sid="emission">0 0 0 1</color>
            </emission>
            <ambient>
              <color sid="ambient">0 0 0 1</color>
            </ambient>
            <diffuse>
              <color sid="diffuse">0.64 0.64 0.64 1</color>
            </diffuse>
            <specular>
              <color sid="specular">0.5 0.5 0.5 1</color>
            </specular>
            <shininess>
              <float sid="shininess">50</float>
            </shininess>
            <index_of_refraction>
              <float sid="index_of_refraction">1</float>
            </index_of_refraction>
          </phong>
        </technique>
      </profile_COMMON>
    </effect>
    <effect id="spearman-sue_000-effect">
      <profile_COMMON>
        <technique sid="common">
          <phong>
            <emission>
              <color sid="emission">0 0 0 1</color>
            </emission>
            <ambient>
              <color sid="ambient">0 0 0 1</color>
            </ambient>
            <diffuse>
              <color sid="diffuse">0.64 0.64 0.64 1</color>
            </diffuse>
            <specular>
              <color sid="specular">0.5 0.5 0.5 1</color>
            </specular>
            <shininess>
              <float sid="shininess">50</float>
            </shininess>
            <index_of_refraction>
              <float sid="index_of_refraction">1</float>
            </index_of_refraction>
          </phong>
        </technique>
      </profile_COMMON>
    </effect>
  </library_effects>
  <library_materials>
    <material id="spearman-suebi2_Mat_001-material" name="spearman-suebi2_Mat_001">
      <instance_effect url="#spearman-suebi2_Mat_001-effect"/>
    </material>
    <material id="spearman-sue_000-material" name="spearman-sue_000">
      <instance_effect url="#spearman-sue_000-effect"/>
    </material>
  </library_materials>
  <library_geometries>
    <geometry id="jugunthiz_001-mesh" name="jugunthiz.001">
      <mesh>
        <source id="jugunthiz_001-mesh-positions">
          <float_array id="jugunthiz_001-mesh-positions-array" count="1857">-0.2226138 -0.02025055 3.800478 -0.2226138 -0.02025055 3.800478 -0.1926012 0.01837289 3.399909 0.2106864 -0.02025061 3.800481 0.2106864 -0.02025061 3.800481 0.1806805 0.01837295 3.399909 -0.1515491 -0.2802306 3.764945 -0.1515491 -0.2802306 3.764945 -0.1515491 -0.2802306 3.764945 -0.08763915 -0.2720103 3.373655 0.1350875 -0.2802305 3.764946 0.1350875 -0.2802305 3.764946 0.1350875 -0.2802305 3.764946 0.1350875 -0.2802305 3.764946 0.07117837 -0.2720104 3.373655 -0.001814007 0.19117 3.812852 -0.001814007 0.19117 3.812852 -0.1209459 0.1107024 3.744659 -0.01109743 0.2235763 3.68086 0.1340851 0.1107007 3.744663 0.1818665 0.02091974 3.399745 0.1268597 0.1618376 3.400484 -0.1075299 0.1628139 3.400196 -0.01871901 0.1860622 3.401947 -0.01871901 0.1860622 3.401947 -0.2122898 -0.1569282 3.789094 -0.2122898 -0.1569282 3.789094 -0.2122898 -0.1569282 3.789094 -0.1735332 -0.1988972 3.566344 -0.1735332 -0.1988972 3.566344 -0.1195942 -0.3148342 3.538518 -0.1474365 -0.1500623 3.344728 -0.2187114 -9.34038e-4 3.600194 0.2067585 -9.46352e-4 3.600195 0.1616063 -0.1988973 3.566347 0.1616063 -0.1988973 3.566347 0.1355221 -0.1504717 3.342085 0.1031329 -0.3148342 3.538519 0.2003624 -0.1569283 3.789096 0.2003624 -0.1569283 3.789096 0.2003624 -0.1569283 3.789096 -0.008228719 -0.2720229 3.373655 -0.008230686 -0.2802305 3.764945 -0.008230686 -0.2802305 3.764945 -0.1756178 -0.2304668 3.6368 0.1636909 -0.2304668 3.636802 0.1636909 -0.2304668 3.636802 -0.0011186 -0.3746699 3.569789 0.02160286 -0.3148536 3.538518 -0.001117169 -0.3236309 3.64314 -0.001350224 -0.3350107 3.540482 -0.01109743 0.2235763 3.68086 -0.01109743 0.2235763 3.68086 -0.01109743 0.2235763 3.68086 -0.1735332 -0.1988972 3.566344 -0.1756178 -0.2304668 3.6368 -0.1735332 -0.1988972 3.566344 -0.1756178 -0.2304668 3.6368 -0.1756178 -0.2304668 3.6368 -0.08763915 -0.2720103 3.373655 -0.2187114 -9.34038e-4 3.600194 -0.2187114 -9.34038e-4 3.600194 -0.2187114 -9.34038e-4 3.600194 -0.1926012 0.01837289 3.399909 -0.2187114 -9.34038e-4 3.600194 0.2067585 -9.46352e-4 3.600195 0.2067585 -9.46352e-4 3.600195 0.1806805 0.01837295 3.399909 0.2067585 -9.46352e-4 3.600195 0.2067585 -9.46352e-4 3.600195 0.07117837 -0.2720104 3.373655 0.1616063 -0.1988973 3.566347 0.1616063 -0.1988973 3.566347 0.1636909 -0.2304668 3.636802 0.07117837 -0.2720104 3.373655 -0.02384018 -0.3148537 3.538518 -0.02384018 -0.3148537 3.538518 0.02160286 -0.3148536 3.538518 0.02160286 -0.3148536 3.538518 -0.02384018 -0.3148537 3.538518 -0.02384018 -0.3148537 3.538518 -0.1074855 -0.2543681 3.852345 -0.1074855 -0.2543681 3.852345 -0.007644712 -0.2543681 3.852345 -0.007644712 -0.2543681 3.852345 0.09219592 -0.2543681 3.852346 0.09219592 -0.2543681 3.852346 0.09219592 -0.2543681 3.852346 0.09219592 -0.2543681 3.852346 -0.1724421 -0.07325661 3.877099 -0.1724421 -0.07325661 3.877099 -0.003174602 0.07402664 3.885719 -0.003174602 0.07402664 3.885719 0.1376688 -0.1684713 3.86917 0.1376688 -0.1684713 3.86917 0.1376688 -0.1684713 3.86917 0.1603112 -0.07325667 3.8771 0.1603112 -0.07325667 3.8771 -0.1497997 -0.1684712 3.869168 -0.1497997 -0.1684712 3.869168 -0.1497997 -0.1684712 3.869168 -0.04133427 -0.1927735 3.909317 -0.04133427 -0.1927735 3.909317 -0.006763637 -0.1927735 3.909317 -0.006763637 -0.1927735 3.909317 0.02780699 -0.1927735 3.909317 0.02780699 -0.1927735 3.909317 0.02780699 -0.1927735 3.909317 -0.06382608 -0.1300622 3.917888 -0.06382608 -0.1300622 3.917888 -0.06382608 -0.1300622 3.917888 -0.005215823 -0.07906419 3.920873 -0.005215823 -0.07906419 3.920873 -0.005215823 -0.07906419 3.920873 0.04355233 -0.1630311 3.915143 0.04355233 -0.1630311 3.915143 0.04355233 -0.1630311 3.915143 0.05139243 -0.1300622 3.917888 0.05139243 -0.1300622 3.917888 0.05139243 -0.1300622 3.917888 -0.05598592 -0.1630311 3.915142 -0.05598592 -0.1630311 3.915142 -0.05598592 -0.1630311 3.915142 -0.2826059 -0.1274816 3.615757 -0.1624088 -0.1136616 3.554164 -0.1624088 -0.1136616 3.554164 -0.2583435 -0.2069099 3.593593 -0.1788308 -0.197768 3.552848 -0.1788308 -0.197768 3.552848 -0.2275019 -0.0543285 3.589739 -0.2762702 -0.169958 3.60991 -0.1618009 -0.1567965 3.551251 -0.2185871 -0.2023393 3.573221 -0.2447555 -0.2338345 3.805206 -0.2447555 -0.2338345 3.805206 -0.2271907 -0.2296788 3.791807 -0.2271907 -0.2296788 3.791807 -0.2096262 -0.2255231 3.778409 -0.2096262 -0.2255231 3.778409 -0.258193 -0.1978334 3.813876 -0.258193 -0.1978334 3.813876 -0.2311296 -0.1590502 3.788325 -0.2021023 -0.2053886 3.773518 -0.1996528 -0.1839826 3.76922 -0.1996528 -0.1839826 3.76922 -0.2526754 -0.2173548 3.812098 -0.2526754 -0.2173548 3.812098 -0.08882999 -0.1904253 3.939519 -0.06297129 -0.206948 3.898135 -0.03711324 -0.2234711 3.85675 -0.1057385 -0.0920909 3.931423 -0.1057385 -0.0920909 3.931423 -0.06705564 -0.0507251 3.830338 -0.06705564 -0.0507251 3.830338 -0.08226901 -0.1742994 3.822371 -0.07869631 -0.132817 3.793495 -0.07869631 -0.132817 3.793495 -0.0975812 -0.1410672 3.941528 -0.02094858 -0.1639582 3.936926 -0.00677812 -0.1730125 3.914248 0.007392346 -0.1820668 3.89157 -0.03021478 -0.1100713 3.932489 -0.009016871 -0.08740293 3.877096 0.01505625 -0.1629799 3.87273 0.01701384 -0.140248 3.856906 -0.02574425 -0.1369099 3.938028 2.070142 0.001597762 3.036582 2.070142 0.001597762 3.036582 0.7866833 0.001597881 3.352648 0.7866833 0.001597881 3.352648 1.408452 0.001597762 3.325574 1.408452 0.001597762 3.325574 1.861424 -0.9793605 3.1915 0.9496582 -0.9844213 3.419542 1.432463 -0.2792171 3.3541 0.8222716 -0.7007257 3.36169 1.149636 0.001597821 3.352613 1.149636 0.001597821 3.352613 1.293535 0.001597821 3.312664 1.629774 0.001597762 3.228266 1.744225 0.001597762 3.198034 1.744225 0.001597762 3.198034 1.960283 -0.681506 3.047939 1.959166 -0.6839665 3.048362 1.35985 -1.143379 3.288698 1.861424 0.9825561 3.1915 0.9496584 0.9876168 3.419543 1.432463 0.2824127 3.3541 0.8222716 0.7039214 3.36169 1.960283 0.6847015 3.047939 1.959166 0.6871619 3.048362 1.35985 1.146574 3.288699 2.078409 0.001597702 3.058303 2.078409 0.001597702 3.058303 2.078409 0.001597702 3.058303 0.7949507 0.001597881 3.374369 0.7949507 0.001597881 3.374369 1.416719 0.001597762 3.347295 1.416719 0.001597762 3.347295 1.416719 0.001597762 3.347295 1.416719 0.001597762 3.347295 1.416719 0.001597762 3.347295 1.869691 -0.9793605 3.213221 0.9579256 -0.9844213 3.441263 1.44073 -0.2792171 3.375821 1.44073 -0.2792171 3.375821 0.830539 -0.7007257 3.383411 1.157903 0.001597821 3.374334 1.157903 0.001597821 3.374334 1.157903 0.001597821 3.374334 1.301802 0.001597821 3.334385 1.638041 0.001597762 3.249987 1.752492 0.001597762 3.219755 1.752492 0.001597762 3.219755 1.752492 0.001597762 3.219755 1.752492 0.001597762 3.219755 1.96855 -0.681506 3.06966 1.96855 -0.681506 3.06966 1.967433 -0.6839665 3.070083 1.967433 -0.6839665 3.070083 1.367364 -1.143379 3.310648 1.367364 -1.143379 3.310648 1.869691 0.9825561 3.213221 0.9579258 0.9876168 3.441263 1.44073 0.2824127 3.375821 1.44073 0.2824127 3.375821 0.830539 0.7039214 3.383411 1.96855 0.6847015 3.06966 1.96855 0.6847015 3.06966 1.967433 0.6871619 3.070083 1.967433 0.6871619 3.070083 1.367364 1.146574 3.310649 1.367364 1.146574 3.310649 -0.4065696 -0.1895678 2.896702 -0.3949369 0.302518 2.905423 0.3779656 -0.1960439 2.893871 0.3653438 0.2998411 2.913104 0.3653438 0.2998411 2.913104 0.5114884 0.1230346 3.306564 0.5114884 0.1230346 3.306564 1.05496 0.1978641 3.112756 1.015431 0.02869606 3.016608 1.09411 0.01714628 3.268781 1.057922 -0.1401687 3.108215 1.015431 0.02869606 3.016608 1.09411 0.01714628 3.268781 0.5040712 -0.04742103 3.282132 -1.065531 0.02859675 3.010001 -1.101154 0.1971798 3.107309 -1.133985 0.01708716 3.264227 -1.104299 -0.1396837 3.102905 -1.065531 0.02859675 3.010001 -1.133985 0.01708716 3.264227 -0.5347726 -0.04727512 3.27001 -0.5412016 0.1226562 3.294643 -0.5412016 0.1226562 3.294643 -0.4328519 0.3267753 2.2512 0.4272251 0.3267809 2.250339 -0.4284363 -0.3160721 2.242294 0.4228161 -0.316067 2.241434 -0.4328519 0.3267753 2.2512 0.4272251 0.3267809 2.250339 -0.4284363 -0.3160721 2.242294 0.4228161 -0.316067 2.241434 -0.008786916 -0.3740612 1.800328 -0.4284363 -0.3160721 2.242294 -0.4284363 -0.3160721 2.242294 0.4228161 -0.316067 2.241434 0.4272251 0.3267809 2.250339 -0.4284363 -0.3160721 2.242294 -0.4328519 0.3267753 2.2512 0.4272251 0.3267809 2.250339 -0.4284363 -0.3160721 2.242294 -0.4328519 0.3267753 2.2512 0.4272251 0.3267809 2.250339 0.4228161 -0.316067 2.241434 -0.008786618 -0.3740704 1.800328 0.001017034 0.1281811 3.399352 -0.3949369 0.302518 2.905423 -0.424343 0.02788597 3.317877 -0.4065696 -0.1895678 2.896702 -0.4065696 -0.1895678 2.896702 9.19615e-4 -0.1549525 3.37659 0.3653438 0.2998411 2.913105 0.3779656 -0.1960439 2.893871 0.5114882 0.1230346 3.306564 0.3992865 0.02788615 3.317877 -0.02243888 -0.3679627 2.895315 -0.02243888 -0.3679627 2.895315 -0.5150049 0.1183338 3.184295 -0.2170963 0.1631294 3.219925 0.206888 0.1640561 3.21764 0.4871316 0.122612 3.180209 -0.3400002 0.196646 3.212922 -0.4100001 0.1446372 3.189251 0.4100002 0.1446369 3.189251 0.3400002 0.196637 3.212922 -8.93767e-4 0.2426614 3.281688 -0.3400002 0.196646 3.212922 -0.4100001 0.1446372 3.189251 0.4100002 0.1446369 3.189251 0.3400002 0.196637 3.212922 -8.93767e-4 0.2426614 3.281688 -0.424343 0.02788597 3.317877 9.19615e-4 -0.1549525 3.37659 -0.424343 0.02788597 3.317877 -0.4065696 -0.1895678 2.896702 -0.5150049 0.1183338 3.184295 -0.424343 0.02788597 3.317877 -0.3949369 0.302518 2.905423 -0.4065696 -0.1895678 2.896702 -0.3949369 0.302518 2.905423 0.3653438 0.2998411 2.913105 -0.4065696 -0.1895678 2.896702 -0.3949369 0.302518 2.905423 0.3779656 -0.1960439 2.893871 0.3653438 0.2998411 2.913105 0.3992865 0.02788615 3.317877 0.3779656 -0.1960439 2.893871 0.3779656 -0.1960439 2.893871 0.3992865 0.02788615 3.317877 0.4871316 0.122612 3.180209 -0.5150049 0.1183338 3.184295 -0.2170963 0.1631294 3.219925 0.001017034 0.1281811 3.399352 -0.424343 0.02788597 3.317877 0.206888 0.1640561 3.21764 0.4871316 0.122612 3.180209 0.3992865 0.02788615 3.317877 -8.93767e-4 0.2426614 3.281688 -8.93767e-4 0.2426614 3.281688 1.05496 0.1978641 3.112756 1.015431 0.02869606 3.016608 1.09411 0.01714628 3.268781 1.057922 -0.1401687 3.108215 0.504071 -0.04742103 3.282132 1.015431 0.02869606 3.016608 1.09411 0.01714628 3.268781 1.568971 0.09795004 2.966672 1.626896 0.01647073 3.134254 1.585392 -0.1209571 2.99923 1.824306 0.1168664 3.052486 1.829848 -0.1231874 3.109219 1.781476 -0.1246852 2.921069 1.782407 0.09826648 2.920184 1.568971 0.09795004 2.966672 1.626896 0.01647073 3.134254 1.626896 0.01647073 3.134254 1.568971 0.09795004 2.966672 1.585392 -0.1209571 2.99923 1.824306 0.1168664 3.052486 1.568971 0.09795004 2.966672 1.626896 0.01647073 3.134254 1.829848 -0.1231874 3.109219 1.782407 0.09826648 2.920184 -0.5347729 -0.04727512 3.27001 -1.065531 0.02859675 3.010001 -1.101155 0.1971798 3.107309 -1.133985 0.01708716 3.264227 -1.104299 -0.1396837 3.102905 -0.5412021 0.1226562 3.294643 -1.065531 0.02859675 3.010001 -1.065531 0.02859675 3.010001 -1.133985 0.01708716 3.264227 -0.5412021 0.1226562 3.294643 -1.603322 0.09796029 2.981671 -1.654499 0.01647281 3.151453 -1.618428 -0.1209691 3.014863 -1.855021 0.1168783 3.077638 -1.818445 0.09827679 2.943753 -1.81748 -0.1246975 2.944599 -1.85829 -0.1231992 3.134552 -1.603322 0.09796029 2.981671 -1.654499 0.01647281 3.151453 -1.654499 0.01647281 3.151453 -1.603322 0.09796029 2.981671 -1.618428 -0.1209691 3.014863 -1.855021 0.1168783 3.077638 -1.603322 0.09796029 2.981671 -1.654499 0.01647281 3.151453 -1.85829 -0.1231992 3.134552 -1.818445 0.09827679 2.943753 -0.5139557 0.5979102 3.2401 -0.5139557 0.5979102 3.2401 -0.5684792 0.5841351 3.206221 -0.5684792 0.5841351 3.206221 0.5658836 0.5970407 3.235055 0.5658836 0.5970407 3.235055 0.5147762 0.6082959 3.262911 0.5147762 0.6082959 3.262911 -6.11707e-4 0.652319 3.372966 -6.11707e-4 0.652319 3.372966 -0.5139557 0.5979102 3.2401 -0.5139557 0.5979102 3.2401 -0.5684792 0.5841351 3.206221 -0.5684792 0.5841351 3.206221 0.5658836 0.5970407 3.235055 0.5658836 0.5970407 3.235055 0.5147762 0.6082959 3.262911 0.5147762 0.6082959 3.262911 -6.11707e-4 0.652319 3.372966 -6.11707e-4 0.652319 3.372966 -6.11707e-4 0.652319 3.372966 -6.11707e-4 0.652319 3.372966 -6.11707e-4 0.652319 3.372966 -6.11707e-4 0.652319 3.372966 -0.3036172 0.9254149 3.273291 0.3186526 0.9254153 3.273292 0.007655501 1.052002 3.256404 -0.4048101 0.7780347 3.24252 -0.4048101 0.7780347 3.24252 -0.384535 0.7822001 3.252736 -0.384535 0.7822001 3.252736 0.4114121 0.7869859 3.263848 0.4114121 0.7869859 3.263848 0.3943393 0.7895696 3.270201 0.3943393 0.7895696 3.270201 0.009729444 0.8276687 3.331653 0.009729444 0.8276687 3.331653 -0.3036172 0.9254149 3.273291 0.3186526 0.9254153 3.273292 0.007655501 1.052002 3.256404 -0.4048101 0.7780347 3.24252 -0.4048101 0.7780347 3.24252 -0.384535 0.7822001 3.252736 -0.384535 0.7822001 3.252736 0.4114121 0.7869859 3.263848 0.4114121 0.7869859 3.263848 0.3943393 0.7895696 3.270201 0.3943393 0.7895696 3.270201 0.009729444 0.8276687 3.331653 0.009729444 0.8276687 3.331653 0.009729444 0.8276687 3.331653 0.009729444 0.8276687 3.331653 0.007655501 1.052002 3.256404 0.009729444 0.8276687 3.331653 0.009729444 0.8276687 3.331653 0.007655501 1.052002 3.256404 0.4842814 -0.1051475 2.032034 0.2180587 -0.3729044 2.032004 0.336865 -0.3915721 1.640207 0.5711487 -0.124033 1.641498 -0.01517754 -0.3672519 1.640127 -0.01517754 -0.3672519 1.640127 0.4842814 -0.1051475 2.032034 0.2180587 -0.3729044 2.032004 0.336865 -0.3915721 1.640207 0.336865 -0.3915721 1.640207 0.5711487 -0.124033 1.641498 0.5711487 -0.124033 1.641498 -0.01517754 -0.3672519 1.640127 0.4476837 0.02253603 1.282074 0.04524976 0.02221733 1.262254 0.3943449 0.161774 1.714699 -0.0145027 0.1614313 1.699659 0.236785 -0.193446 1.47589 0.2327533 -0.1703389 1.693043 0.2180587 -0.3729044 2.032004 0.4842814 -0.1051475 2.032034 0.4842814 -0.1051475 2.032034 0.2180587 -0.3729044 2.032004 0.336865 -0.3915721 1.640207 0.336865 -0.3915721 1.640207 0.5711487 -0.124033 1.641498 0.4842814 -0.1051475 2.032034 0.4842814 -0.1051475 2.032034 0.5711487 -0.124033 1.641498 0.5711487 -0.124033 1.641498 0.236785 -0.193446 1.47589 0.2327533 -0.1703389 1.693043 0.3943449 0.161774 1.714699 0.3743781 0.2437953 0.002051591 0.1368584 0.2421757 0.002054512 0.2525087 -0.01224297 0.2271173 0.2525087 -0.01224297 0.2271173 0.3743781 0.2437953 0.002051591 0.2525087 -0.01224297 0.2271173 0.248162 0.1839493 1.197021 -0.03652518 0.209053 1.707044 0.2397299 -0.1586631 1.032267 0.248162 0.1839493 1.197021 0.2397299 -0.1586631 1.032267 0.4412871 -0.3168617 0.006905794 0.1406267 -0.348581 0.006905555 0.1406267 -0.348581 0.006905555 0.4412871 -0.3168617 0.006905794 0.4412871 -0.3168617 0.006905794 0.1858796 0.4819248 1.932217 0.5603863 0.3506218 1.990111 0.3110939 0.4192278 1.476212 0.6321904 0.3272377 1.513604 0.1858796 0.4819248 1.932217 0.5603863 0.3506218 1.990111 0.3110939 0.4192278 1.476212 0.3110939 0.4192278 1.476212 0.6321904 0.3272377 1.513604 0.6321904 0.3272377 1.513604 0.5603863 0.3506218 1.990111 0.1858796 0.4819248 1.932217 0.5603863 0.3506218 1.990111 0.6321904 0.3272377 1.513604 0.6321904 0.3272377 1.513604 0.3110939 0.4192278 1.476212 0.3110939 0.4192278 1.476212 0.5603863 0.3506218 1.990111 0.6321904 0.3272377 1.513604 -0.4841546 -0.1051524 2.031961 -0.2206481 -0.3729054 2.031982 -0.5561358 -0.1240383 1.641425 -0.5561358 -0.1240383 1.641425 -0.3251973 -0.3921343 1.640117 -0.3251973 -0.3921343 1.640117 -0.01517754 -0.3672519 1.640127 -0.01517754 -0.3672519 1.640127 -0.4841546 -0.1051524 2.031961 -0.2206481 -0.3729054 2.031982 -0.5561358 -0.1240383 1.641425 -0.3251973 -0.3921343 1.640117 -0.01517754 -0.3672519 1.640127 -0.4256047 0.02405607 1.277874 -0.04064673 0.02372139 1.258081 -0.3943767 0.1711317 1.714586 -0.2121686 -0.2053731 1.471689 -0.2307813 -0.181659 1.692932 -0.2206481 -0.3729054 2.031982 -0.4841546 -0.1051524 2.031961 -0.2206481 -0.3729054 2.031982 -0.4841546 -0.1051524 2.031961 -0.3251973 -0.3921343 1.640117 -0.3251973 -0.3921343 1.640117 -0.5561358 -0.1240383 1.641425 -0.4841546 -0.1051524 2.031961 -0.4841546 -0.1051524 2.031961 -0.5561358 -0.1240383 1.641425 -0.5561358 -0.1240383 1.641425 -0.2121686 -0.2053731 1.471689 -0.2307813 -0.181659 1.692932 -0.3943767 0.1711317 1.714586 -0.3744874 0.2549075 7.87974e-6 -0.1339394 0.2531742 1.09315e-5 -0.2510623 -0.01371753 0.2250734 -0.2510623 -0.01371753 0.2250734 -0.3744874 0.2549075 7.87974e-6 -0.2510623 -0.01371753 0.2250734 -0.2360191 0.1953638 1.191906 -0.2274532 -0.1685854 1.027151 -0.2360191 0.1953638 1.191906 -0.2274532 -0.1685854 1.027151 -0.4327066 -0.3374646 0.004416882 -0.1282126 -0.3711563 0.004417061 -0.1282126 -0.3711563 0.004417061 -0.4327066 -0.3374646 0.004416882 -0.4327066 -0.3374646 0.004416882 -0.1378217 0.4426048 1.506628 -0.5483823 0.3506144 1.989395 -0.2764195 0.4192203 1.475497 -0.2764195 0.4192203 1.475497 -0.6008293 0.3272274 1.51289 -0.1378217 0.4426048 1.506628 -0.1378217 0.4426048 1.506628 -0.1378217 0.4426048 1.506628 -0.5483823 0.3506144 1.989395 -0.2764195 0.4192203 1.475497 -0.2764195 0.4192203 1.475497 -0.6008293 0.3272274 1.51289 -0.6008293 0.3272274 1.51289 -0.5483823 0.3506144 1.989395 -0.5483823 0.3506144 1.989395 -0.6008293 0.3272274 1.51289 -0.6008293 0.3272274 1.51289 -0.5483823 0.3506144 1.989395 -0.6008293 0.3272274 1.51289 -0.02706968 -0.3901213 1.160844 0.348826 -0.3952703 1.160856 0.5992245 -0.1093291 1.162235 0.348826 -0.3952703 1.160856 0.5992245 -0.1093291 1.162235 0.3212823 0.4622091 1.162488 0.6650221 0.3729814 1.131688 0.6650221 0.3729814 1.131688 0.3212823 0.4622091 1.162488 -0.605598 -0.1093347 1.162157 -0.3587749 -0.3958712 1.16076 -0.02779257 -0.338134 1.160696 -0.3587749 -0.3958712 1.16076 -0.605598 -0.1093347 1.162157 -0.3066421 0.4622011 1.161723 -0.1585111 0.4871941 1.194995 -0.1585111 0.4871941 1.194995 -0.3066421 0.4622011 1.161723 -0.6528082 0.3729704 1.130925 -0.6528082 0.3729704 1.130925 -1.697277 -2.71076 3.042298 -1.659573 -2.710224 2.89835 -1.796185 -2.711302 2.933946 -1.674316 -2.314934 3.052222 -1.63652 -2.314398 2.908298 -1.827754 -2.315477 2.92967 -1.70827 -2.189203 3.047722 -1.670566 -2.188666 2.903774 -1.807178 -2.189743 2.939371 -1.713392 1.79483 3.050313 -1.675689 1.795367 2.906364 -1.8123 1.79429 2.941961 -1.739596 -3.023218 2.948917 -1.739893 -3.023222 2.950048 -1.740669 -3.023226 2.949197 -1.659573 -2.710224 2.89835 -1.63652 -2.314398 2.908298 -1.796185 -2.711302 2.933946 -1.827754 -2.315477 2.92967 -1.670566 -2.188666 2.903774 -1.807178 -2.189743 2.939371 -1.670566 -2.188666 2.903774 -1.70827 -2.189203 3.047722 -1.807178 -2.189743 2.939371 -1.739893 -3.023222 2.950048 -1.739596 -3.023218 2.948917 -1.740669 -3.023226 2.949197</float_array>
          <technique_common>
            <accessor source="#jugunthiz_001-mesh-positions-array" count="619" stride="3">
              <param name="X" type="float"/>
              <param name="Y" type="float"/>
              <param name="Z" type="float"/>
            </accessor>
          </technique_common>
        </source>
        <source id="jugunthiz_001-mesh-normals">
          <float_array id="jugunthiz_001-mesh-normals-array" count="1404">-0.6309012 0.7420481 0.2265579 -0.6551567 0.6630213 0.3621775 0.5611295 0.8121316 0.1599253 0.6129056 0.5849478 0.5312091 0.9310543 0.3632531 0.03442519 0.8883463 -0.399157 0.2269683 0.8073267 0.5881177 -0.04838776 0.8565369 0.5150399 0.03284341 -0.8598768 0.5065661 -0.06326657 -0.8021154 0.5957026 0.0418244 -0.7746089 0.6290912 0.06500214 0.5802685 0.807265 0.1077587 0.1612939 0.9775071 -0.1358832 -0.6907448 0.7184583 0.08178824 -0.2490756 0.9607169 -0.122411 -0.9852386 -0.06110191 -0.1599112 -0.9673254 -0.2194622 -0.1269566 -0.8969079 -0.3535167 -0.2656733 -0.9063578 -0.3749195 -0.1948099 0.8291054 -0.5581928 -0.03170216 -0.8588085 -0.4696566 -0.2046229 -0.9756161 -0.2158407 -0.03982609 -0.9664259 -0.2111957 -0.146347 0 0 1 0.9686332 -0.1944974 -0.1546623 0.9756401 -0.2157135 -0.03992503 0.8417943 -0.499078 -0.2056785 0.9670311 -0.2086257 -0.1460345 0.8841523 -0.3810362 -0.2703449 0.8927071 -0.4007962 -0.2060014 0.9852389 -0.06110125 -0.1599096 0.9673264 -0.2194582 -0.1269556 1.52031e-4 -0.9678736 -0.2514377 2.32088e-4 -0.9678602 -0.2514888 0.6146714 -0.7292283 -0.3006746 0 -0.988523 0.1510706 -2.00474e-4 -0.9885082 0.1511675 -0.6340032 -0.7317566 -0.2501445 -1.54228e-4 -0.9678668 -0.2514635 -1.95511e-4 -0.9678712 -0.2514466 -9.07834e-7 -0.9885231 0.1510704 0.9264792 -0.3341411 0.1731649 2.34585e-4 -0.9885057 0.151184 0.9469676 -0.2637689 0.1835173 -0.9469659 -0.2637553 0.1835452 0.4115014 -0.5401091 -0.7341314 -0.4209895 -0.5406724 -0.7283139 -0.9683505 -0.1941786 -0.1568185 -0.853792 -0.5189832 -0.04117959 -0.8972835 -0.4414455 -0.0029006 0.8825303 -0.4700334 0.01445829 -0.8394587 -0.5255484 0.1382326 0.8630214 -0.1063244 0.4938514 0.781598 -0.2340291 0.578217 0.3900644 -0.3715135 0.8425127 0.3900451 -0.3715206 0.8425184 0.7229759 -0.4800475 0.4968503 0.722972 -0.4800501 0.4968535 -0.7911964 -0.1098714 0.6016119 -0.880001 -0.2432482 0.4079566 -0.7312657 -0.4590439 0.5045089 -0.7312663 -0.4590435 0.5045084 0 -0.9588996 0.2837461 -1.63747e-6 -0.9588994 0.2837464 -0.5207821 0.5035457 0.6893677 -0.4517599 0.4749912 0.7551798 0.495428 0.4546503 0.740165 0.5039706 0.5190073 0.690395 -2.28145e-6 -0.9588991 0.2837473 -1.63747e-6 -0.9588993 0.2837468 0.01778107 -0.0787844 0.9967331 0 -0.1921977 0.9813562 0 -0.1922205 0.9813518 -0.01831209 -0.07865869 0.9967334 0.05608993 -0.1017024 0.9932324 -0.05579596 -0.1001967 0.993402 -0.393711 -0.3596347 0.8459638 -0.3937123 -0.3596302 0.845965 -0.2398403 0.2203071 0.9454847 -0.2398641 0.2203074 0.9454787 -7.11537e-6 -0.6790182 0.7341215 0 -0.6790214 0.7341185 0.2427012 0.2140377 0.9461945 0.2427066 0.214034 0.9461939 -0.4250488 -0.1750472 0.8880833 -0.4250686 -0.1750438 0.8880745 0.4239599 -0.174839 0.8886446 0.4239725 -0.1748325 0.88864 0 -0.6790183 0.7341214 0 -0.6790183 0.7341214 0.9852029 0.002314031 0.1713768 0.9837142 -0.08027833 0.1608161 0.4308841 -0.3618293 -0.8266914 0.4031977 -0.245996 -0.8814294 0.9212992 -0.3796629 0.08404761 0.9399232 -0.3299214 0.08772909 -0.9844278 -0.1575654 0.0779438 -0.9615743 -0.2737186 0.02129107 -0.8993428 -0.4372394 0.002115845 -0.90077 -0.4342842 0.003313243 0.05146586 -0.9912014 -0.1219481 0.1306867 -0.9824095 -0.1333889 -0.7014614 0.6399625 0.3136876 -0.6466473 0.6795324 0.3465299 0.7280532 0.6007977 0.3301225 0.7008693 0.6331834 0.328422 0.0553773 -0.9918799 -0.1144891 0.1430499 -0.9827416 -0.1172849 0.6908897 0.2122091 -0.6911142 0.5013814 0.5131398 -0.6966379 -0.4680766 -0.5228888 0.7123845 -0.5938752 -0.1375546 0.7927113 -0.6857518 0.6683654 0.2881529 -0.5677892 0.8149307 0.1162046 0.1800593 -0.9812808 -0.06831306 -0.03987848 -0.9363098 0.3489035 -0.116333 0.5073752 -0.8538367 0.01052165 0.4081953 -0.9128341 -0.554564 -0.229588 0.7998427 -0.6329132 0.05394047 0.7723416 0.2804722 -0.2197017 -0.9343804 0.4340853 -0.5395624 -0.721417 0.0937407 -0.9790458 -0.1807822 -0.08054119 -0.9420107 0.3257746 0.8722316 0.2339295 0.429522 0.8635314 0.1332966 0.4863595 0.863532 0.1333175 0.4863528 0.8541347 0.2455711 0.4584197 0.8911918 0.1999997 0.4071575 0.8349928 0.2372887 0.4964689 0.03562217 0.207629 0.9775589 0.03564244 0.2076737 0.9775486 0.4356439 -0.5392203 -0.7207329 0.4356383 -0.5392386 -0.7207227 0.327521 -0.7890908 0.5196787 0.327517 -0.7890858 0.5196889 0.4684507 -0.1752406 -0.8659357 0.7622503 -0.5832108 -0.280784 0.05048155 -0.03167319 0.9982227 0.05046612 -0.03170198 0.9982225 0.2025646 0.8767116 0.4362847 0.2025532 0.8767122 0.4362891 0.3275132 -0.7890866 0.5196897 0.3275162 -0.7890813 0.5196959 0 -1 0 -1.20513e-7 -1 0 -0.5304191 -0.1304431 -0.8376397 -0.4431905 0.05640143 -0.8946514 -0.1038427 0.03555554 -0.9939581 0.1166746 -0.1478834 -0.9820986 0.01135081 -0.1000961 -0.9949131 -0.2183158 0.09187263 -0.971544 -9.35228e-5 -0.01287883 -0.9999172 -1.22227e-7 -1 0 0 -1 0 -0.3548551 -0.03617304 -0.9342213 -0.7345424 -0.08327364 -0.6734338 -0.4526877 0.05247747 -0.8901236 -0.2688683 0.0951308 -0.9584676 -0.5304194 0.1304434 -0.8376394 -0.4431906 -0.05640089 -0.8946514 -0.1038376 -0.03555524 -0.9939586 0.1166746 0.1478833 -0.9820986 0.01134765 0.1000962 -0.9949131 -0.2183137 -0.09187239 -0.9715445 -9.72637e-5 0.01287919 -0.9999172 -0.3548527 0.03617346 -0.9342222 -0.7345439 0.08327347 -0.6734322 0.4524624 0.05250817 0.8902364 -0.2688695 -0.09513056 -0.9584673 0 1 0 0 1 0 0.5304213 0.1304425 0.8376384 0.4431909 -0.05640107 0.8946512 0.1038403 -0.03555405 0.9939584 -0.1166747 0.1478823 0.9820987 -0.0113461 0.1000953 0.9949132 0.2184083 -0.09181243 0.9715288 9.53933e-5 0.01287925 0.9999171 1.20128e-7 1 0 0 1 0 0.3548536 0.03617304 0.9342218 0.7345445 0.08327269 0.6734315 0.4523861 -0.05249291 0.890276 0.2688384 -0.09510987 0.958478 0.5304222 -0.1304429 0.8376379 0.4431911 0.05640083 0.8946512 0.1038402 0.03555399 0.9939584 -0.1166765 -0.1478827 0.9820985 -0.01134377 -0.1000955 0.9949132 0.2184094 0.09181213 0.9715287 9.53933e-5 -0.01287925 0.9999171 0.3548524 -0.03617304 0.9342223 0.7345426 -0.08327293 0.6734336 -0.4524453 -0.05253195 -0.8902436 0.2688384 0.09510946 0.958478 -0.08420884 -0.7223035 0.6864303 0.04253214 -0.9286274 0.368568 -0.285207 -0.4120512 -0.8653732 -0.3068467 0.4263317 -0.8509327 -0.02505153 -0.1443405 0.989211 -0.01739042 0.9100978 0.4140286 -0.1558946 0.6649004 0.7304823 0.09448719 -0.7216687 0.6857598 -0.03983014 -0.9287869 0.368468 0.3056534 -0.3934512 -0.867048 0.1743943 0.04259538 -0.9837542 0.3090991 0.4143111 -0.8560398 0.03806781 -0.1434045 0.9889318 0.01821845 0.9144997 0.4041763 0.1680278 0.6648142 0.727866 0.7960485 -0.002664923 -0.6052271 -1.47438e-4 -0.9881063 -0.1537734 -0.6337881 0.6301059 0.4486417 -2.70144e-4 0.9651573 -0.2616705 0.6337257 0.6237125 0.4575747 -0.06513732 -0.9955025 0.06878936 -0.7234682 -0.2003471 -0.6606474 -0.9792247 0.1510698 -0.1352667 -0.8906112 0.01240575 -0.4545964 0.9152156 0.01186662 -0.4027897 0.9829341 0.1259993 -0.1340331 0.07620519 -0.9893869 -0.1237185 -0.2894427 -0.9283633 -0.2331622 -0.7373644 0.6466516 -0.1952832 -0.6881706 0.6842554 -0.2412797 0.7371733 0.6361142 -0.227891 0.7032017 0.6920359 -0.1630757 0.06890052 0.9972683 -0.02662324 -0.05055773 0.9977301 0.04448264 -0.07992196 0.995759 0.04557013 0.03722578 -0.998543 0.03906697 0.7520452 -0.6586802 0.02384704 0.7520452 -0.6586802 0.02384716 -0.0431897 -0.9912874 0.1244348 -0.984178 0.08984589 -0.1527133 -0.9649606 0.1407607 -0.2214437 0.9820442 0.04508519 -0.1831846 0.9851034 0.1281097 -0.114714 0.2745836 -0.9614136 0.01696413 0.1747294 -0.9838488 -0.03887522 -0.2808701 -0.9581903 0.05461949 -0.3303773 -0.9438426 -0.00346589 -0.1864551 0.8548088 0.4842898 -0.4077457 -0.8182387 0.4052518 -0.1695554 -0.07891732 0.982356 0.111132 0.514325 -0.8503643 -0.1589109 0.6648917 0.72984 -0.2652571 0.8980019 0.3510431 0.03243309 -0.1520024 -0.9878479 0.1282213 -0.5018019 -0.8554263 -0.1430318 -0.7162914 0.6829851 -0.1455212 -0.7227671 0.6755971 -0.2341595 0.2272779 0.9452587 0.2458498 0.8428819 0.4786525 0.3328959 -0.002137899 -0.9429612 -0.9648211 -0.005175054 -0.2628564 -0.7960485 0.002664923 0.6052271 1.47438e-4 0.9881063 0.1537734 0.6337881 -0.6301059 -0.4486417 2.70144e-4 -0.9651573 0.2616705 0.1711444 -0.1592164 -0.9722962 0.3586885 -0.6089547 0.7074721 0.01482009 -0.999829 0.01106989 0.0245468 0.9910798 -0.1309907 -0.3068731 -0.1478955 0.9401893 0.3678066 -0.819854 0.4388141 0.6118857 0.7825986 0.1146102 0.9374815 -0.2588022 0.2327012 -0.9993669 -0.007346749 0.03481364 -0.9980223 0.0225526 0.05867576 0.9975158 -0.007811307 0.07000923 0.9953531 0.02169579 0.09381628 1.98709e-4 0.9132872 0.4073162 -8.79748e-4 0.9140471 0.4056072 0.003145873 0.9993152 0.03687041 3.41675e-5 0.9991748 0.04061716 -0.3869034 -0.8361258 0.388844 -0.4132925 -0.8913742 0.1861224 -7.41872e-5 -0.9968614 -0.07916688 -0.9771018 -0.0363928 -0.2096368 -0.1625489 0.02132594 -0.98647 -0.1406319 0.5138486 -0.8462756 0.183656 0.6648791 0.7240209 0.2722362 0.8990177 0.3430084 -0.06993991 -0.15188 -0.9859215 -0.1575471 -0.5012205 -0.8508566 0.1661421 -0.7161773 0.6778547 0.1683169 -0.7228083 0.6702371 0.2717579 0.2272784 0.935143 -0.2264901 0.8428874 0.4881016 -0.3703116 -0.002138912 -0.9289053 0.953532 -0.005178272 -0.3012474 -0.2098767 -0.159217 -0.964677 -0.3300775 -0.6089623 0.7212585 -0.0143646 -0.9998289 0.01165241 -0.02976399 0.9910794 -0.1299069 0.2225128 -0.1478092 0.96366 -0.4201323 -0.793536 0.4402152 -0.6350503 0.763115 0.1198608 -0.9153784 -0.3612751 0.1776589 0.9679324 -0.03639751 -0.2485602 0.4300506 -0.807062 0.4046081 0.1806931 -0.07887834 0.9803715 0.1907858 0.8557955 0.480848 -0.6337257 -0.6237125 -0.4575747 0.7234685 0.2003214 0.6606547 -0.0651471 -0.995504 0.06875979 0.9792247 -0.1510698 0.1352667 0.8906112 -0.01240575 0.4545964 -0.9152156 -0.01186662 0.4027897 -0.9829341 -0.1259993 0.1340331 -0.07620519 0.9893869 0.1237185 0.2894427 0.9283633 0.2331622 0.3877418 -0.9014465 0.1924858 0.3690083 -0.8563989 0.3611288 -0.1827433 0.8993059 0.3973084 -0.2897326 0.6896818 0.663622 -0.001107573 0.9813002 0.1924808 0.1953644 0.7452918 0.6374739 0.3065613 0.8059437 0.5064334 0.6881707 -0.6842553 0.2412797 0.7373644 -0.6466516 0.1952832 -0.7032018 -0.6920357 0.1630757 -0.7371733 -0.6361142 0.227891 0.05045539 -0.997738 -0.04442155 -0.06890052 -0.9972683 0.02662324 0.03725922 -0.9985421 0.03905808 0.07992208 -0.9957615 -0.04551339 0.04318976 0.9912874 -0.1244348 -0.9899365 -0.06178051 0.1273148 -0.99091 -0.09055227 0.09948766 0.9649607 -0.1407608 0.2214438 0.984178 -0.08984601 0.1527134 -0.9851034 -0.1281098 0.114714 -0.9820442 -0.04508519 0.1831845 -0.1747295 0.9838488 0.03887528 -0.2745835 0.9614136 -0.01696413 0.3303773 0.9438426 0.00346589 0.2808702 0.9581903 -0.05461949 0.6604517 0.7346904 -0.1550283 -0.6515443 0.6926263 -0.3094494 -0.7033042 0.6874046 -0.1812129 0.6853378 0.670888 -0.2832342 -0.7529842 -0.6452131 -0.1292858 -0.8424949 -0.5169693 -0.1514772 0.747968 -0.6455224 -0.1544176 0.8738662 -0.4805747 -0.07352524 -0.7165163 -0.6950493 -0.05925261 0.6908051 -0.7211717 -0.05195879 -0.7984233 -0.5966468 0.08082634 -0.7721526 -0.6332193 0.05304449 0.8648515 -0.4369207 0.2472493 0.7495062 -0.656673 0.08379185 0.7884958 -0.5991514 -0.1388955 0.8499457 -0.5035932 -0.1548756 -0.7764915 -0.6139265 -0.1419694 -0.885936 -0.4595562 -0.06265521 0.7610183 -0.6438474 -0.07944756 -0.7177674 -0.6955065 -0.03287738 0.879088 -0.4433883 0.1749605 0.8470788 -0.5161713 0.1265892 -0.8830146 -0.4220696 0.2052864 -0.7365443 -0.6763075 0.01052677 0.007196128 0.99877 0.04905951 -0.006810009 0.9987609 0.04930031 0.5986948 0.794325 0.103017 -0.6016963 0.7930925 0.09468877 -0.6377264 0.7620538 0.1121575 0.6394948 0.7632961 0.09179157 -0.8903309 -0.00194031 0.4553101 0.0591318 -0.5605044 0.8260377 0.821018 0.1028423 0.561563 -0.05965358 -0.539125 0.8401106 0.8814046 0.0114175 0.4722241 -0.8270958 0.08542305 0.5555318 -0.1050712 0.9943624 0.01426613 -0.002437055 0.9990512 0.04348343 -7.8119e-4 -0.007064342 -0.9999747 -4.09155e-5 -0.007438778 -0.9999724 4.6552e-5 -0.00865215 -0.9999626 8.66485e-4 -0.008205711 -0.999966 0.4682742 -0.1393507 -0.8725255 -0.4111812 0.2799196 -0.8675108 -0.2020269 0.1673091 -0.9649834 0.2207704 -0.3083379 -0.9253045 -0.1411895 0.2183607 -0.9656004 -0.1652095 0.2146027 -0.9626275 -0.1886268 0.196915 -0.9621042 0.4785347 0.2055143 -0.8536794 0.2101044 0.1564491 -0.9650803 -0.3686261 -0.2084974 -0.905894 -0.5064316 -0.2886873 -0.8125188 0.2307111 0.1649677 -0.958936 0.1660993 0.2143528 -0.96253 -0.2213417 -0.2112514 -0.9520403 -0.1641002 -0.06944948 -0.9839959 0.55699 -0.3272485 -0.7633286 0.4771801 -0.2779462 -0.8336936 0.2041651 -0.07646095 -0.975946 0.2668529 -0.2358914 -0.9344222 -0.3671143 -0.1838011 -0.9118357 -0.1800592 -0.3143178 -0.9320853 0.08173465 0.06816315 -0.9943206 -0.4682742 0.1393507 0.8725255 0.2020261 -0.1673091 0.9649835 0.4111808 -0.2799198 0.8675109 0.1411895 -0.2183608 0.9656004 -0.2207698 0.3083379 0.9253045 0.1886267 -0.196915 0.9621042 0.1652093 -0.2146028 0.9626274 -0.2101065 -0.156449 0.9650798 -0.4785351 -0.2055143 0.8536791 0.5064326 0.2886869 0.8125182 0.3686267 0.2084977 0.9058936 -0.1660994 -0.2143529 0.96253 -0.230711 -0.1649677 0.958936 0.1640993 0.06944948 0.9839961 0.221342 0.2112514 0.9520402 -0.4771745 0.2779471 0.8336966 -0.556991 0.3272483 0.763328 -0.2668533 0.2358915 0.9344221 -0.2041658 0.07646089 0.9759458 0.3671143 0.1838011 0.9118357 -0.08173471 -0.06816321 0.9943205 0.1800598 0.3143178 0.9320852 -0.253835 0.9557031 0.1489948 -0.2595258 0.9531257 0.1555564 -0.06891894 -0.9976044 0.005976796 -0.01368242 -0.9987539 0.0479958 0.06079411 0.9886452 0.1374219 0.06079405 0.9886452 0.137422 0.079849 -0.9948444 -0.06252211 0.1718444 -0.9851145 -0.004357755 -0.7562419 -0.6517117 0.05805301 -0.7562419 -0.6517117 0.05805295 0.9914392 -0.1186797 0.05443853 0.9890136 -0.1305283 0.06938761 -0.1974783 0.9685007 0.1516864 -0.1974784 0.9685007 0.1516863 0.2576893 0.956125 0.1393608 0.2603588 0.9557632 0.1368583 0.9655286 -0.06258338 0.2526617 0.9653803 -0.06234824 0.253286 -0.2517988 -0.0305323 -0.9672979 -0.1111899 0.03144019 -0.9933018 -0.7383742 0.02593451 0.6738924 -0.623457 -0.0412898 0.7807667 0.9332913 0.2615703 0.2460658 0.9336224 0.2609089 0.2455114 -0.1110989 0.09451109 -0.9893052 -0.2500698 -0.1023591 -0.9628021 -0.6177117 -0.1391096 0.7740031 -0.7369785 0.06872731 0.6724131 0.9673663 0.001079022 0.2533797 0.9673675 0.001078844 0.2533753 -0.2521563 3.04957e-4 -0.9676865 -0.2521546 3.05034e-4 -0.967687 -0.7385544 -0.001387894 0.6741926 -0.7385517 -0.001387715 0.6741955 0.007754325 -0.9999675 -0.002264201 -0.007420361 0.9999709 0.001787424 0.9475532 -0.202287 0.2474326 0.9474967 -0.2021853 0.2477319 -0.7347633 -0.09795421 0.6712137 -0.7346371 -0.09793508 0.6713547 -0.2504046 -0.09168922 -0.9637898 -0.250753 -0.09164512 -0.9637033</float_array>
          <technique_common>
            <accessor source="#jugunthiz_001-mesh-normals-array" count="468" stride="3">
              <param name="X" type="float"/>
              <param name="Y" type="float"/>
              <param name="Z" type="float"/>
            </accessor>
          </technique_common>
        </source>
        <source id="jugunthiz_001-mesh-map-0">
          <float_array id="jugunthiz_001-mesh-map-0-array" count="2844">0.01177996 0.547433 0.003195941 0.500321 0.05178898 0.526746 0.05178898 0.526746 0.09856396 0.532005 0.01177996 0.547433 0.05137497 0.527598 0.002337992 0.501654 0.01172697 0.548681 0.01172697 0.548681 0.09855896 0.532289 0.05137497 0.527598 0.09624397 0.391405 0.02994799 0.405221 0.05137497 0.527598 0.097404 0.391546 0.09624397 0.391405 0.05137497 0.527598 0.09798496 0.461918 0.097404 0.391546 0.05137497 0.527598 0.09855896 0.532289 0.09798496 0.461918 0.05137497 0.527598 0.03180295 0.403967 0.09981799 0.391271 0.09918999 0.461638 0.09856396 0.532005 0.03180295 0.403967 0.09918999 0.461638 0.09856396 0.532005 0.05178898 0.526746 0.03180295 0.403967 0.002337992 0.501654 0.05137497 0.527598 0.02994799 0.405221 0.02994799 0.405221 0.02286899 0.405274 0.002337992 0.501654 0.03180295 0.403967 0.05178898 0.526746 0.003195941 0.500321 0.003195941 0.500321 0.02527195 0.404036 0.03180295 0.403967 0.133547 0.534919 0.09985798 0.532409 0.157548 0.457959 0.1684769 0.461511 0.167463 0.492072 0.151316 0.558084 0.166999 0.461743 0.204563 0.378283 0.190442 0.449755 0.190442 0.449755 0.165984 0.492306 0.166999 0.461743 0.313186 0.492835 0.300577 0.548383 0.287067 0.450104 0.1434119 0.379122 0.193758 0.392306 0.157548 0.457959 0.157548 0.457959 0.09985798 0.532409 0.09749495 0.461782 0.09749495 0.461782 0.09513896 0.391154 0.1434119 0.379122 0.09732198 0.462295 0.09732198 0.462295 0.15721 0.45725 0.09732198 0.462295 0.15721 0.45725 0.1416569 0.377706 0.09732198 0.462295 0.101155 0.532883 0.15721 0.45725 0.15721 0.45725 0.192039 0.391075 0.1416569 0.377706 0.1416569 0.377706 0.09348398 0.39171 0.09732198 0.462295 0.287067 0.450104 0.273461 0.378533 0.31239 0.462267 0.31239 0.462267 0.313186 0.492835 0.287067 0.450104 0.15721 0.45725 0.101155 0.532883 0.134822 0.534553 0.330335 0.558729 0.314663 0.492603 0.313869 0.462035 0.239013 0.378408 0.273461 0.378533 0.287067 0.450104 0.239013 0.378408 0.287067 0.450104 0.251698 0.449977 0.239013 0.378408 0.251698 0.449977 0.241737 0.450791 0.2384009 0.548159 0.176227 0.547935 0.190442 0.449755 0.2384009 0.548159 0.190442 0.449755 0.231983 0.449906 0.2384009 0.548159 0.231983 0.449906 0.231983 0.449906 0.241737 0.450791 0.231983 0.449906 0.239013 0.378408 0.239013 0.378408 0.231983 0.449906 0.231983 0.449906 0.239013 0.378408 0.231983 0.449906 0.204563 0.378283 0.190442 0.449755 0.204563 0.378283 0.231983 0.449906 0.287067 0.450104 0.300577 0.548383 0.2384009 0.548159 0.2384009 0.548159 0.2416779 0.495327 0.251698 0.449977 0.287067 0.450104 0.2384009 0.548159 0.251698 0.449977 0.2416779 0.495327 0.241792 0.463507 0.251698 0.449977 0.231983 0.449906 0.241792 0.463507 0.2416779 0.495327 0.251698 0.449977 0.241792 0.463507 0.241737 0.450791 0.241737 0.450791 0.241792 0.463507 0.231983 0.449906 0.09749495 0.461782 0.09749495 0.461782 0.1434119 0.379122 0.09749495 0.461782 0.1434119 0.379122 0.157548 0.457959 0.190442 0.449755 0.176227 0.547935 0.165984 0.492306 0.167463 0.492072 0.167463 0.492072 0.177704 0.547702 0.167463 0.492072 0.177704 0.547702 0.151316 0.558084 0.314663 0.492603 0.314663 0.492603 0.330335 0.558729 0.330335 0.558729 0.302055 0.54815 0.314663 0.492603 0.231983 0.449906 0.2416779 0.495327 0.2384009 0.548159 0.231983 0.449906 0.2384009 0.548159 0.231983 0.449906 0.134822 0.534553 0.101155 0.532883 0.101155 0.532883 0.134822 0.534553 0.101155 0.532883 0.134822 0.534553 0.01653897 0.605461 0.02193999 0.538299 0.07899898 0.57017 0.01653897 0.605461 0.07899898 0.57017 0.077129 0.593426 0.153657 0.536481 0.114014 0.550665 0.153454 0.589762 0.153657 0.536481 0.153454 0.589762 0.1790339 0.589629 0.09985798 0.532409 0.133547 0.534919 0.133547 0.534919 0.09985798 0.532409 0.133547 0.534919 0.09985798 0.532409 0.112355 0.550217 0.149193 0.535843 0.17551 0.588885 0.112355 0.550217 0.17551 0.588885 0.151885 0.589149 0.149193 0.535843 0.235891 0.536398 0.235907 0.589271 0.149193 0.535843 0.235907 0.589271 0.17551 0.588885 0.01177996 0.547433 0.09856396 0.532005 0.09856396 0.532005 0.01177996 0.547433 0.09856396 0.532005 0.01177996 0.547433 0.09855896 0.532289 0.01172697 0.548681 0.01172697 0.548681 0.09855896 0.532289 0.01172697 0.548681 0.09855896 0.532289 0.235891 0.536398 0.322588 0.536952 0.296304 0.589657 0.235891 0.536398 0.296304 0.589657 0.235907 0.589271 0.050493 0.573872 0.06180799 0.582113 0.06294399 0.577218 0.06294399 0.577218 0.064713 0.567845 0.04408699 0.57092 0.04408699 0.57092 0.065391 0.53128 0.07346695 0.525122 0.07346695 0.525122 0.07740896 0.522005 0.050493 0.573872 0.050493 0.573872 0.06294399 0.577218 0.04408699 0.57092 0.04408699 0.57092 0.07346695 0.525122 0.050493 0.573872 0.06741398 0.605691 0.008117973 0.575847 0.05121099 0.530354 0.06741398 0.605691 0.05121099 0.530354 0.07174295 0.540688 0.01177996 0.547433 0.09856396 0.532005 0.09856396 0.532005 0.01177996 0.547433 0.09856396 0.532005 0.01177996 0.547433 0.008117973 0.575847 0.008711993 0.506633 0.05141699 0.506388 0.008117973 0.575847 0.05141699 0.506388 0.05121099 0.530354 0.09855896 0.532289 0.01172697 0.548681 0.01172697 0.548681 0.09855896 0.532289 0.01172697 0.548681 0.09855896 0.532289 0.09985798 0.532409 0.133547 0.534919 0.133547 0.534919 0.09985798 0.532409 0.133547 0.534919 0.09985798 0.532409 0.134822 0.534553 0.101155 0.532883 0.101155 0.532883 0.134822 0.534553 0.101155 0.532883 0.134822 0.534553 0.008711993 0.506633 0.009305 0.43742 0.05162197 0.482423 0.008711993 0.506633 0.05162197 0.482423 0.05141699 0.506388 0.06014496 0.420618 0.07684499 0.4202 0.064089 0.484335 0.06014496 0.420618 0.064089 0.484335 0.05662196 0.485087 0.04965597 0.486031 0.05662196 0.485087 0.05907499 0.517148 0.04965597 0.486031 0.05907499 0.517148 0.07624596 0.540477 0.07883 0.438751 0.06014496 0.420618 0.05662196 0.485087 0.07883 0.438751 0.05662196 0.485087 0.04965597 0.486031 0.06700199 0.53374 0.04748594 0.569306 0.090101 0.597606 0.06700199 0.53374 0.090101 0.597606 0.09469199 0.591979 0.04748594 0.569306 0.06719195 0.558226 0.08474797 0.601873 0.04748594 0.569306 0.08474797 0.601873 0.090101 0.597606 0.06719195 0.558226 0.060853 0.552717 0.08194696 0.599439 0.06719195 0.558226 0.08194696 0.599439 0.08474797 0.601873 0.060467 0.525358 0.06700199 0.53374 0.09469199 0.591979 0.060467 0.525358 0.09469199 0.591979 0.09583598 0.578189 0.03772997 0.53906 0.060467 0.525358 0.09583598 0.578189 0.03772997 0.53906 0.09583598 0.578189 0.08535796 0.583867 0.060853 0.552717 0.05451399 0.547208 0.07914698 0.597005 0.060853 0.552717 0.07914698 0.597005 0.08194696 0.599439 0.07794797 0.512716 0.107124 0.539486 0.08743596 0.550973 0.07794797 0.512716 0.08743596 0.550973 0.07144695 0.536303 0.05495196 0.495639 0.04849594 0.493361 0.07632797 0.574662 0.05495196 0.495639 0.07632797 0.574662 0.05919295 0.566361 0.09583598 0.578189 0.09469199 0.591979 0.16515 0.617229 0.09583598 0.578189 0.16515 0.617229 0.154933 0.576601 0.04849594 0.493361 0.04907596 0.489696 0.07628697 0.55757 0.04849594 0.493361 0.07628697 0.55757 0.07632797 0.574662 0.08535796 0.583867 0.09583598 0.578189 0.154933 0.576601 0.08535796 0.583867 0.154933 0.576601 0.11677 0.587156 0.06215697 0.496549 0.05495196 0.495639 0.05919295 0.566361 0.06215697 0.496549 0.05919295 0.566361 0.07808399 0.569681 0.05662196 0.485087 0.064089 0.484335 0.07794797 0.512716 0.05662196 0.485087 0.07794797 0.512716 0.05907499 0.517148 0.04907596 0.489696 0.04965597 0.486031 0.07624596 0.540477 0.04907596 0.489696 0.07624596 0.540477 0.07628697 0.55757 0.08743596 0.550973 0.07152199 0.567519 0.06116998 0.5657 0.06116998 0.5657 0.05168098 0.561484 0.05165797 0.552117 0.05165797 0.552117 0.08608698 0.558746 0.06110495 0.538732 0.06110495 0.538732 0.07144695 0.536303 0.08743596 0.550973 0.08743596 0.550973 0.06116998 0.5657 0.05165797 0.552117 0.05165797 0.552117 0.06110495 0.538732 0.08743596 0.550973 0.07808399 0.569681 0.05919295 0.566361 0.06116998 0.5657 0.07808399 0.569681 0.06116998 0.5657 0.07152199 0.567519 0.05907499 0.517148 0.07794797 0.512716 0.07144695 0.536303 0.05907499 0.517148 0.07144695 0.536303 0.06110495 0.538732 0.07628697 0.55757 0.07624596 0.540477 0.08608698 0.558746 0.07628697 0.55757 0.08608698 0.558746 0.05165797 0.552117 0.07624596 0.540477 0.05907499 0.517148 0.06110495 0.538732 0.07624596 0.540477 0.06110495 0.538732 0.08608698 0.558746 0.05919295 0.566361 0.07632797 0.574662 0.05168098 0.561484 0.05919295 0.566361 0.05168098 0.561484 0.06116998 0.5657 0.107124 0.539486 0.07808399 0.569681 0.07152199 0.567519 0.107124 0.539486 0.07152199 0.567519 0.08743596 0.550973 0.07632797 0.574662 0.07628697 0.55757 0.05165797 0.552117 0.07632797 0.574662 0.05165797 0.552117 0.05168098 0.561484 0.670277 0.193312 0.725324 0.193428 0.683784 0.19334 0.630775 0.193228 0.642572 0.193252 0.613714 0.193191 0.700187 0.05474597 0.643642 0.152676 0.643527 0.192831 0.68474 0.192918 0.72628 0.193005 0.71715 0.09010297 0.643527 0.192831 0.57759 0.087529 0.614668 0.19277 0.57759 0.087529 0.643527 0.192831 0.589356 0.05391198 0.589356 0.05391198 0.643527 0.192831 0.643642 0.152676 0.631745 0.04562097 0.643642 0.152676 0.700187 0.05474597 0.614668 0.19277 0.57759 0.087529 0.575746 0.192687 0.670277 0.193312 0.642572 0.193252 0.630775 0.193228 0.642572 0.193252 0.670277 0.193312 0.683784 0.19334 0.68474 0.192918 0.700187 0.05474597 0.643527 0.192831 0.68474 0.192918 0.717009 0.08981096 0.700187 0.05474597 0.68474 0.192918 0.71715 0.09010297 0.717009 0.08981096 0.589356 0.05391198 0.643642 0.152676 0.631745 0.04562097 0.699199 0.05518299 0.642572 0.193252 0.642452 0.1532019 0.683784 0.19334 0.716161 0.09053999 0.725324 0.193428 0.642572 0.193252 0.613714 0.193191 0.576601 0.08796596 0.576601 0.08796596 0.588368 0.054349 0.642572 0.193252 0.588368 0.054349 0.642452 0.1532019 0.642572 0.193252 0.630756 0.04605799 0.699199 0.05518299 0.642452 0.1532019 0.613714 0.193191 0.574791 0.193109 0.576601 0.08796596 0.683784 0.19334 0.642572 0.193252 0.699199 0.05518299 0.683784 0.19334 0.699199 0.05518299 0.71602 0.09024798 0.683784 0.19334 0.716161 0.09053999 0.71602 0.09024798 0.588368 0.054349 0.630756 0.04605799 0.642452 0.1532019 0.670277 0.193312 0.683784 0.19334 0.725324 0.193428 0.630775 0.193228 0.613714 0.193191 0.642572 0.193252 0.575028 0.750007 0.477718 0.555431 0.481134 0.611136 0.548837 0.554793 0.605811 0.694194 0.611419 0.55509 0.485045 0.556895 0.535754 0.55644 0.605798 0.69591 0.605798 0.69591 0.577534 0.751021 0.485045 0.556895 0.577534 0.751021 0.48263 0.612653 0.485045 0.556895 0.491451 0.784536 0.575028 0.750007 0.481134 0.611136 0.535754 0.55644 0.613302 0.554885 0.605798 0.69591 0.670277 0.193312 0.630775 0.193228 0.642572 0.193252 0.642572 0.193252 0.683784 0.19334 0.670277 0.193312 0.548837 0.554793 0.477718 0.555431 0.575028 0.750007 0.548837 0.554793 0.575028 0.750007 0.605736 0.694351 0.68474 0.192918 0.717009 0.08981096 0.71715 0.09010297 0.577534 0.751021 0.49224 0.784408 0.48263 0.612653 0.572356 0.360107 0.480133 0.499673 0.477718 0.555431 0.548837 0.554793 0.611419 0.55509 0.605847 0.413803 0.485045 0.556895 0.605801 0.41285 0.535754 0.55644 0.605801 0.41285 0.485045 0.556895 0.5732 0.360172 0.5732 0.360172 0.485045 0.556895 0.481629 0.501189 0.486799 0.330389 0.480133 0.499673 0.572356 0.360107 0.535754 0.55644 0.605801 0.41285 0.613302 0.554885 0.548837 0.554793 0.572356 0.360107 0.477718 0.555431 0.548837 0.554793 0.605747 0.4136 0.572356 0.360107 0.683784 0.19334 0.71602 0.09024798 0.716161 0.09053999 0.5732 0.360172 0.481629 0.501189 0.490265 0.329593 0.531202 0.161807 0.489747 0.17197 0.526042 0.301604 0.455302 0.299014 0.526042 0.301604 0.489747 0.17197 0.455302 0.299014 0.489747 0.17197 0.451006 0.1661 0.45566 0.162805 0.495124 0.168794 0.460238 0.297229 0.531999 0.300401 0.531202 0.161807 0.526042 0.301604 0.540136 0.295603 0.460238 0.297229 0.495124 0.168794 0.495124 0.168794 0.535646 0.157561 0.540136 0.295603 0.538701 0.161465 0.533724 0.299553 0.497256 0.172239 0.533724 0.299553 0.461221 0.297726 0.497256 0.172239 0.461221 0.297726 0.458651 0.166714 0.497256 0.172239 0.461221 0.297726 0.458947 0.301263 0.458651 0.166714 0.452916 0.165207 0.450479 0.300041 0.492543 0.171555 0.539665 0.298248 0.533724 0.299553 0.538701 0.161465 0.530515 0.298175 0.492543 0.171555 0.450479 0.300041 0.492543 0.171555 0.530515 0.298175 0.533177 0.160908 0.319987 0.1227689 0.228285 0.265859 0.436031 0.070728 0.550842 0.255504 0.436031 0.070728 0.228285 0.265859 0.428897 0.07809197 0.530906 0.251751 0.538592 0.07809799 0.530906 0.251751 0.428897 0.07809197 0.2257249 0.248364 0.402798 0.09361797 0.452471 0.265197 0.512218 0.09362298 0.19008 0.266187 0.31909 0.03541499 0.393251 0.095914 0.31909 0.03541499 0.249827 0.09461295 0.19008 0.266187 0.451537 0.07844698 0.447094 0.250765 0.549532 0.07900696 0.447094 0.250765 0.547637 0.258081 0.549532 0.07900696 0.550343 0.258081 0.447094 0.250765 0.546501 0.07927495 0.447094 0.250765 0.45178 0.076954 0.546501 0.07927495 0.436031 0.070728 0.550842 0.255504 0.5452 0.074409 0.336212 0.267839 0.427914 0.124749 0.33561 0.09373295 0.39502 0.09394097 0.395169 0.003107964 0.291796 0.003137946 0.291796 0.003137946 0.285325 0.09393399 0.39502 0.09394097 0.1419 0.092633 0.07535099 0.003139972 0.00910896 0.003301978 0.00910896 0.003301978 0.03248095 0.092628 0.1419 0.092633 0.393251 0.095914 0.399722 0.005118966 0.284741 0.005118966 0.284741 0.005118966 0.31909 0.03541499 0.393251 0.095914 0.31909 0.03541499 0.28452 0.005121946 0.183278 0.005120992 0.183278 0.005120992 0.31909 0.03541499 0.249827 0.09461295 0.738513 0.441288 0.739137 0.399897 0.808269 0.400084 0.738513 0.441288 0.808269 0.400084 0.807603 0.444322 0.31821 0.003574967 0.319987 0.1227689 0.436031 0.070728 0.40596 0.09485 0.420958 0.007071971 0.312784 0.007562994 0.312784 0.007562994 0.307964 0.094289 0.40596 0.09485 0.308207 0.09279698 0.314416 0.005693972 0.419505 0.007407963 0.419505 0.007407963 0.402929 0.09511798 0.308207 0.09279698 0.5452 0.074409 0.558422 0.003782987 0.443288 0.003761947 0.443288 0.003761947 0.436031 0.070728 0.5452 0.074409 0.427914 0.124749 0.426137 0.005554974 0.320262 0.004477977 0.320262 0.004477977 0.33561 0.09373295 0.427914 0.124749 0.462187 0.325513 0.400399 0.331566 0.437284 0.282672 0.457814 0.400654 0.380748 0.485104 0.3908 0.39691 0.368051 0.499187 0.404695 0.499461 0.391969 0.385513 0.2120029 0.683962 0.213836 0.706413 0.110196 0.676223 0.212739 0.649025 0.2120029 0.683962 0.108586 0.634038 0.108586 0.634038 0.2120029 0.683962 0.110196 0.676223 0.113017 0.677272 0.216127 0.711636 0.112082 0.668696 0.214031 0.689867 0.112082 0.668696 0.216127 0.711636 0.112123 0.635043 0.112082 0.668696 0.214031 0.689867 0.112123 0.635043 0.214031 0.689867 0.216003 0.654232 0.08632797 0.641643 0.01226598 0.651851 0.01576 0.628005 0.08632797 0.641643 0.089971 0.716971 0.01226598 0.651851 0.09423899 0.703531 0.02078598 0.710079 0.02038395 0.710318 0.02006298 0.651278 0.02038395 0.710318 0.02078598 0.710079 0.317624 0.06880295 0.387348 0.009821951 0.266763 0.157025 0.445148 0.157171 0.266763 0.157025 0.387348 0.009821951 0.1484439 0.07271999 0.196665 0.07272499 0.190912 0.151399 0.190912 0.151399 0.01435798 0.151545 0.1484439 0.07271999 0.02038395 0.710318 0.09635496 0.718844 0.09423899 0.703531 0.02406895 0.627556 0.09423899 0.703531 0.09433096 0.643438 0.02406895 0.627556 0.02078598 0.710079 0.09423899 0.703531 0.089971 0.716971 0.01385498 0.71087 0.01226598 0.651851 0.420528 0.557821 0.420515 0.561879 0.444479 0.591581 0.444479 0.591581 0.420515 0.561879 0.403825 0.593681 0.418484 0.551852 0.442995 0.584638 0.429039 0.570525 0.429039 0.570525 0.40332 0.590211 0.418484 0.551852 0.265357 0.166943 0.190792 0.15359 0.17037 0.274902 0.266812 0.297014 0.265357 0.166943 0.17037 0.274902 0.194536 0.14621 0.278397 0.160781 0.183287 0.272881 0.183287 0.272881 0.278397 0.160781 0.275296 0.279111 0.400399 0.331566 0.312462 0.331178 0.279598 0.283977 0.279598 0.283977 0.437284 0.282672 0.400399 0.331566 0.445148 0.157171 0.437284 0.282672 0.279598 0.283977 0.445148 0.157171 0.279598 0.283977 0.266763 0.157025 0.457814 0.400654 0.45798 0.480324 0.380748 0.485104 0.01435798 0.151545 0.09856295 0.276842 0.018893 0.277077 0.190912 0.151399 0.09856295 0.276842 0.01435798 0.151545 0.02006298 0.651278 0.02078598 0.710079 0.02406895 0.627556 0.455302 0.299014 0.451006 0.1661 0.452834 0.300885 0.214187 0.687046 0.108682 0.678103 0.215637 0.709584 0.215521 0.652117 0.1077859 0.635879 0.214187 0.687046 0.1077859 0.635879 0.108682 0.678103 0.214187 0.687046 0.110833 0.677118 0.109753 0.668583 0.218267 0.70427 0.215806 0.682567 0.218267 0.70427 0.109753 0.668583 0.109222 0.634937 0.215806 0.682567 0.109753 0.668583 0.109222 0.634937 0.217177 0.646818 0.215806 0.682567 0.08451896 0.644931 0.01425695 0.629049 0.01025199 0.652769 0.08451896 0.644931 0.01025199 0.652769 0.08654499 0.720328 0.08896899 0.703328 0.01529699 0.712467 0.01569396 0.712215 0.01370698 0.653455 0.01569396 0.712215 0.01529699 0.712467 0.01529699 0.712467 0.08896899 0.703328 0.09141296 0.718569 0.017201 0.629612 0.08776795 0.64325 0.08896899 0.703328 0.017201 0.629612 0.08896899 0.703328 0.01569396 0.712215 0.08654499 0.720328 0.01025199 0.652769 0.01057398 0.711801 0.423656 0.523599 0.338995 0.473816 0.424774 0.456556 0.338995 0.473816 0.345799 0.386514 0.424774 0.456556 0.370529 0.515733 0.338995 0.473816 0.423656 0.523599 0.423656 0.523599 0.360519 0.597799 0.370529 0.515733 0.01370698 0.653455 0.017201 0.629612 0.01569396 0.712215 0.458155 0.563371 0.390652 0.567735 0.380748 0.485104 0.368051 0.499187 0.391476 0.605982 0.404695 0.499461 0.254338 0.324819 0.279598 0.283977 0.312462 0.331178 0.01084697 0.07378798 0.05745398 0.07271599 0.01435798 0.151545 0.01435798 0.151545 0.05745398 0.07271599 0.101395 0.03336 0.101395 0.03336 0.1484439 0.07271999 0.01435798 0.151545 0.199324 0.06631296 0.275988 0.08415299 0.194536 0.14621 0.194536 0.14621 0.275988 0.08415299 0.278397 0.160781 0.265357 0.166943 0.253035 0.07205098 0.190792 0.15359 0.190792 0.15359 0.253035 0.07205098 0.195065 0.08169597 0.387348 0.009821951 0.458081 0.07736897 0.445148 0.157171 0.266763 0.157025 0.262094 0.07738095 0.317624 0.06880295 0.190912 0.151399 0.18161 0.276596 0.09856295 0.276842 0.45798 0.480324 0.458155 0.563371 0.380748 0.485104 0.367536 0.488976 0.39798 0.534241 0.403979 0.596034 0.403979 0.596034 0.381302 0.577212 0.367536 0.488976 0.398444 0.446306 0.39798 0.534241 0.367536 0.488976 0.381449 0.406386 0.404854 0.388187 0.398444 0.446306 0.398444 0.446306 0.367536 0.488976 0.381449 0.406386 0.196665 0.07272499 0.1484439 0.07271999 0.173085 0.00615698 0.173085 0.00615698 0.201041 0.006375968 0.196665 0.07272499 0.05745398 0.07271599 0.01084697 0.07378798 0.008567988 0.008343994 0.008567988 0.008343994 0.03576999 0.00614196 0.05745398 0.07271599 0.1484439 0.07271999 0.101395 0.03336 0.10014 0.006154954 0.10014 0.006154954 0.173085 0.00615698 0.1484439 0.07271999 0.101395 0.03336 0.05745398 0.07271599 0.03576999 0.00614196 0.03576999 0.00614196 0.1 0.006131947 0.101395 0.03336 0.387348 0.009821951 0.317624 0.06880295 0.296408 0.005513966 0.738525 0.441287 0.757696 0.511308 0.811682 0.518991 0.738525 0.441287 0.811682 0.518991 0.807615 0.444321 0.275988 0.08415299 0.199324 0.06631296 0.201311 0.00920999 0.201311 0.00920999 0.265243 0.017973 0.275988 0.08415299 0.195065 0.08169597 0.253035 0.07205098 0.251271 0.007034957 0.251271 0.007034957 0.2003729 0.01142197 0.195065 0.08169597 0.458081 0.07736897 0.387348 0.009821951 0.410832 0.005500972 0.410832 0.005500972 0.466709 0.01168096 0.458081 0.07736897 0.317624 0.06880295 0.262094 0.07738095 0.258393 0.011693 0.258393 0.011693 0.296408 0.005513966 0.317624 0.06880295 0.763 0.205785 0.740889 0.190095 0.739534 0.333233 0.744201 0.191673 0.766609 0.203454 0.745382 0.332141 0.742538 0.190942 0.766306 0.2062309 0.743683 0.334807 0.762827 0.201523 0.739239 0.189335 0.737957 0.330636 0.773571 0.04190397 0.793169 0.166821 0.766609 0.203454 0.737725 0.010957 0.773571 0.04190397 0.766609 0.203454 0.73728 0.009289979 0.763 0.205785 0.792342 0.166619 0.792342 0.166619 0.773246 0.04142898 0.73728 0.009289979 0.793169 0.166821 0.804442 0.2405689 0.766609 0.203454 0.763 0.205785 0.803458 0.240446 0.792342 0.166619 0.802775 0.330223 0.745382 0.332141 0.766609 0.203454 0.766609 0.203454 0.804442 0.2405689 0.802775 0.330223 0.763 0.205785 0.739534 0.333233 0.801662 0.330116 0.803458 0.240446 0.763 0.205785 0.801662 0.330116 0.792755 0.166409 0.773369 0.04109895 0.762827 0.201523 0.773369 0.04109895 0.735622 0.008550941 0.762827 0.201523 0.766306 0.2062309 0.735458 0.01024895 0.793578 0.1666049 0.773687 0.04157096 0.793578 0.1666049 0.735458 0.01024895 0.803958 0.240275 0.792755 0.166409 0.762827 0.201523 0.804939 0.240389 0.766306 0.2062309 0.793578 0.1666049 0.737957 0.330636 0.802052 0.330116 0.762827 0.201523 0.803958 0.240275 0.762827 0.201523 0.802052 0.330116 0.743683 0.334807 0.766306 0.2062309 0.803164 0.330216 0.766306 0.2062309 0.804939 0.240389 0.803164 0.330216 0.735622 0.008550941 0.735314 0.008546948 0.739239 0.189335 0.737437 0.01095795 0.737725 0.010957 0.744201 0.191673 0.763 0.205785 0.73728 0.009289979 0.740889 0.190095 0.744201 0.191673 0.737725 0.010957 0.766609 0.203454 0.742538 0.190942 0.735458 0.01024895 0.766306 0.2062309 0.762827 0.201523 0.735622 0.008550941 0.739239 0.189335 0.737725 0.010957 0.821048 0.009662985 0.773571 0.04190397 0.82843 0.495973 0.781496 0.38133 0.727048 0.496023 0.773246 0.04142898 0.818534 0.009537994 0.73728 0.009289979 0.828732 0.497108 0.726002 0.497814 0.781701 0.37549 0.735622 0.008550941 0.773369 0.04109895 0.822704 0.009189963 0.735458 0.01024895 0.820192 0.009285986 0.773687 0.04157096 0.737957 0.330636 0.739239 0.189335 0.737873 0.333198 0.745345 0.334812 0.744201 0.191673 0.745382 0.332141 0.735622 0.008550941 0.822704 0.009189963 0.820118 0.009167969 0.820118 0.009167969 0.735314 0.008546948 0.735622 0.008550941 0.737725 0.010957 0.737437 0.01095795 0.818614 0.009683966 0.818614 0.009683966 0.821048 0.009662985 0.737725 0.010957 0.34231 0.55169 0.472163 0.468841 0.472562 0.474251 0.463756 0.44666 0.362526 0.481815 0.362945 0.487882 0.362945 0.487882 0.464512 0.45683 0.463756 0.44666 0.353233 0.389671 0.468232 0.381202 0.472163 0.468841 0.472163 0.468841 0.34231 0.55169 0.353233 0.389671 0.463756 0.44666 0.462231 0.382244 0.359211 0.390017 0.359211 0.390017 0.362526 0.481815 0.463756 0.44666 0.46452 0.456935 0.36327 0.488168 0.362805 0.481696 0.362805 0.481696 0.463764 0.446766 0.46452 0.456935 0.471648 0.473875 0.363652 0.486533 0.363985 0.491089 0.363985 0.491089 0.472068 0.479943 0.471648 0.473875 0.463764 0.446766 0.362805 0.481696 0.359222 0.390156 0.359222 0.390156 0.462259 0.382608 0.463764 0.446766 0.471648 0.473875 0.468334 0.382077 0.359203 0.390256 0.359203 0.390256 0.363652 0.486533 0.471648 0.473875 0.471927 0.473757 0.472392 0.480229 0.363533 0.483315 0.363533 0.483315 0.363134 0.477905 0.471927 0.473757 0.471927 0.473757 0.363134 0.477905 0.359204 0.390266 0.359204 0.390266 0.468344 0.382216 0.471927 0.473757 0.473014 0.482026 0.472681 0.47747 0.342302 0.551585 0.472681 0.47747 0.468232 0.381193 0.353244 0.389824 0.353244 0.389824 0.342302 0.551585 0.472681 0.47747 0.34231 0.55169 0.472562 0.474251 0.472163 0.468841 0.463756 0.44666 0.464512 0.45683 0.362945 0.487882 0.362945 0.487882 0.362526 0.481815 0.463756 0.44666 0.353233 0.389671 0.34231 0.55169 0.472163 0.468841 0.472163 0.468841 0.468232 0.381202 0.353233 0.389671 0.463756 0.44666 0.362526 0.481815 0.359211 0.390017 0.359211 0.390017 0.462231 0.382244 0.463756 0.44666 0.46452 0.456935 0.463764 0.446766 0.362805 0.481696 0.362805 0.481696 0.36327 0.488168 0.46452 0.456935 0.471648 0.473875 0.472068 0.479943 0.363985 0.491089 0.363985 0.491089 0.363652 0.486533 0.471648 0.473875 0.463764 0.446766 0.462259 0.382608 0.359222 0.390156 0.359222 0.390156 0.362805 0.481696 0.463764 0.446766 0.471648 0.473875 0.363652 0.486533 0.359203 0.390256 0.359203 0.390256 0.468334 0.382077 0.471648 0.473875 0.471927 0.473757 0.363134 0.477905 0.363533 0.483315 0.363533 0.483315 0.472392 0.480229 0.471927 0.473757 0.471927 0.473757 0.468344 0.382216 0.359204 0.390266 0.359204 0.390266 0.363134 0.477905 0.471927 0.473757 0.473014 0.482026 0.342302 0.551585 0.472681 0.47747 0.472681 0.47747 0.342302 0.551585 0.353244 0.389824 0.353244 0.389824 0.468232 0.381193 0.472681 0.47747 0.81088 0.409271 0.740335 0.485689 0.816113 0.477854 0.81088 0.409271 0.749632 0.413082 0.740335 0.485689 0.811376 0.479399 0.743746 0.407382 0.814237 0.405375 0.811376 0.479399 0.740687 0.486497 0.743746 0.407382 0.807527 0.512618 0.804775 0.417887 0.743864 0.413192 0.807527 0.512618 0.743864 0.413192 0.74177 0.514439 0.810418 0.473104 0.742231 0.415033 0.812923 0.407924 0.810418 0.473104 0.739554 0.484695 0.742231 0.415033 0.738525 0.441287 0.808285 0.399992 0.739152 0.39981 0.738525 0.441287 0.807615 0.444321 0.808285 0.399992 0.757585 0.511309 0.738513 0.441288 0.807603 0.444322 0.757585 0.511309 0.807603 0.444322 0.811564 0.518991 0.80143 0.46992 0.809108 0.441003 0.748388 0.442823 0.80143 0.46992 0.748388 0.442823 0.740181 0.473731 0.818634 0.416493 0.747244 0.479076 0.808154 0.48377 0.818634 0.416493 0.743556 0.406478 0.747244 0.479076 0.445664 0.759699 0.445617 0.759663 0.410741 0.755014 0.410741 0.755014 0.410788 0.755066 0.445664 0.759699 0.445632 0.781592 0.445632 0.760752 0.410718 0.755988 0.410718 0.755988 0.410761 0.786372 0.445632 0.781592 0.445638 0.780503 0.445664 0.759699 0.410788 0.755066 0.410788 0.755066 0.410729 0.785398 0.445638 0.780503 0.410788 0.755066 0.410741 0.755014 0.399638 0.760634 0.399638 0.760634 0.399685 0.76067 0.410788 0.755066 0.410761 0.786372 0.410718 0.755988 0.399653 0.759954 0.399653 0.759954 0.399652 0.780794 0.410761 0.786372 0.410729 0.785398 0.410788 0.755066 0.399685 0.76067 0.399685 0.76067 0.399659 0.781474 0.410729 0.785398 0.388897 0.786068 0.339922 0.786057 0.339922 0.753653 0.339922 0.753653 0.388897 0.753664 0.388897 0.786068 0.339922 0.786057 0.339922 0.786079 0.339922 0.753675 0.339922 0.753675 0.339922 0.753653 0.339922 0.786057 0.339922 0.786079 0.388897 0.786068 0.388897 0.753664 0.388897 0.753664 0.339922 0.753675 0.339922 0.786079 0.473171 0.770026 0.473171 0.77019 0.473172 0.77019 0.388897 0.753664 0.339922 0.753653 0.339922 0.753675 0.445617 0.759663 0.445664 0.759699 0.473168 0.770962 0.473168 0.770962 0.473168 0.770961 0.445617 0.759663 0.445664 0.759699 0.445638 0.780503 0.473168 0.771125 0.473168 0.771125 0.473168 0.770962 0.445664 0.759699 0.445632 0.760752 0.445632 0.781592 0.473171 0.77019 0.473171 0.77019 0.473171 0.770026 0.445632 0.760752</float_array>
          <technique_common>
            <accessor source="#jugunthiz_001-mesh-map-0-array" count="1422" stride="2">
              <param name="S" type="float"/>
              <param name="T" type="float"/>
            </accessor>
          </technique_common>
        </source>
        <vertices id="jugunthiz_001-mesh-vertices">
          <input semantic="POSITION" source="#jugunthiz_001-mesh-positions"/>
        </vertices>
        <triangles material="spearman-suebi2_Mat_001-material" count="474">
          <input semantic="VERTEX" source="#jugunthiz_001-mesh-vertices" offset="0"/>
          <input semantic="NORMAL" source="#jugunthiz_001-mesh-normals" offset="1"/>
          <input semantic="TEXCOORD" source="#jugunthiz_001-mesh-map-0" offset="2" set="0"/>
          <p>15 0 0 18 0 1 17 0 2 17 1 3 0 1 4 15 1 5 19 2 6 51 2 7 16 2 8 16 3 9 3 3 10 19 3 11 20 4 12 21 4 13 19 4 14 5 5 15 20 5 16 19 5 17 33 6 18 5 6 19 19 6 20 3 7 21 33 7 22 19 7 23 22 8 24 2 8 25 32 8 26 0 9 27 22 9 28 32 9 29 0 10 30 17 10 31 22 10 32 52 11 33 19 11 34 21 11 35 21 12 36 23 12 37 53 12 38 22 13 39 17 13 40 18 13 41 18 14 42 24 14 43 22 14 44 25 15 45 1 15 46 28 15 47 29 16 48 44 16 49 26 16 50 54 17 51 9 17 52 30 17 53 30 18 54 55 18 55 56 18 56 45 19 57 10 19 58 37 19 59 31 20 60 59 20 61 28 20 62 28 21 63 1 21 64 60 21 65 62 22 66 63 22 67 31 22 68 69 23 69 66 23 70 34 23 71 69 24 72 34 24 73 36 24 74 65 25 75 4 25 76 34 25 77 34 26 78 14 26 79 36 26 80 36 27 81 67 27 82 68 27 83 37 28 84 70 28 85 71 28 86 72 29 87 45 29 88 37 29 89 34 30 90 4 30 91 38 30 92 39 31 93 73 31 94 35 31 95 41 32 96 74 32 97 37 32 98 41 33 99 37 33 100 48 33 101 41 34 102 48 34 103 50 34 104 42 35 105 6 35 106 30 35 107 42 36 108 30 36 109 76 36 110 42 23 111 76 23 112 75 23 113 50 37 114 75 37 115 41 37 116 41 23 117 75 23 118 76 23 119 41 38 120 76 38 121 9 38 122 30 39 123 9 39 124 76 39 125 37 40 126 10 40 127 42 40 128 42 41 129 49 41 130 77 41 131 37 42 132 42 42 133 78 42 134 49 43 135 47 43 136 48 43 137 79 44 138 47 44 139 49 44 140 48 45 141 47 45 142 50 45 143 50 46 144 47 46 145 80 46 146 61 23 147 64 23 148 31 23 149 61 47 150 31 47 151 28 47 152 30 48 153 6 48 154 57 48 155 44 23 156 58 23 157 7 23 158 44 49 159 7 49 160 26 49 161 46 23 162 73 23 163 39 23 164 39 50 165 11 50 166 46 50 167 79 51 168 49 51 169 42 51 170 79 23 171 42 23 172 75 23 173 38 52 174 4 52 175 96 52 176 38 53 177 96 53 178 93 53 179 85 54 180 94 54 181 114 54 182 85 55 183 114 55 184 105 55 185 12 56 186 40 56 187 95 56 188 12 57 189 95 57 190 86 57 191 1 58 192 25 58 193 98 58 194 1 59 195 98 59 196 89 59 197 27 60 198 8 60 199 81 60 200 27 61 201 81 61 202 99 61 203 8 62 204 43 62 205 83 62 206 8 63 207 83 63 208 81 63 209 15 64 210 0 64 211 90 64 212 15 65 213 90 65 214 91 65 215 3 66 216 16 66 217 92 66 218 3 67 219 92 67 220 97 67 221 43 68 222 13 68 223 87 68 224 43 69 225 87 69 226 83 69 227 111 70 228 108 70 229 120 70 230 120 71 231 101 71 232 103 71 233 103 72 234 106 72 235 115 72 236 115 73 237 117 73 238 111 73 239 111 74 240 120 74 241 103 74 242 103 75 243 115 75 244 111 75 245 100 76 246 82 76 247 102 76 248 100 77 249 102 77 250 121 77 251 91 78 252 90 78 253 109 78 254 91 79 255 109 79 256 112 79 257 82 80 258 84 80 259 104 80 260 82 81 261 104 81 262 102 81 263 97 82 264 92 82 265 113 82 266 97 83 267 113 83 268 118 83 269 89 84 270 98 84 271 122 84 272 89 85 273 122 85 274 110 85 275 93 86 276 96 86 277 119 86 278 93 87 279 119 87 280 116 87 281 84 88 282 88 88 283 107 88 284 84 89 285 107 89 286 104 89 287 131 90 288 124 90 289 143 90 290 131 91 291 143 91 292 142 91 293 137 92 294 142 92 295 154 92 296 137 93 297 154 93 298 149 93 299 127 94 300 131 94 301 142 94 302 127 95 303 142 95 304 137 95 305 123 96 306 130 96 307 145 96 308 123 97 309 145 97 310 139 97 311 130 98 312 126 98 313 133 98 314 130 99 315 133 99 316 145 99 317 126 100 318 132 100 319 135 100 320 126 101 321 135 101 322 133 101 323 129 102 324 123 102 325 139 102 326 129 103 327 139 103 328 141 103 329 125 104 330 129 104 331 141 104 332 125 105 333 141 105 334 144 105 335 132 106 336 128 106 337 138 106 338 132 107 339 138 107 340 135 107 341 155 108 342 152 108 343 162 108 344 155 109 345 162 109 346 164 109 347 146 110 348 134 110 349 147 110 350 146 111 351 147 111 352 157 111 353 141 112 354 139 112 355 150 112 356 141 113 357 150 113 358 153 113 359 134 114 360 136 114 361 148 114 362 134 115 363 148 115 364 147 115 365 144 116 366 141 116 367 153 116 368 144 117 369 153 117 370 156 117 371 140 118 372 146 118 373 157 118 374 140 119 375 157 119 376 151 119 377 142 120 378 143 120 379 155 120 380 142 121 381 155 121 382 154 121 383 136 122 384 137 122 385 149 122 386 136 123 387 149 123 388 148 123 389 162 124 390 161 124 391 165 124 392 165 125 393 158 125 394 159 125 395 159 126 396 160 126 397 163 126 398 163 127 399 164 127 400 162 127 401 162 128 402 165 128 403 159 128 404 159 129 405 163 129 406 162 129 407 151 130 408 157 130 409 165 130 410 151 131 411 165 131 412 161 131 413 154 132 414 155 132 415 164 132 416 154 133 417 164 133 418 163 133 419 148 134 420 149 134 421 160 134 422 148 135 423 160 135 424 159 135 425 149 136 426 154 136 427 163 136 428 149 137 429 163 137 430 160 137 431 157 138 432 147 138 433 158 138 434 157 139 435 158 139 436 165 139 437 152 140 438 151 140 439 161 140 440 152 141 441 161 141 442 162 141 443 147 142 444 148 142 445 159 142 446 147 143 447 159 143 448 158 143 449 179 144 450 166 144 451 180 144 452 178 145 453 170 145 454 176 145 455 172 146 456 174 146 457 171 146 458 181 147 459 167 147 460 182 147 461 171 148 462 175 148 463 177 148 464 175 149 465 171 149 466 173 149 467 173 150 468 171 150 469 174 150 470 184 151 471 174 151 472 172 151 473 177 152 474 175 152 475 168 152 476 179 153 477 170 153 478 178 153 479 170 154 480 179 154 481 180 154 482 181 155 483 172 155 484 171 155 485 181 156 486 183 156 487 172 156 488 181 157 489 182 157 490 183 157 491 173 158 492 174 158 493 184 158 494 185 159 495 170 159 496 187 159 497 180 160 498 189 160 499 166 160 500 170 161 501 176 161 502 188 161 503 188 162 504 186 162 505 170 162 506 186 163 507 187 163 508 170 163 509 191 164 510 185 164 511 187 164 512 176 165 513 169 165 514 188 165 515 180 166 516 170 166 517 185 166 518 180 167 519 185 167 520 190 167 521 180 168 522 189 168 523 190 168 524 186 169 525 191 169 526 187 169 527 211 170 528 212 170 529 192 170 530 210 171 531 207 171 532 197 171 533 202 172 534 200 172 535 204 172 536 214 173 537 216 173 538 194 173 539 201 174 540 209 174 541 206 174 542 206 175 543 203 175 544 201 175 545 203 176 546 205 176 547 201 176 548 220 177 549 202 177 550 204 177 551 209 178 552 195 178 553 206 178 554 211 179 555 210 179 556 197 179 557 197 180 558 212 180 559 211 180 560 214 181 561 200 181 562 202 181 563 214 182 564 202 182 565 218 182 566 215 183 567 219 183 568 217 183 569 203 184 570 221 184 571 205 184 572 222 185 573 224 185 574 198 185 575 213 186 576 193 186 577 227 186 578 199 187 579 226 187 580 208 187 581 226 188 582 199 188 583 223 188 584 223 189 585 199 189 586 225 189 587 231 190 588 224 190 589 222 190 590 208 191 591 226 191 592 196 191 593 213 192 594 222 192 595 198 192 596 213 193 597 229 193 598 222 193 599 212 194 600 230 194 601 228 194 602 223 195 603 225 195 604 232 195 605 252 196 606 250 196 607 253 196 608 233 197 609 253 197 610 250 197 611 233 198 612 250 198 613 251 198 614 247 199 615 248 199 616 234 199 617 254 200 618 252 200 619 253 200 620 255 201 621 234 201 622 248 201 623 248 202 624 249 202 625 255 202 626 245 203 627 246 203 628 243 203 629 246 204 630 235 204 631 243 204 632 235 205 633 244 205 634 243 205 635 235 206 636 236 206 637 244 206 638 241 207 639 237 207 640 240 207 641 238 208 642 246 208 643 245 208 644 239 209 645 240 209 646 237 209 647 240 210 648 239 210 649 242 210 650 487 211 651 257 211 652 553 211 653 256 212 654 553 212 655 257 212 656 439 213 657 259 213 658 438 213 659 259 214 660 439 214 661 258 214 662 506 215 663 265 215 664 507 215 665 266 216 666 276 216 667 457 216 668 276 217 669 524 217 670 266 217 671 458 218 672 267 218 673 488 218 674 267 219 675 268 219 676 488 219 677 270 220 678 269 220 679 554 220 680 269 221 681 525 221 682 554 221 683 553 222 684 256 222 685 566 222 686 271 223 687 498 223 688 497 223 689 459 224 690 441 224 691 440 224 692 440 225 693 460 225 694 459 225 695 526 226 696 510 226 697 508 226 698 508 227 699 527 227 700 526 227 701 457 228 702 461 228 703 442 228 704 442 229 705 276 229 706 457 229 707 276 230 708 512 230 709 528 230 710 528 231 711 276 231 712 524 231 713 448 232 714 446 232 715 573 232 716 448 233 717 573 233 718 574 233 719 489 234 720 487 234 721 553 234 722 499 235 723 490 235 724 463 235 725 463 236 726 464 236 727 499 236 728 531 237 729 530 237 730 557 237 731 557 238 732 567 238 733 531 238 734 566 239 735 568 239 736 555 239 737 555 240 738 553 240 739 566 240 740 498 241 741 502 241 742 500 241 743 500 242 744 497 242 745 498 242 746 289 243 747 290 243 748 278 243 749 280 244 750 282 244 751 279 244 752 304 245 753 277 245 754 303 245 755 357 246 756 356 246 757 365 246 758 358 247 759 357 247 760 366 247 761 366 248 762 357 248 763 365 248 764 372 249 765 361 249 766 367 249 767 359 250 768 367 250 769 361 250 770 373 251 771 367 251 772 359 251 773 373 252 774 359 252 775 363 252 776 374 253 777 368 253 778 371 253 779 374 254 780 375 254 781 368 254 782 376 255 783 370 255 784 369 255 785 377 256 786 369 256 787 370 256 788 491 257 789 558 257 790 261 257 791 260 258 792 261 258 793 558 258 794 445 259 795 444 259 796 263 259 797 263 260 798 262 260 799 445 260 800 369 261 801 378 261 802 376 261 803 380 262 804 376 262 805 379 262 806 380 263 807 370 263 808 376 263 809 375 264 810 381 264 811 368 264 812 360 265 813 355 265 814 305 265 815 305 266 816 355 266 817 306 266 818 364 267 819 308 267 820 307 267 821 307 268 822 309 268 823 364 268 824 273 269 825 272 269 826 310 269 827 311 270 828 273 270 829 310 270 830 275 271 831 274 271 832 284 271 833 284 272 834 274 272 835 283 272 836 290 273 837 291 273 838 312 273 839 312 274 840 278 274 841 290 274 842 260 275 843 278 275 844 312 275 845 260 276 846 312 276 847 261 276 848 280 277 849 287 277 850 282 277 851 262 278 852 288 278 853 281 278 854 263 279 855 288 279 856 262 279 857 377 280 858 370 280 859 380 280 860 313 281 861 362 281 862 314 281 863 331 282 864 338 282 865 332 282 866 333 283 867 339 283 868 331 283 869 339 284 870 338 284 871 331 284 872 345 285 873 340 285 874 336 285 875 334 286 876 336 286 877 340 286 878 346 287 879 334 287 880 340 287 881 346 288 882 337 288 883 334 288 884 347 289 885 342 289 886 341 289 887 347 290 888 341 290 889 348 290 890 349 291 891 344 291 892 343 291 893 350 292 894 343 292 895 344 292 896 344 293 897 349 293 898 351 293 899 353 294 900 352 294 901 349 294 902 353 295 903 349 295 904 343 295 905 348 296 906 341 296 907 354 296 908 285 297 909 286 297 910 335 297 911 286 298 912 315 298 913 335 298 914 292 299 915 286 299 916 285 299 917 285 300 918 316 300 919 292 300 920 350 301 921 353 301 922 343 301 923 318 302 924 317 302 925 282 302 926 304 303 927 320 303 928 277 303 929 321 304 930 312 304 931 291 304 932 514 305 933 515 305 934 262 305 935 262 306 936 515 306 937 264 306 938 264 307 939 445 307 940 262 307 941 465 308 942 492 308 943 275 308 944 275 309 945 492 309 946 274 309 947 273 310 948 561 310 949 272 310 950 272 311 951 561 311 952 532 311 953 558 312 954 570 312 955 260 312 956 261 313 957 504 313 958 491 313 959 263 314 960 319 314 961 288 314 962 287 315 963 318 315 964 282 315 965 324 316 966 323 316 967 322 316 968 322 317 969 325 317 970 324 317 971 326 318 972 323 318 973 324 318 974 328 319 975 327 319 976 326 319 977 326 320 978 324 320 979 328 320 980 444 321 981 445 321 982 447 321 983 447 322 984 449 322 985 444 322 986 515 323 987 514 323 988 516 323 989 516 324 990 517 324 991 515 324 992 445 325 993 264 325 994 450 325 995 450 326 996 447 326 997 445 326 998 264 327 999 515 327 1000 517 327 1001 517 328 1002 518 328 1003 264 328 1004 558 329 1005 491 329 1006 493 329 1007 533 330 1008 564 330 1009 590 330 1010 533 331 1011 590 331 1012 585 331 1013 492 332 1014 465 332 1015 466 332 1016 466 333 1017 495 333 1018 492 333 1019 532 334 1020 561 334 1021 565 334 1022 565 335 1023 534 335 1024 532 335 1025 570 336 1026 558 336 1027 562 336 1028 562 337 1029 571 337 1030 570 337 1031 491 338 1032 504 338 1033 505 338 1034 505 339 1035 493 339 1036 491 339 1037 451 340 1038 477 340 1039 453 340 1040 480 341 1041 452 341 1042 454 341 1043 544 342 1044 519 342 1045 521 342 1046 520 343 1047 546 343 1048 478 343 1049 473 344 1050 479 344 1051 452 344 1052 472 345 1053 473 345 1054 452 345 1055 471 346 1056 451 346 1057 481 346 1058 481 347 1059 474 347 1060 471 347 1061 479 348 1062 455 348 1063 452 348 1064 451 349 1065 468 349 1066 481 349 1067 456 350 1068 454 350 1069 452 350 1070 452 351 1071 455 351 1072 456 351 1073 451 352 1074 453 352 1075 469 352 1076 468 353 1077 451 353 1078 469 353 1079 545 354 1080 540 354 1081 520 354 1082 540 355 1083 539 355 1084 520 355 1085 519 356 1086 538 356 1087 547 356 1088 541 357 1089 547 357 1090 538 357 1091 522 358 1092 545 358 1093 520 358 1094 535 359 1095 519 359 1096 547 359 1097 478 360 1098 523 360 1099 520 360 1100 522 361 1101 520 361 1102 523 361 1103 521 362 1104 519 362 1105 536 362 1106 519 363 1107 535 363 1108 536 363 1109 539 364 1110 542 364 1111 546 364 1112 475 365 1113 472 365 1114 480 365 1115 451 366 1116 471 366 1117 477 366 1118 480 367 1119 472 367 1120 452 367 1121 544 368 1122 538 368 1123 519 368 1124 520 369 1125 539 369 1126 546 369 1127 472 370 1128 483 370 1129 473 370 1130 482 371 1131 476 371 1132 484 371 1133 474 372 1134 485 372 1135 471 372 1136 548 373 1137 549 373 1138 543 373 1139 539 374 1140 540 374 1141 550 374 1142 538 375 1143 551 375 1144 541 375 1145 478 376 1146 546 376 1147 537 376 1148 470 377 1149 480 377 1150 454 377 1151 539 378 1152 550 378 1153 552 378 1154 552 379 1155 542 379 1156 539 379 1157 472 380 1158 475 380 1159 486 380 1160 486 381 1161 483 381 1162 472 381 1163 406 382 1164 411 382 1165 409 382 1166 296 383 1167 388 383 1168 386 383 1169 386 384 1170 295 384 1171 296 384 1172 408 385 1173 417 385 1174 411 385 1175 411 386 1176 406 386 1177 408 386 1178 296 387 1179 297 387 1180 390 387 1181 390 388 1182 388 388 1183 296 388 1184 294 389 1185 384 389 1186 382 389 1187 382 390 1188 293 390 1189 294 390 1190 389 391 1191 415 391 1192 413 391 1193 413 392 1194 387 392 1195 389 392 1196 293 393 1197 382 393 1198 402 393 1199 402 394 1200 329 394 1201 293 394 1202 389 395 1203 391 395 1204 432 395 1205 432 396 1206 415 396 1207 389 396 1208 383 397 1209 385 397 1210 410 397 1211 410 398 1212 412 398 1213 383 398 1214 383 399 1215 412 399 1216 418 399 1217 418 400 1218 403 400 1219 383 400 1220 414 401 1221 416 401 1222 407 401 1223 416 402 1224 433 402 1225 434 402 1226 434 403 1227 407 403 1228 416 403 1229 419 404 1230 422 404 1231 424 404 1232 301 405 1233 300 405 1234 396 405 1235 396 406 1236 398 406 1237 301 406 1238 421 407 1239 419 407 1240 424 407 1241 424 408 1242 430 408 1243 421 408 1244 301 409 1245 398 409 1246 400 409 1247 400 410 1248 302 410 1249 301 410 1250 299 411 1251 298 411 1252 392 411 1253 392 412 1254 394 412 1255 299 412 1256 399 413 1257 397 413 1258 426 413 1259 426 414 1260 428 414 1261 399 414 1262 298 415 1263 330 415 1264 404 415 1265 404 416 1266 392 416 1267 298 416 1268 399 417 1269 428 417 1270 435 417 1271 435 418 1272 401 418 1273 399 418 1274 393 419 1275 425 419 1276 423 419 1277 423 420 1278 395 420 1279 393 420 1280 393 421 1281 405 421 1282 431 421 1283 431 422 1284 425 422 1285 393 422 1286 427 423 1287 420 423 1288 429 423 1289 429 424 1290 420 424 1291 437 424 1292 437 425 1293 436 425 1294 429 425 1295 556 426 1296 591 426 1297 569 426 1298 556 427 1299 586 427 1300 591 427 1301 443 428 1302 575 428 1303 462 428 1304 443 429 1305 572 429 1306 575 429 1307 559 430 1308 494 430 1309 577 430 1310 559 431 1311 577 431 1312 587 431 1313 529 432 1314 583 432 1315 513 432 1316 529 433 1317 584 433 1318 583 433 1319 509 434 1320 582 434 1321 511 434 1322 509 435 1323 581 435 1324 582 435 1325 496 436 1326 467 436 1327 576 436 1328 496 437 1329 576 437 1330 578 437 1331 563 438 1332 560 438 1333 588 438 1334 563 439 1335 588 439 1336 589 439 1337 501 440 1338 580 440 1339 503 440 1340 501 441 1341 579 441 1342 580 441 1343 592 442 1344 593 442 1345 596 442 1346 596 443 1347 595 443 1348 592 443 1349 607 444 1350 594 444 1351 597 444 1352 597 445 1353 608 445 1354 607 445 1355 609 446 1356 592 446 1357 595 446 1358 595 447 1359 610 447 1360 609 447 1361 595 448 1362 596 448 1363 599 448 1364 599 449 1365 598 449 1366 595 449 1367 608 450 1368 597 450 1369 600 450 1370 600 451 1371 611 451 1372 608 451 1373 610 452 1374 595 452 1375 598 452 1376 598 453 1377 612 453 1378 610 453 1379 614 454 1380 613 454 1381 602 454 1382 602 455 1383 601 455 1384 614 455 1385 613 456 1386 615 456 1387 603 456 1388 603 457 1389 602 457 1390 613 457 1391 615 458 1392 614 458 1393 601 458 1394 601 459 1395 603 459 1396 615 459 1397 606 460 1398 604 460 1399 605 460 1400 601 461 1401 602 461 1402 603 461 1403 593 462 1404 592 462 1405 616 462 1406 616 463 1407 617 463 1408 593 463 1409 592 464 1410 609 464 1411 618 464 1412 618 465 1413 616 465 1414 592 465 1415 594 466 1416 607 466 1417 604 466 1418 604 467 1419 606 467 1420 594 467 1421</p>
        </triangles>
      </mesh>
    </geometry>
  </library_geometries>
  <library_controllers>
    <controller id="skortamarewa_Skin_jugunthiz-skin" name="skortamarewa_Skin">
      <skin source="#jugunthiz_001-mesh">
        <bind_shape_matrix>1 0 0 0 0 1 0 0 0 0 1 0 0 0 0 1</bind_shape_matrix>
        <source id="skortamarewa_Skin_jugunthiz-skin-joints">
          <Name_array id="skortamarewa_Skin_jugunthiz-skin-joints-array" count="33">pelvis femurleft butt-l knee-l-top knee-l-bopttom ankle_left foot_left01 femurright butt-r knee-r-top knee-r-bopttom ankleright foot_right01 lumbar rib scapula ulna carpal ammo_node_1 scapula01 ulna01 carpal_right smoke_node_1 ammo_node_0 neck skull nogginbottom plumes skulltop smoke_node_0 cloaktop cloak cloakbottom</Name_array>
          <technique_common>
            <accessor source="#skortamarewa_Skin_jugunthiz-skin-joints-array" count="33" stride="1">
              <param name="JOINT" type="name"/>
            </accessor>
          </technique_common>
        </source>
        <source id="skortamarewa_Skin_jugunthiz-skin-bind_poses">
          <float_array id="skortamarewa_Skin_jugunthiz-skin-bind_poses-array" count="528">1 0 0 -2.88205e-4 0 0 1 -1.989969 0 -1 0 0.05965083 0 0 0 1 1 0 0 -0.229566 0 0 1 -1.980152 0 -1 0 0 0 0 0 1 1 0 0 -0.2300335 0 -5.28991e-7 1 -1.881625 0 -1 -5.43892e-7 0.2278664 0 0 0 1 1 0 0 -0.2579528 0 0 1 -1.492427 0 -1 0 -0.357712 0 0 0 1 1 0 0 -0.2616622 0 -1.93715e-7 1 -1.243225 0 -1 -2.10479e-7 0.03760045 0 0 0 1 1 -8.33421e-7 3.386e-7 -0.2703903 0 -0.3687217 -0.9295399 0.1499913 8.99548e-7 0.9295405 -0.3687216 -0.04846745 0 0 0 1 1 -9.64348e-7 4.41185e-5 -0.2703917 0 -0.9997618 -0.02185273 -0.2401521 4.4129e-5 0.02185291 -0.9997613 0.02881634 0 0 0 1 1 0 0 0.2313526 0 0 1 -1.980152 0 -1 0 0 0 0 0 1 1 0 0 0.234615 0 -6.78003e-7 1 -1.884256 0 -1 -6.92904e-7 0.2262769 0 0 0 1 1 0 0 0.1784679 0 -6.78002e-7 1 -1.491813 0 -1 -7.00355e-7 -0.3589498 0 0 0 1 1 0 0 0.2454932 0 0 1 -1.243115 0 -1 0 0.03760033 0 0 0 1 1 -7.62964e-7 2.95831e-7 0.2586692 0 -0.3687204 -0.9295402 0.1530215 8.18284e-7 0.9295395 -0.3687204 -0.04726499 0 0 0 1 1 -7.93621e-7 3.63244e-5 0.2586681 0 -0.9997605 -0.02184325 -0.2400807 3.6333e-5 0.02184295 -0.9997613 0.03209418 0 0 0 1 1 0 0 -0.004826366 0 0 1 -2.179734 0 -1 0 0.1130515 0 0 0 1 1 0 0 0.007960081 0 0 1 -2.884792 0 -1 0 -1.76977e-7 0 0 0 1 0.2905108 0 0.9568717 -3.113989 -0.9568718 0 0.290511 -0.5165901 0 -1 0 0 0 0 0 1 0.290511 0 0.9568718 -3.237728 -0.9568717 0 0.290511 0.08276635 0 -1 0 0 0 0 0 1 0.2905102 0 0.9568718 -3.341038 -0.9568719 0 0.2905105 0.6581727 0 -1 0 -0.07377851 0 0 0 1 0.2905463 -5.0166e-7 0.9568609 -3.517736 -0.001839339 -0.9999982 5.57979e-4 8.14054e-4 0.9568592 -0.00192213 -0.2905461 -0.4226938 0 0 0 1 0.2520157 0 -0.9677231 3.142462 0.9677232 0 0.2520158 -0.352083 0 -1 0 -5.09008e-7 0 0 0 1 0.2520155 0 -0.9677233 3.254464 0.9677232 -1.52333e-7 0.2520157 0.2472739 -1.65095e-7 -1 0 -5.41793e-7 0 0 0 1 0.2520156 -1.60426e-7 -0.9677231 3.392209 0.9677233 -1.52333e-7 0.2520156 0.7784103 -1.87846e-7 -1 0 -7.04354e-7 0 0 0 1 0.2535207 -1.02378e-5 -0.96733 3.367605 -0.006453871 -0.9999778 -0.00168085 -0.05485308 -0.9673085 0.006669282 -0.2535153 -0.9552407 0 0 0 1 0.251968 5.02526e-7 -0.9677356 3.363449 0.9677355 1.77598e-7 0.2519683 1.016043 4.61936e-7 -1 -4.47035e-7 -1.61781 0 0 0 1 1 0 0 0.02165722 0 0 1 -3.354292 0 -1 -1.1924e-7 1.5935e-7 0 0 0 1 1 0 0 0.02895486 0 0 1 -3.806294 0 -1 0 0 0 0 0 1 1 3.1956e-7 0 0.02715581 0 0.04181367 0.9991254 -3.880912 3.19805e-7 -0.9991255 0.04181367 -0.4448732 0 0 0 1 1 5.5322e-7 0 0.03132408 0 0.02110123 0.9997774 -3.983411 5.53321e-7 -0.9997773 0.02110117 -0.2703227 0 0 0 1 1 0 0 0.03312313 0 0 1 -4.176583 0 -1 0 0 0 0 0 1 0.9999997 -8.08955e-4 -2.00661e-4 0.01563721 -8.08955e-4 -0.9999997 -1.78814e-7 -0.243032 -2.00661e-4 1.59314e-7 -1 3.446476 0 0 0 1 1 0 0 -0.001975238 0 -0.925791 0.3780359 -1.039932 0 -0.3780358 -0.925791 3.070837 0 0 0 1 1 0 0 -0.006513416 0 -0.9257915 0.3780347 -0.1808472 0 -0.3780347 -0.9257914 3.306535 0 0 0 1 1 0 0 0.02082622 0 -0.9257909 0.3780362 0.6503671 0 -0.378036 -0.925791 3.424245 0 0 0 1</float_array>
          <technique_common>
            <accessor source="#skortamarewa_Skin_jugunthiz-skin-bind_poses-array" count="33" stride="16">
              <param name="TRANSFORM" type="float4x4"/>
            </accessor>
          </technique_common>
        </source>
        <source id="skortamarewa_Skin_jugunthiz-skin-weights">
          <float_array id="skortamarewa_Skin_jugunthiz-skin-weights-array" count="621">1 1 1 1 1 1 1 1 1 1 1 1 1 1 1 1 1 1 1 1 1 1 1 1 1 1 1 1 1 1 1 1 1 1 1 1 1 1 1 1 1 1 1 1 1 1 1 1 1 1 1 1 1 1 1 1 1 1 1 1 1 1 1 1 1 1 1 1 1 1 1 1 1 1 1 1 1 1 1 1 1 1 1 1 1 1 1 1 1 1 1 1 1 1 1 1 1 1 1 1 1 1 1 1 1 1 1 1 1 1 1 1 1 1 1 1 1 1 1 1 1 1 1 1 1 1 1 1 1 1 1 1 1 1 1 1 1 1 1 1 1 1 1 1 1 1 1 1 1 1 1 1 1 1 1 1 1 1 1 1 1 1 1 1 1 1 1 1 1 1 1 1 1 1 1 1 1 1 1 1 1 1 1 1 1 1 1 1 1 1 1 1 1 1 1 1 1 1 1 1 1 1 1 1 1 1 1 1 1 1 1 1 1 1 1 1 1 1 1 1 1 1 1 1 1 1 1 1 1 1 1 1 1 1 1 1 1 1 1 1 1 1 1 1 1 1 1 1 1 1 1 1 1 1 1 1 1 1 1 1 1 1 1 1 1 1 1 1 1 1 1 1 1 1 1 1 1 1 1 1 1 1 1 1 1 1 1 1 1 1 1 1 1 1 1 1 1 1 1 1 1 1 1 1 1 1 1 1 1 1 1 1 1 1 1 1 1 1 1 1 1 1 1 1 1 1 1 1 1 1 1 1 1 1 1 1 1 1 1 1 1 1 1 1 1 1 1 1 1 1 1 1 1 1 1 1 1 1 1 1 1 1 1 1 1 1 1 1 1 1 1 1 1 1 1 1 1 1 1 1 1 1 1 1 1 1 1 1 1 1 1 1 1 1 1 1 1 1 1 1 1 1 1 1 1 1 0.5 0.5 1 1 1 1 1 1 1 1 1 1 1 1 0.5 0.5 1 1 1 1 1 1 1 1 1 1 1 1 1 1 1 1 1 1 1 1 1 1 1 1 1 1 1 1 1 1 1 1 1 1 1 1 1 1 1 1 1 1 1 1 1 1 1 1 1 1 1 1 1 1 1 1 1 1 1 1 1 1 1 1 1 1 1 1 1 1 1 1 1 1 1 1 1 1 1 1 1 1 1 1 1 1 1 1 1 1 1 1 1 1 1 1 1 1 1 1 1 1 1 1 1 1 1 1 1 1 1 1 1 1 1 1 1 1 1 1 1 1 1 1 1 1 1 1 1 1 1 1 1 1 1 1 1 1 1 1 1 1 1 1 1 1 1 1 1 1 1 1 1 1 1 1 1 1 1 1 1 1 1 1 1 1 1 1 1 1 1 1 1 1 1 1 1 1 1 1 1 1 1 1 1 1 1 1 1 1 1 1 1 1 1 1 1 1 1</float_array>
          <technique_common>
            <accessor source="#skortamarewa_Skin_jugunthiz-skin-weights-array" count="621" stride="1">
              <param name="WEIGHT" type="float"/>
            </accessor>
          </technique_common>
        </source>
        <joints>
          <input semantic="JOINT" source="#skortamarewa_Skin_jugunthiz-skin-joints"/>
          <input semantic="INV_BIND_MATRIX" source="#skortamarewa_Skin_jugunthiz-skin-bind_poses"/>
        </joints>
        <vertex_weights count="619">
          <input semantic="JOINT" source="#skortamarewa_Skin_jugunthiz-skin-joints" offset="0"/>
          <input semantic="WEIGHT" source="#skortamarewa_Skin_jugunthiz-skin-weights" offset="1"/>
          <vcount>1 1 1 1 1 1 1 1 1 1 1 1 1 1 1 1 1 1 1 1 1 1 1 1 1 1 1 1 1 1 1 1 1 1 1 1 1 1 1 1 1 1 1 1 1 1 1 1 1 1 1 1 1 1 1 1 1 1 1 1 1 1 1 1 1 1 1 1 1 1 1 1 1 1 1 1 1 1 1 1 1 1 1 1 1 1 1 1 1 1 1 1 1 1 1 1 1 1 1 1 1 1 1 1 1 1 1 1 1 1 1 1 1 1 1 1 1 1 1 1 1 1 1 1 1 1 1 1 1 1 1 1 1 1 1 1 1 1 1 1 1 1 1 1 1 1 1 1 1 1 1 1 1 1 1 1 1 1 1 1 1 1 1 1 1 1 1 1 1 1 1 1 1 1 1 1 1 1 1 1 1 1 1 1 1 1 1 1 1 1 1 1 1 1 1 1 1 1 1 1 1 1 1 1 1 1 1 1 1 1 1 1 1 1 1 1 1 1 1 1 1 1 1 1 1 1 1 1 1 1 1 1 1 1 1 1 1 1 1 1 1 1 1 1 1 1 1 1 1 1 1 1 1 1 1 1 1 1 1 1 1 1 1 1 1 1 1 1 1 1 1 1 1 1 1 1 1 1 1 1 1 1 1 1 1 1 1 1 1 1 1 1 1 1 1 1 1 1 1 1 1 1 1 1 1 1 1 1 1 1 1 1 1 1 1 1 1 1 1 1 1 1 1 1 1 1 1 1 1 1 1 1 1 1 1 1 1 1 1 1 1 1 1 1 1 1 1 1 1 1 1 1 1 1 1 1 1 1 1 1 1 1 1 1 1 1 1 1 1 1 1 1 1 1 1 1 1 1 1 1 1 1 1 1 1 1 1 1 1 1 1 1 1 1 1 1 1 1 1 1 1 1 1 1 1 1 2 1 1 1 1 1 1 1 1 1 1 1 1 2 1 1 1 1 1 1 1 1 1 1 1 1 1 1 1 1 1 1 1 1 1 1 1 1 1 1 1 1 1 1 1 1 1 1 1 1 1 1 1 1 1 1 1 1 1 1 1 1 1 1 1 1 1 1 1 1 1 1 1 1 1 1 1 1 1 1 1 1 1 1 1 1 1 1 1 1 1 1 1 1 1 1 1 1 1 1 1 1 1 1 1 1 1 1 1 1 1 1 1 1 1 1 1 1 1 1 1 1 1 1 1 1 1 1 1 1 1 1 1 1 1 1 1 1 1 1 1 1 1 1 1 1 1 1 1 1 1 1 1 1 1 1 1 1 1 1 1 1 1 1 1 1 1 1 1 1 1 1 1 1 1 1 1 1 1 1 1 1 1 1 1 1 1 1 1 1 1 1 1 1 1 1 1 1 1 1 1 1 1 1 1 1 1 1 1 1 1 1 1 </vcount>
          <v>24 0 24 1 24 2 24 3 24 4 24 5 24 6 24 7 24 8 24 9 24 10 24 11 24 12 24 13 24 14 24 15 24 16 24 17 24 18 24 19 24 20 24 21 24 22 24 23 24 24 24 25 24 26 24 27 24 28 24 29 24 30 24 31 24 32 24 33 24 34 24 35 24 36 24 37 24 38 24 39 24 40 24 41 24 42 24 43 24 44 24 45 24 46 24 47 24 48 24 49 24 50 24 51 24 52 24 53 24 54 24 55 24 56 24 57 24 58 24 59 24 60 24 61 24 62 24 63 24 64 24 65 24 66 24 67 24 68 24 69 24 70 24 71 24 72 24 73 24 74 24 75 24 76 24 77 24 78 24 79 24 80 24 81 24 82 24 83 24 84 24 85 24 86 24 87 24 88 24 89 24 90 24 91 24 92 24 93 24 94 24 95 24 96 24 97 24 98 24 99 24 100 24 101 24 102 24 103 24 104 24 105 24 106 24 107 24 108 24 109 24 110 24 111 24 112 24 113 24 114 24 115 24 116 24 117 24 118 24 119 24 120 24 121 24 122 24 123 24 124 24 125 24 126 24 127 24 128 24 129 24 130 24 131 24 132 24 133 24 134 24 135 24 136 24 137 24 138 24 139 24 140 24 141 24 142 24 143 24 144 24 145 24 146 24 147 24 148 24 149 24 150 24 151 24 152 24 153 24 154 24 155 24 156 24 157 24 158 24 159 24 160 24 161 24 162 24 163 24 164 24 165 16 166 16 167 16 168 16 169 16 170 16 171 16 172 16 173 16 174 16 175 16 176 16 177 16 178 16 179 16 180 16 181 16 182 16 183 16 184 16 185 16 186 16 187 16 188 16 189 16 190 16 191 16 192 16 193 16 194 16 195 16 196 16 197 16 198 16 199 16 200 16 201 16 202 16 203 16 204 16 205 16 206 16 207 16 208 16 209 16 210 16 211 16 212 16 213 16 214 16 215 16 216 16 217 16 218 16 219 16 220 16 221 16 222 16 223 16 224 16 225 16 226 16 227 16 228 16 229 16 230 16 231 16 232 14 233 14 234 14 235 14 236 14 237 15 238 15 239 15 240 16 241 16 242 16 243 16 244 16 245 15 246 20 247 19 248 20 249 20 250 20 251 20 252 19 253 19 254 19 255 0 256 0 257 0 258 0 259 0 260 0 261 0 262 0 263 0 264 0 265 0 266 0 267 0 268 0 269 0 270 0 271 0 272 0 273 0 274 0 275 0 276 14 277 14 278 14 279 14 280 14 281 14 282 14 283 14 284 15 285 14 286 14 287 14 288 14 289 14 290 14 291 14 292 14 293 14 294 14 295 14 296 30 297 14 298 14 299 14 300 14 301 30 302 14 303 14 304 14 305 14 306 14 307 14 308 14 309 14 310 14 311 14 312 14 313 14 314 14 315 14 316 14 317 14 318 14 319 14 320 14 321 14 322 14 323 14 324 14 325 14 326 14 327 14 328 30 329 30 330 15 331 16 332 16 333 16 334 15 335 16 336 16 337 16 338 16 339 16 340 16 341 16 342 16 343 16 344 16 345 16 346 16 347 16 348 16 349 16 350 16 351 16 352 16 353 16 354 19 355 20 356 19 357 20 358 20 359 19 360 20 361 20 362 20 363 19 364 20 365 20 366 20 367 20 368 20 369 20 370 20 371 20 372 20 373 20 374 20 375 20 376 20 377 20 378 20 379 20 380 20 381 30 382 30 383 30 384 30 385 30 386 30 387 30 388 30 389 30 390 30 391 30 392 30 393 30 394 30 395 30 396 30 397 30 398 30 399 30 400 30 401 30 402 30 403 30 404 30 405 30 406 31 407 31 408 31 409 30 410 30 411 30 412 30 413 30 414 30 415 30 416 30 417 30 418 30 419 30 420 31 421 31 422 31 423 30 424 30 425 30 426 30 427 30 428 30 429 30 430 30 431 30 432 30 433 30 434 30 435 31 436 30 437 30 438 31 439 1 440 0 441 1 442 1 443 0 444 0 445 1 446 0 447 1 448 1 449 1 450 1 451 0 452 4 453 4 454 1 455 1 456 1 457 1 458 0 459 1 460 1 461 0 462 1 463 1 464 1 465 1 466 1 467 1 468 1 469 1 470 1 471 1 472 4 473 4 474 4 475 4 476 4 477 4 478 4 479 1 480 4 481 4 482 4 483 4 484 4 485 4 486 4 487 4 488 2 489 1 490 2 491 2 492 2 493 1 494 2 495 2 496 2 497 2 498 1 499 2 500 1 501 2 502 2 503 2 504 2 505 1 506 2 507 7 508 7 509 7 510 7 511 7 512 7 513 0 514 0 515 7 516 7 517 7 518 7 519 0 520 10 521 10 522 7 523 7 524 7 525 7 526 7 527 7 528 7 529 7 530 7 531 7 532 7 533 7 534 7 535 7 536 7 537 7 538 7 539 10 540 10 541 10 542 10 543 10 544 10 545 10 546 10 547 10 548 10 549 10 550 10 551 10 552 10 553 10 554 8 555 7 556 8 557 8 558 8 559 8 560 8 561 8 562 7 563 8 564 8 565 8 566 8 567 7 568 7 569 8 570 8 571 7 572 8 573 9 574 3 575 3 576 3 577 3 578 2 579 2 580 2 581 2 582 9 583 9 584 9 585 9 586 9 587 8 588 8 589 8 590 8 591 8 592 8 593 22 594 22 595 22 596 22 597 22 598 22 599 22 600 22 601 22 602 22 603 22 604 22 605 22 606 22 607 22 608 22 609 22 610 22 611 22 612 22 613 22 614 22 615 22 616 22 617 22 618 22 619 22 620</v>
        </vertex_weights>
      </skin>
    </controller>
  </library_controllers>
  <library_visual_scenes>
    <visual_scene id="Scene" name="Scene">
      <node id="LAMP_FRONT_PEACH" name="LAMP_FRONT_PEACH" type="NODE">
        <matrix sid="transform">3.595629 0.1442683 -0.009944758 0.07793808 -0.1375951 3.336951 -1.339883 -21.84175 -0.04449517 1.339181 3.339772 55.79722 0 0 0 1</matrix>
        <instance_light url="#LAMP_FRONT_PEACH-light"/>
      </node>
      <node id="Lamp_WEST" name="Lamp_WEST" type="NODE">
        <matrix sid="transform">-0.7364148 2.458481 -2.522504 -28.80603 -3.515288 -0.6763866 0.3670271 3.436447 -0.223385 2.539259 2.540025 33.30629 0 0 0 1</matrix>
        <instance_light url="#Lamp_WEST-light"/>
      </node>
      <node id="Camera" name="Camera" type="NODE">
        <matrix sid="transform">0.6859207 -0.3240135 0.6515582 7.481132 0.7276763 0.3054208 -0.6141704 -6.50764 0 0.8953956 0.4452714 5.343665 0 0 0 1</matrix>
        <instance_camera url="#Camera-camera"/>
      </node>
      <node id="Lamp" name="Lamp" type="NODE">
        <matrix sid="transform">-0.2908646 -0.7711008 0.5663932 4.076245 0.9551712 -0.1998834 0.2183912 1.005454 -0.05518906 0.6045247 0.7946723 5.903862 0 0 0 1</matrix>
        <instance_light url="#Lamp-light"/>
      </node>
      <node id="skortamarewa_Skin" name="skortamarewa_Skin" type="NODE">
        <matrix sid="transform">1 0 0 0 0 1 0 0 0 0 1 0 0 0 0 1</matrix>
        <node id="skortamarewa_Skin_root" name="root" sid="root" type="JOINT">
          <matrix sid="transform">1 3.61195e-15 4.54487e-8 0 4.54487e-8 -1.34359e-7 -1 -1.01207e-7 2.49451e-15 1 -1.19209e-7 2.154822 0 0 0 1</matrix>
          <node id="skortamarewa_Skin_pelvis" name="pelvis" sid="pelvis" type="JOINT">
            <matrix sid="transform">1 0 1.28251e-8 2.88204e-4 -4.77771e-16 1 3.72529e-8 -0.1648533 -1.28251e-8 -3.72529e-8 1 -0.05965078 0 0 0 1</matrix>
            <node id="skortamarewa_Skin_femurleft" name="femurleft" sid="femurleft" type="JOINT">
              <matrix sid="transform">1 -3.7399e-15 5.09437e-9 0.2292778 0 1 0 -0.0098176 -5.09437e-9 2.48583e-10 1 0.05965089 0 0 0 1</matrix>
              <node id="skortamarewa_Skin_butt-l" name="butt-l" sid="butt-l" type="JOINT">
                <matrix sid="transform">1 -4.2346e-15 4.2319e-9 4.67524e-4 1.89181e-15 1 -4.47035e-7 -0.09852624 -4.2319e-9 4.47035e-7 1 -0.2278656 0 0 0 1</matrix>
                <extra>
                  <technique profile="blender">
                    <layer sid="layer" type="string">0</layer>
                    <roll sid="roll" type="float">0</roll>
                    <tip_x sid="tip_x" type="float">0</tip_x>
                    <tip_y sid="tip_y" type="float">0</tip_y>
                    <tip_z sid="tip_z" type="float">0.1</tip_z>
                  </technique>
                </extra>
              </node>
              <node id="skortamarewa_Skin_knee-l-top" name="knee-l-top" sid="knee-l-top" type="JOINT">
                <matrix sid="transform">1 -4.23459e-15 7.79386e-9 0.02838679 0 0.9999999 0 -0.4877245 -7.79386e-9 0 1 0.357712 0 0 0 1</matrix>
                <extra>
                  <technique profile="blender">
                    <layer sid="layer" type="string">0</layer>
                    <roll sid="roll" type="float">0</roll>
                    <tip_x sid="tip_x" type="float">0</tip_x>
                    <tip_y sid="tip_y" type="float">0</tip_y>
                    <tip_z sid="tip_z" type="float">0.1</tip_z>
                  </technique>
                </extra>
              </node>
              <node id="skortamarewa_Skin_knee-l-bopttom" name="knee-l-bopttom" sid="knee-l-bopttom" type="JOINT">
                <matrix sid="transform">1 -4.23459e-15 3.25892e-8 0.03209619 3.64213e-15 1 -1.11759e-7 -0.7369263 -3.25892e-8 1.11759e-7 1 -0.03760034 0 0 0 1</matrix>
                <node id="skortamarewa_Skin_ankle_left" name="ankle left" sid="ankle_left" type="JOINT">
                  <matrix sid="transform">1 -2.79396e-8 9.88743e-7 0.008728176 3.386e-7 -0.9295399 -0.3687216 -1.121673 9.29379e-7 0.3687216 -0.9295392 -0.06275672 0 0 0 1</matrix>
                  <node id="skortamarewa_Skin_foot_left01" name="foot left01" sid="foot_left01" type="JOINT">
                    <matrix sid="transform">1 8.25823e-7 4.37723e-5 2.68221e-7 -4.06469e-5 0.3889465 0.9212603 0.2168393 -1.62643e-5 -0.9212602 0.3889466 -0.2809225 0 0 0 1</matrix>
                    <extra>
                      <technique profile="blender">
                        <layer sid="layer" type="string">0</layer>
                        <roll sid="roll" type="float">4.41412e-5</roll>
                        <tip_x sid="tip_x" type="float">0</tip_x>
                        <tip_y sid="tip_y" type="float">-0.09997606</tip_y>
                        <tip_z sid="tip_z" type="float">-0.002185285</tip_z>
                      </technique>
                    </extra>
                  </node>
                  <extra>
                    <technique profile="blender">
                      <layer sid="layer" type="string">0</layer>
                      <roll sid="roll" type="float">8.99548e-7</roll>
                      <tip_x sid="tip_x" type="float">0</tip_x>
                      <tip_y sid="tip_y" type="float">-0.03687214</tip_y>
                      <tip_z sid="tip_z" type="float">-0.09295403</tip_z>
                    </technique>
                  </extra>
                </node>
                <extra>
                  <technique profile="blender">
                    <layer sid="layer" type="string">0</layer>
                    <roll sid="roll" type="float">0</roll>
                    <tip_x sid="tip_x" type="float">0</tip_x>
                    <tip_y sid="tip_y" type="float">0</tip_y>
                    <tip_z sid="tip_z" type="float">0.1</tip_z>
                  </technique>
                </extra>
              </node>
              <extra>
                <technique profile="blender">
                  <layer sid="layer" type="string">0</layer>
                  <roll sid="roll" type="float">0</roll>
                  <tip_x sid="tip_x" type="float">0</tip_x>
                  <tip_y sid="tip_y" type="float">0</tip_y>
                  <tip_z sid="tip_z" type="float">0.1000001</tip_z>
                </technique>
              </extra>
            </node>
            <node id="skortamarewa_Skin_femurright" name="femurright" sid="femurright" type="JOINT">
              <matrix sid="transform">1 -3.7399e-15 5.09437e-9 -0.2316408 0 1 0 -0.0098176 -5.09437e-9 2.48583e-10 1 0.05965088 0 0 0 1</matrix>
              <node id="skortamarewa_Skin_butt-r" name="butt-r" sid="butt-r" type="JOINT">
                <matrix sid="transform">1 -4.23459e-15 5.58592e-9 -0.003262326 3.32947e-15 1 -5.96046e-7 -0.09589553 -5.58592e-9 5.96046e-7 1 -0.2262758 0 0 0 1</matrix>
                <extra>
                  <technique profile="blender">
                    <layer sid="layer" type="string">0</layer>
                    <roll sid="roll" type="float">0</roll>
                    <tip_x sid="tip_x" type="float">0</tip_x>
                    <tip_y sid="tip_y" type="float">0</tip_y>
                    <tip_z sid="tip_z" type="float">0.1</tip_z>
                  </technique>
                </extra>
              </node>
              <node id="skortamarewa_Skin_knee-r-top" name="knee-r-top" sid="knee-r-top" type="JOINT">
                <matrix sid="transform">1 -4.23459e-15 9.03823e-9 0.0528847 5.3872e-15 0.9999999 -5.96046e-7 -0.4883389 -9.03823e-9 5.96046e-7 1 0.3589507 0 0 0 1</matrix>
                <extra>
                  <technique profile="blender">
                    <layer sid="layer" type="string">0</layer>
                    <roll sid="roll" type="float">0</roll>
                    <tip_x sid="tip_x" type="float">0</tip_x>
                    <tip_y sid="tip_y" type="float">0</tip_y>
                    <tip_z sid="tip_z" type="float">0.1</tip_z>
                  </technique>
                </extra>
              </node>
              <node id="skortamarewa_Skin_knee-r-bopttom" name="knee-r-bopttom" sid="knee-r-bopttom" type="JOINT">
                <matrix sid="transform">1 -4.23459e-15 2.04881e-8 -0.01414061 0 1 0 -0.7370366 -2.04881e-8 0 1 -0.03760033 0 0 0 1</matrix>
                <node id="skortamarewa_Skin_ankleright" name="ankleright" sid="ankleright" type="JOINT">
                  <matrix sid="transform">1 -3.72529e-8 8.96233e-7 -0.0131759 2.95832e-7 -0.9295402 -0.3687208 -1.118303 8.4682e-7 0.3687208 -0.9295411 -0.06275685 0 0 0 1</matrix>
                  <node id="skortamarewa_Skin_foot_right01" name="foot right01" sid="foot_right01" type="JOINT">
                    <matrix sid="transform">1 7.5632e-7 3.60206e-5 1.49012e-7 -3.34787e-5 0.3889367 0.9212645 0.2168391 -1.3313e-5 -0.9212645 0.3889366 -0.280922 0 0 0 1</matrix>
                    <extra>
                      <technique profile="blender">
                        <layer sid="layer" type="string">0</layer>
                        <roll sid="roll" type="float">3.63186e-5</roll>
                        <tip_x sid="tip_x" type="float">0</tip_x>
                        <tip_y sid="tip_y" type="float">-0.09997612</tip_y>
                        <tip_z sid="tip_z" type="float">-0.002184271</tip_z>
                      </technique>
                    </extra>
                  </node>
                  <extra>
                    <technique profile="blender">
                      <layer sid="layer" type="string">0</layer>
                      <roll sid="roll" type="float">8.18284e-7</roll>
                      <tip_x sid="tip_x" type="float">0</tip_x>
                      <tip_y sid="tip_y" type="float">-0.03687202</tip_y>
                      <tip_z sid="tip_z" type="float">-0.09295403</tip_z>
                    </technique>
                  </extra>
                </node>
                <extra>
                  <technique profile="blender">
                    <layer sid="layer" type="string">0</layer>
                    <roll sid="roll" type="float">0</roll>
                    <tip_x sid="tip_x" type="float">0</tip_x>
                    <tip_y sid="tip_y" type="float">0</tip_y>
                    <tip_z sid="tip_z" type="float">0.1</tip_z>
                  </technique>
                </extra>
              </node>
              <extra>
                <technique profile="blender">
                  <layer sid="layer" type="string">0</layer>
                  <roll sid="roll" type="float">0</roll>
                  <tip_x sid="tip_x" type="float">0</tip_x>
                  <tip_y sid="tip_y" type="float">0</tip_y>
                  <tip_z sid="tip_z" type="float">0.1000001</tip_z>
                </technique>
              </extra>
            </node>
            <node id="skortamarewa_Skin_lumbar" name="lumbar" sid="lumbar" type="JOINT">
              <matrix sid="transform">1 -3.7399e-15 4.81516e-9 0.004538175 0 1 3.72529e-8 0.189765 -4.81516e-9 -3.70044e-8 1 -0.05340067 0 0 0 1</matrix>
              <node id="skortamarewa_Skin_rib" name="rib" sid="rib" type="JOINT">
                <matrix sid="transform">1 -4.0281e-15 4.31047e-9 -0.01278648 0 1 3.55271e-15 0.7050579 -4.31047e-9 2.48548e-10 1 0.1130517 0 0 0 1</matrix>
                <node id="skortamarewa_Skin_scapula" name="scapula" sid="scapula" type="JOINT">
                  <matrix sid="transform">0.290511 -0.9568716 -5.60649e-8 0.4182978 0.9568716 0.2905109 2.41176e-9 0.2449713 1.39797e-8 -5.43476e-8 1 -4.32924e-8 0 0 0 1</matrix>
                  <node id="skortamarewa_Skin_ulna" name="ulna" sid="ulna" type="JOINT">
                    <matrix sid="transform">1 5.96046e-8 -3.55271e-15 0.1237388 -5.96046e-8 1 1.5099e-14 -0.5993567 0 -1.59872e-14 1 -1.68363e-9 0 0 0 1</matrix>
                    <node id="skortamarewa_Skin_carpal" name="carpal" sid="carpal" type="JOINT">
                      <matrix sid="transform">1 -6.25849e-7 5.44907e-8 0.1033111 5.66244e-7 1 -7.45057e-8 -0.5754043 -5.44907e-8 7.45058e-8 1 0.0737782 0 0 0 1</matrix>
                      <node id="skortamarewa_Skin_ammo_node_1" name="ammo node 1" sid="ammo_node_1" type="JOINT">
                        <matrix sid="transform">0.9999999 -4.46918e-7 -3.78788e-5 0.1766818 -3.77595e-5 0.001922249 -0.9999982 0.2353452 5.20042e-7 0.9999982 0.001922248 -0.07377826 0 0 0 1</matrix>
                        <extra>
                          <technique profile="blender">
                            <layer sid="layer" type="string">0</layer>
                            <roll sid="roll" type="float">-2.454566</roll>
                            <tip_x sid="tip_x" type="float">-1.8394e-4</tip_x>
                            <tip_y sid="tip_y" type="float">-0.09999984</tip_y>
                            <tip_z sid="tip_z" type="float">5.57899e-5</tip_z>
                          </technique>
                        </extra>
                      </node>
                      <extra>
                        <technique profile="blender">
                          <layer sid="layer" type="string">0</layer>
                          <roll sid="roll" type="float">-1.276036</roll>
                          <tip_x sid="tip_x" type="float">-0.09568727</tip_x>
                          <tip_y sid="tip_y" type="float">0</tip_y>
                          <tip_z sid="tip_z" type="float">0.02905106</tip_z>
                        </technique>
                      </extra>
                    </node>
                    <extra>
                      <technique profile="blender">
                        <layer sid="layer" type="string">0</layer>
                        <roll sid="roll" type="float">-1.276036</roll>
                        <tip_x sid="tip_x" type="float">-0.09568709</tip_x>
                        <tip_y sid="tip_y" type="float">0</tip_y>
                        <tip_z sid="tip_z" type="float">0.02905106</tip_z>
                      </technique>
                    </extra>
                  </node>
                  <extra>
                    <technique profile="blender">
                      <layer sid="layer" type="string">0</layer>
                      <roll sid="roll" type="float">-1.276036</roll>
                      <tip_x sid="tip_x" type="float">-0.09568709</tip_x>
                      <tip_y sid="tip_y" type="float">0</tip_y>
                      <tip_z sid="tip_z" type="float">0.02905106</tip_z>
                    </technique>
                  </extra>
                </node>
                <node id="skortamarewa_Skin_scapula01" name="scapula01" sid="scapula01" type="JOINT">
                  <matrix sid="transform">0.2520158 0.9677231 -1.1683e-7 -0.4432709 -0.9677231 0.2520157 1.03077e-7 0.2449713 1.29193e-7 8.70818e-8 1 -4.32924e-8 0 0 0 1</matrix>
                  <node id="skortamarewa_Skin_ulna01" name="ulna01" sid="ulna01" type="JOINT">
                    <matrix sid="transform">0.9999999 4.47035e-8 -1.20226e-9 -0.1120024 -5.96046e-8 0.9999999 -1.19209e-7 -0.5993568 1.20225e-9 1.19209e-7 1 -6.05098e-10 0 0 0 1</matrix>
                    <node id="skortamarewa_Skin_carpal_right" name="carpal right" sid="carpal_right" type="JOINT">
                      <matrix sid="transform">1 -8.9407e-8 -9.02765e-8 -0.1377447 -1.63913e-7 1 5.8975e-13 -0.5311359 9.02765e-8 -5.46896e-13 1 -1.43676e-7 0 0 0 1</matrix>
                      <node id="skortamarewa_Skin_smoke_node_1" name="smoke node 1" sid="smoke_node_1" type="JOINT">
                        <matrix sid="transform">0.9999987 2.97674e-7 0.001555726 0.02609396 0.001555771 -0.006669161 -0.9999766 -0.1824128 1.00778e-5 0.9999777 -0.006669037 0.04844672 0 0 0 1</matrix>
                        <node id="skortamarewa_Skin_ammo_node_0" name="ammo node 0" sid="ammo_node_0" type="JOINT">
                          <matrix sid="transform">0.9999987 0.001604557 1.07406e-5 0.002547026 -3.94648e-8 -0.006669509 0.9999776 1.569697 0.001604721 -0.9999765 -0.006669482 0.04459119 0 0 0 1</matrix>
                          <extra>
                            <technique profile="blender">
                              <layer sid="layer" type="string">0</layer>
                              <roll sid="roll" type="float">1.316083</roll>
                              <tip_x sid="tip_x" type="float">0.09739983</tip_x>
                              <tip_y sid="tip_y" type="float">0</tip_y>
                              <tip_z sid="tip_z" type="float">0.02535986</tip_z>
                            </technique>
                          </extra>
                        </node>
                        <extra>
                          <technique profile="blender">
                            <layer sid="layer" type="string">0</layer>
                            <roll sid="roll" type="float">1.316098</roll>
                            <tip_x sid="tip_x" type="float">-6.45399e-4</tip_x>
                            <tip_y sid="tip_y" type="float">-0.09999781</tip_y>
                            <tip_z sid="tip_z" type="float">-1.68085e-4</tip_z>
                          </technique>
                        </extra>
                      </node>
                      <extra>
                        <technique profile="blender">
                          <layer sid="layer" type="string">0</layer>
                          <roll sid="roll" type="float">1.316034</roll>
                          <tip_x sid="tip_x" type="float">0.09677243</tip_x>
                          <tip_y sid="tip_y" type="float">0</tip_y>
                          <tip_z sid="tip_z" type="float">0.02520155</tip_z>
                        </technique>
                      </extra>
                    </node>
                    <extra>
                      <technique profile="blender">
                        <layer sid="layer" type="string">0</layer>
                        <roll sid="roll" type="float">1.316034</roll>
                        <tip_x sid="tip_x" type="float">0.09677225</tip_x>
                        <tip_y sid="tip_y" type="float">0</tip_y>
                        <tip_z sid="tip_z" type="float">0.02520155</tip_z>
                      </technique>
                    </extra>
                  </node>
                  <extra>
                    <technique profile="blender">
                      <layer sid="layer" type="string">0</layer>
                      <roll sid="roll" type="float">1.316034</roll>
                      <tip_x sid="tip_x" type="float">0.09677225</tip_x>
                      <tip_y sid="tip_y" type="float">0</tip_y>
                      <tip_z sid="tip_z" type="float">0.02520155</tip_z>
                    </technique>
                  </extra>
                </node>
                <node id="skortamarewa_Skin_neck" name="neck" sid="neck" type="JOINT">
                  <matrix sid="transform">1 2.32826e-10 3.80594e-9 -0.01369714 2.26023e-16 1 -5.93869e-8 0.4694998 -3.80594e-9 5.93869e-8 1 -1.37043e-7 0 0 0 1</matrix>
                  <node id="skortamarewa_Skin_skull" name="skull" sid="skull" type="JOINT">
                    <matrix sid="transform">1 -4.73992e-15 1.57444e-9 -0.007297663 0 1 1.16955e-10 0.4520023 -1.57444e-9 -1.16955e-10 1 7.1019e-8 0 0 0 1</matrix>
                    <node id="skortamarewa_Skin_nogginbottom" name="nogginbottom" sid="nogginbottom" type="JOINT">
                      <matrix sid="transform">1 2.3283e-9 2.47089e-7 0.001799157 -1.2658e-8 0.9991255 0.04181381 0.08982563 -2.46775e-7 -0.04181381 0.9991254 0.2822085 0 0 0 1</matrix>
                      <extra>
                        <technique profile="blender">
                          <layer sid="layer" type="string">0</layer>
                          <roll sid="roll" type="float">3.19805e-7</roll>
                          <tip_x sid="tip_x" type="float">0</tip_x>
                          <tip_y sid="tip_y" type="float">0.004181385</tip_y>
                          <tip_z sid="tip_z" type="float">0.09991264</tip_z>
                        </technique>
                      </extra>
                    </node>
                    <node id="skortamarewa_Skin_plumes" name="plumes" sid="plumes" type="JOINT">
                      <matrix sid="transform">1 -3.9968e-15 4.80557e-7 -0.002369057 -1.01404e-8 0.9997773 0.02110134 0.1819341 -4.8045e-7 -0.02110134 0.9997773 0.1862074 0 0 0 1</matrix>
                      <extra>
                        <technique profile="blender">
                          <layer sid="layer" type="string">0</layer>
                          <roll sid="roll" type="float">5.53321e-7</roll>
                          <tip_x sid="tip_x" type="float">0</tip_x>
                          <tip_y sid="tip_y" type="float">0.002110123</tip_y>
                          <tip_z sid="tip_z" type="float">0.09997797</tip_z>
                        </technique>
                      </extra>
                    </node>
                    <node id="skortamarewa_Skin_skulltop" name="skulltop" sid="skulltop" type="JOINT">
                      <matrix sid="transform">1 -4.92747e-15 4.68319e-9 -0.004168242 0 1 2.91323e-13 0.3702886 -4.68319e-9 -2.84217e-13 1 1.20792e-13 0 0 0 1</matrix>
                      <extra>
                        <technique profile="blender">
                          <layer sid="layer" type="string">0</layer>
                          <roll sid="roll" type="float">0</roll>
                          <tip_x sid="tip_x" type="float">0</tip_x>
                          <tip_y sid="tip_y" type="float">0</tip_y>
                          <tip_z sid="tip_z" type="float">0.1000003</tip_z>
                        </technique>
                      </extra>
                    </node>
                    <extra>
                      <technique profile="blender">
                        <layer sid="layer" type="string">0</layer>
                        <roll sid="roll" type="float">0</roll>
                        <tip_x sid="tip_x" type="float">0</tip_x>
                        <tip_y sid="tip_y" type="float">0</tip_y>
                        <tip_z sid="tip_z" type="float">0.1000001</tip_z>
                      </technique>
                    </extra>
                  </node>
                  <node id="skortamarewa_Skin_smoke_node_0" name="smoke node 0" sid="smoke_node_0" type="JOINT">
                    <matrix sid="transform">0.9999996 -8.09026e-4 -2.00661e-4 0.006514964 -2.00661e-4 1.07102e-7 -1 0.0921874 8.09026e-4 0.9999998 -2.20816e-7 0.2430203 0 0 0 1</matrix>
                    <extra>
                      <technique profile="blender">
                        <layer sid="layer" type="string">0</layer>
                        <roll sid="roll" type="float">3.141392</roll>
                        <tip_x sid="tip_x" type="float">-8.08956e-5</tip_x>
                        <tip_y sid="tip_y" type="float">-0.1</tip_y>
                        <tip_z sid="tip_z" type="float">0</tip_z>
                      </technique>
                    </extra>
                  </node>
                  <extra>
                    <technique profile="blender">
                      <layer sid="layer" type="string">0</layer>
                      <roll sid="roll" type="float">0</roll>
                      <tip_x sid="tip_x" type="float">0</tip_x>
                      <tip_y sid="tip_y" type="float">0</tip_y>
                      <tip_z sid="tip_z" type="float">0.0999999</tip_z>
                    </technique>
                  </extra>
                </node>
                <node id="skortamarewa_Skin_cloaktop" name="cloaktop" sid="cloaktop" type="JOINT">
                  <matrix sid="transform">1 -5.57912e-8 5.03375e-8 0.009935168 6.79259e-8 0.3780358 -0.9257909 0.3512921 3.26216e-8 0.9257909 0.3780359 -0.1981268 0 0 0 1</matrix>
                  <node id="skortamarewa_Skin_cloak" name="cloak" sid="cloak" type="JOINT">
                    <matrix sid="transform">1 -9.31351e-9 1.40084e-10 0.004538164 9.31323e-9 1 -1.19209e-6 -0.8590809 -1.42776e-10 1.19209e-6 1 -0.2356985 0 0 0 1</matrix>
                    <node id="skortamarewa_Skin_cloakbottom" name="cloakbottom" sid="cloakbottom" type="JOINT">
                      <matrix sid="transform">1 -3.36188e-10 9.62004e-11 -0.02733968 0 1 1.49012e-6 -0.8312196 1.13687e-13 -1.40071e-6 0.9999999 -0.1177089 0 0 0 1</matrix>
                      <extra>
                        <technique profile="blender">
                          <layer sid="layer" type="string">0</layer>
                          <roll sid="roll" type="float">0</roll>
                          <tip_x sid="tip_x" type="float">0</tip_x>
                          <tip_y sid="tip_y" type="float">-0.09257924</tip_y>
                          <tip_z sid="tip_z" type="float">0.03780364</tip_z>
                        </technique>
                      </extra>
                    </node>
                    <extra>
                      <technique profile="blender">
                        <layer sid="layer" type="string">0</layer>
                        <roll sid="roll" type="float">0</roll>
                        <tip_x sid="tip_x" type="float">0</tip_x>
                        <tip_y sid="tip_y" type="float">-0.092579</tip_y>
                        <tip_z sid="tip_z" type="float">0.03780341</tip_z>
                      </technique>
                    </extra>
                  </node>
                  <extra>
                    <technique profile="blender">
                      <layer sid="layer" type="string">0</layer>
                      <roll sid="roll" type="float">0</roll>
                      <tip_x sid="tip_x" type="float">0</tip_x>
                      <tip_y sid="tip_y" type="float">-0.09257924</tip_y>
                      <tip_z sid="tip_z" type="float">0.03780364</tip_z>
                    </technique>
                  </extra>
                </node>
                <extra>
                  <technique profile="blender">
                    <layer sid="layer" type="string">0</layer>
                    <roll sid="roll" type="float">0</roll>
                    <tip_x sid="tip_x" type="float">0</tip_x>
                    <tip_y sid="tip_y" type="float">0</tip_y>
                    <tip_z sid="tip_z" type="float">0.1000001</tip_z>
                  </technique>
                </extra>
              </node>
              <extra>
                <technique profile="blender">
                  <layer sid="layer" type="string">0</layer>
                  <roll sid="roll" type="float">0</roll>
                  <tip_x sid="tip_x" type="float">0</tip_x>
                  <tip_y sid="tip_y" type="float">0</tip_y>
                  <tip_z sid="tip_z" type="float">0.0999999</tip_z>
                </technique>
              </extra>
            </node>
            <extra>
              <technique profile="blender">
                <layer sid="layer" type="string">0</layer>
                <roll sid="roll" type="float">0</roll>
                <tip_x sid="tip_x" type="float">0</tip_x>
                <tip_y sid="tip_y" type="float">0</tip_y>
                <tip_z sid="tip_z" type="float">0.0999999</tip_z>
              </technique>
            </extra>
          </node>
          <extra>
            <technique profile="blender">
              <layer sid="layer" type="string">0</layer>
              <roll sid="roll" type="float">0</roll>
              <tip_x sid="tip_x" type="float">0</tip_x>
              <tip_y sid="tip_y" type="float">0</tip_y>
              <tip_z sid="tip_z" type="float">0.0999999</tip_z>
            </technique>
          </extra>
        </node>
      </node>
      <node id="jugunthiz" name="jugunthiz" type="NODE">
        <translate sid="location">0 0 0</translate>
        <rotate sid="rotationZ">0 0 1 0</rotate>
        <rotate sid="rotationY">0 1 0 0</rotate>
        <rotate sid="rotationX">1 0 0 0</rotate>
        <scale sid="scale">1 1 1</scale>
        <instance_controller url="#skortamarewa_Skin_jugunthiz-skin">
          <skeleton>#skortamarewa_Skin_root</skeleton>
          <bind_material>
            <technique_common>
              <instance_material symbol="spearman-suebi2_Mat_001-material" target="#spearman-suebi2_Mat_001-material"/>
              <instance_material symbol="spearman-sue_000-material" target="#spearman-sue_000-material"/>
            </technique_common>
          </bind_material>
        </instance_controller>
      </node>
    </visual_scene>
  </library_visual_scenes>
  <scene>
    <instance_visual_scene url="#Scene"/>
  </scene>
</COLLADA>