<?xml version="1.0" encoding="utf-8"?>
<COLLADA xmlns="http://www.collada.org/2005/11/COLLADASchema" version="1.4.1" xmlns:xsi="http://www.w3.org/2001/XMLSchema-instance">
  <asset>
    <contributor>
      <author>Blender User</author>
      <authoring_tool>Blender 2.79.0 commit date:2017-09-11, commit time:10:43, hash:5bd8ac9</authoring_tool>
    </contributor>
    <created>2019-02-03T09:00:35</created>
    <modified>2019-02-03T09:00:35</modified>
    <unit name="meter" meter="1"/>
    <up_axis>Z_UP</up_axis>
  </asset>
  <library_cameras>
    <camera id="Camera-camera" name="Camera">
      <optics>
        <technique_common>
          <perspective>
            <xfov sid="xfov">49.13434</xfov>
            <aspect_ratio>1.777778</aspect_ratio>
            <znear sid="znear">0.1</znear>
            <zfar sid="zfar">100</zfar>
          </perspective>
        </technique_common>
      </optics>
      <extra>
        <technique profile="blender">
          <shiftx sid="shiftx" type="float">0</shiftx>
          <shifty sid="shifty" type="float">0</shifty>
          <YF_dofdist sid="YF_dofdist" type="float">0</YF_dofdist>
        </technique>
      </extra>
    </camera>
  </library_cameras>
  <library_lights>
    <light id="LAMP_FRONT_PEACH-light" name="Lamp.002">
      <technique_common>
        <ambient>
          <color>1 1 1</color>
        </ambient>
      </technique_common>
      <extra>
        <technique profile="blender">
          <type sid="type" type="int">3</type>
          <flag sid="flag" type="int">0</flag>
          <mode sid="mode" type="int">8192</mode>
          <gamma sid="blender_gamma" type="float">1</gamma>
          <red sid="red" type="float">1</red>
          <green sid="green" type="float">1</green>
          <blue sid="blue" type="float">1</blue>
          <shadow_r sid="blender_shadow_r" type="float">0</shadow_r>
          <shadow_g sid="blender_shadow_g" type="float">0</shadow_g>
          <shadow_b sid="blender_shadow_b" type="float">0</shadow_b>
          <energy sid="blender_energy" type="float">1</energy>
          <dist sid="blender_dist" type="float">29.99998</dist>
          <spotsize sid="spotsize" type="float">75</spotsize>
          <spotblend sid="spotblend" type="float">0.15</spotblend>
          <halo_intensity sid="blnder_halo_intensity" type="float">1</halo_intensity>
          <att1 sid="att1" type="float">0</att1>
          <att2 sid="att2" type="float">1</att2>
          <falloff_type sid="falloff_type" type="int">2</falloff_type>
          <clipsta sid="clipsta" type="float">1.000799</clipsta>
          <clipend sid="clipend" type="float">30.002</clipend>
          <bias sid="bias" type="float">1</bias>
          <soft sid="soft" type="float">3</soft>
          <compressthresh sid="compressthresh" type="float">0.04999995</compressthresh>
          <bufsize sid="bufsize" type="int">2880</bufsize>
          <samp sid="samp" type="int">3</samp>
          <buffers sid="buffers" type="int">1</buffers>
          <filtertype sid="filtertype" type="int">0</filtertype>
          <bufflag sid="bufflag" type="int">0</bufflag>
          <buftype sid="buftype" type="int">2</buftype>
          <ray_samp sid="ray_samp" type="int">1</ray_samp>
          <ray_sampy sid="ray_sampy" type="int">1</ray_sampy>
          <ray_sampz sid="ray_sampz" type="int">1</ray_sampz>
          <ray_samp_type sid="ray_samp_type" type="int">0</ray_samp_type>
          <area_shape sid="area_shape" type="int">0</area_shape>
          <area_size sid="area_size" type="float">10000</area_size>
          <area_sizey sid="area_sizey" type="float">100</area_sizey>
          <area_sizez sid="area_sizez" type="float">1</area_sizez>
          <adapt_thresh sid="adapt_thresh" type="float">0.000999987</adapt_thresh>
          <ray_samp_method sid="ray_samp_method" type="int">1</ray_samp_method>
          <shadhalostep sid="shadhalostep" type="int">0</shadhalostep>
          <sun_effect_type sid="sun_effect_type" type="int">0</sun_effect_type>
          <skyblendtype sid="skyblendtype" type="int">1</skyblendtype>
          <horizon_brightness sid="horizon_brightness" type="float">1</horizon_brightness>
          <spread sid="spread" type="float">1</spread>
          <sun_brightness sid="sun_brightness" type="float">1</sun_brightness>
          <sun_size sid="sun_size" type="float">1</sun_size>
          <backscattered_light sid="backscattered_light" type="float">1</backscattered_light>
          <sun_intensity sid="sun_intensity" type="float">1</sun_intensity>
          <atm_turbidity sid="atm_turbidity" type="float">2</atm_turbidity>
          <atm_extinction_factor sid="atm_extinction_factor" type="float">1</atm_extinction_factor>
          <atm_distance_factor sid="atm_distance_factor" type="float">1</atm_distance_factor>
          <skyblendfac sid="skyblendfac" type="float">1</skyblendfac>
          <sky_exposure sid="sky_exposure" type="float">1</sky_exposure>
          <sky_colorspace sid="sky_colorspace" type="int">0</sky_colorspace>
        </technique>
      </extra>
    </light>
    <light id="Lamp_WEST-light" name="Lamp.003">
      <technique_common>
        <directional>
          <color sid="color">1 1 1</color>
        </directional>
      </technique_common>
      <extra>
        <technique profile="blender">
          <type sid="type" type="int">1</type>
          <flag sid="flag" type="int">0</flag>
          <mode sid="mode" type="int">8192</mode>
          <gamma sid="blender_gamma" type="float">1</gamma>
          <red sid="red" type="float">1</red>
          <green sid="green" type="float">1</green>
          <blue sid="blue" type="float">1</blue>
          <shadow_r sid="blender_shadow_r" type="float">0</shadow_r>
          <shadow_g sid="blender_shadow_g" type="float">0</shadow_g>
          <shadow_b sid="blender_shadow_b" type="float">0</shadow_b>
          <energy sid="blender_energy" type="float">1</energy>
          <dist sid="blender_dist" type="float">29.99998</dist>
          <spotsize sid="spotsize" type="float">75</spotsize>
          <spotblend sid="spotblend" type="float">0.15</spotblend>
          <halo_intensity sid="blnder_halo_intensity" type="float">1</halo_intensity>
          <att1 sid="att1" type="float">0</att1>
          <att2 sid="att2" type="float">1</att2>
          <falloff_type sid="falloff_type" type="int">2</falloff_type>
          <clipsta sid="clipsta" type="float">1.000799</clipsta>
          <clipend sid="clipend" type="float">30.002</clipend>
          <bias sid="bias" type="float">1</bias>
          <soft sid="soft" type="float">3</soft>
          <compressthresh sid="compressthresh" type="float">0.04999995</compressthresh>
          <bufsize sid="bufsize" type="int">2880</bufsize>
          <samp sid="samp" type="int">3</samp>
          <buffers sid="buffers" type="int">1</buffers>
          <filtertype sid="filtertype" type="int">0</filtertype>
          <bufflag sid="bufflag" type="int">0</bufflag>
          <buftype sid="buftype" type="int">2</buftype>
          <ray_samp sid="ray_samp" type="int">1</ray_samp>
          <ray_sampy sid="ray_sampy" type="int">1</ray_sampy>
          <ray_sampz sid="ray_sampz" type="int">1</ray_sampz>
          <ray_samp_type sid="ray_samp_type" type="int">0</ray_samp_type>
          <area_shape sid="area_shape" type="int">1</area_shape>
          <area_size sid="area_size" type="float">0.1</area_size>
          <area_sizey sid="area_sizey" type="float">0.1</area_sizey>
          <area_sizez sid="area_sizez" type="float">1</area_sizez>
          <adapt_thresh sid="adapt_thresh" type="float">0.000999987</adapt_thresh>
          <ray_samp_method sid="ray_samp_method" type="int">1</ray_samp_method>
          <shadhalostep sid="shadhalostep" type="int">0</shadhalostep>
          <sun_effect_type sid="sun_effect_type" type="int">0</sun_effect_type>
          <skyblendtype sid="skyblendtype" type="int">1</skyblendtype>
          <horizon_brightness sid="horizon_brightness" type="float">1</horizon_brightness>
          <spread sid="spread" type="float">1</spread>
          <sun_brightness sid="sun_brightness" type="float">1</sun_brightness>
          <sun_size sid="sun_size" type="float">1</sun_size>
          <backscattered_light sid="backscattered_light" type="float">1</backscattered_light>
          <sun_intensity sid="sun_intensity" type="float">1</sun_intensity>
          <atm_turbidity sid="atm_turbidity" type="float">2</atm_turbidity>
          <atm_extinction_factor sid="atm_extinction_factor" type="float">1</atm_extinction_factor>
          <atm_distance_factor sid="atm_distance_factor" type="float">1</atm_distance_factor>
          <skyblendfac sid="skyblendfac" type="float">1</skyblendfac>
          <sky_exposure sid="sky_exposure" type="float">1</sky_exposure>
          <sky_colorspace sid="sky_colorspace" type="int">0</sky_colorspace>
        </technique>
      </extra>
    </light>
    <light id="Lamp-light" name="Lamp">
      <technique_common>
        <point>
          <color sid="color">1 1 1</color>
          <constant_attenuation>1</constant_attenuation>
          <linear_attenuation>0</linear_attenuation>
          <quadratic_attenuation>0.00111109</quadratic_attenuation>
        </point>
      </technique_common>
      <extra>
        <technique profile="blender">
          <type sid="type" type="int">0</type>
          <flag sid="flag" type="int">0</flag>
          <mode sid="mode" type="int">8192</mode>
          <gamma sid="blender_gamma" type="float">1</gamma>
          <red sid="red" type="float">1</red>
          <green sid="green" type="float">1</green>
          <blue sid="blue" type="float">1</blue>
          <shadow_r sid="blender_shadow_r" type="float">0</shadow_r>
          <shadow_g sid="blender_shadow_g" type="float">0</shadow_g>
          <shadow_b sid="blender_shadow_b" type="float">0</shadow_b>
          <energy sid="blender_energy" type="float">1</energy>
          <dist sid="blender_dist" type="float">29.99998</dist>
          <spotsize sid="spotsize" type="float">75</spotsize>
          <spotblend sid="spotblend" type="float">0.15</spotblend>
          <halo_intensity sid="blnder_halo_intensity" type="float">1</halo_intensity>
          <att1 sid="att1" type="float">0</att1>
          <att2 sid="att2" type="float">1</att2>
          <falloff_type sid="falloff_type" type="int">2</falloff_type>
          <clipsta sid="clipsta" type="float">1.000799</clipsta>
          <clipend sid="clipend" type="float">30.002</clipend>
          <bias sid="bias" type="float">1</bias>
          <soft sid="soft" type="float">3</soft>
          <compressthresh sid="compressthresh" type="float">0.04999995</compressthresh>
          <bufsize sid="bufsize" type="int">2880</bufsize>
          <samp sid="samp" type="int">3</samp>
          <buffers sid="buffers" type="int">1</buffers>
          <filtertype sid="filtertype" type="int">0</filtertype>
          <bufflag sid="bufflag" type="int">0</bufflag>
          <buftype sid="buftype" type="int">2</buftype>
          <ray_samp sid="ray_samp" type="int">1</ray_samp>
          <ray_sampy sid="ray_sampy" type="int">1</ray_sampy>
          <ray_sampz sid="ray_sampz" type="int">1</ray_sampz>
          <ray_samp_type sid="ray_samp_type" type="int">0</ray_samp_type>
          <area_shape sid="area_shape" type="int">1</area_shape>
          <area_size sid="area_size" type="float">0.1</area_size>
          <area_sizey sid="area_sizey" type="float">0.1</area_sizey>
          <area_sizez sid="area_sizez" type="float">1</area_sizez>
          <adapt_thresh sid="adapt_thresh" type="float">0.000999987</adapt_thresh>
          <ray_samp_method sid="ray_samp_method" type="int">1</ray_samp_method>
          <shadhalostep sid="shadhalostep" type="int">0</shadhalostep>
          <sun_effect_type sid="sun_effect_type" type="int">0</sun_effect_type>
          <skyblendtype sid="skyblendtype" type="int">1</skyblendtype>
          <horizon_brightness sid="horizon_brightness" type="float">1</horizon_brightness>
          <spread sid="spread" type="float">1</spread>
          <sun_brightness sid="sun_brightness" type="float">1</sun_brightness>
          <sun_size sid="sun_size" type="float">1</sun_size>
          <backscattered_light sid="backscattered_light" type="float">1</backscattered_light>
          <sun_intensity sid="sun_intensity" type="float">1</sun_intensity>
          <atm_turbidity sid="atm_turbidity" type="float">2</atm_turbidity>
          <atm_extinction_factor sid="atm_extinction_factor" type="float">1</atm_extinction_factor>
          <atm_distance_factor sid="atm_distance_factor" type="float">1</atm_distance_factor>
          <skyblendfac sid="skyblendfac" type="float">1</skyblendfac>
          <sky_exposure sid="sky_exposure" type="float">1</sky_exposure>
          <sky_colorspace sid="sky_colorspace" type="int">0</sky_colorspace>
        </technique>
      </extra>
    </light>
  </library_lights>
  <library_images/>
  <library_effects>
    <effect id="spearman-suebi2_Mat_001-effect">
      <profile_COMMON>
        <technique sid="common">
          <phong>
            <emission>
              <color sid="emission">0 0 0 1</color>
            </emission>
            <ambient>
              <color sid="ambient">0 0 0 1</color>
            </ambient>
            <diffuse>
              <color sid="diffuse">0.64 0.64 0.64 1</color>
            </diffuse>
            <specular>
              <color sid="specular">0.5 0.5 0.5 1</color>
            </specular>
            <shininess>
              <float sid="shininess">50</float>
            </shininess>
            <index_of_refraction>
              <float sid="index_of_refraction">1</float>
            </index_of_refraction>
          </phong>
        </technique>
      </profile_COMMON>
    </effect>
  </library_effects>
  <library_materials>
    <material id="spearman-suebi2_Mat_001-material" name="spearman-suebi2_Mat_001">
      <instance_effect url="#spearman-suebi2_Mat_001-effect"/>
    </material>
  </library_materials>
  <library_geometries>
    <geometry id="skortamarewa_001-mesh" name="skortamarewa.001">
      <mesh>
        <source id="skortamarewa_001-mesh-positions">
          <float_array id="skortamarewa_001-mesh-positions-array" count="1788">-0.03289282 0.301789 3.770318 -0.05358707 0.3044114 3.770318 -0.05620318 0.279149 3.795856 -0.05620318 0.279149 3.795856 -0.0368424 0.2766956 3.795856 -0.0368424 0.2766956 3.795856 -0.1949405 -0.1215944 3.770317 -0.1252771 -0.2334631 3.770318 -0.1232736 -0.2240658 3.795855 -0.1232736 -0.2240658 3.795855 -0.1884481 -0.1194058 3.795855 -0.1884481 -0.1194058 3.795855 -0.01423251 0.009277701 3.968913 0.09428739 0.1066796 3.923668 0.09068721 0.1125237 3.923668 -0.2609654 0.0371223 3.770317 -0.219742 -0.06001573 3.770317 -0.2116515 -0.06179505 3.795854 -0.2116515 -0.06179505 3.795854 -0.2502185 0.02908354 3.795854 -0.2502185 0.02908354 3.795854 0.1752657 0.1952726 3.770319 0.1759597 0.2017775 3.770319 0.158552 0.1831287 3.795857 0.158552 0.1831287 3.795857 0.1579028 0.177043 3.795857 0.1579028 0.177043 3.795857 -0.01423251 0.009277701 3.968913 -0.1410222 0.07679277 3.923666 -0.1508526 0.02495634 3.923666 0.04055303 0.3035196 3.770319 0.02168387 0.3011801 3.770319 0.01421743 0.276126 3.795856 0.01421743 0.276126 3.795856 0.03187072 0.2783147 3.795856 0.03187072 0.2783147 3.795856 0.04433053 -0.1261477 3.923667 -0.01423251 0.009277701 3.968913 0.03129875 -0.1257169 3.923667 -0.156378 0.2775672 3.770317 -0.2025616 0.2097406 3.771321 -0.195578 0.1905788 3.796795 -0.195578 0.1905788 3.796795 -0.1523705 0.2540346 3.795855 -0.1523705 0.2540346 3.795855 -0.1185146 0.1205346 3.924225 -0.0360279 0.1729534 3.923668 -0.07304668 0.1630992 3.923668 -0.01423251 0.009277701 3.968913 -0.2432112 0.1307411 3.770317 -0.2336083 0.1166698 3.795855 -0.2336083 0.1166698 3.795855 0.1817678 0.184718 3.770319 0.1639859 0.1671685 3.795857 0.1639859 0.1671685 3.795857 -0.2025616 0.2097406 3.771321 -0.2026926 0.2102322 3.770317 -0.2432112 0.1307411 3.770317 -0.156378 0.2775672 3.770317 -0.09294289 0.1580899 3.923668 -0.01423251 0.009277701 3.968913 -0.1040832 -0.234354 3.770318 -0.08544594 -0.2563989 3.770317 -0.08600908 -0.2455238 3.795855 -0.08600908 -0.2455238 3.795855 -0.1034454 -0.2248995 3.795855 -0.1034454 -0.2248995 3.795855 -0.01423251 0.009277701 3.968913 0.1246907 -0.03665578 3.923668 0.1370775 0.001479685 3.923668 0.09154367 -0.2357779 3.770319 0.1916132 -0.1636012 3.770319 0.1731969 -0.1587057 3.795856 0.1731969 -0.1587057 3.795856 0.07957565 -0.2262315 3.795856 0.07957565 -0.2262315 3.795856 -0.1093357 -0.2434183 3.770317 -0.104782 -0.2396407 3.770317 -0.1040832 -0.234354 3.770318 0.1759936 0.2103356 3.770319 0.1444606 0.2739628 3.770319 0.1290826 0.2506625 3.795857 0.1290826 0.2506625 3.795857 0.1585838 0.1911354 3.795857 0.1585838 0.1911354 3.795857 -0.1204445 0.2866142 3.770318 -0.1187525 0.2624987 3.795856 -0.1187525 0.2624987 3.795856 0.06968772 -0.2401787 3.770318 0.07581716 -0.2443731 3.770318 0.09154367 -0.2357779 3.770319 -0.1280274 -0.02882868 3.923666 -0.01423251 0.009277701 3.968913 0.0680077 -0.235 3.770319 -0.01423251 0.009277701 3.968913 0.09107142 0.1161254 3.923668 0.09109026 0.120864 3.923668 -0.1974824 -0.1071302 3.770317 -0.1908261 -0.1058736 3.795854 -0.1908261 -0.1058736 3.795854 -0.01423251 0.009277701 3.968913 0.01609718 0.1724597 3.923668 0.005649387 0.1711643 3.923668 -0.01423251 0.009277701 3.968913 -0.05366802 -0.1375654 3.923667 0.02116203 -0.1376042 3.923667 -0.004656791 0.3103138 3.770319 -0.01042592 0.2846711 3.795856 -0.01042592 0.2846711 3.795856 -0.01042592 0.2846711 3.795856 0.07363051 0.1560941 3.923668 0.2590485 -0.005277454 3.770319 0.254866 0.01038241 3.770319 0.2323738 0.004066705 3.795857 0.2323738 0.004066705 3.795857 0.2362868 -0.01058405 3.795857 0.2362868 -0.01058405 3.795857 -0.01423251 0.009277701 3.968913 0.05165785 0.1611479 3.923668 0.01609718 0.1724597 3.923668 0.2089482 0.06200718 3.663456 0.1572661 -0.1743177 3.656034 0.1433834 -0.1932116 3.596623 0.1184682 -0.1326308 3.506357 0.128959 -0.08730846 3.340981 0.1851543 0.1568342 3.370791 -0.2208361 0.06200355 3.663407 -0.1970275 0.1568326 3.370748 -0.1407932 -0.08726048 3.340954 -0.1272866 -0.1307842 3.495193 -0.1555452 -0.1933716 3.597545 -0.1691415 -0.2015442 3.646792 -0.003861308 -0.1436682 3.340969 0.128959 -0.08730846 3.340981 0.1184682 -0.1326308 3.506357 0.01835232 -0.2144804 3.502418 -0.004045665 -0.2142583 3.501074 -0.01423251 0.009277701 3.968913 -0.1142948 -0.06292456 3.923667 -0.07572239 -0.124866 3.923667 -0.06398743 -0.1253593 3.923667 0.2089482 0.06200718 3.663456 0.1851543 0.1568342 3.370791 0.06847292 0.2545229 3.492048 -0.2208361 0.06200355 3.663407 -0.09074997 0.2545229 3.492028 -0.1970275 0.1568326 3.370748 0.1572661 -0.1743177 3.656034 -0.004915535 -0.2011425 3.644392 0.02211236 -0.2069065 3.602584 0.1433834 -0.1932116 3.596623 -0.004915714 -0.2219082 3.669266 -0.02803903 -0.2140583 3.499868 -0.03881442 -0.2072073 3.602449 -0.004103422 -0.2825626 3.50247 0.1347616 0.01015055 3.923668 0.07712906 0.2522272 3.660342 0.128959 -0.08730846 3.340981 -0.1407932 -0.08726048 3.340954 -0.1970275 0.1568326 3.370748 -0.09074997 0.2545229 3.492028 0.06847292 0.2545229 3.492048 0.1851543 0.1568342 3.370791 -0.1008235 0.2522272 3.660321 -0.1008235 0.2522272 3.660321 0.07712906 0.2522272 3.660342 0.06847292 0.2545229 3.492048 -0.09074997 0.2545229 3.492028 -0.0360279 0.1729534 3.923668 -0.01423251 0.009277701 3.968913 -0.02456957 0.1715015 3.923668 -0.01423251 0.009277701 3.968913 -0.1157023 -0.05491578 3.923666 -0.01423251 0.009277701 3.968913 -0.01423251 0.009277701 3.968913 0.09973877 -0.08618366 3.923667 -0.008935332 0.1762217 3.923668 -0.02456957 0.1715015 3.923668 0.2629627 0.04112303 3.631899 0.247067 0.09345048 3.626223 0.2470669 0.1073035 3.772787 0.2629626 0.0546692 3.772787 0.2012972 0.1893758 3.615817 0.2012971 0.2037916 3.772787 0.1311738 0.2754077 3.772787 0.1311739 0.2605743 3.608094 0.04515498 0.2984582 3.603984 0.04515486 0.3135139 3.772786 0.04515498 0.2984582 3.603984 -0.04638451 0.298458 3.603983 -0.04638463 0.3135138 3.772786 0.04515486 0.3135139 3.772786 -0.1324035 0.260574 3.608092 -0.1324036 0.2754077 3.772786 -0.1749953 0.2173291 3.612783 -0.2025268 0.1893755 3.615815 -0.2025269 0.2037915 3.772786 -0.2482964 0.09345012 3.62622 -0.2482965 0.1073035 3.772785 -0.2641922 0.04112291 3.631896 -0.2641924 0.05466902 3.772785 -0.2482964 -0.06795942 3.643729 -0.2482966 -0.05505299 3.772785 -0.2025268 -0.1638848 3.654135 -0.2025269 -0.151541 3.772786 -0.1324034 -0.2350831 3.661858 -0.1324035 -0.2231571 3.772786 -0.04638433 -0.272967 3.665968 -0.04638439 -0.2612633 3.772786 -0.04638433 -0.272967 3.665968 0.04515504 -0.2729669 3.665969 0.04515486 -0.2612632 3.772786 -0.04638439 -0.2612633 3.772786 0.131174 -0.2350829 3.661859 0.1311739 -0.223157 3.772787 0.2012973 -0.1638844 3.654137 0.2012972 -0.1515409 3.772787 0.247067 -0.06795901 3.643732 0.2470669 -0.05505275 3.772787 -0.2482965 0.1073035 3.772785 -0.2641924 0.05466902 3.772785 -0.2482966 -0.05505299 3.772785 -0.2025269 -0.151541 3.772786 -0.1324035 -0.2231571 3.772786 -0.04638439 -0.2612633 3.772786 0.04515486 -0.2612632 3.772786 0.1311739 -0.223157 3.772787 0.2012972 -0.1515409 3.772787 0.2470669 -0.05505275 3.772787 0.2629626 0.0546692 3.772787 0.2470669 0.1073035 3.772787 0.2012971 0.2037916 3.772787 0.1311738 0.2754077 3.772787 0.04515486 0.3135139 3.772786 -0.04638463 0.3135138 3.772786 -0.1324036 0.2754077 3.772786 -0.2025269 0.2037915 3.772786 0.131174 -0.2350829 3.661859 0.04515504 -0.2729669 3.665969 -0.04638433 -0.272967 3.665968 -0.1324034 -0.2350831 3.661858 -0.2025268 -0.1638848 3.654135 -0.2482964 -0.06795942 3.643729 -0.2641922 0.04112291 3.631896 -0.2482964 0.09345012 3.62622 -0.2025268 0.1893755 3.615815 -0.1749953 0.2173291 3.612783 -0.1324035 0.260574 3.608092 -0.04638451 0.298458 3.603983 0.04515498 0.2984582 3.603984 0.1311739 0.2605743 3.608094 0.2012972 0.1893758 3.615817 0.247067 0.09345048 3.626223 0.2629627 0.04112303 3.631899 0.247067 -0.06795901 3.643732 0.2012973 -0.1638844 3.654137 0.07363051 0.1560941 3.923668 0.09109026 0.120864 3.923668 0.09195631 0.2592017 3.795857 0.09195631 0.2592017 3.795857 0.05165785 0.1611479 3.923668 -0.1410222 0.07679277 3.923666 -0.1185146 0.1205346 3.924225 0.09107142 0.1161254 3.923668 0.09068721 0.1125237 3.923668 -0.008935332 0.1762217 3.923668 0.005649387 0.1711643 3.923668 0.04042863 -0.2455893 3.795856 0.04042863 -0.2455893 3.795856 0.04042863 -0.2455893 3.795856 0.05755627 -0.2255037 3.795856 0.05755627 -0.2255037 3.795856 0.03129875 -0.1257169 3.923667 0.02116203 -0.1376042 3.923667 0.02116203 -0.1376042 3.923667 -0.09294289 0.1580899 3.923668 -0.1280274 -0.02882868 3.923666 -0.1508526 0.02495634 3.923666 0.2153572 -0.07502025 3.795857 0.2153572 -0.07502025 3.795857 0.1370775 0.001479685 3.923668 0.1246907 -0.03665578 3.923668 -0.07304668 0.1630992 3.923668 -0.0360279 0.1729534 3.923668 -0.02456957 0.1715015 3.923668 -0.02456957 0.1715015 3.923668 0.09973877 -0.08618366 3.923667 -0.1157023 -0.05491578 3.923666 -0.1083595 -0.2333796 3.795855 -0.1083595 -0.2333796 3.795855 -0.06398743 -0.1253593 3.923667 -0.06689572 -0.1303781 3.923667 0.09428739 0.1066796 3.923668 0.1347616 0.01015055 3.923668 0.01609718 0.1724597 3.923668 0.1047771 0.28309 3.770319 0.02116203 -0.1376042 3.923667 0.2366774 -0.07415175 3.770319 -0.01423251 0.009277701 3.968913 -0.06689572 -0.1303781 3.923667 -0.06398743 -0.1253593 3.923667 -0.008935332 0.1762217 3.923668 0.005649387 0.1711643 3.923668 -0.1093357 -0.2434183 3.770317 0.04970037 -0.2564689 3.770319 -0.01423251 0.009277701 3.968913 0.0680077 -0.235 3.770319 -0.07572239 -0.124866 3.923667 0.1246907 -0.03665578 3.923668 -0.01423251 0.009277701 3.968913 0.09973877 -0.08618366 3.923667 0.04433053 -0.1261477 3.923667 -0.05366802 -0.1375654 3.923667 -0.07572239 -0.124866 3.923667 -0.1142948 -0.06292456 3.923667 -0.392035 0.3379823 2.387454 0.3197697 0.3379887 2.386642 -0.3883802 -0.1355922 2.379287 0.3161203 -0.1355862 2.378475 -0.06585335 -0.1977288 2.378915 -0.3883802 -0.1355922 2.379287 -0.392035 0.3379823 2.387454 -0.392035 0.3379823 2.387454 0.3197697 0.3379887 2.386642 0.3161203 -0.1355862 2.378475 0.3197697 0.3379887 2.386642 -0.392035 0.3379823 2.387454 -0.3883802 -0.1355922 2.379287 -0.06585335 -0.1977288 2.378915 0.3161203 -0.1355862 2.378475 0.3197697 0.3379887 2.386642 -0.3883802 -0.1355922 2.379287 -0.392035 0.3379823 2.387454 0.3197697 0.3379887 2.386642 -0.03261899 0.1890946 3.403179 -0.3957241 0.3545188 2.974692 -0.4227235 0.1027066 3.328459 -0.4063898 -0.09668242 2.966694 -0.03270888 -0.1267528 3.382304 0.3013908 0.3520647 2.98173 0.312964 -0.1026208 2.964091 0.4490359 0.1899694 3.238614 0.3325481 0.1027072 3.328459 -0.05412763 -0.2214741 2.965419 -0.5058404 0.1780785 3.205947 -0.2326613 0.2281149 3.238627 0.1561929 0.2291488 3.236531 0.4131923 0.1829022 3.202204 0.4490359 0.1899694 3.238614 -0.4227235 0.1027066 3.328459 -0.4063898 -0.09668242 2.966694 -0.4227235 0.1027066 3.328459 -0.5058404 0.1780785 3.205947 -0.4063898 -0.09668242 2.966694 -0.4063898 -0.09668242 2.966694 -0.3957241 0.3545188 2.974692 0.312964 -0.1026208 2.964091 0.3013908 0.3520647 2.98173 -0.2326613 0.2281149 3.238627 -0.3957241 0.3545188 2.974692 -0.3957241 0.3545188 2.974692 -0.4063898 -0.09668242 2.966694 -0.3957241 0.3545188 2.974692 -0.3957241 0.3545188 2.974692 0.312964 -0.1026208 2.964091 0.3325481 0.1027072 3.328459 0.4490359 0.1899694 3.238614 0.4490359 0.1899694 3.238614 0.3013908 0.3520647 2.98173 0.312964 -0.1026208 2.964091 0.3013908 0.3520647 2.98173 0.3013908 0.3520647 2.98173 0.4490359 0.1899694 3.238614 0.4490359 0.1899694 3.238614 0.4490359 0.1899694 3.238614 0.3325481 0.1027072 3.328459 0.1561929 0.2291488 3.236531 0.3013908 0.3520647 2.98173 0.4131923 0.1829022 3.202204 -0.5058404 0.1780785 3.205947 -0.2326613 0.2281149 3.238627 -0.03261899 0.1890946 3.403179 -0.4227235 0.1027066 3.328459 0.1561929 0.2291488 3.236531 0.4131923 0.1829022 3.202204 0.3325481 0.1027072 3.328459 -0.3957241 0.3545188 2.974692 -0.5058404 0.1780785 3.205947 0.4131923 0.1829022 3.202204 1.07354 0.2585957 3.127093 1.04399 0.1034522 3.03061 1.098574 0.09286016 3.28127 1.076571 -0.05141282 3.122997 0.4442198 0.03364545 3.215698 1.04399 0.1034522 3.03061 1.098574 0.09286016 3.28127 0.4442198 0.03364545 3.215698 1.076571 -0.05141282 3.122997 0.4442198 0.03364545 3.215698 1.098574 0.09286016 3.28127 1.04399 0.1034522 3.03061 1.04399 0.1034522 3.03061 1.07354 0.2585957 3.127093 1.07354 0.2585957 3.127093 1.04399 0.1034522 3.03061 1.098574 0.09286016 3.28127 1.592559 0.1669644 2.986296 1.637365 0.09224009 3.169415 1.60603 -0.0337941 3.022502 1.811096 0.1843122 3.047847 1.813289 -0.03583908 3.108125 1.778352 -0.03721278 2.904561 1.779256 0.1672544 2.903745 1.592559 0.1669644 2.986296 1.637365 0.09224009 3.169415 1.811096 0.1843122 3.047847 1.813289 -0.03583908 3.108125 1.779256 0.1672544 2.903745 -0.493845 0.03367322 3.263996 -1.095953 0.1032419 3.027838 -1.124479 0.2578061 3.124149 -1.147882 0.09269851 3.277898 -1.127556 -0.05090928 3.120133 -0.4984222 0.1895768 3.286899 -1.095953 0.1032419 3.027838 -1.147882 0.09269851 3.277898 -0.493845 0.03367322 3.263996 -0.493845 0.03367322 3.263996 -1.127556 -0.05090928 3.120133 -1.147882 0.09269851 3.277898 -1.095953 0.1032419 3.027838 -1.095953 0.1032419 3.027838 -1.124479 0.2578061 3.124149 -1.095953 0.1032419 3.027838 -0.4984222 0.1895768 3.286899 -0.4984222 0.1895768 3.286899 -1.147882 0.09269851 3.277898 -0.4984222 0.1895768 3.286899 -1.624478 0.1669715 3.002828 -1.667376 0.09224063 3.186414 -1.637571 -0.03380304 3.039174 -1.854421 0.184282 3.126523 -1.824038 0.1672209 2.98184 -1.823035 -0.03722083 2.982868 -1.856102 -0.03591942 3.186908 -1.624478 0.1669715 3.002828 -1.667376 0.09224063 3.186414 -1.854421 0.184282 3.126523 -1.856102 -0.03591942 3.186908 -1.824038 0.1672209 2.98184 -1.712178 -7.33618 3.174507 -1.682882 -7.335644 3.028615 -1.817201 -7.336721 3.07207 -1.688681 -6.940355 3.183084 -1.659291 -6.939818 3.037211 -1.848965 -6.940896 3.069631 -1.722839 -6.814623 3.18056 -1.693542 -6.814085 3.034667 -1.827861 -6.815164 3.078123 -1.727803 1.79483 3.183443 -1.698506 1.795367 3.037551 -1.832825 1.79429 3.081007 -1.759839 -7.648638 3.083736 -1.76007 -7.648642 3.084882 -1.760895 -7.648647 3.084077 -1.682882 -7.335644 3.028615 -1.659291 -6.939818 3.037211 -1.817201 -7.336721 3.07207 -1.848965 -6.940896 3.069631 -1.693542 -6.814085 3.034667 -1.827861 -6.815164 3.078123 -1.693542 -6.814085 3.034667 -1.722839 -6.814623 3.18056 -1.827861 -6.815164 3.078123 -1.76007 -7.648642 3.084882 -1.759839 -7.648638 3.083736 -1.760895 -7.648647 3.084077 0.3850949 -0.0711978 1.981591 0.1337143 -0.179305 1.981567 0.385095 0.2364805 1.981591 0.1635361 -0.1755896 1.762207 0.3027892 0.01008558 1.659379 0.03216493 -0.1755902 1.658689 0.3574009 0.2092292 1.646808 0.3761712 0.209328 1.974973 0.1793416 -0.08632922 0.9214356 0.1816734 -0.1548123 1.161517 0.2279763 -0.1439288 1.973702 0.3850949 -0.0711978 1.981591 0.385095 0.2364805 1.981591 0.3027892 0.01008558 1.659379 0.3850949 -0.0711978 1.981591 0.385095 0.2364805 1.981591 0.3574009 0.2092292 1.646808 0.1793416 -0.08632922 0.9214356 0.1793416 -0.08632922 0.9214356 0.1816734 -0.1548123 1.161517 0.2279763 -0.1439288 1.973702 0.2279763 -0.1439288 1.973702 0.3770145 0.08614838 1.061738 0.007944524 0.08579289 1.049936 0.007944524 0.08579289 1.049936 0.007944524 0.08579289 1.049936 0.3425677 0.2128111 0.3338318 0.2094854 0.3108041 0.333534 0.3384056 0.3081502 -0.00262475 0.05793154 0.212562 0.3335748 0.07176584 0.3063319 -0.002620875 0.201595 -0.06984239 0.1126141 0.2040982 -0.05861783 0.3309566 0.3635774 -0.346691 -0.003875076 0.08784282 -0.3757805 -0.003875434 0.4172044 0.3695437 0.2617909 0.01856595 0.3667967 0.2617921 0.2010843 -0.2576154 0.302075 0.07176584 0.3063319 -0.002620875 0.3384056 0.3081502 -0.00262475 0.3425677 0.2128111 0.3338318 0.05793154 0.212562 0.3335748 0.08784282 -0.3757805 -0.003875434 0.201595 -0.06984239 0.1126141 0.3635774 -0.346691 -0.003875076 0.201595 -0.06984239 0.1126141 0.08784282 -0.3757805 -0.003875434 0.2010843 -0.2576154 0.302075 0.01856595 0.3667967 0.2617921 0.4172044 0.3695437 0.2617909 0.09392988 0.4359599 1.929204 -0.1914054 0.4359514 1.929204 0.1268965 0.4098714 1.532466 0.1934157 0.3749225 0.8550415 -0.03235417 0.3752619 1.960799 -0.1246601 0.3880332 1.960566 0.09392988 0.4359599 1.929204 0.1268965 0.4098714 1.532466 0.1934157 0.3749225 0.8550415 0.1934157 0.3749225 0.8550415 0.1934157 0.3749225 0.8550415 -0.1246601 0.3880332 1.960566 -0.03235417 0.3752619 1.960799 -0.445699 -0.07120305 1.981537 -0.1949499 -0.179306 1.981554 -0.03623068 -0.1381472 1.969486 -0.3426756 -0.1325471 1.665494 -0.231616 -0.1816366 1.749657 -0.1268139 -0.1494649 1.664901 -0.221158 -0.09537243 0.9222129 -0.2137008 -0.1681186 1.158204 -0.2917606 -0.156558 1.973476 -0.445699 -0.07120305 1.981537 -0.445699 -0.07120305 1.981537 -0.3426756 -0.1325471 1.665494 -0.221158 -0.09537243 0.9222129 -0.221158 -0.09537243 0.9222129 -0.2137008 -0.1681186 1.158204 -0.2917606 -0.156558 1.973476 -0.2917606 -0.156558 1.973476 -0.4238743 0.08784407 1.058424 -0.07083094 0.08747094 1.046639 -0.07083094 0.08747094 1.046639 -0.07083094 0.08747094 1.046639 -0.4106832 0.2102324 0.3371244 -0.2703584 0.3090035 0.3369105 -0.4124743 0.3206249 -0.005247831 -0.1250131 0.2099841 0.3368809 -0.1424347 0.3186789 -0.005243778 -0.2651644 -0.06215357 0.3343963 -0.2739171 -0.07149767 0.1099912 -0.4379586 -0.3655861 -0.006498396 -0.1587086 -0.3964841 -0.006498098 -0.4666022 0.38134 0.2615911 -0.05877315 0.3785148 0.2615925 -0.2887799 -0.2809355 0.3003059 -0.4124743 0.3206249 -0.005247831 -0.1424347 0.3186789 -0.005243778 -0.4106832 0.2102324 0.3371244 -0.1250131 0.2099841 0.3368809 -0.2739171 -0.07149767 0.1099912 -0.1587086 -0.3964841 -0.006498098 -0.2739171 -0.07149767 0.1099912 -0.4379586 -0.3655861 -0.006498396 -0.1587086 -0.3964841 -0.006498098 -0.2887799 -0.2809355 0.3003059 -0.4666022 0.38134 0.2615911 -0.05877315 0.3785148 0.2615925 -0.4988944 0.2894641 1.96934 -0.1930773 0.4098628 1.531826 -0.4664877 0.3669197 1.559539 -0.2598983 0.387657 0.8544797 -0.494113 0.2689782 1.961029 -0.4988944 0.2894641 1.96934 -0.4988944 0.2894641 1.96934 -0.4664877 0.3669197 1.559539 -0.2598983 0.387657 0.8544797 -0.2598983 0.387657 0.8544797 -0.2598983 0.387657 0.8544797</float_array>
          <technique_common>
            <accessor source="#skortamarewa_001-mesh-positions-array" count="596" stride="3">
              <param name="X" type="float"/>
              <param name="Y" type="float"/>
              <param name="Z" type="float"/>
            </accessor>
          </technique_common>
        </source>
        <source id="skortamarewa_001-mesh-normals">
          <float_array id="skortamarewa_001-mesh-normals-array" count="1383">0.08914375 0.7035255 0.7050569 0.08915245 0.7035155 0.7050659 -0.8213236 -0.5114685 0.2526411 -0.8213301 -0.5114601 0.2526373 0.2560027 0.1577411 0.9537193 -0.8899524 -0.3776717 0.255634 -0.8899496 -0.3776764 0.2556373 0.8525277 -0.09095096 0.514708 0.8525346 -0.09094452 0.5146978 -0.3078079 0.05837094 0.9496563 -0.08977121 0.7239412 0.6839958 -0.089751 0.7239432 0.6839964 -0.01064294 -0.3209888 0.9470232 -0.6880751 0.4766175 0.547164 -0.6880854 0.4766124 0.5471554 -0.2722272 0.1279075 0.9536939 -0.06849771 0.2573303 0.9638928 -0.7703208 0.3899533 0.5045217 -0.770322 0.3899546 0.5045191 0.6162512 0.3796483 0.6900013 0.6162741 0.3796408 0.6899849 -0.8437094 0.4303644 0.3208444 -0.7688357 0.5289681 0.3592832 -0.2291132 0.1702147 0.9584019 -0.7394341 -0.6251293 0.2499014 -0.7394244 -0.6251373 0.2499101 0.2809712 -0.09126269 0.9553671 0.5066034 -0.7023924 0.4999979 0.5066081 -0.7023946 0.4999901 3.47612e-4 -2.02614e-4 1 0.6513323 0.3227971 0.6867083 0.651326 0.322792 0.6867168 -0.1884182 0.7077834 0.6808387 -0.1884028 0.7077863 0.68084 -6.27958e-5 -2.46338e-5 1 -0.3256285 -0.1381921 0.9353443 1.93093e-5 -9.30744e-5 1 -0.8884463 0.1684904 0.4269357 -0.8884565 0.168485 0.4269168 0.3961157 -0.001574814 0.9181994 -0.875777 -0.4137622 0.2486273 -0.8757736 -0.4137672 0.2486309 -0.0337795 0.2728711 0.9614575 -1.51715e-4 -0.2944236 0.9556751 -0.9519928 -0.1672999 0.2563604 -0.9519912 -0.1672909 0.2563721 0.2290393 0.6605389 0.7150031 0.2290421 0.6605403 0.7150009 0.2687146 0.1331748 0.9539691 0.7128719 0.1904017 0.6749526 0.712881 0.1903984 0.6749439 0.08030098 0.2524392 0.9642751 0.9653583 -0.206086 -0.1600374 0.9244521 -0.1451584 -0.3525865 0.9200588 -0.3888052 -0.04818999 0.9679262 -0.2050703 -0.1451382 -0.9678719 -0.2052504 -0.1452456 -0.9110937 -0.4106166 -0.0360862 -0.9265187 -0.1476256 -0.3460779 -0.9429849 -0.1668041 -0.2880209 0.3809025 -0.8976098 -0.2218328 0.5918085 -0.7050773 -0.3906772 0.01512223 -0.9149135 -0.4033663 -0.2928347 -0.1823552 0.938613 -0.2600716 -0.2198632 0.940225 0.7252968 0.6700294 0.1581302 -0.754588 0.6397702 0.1459143 0.1432104 -0.9636743 0.225439 0.1212245 -0.9537728 0.274995 -0.007485568 -0.7676216 -0.6408596 -0.6422308 -0.7663385 -0.01628094 -0.07717746 -0.8409671 -0.5355539 -0.3526157 -0.8560891 -0.3778541 0.02546393 -0.7725301 -0.6344674 -0.6301496 -0.7599641 -0.1592681 0.5075074 -0.7461324 0.4309556 0.9496052 -0.3132203 -0.01196295 -0.4163134 -0.7896807 0.4506526 -0.9403474 -0.3314714 -0.07663905 0.5343108 -0.6262267 -0.5677607 0.1153598 -0.9908127 0.07058745 2.14434e-5 -0.9865091 -0.1637068 -0.124195 -0.962894 0.2396059 0.05001348 -0.02044606 -0.9985393 0.05964618 -0.02044337 -0.9980102 0.1704354 -0.7564132 -0.631499 9.99321e-5 -2.17619e-5 -1 0.2877974 0.1206764 0.9500579 0.8217077 0.5688638 -0.03450441 1.18615e-4 0.1211887 -0.9926295 7.81479e-5 0.7787442 -0.6273417 0.2407206 0.4276531 -0.8713015 -0.6009535 0.2317249 -0.7649566 -0.8452696 0.5325804 -0.04333031 -1.61694e-6 0.999907 0.01364028 -1.87663e-6 0.999907 0.01363921 0.03421211 0.2705227 0.9621056 0.4335966 -0.0462557 0.899919 -0.3209519 -0.151634 0.9348782 0.1752498 -0.2429716 0.9540715 -0.07940649 0.263106 0.9614936 0.9572896 0.2878483 -0.027206 0.9569278 0.2889936 -0.02778565 0.9034793 0.4268355 -0.03919881 0.902763 0.42823 -0.04047477 0.7130444 0.6981809 -0.0641188 0.7144573 0.6968584 -0.06276309 0.4049725 0.9107136 -0.08122736 0.4036672 0.9112175 -0.08206981 -9.60531e-7 0.9960461 -0.08883863 0 0.996046 -0.08883911 -0.4049769 0.9106407 -0.08202028 -0.4036921 0.9112774 -0.08127874 -0.7144656 0.6967384 -0.06398808 -0.7144669 0.696737 -0.06398856 -0.7131014 0.6982345 -0.06288933 -0.9034873 0.426713 -0.04033333 -0.9028042 0.4282497 -0.0393306 -0.9572904 0.2878013 -0.02767211 -0.9569395 0.2889995 -0.02731662 -0.9896675 -0.1426696 0.01426702 -0.9895742 -0.1433629 0.01378303 -0.9035015 -0.4262845 0.04434692 -0.9026754 -0.4281864 0.04282057 -0.714513 -0.6956136 0.07478582 -0.712628 -0.6977764 0.07259184 -0.4050328 -0.908863 0.09958165 -0.4030912 -0.9099162 0.0978266 1.51488e-6 -0.994051 0.1089156 7.57439e-7 -0.9940511 0.1089153 0.4050332 -0.9090633 0.09773403 0.4030157 -0.9097486 0.09967881 0.7145113 -0.6958685 0.07239305 0.7125032 -0.6976485 0.07500487 0.903496 -0.4264692 0.0426498 0.902607 -0.4281548 0.04454261 0.989667 -0.1427268 0.01372361 0.9895666 -0.143361 0.01433759 -2.30955e-5 0 1 1.70874e-5 4.7929e-6 1 -5.43991e-6 6.63397e-6 1 -4.68736e-6 -1.59483e-6 1 -3.41748e-5 1.91716e-5 1 1.70875e-5 0 1 -1.40621e-5 2.31238e-6 1 -3.46476e-6 -5.24175e-7 1 0 0 1 -3.4175e-5 -1.91717e-5 1 -7.21684e-6 -3.56024e-6 1 -3.81506e-6 4.61737e-7 1 -8.5437e-6 -6.63401e-6 1 1.64776e-6 7.47511e-7 1 0 0 1 0 -4.7929e-6 1 1.13439e-5 -0.1078519 -0.994167 0 -0.1078272 -0.9941697 -1.70875e-5 -0.1078484 -0.9941674 1.40621e-5 -0.1078432 -0.994168 -6.8097e-5 -0.1078172 -0.9941707 -6.28296e-6 -0.1078314 -0.9941692 0 -0.1078488 -0.9941674 0 -0.1078409 -0.9941682 4.61087e-6 -0.1078422 -0.9941681 5.32338e-6 -0.1078382 -0.9941685 0 -0.1078345 -0.9941689 -6.92872e-5 -0.1078445 -0.9941679 1.26711e-5 -0.1078443 -0.9941679 4.57808e-6 -0.1078415 -0.9941682 5.19713e-6 -0.1078429 -0.9941679 4.68737e-6 -0.1078374 -0.9941686 -1.70874e-5 -0.1078339 -0.994169 0.7280688 0.3608236 0.582857 0.7280687 0.3608238 0.5828569 0.1734647 0.754209 0.633308 0.1734716 0.7542082 0.633307 -0.7018087 0.3532567 0.6186068 -0.7018333 0.3532348 0.6185914 0.9001352 -0.09602302 0.4248957 0.9001242 -0.09603118 0.424917 0.2560845 0.7385445 0.6236768 0.2560958 0.7385419 0.6236753 0.6342168 -0.5408175 0.5525266 0.6342147 -0.5408188 0.5525276 -0.6378366 0.4436219 0.6295745 -0.6378175 0.4436346 0.6295849 -0.753053 -0.3195806 0.5751343 -0.7530532 -0.3195812 0.5751338 0.754516 -0.245076 0.608805 0.7545139 -0.2450767 0.6088072 -0.196628 0.7386558 0.6447675 -0.1966339 0.7386549 0.6447667 -0.2239826 0.741837 0.6320678 -0.2239644 0.7418395 0.6320713 0.7080866 -0.3567396 0.6093852 0.708087 -0.3567392 0.609385 -0.7401096 -0.3496725 0.5744275 -0.7401114 -0.3496723 0.5744253 0.858709 -0.4976211 0.1224421 0.8587231 -0.4976001 0.1224293 0.09797477 0.772996 0.6268001 0.09793949 0.7729988 0.6268021 0.7605044 0.3188797 0.5656403 0.7605071 0.3188787 0.5656372 -0.09575766 0.7723919 0.6278864 -0.09578317 0.7723903 0.6278845 0.1565908 0.6808533 0.7154845 0.1565901 0.6808536 0.7154845 -0.3716857 -0.06518536 0.9260673 0.2641456 -0.2252359 0.9378145 0.2097254 0.6593112 0.7220278 0.2097236 0.6593255 0.7220151 0.721224 -0.363353 0.5897547 0.7212228 -0.3633478 0.5897594 0.7610857 -0.4411413 0.4755449 0.08940249 0.2578929 0.9620284 -0.2152801 0.7129948 0.6673027 -0.2152692 0.7129988 0.667302 0.8538051 -0.4947904 0.1618627 0.8538227 -0.4947639 0.1618505 -4.80664e-4 -0.920051 0.3917983 -4.77569e-4 -0.9200544 0.3917903 -0.06509846 0.2585973 0.9637893 0.8274045 -0.003286004 0.5615969 0.8274089 -0.003289997 0.5615903 -0.1786157 0.7094414 0.6817547 -0.1786289 0.7094397 0.6817529 0.6827989 0.2862961 0.6721758 0.6828033 0.2862982 0.6721704 0.7486683 -0.2431713 0.6167362 0.7486608 -0.2431738 0.6167443 0.6659613 -0.5678899 0.4837321 0.6659641 -0.5678879 0.4837306 0.2892808 0.07726323 0.9541212 -0.4993698 -0.7996592 0.3334292 -0.4993628 -0.799663 0.3334306 -0.03110718 -0.940932 0.3371638 -0.03110098 -0.9409314 0.337166 -0.1564903 -0.2505264 0.9553782 0.2664569 -0.1342542 0.9544509 0.06002628 0.2609949 0.9634722 0.781979 0.2088531 0.5872727 0.7819762 0.208854 0.5872761 0.8850603 -0.003518462 0.4654631 0.885075 -0.003516674 0.4654353 0.2336338 0.7344837 0.6371412 0.2336395 0.7344801 0.6371433 -0.02611905 -0.7905507 0.6118394 -0.02613121 -0.7905499 0.6118399 -0.1868159 0.7419923 0.6438534 -0.1867999 0.7419953 0.6438546 0.6933889 0.4271664 0.5802938 0.6934054 0.4271553 0.5802822 0.4575913 -0.6344309 0.622983 0.4575949 -0.6344296 0.6229816 -0.7785164 0.1476353 0.6100133 -0.7785126 0.1476381 0.6100174 -0.6142788 -0.5193365 0.5940971 -0.6142883 -0.5193287 0.5940939 -0.4025059 -0.6445649 0.6500192 -0.4025129 -0.6445592 0.6500207 -0.6868976 -0.4277446 0.5875425 -0.6868945 -0.4277476 0.5875442 -0.8265923 -0.1452326 0.5437397 -0.8266038 -0.1451851 0.5437348 -4.02905e-4 -0.763897 0.645338 -3.93846e-4 -0.7638985 0.6453363 -0.2137059 0.8230623 0.5262113 -0.5052771 -0.7652091 0.3989365 -0.1738429 -0.0648939 0.982633 0.1046129 0.5397807 -0.8352801 -0.1268501 0.6855502 0.7168892 -0.2433376 0.9168944 0.3163725 0.02487444 -0.1796487 -0.9834163 0.1158896 -0.527616 -0.8415408 -0.1257537 -0.7660717 0.6303334 -0.1156514 -0.7419168 0.6604424 -0.1751755 0.2616165 0.9491419 0.2897536 0.8609234 0.4181552 0.2905545 -0.003383874 -0.9568525 -0.9787764 -0.005836308 -0.2048485 -2.90246e-5 0.977822 0.209438 2.29911e-4 0.9778811 0.2091613 0.3938059 -0.9156955 -0.08011794 -0.189135 -0.981822 0.01592707 0.2403643 -0.9628924 -0.1227328 0.1025867 -0.183667 -0.9776208 0.4352622 -0.6385132 0.6347029 0.01571589 -0.9998367 0.008924067 0.01326733 0.993352 -0.1143499 -0.5908085 -0.1342173 0.7955696 0.3656951 -0.8080484 0.4618713 0.7805926 0.6048843 -0.157449 -0.999519 -0.007193326 -0.03016829 -0.9996937 0.02375453 -0.006949126 0.9999526 -0.007806122 0.005828797 0.9992468 0.02425915 0.03028726 -5.38069e-5 0.9006905 0.4344613 -0.001192688 0.9016144 0.4325392 0.003802895 0.9995972 -0.02812451 -3.59965e-5 0.9997205 -0.02364808 -0.3246055 -0.9186014 0.2253945 -0.333302 -0.9413775 0.05213779 0.160379 -0.9861128 -0.04313045 -0.1890944 -0.9813007 -0.03594863 -0.9865085 -0.03624558 -0.1596477 -0.05274176 -0.7418507 0.6684877 0.02901935 -0.9122806 0.4085367 -0.2121475 -0.4696196 -0.8570011 -0.08266371 0.01961696 -0.9963845 -0.2369571 0.481908 -0.8435735 0.007933616 -0.1451107 0.9893836 -0.02317333 0.8870812 0.4610317 -0.1122443 0.6856529 0.7192227 -0.1297829 0.5413414 -0.8307262 0.148754 0.6854902 0.712724 0.246966 0.916842 0.3137018 -0.05835556 -0.1809713 -0.9817556 -0.1412346 -0.5289347 -0.8368279 0.1443819 -0.7660357 0.6263731 0.1355614 -0.7415255 0.6570868 0.4692524 0.2375479 0.8505135 -0.1863382 0.8928745 0.409943 -0.5648115 -7.96032e-4 -0.8252196 0.9765644 -0.005177855 -0.2151632 -0.3968904 -0.1886314 -0.8982741 -0.2790775 -0.6986019 0.6588409 -0.01361864 -0.9998661 0.009084522 -0.04875791 0.9930863 -0.1067821 0.664203 -0.1284188 0.7364395 -0.04076379 -0.8695338 0.4921883 -0.7009679 0.3480463 0.6225014 0.9849772 -0.03640687 -0.1688036 -6.37911e-4 -0.7389931 0.6737127 -0.04447108 -0.8685551 0.4935933 0.2100228 -0.4679334 -0.8584456 0.07917225 0.0406565 -0.9960315 0.2181391 0.4850835 -0.8468232 -0.08597797 -0.1419112 0.9861384 0.002144038 0.8462614 0.5327638 0.05459624 0.684509 0.7269572 0.5297983 -0.7507451 0.3945827 0.1852946 -0.06485778 0.9805405 0.2181084 0.8245545 0.5220523 -0.3942397 -0.9144688 -0.09122443 0.9852323 -4.80904e-7 0.1712236 0.9867773 -0.0103935 0.161749 -0.9684629 -0.01176637 0.24888 -0.9828612 -0.1409454 0.1188212 -0.4295499 0.9030295 0.004994034 0.5751729 0.8105524 -0.1103671 0.3077396 -0.9498722 0.05512857 0.3026739 -0.9326481 0.1963577 -0.2129783 0.8604196 0.4629455 -0.2809844 0.7205454 0.633926 -0.001334428 0.972651 0.2322679 0.2184358 0.7545607 0.6188087 0.2962793 0.7964702 0.5271186 0.3947792 -0.9179848 0.03812158 0.6536001 -0.6772685 -0.3378082 -0.3954203 -0.9171856 0.04912728 -0.4534358 -0.8876358 0.08061486 -0.2391954 -0.9688544 0.06408333 0.01205706 -0.9998104 -0.01529502 0.2487958 -0.9681033 -0.02960896 0.2619469 -0.9641646 -0.04207634 -2.96847e-5 0.9978449 -0.06561809 1.04196e-4 0.9978519 -0.0655114 0.9688897 -4.36895e-7 -0.247493 0.9618456 -0.2674182 -0.05779862 -0.9832181 -0.1485954 -0.1058376 -0.9269019 -0.2822448 -0.2473678 -0.4354538 0.8983952 -0.05714923 -0.1356048 0.9754284 0.1736401 0.575354 0.8099871 -0.1135278 0.6552041 0.755437 0.004768013 0.1605185 -0.9864163 0.03488337 -0.2219947 -0.9624676 -0.1561233 -0.8796101 -0.4744447 0.03447467 -0.9223044 -0.3607653 -0.138575 0.8828344 -0.4489148 -0.1381264 0.9409279 -0.3385423 0.006616413 0.8889787 -0.4576824 -0.01561629 0.9200659 -0.3574199 -0.1604052 -0.8732546 -0.4650693 -0.1453858 -0.9462236 -0.3195927 0.05021429 0.007202327 0.9994949 0.03095656 -0.006819248 0.9999216 -0.01050925 0.5786612 0.7865235 0.215713 -0.532115 0.8209576 0.2070806 -0.5558793 0.7903003 0.2577279 0.5482641 0.8046998 0.2277386 -0.6918106 -0.01763325 0.7218638 0.0388379 -0.3681511 0.9289546 0.6080647 0.02185851 0.7935866 -0.038648 -0.349283 0.93622 0.6869228 -0.01690554 0.7265338 -0.6035727 0.02096277 0.7970323 1.94593e-4 0.001749455 -0.9999985 2.8194e-5 0.001821339 -0.9999984 -2.77366e-5 0.001908183 -0.9999982 -1.92175e-4 0.00183469 -0.9999984 0.9785504 -0.06258362 0.1962713 0.9784376 -0.06234866 0.1969081 -0.3074474 -0.03053313 -0.9510751 -0.1685714 0.03144043 -0.985188 -0.6980708 0.02593451 0.7155589 -0.5771561 -0.04128968 0.8155895 0.9459839 0.2615713 0.1915592 0.9462822 0.26091 0.1909871 -0.1682527 0.09451323 -0.9812025 -0.3054586 -0.1023604 -0.9466876 -0.5718115 -0.1391113 0.8085046 -0.6967672 0.06872659 0.7139973 0.9804269 4.99413e-4 0.196883 0.9804275 4.9937e-4 0.1968804 -0.3078219 1.41146e-4 -0.951444 -0.3078147 1.41185e-4 -0.9514464 -0.6982356 -6.42347e-4 0.7158677 -0.6982357 -6.42319e-4 0.7158677 0.007886171 -0.9999654 -0.00267589 -0.00730282 0.9999709 0.002215206 0.9603021 -0.2022869 0.1920937 0.9601981 -0.2021028 0.1928057 -0.6946234 -0.09795337 0.7126734 -0.6945707 -0.09799879 0.7127186 -0.3058518 -0.09168791 -0.947654 -0.3054805 -0.09165269 -0.9477772 0.862947 0.5008648 -0.06676113 -0.8785759 0.4425797 -0.1795204 -0.906783 0.3941404 -0.1496596 0.8706891 0.4801383 -0.10662 -0.6220182 -0.7600123 0.1883478 -0.9514936 -0.2855203 -0.1146218 0.7206972 -0.6640604 -0.1990467 0.9409029 -0.316493 0.1205576 -0.7591946 -0.6278059 -0.1717073 0.7201715 -0.6653072 -0.1967726 -0.890298 -0.4438827 0.1016754 -0.8213546 -0.5678147 0.05443453 0.9207804 -0.3864672 0.05297797 0.7691229 -0.6381254 -0.03529691 0.7234428 -0.6791601 0.1239839 0.936571 -0.3330668 -0.1090942 -0.7279763 -0.6550911 -0.2022527 -0.9531008 -0.2455679 0.1769055 0.8182641 -0.5415483 -0.1927936 -0.7238754 -0.6654247 -0.1822482 0.9461789 -0.2867654 0.150037 0.8856778 -0.4552441 0.0912562 -0.9031608 -0.4290112 0.0158118 -0.7590091 -0.6479777 -0.06348431 0.006926834 0.9998907 -0.01306843 -0.006890356 0.9999083 -0.0116648 0.7168273 0.6451113 0.2645561 -0.7509514 0.6251417 0.212767 -0.7620921 0.5932459 0.2593742 0.7433142 0.6234241 0.2425415 -0.3064609 0.9511582 0.0371465 0.3729743 0.9247347 0.07586866 0.8470804 -0.5314607 -0.002137064 -0.4386741 0.8586272 0.2651876</float_array>
          <technique_common>
            <accessor source="#skortamarewa_001-mesh-normals-array" count="461" stride="3">
              <param name="X" type="float"/>
              <param name="Y" type="float"/>
              <param name="Z" type="float"/>
            </accessor>
          </technique_common>
        </source>
        <source id="skortamarewa_001-mesh-map-0">
          <float_array id="skortamarewa_001-mesh-map-0-array" count="2778">0.916118 0.723273 0.916051 0.733809 1.010813 0.729894 0.916118 0.723273 1.010813 0.729894 1.010862 0.722246 0.915598 0.805781 0.915821 0.770311 1.010647 0.756392 0.915598 0.805781 1.010647 0.756392 1.010485 0.78214 0.940744 0.728295 0.883747 0.779454 0.885638 0.782523 0.915387 0.839398 0.915519 0.818409 1.010427 0.791307 0.915387 0.839398 1.010427 0.791307 1.010331 0.806543 0.916785 0.617288 0.916787 0.616934 1.011348 0.645052 0.916785 0.617288 1.011348 0.645052 1.011347 0.645309 0.9378 0.727319 0.871206 0.76278 0.866043 0.735554 0.916354 0.685877 0.916293 0.695485 1.010988 0.702074 0.916354 0.685877 1.010988 0.702074 1.011032 0.6951 0.909985 0.657166 0.940744 0.728295 0.91683 0.657392 0.915722 0.786146 0.916085 0.809664 1.010838 0.784959 0.915722 0.786146 1.010838 0.784959 1.010574 0.767887 0.871206 0.76278 0.9378 0.727319 0.883028 0.785754 0.926352 0.813286 0.906909 0.80811 0.9378 0.727319 0.916085 0.809664 0.915443 0.830358 1.010372 0.799981 0.916085 0.809664 1.010372 0.799981 1.010838 0.784959 0.916806 0.613977 0.916785 0.617288 1.011347 0.645309 0.916806 0.613977 1.011347 0.645309 1.011362 0.642906 0.949682 0.638828 0.949085 0.63862 0.948436 0.670177 0.949636 0.611889 0.949085 0.63862 0.949682 0.638828 0.896459 0.805479 0.883028 0.785754 0.9378 0.727319 0.91589 0.75952 0.915949 0.750031 1.010739 0.74167 0.91589 0.75952 1.010739 0.74167 1.010696 0.748558 0.940744 0.728295 0.867778 0.70417 0.861272 0.724199 0.916517 0.659915 0.916837 0.608964 1.011385 0.639267 0.916517 0.659915 1.011385 0.639267 1.011152 0.676254 0.946744 0.817932 0.946776 0.816432 0.946819 0.814335 0.916787 0.616917 0.916686 0.632972 1.011275 0.656695 0.916787 0.616917 1.011275 0.656695 1.011348 0.64504 0.916051 0.733809 0.915837 0.767851 1.010658 0.754606 0.916051 0.733809 1.010658 0.754606 1.010813 0.729894 0.946771 0.816646 0.946737 0.818311 0.946807 0.814899 0.866043 0.735554 0.878031 0.707304 0.9378 0.727319 0.946771 0.816646 0.946807 0.814899 0.946813 0.81459 0.915443 0.830358 0.915387 0.839398 1.010331 0.806543 0.915443 0.830358 1.010331 0.806543 1.010372 0.799981 0.940744 0.728295 0.885436 0.784415 0.885426 0.786904 0.915519 0.818409 0.91559 0.807075 1.010479 0.783079 0.915519 0.818409 1.010479 0.783079 1.010427 0.791307 0.940744 0.728295 0.924814 0.814003 0.930302 0.813323 0.9378 0.727319 0.917087 0.650192 0.95639 0.650172 0.91559 0.807075 0.915598 0.805781 1.010485 0.78214 0.91559 0.807075 1.010485 0.78214 1.010479 0.783079 0.916293 0.695485 0.916209 0.708896 1.010927 0.71181 0.916293 0.695485 1.010927 0.71181 1.010988 0.702074 0.940744 0.728295 0.885426 0.786904 0.894596 0.805407 0.917053 0.574628 0.91704 0.576758 1.011532 0.615888 0.917053 0.574628 1.011532 0.615888 1.011541 0.614342 0.940744 0.728295 0.906137 0.808062 0.924814 0.814003 0.115849 0.522467 0.180153 0.517334 0.181944 0.501192 0.115849 0.522467 0.181944 0.501192 0.185159 0.469682 0.115849 0.522467 0.185159 0.469682 0.183562 0.382768 0.183562 0.382768 0.119449 0.384496 0.115849 0.522467 0.11662 0.524037 0.120222 0.386066 0.183836 0.384532 0.11662 0.524037 0.183836 0.384532 0.185816 0.466617 0.11662 0.524037 0.185816 0.466617 0.182171 0.502614 0.11662 0.524037 0.182171 0.502614 0.180417 0.518442 0.255598 0.384519 0.328489 0.384519 0.327945 0.467449 0.255598 0.384519 0.327945 0.467449 0.286651 0.46933 0.255598 0.384519 0.286651 0.46933 0.25262 0.468798 0.9378 0.727319 0.885244 0.689396 0.905503 0.656862 0.917087 0.650192 0.9378 0.727319 0.911667 0.656603 0.117968 0.468971 0.09465998 0.379774 0.04454696 0.420141 0.11687 0.468833 0.04353898 0.419872 0.09372895 0.379595 0.329421 0.51729 0.251505 0.516513 0.264879 0.503188 0.264879 0.503188 0.328872 0.501287 0.329421 0.51729 0.251505 0.524438 0.180417 0.518442 0.251505 0.516513 0.185816 0.466617 0.222065 0.468322 0.242094 0.503147 0.185816 0.466617 0.242094 0.503147 0.182171 0.502614 0.183836 0.384532 0.255598 0.384519 0.25262 0.468798 0.183836 0.384532 0.25262 0.468798 0.222065 0.468322 0.183836 0.384532 0.222065 0.468322 0.185816 0.466617 0.264879 0.503188 0.251505 0.516513 0.252092 0.469888 0.252092 0.469888 0.286651 0.46933 0.264879 0.503188 0.252092 0.469888 0.251505 0.516513 0.242094 0.503147 0.242094 0.503147 0.222065 0.468322 0.252092 0.469888 0.286651 0.46933 0.327945 0.467449 0.328872 0.501287 0.328872 0.501287 0.264879 0.503188 0.286651 0.46933 0.251505 0.516513 0.180417 0.518442 0.182171 0.502614 0.182171 0.502614 0.242094 0.503147 0.251505 0.516513 0.252092 0.469888 0.222065 0.468322 0.25262 0.468798 0.252092 0.469888 0.25262 0.468798 0.286651 0.46933 0.329421 0.51729 0.251505 0.524438 0.251505 0.516513 0.328489 0.384519 0.255598 0.384519 0.183836 0.384532 0.883747 0.779454 0.940744 0.728295 0.862488 0.728754 0.117968 0.468971 0.04454696 0.420141 0.03960198 0.466083 0.104138 0.381085 0.122873 0.381084 0.126778 0.394069 0.126778 0.394069 0.120908 0.446911 0.106833 0.446911 0.104138 0.381085 0.126778 0.394069 0.106833 0.446911 0.104138 0.381085 0.106833 0.446911 0.100235 0.394073 0.04353898 0.419872 0.11687 0.468833 0.03850799 0.465806 0.06330996 0.439296 0.06330996 0.439296 0.03487795 0.409014 0.03487795 0.409014 0.03487795 0.409014 0.06330996 0.439296 0.952192 0.814262 0.940744 0.728295 0.946174 0.8135 0.940744 0.728295 0.885638 0.782523 0.885436 0.784415 0.884505 0.693602 0.9378 0.727319 0.878031 0.707304 0.940744 0.728295 0.909985 0.657166 0.880883 0.678156 0.940744 0.728295 0.937962 0.815979 0.946174 0.8135 0.910924 0.697824 0.911412 0.674139 0.949688 0.674927 0.949688 0.674927 0.9492 0.698612 0.910924 0.697824 0.911412 0.674139 0.912305 0.630721 0.950581 0.631509 0.950581 0.631509 0.949688 0.674927 0.911412 0.674139 0.951244 0.599282 0.950581 0.631509 0.912305 0.630721 0.912305 0.630721 0.912968 0.598494 0.951244 0.599282 0.912968 0.598494 0.913321 0.581347 0.951597 0.582135 0.951597 0.582135 0.951244 0.599282 0.912968 0.598494 0.911956 0.582126 0.911956 0.582126 0.950232 0.582914 0.950232 0.582914 0.950232 0.582914 0.911956 0.582126 0.911956 0.582126 0.911603 0.599274 0.949879 0.600062 0.949879 0.600062 0.950232 0.582914 0.911956 0.582126 0.911201 0.618848 0.910941 0.631501 0.949216 0.632288 0.911603 0.599274 0.911201 0.618848 0.949216 0.632288 0.911603 0.599274 0.949216 0.632288 0.949879 0.600062 0.910941 0.631501 0.910047 0.674919 0.948322 0.675707 0.948322 0.675707 0.949216 0.632288 0.910941 0.631501 0.910047 0.674919 0.909559 0.698604 0.947835 0.699392 0.947835 0.699392 0.948322 0.675707 0.910047 0.674919 0.909559 0.698604 0.908544 0.747977 0.946819 0.748765 0.946819 0.748765 0.947835 0.699392 0.909559 0.698604 0.908544 0.747977 0.907649 0.791396 0.945925 0.792184 0.945925 0.792184 0.946819 0.748765 0.908544 0.747977 0.907649 0.791396 0.906987 0.823623 0.945262 0.824411 0.945262 0.824411 0.945925 0.792184 0.907649 0.791396 0.906987 0.823623 0.906634 0.84077 0.94491 0.841558 0.94491 0.841558 0.945262 0.824411 0.906987 0.823623 0.907999 0.83999 0.907999 0.83999 0.946274 0.840778 0.946274 0.840778 0.946274 0.840778 0.907999 0.83999 0.907999 0.83999 0.908352 0.822843 0.946627 0.82363 0.946627 0.82363 0.946274 0.840778 0.907999 0.83999 0.908352 0.822843 0.909015 0.790616 0.94729 0.791404 0.94729 0.791404 0.946627 0.82363 0.908352 0.822843 0.909015 0.790616 0.909909 0.747198 0.948184 0.747986 0.948184 0.747986 0.94729 0.791404 0.909015 0.790616 0.909909 0.747198 0.910924 0.697824 0.9492 0.698612 0.9492 0.698612 0.948184 0.747986 0.909909 0.747198 0.907796 0.719543 0.913648 0.734738 0.91104 0.767416 0.91104 0.767416 0.899149 0.796803 0.879407 0.819354 0.879407 0.819354 0.854197 0.83235 0.826558 0.834223 0.91104 0.767416 0.879407 0.819354 0.826558 0.834223 0.826558 0.834223 0.799825 0.824747 0.777221 0.805065 0.777221 0.805065 0.761474 0.777551 0.754482 0.745523 0.826558 0.834223 0.777221 0.805065 0.754482 0.745523 0.91104 0.767416 0.826558 0.834223 0.754482 0.745523 0.754482 0.745523 0.75823 0.729678 0.770121 0.700291 0.770121 0.700291 0.789863 0.677739 0.815074 0.664743 0.754482 0.745523 0.770121 0.700291 0.815074 0.664743 0.91104 0.767416 0.754482 0.745523 0.815074 0.664743 0.815074 0.664743 0.842712 0.66287 0.869446 0.672346 0.91104 0.767416 0.815074 0.664743 0.869446 0.672346 0.907796 0.719543 0.91104 0.767416 0.869446 0.672346 0.892049 0.692029 0.907796 0.719543 0.869446 0.672346 0.772739 0.675237 0.79795 0.662241 0.825589 0.660368 0.825589 0.660368 0.852322 0.669844 0.874926 0.689526 0.874926 0.689526 0.890673 0.717041 0.897665 0.749068 0.825589 0.660368 0.874926 0.689526 0.897665 0.749068 0.897665 0.749068 0.893917 0.764914 0.882026 0.794301 0.897665 0.749068 0.882026 0.794301 0.874275 0.803155 0.874275 0.803155 0.862284 0.816852 0.837073 0.829848 0.837073 0.829848 0.809435 0.831721 0.782701 0.822245 0.874275 0.803155 0.837073 0.829848 0.782701 0.822245 0.897665 0.749068 0.874275 0.803155 0.782701 0.822245 0.782701 0.822245 0.760098 0.802563 0.74435 0.775049 0.74435 0.775049 0.738499 0.759854 0.741106 0.727176 0.782701 0.822245 0.74435 0.775049 0.741106 0.727176 0.897665 0.749068 0.782701 0.822245 0.741106 0.727176 0.825589 0.660368 0.897665 0.749068 0.741106 0.727176 0.772739 0.675237 0.825589 0.660368 0.741106 0.727176 0.772739 0.675237 0.741106 0.727176 0.752998 0.697789 0.849976 0.823812 0.865471 0.855077 0.894596 0.805407 0.849976 0.823812 0.894596 0.805407 0.885426 0.786904 0.865471 0.855077 0.884971 0.859562 0.906137 0.808062 0.865471 0.855077 0.906137 0.808062 0.894596 0.805407 0.842552 0.822543 0.822577 0.783724 0.871206 0.76278 0.842552 0.822543 0.871206 0.76278 0.883028 0.785754 0.850334 0.81641 0.849993 0.819607 0.885436 0.784415 0.850334 0.81641 0.885436 0.784415 0.885638 0.782523 0.925802 0.868452 0.938745 0.87294 0.937962 0.815979 0.925802 0.868452 0.937962 0.815979 0.930302 0.813323 0.912035 0.594432 0.903039 0.604981 0.91683 0.657392 0.912035 0.594432 0.91683 0.657392 0.922154 0.651149 0.865245 0.855872 0.842552 0.822543 0.883028 0.785754 0.865245 0.855872 0.883028 0.785754 0.896459 0.805479 0.813853 0.737721 0.834109 0.689989 0.878031 0.707304 0.813853 0.737721 0.878031 0.707304 0.866043 0.735554 0.820157 0.68402 0.809164 0.717863 0.861272 0.724199 0.820157 0.68402 0.861272 0.724199 0.867778 0.70417 0.915755 0.869063 0.882903 0.860318 0.906909 0.80811 0.915755 0.869063 0.906909 0.80811 0.926352 0.813286 0.939799 0.871963 0.925924 0.867774 0.93237 0.812523 0.938745 0.87294 0.946174 0.8135 0.937962 0.815979 0.842301 0.640065 0.820157 0.68402 0.867778 0.70417 0.842301 0.640065 0.867778 0.70417 0.880883 0.678156 0.834109 0.689989 0.845047 0.666838 0.884505 0.693602 0.834109 0.689989 0.884505 0.693602 0.878031 0.707304 0.888361 0.599868 0.890942 0.604322 0.911667 0.656603 0.888361 0.599868 0.911667 0.656603 0.910139 0.653967 0.925924 0.867774 0.915755 0.869063 0.926352 0.813286 0.925924 0.867774 0.926352 0.813286 0.93237 0.812523 0.81122 0.725558 0.847139 0.811224 0.883747 0.779454 0.81122 0.725558 0.883747 0.779454 0.862488 0.728754 0.91653 0.869601 0.925802 0.868452 0.930302 0.813323 0.91653 0.869601 0.930302 0.813323 0.924814 0.814003 0.916686 0.632972 0.916559 0.653177 1.011183 0.671362 0.916686 0.632972 1.011183 0.671362 1.011275 0.656695 0.9378 0.727319 0.884505 0.693602 0.885244 0.689396 0.91683 0.657392 0.940744 0.728295 0.922154 0.651149 0.916559 0.653177 0.916354 0.685877 1.011032 0.6951 0.916559 0.653177 1.011032 0.6951 1.011183 0.671362 0.916837 0.608964 0.916982 0.586019 1.011489 0.622611 0.916837 0.608964 1.011489 0.622611 1.011385 0.639267 0.9378 0.727319 0.910139 0.653967 0.911667 0.656603 0.937962 0.815979 0.940744 0.728295 0.930302 0.813323 0.916209 0.708896 0.916118 0.723273 1.010862 0.722246 0.916209 0.708896 1.010862 0.722246 1.010927 0.71181 0.915872 0.762195 0.91589 0.75952 1.010696 0.748558 0.915872 0.762195 1.010696 0.748558 1.010684 0.7505 0.915949 0.750031 0.916383 0.68122 1.011054 0.691719 0.915949 0.750031 1.011054 0.691719 1.010739 0.74167 0.906909 0.80811 0.896459 0.805479 0.9378 0.727319 0.916787 0.616934 0.916787 0.616917 1.011348 0.64504 0.916787 0.616934 1.011348 0.64504 1.011348 0.645052 0.915837 0.767851 0.915722 0.786146 1.010574 0.767887 0.915837 0.767851 1.010574 0.767887 1.010658 0.754606 0.91704 0.576758 0.916806 0.613977 1.011362 0.642906 0.91704 0.576758 1.011362 0.642906 1.011532 0.615888 0.916982 0.586019 0.917053 0.574628 1.011541 0.614342 0.916982 0.586019 1.011541 0.614342 1.011489 0.622611 0.916383 0.68122 0.916441 0.671898 1.011096 0.684952 0.916383 0.68122 1.011096 0.684952 1.011054 0.691719 0.861272 0.724199 0.862488 0.728754 0.940744 0.728295 0.915821 0.770311 0.915872 0.762195 1.010684 0.7505 0.915821 0.770311 1.010684 0.7505 1.010647 0.756392 0.916441 0.671898 0.916517 0.659915 1.011152 0.676254 0.916441 0.671898 1.011152 0.676254 1.011096 0.684952 0.9378 0.727319 0.905503 0.656862 0.910139 0.653967 0.867778 0.70417 0.940744 0.728295 0.880883 0.678156 0.940744 0.728295 0.894596 0.805407 0.906137 0.808062 0.809164 0.717863 0.81122 0.725558 0.862488 0.728754 0.809164 0.717863 0.862488 0.728754 0.861272 0.724199 0.849993 0.819607 0.849976 0.823812 0.885426 0.786904 0.849993 0.819607 0.885426 0.786904 0.885436 0.784415 0.884971 0.859562 0.91653 0.869601 0.924814 0.814003 0.884971 0.859562 0.924814 0.814003 0.906137 0.808062 0.903039 0.604981 0.891474 0.604599 0.909985 0.657166 0.903039 0.604981 0.909985 0.657166 0.91683 0.657392 0.882903 0.860318 0.865245 0.855872 0.896459 0.805479 0.882903 0.860318 0.896459 0.805479 0.906909 0.80811 0.847139 0.811224 0.850334 0.81641 0.885638 0.782523 0.847139 0.811224 0.885638 0.782523 0.883747 0.779454 0.891474 0.604599 0.842301 0.640065 0.880883 0.678156 0.891474 0.604599 0.880883 0.678156 0.909985 0.657166 0.822577 0.783724 0.813853 0.737721 0.866043 0.735554 0.822577 0.783724 0.866043 0.735554 0.871206 0.76278 0.890942 0.604322 0.9001 0.59349 0.917087 0.650192 0.890942 0.604322 0.917087 0.650192 0.911667 0.656603 0.880528 0.60476 0.888361 0.599868 0.910139 0.653967 0.880528 0.60476 0.910139 0.653967 0.905503 0.656862 0.846297 0.65973 0.880528 0.60476 0.905503 0.656862 0.846297 0.65973 0.905503 0.656862 0.885244 0.689396 0.845047 0.666838 0.846297 0.65973 0.885244 0.689396 0.845047 0.666838 0.885244 0.689396 0.884505 0.693602 0.9001 0.59349 0.966509 0.593455 0.95639 0.650172 0.9001 0.59349 0.95639 0.650172 0.917087 0.650192 0.248247 0.306897 0.167805 0.31652 0.215822 0.2388 0.03835099 0.235973 0.1292999 0.315186 0.04132395 0.306023 0.1292999 0.315186 0.129278 0.319133 0.04132395 0.306023 0.198987 0.714499 0.202354 0.741934 0.082372 0.715938 0.201869 0.627592 0.198987 0.714499 0.07923495 0.65381 0.07923495 0.65381 0.198987 0.714499 0.082372 0.715938 0.07701998 0.648772 0.20526 0.630158 0.07638496 0.652039 0.200624 0.670607 0.07638496 0.652039 0.20526 0.630158 0.07597696 0.693174 0.07638496 0.652039 0.200624 0.670607 0.07597696 0.693174 0.200624 0.670607 0.203934 0.737134 0.07923495 0.65381 0.010508 0.663952 0.014108 0.64756 0.07923495 0.65381 0.082372 0.715938 0.010508 0.663952 0.07638496 0.652039 0.01107996 0.645983 0.01067894 0.645756 0.00978899 0.686517 0.01067894 0.645756 0.01107996 0.645983 0.852688 0.605 0.81092 0.605396 0.890596 0.519365 0.763052 0.520415 0.890596 0.519365 0.81092 0.605396 0.840914 0.912789 0.88696 0.911363 0.874218 0.989686 0.805776 0.99042 0.747985 0.991039 0.782023 0.913345 0.782023 0.913345 0.810444 0.910728 0.805776 0.99042 0.01067894 0.645756 0.07701998 0.648772 0.07638496 0.652039 0.01308494 0.702966 0.07638496 0.652039 0.07597696 0.693174 0.01308494 0.702966 0.01107996 0.645983 0.07638496 0.652039 0.082372 0.715938 0.01458996 0.710298 0.010508 0.663952 0.25455 0.314292 0.24573 0.246344 0.180516 0.291456 0.196885 0.310442 0.2357259 0.269522 0.200378 0.241333 0.204668 0.311658 0.25455 0.314292 0.180516 0.291456 0.056795 0.1428 0.057711 0.1412619 0.05358397 0.232164 0.193557 0.242844 0.192407 0.134806 0.196465 0.241119 0.215646 0.14608 0.216525 0.14763 0.215175 0.236668 0.230162 0.244512 0.228146 0.1386049 0.233255 0.2483839 0.180242 0.297556 0.07494598 0.296358 0.03621399 0.240463 0.03621399 0.240463 0.225014 0.240254 0.180242 0.297556 0.411376 0.140138 0.415745 0.248176 0.233255 0.2483839 0.411376 0.140138 0.233255 0.2483839 0.228146 0.1386049 0.03835099 0.235973 0.124929 0.236313 0.1292999 0.315186 0.04247796 0.14507 0.124929 0.236313 0.03835099 0.235973 0.121756 0.145532 0.215646 0.14608 0.124929 0.236313 0.124929 0.236313 0.04247796 0.14507 0.121756 0.145532 0.00978899 0.686517 0.01107996 0.645983 0.01308494 0.702966 0.811802 0.288567 0.754345 0.285845 0.822225 0.468721 0.822225 0.468721 0.754345 0.285845 0.727699 0.465353 0.727699 0.465353 0.754345 0.285845 0.736339 0.288083 0.03835099 0.235973 0.029841 0.16051 0.04095494 0.237503 0.736801 0.289064 0.754963 0.287123 0.726825 0.468624 0.829704 0.468767 0.811802 0.288567 0.822225 0.468721 0.829869 0.476582 0.726825 0.468624 0.754963 0.287123 0.754963 0.287123 0.812342 0.289936 0.829869 0.476582 0.19923 0.713884 0.07551896 0.720262 0.202697 0.741344 0.201949 0.626851 0.07680696 0.655165 0.19923 0.713884 0.07680696 0.655165 0.07551896 0.720262 0.19923 0.713884 0.07454699 0.649975 0.07397198 0.653252 0.204318 0.636144 0.200194 0.67682 0.204318 0.636144 0.07397198 0.653252 0.06897497 0.697079 0.200194 0.67682 0.07397198 0.653252 0.06897497 0.697079 0.204342 0.743454 0.200194 0.67682 0.07680696 0.655165 0.006173968 0.652997 0.002845942 0.669416 0.07680696 0.655165 0.002845942 0.669416 0.07551896 0.720262 0.07397198 0.653252 0.002854943 0.650801 0.003213942 0.650967 0.002715945 0.691497 0.003213942 0.650967 0.002854943 0.650801 0.002854943 0.650801 0.07397198 0.653252 0.07454699 0.649975 0.006347954 0.707859 0.06897497 0.697079 0.07397198 0.653252 0.006347954 0.707859 0.07397198 0.653252 0.003213942 0.650967 0.07551896 0.720262 0.002845942 0.669416 0.007685959 0.715681 0.242494 0.2456679 0.251345 0.313698 0.251345 0.313698 0.251345 0.313698 0.179374 0.290945 0.242494 0.2456679 0.1963199 0.312096 0.199191 0.2424899 0.235188 0.271181 0.03334397 0.216334 0.07431298 0.207831 0.07431298 0.207831 0.07431298 0.207831 0.03284895 0.143544 0.03334397 0.216334 0.002715945 0.691497 0.006347954 0.707859 0.003213942 0.650967 0.812792 0.289881 0.821234 0.471952 0.755207 0.286876 0.821234 0.471952 0.727269 0.465789 0.755207 0.286876 0.727269 0.465789 0.737155 0.28901 0.755207 0.286876 0.215175 0.236668 0.212293 0.239984 0.229064 0.164067 0.202859 0.742604 0.336565 0.735196 0.199398 0.715183 0.82872 0.472138 0.821234 0.471952 0.812792 0.289881 0.339439 0.632251 0.199398 0.715183 0.336565 0.735196 0.754847 0.287282 0.828417 0.473193 0.81224 0.289988 0.215175 0.236668 0.2064509 0.307825 0.1292999 0.315186 0.1292999 0.315186 0.2064509 0.307825 0.129278 0.319133 0.246001 0.305794 0.21308 0.240872 0.170324 0.315903 0.737093 0.913767 0.782023 0.913345 0.747985 0.991039 0.887508 0.910829 0.944346 0.910587 0.876206 0.987359 0.876206 0.987359 0.944346 0.910587 0.961364 0.989761 0.962741 0.989347 0.944368 0.910537 0.877557 0.98856 0.877557 0.98856 0.944368 0.910537 0.887532 0.911011 0.81092 0.605396 0.754071 0.599465 0.763052 0.520415 0.958102 0.990366 0.944776 0.910839 0.996009 0.904731 0.215646 0.14608 0.215175 0.236668 0.124929 0.236313 0.124929 0.236313 0.215175 0.236668 0.1292999 0.315186 0.107445 0.276505 0.170041 0.248755 0.19783 0.270322 0.19783 0.270322 0.1983669 0.291505 0.107445 0.276505 0.08563297 0.246323 0.170041 0.248755 0.107445 0.276505 0.04716199 0.286366 0.05124294 0.270657 0.08563297 0.246323 0.08563297 0.246323 0.107445 0.276505 0.04716199 0.286366 0.88696 0.911363 0.840914 0.912789 0.845914 0.870069 0.845914 0.870069 0.870705 0.849831 0.88696 0.911363 0.782023 0.913345 0.737093 0.913767 0.755059 0.852116 0.755059 0.852116 0.77509 0.868299 0.782023 0.913345 0.840914 0.912789 0.810444 0.910728 0.822213 0.850156 0.822213 0.850156 0.845914 0.870069 0.840914 0.912789 0.810444 0.910728 0.782023 0.913345 0.77509 0.868299 0.77509 0.868299 0.793737 0.851634 0.810444 0.910728 0.81092 0.605396 0.852688 0.605 0.858021 0.668 0.858021 0.668 0.799396 0.668566 0.81092 0.605396 0.945034 0.9105 0.887186 0.910736 0.90337 0.846569 0.90337 0.846569 0.942232 0.844446 0.945034 0.9105 0.887058 0.911428 0.944912 0.910933 0.906157 0.846879 0.906157 0.846879 0.873895 0.850834 0.887058 0.911428 0.754071 0.599465 0.81092 0.605396 0.799396 0.668566 0.799396 0.668566 0.759338 0.664541 0.754071 0.599465 0.996009 0.904731 0.944776 0.910839 0.950202 0.846519 0.950202 0.846519 0.990677 0.841731 0.996009 0.904731 0.840914 0.912789 0.874218 0.989686 0.805776 0.99042 0.805776 0.99042 0.810444 0.910728 0.840914 0.912789 0.687643 0.76064 0.687538 0.717232 0.723343 0.702917 0.720643 0.786963 0.687643 0.76064 0.723343 0.702917 0.65036 0.785866 0.642892 0.70247 0.687538 0.717232 0.687538 0.717232 0.687643 0.76064 0.65036 0.785866 0.684821 0.717954 0.682278 0.762282 0.721743 0.703854 0.682278 0.762282 0.714963 0.788934 0.721743 0.703854 0.64481 0.702906 0.644058 0.787187 0.684821 0.717954 0.682278 0.762282 0.684821 0.717954 0.644058 0.787187 0.720971 0.789682 0.650089 0.788601 0.685425 0.709182 0.646672 0.786982 0.716978 0.788736 0.685012 0.708611 0.643016 0.702833 0.646672 0.786982 0.685012 0.708611 0.685012 0.708611 0.716978 0.788736 0.723438 0.703765 0.685425 0.709182 0.650089 0.788601 0.647047 0.703613 0.724012 0.704098 0.720971 0.789682 0.685425 0.709182 0.720643 0.786963 0.717823 0.787346 0.687643 0.76064 0.677509 0.782711 0.682694 0.775083 0.680638 0.785134 0.684584 0.762081 0.642241 0.787345 0.646672 0.786982 0.686398 0.778659 0.70774 0.787906 0.66468 0.785995 0.714963 0.788934 0.682278 0.762282 0.712101 0.789278 0.650089 0.788601 0.645612 0.789028 0.68768 0.763367 0.720971 0.789682 0.718117 0.790066 0.645612 0.789028 0.645612 0.789028 0.650089 0.788601 0.720971 0.789682 0.716978 0.788736 0.646672 0.786982 0.642241 0.787345 0.642241 0.787345 0.71415 0.78908 0.716978 0.788736 0.445664 0.759699 0.445617 0.759663 0.410741 0.755014 0.410741 0.755014 0.410788 0.755066 0.445664 0.759699 0.445632 0.781592 0.445632 0.760752 0.410718 0.755988 0.410718 0.755988 0.410761 0.786372 0.445632 0.781592 0.445638 0.780503 0.445664 0.759699 0.410788 0.755066 0.410788 0.755066 0.410729 0.785398 0.445638 0.780503 0.410788 0.755066 0.410741 0.755014 0.399638 0.760634 0.399638 0.760634 0.399685 0.76067 0.410788 0.755066 0.410761 0.786372 0.410718 0.755988 0.399653 0.759954 0.399653 0.759954 0.399652 0.780794 0.410761 0.786372 0.410729 0.785398 0.410788 0.755066 0.399685 0.76067 0.399685 0.76067 0.399659 0.781474 0.410729 0.785398 0.388897 0.786068 0.339922 0.786057 0.339922 0.753653 0.339922 0.753653 0.388897 0.753664 0.388897 0.786068 0.339922 0.786057 0.339922 0.786079 0.339922 0.753675 0.339922 0.753675 0.339922 0.753653 0.339922 0.786057 0.339922 0.786079 0.388897 0.786068 0.388897 0.753664 0.388897 0.753664 0.339922 0.753675 0.339922 0.786079 0.473171 0.770026 0.473171 0.77019 0.473172 0.77019 0.388897 0.753664 0.339922 0.753653 0.339922 0.753675 0.445617 0.759663 0.445664 0.759699 0.473168 0.770962 0.473168 0.770962 0.473168 0.770961 0.445617 0.759663 0.445664 0.759699 0.445638 0.780503 0.473168 0.771125 0.473168 0.771125 0.473168 0.770962 0.445664 0.759699 0.445632 0.760752 0.445632 0.781592 0.473171 0.77019 0.473171 0.77019 0.473171 0.770026 0.445632 0.760752 0.919012 0.753891 0.96197 0.751586 0.943909 0.910214 0.836017 0.687893 0.793016 0.688639 0.837436 0.84505 0.960673 0.75338 0.916057 0.755801 0.944215 0.910656 0.796669 0.685432 0.841372 0.686103 0.840067 0.843221 0.853263 0.675898 0.84804 0.828272 0.814251 0.853157 0.753844 0.666986 0.853263 0.675898 0.814251 0.853157 0.983032 0.566497 0.919012 0.753891 0.885611 0.726103 0.885611 0.726103 0.883035 0.573661 0.983032 0.566497 0.881854 0.729256 0.868906 0.776417 0.915643 0.754141 0.919012 0.753891 0.871846 0.77303 0.885611 0.726103 0.749573 0.845744 0.837436 0.84505 0.793016 0.688639 0.915643 0.754141 0.868906 0.776417 0.8722 0.911246 0.919012 0.753891 0.943909 0.910214 0.872797 0.907897 0.871846 0.77303 0.919012 0.753891 0.872797 0.907897 0.84604 0.824454 0.850571 0.672287 0.810598 0.84995 0.850571 0.672287 0.745432 0.665482 0.810598 0.84995 0.916057 0.755801 0.978366 0.567906 0.880085 0.728622 0.872912 0.576558 0.880085 0.728622 0.978366 0.567906 0.869256 0.772358 0.883853 0.725439 0.919295 0.750934 0.866305 0.775791 0.916057 0.755801 0.880085 0.728622 0.840067 0.843221 0.747708 0.842329 0.796669 0.685432 0.869256 0.772358 0.919295 0.750934 0.870335 0.907831 0.944215 0.910656 0.916057 0.755801 0.869736 0.911224 0.916057 0.755801 0.866305 0.775791 0.869736 0.911224 0.984461 0.566466 0.984911 0.56647 0.963999 0.751605 0.976487 0.567966 0.976049 0.56797 0.958644 0.753395 0.919012 0.753891 0.983032 0.566497 0.96197 0.751586 0.77125 0.852411 0.753844 0.666986 0.814251 0.853157 0.960673 0.75338 0.978366 0.567906 0.916057 0.755801 0.810598 0.84995 0.745432 0.665482 0.765895 0.850621 0.962098 0.910497 0.960673 0.75338 0.944215 0.910656 0.943909 0.910214 0.96197 0.751586 0.960659 0.908743 0.03486198 0.218323 0.036228 0.142912 0.07561695 0.208467 0.202807 0.312439 0.179374 0.290945 0.251345 0.313698</float_array>
          <technique_common>
            <accessor source="#skortamarewa_001-mesh-map-0-array" count="1389" stride="2">
              <param name="S" type="float"/>
              <param name="T" type="float"/>
            </accessor>
          </technique_common>
        </source>
        <vertices id="skortamarewa_001-mesh-vertices">
          <input semantic="POSITION" source="#skortamarewa_001-mesh-positions"/>
        </vertices>
        <triangles material="spearman-suebi2_Mat_001-material" count="463">
          <input semantic="VERTEX" source="#skortamarewa_001-mesh-vertices" offset="0"/>
          <input semantic="NORMAL" source="#skortamarewa_001-mesh-normals" offset="1"/>
          <input semantic="TEXCOORD" source="#skortamarewa_001-mesh-map-0" offset="2" set="0"/>
          <p>0 0 0 1 0 1 2 0 2 0 1 3 2 1 4 4 1 5 6 2 6 7 2 7 8 2 8 6 3 9 8 3 10 10 3 11 12 4 12 13 4 13 14 4 14 15 5 15 16 5 16 17 5 17 15 6 18 17 6 19 19 6 20 21 7 21 22 7 22 23 7 23 21 8 24 23 8 25 25 8 26 27 9 27 28 9 28 29 9 29 30 10 30 31 10 31 32 10 32 30 11 33 32 11 34 34 11 35 36 12 36 37 12 37 38 12 38 39 13 39 40 13 40 41 13 41 39 14 42 41 14 43 43 14 44 28 15 45 27 15 46 45 15 47 46 16 48 47 16 49 48 16 50 40 17 51 49 17 52 50 17 53 40 18 54 50 18 55 41 18 56 52 19 57 21 19 58 25 19 59 52 20 60 25 20 61 53 20 62 55 21 63 56 21 64 57 21 65 58 22 66 56 22 67 55 22 68 59 23 69 45 23 70 60 23 71 61 24 72 62 24 73 63 24 74 61 25 75 63 25 76 65 25 77 67 26 78 68 26 79 69 26 80 70 27 81 71 27 82 72 27 83 70 28 84 72 28 85 74 28 86 76 29 87 77 29 88 78 29 89 79 30 90 80 30 91 81 30 92 79 31 93 81 31 94 83 31 95 1 32 96 85 32 97 86 32 98 1 33 99 86 33 100 2 33 101 88 34 102 89 34 103 90 34 104 29 35 105 91 35 106 92 35 107 88 36 108 90 36 109 93 36 110 49 37 111 15 37 112 19 37 113 49 38 114 19 38 115 50 38 116 94 39 117 95 39 118 96 39 119 16 40 120 97 40 121 98 40 122 16 41 123 98 41 124 17 41 125 100 42 126 101 42 127 102 42 128 103 43 129 104 43 130 105 43 131 97 44 132 6 44 133 10 44 134 97 45 135 10 45 136 98 45 137 31 46 138 106 46 139 107 46 140 31 47 141 107 47 142 32 47 143 94 48 144 96 48 145 110 48 146 111 49 147 112 49 148 113 49 149 111 50 150 113 50 151 115 50 152 117 51 153 118 51 154 119 51 155 120 52 156 121 52 157 122 52 158 120 53 159 122 53 160 123 53 161 120 54 162 123 54 163 124 54 164 124 55 165 125 55 166 120 55 167 126 56 168 127 56 169 128 56 170 126 57 171 128 57 172 129 57 173 126 58 174 129 58 175 130 58 176 126 59 177 130 59 178 131 59 179 132 60 180 133 60 181 134 60 182 132 61 183 134 61 184 135 61 185 132 62 186 135 62 187 136 62 188 137 63 189 138 63 190 139 63 191 104 64 192 103 64 193 140 64 194 141 65 195 142 65 196 143 65 197 144 66 198 145 66 199 146 66 200 147 67 201 148 67 202 149 67 203 149 68 204 150 68 205 147 68 206 151 69 207 131 69 208 148 69 209 129 70 210 152 70 211 153 70 212 129 71 213 153 71 214 130 71 215 128 72 216 132 72 217 136 72 218 128 73 219 136 73 220 152 73 221 128 74 222 152 74 223 129 74 224 149 75 225 148 75 226 154 75 227 154 76 228 135 76 229 149 76 230 154 77 231 148 77 232 153 77 233 153 78 234 152 78 235 154 78 236 135 79 237 134 79 238 150 79 239 150 80 240 149 80 241 135 80 242 148 81 243 131 81 244 130 81 245 130 82 246 153 82 247 148 82 248 154 83 249 152 83 250 136 83 251 154 84 252 136 84 253 135 84 254 147 85 255 151 85 256 148 85 257 133 86 258 132 86 259 128 86 260 13 87 261 12 87 262 155 87 263 141 88 264 143 88 265 156 88 266 157 89 267 158 89 268 159 89 269 159 90 270 160 90 271 161 90 272 157 91 273 159 91 274 161 91 275 157 92 276 161 92 277 162 92 278 145 93 279 144 93 280 163 93 281 164 94 282 165 94 283 166 94 284 166 95 285 167 95 286 164 95 287 168 96 288 169 96 289 170 96 290 171 97 291 14 97 292 95 97 293 172 98 294 173 98 295 91 98 296 174 99 297 36 99 298 175 99 299 100 100 300 176 100 301 177 100 302 178 101 303 179 101 304 180 101 305 180 102 306 181 102 307 178 102 308 179 103 309 182 103 310 183 103 311 183 104 312 180 104 313 179 104 314 184 105 315 183 105 316 182 105 317 182 106 318 185 106 319 184 106 320 185 107 321 186 107 322 187 107 323 187 108 324 184 108 325 185 108 326 188 109 327 189 109 328 190 109 329 190 110 330 191 110 331 188 110 332 189 111 333 192 111 334 193 111 335 193 112 336 190 112 337 189 112 338 194 113 339 195 113 340 196 113 341 192 114 342 194 114 343 196 114 344 192 115 345 196 115 346 193 115 347 195 116 348 197 116 349 198 116 350 198 117 351 196 117 352 195 117 353 197 118 354 199 118 355 200 118 356 200 119 357 198 119 358 197 119 359 199 120 360 201 120 361 202 120 362 202 121 363 200 121 364 199 121 365 201 122 366 203 122 367 204 122 368 204 123 369 202 123 370 201 123 371 203 124 372 205 124 373 206 124 374 206 125 375 204 125 376 203 125 377 205 126 378 207 126 379 208 126 380 208 127 381 206 127 382 205 127 383 209 128 384 210 128 385 211 128 386 211 129 387 212 129 388 209 129 389 210 130 390 213 130 391 214 130 392 214 131 393 211 131 394 210 131 395 213 132 396 215 132 397 216 132 398 216 133 399 214 133 400 213 133 401 215 134 402 217 134 403 218 134 404 218 135 405 216 135 406 215 135 407 217 136 408 178 136 409 181 136 410 181 137 411 218 137 412 217 137 413 219 138 414 220 138 415 221 138 416 221 139 417 222 139 418 223 139 419 223 140 420 224 140 421 225 140 422 221 141 423 223 141 424 225 141 425 225 142 426 226 142 427 227 142 428 227 143 429 228 143 430 229 143 431 225 144 432 227 144 433 229 144 434 221 145 435 225 145 436 229 145 437 229 146 438 230 146 439 231 146 440 231 147 441 232 147 442 233 147 443 229 148 444 231 148 445 233 148 446 221 149 447 229 149 448 233 149 449 233 150 450 234 150 451 235 150 452 221 151 453 233 151 454 235 151 455 219 152 456 221 152 457 235 152 458 236 153 459 219 153 460 235 153 461 237 154 462 238 154 463 239 154 464 239 155 465 240 155 466 241 155 467 241 156 468 242 156 469 243 156 470 239 157 471 241 157 472 243 157 473 243 158 474 244 158 475 245 158 476 243 159 477 245 159 478 246 159 479 246 160 480 247 160 481 248 160 482 248 161 483 249 161 484 250 161 485 246 162 486 248 162 487 250 162 488 243 163 489 246 163 490 250 163 491 250 164 492 251 164 493 252 164 494 252 165 495 253 165 496 254 165 497 250 166 498 252 166 499 254 166 500 243 167 501 250 167 502 254 167 503 239 168 504 243 168 505 254 168 506 237 169 507 239 169 508 254 169 509 237 170 510 254 170 511 255 170 512 84 171 513 82 171 514 256 171 515 84 172 516 256 172 517 257 172 518 82 173 519 258 173 520 260 173 521 82 174 522 260 174 523 256 174 524 42 175 525 51 175 526 261 175 527 42 176 528 261 176 529 262 176 530 26 177 531 24 177 532 263 177 533 26 178 534 263 178 535 264 178 536 33 179 537 108 179 538 265 179 539 33 180 540 265 180 541 266 180 542 267 181 543 270 181 544 272 181 545 267 182 546 272 182 547 273 182 548 44 183 549 42 183 550 262 183 551 44 184 552 262 184 553 275 184 554 20 185 555 18 185 556 276 185 557 20 186 558 276 186 559 277 186 560 278 187 561 116 187 562 280 187 563 278 188 564 280 188 565 281 188 566 3 189 567 87 189 568 282 189 569 3 190 570 282 190 571 283 190 572 109 191 573 5 191 574 284 191 575 108 192 576 285 192 577 265 192 578 73 193 579 278 193 580 281 193 581 73 194 582 281 194 583 286 194 584 18 195 585 99 195 586 287 195 587 18 196 588 287 196 589 276 196 590 288 197 591 66 197 592 290 197 593 288 198 594 290 198 595 291 198 596 5 199 597 3 199 598 283 199 599 5 200 600 283 200 601 284 200 602 114 201 603 54 201 604 292 201 605 114 202 606 292 202 607 293 202 608 35 203 609 33 203 610 266 203 611 35 204 612 266 204 613 294 204 614 80 205 615 295 205 616 259 205 617 80 206 618 259 206 619 81 206 620 137 207 621 172 207 622 138 207 623 38 208 624 37 208 625 296 208 626 295 209 627 30 209 628 34 209 629 295 210 630 34 210 631 259 210 632 71 211 633 297 211 634 279 211 635 71 212 636 279 212 637 72 212 638 298 213 639 299 213 640 300 213 641 301 214 642 169 214 643 302 214 644 106 215 645 0 215 646 4 215 647 106 216 648 4 216 649 107 216 650 303 217 651 61 217 652 65 217 653 303 218 654 65 218 655 289 218 656 62 219 657 304 219 658 268 219 659 62 220 660 268 220 661 63 220 662 47 221 663 59 221 664 305 221 665 22 222 666 79 222 667 83 222 668 22 223 669 83 223 670 23 223 671 85 224 672 39 224 673 43 224 674 85 225 675 43 225 676 86 225 677 112 226 678 52 226 679 53 226 680 112 227 681 53 227 682 113 227 683 297 228 684 111 228 685 115 228 686 297 229 687 115 229 688 279 229 689 304 230 690 306 230 691 271 230 692 304 231 693 271 231 694 268 231 695 69 232 696 155 232 697 12 232 698 7 233 699 303 233 700 289 233 701 7 234 702 289 234 703 8 234 704 306 235 705 70 235 706 74 235 707 306 236 708 74 236 709 271 236 710 298 237 711 307 237 712 299 237 713 308 238 714 309 238 715 310 238 716 94 239 717 110 239 718 118 239 719 116 240 720 114 240 721 293 240 722 116 241 723 293 241 724 280 241 725 24 242 726 84 242 727 257 242 728 24 243 729 257 243 730 263 243 731 258 244 732 35 244 733 294 244 734 258 245 735 294 245 736 260 245 737 270 246 738 75 246 739 311 246 740 270 247 741 311 247 742 272 247 743 87 248 744 44 248 745 275 248 746 87 249 747 275 249 748 282 249 749 54 250 750 26 250 751 264 250 752 54 251 753 264 251 754 292 251 755 75 252 756 73 252 757 286 252 758 75 253 759 286 253 760 311 253 761 51 254 762 20 254 763 277 254 764 51 255 765 277 255 766 261 255 767 66 256 768 64 256 769 312 256 770 66 257 771 312 257 772 290 257 773 9 258 774 288 258 775 291 258 776 9 259 777 291 259 778 313 259 779 11 260 780 9 260 781 313 260 782 11 261 783 313 261 784 314 261 785 99 262 786 11 262 787 314 262 788 99 263 789 314 263 790 287 263 791 64 264 792 269 264 793 274 264 794 64 265 795 274 265 796 312 265 797 344 266 798 345 266 799 335 266 800 337 267 801 338 267 802 336 267 803 338 268 804 334 268 805 336 268 806 420 269 807 419 269 808 438 269 809 421 270 810 420 270 811 439 270 812 439 271 813 420 271 814 438 271 815 445 272 816 424 272 817 440 272 818 422 273 819 440 273 820 424 273 821 446 274 822 440 274 823 422 274 824 446 275 825 422 275 826 425 275 827 439 276 828 441 276 829 444 276 830 439 277 831 438 277 832 441 277 833 440 278 834 443 278 835 442 278 836 447 279 837 442 279 838 443 279 839 527 280 840 528 280 841 316 280 842 315 281 843 316 281 844 528 281 845 478 282 846 477 282 847 318 282 848 319 283 849 317 283 850 541 283 851 541 284 852 542 284 853 319 284 854 442 285 855 445 285 856 440 285 857 448 286 858 440 286 859 446 286 860 448 287 861 443 287 862 440 287 863 438 288 864 449 288 865 441 288 866 423 289 867 418 289 868 349 289 869 351 290 870 426 290 871 350 290 872 352 291 873 423 291 874 349 291 875 321 292 876 320 292 877 353 292 878 355 293 879 322 293 880 354 293 881 324 294 882 323 294 883 340 294 884 356 295 885 325 295 886 339 295 887 358 296 888 346 296 889 357 296 890 357 297 891 359 297 892 358 297 893 326 298 894 360 298 895 339 298 896 326 299 897 339 299 898 325 299 899 337 300 900 343 300 901 338 300 902 327 301 903 343 301 904 337 301 905 328 302 906 324 302 907 343 302 908 343 303 909 327 303 910 328 303 911 447 304 912 443 304 913 448 304 914 429 305 915 428 305 916 427 305 917 427 306 918 428 306 919 361 306 920 361 307 921 428 307 922 430 307 923 337 308 924 431 308 925 362 308 926 433 309 927 432 309 928 363 309 929 434 310 930 429 310 931 427 310 932 435 311 933 363 311 934 432 311 935 432 312 936 436 312 937 435 312 938 389 313 939 406 313 940 390 313 941 391 314 942 407 314 943 389 314 944 407 315 945 406 315 946 389 315 947 413 316 948 408 316 949 394 316 950 392 317 951 394 317 952 408 317 953 414 318 954 392 318 955 408 318 956 414 319 957 395 319 958 392 319 959 407 320 960 410 320 961 409 320 962 407 321 963 409 321 964 406 321 965 408 322 966 412 322 967 411 322 968 415 323 969 411 323 970 412 323 971 412 324 972 408 324 973 413 324 974 416 325 975 414 325 976 408 325 977 416 326 978 408 326 979 411 326 980 406 327 981 409 327 982 417 327 983 393 146 984 341 146 985 348 146 986 348 328 987 342 328 988 393 328 989 365 329 990 364 329 991 396 329 992 347 146 993 367 146 994 366 146 995 366 330 996 368 330 997 347 330 998 415 331 999 416 331 1000 411 331 1001 399 332 1002 398 332 1003 397 332 1004 398 333 1005 369 333 1006 397 333 1007 369 334 1008 400 334 1009 397 334 1010 340 335 1011 370 335 1012 401 335 1013 404 336 1014 371 336 1015 402 336 1016 372 337 1017 398 337 1018 399 337 1019 373 338 1020 402 338 1021 371 338 1022 403 339 1023 374 339 1024 405 339 1025 340 340 1026 375 340 1027 338 340 1028 338 341 1029 375 341 1030 334 341 1031 378 342 1032 377 342 1033 376 342 1034 540 343 1035 541 343 1036 317 343 1037 488 344 1038 479 344 1039 329 344 1040 329 345 1041 479 345 1042 330 345 1043 332 346 1044 585 346 1045 331 346 1046 331 347 1047 585 347 1048 549 347 1049 528 348 1050 590 348 1051 315 348 1052 333 349 1053 489 349 1054 533 349 1055 324 350 1056 340 350 1057 343 350 1058 343 351 1059 340 351 1060 338 351 1061 381 352 1062 380 352 1063 379 352 1064 379 353 1065 382 353 1066 381 353 1067 383 354 1068 380 354 1069 381 354 1070 385 355 1071 384 355 1072 383 355 1073 383 356 1074 381 356 1075 385 356 1076 477 357 1077 478 357 1078 480 357 1079 480 358 1080 481 358 1081 477 358 1082 541 359 1083 540 359 1084 543 359 1085 543 360 1086 544 360 1087 541 360 1088 478 361 1089 542 361 1090 482 361 1091 482 362 1092 480 362 1093 478 362 1094 542 363 1095 541 363 1096 544 363 1097 544 364 1098 545 364 1099 542 364 1100 528 365 1101 527 365 1102 529 365 1103 529 366 1104 586 366 1105 528 366 1106 492 367 1107 491 367 1108 490 367 1109 490 368 1110 483 368 1111 492 368 1112 550 369 1113 591 369 1114 587 369 1115 587 370 1116 551 370 1117 550 370 1118 590 371 1119 528 371 1120 586 371 1121 586 372 1122 592 372 1123 590 372 1124 533 373 1125 489 373 1126 493 373 1127 493 374 1128 534 374 1129 533 374 1130 478 375 1131 318 375 1132 319 375 1133 319 376 1134 542 376 1135 478 376 1136 508 377 1137 509 377 1138 506 377 1139 507 378 1140 508 378 1141 506 378 1142 505 379 1143 503 379 1144 509 379 1145 509 380 1146 508 380 1147 505 380 1148 566 381 1149 567 381 1150 564 381 1151 567 382 1152 565 382 1153 564 382 1154 561 383 1155 563 383 1156 566 383 1157 567 384 1158 566 384 1159 563 384 1160 574 385 1161 573 385 1162 562 385 1163 516 386 1164 515 386 1165 504 386 1166 517 387 1167 516 387 1168 504 387 1169 504 388 1170 515 388 1171 518 388 1172 562 389 1173 573 389 1174 575 389 1175 576 390 1176 574 390 1177 562 390 1178 507 391 1179 511 391 1180 508 391 1181 510 392 1182 520 392 1183 519 392 1184 522 393 1185 521 393 1186 516 393 1187 568 394 1188 569 394 1189 577 394 1190 565 395 1191 567 395 1192 578 395 1193 573 396 1194 580 396 1195 579 396 1196 574 397 1197 581 397 1198 580 397 1199 580 398 1200 573 398 1201 574 398 1202 515 399 1203 516 399 1204 521 399 1205 521 400 1206 523 400 1207 515 400 1208 450 401 1209 451 401 1210 454 401 1211 454 402 1212 453 402 1213 450 402 1214 465 403 1215 452 403 1216 455 403 1217 455 404 1218 466 404 1219 465 404 1220 467 405 1221 450 405 1222 453 405 1223 453 406 1224 468 406 1225 467 406 1226 453 407 1227 454 407 1228 457 407 1229 457 408 1230 456 408 1231 453 408 1232 466 409 1233 455 409 1234 458 409 1235 458 410 1236 469 410 1237 466 410 1238 468 411 1239 453 411 1240 456 411 1241 456 412 1242 470 412 1243 468 412 1244 472 413 1245 471 413 1246 460 413 1247 460 414 1248 459 414 1249 472 414 1250 471 415 1251 473 415 1252 461 415 1253 461 416 1254 460 416 1255 471 416 1256 473 417 1257 472 417 1258 459 417 1259 459 418 1260 461 418 1261 473 418 1262 464 419 1263 462 419 1264 463 419 1265 459 420 1266 460 420 1267 461 420 1268 451 421 1269 450 421 1270 474 421 1271 474 422 1272 475 422 1273 451 422 1274 450 423 1275 467 423 1276 476 423 1277 476 424 1278 474 424 1279 450 424 1280 452 425 1281 465 425 1282 462 425 1283 462 426 1284 464 426 1285 452 426 1286 499 427 1287 530 427 1288 484 427 1289 535 428 1290 500 428 1291 531 428 1292 588 429 1293 557 429 1294 589 429 1295 558 430 1296 593 430 1297 532 430 1298 514 431 1299 485 431 1300 501 431 1301 513 432 1302 514 432 1303 501 432 1304 512 433 1305 499 433 1306 494 433 1307 494 434 1308 524 434 1309 512 434 1310 495 435 1311 486 435 1312 502 435 1313 499 436 1314 496 436 1315 494 436 1316 487 437 1317 531 437 1318 500 437 1319 502 438 1320 486 438 1321 497 438 1322 499 439 1323 484 439 1324 498 439 1325 496 440 1326 499 440 1327 498 440 1328 546 441 1329 572 441 1330 559 441 1331 572 442 1332 571 442 1333 559 442 1334 557 443 1335 570 443 1336 552 443 1337 582 444 1338 552 444 1339 570 444 1340 547 445 1341 553 445 1342 560 445 1343 554 446 1344 557 446 1345 552 446 1346 532 447 1347 548 447 1348 558 447 1349 547 448 1350 560 448 1351 555 448 1352 589 449 1353 557 449 1354 556 449 1355 557 450 1356 554 450 1357 556 450 1358 584 451 1359 583 451 1360 594 451 1361 526 452 1362 525 452 1363 536 452 1364 499 453 1365 512 453 1366 530 453 1367 537 454 1368 513 454 1369 501 454 1370 588 455 1371 570 455 1372 557 455 1373 559 456 1374 571 456 1375 595 456 1376 538 457 1377 588 457 1378 589 457 1379 484 458 1380 530 458 1381 539 458 1382 387 459 1383 386 459 1384 437 459 1385 388 460 1386 342 460 1387 348 460 1388</p>
        </triangles>
      </mesh>
    </geometry>
  </library_geometries>
  <library_controllers>
    <controller id="Anatim_Afrikanim_Aloophim1_Skin_skortamarewa-skin" name="Anatim Afrikanim Aloophim1_Skin">
      <skin source="#skortamarewa_001-mesh">
        <bind_shape_matrix>1 0 0 0 0 1 0 0 0 0 1 0 0 0 0 1</bind_shape_matrix>
        <source id="Anatim_Afrikanim_Aloophim1_Skin_skortamarewa-skin-joints">
          <Name_array id="Anatim_Afrikanim_Aloophim1_Skin_skortamarewa-skin-joints-array" count="34">pelvis femurleft knee-l-top knee-l-bopttom ankle_left foot_left01 femurright knee-r-top knee-r-bopttom ankleright foot_right01 lumbar rib scapula ulna ammo_node_1 scapula01 ulna01 smoke_node_1 neck cloaktop cloak cloakbottom nogginbottom plumes skulltop smoke_node_0 root butt-l butt-r carpal carpal_right ammo_node_0 skull</Name_array>
          <technique_common>
            <accessor source="#Anatim_Afrikanim_Aloophim1_Skin_skortamarewa-skin-joints-array" count="34" stride="1">
              <param name="JOINT" type="name"/>
            </accessor>
          </technique_common>
        </source>
        <source id="Anatim_Afrikanim_Aloophim1_Skin_skortamarewa-skin-bind_poses">
          <float_array id="Anatim_Afrikanim_Aloophim1_Skin_skortamarewa-skin-bind_poses-array" count="544">1 0 0 -2.88205e-4 0 0 1 -1.989969 0 -1 0 0.05965083 0 0 0 1 1 0 0 -0.2295659 0 0 1 -1.980151 0 -1 0 0 0 0 0 1 1 0 0 -0.2579528 0 0 1 -1.492427 0 -1 0 -0.3577119 0 0 0 1 1 0 0 -0.2616621 0 -1.93715e-7 1 -1.243225 0 -1 -2.06754e-7 0.03760045 0 0 0 1 1 -7.56445e-7 2.95136e-7 -0.2703902 0 -0.368721 -0.9295402 0.1499912 8.11968e-7 0.9295393 -0.3687209 -0.04846733 0 0 0 1 1 -4.13989e-7 1.89144e-5 -0.2703908 0 -0.9997598 -0.02188259 -0.2401509 1.89189e-5 0.02188223 -0.9997606 0.02883023 0 0 0 1 1 0 0 0.2313526 0 0 1 -1.980151 0 -1 0 0 0 0 0 1 1 0 0 0.1784679 0 -6.78003e-7 1 -1.491813 0 -1 -6.85453e-7 -0.3589497 0 0 0 1 1 0 0 0.2454932 0 0 1 -1.243115 0 -1 0 0.03760027 0 0 0 1 1 -6.97956e-7 2.76041e-7 0.2586691 0 -0.3687222 -0.9295397 0.1530216 7.50561e-7 0.9295418 -0.3687222 -0.04726493 0 0 0 1 1 -3.9415e-7 1.80073e-5 0.2586686 0 -0.9997624 -0.02188241 -0.2400802 1.80116e-5 0.02188307 -0.9997607 0.03209942 0 0 0 1 1 0 0 -0.004826366 0 0 1 -2.179733 0 -1 0 0.1130514 0 0 0 1 1 0 0 0.007960081 0 0 1 -2.884791 0 -1 0 -1.77204e-7 0 0 0 1 0.2056834 0 0.9786186 -3.147243 -0.9786186 0 0.2056834 -0.2421761 0 -1 -1.20791e-7 0 0 0 0 1 0.2056834 0 0.9786187 -3.270982 -0.9786188 0 0.2056833 0.3571804 0 -1 -1.20791e-7 0 0 0 0 1 0.2056917 3.37325e-7 0.9786168 -3.55098 -0.001880943 -0.9999982 3.95688e-4 0.00133866 0.9786151 -0.00192213 -0.2056911 -0.6972082 0 0 0 1 0.1955006 0 -0.9807037 3.157585 0.9807035 0 0.1955006 -0.1693466 0 -1 0 -6.66424e-7 0 0 0 1 0.1955004 0 -0.9807035 3.269586 0.9807035 0 0.1955006 0.4300096 0 -1 0 -5.00655e-7 0 0 0 1 0.1956179 -9.95918e-7 -0.9806802 3.381373 -0.006662487 -0.9999769 -0.001327931 -0.0562151 -0.9806575 0.006793498 -0.1956136 -1.142797 0 0 0 1 1 0 0 0.02165722 0 0 1 -3.354291 0 -1 -1.23112e-7 1.70677e-7 0 0 0 1 1 0 0 -0.001975059 0 0 1 -3.236083 0 -1 0 0.1981267 0 0 0 1 1 0 0 -0.006513178 0 0 1 -2.377002 0 -1 0 0.4338244 0 0 0 1 1 0 0 0.02082639 0 0 1 -1.545783 0 -1 0 0.5515338 0 0 0 1 1 2.74129e-7 0 0.02715581 0 0.04181426 0.9991254 -3.880911 2.74333e-7 -0.9991254 0.04181426 -0.4448755 0 0 0 1 1 3.4571e-7 0 0.03132402 0 0.02110123 0.9997774 -3.98341 3.45765e-7 -0.9997773 0.02110123 -0.2703227 0 0 0 1 1 0 0 0.03312313 0 0 1 -4.176582 0 -1 0 0 0 0 0 1 1 -6.32287e-6 -1.10455e-6 0.01514452 -6.32287e-6 -1 0 -0.243021 -1.10467e-6 0 -1 3.446479 0 0 0 1 1 0 0 0 0 -1.19209e-7 1 -2.154822 0 -1 -1.34359e-7 1.88312e-7 0 0 0 1 1 0 0 -0.2300334 0 -5.28991e-7 1 -1.881625 0 -1 -5.43892e-7 0.2278663 0 0 0 1 1 0 0 0.2346149 0 -6.78003e-7 1 -1.884255 0 -1 -6.92904e-7 0.2262768 0 0 0 1 0.2056815 0 0.978619 -3.374291 -0.978619 0 0.2056815 0.9325909 0 -1 -1.22935e-7 -0.07377821 0 0 0 1 0.1955011 0 -0.9807034 3.407331 0.9807035 0 0.195501 0.9611437 0 -1 0 -1.8272e-7 0 0 0 1 0.1954852 0 -0.9807066 3.378599 0.9807066 -1.79493e-6 0.1954852 1.198848 -1.71363e-6 -1 -2.68221e-7 -1.617808 0 0 0 1 1 0 0 0.02895486 0 0 1 -3.806293 0 -1 0 0 0 0 0 1</float_array>
          <technique_common>
            <accessor source="#Anatim_Afrikanim_Aloophim1_Skin_skortamarewa-skin-bind_poses-array" count="34" stride="16">
              <param name="TRANSFORM" type="float4x4"/>
            </accessor>
          </technique_common>
        </source>
        <source id="Anatim_Afrikanim_Aloophim1_Skin_skortamarewa-skin-weights">
          <float_array id="Anatim_Afrikanim_Aloophim1_Skin_skortamarewa-skin-weights-array" count="605">1 1 1 1 1 1 1 1 1 1 1 1 1 1 1 1 1 1 1 1 1 1 1 1 1 1 1 1 1 1 1 1 1 1 1 1 1 1 1 1 1 1 1 1 1 1 1 1 1 1 1 1 1 1 1 1 1 1 1 1 1 1 1 1 1 1 1 1 1 1 1 1 1 1 1 1 1 1 1 1 1 1 1 1 1 1 1 1 1 1 1 1 1 1 1 1 1 1 1 1 1 1 1 1 1 1 1 1 1 1 1 1 1 1 1 1 1 1 1 1 1 1 1 1 1 1 1 1 1 1 1 1 1 1 1 1 1 1 1 1 1 1 1 1 1 1 1 1 1 1 1 1 1 1 1 1 1 1 1 1 1 1 1 1 1 1 1 1 1 1 1 1 1 1 1 1 1 1 1 1 1 1 1 1 1 1 1 1 1 1 1 1 1 1 1 1 1 1 1 1 1 1 1 1 1 1 1 1 1 1 1 1 1 1 1 1 1 1 1 1 1 1 1 1 1 1 1 1 1 1 1 1 1 1 1 1 1 1 1 1 1 1 1 1 1 1 1 1 1 1 1 1 1 1 1 1 1 1 1 1 1 1 1 1 1 1 1 1 1 1 1 1 1 1 1 1 1 1 1 1 1 1 1 1 1 1 1 1 1 1 1 1 1 1 1 1 1 1 1 1 1 1 1 1 1 1 1 1 1 1 1 1 1 1 1 1 1 1 1 1 1 1 1 1 1 1 1 1 1 1 1 1 1 1 1 1 1 1 1 1 1 1 1 1 1 1 1 1 1 1 1 1 1 1 1 1 1 1 1 1 1 1 1 1 1 1 1 1 1 1 1 1 1 1 1 1 1 1 1 1 1 1 1 1 1 1 1 1 1 1 1 1 1 1 1 1 1 1 1 1 1 1 1 1 1 1 1 1 1 1 1 1 1 1 1 1 1 1 1 1 1 1 1 1 1 1 1 1 1 1 1 1 1 1 1 1 1 1 1 1 1 1 1 1 1 1 1 1 1 1 1 1 1 1 1 1 1 1 1 1 1 1 1 1 1 1 1 1 1 1 1 1 1 1 1 1 1 1 1 1 1 1 1 1 1 1 1 1 1 1 1 1 1 1 1 1 1 1 1 1 1 1 1 1 1 1 1 1 1 1 1 1 1 1 1 1 1 1 1 1 1 1 1 1 1 1 1 1 1 1 1 0.5 0.5 0.5 0.5 1 1 1 1 1 0.5 0.5 0.5 0.5 1 1 0.5 0.5 1 1 1 1 1 1 1 1 1 1 1 1 1 1 1 1 1 1 1 1 1 1 1 1 1 1 1 1 1 1 1 1 1 1 1 1 1 1 1 1 1 1 0.5 0.5 1 1 1 0.5 0.5 0.5 0.5 0.5 0.5 1 1 1 1</float_array>
          <technique_common>
            <accessor source="#Anatim_Afrikanim_Aloophim1_Skin_skortamarewa-skin-weights-array" count="605" stride="1">
              <param name="WEIGHT" type="float"/>
            </accessor>
          </technique_common>
        </source>
        <joints>
          <input semantic="JOINT" source="#Anatim_Afrikanim_Aloophim1_Skin_skortamarewa-skin-joints"/>
          <input semantic="INV_BIND_MATRIX" source="#Anatim_Afrikanim_Aloophim1_Skin_skortamarewa-skin-bind_poses"/>
        </joints>
        <vertex_weights count="596">
          <input semantic="JOINT" source="#Anatim_Afrikanim_Aloophim1_Skin_skortamarewa-skin-joints" offset="0"/>
          <input semantic="WEIGHT" source="#Anatim_Afrikanim_Aloophim1_Skin_skortamarewa-skin-weights" offset="1"/>
          <vcount>1 1 1 1 1 1 1 1 1 1 1 1 1 1 1 1 1 1 1 1 1 1 1 1 1 1 1 1 1 1 1 1 1 1 1 1 1 1 1 1 1 1 1 1 1 1 1 1 1 1 1 1 1 1 1 1 1 1 1 1 1 1 1 1 1 1 1 1 1 1 1 1 1 1 1 1 1 1 1 1 1 1 1 1 1 1 1 1 1 1 1 1 1 1 1 1 1 1 1 1 1 1 1 1 1 1 1 1 1 1 1 1 1 1 1 1 1 1 1 1 1 1 1 1 1 1 1 1 1 1 1 1 1 1 1 1 1 1 1 1 1 1 1 1 1 1 1 1 1 1 1 1 1 1 1 1 1 1 1 1 1 1 1 1 1 1 1 1 1 1 1 1 1 1 1 1 1 1 1 1 1 1 1 1 1 1 1 1 1 1 1 1 1 1 1 1 1 1 1 1 1 1 1 1 1 1 1 1 1 1 1 1 1 1 1 1 1 1 1 1 1 1 1 1 1 1 1 1 1 1 1 1 1 1 1 1 1 1 1 1 1 1 1 1 1 1 1 1 1 1 1 1 1 1 1 1 1 1 1 1 1 1 1 1 1 1 1 1 1 1 1 1 1 1 1 1 1 1 1 1 1 1 1 1 1 1 1 1 1 1 1 1 1 1 1 1 1 1 1 1 1 1 1 1 1 1 1 1 1 1 1 1 1 1 1 1 1 1 1 1 1 1 1 1 1 1 1 1 1 1 1 1 1 1 1 1 1 1 1 1 1 1 1 1 1 1 1 1 1 1 1 1 1 1 1 1 1 1 1 1 1 1 1 1 1 1 1 1 1 1 1 1 1 1 1 1 1 1 1 1 1 1 1 1 1 1 1 1 1 1 1 1 1 1 1 1 1 1 1 1 1 1 1 1 1 1 1 1 1 1 1 1 1 1 1 1 1 1 1 1 1 1 1 1 1 1 1 1 1 1 1 1 1 1 1 1 1 1 1 1 1 1 1 1 1 1 1 1 1 1 1 1 1 1 1 1 1 1 1 1 1 1 1 1 1 1 1 1 1 1 1 1 1 1 1 1 1 1 1 1 1 1 1 1 1 1 1 1 1 1 1 1 1 1 1 1 1 1 1 1 1 1 1 1 1 1 1 1 1 1 1 1 1 1 1 1 1 1 1 1 1 1 1 1 1 1 1 1 1 1 1 2 2 1 1 1 1 1 2 2 1 1 2 1 1 1 1 1 1 1 1 1 1 1 1 1 1 1 1 1 1 1 1 1 1 1 1 1 1 1 1 1 1 1 1 1 1 1 1 1 1 1 1 1 1 2 1 1 1 2 2 2 1 1 1 1 </vcount>
          <v>19 0 19 1 19 2 19 3 19 4 19 5 19 6 19 7 19 8 19 9 19 10 19 11 19 12 19 13 19 14 19 15 19 16 19 17 19 18 19 19 19 20 19 21 19 22 19 23 19 24 19 25 19 26 19 27 19 28 19 29 19 30 19 31 19 32 19 33 19 34 19 35 19 36 19 37 19 38 19 39 19 40 19 41 19 42 19 43 19 44 19 45 19 46 19 47 19 48 19 49 19 50 19 51 19 52 19 53 19 54 19 55 19 56 19 57 19 58 19 59 19 60 19 61 19 62 19 63 19 64 19 65 19 66 19 67 19 68 19 69 19 70 19 71 19 72 19 73 19 74 19 75 19 76 19 77 19 78 19 79 19 80 19 81 19 82 19 83 19 84 19 85 19 86 19 87 19 88 19 89 19 90 19 91 19 92 19 93 19 94 19 95 19 96 19 97 19 98 19 99 19 100 19 101 19 102 19 103 19 104 19 105 19 106 19 107 19 108 19 109 19 110 19 111 19 112 19 113 19 114 19 115 19 116 19 117 19 118 19 119 19 120 19 121 19 122 19 123 19 124 19 125 19 126 19 127 19 128 19 129 19 130 19 131 19 132 19 133 19 134 19 135 19 136 19 137 19 138 19 139 19 140 19 141 19 142 19 143 19 144 19 145 19 146 19 147 19 148 19 149 19 150 19 151 19 152 19 153 19 154 19 155 19 156 19 157 19 158 19 159 19 160 19 161 19 162 19 163 19 164 19 165 19 166 19 167 19 168 19 169 19 170 19 171 19 172 19 173 19 174 19 175 19 176 19 177 19 178 19 179 19 180 19 181 19 182 19 183 19 184 19 185 19 186 19 187 19 188 19 189 19 190 19 191 19 192 19 193 19 194 19 195 19 196 19 197 19 198 19 199 19 200 19 201 19 202 19 203 19 204 19 205 19 206 19 207 19 208 19 209 19 210 19 211 19 212 19 213 19 214 19 215 19 216 19 217 19 218 19 219 19 220 19 221 19 222 19 223 19 224 19 225 19 226 19 227 19 228 19 229 19 230 19 231 19 232 19 233 19 234 19 235 19 236 19 237 19 238 19 239 19 240 19 241 19 242 19 243 19 244 19 245 19 246 19 247 19 248 19 249 19 250 19 251 19 252 19 253 19 254 19 255 19 256 19 257 19 258 19 259 19 260 19 261 19 262 19 263 19 264 19 265 19 266 19 267 19 268 19 269 19 270 19 271 19 272 19 273 19 274 19 275 19 276 19 277 19 278 19 279 19 280 19 281 19 282 19 283 19 284 19 285 19 286 19 287 19 288 19 289 19 290 19 291 19 292 19 293 19 294 19 295 19 296 19 297 19 298 19 299 19 300 19 301 19 302 19 303 19 304 19 305 19 306 19 307 19 308 19 309 19 310 19 311 19 312 19 313 19 314 0 315 0 316 0 317 0 318 0 319 0 320 0 321 0 322 0 323 0 324 0 325 0 326 0 327 0 328 0 329 0 330 0 331 0 332 0 333 12 334 12 335 12 336 12 337 12 338 12 339 12 340 13 341 12 342 12 343 12 344 12 345 12 346 12 347 13 348 12 349 12 350 12 351 12 352 12 353 12 354 12 355 12 356 12 357 12 358 12 359 12 360 12 361 12 362 12 363 12 364 12 365 13 366 13 367 12 368 12 369 12 370 12 371 13 372 13 373 13 374 12 375 12 376 12 377 12 378 12 379 12 380 12 381 12 382 12 383 12 384 12 385 12 386 12 387 12 388 13 389 14 390 14 391 14 392 13 393 14 394 14 395 13 396 14 397 13 398 14 399 14 400 14 401 13 402 13 403 14 404 14 405 14 406 14 407 14 408 14 409 14 410 14 411 14 412 14 413 14 414 14 415 14 416 14 417 16 418 17 419 16 420 17 421 17 422 16 423 17 424 17 425 16 426 16 427 17 428 17 429 17 430 17 431 16 432 17 433 16 434 16 435 17 436 16 437 17 438 17 439 17 440 17 441 17 442 17 443 17 444 17 445 17 446 17 447 17 448 17 449 18 450 18 451 18 452 18 453 18 454 18 455 18 456 18 457 18 458 18 459 18 460 18 461 18 462 18 463 18 464 18 465 18 466 18 467 18 468 18 469 18 470 18 471 18 472 18 473 18 474 18 475 18 476 1 477 1 478 1 479 1 480 1 481 6 482 1 483 1 484 3 485 3 486 1 487 1 488 1 489 1 490 1 491 1 492 1 493 3 494 3 495 3 496 1 497 1 498 3 499 3 500 3 501 3 502 4 503 4 504 4 505 4 506 4 507 4 508 4 509 5 510 5 511 4 512 4 513 5 514 4 515 4 516 4 517 4 518 5 519 4 520 5 521 4 522 5 523 5 524 4 525 4 526 1 527 6 528 1 529 3 530 0 531 1 532 0 533 6 534 1 535 1 536 3 537 3 538 3 539 0 540 6 541 0 542 1 543 6 544 6 545 0 546 6 547 6 548 6 549 6 550 8 551 8 552 6 553 6 554 6 555 6 556 8 557 8 558 8 559 6 560 6 561 8 562 8 563 8 564 8 565 9 566 9 567 9 568 9 569 9 570 9 571 9 572 10 573 10 574 9 575 9 576 10 577 9 578 9 579 9 580 9 581 9 582 10 583 9 584 10 585 10 586 10 587 9 588 9 589 0 590 6 591 6 592 6 593 8 594 0 595 6 596 0 597 6 598 0 599 6 600 6 601 8 602 8 603 8 604</v>
        </vertex_weights>
      </skin>
    </controller>
  </library_controllers>
  <library_visual_scenes>
    <visual_scene id="Scene" name="Scene">
      <node id="LAMP_FRONT_PEACH" name="LAMP_FRONT_PEACH" type="NODE">
        <matrix sid="transform">3.591979 0.1901838 0.1047818 0.07793808 -0.1418689 3.370134 -1.253606 -21.84175 -0.1643847 1.24719 3.371491 55.79722 0 0 0 1</matrix>
        <instance_light url="#LAMP_FRONT_PEACH-light"/>
      </node>
      <node id="Lamp_WEST" name="Lamp_WEST" type="NODE">
        <matrix sid="transform">0.4774377 -2.651463 -2.385635 -28.80603 3.566386 0.387963 0.2825485 3.436447 0.04901193 -2.401809 2.679248 33.30629 0 0 0 1</matrix>
        <instance_light url="#Lamp_WEST-light"/>
      </node>
      <node id="Camera" name="Camera" type="NODE">
        <matrix sid="transform">0.6859207 -0.3240135 0.6515582 7.481132 0.7276763 0.3054208 -0.6141704 -6.50764 0 0.8953956 0.4452714 5.343665 0 0 0 1</matrix>
        <instance_camera url="#Camera-camera"/>
      </node>
      <node id="Lamp" name="Lamp" type="NODE">
        <matrix sid="transform">-0.2908646 -0.7711008 0.5663932 6.320361 0.9551712 -0.1998834 0.2183912 1.005454 -0.05518906 0.6045247 0.7946723 8.128572 0 0 0 1</matrix>
        <instance_light url="#Lamp-light"/>
      </node>
      <node id="Anatim_Afrikanim_Aloophim1_Skin" name="Anatim_Afrikanim_Aloophim1_Skin" type="NODE">
        <matrix sid="transform">1 0 0 0 0 1 0 0 0 0 1 0 0 0 0 1</matrix>
        <node id="Anatim_Afrikanim_Aloophim1_Skin_root" name="root" sid="root" type="JOINT">
          <matrix sid="transform">1 6.48974e-16 2.14247e-8 0 2.14247e-8 -1.34359e-7 -1 -1.01207e-7 2.22962e-15 1 -1.19209e-7 2.154822 0 0 0 1</matrix>
          <node id="Anatim_Afrikanim_Aloophim1_Skin_pelvis" name="pelvis" sid="pelvis" type="JOINT">
            <matrix sid="transform">1 0 8.47148e-9 2.88204e-4 -3.15587e-16 1 3.72528e-8 -0.1648533 -8.47148e-9 -3.72528e-8 1 -0.05965076 0 0 0 1</matrix>
            <node id="Anatim_Afrikanim_Aloophim1_Skin_femurleft" name="femurleft" sid="femurleft" type="JOINT">
              <matrix sid="transform">1 -3.05225e-15 5.03385e-9 0.2292777 0 1 0 -0.0098176 -5.03385e-9 2.48278e-10 1 0.05965088 0 0 0 1</matrix>
              <node id="Anatim_Afrikanim_Aloophim1_Skin_butt-l" name="butt-l" sid="butt-l" type="JOINT">
                <matrix sid="transform">1 -3.54107e-15 4.2319e-9 4.67554e-4 1.89181e-15 1 -4.47035e-7 -0.098526 -4.2319e-9 4.47035e-7 1 -0.2278655 0 0 0 1</matrix>
                <extra>
                  <technique profile="blender">
                    <layer sid="layer" type="string">0</layer>
                    <roll sid="roll" type="float">0</roll>
                    <tip_x sid="tip_x" type="float">0</tip_x>
                    <tip_y sid="tip_y" type="float">0</tip_y>
                    <tip_z sid="tip_z" type="float">0.1</tip_z>
                  </technique>
                </extra>
              </node>
              <node id="Anatim_Afrikanim_Aloophim1_Skin_knee-l-top" name="knee-l-top" sid="knee-l-top" type="JOINT">
                <matrix sid="transform">1 -3.54107e-15 7.79386e-9 0.02838683 0 0.9999999 0 -0.4877242 -7.79386e-9 0 1 0.3577119 0 0 0 1</matrix>
                <extra>
                  <technique profile="blender">
                    <layer sid="layer" type="string">0</layer>
                    <roll sid="roll" type="float">0</roll>
                    <tip_x sid="tip_x" type="float">0</tip_x>
                    <tip_y sid="tip_y" type="float">0</tip_y>
                    <tip_z sid="tip_z" type="float">0.1</tip_z>
                  </technique>
                </extra>
              </node>
              <node id="Anatim_Afrikanim_Aloophim1_Skin_knee-l-bopttom" name="knee-l-bopttom" sid="knee-l-bopttom" type="JOINT">
                <matrix sid="transform">1 -3.54107e-15 2.84318e-8 0.03209621 3.1775e-15 1 -1.11759e-7 -0.736926 -2.84318e-8 1.11759e-7 1 -0.03760035 0 0 0 1</matrix>
                <node id="Anatim_Afrikanim_Aloophim1_Skin_ankle_left" name="ankle left" sid="ankle_left" type="JOINT">
                  <matrix sid="transform">1 -4.17908e-8 8.65373e-7 0.008728117 2.95136e-7 -0.92954 -0.3687214 -1.121673 8.19807e-7 0.3687214 -0.9295408 -0.06275671 0 0 0 1</matrix>
                  <node id="Anatim_Afrikanim_Aloophim1_Skin_foot_left01" name="foot left01" sid="foot_left01" type="JOINT">
                    <matrix sid="transform">1 7.49806e-7 1.86073e-5 2.68221e-7 -1.74336e-5 0.3889734 0.921249 0.216839 -6.54699e-6 -0.9212489 0.3889734 -0.2809221 0 0 0 1</matrix>
                    <extra>
                      <technique profile="blender">
                        <layer sid="layer" type="string">0</layer>
                        <roll sid="roll" type="float">1.89164e-5</roll>
                        <tip_x sid="tip_x" type="float">0</tip_x>
                        <tip_y sid="tip_y" type="float">-0.09997606</tip_y>
                        <tip_z sid="tip_z" type="float">-0.002188205</tip_z>
                      </technique>
                    </extra>
                  </node>
                  <extra>
                    <technique profile="blender">
                      <layer sid="layer" type="string">0</layer>
                      <roll sid="roll" type="float">8.11969e-7</roll>
                      <tip_x sid="tip_x" type="float">0</tip_x>
                      <tip_y sid="tip_y" type="float">-0.03687208</tip_y>
                      <tip_z sid="tip_z" type="float">-0.09295403</tip_z>
                    </technique>
                  </extra>
                </node>
                <extra>
                  <technique profile="blender">
                    <layer sid="layer" type="string">0</layer>
                    <roll sid="roll" type="float">0</roll>
                    <tip_x sid="tip_x" type="float">0</tip_x>
                    <tip_y sid="tip_y" type="float">0</tip_y>
                    <tip_z sid="tip_z" type="float">0.1</tip_z>
                  </technique>
                </extra>
              </node>
              <extra>
                <technique profile="blender">
                  <layer sid="layer" type="string">0</layer>
                  <roll sid="roll" type="float">0</roll>
                  <tip_x sid="tip_x" type="float">0</tip_x>
                  <tip_y sid="tip_y" type="float">0</tip_y>
                  <tip_z sid="tip_z" type="float">0.0999999</tip_z>
                </technique>
              </extra>
            </node>
            <node id="Anatim_Afrikanim_Aloophim1_Skin_femurright" name="femurright" sid="femurright" type="JOINT">
              <matrix sid="transform">1 -3.05225e-15 5.03385e-9 -0.2316408 0 1 0 -0.0098176 -5.03385e-9 2.48278e-10 1 0.05965088 0 0 0 1</matrix>
              <node id="Anatim_Afrikanim_Aloophim1_Skin_butt-r" name="butt-r" sid="butt-r" type="JOINT">
                <matrix sid="transform">1 -3.54107e-15 5.58592e-9 -0.003262356 3.32947e-15 1 -5.96046e-7 -0.09589529 -5.58592e-9 5.96046e-7 1 -0.2262757 0 0 0 1</matrix>
                <extra>
                  <technique profile="blender">
                    <layer sid="layer" type="string">0</layer>
                    <roll sid="roll" type="float">0</roll>
                    <tip_x sid="tip_x" type="float">0</tip_x>
                    <tip_y sid="tip_y" type="float">0</tip_y>
                    <tip_z sid="tip_z" type="float">0.1</tip_z>
                  </technique>
                </extra>
              </node>
              <node id="Anatim_Afrikanim_Aloophim1_Skin_knee-r-top" name="knee-r-top" sid="knee-r-top" type="JOINT">
                <matrix sid="transform">1 -3.54107e-15 9.03824e-9 0.05288468 5.3872e-15 0.9999999 -5.96046e-7 -0.4883386 -9.03824e-9 5.96046e-7 1 0.3589506 0 0 0 1</matrix>
                <extra>
                  <technique profile="blender">
                    <layer sid="layer" type="string">0</layer>
                    <roll sid="roll" type="float">0</roll>
                    <tip_x sid="tip_x" type="float">0</tip_x>
                    <tip_y sid="tip_y" type="float">0</tip_y>
                    <tip_z sid="tip_z" type="float">0.1</tip_z>
                  </technique>
                </extra>
              </node>
              <node id="Anatim_Afrikanim_Aloophim1_Skin_knee-r-bopttom" name="knee-r-bopttom" sid="knee-r-bopttom" type="JOINT">
                <matrix sid="transform">1 -3.54107e-15 1.35241e-8 -0.01414061 -5.03811e-16 1 3.72529e-8 -0.7370361 -1.35241e-8 -3.72529e-8 1 -0.03760032 0 0 0 1</matrix>
                <node id="Anatim_Afrikanim_Aloophim1_Skin_ankleright" name="ankleright" sid="ankleright" type="JOINT">
                  <matrix sid="transform">1 -1.86264e-8 7.95599e-7 -0.01317592 2.76041e-7 -0.9295399 -0.3687215 -1.118303 7.4641e-7 0.3687215 -0.9295379 -0.0627568 0 0 0 1</matrix>
                  <node id="Anatim_Afrikanim_Aloophim1_Skin_foot_right01" name="foot right01" sid="foot_right01" type="JOINT">
                    <matrix sid="transform">1 6.91747e-7 1.77204e-5 2.08616e-7 -1.65939e-5 0.3889743 0.9212486 0.2168394 -6.2555e-6 -0.9212486 0.3889744 -0.2809228 0 0 0 1</matrix>
                    <extra>
                      <technique profile="blender">
                        <layer sid="layer" type="string">0</layer>
                        <roll sid="roll" type="float">1.80154e-5</roll>
                        <tip_x sid="tip_x" type="float">0</tip_x>
                        <tip_y sid="tip_y" type="float">-0.09997606</tip_y>
                        <tip_z sid="tip_z" type="float">-0.002188265</tip_z>
                      </technique>
                    </extra>
                  </node>
                  <extra>
                    <technique profile="blender">
                      <layer sid="layer" type="string">0</layer>
                      <roll sid="roll" type="float">7.5056e-7</roll>
                      <tip_x sid="tip_x" type="float">0</tip_x>
                      <tip_y sid="tip_y" type="float">-0.03687214</tip_y>
                      <tip_z sid="tip_z" type="float">-0.09295403</tip_z>
                    </technique>
                  </extra>
                </node>
                <extra>
                  <technique profile="blender">
                    <layer sid="layer" type="string">0</layer>
                    <roll sid="roll" type="float">0</roll>
                    <tip_x sid="tip_x" type="float">0</tip_x>
                    <tip_y sid="tip_y" type="float">0</tip_y>
                    <tip_z sid="tip_z" type="float">0.1</tip_z>
                  </technique>
                </extra>
              </node>
              <extra>
                <technique profile="blender">
                  <layer sid="layer" type="string">0</layer>
                  <roll sid="roll" type="float">0</roll>
                  <tip_x sid="tip_x" type="float">0</tip_x>
                  <tip_y sid="tip_y" type="float">0</tip_y>
                  <tip_z sid="tip_z" type="float">0.0999999</tip_z>
                </technique>
              </extra>
            </node>
            <node id="Anatim_Afrikanim_Aloophim1_Skin_lumbar" name="lumbar" sid="lumbar" type="JOINT">
              <matrix sid="transform">1 -3.05225e-15 4.81516e-9 0.004538173 0 1 3.72529e-8 0.189765 -4.81516e-9 -3.70047e-8 1 -0.05340066 0 0 0 1</matrix>
              <node id="Anatim_Afrikanim_Aloophim1_Skin_rib" name="rib" sid="rib" type="JOINT">
                <matrix sid="transform">1 -3.34046e-15 4.25529e-9 -0.01278647 0 1 0 0.7050576 -4.25529e-9 2.48249e-10 1 0.1130516 0 0 0 1</matrix>
                <node id="Anatim_Afrikanim_Aloophim1_Skin_scapula" name="scapula" sid="scapula" type="JOINT">
                  <matrix sid="transform">0.2056834 -0.9786186 -4.75229e-8 0.4182977 0.9786185 0.2056834 -6.09382e-8 0.2449708 6.94099e-8 -3.39728e-8 1 -4.2731e-8 0 0 0 1</matrix>
                  <node id="Anatim_Afrikanim_Aloophim1_Skin_ulna" name="ulna" sid="ulna" type="JOINT">
                    <matrix sid="transform">0.9999999 -5.96046e-8 1.42109e-14 0.1237388 7.45058e-8 0.9999999 2.59348e-13 -0.5993562 -1.42109e-14 -2.57572e-13 1 -3.71069e-9 0 0 0 1</matrix>
                    <node id="Anatim_Afrikanim_Aloophim1_Skin_carpal" name="carpal" sid="carpal" type="JOINT">
                      <matrix sid="transform">1 -1.95205e-6 1.60665e-8 0.1033113 1.92225e-6 1 -7.45059e-8 -0.575404 -1.60664e-8 7.45059e-8 1 0.07377817 0 0 0 1</matrix>
                      <node id="Anatim_Afrikanim_Aloophim1_Skin_ammo_node_1" name="ammo node 1" sid="ammo_node_1" type="JOINT">
                        <matrix sid="transform">0.9999999 4.47006e-7 -1.02222e-5 0.176682 -1.02371e-5 0.001922249 -0.9999982 0.2353449 -4.30008e-7 0.9999982 0.001922249 -0.07377823 0 0 0 1</matrix>
                        <extra>
                          <technique profile="blender">
                            <layer sid="layer" type="string">0</layer>
                            <roll sid="roll" type="float">-2.192702</roll>
                            <tip_x sid="tip_x" type="float">-1.88112e-4</tip_x>
                            <tip_y sid="tip_y" type="float">-0.09999984</tip_y>
                            <tip_z sid="tip_z" type="float">3.95775e-5</tip_z>
                          </technique>
                        </extra>
                      </node>
                      <extra>
                        <technique profile="blender">
                          <layer sid="layer" type="string">0</layer>
                          <roll sid="roll" type="float">-1.363636</roll>
                          <tip_x sid="tip_x" type="float">-0.09786176</tip_x>
                          <tip_y sid="tip_y" type="float">0</tip_y>
                          <tip_z sid="tip_z" type="float">0.02056813</tip_z>
                        </technique>
                      </extra>
                    </node>
                    <extra>
                      <technique profile="blender">
                        <layer sid="layer" type="string">0</layer>
                        <roll sid="roll" type="float">-1.363634</roll>
                        <tip_x sid="tip_x" type="float">-0.097862</tip_x>
                        <tip_y sid="tip_y" type="float">0</tip_y>
                        <tip_z sid="tip_z" type="float">0.02056837</tip_z>
                      </technique>
                    </extra>
                  </node>
                  <extra>
                    <technique profile="blender">
                      <layer sid="layer" type="string">0</layer>
                      <roll sid="roll" type="float">-1.363634</roll>
                      <tip_x sid="tip_x" type="float">-0.097862</tip_x>
                      <tip_y sid="tip_y" type="float">0</tip_y>
                      <tip_z sid="tip_z" type="float">0.02056837</tip_z>
                    </technique>
                  </extra>
                </node>
                <node id="Anatim_Afrikanim_Aloophim1_Skin_scapula01" name="scapula01" sid="scapula01" type="JOINT">
                  <matrix sid="transform">0.1955006 0.9807036 -3.10884e-8 -0.4432708 -0.9807035 0.1955006 1.65483e-7 0.2449708 1.68368e-7 -1.86357e-9 1 -4.2731e-8 0 0 0 1</matrix>
                  <node id="Anatim_Afrikanim_Aloophim1_Skin_ulna01" name="ulna01" sid="ulna01" type="JOINT">
                    <matrix sid="transform">1 -5.96046e-8 6.72894e-8 -0.1120014 5.96046e-8 1 -1.19209e-7 -0.5993565 -6.72894e-8 1.19209e-7 1 2.97854e-9 0 0 0 1</matrix>
                    <node id="Anatim_Afrikanim_Aloophim1_Skin_carpal_right" name="carpal right" sid="carpal_right" type="JOINT">
                      <matrix sid="transform">0.9999999 -5.51343e-7 4.97149e-8 -0.1377439 4.32134e-7 1 -2.58682e-13 -0.5311354 -4.97149e-8 2.91545e-13 1 -1.48541e-7 0 0 0 1</matrix>
                      <node id="Anatim_Afrikanim_Aloophim1_Skin_smoke_node_1" name="smoke node 1" sid="smoke_node_1" type="JOINT">
                        <matrix sid="transform">1 -1.86963e-7 1.19284e-4 0.02609444 1.19388e-4 -0.006793437 -0.9999769 -0.1824128 9.972e-7 0.9999769 -0.006793499 0.04844671 0 0 0 1</matrix>
                        <node id="Anatim_Afrikanim_Aloophim1_Skin_ammo_node_0" name="ammo node 0" sid="ammo_node_0" type="JOINT">
                          <matrix sid="transform">1 1.35243e-4 9.43794e-7 0.002613068 -2.6077e-8 -0.006791798 0.9999769 1.569697 1.35511e-4 -0.9999769 -0.006791729 0.04457712 0 0 0 1</matrix>
                          <extra>
                            <technique profile="blender">
                              <layer sid="layer" type="string">0</layer>
                              <roll sid="roll" type="float">1.374044</roll>
                              <tip_x sid="tip_x" type="float">0.09868383</tip_x>
                              <tip_y sid="tip_y" type="float">-1.19209e-7</tip_y>
                              <tip_z sid="tip_z" type="float">0.01967072</tip_z>
                            </technique>
                          </extra>
                        </node>
                        <extra>
                          <technique profile="blender">
                            <layer sid="layer" type="string">0</layer>
                            <roll sid="roll" type="float">1.374031</roll>
                            <tip_x sid="tip_x" type="float">-6.66261e-4</tip_x>
                            <tip_y sid="tip_y" type="float">-0.09999769</tip_y>
                            <tip_z sid="tip_z" type="float">-1.32799e-4</tip_z>
                          </technique>
                        </extra>
                      </node>
                      <extra>
                        <technique profile="blender">
                          <layer sid="layer" type="string">0</layer>
                          <roll sid="roll" type="float">1.374028</roll>
                          <tip_x sid="tip_x" type="float">0.09807038</tip_x>
                          <tip_y sid="tip_y" type="float">0</tip_y>
                          <tip_z sid="tip_z" type="float">0.01955008</tip_z>
                        </technique>
                      </extra>
                    </node>
                    <extra>
                      <technique profile="blender">
                        <layer sid="layer" type="string">0</layer>
                        <roll sid="roll" type="float">1.374028</roll>
                        <tip_x sid="tip_x" type="float">0.0980705</tip_x>
                        <tip_y sid="tip_y" type="float">0</tip_y>
                        <tip_z sid="tip_z" type="float">0.01955008</tip_z>
                      </technique>
                    </extra>
                  </node>
                  <extra>
                    <technique profile="blender">
                      <layer sid="layer" type="string">0</layer>
                      <roll sid="roll" type="float">1.374028</roll>
                      <tip_x sid="tip_x" type="float">0.09807044</tip_x>
                      <tip_y sid="tip_y" type="float">0</tip_y>
                      <tip_z sid="tip_z" type="float">0.01955008</tip_z>
                    </technique>
                  </extra>
                </node>
                <node id="Anatim_Afrikanim_Aloophim1_Skin_neck" name="neck" sid="neck" type="JOINT">
                  <matrix sid="transform">1 -3.59515e-15 3.75497e-9 -0.01369714 2.37534e-16 0.9999999 -6.32587e-8 0.4694993 -3.75497e-9 6.32587e-8 1 -1.35612e-7 0 0 0 1</matrix>
                  <node id="Anatim_Afrikanim_Aloophim1_Skin_skull" name="skull" sid="skull" type="JOINT">
                    <matrix sid="transform">1 -4.05743e-15 1.18064e-9 -0.007297663 0 1 1.49009e-8 0.4520025 -1.18064e-9 -1.49009e-8 1 7.10192e-8 0 0 0 1</matrix>
                    <node id="Anatim_Afrikanim_Aloophim1_Skin_cloaktop" name="cloaktop" sid="cloaktop" type="JOINT">
                      <matrix sid="transform">1 -4.18519e-15 3.25259e-9 0.03092997 0 1 0 -0.57021 -3.25259e-9 0 1 -0.1981267 0 0 0 1</matrix>
                      <node id="Anatim_Afrikanim_Aloophim1_Skin_cloak" name="cloak" sid="cloak" type="JOINT">
                        <matrix sid="transform">1 -4.53715e-15 1.42787e-10 0.004538156 0 1 1.49011e-7 -0.859081 -1.42787e-10 -1.48834e-7 1 -0.235698 0 0 0 1</matrix>
                        <node id="Anatim_Afrikanim_Aloophim1_Skin_cloakbottom" name="cloakbottom" sid="cloakbottom" type="JOINT">
                          <matrix sid="transform">1 -4.53132e-15 0 -0.02733967 0 1 -7.45058e-8 -0.8312191 0 7.84085e-8 1 -0.1177093 0 0 0 1</matrix>
                          <extra>
                            <technique profile="blender">
                              <layer sid="layer" type="string">0</layer>
                              <roll sid="roll" type="float">0</roll>
                              <tip_x sid="tip_x" type="float">0</tip_x>
                              <tip_y sid="tip_y" type="float">0</tip_y>
                              <tip_z sid="tip_z" type="float">0.1</tip_z>
                            </technique>
                          </extra>
                        </node>
                        <extra>
                          <technique profile="blender">
                            <layer sid="layer" type="string">0</layer>
                            <roll sid="roll" type="float">0</roll>
                            <tip_x sid="tip_x" type="float">0</tip_x>
                            <tip_y sid="tip_y" type="float">0</tip_y>
                            <tip_z sid="tip_z" type="float">0.1000001</tip_z>
                          </technique>
                        </extra>
                      </node>
                      <extra>
                        <technique profile="blender">
                          <layer sid="layer" type="string">0</layer>
                          <roll sid="roll" type="float">0</roll>
                          <tip_x sid="tip_x" type="float">0</tip_x>
                          <tip_y sid="tip_y" type="float">0</tip_y>
                          <tip_z sid="tip_z" type="float">0.0999999</tip_z>
                        </technique>
                      </extra>
                    </node>
                    <node id="Anatim_Afrikanim_Aloophim1_Skin_nogginbottom" name="nogginbottom" sid="nogginbottom" type="JOINT">
                      <matrix sid="transform">1 1.16415e-9 2.30469e-7 0.001799161 -1.08001e-8 0.9991254 0.0418144 0.08982587 -2.30219e-7 -0.0418144 0.9991254 0.2822085 0 0 0 1</matrix>
                      <extra>
                        <technique profile="blender">
                          <layer sid="layer" type="string">0</layer>
                          <roll sid="roll" type="float">2.74333e-7</roll>
                          <tip_x sid="tip_x" type="float">0</tip_x>
                          <tip_y sid="tip_y" type="float">0.004181444</tip_y>
                          <tip_z sid="tip_z" type="float">0.09991264</tip_z>
                        </technique>
                      </extra>
                    </node>
                    <node id="Anatim_Afrikanim_Aloophim1_Skin_plumes" name="plumes" sid="plumes" type="JOINT">
                      <matrix sid="transform">1 -4.16334e-15 3.01873e-7 -0.002369048 -6.36991e-9 0.9997773 0.02110134 0.1819341 -3.01805e-7 -0.02110134 0.9997773 0.1862073 0 0 0 1</matrix>
                      <extra>
                        <technique profile="blender">
                          <layer sid="layer" type="string">0</layer>
                          <roll sid="roll" type="float">3.45765e-7</roll>
                          <tip_x sid="tip_x" type="float">0</tip_x>
                          <tip_y sid="tip_y" type="float">0.002110123</tip_y>
                          <tip_z sid="tip_z" type="float">0.09997797</tip_z>
                        </technique>
                      </extra>
                    </node>
                    <node id="Anatim_Afrikanim_Aloophim1_Skin_skulltop" name="skulltop" sid="skulltop" type="JOINT">
                      <matrix sid="transform">1 -4.18519e-15 4.3221e-9 -0.00416824 0 1 -2.4869e-13 0.3702886 -4.3221e-9 2.4869e-13 1 3.55271e-15 0 0 0 1</matrix>
                      <extra>
                        <technique profile="blender">
                          <layer sid="layer" type="string">0</layer>
                          <roll sid="roll" type="float">0</roll>
                          <tip_x sid="tip_x" type="float">0</tip_x>
                          <tip_y sid="tip_y" type="float">0</tip_y>
                          <tip_z sid="tip_z" type="float">0.0999999</tip_z>
                        </technique>
                      </extra>
                    </node>
                    <extra>
                      <technique profile="blender">
                        <layer sid="layer" type="string">0</layer>
                        <roll sid="roll" type="float">0</roll>
                        <tip_x sid="tip_x" type="float">0</tip_x>
                        <tip_y sid="tip_y" type="float">0</tip_y>
                        <tip_z sid="tip_z" type="float">0.1000001</tip_z>
                      </technique>
                    </extra>
                  </node>
                  <node id="Anatim_Afrikanim_Aloophim1_Skin_smoke_node_0" name="smoke node 0" sid="smoke_node_0" type="JOINT">
                    <matrix sid="transform">1 -6.36559e-6 -1.10467e-6 0.00651496 -1.10467e-6 1.11759e-7 -0.9999999 0.09218764 6.36559e-6 0.9999999 2.38371e-7 0.2430202 0 0 0 1</matrix>
                    <extra>
                      <technique profile="blender">
                        <layer sid="layer" type="string">0</layer>
                        <roll sid="roll" type="float">3.141592</roll>
                        <tip_x sid="tip_x" type="float">-6.32368e-7</tip_x>
                        <tip_y sid="tip_y" type="float">-0.09999996</tip_y>
                        <tip_z sid="tip_z" type="float">0</tip_z>
                      </technique>
                    </extra>
                  </node>
                  <extra>
                    <technique profile="blender">
                      <layer sid="layer" type="string">0</layer>
                      <roll sid="roll" type="float">0</roll>
                      <tip_x sid="tip_x" type="float">0</tip_x>
                      <tip_y sid="tip_y" type="float">0</tip_y>
                      <tip_z sid="tip_z" type="float">0.1000001</tip_z>
                    </technique>
                  </extra>
                </node>
                <extra>
                  <technique profile="blender">
                    <layer sid="layer" type="string">0</layer>
                    <roll sid="roll" type="float">0</roll>
                    <tip_x sid="tip_x" type="float">0</tip_x>
                    <tip_y sid="tip_y" type="float">0</tip_y>
                    <tip_z sid="tip_z" type="float">0.0999999</tip_z>
                  </technique>
                </extra>
              </node>
              <extra>
                <technique profile="blender">
                  <layer sid="layer" type="string">0</layer>
                  <roll sid="roll" type="float">0</roll>
                  <tip_x sid="tip_x" type="float">0</tip_x>
                  <tip_y sid="tip_y" type="float">0</tip_y>
                  <tip_z sid="tip_z" type="float">0.0999999</tip_z>
                </technique>
              </extra>
            </node>
            <extra>
              <technique profile="blender">
                <layer sid="layer" type="string">0</layer>
                <roll sid="roll" type="float">0</roll>
                <tip_x sid="tip_x" type="float">0</tip_x>
                <tip_y sid="tip_y" type="float">0</tip_y>
                <tip_z sid="tip_z" type="float">0.1000001</tip_z>
              </technique>
            </extra>
          </node>
          <extra>
            <technique profile="blender">
              <layer sid="layer" type="string">0</layer>
              <roll sid="roll" type="float">0</roll>
              <tip_x sid="tip_x" type="float">0</tip_x>
              <tip_y sid="tip_y" type="float">0</tip_y>
              <tip_z sid="tip_z" type="float">0.1000001</tip_z>
            </technique>
          </extra>
        </node>
      </node>
      <node id="skortamarewa" name="skortamarewa" type="NODE">
        <translate sid="location">0 0 0</translate>
        <rotate sid="rotationZ">0 0 1 0</rotate>
        <rotate sid="rotationY">0 1 0 0</rotate>
        <rotate sid="rotationX">1 0 0 0</rotate>
        <scale sid="scale">1 1 1</scale>
        <instance_controller url="#Anatim_Afrikanim_Aloophim1_Skin_skortamarewa-skin">
          <skeleton>#Anatim_Afrikanim_Aloophim1_Skin_root</skeleton>
          <bind_material>
            <technique_common>
              <instance_material symbol="spearman-suebi2_Mat_001-material" target="#spearman-suebi2_Mat_001-material"/>
            </technique_common>
          </bind_material>
        </instance_controller>
      </node>
    </visual_scene>
  </library_visual_scenes>
  <scene>
    <instance_visual_scene url="#Scene"/>
  </scene>
</COLLADA>