<?xml version="1.0" encoding="utf-8"?>
<COLLADA xmlns="http://www.collada.org/2005/11/COLLADASchema" version="1.4.1" xmlns:xsi="http://www.w3.org/2001/XMLSchema-instance">
  <asset>
    <contributor>
      <author>Blender User</author>
      <authoring_tool>Blender 2.79.0 commit date:2017-09-11, commit time:10:43, hash:5bd8ac9</authoring_tool>
    </contributor>
    <created>2019-02-14T08:31:43</created>
    <modified>2019-02-14T08:31:43</modified>
    <unit name="meter" meter="1"/>
    <up_axis>Z_UP</up_axis>
  </asset>
  <library_cameras>
    <camera id="Camera-camera" name="Camera">
      <optics>
        <technique_common>
          <perspective>
            <xfov sid="xfov">49.13434</xfov>
            <aspect_ratio>1.777778</aspect_ratio>
            <znear sid="znear">0.1</znear>
            <zfar sid="zfar">100</zfar>
          </perspective>
        </technique_common>
      </optics>
      <extra>
        <technique profile="blender">
          <shiftx sid="shiftx" type="float">0</shiftx>
          <shifty sid="shifty" type="float">0</shifty>
          <YF_dofdist sid="YF_dofdist" type="float">0</YF_dofdist>
        </technique>
      </extra>
    </camera>
  </library_cameras>
  <library_lights>
    <light id="Lamp-light" name="Lamp">
      <technique_common>
        <point>
          <color sid="color">1 1 1</color>
          <constant_attenuation>1</constant_attenuation>
          <linear_attenuation>0</linear_attenuation>
          <quadratic_attenuation>0.00111109</quadratic_attenuation>
        </point>
      </technique_common>
      <extra>
        <technique profile="blender">
          <type sid="type" type="int">0</type>
          <flag sid="flag" type="int">0</flag>
          <mode sid="mode" type="int">8192</mode>
          <gamma sid="blender_gamma" type="float">1</gamma>
          <red sid="red" type="float">1</red>
          <green sid="green" type="float">1</green>
          <blue sid="blue" type="float">1</blue>
          <shadow_r sid="blender_shadow_r" type="float">0</shadow_r>
          <shadow_g sid="blender_shadow_g" type="float">0</shadow_g>
          <shadow_b sid="blender_shadow_b" type="float">0</shadow_b>
          <energy sid="blender_energy" type="float">1</energy>
          <dist sid="blender_dist" type="float">29.99998</dist>
          <spotsize sid="spotsize" type="float">75</spotsize>
          <spotblend sid="spotblend" type="float">0.15</spotblend>
          <halo_intensity sid="blnder_halo_intensity" type="float">1</halo_intensity>
          <att1 sid="att1" type="float">0</att1>
          <att2 sid="att2" type="float">1</att2>
          <falloff_type sid="falloff_type" type="int">2</falloff_type>
          <clipsta sid="clipsta" type="float">1.000799</clipsta>
          <clipend sid="clipend" type="float">30.002</clipend>
          <bias sid="bias" type="float">1</bias>
          <soft sid="soft" type="float">3</soft>
          <compressthresh sid="compressthresh" type="float">0.04999995</compressthresh>
          <bufsize sid="bufsize" type="int">2880</bufsize>
          <samp sid="samp" type="int">3</samp>
          <buffers sid="buffers" type="int">1</buffers>
          <filtertype sid="filtertype" type="int">0</filtertype>
          <bufflag sid="bufflag" type="int">0</bufflag>
          <buftype sid="buftype" type="int">2</buftype>
          <ray_samp sid="ray_samp" type="int">1</ray_samp>
          <ray_sampy sid="ray_sampy" type="int">1</ray_sampy>
          <ray_sampz sid="ray_sampz" type="int">1</ray_sampz>
          <ray_samp_type sid="ray_samp_type" type="int">0</ray_samp_type>
          <area_shape sid="area_shape" type="int">1</area_shape>
          <area_size sid="area_size" type="float">0.1</area_size>
          <area_sizey sid="area_sizey" type="float">0.1</area_sizey>
          <area_sizez sid="area_sizez" type="float">1</area_sizez>
          <adapt_thresh sid="adapt_thresh" type="float">0.000999987</adapt_thresh>
          <ray_samp_method sid="ray_samp_method" type="int">1</ray_samp_method>
          <shadhalostep sid="shadhalostep" type="int">0</shadhalostep>
          <sun_effect_type sid="sun_effect_type" type="int">0</sun_effect_type>
          <skyblendtype sid="skyblendtype" type="int">1</skyblendtype>
          <horizon_brightness sid="horizon_brightness" type="float">1</horizon_brightness>
          <spread sid="spread" type="float">1</spread>
          <sun_brightness sid="sun_brightness" type="float">1</sun_brightness>
          <sun_size sid="sun_size" type="float">1</sun_size>
          <backscattered_light sid="backscattered_light" type="float">1</backscattered_light>
          <sun_intensity sid="sun_intensity" type="float">1</sun_intensity>
          <atm_turbidity sid="atm_turbidity" type="float">2</atm_turbidity>
          <atm_extinction_factor sid="atm_extinction_factor" type="float">1</atm_extinction_factor>
          <atm_distance_factor sid="atm_distance_factor" type="float">1</atm_distance_factor>
          <skyblendfac sid="skyblendfac" type="float">1</skyblendfac>
          <sky_exposure sid="sky_exposure" type="float">1</sky_exposure>
          <sky_colorspace sid="sky_colorspace" type="int">0</sky_colorspace>
        </technique>
      </extra>
    </light>
  </library_lights>
  <library_images/>
  <library_effects>
    <effect id="thorakitai1_Mat-effect">
      <profile_COMMON>
        <technique sid="common">
          <phong>
            <emission>
              <color sid="emission">0 0 0 1</color>
            </emission>
            <ambient>
              <color sid="ambient">0 0 0 1</color>
            </ambient>
            <diffuse>
              <color sid="diffuse">0.64 0.64 0.64 1</color>
            </diffuse>
            <specular>
              <color sid="specular">0.5 0.5 0.5 1</color>
            </specular>
            <shininess>
              <float sid="shininess">50</float>
            </shininess>
            <index_of_refraction>
              <float sid="index_of_refraction">1</float>
            </index_of_refraction>
          </phong>
        </technique>
      </profile_COMMON>
    </effect>
  </library_effects>
  <library_materials>
    <material id="thorakitai1_Mat-material" name="thorakitai1_Mat">
      <instance_effect url="#thorakitai1_Mat-effect"/>
    </material>
  </library_materials>
  <library_geometries>
    <geometry id="clipeus_001-mesh" name="clipeus.001">
      <mesh>
        <source id="clipeus_001-mesh-positions">
          <float_array id="clipeus_001-mesh-positions-array" count="1572">1.992403 1.331832 3.302726 1.992403 1.331832 3.302726 1.992403 1.331832 3.302726 1.459203 -0.1367334 3.559386 1.459203 -0.1367334 3.559386 1.430691 1.372196 3.312657 1.430691 1.372196 3.312657 2.20336 -0.1378705 3.239761 0.8783958 1.323135 3.38441 0.8783958 1.323135 3.38441 0.8783958 1.323135 3.38441 0.681082 -0.1422119 3.383512 1.459008 -0.5336255 3.535658 1.459008 -0.5336255 3.535658 2.196259 -0.5281467 3.240431 0.6866939 -0.5391036 3.382982 2.004827 -0.9838643 3.301814 2.004827 -0.9838643 3.301814 2.004827 -0.9838643 3.301814 2.004827 -0.9838643 3.301814 0.8908196 -0.9925622 3.383499 0.8908196 -0.9925622 3.383499 0.8908196 -0.9925622 3.383499 0.8908196 -0.9925622 3.383499 1.437704 1.372196 3.374655 1.437704 1.372196 3.374655 1.460149 -0.1367334 3.569401 1.460149 -0.1367334 3.569401 2.196529 -0.1312542 3.303242 0.6869633 -0.1422119 3.445794 1.465761 -0.5336255 3.56887 1.465761 -0.5336255 3.56887 2.20214 -0.5281467 3.302712 0.692575 -0.5391038 3.445264 1.452531 -1.338679 3.373567 1.452531 -1.338679 3.373567 1.452531 -1.338679 3.373567 1.430691 1.372196 3.312657 1.430691 1.372196 3.312657 1.437704 1.372196 3.374655 1.437704 1.372196 3.374655 0.681082 -0.1422119 3.383512 0.6866939 -0.5391036 3.382982 0.692575 -0.5391038 3.445264 0.6869633 -0.1422119 3.445794 2.196259 -0.5281467 3.240431 2.20336 -0.1378705 3.239761 2.196529 -0.1312542 3.303242 2.20214 -0.5281467 3.302712 -1.691517 -2.435167 3.214085 -1.656691 -2.434058 3.050632 -1.727468 -2.07694 3.088629 -1.727468 -2.07694 3.088629 -1.736193 -2.077216 3.129334 -1.736193 -2.077216 3.129334 -1.656691 -2.434058 3.050632 -1.912719 -2.436296 3.075797 -1.820965 -2.0775 3.088643 -1.820965 -2.0775 3.088643 -1.727468 -2.07694 3.088629 -1.727468 -2.07694 3.088629 -1.912719 -2.436296 3.075797 -1.820965 -2.0775 3.088643 -1.820965 -2.0775 3.088643 -1.69561 -2.005449 3.068666 -1.719976 -2.006227 3.182987 -1.879162 -2.007016 3.085325 -1.69561 -2.005449 3.068666 -1.879162 -2.007016 3.085325 -1.786003 -3.373899 3.09713 -1.784847 -3.373888 3.097025 -1.785001 -3.373894 3.097745 -1.785001 -3.373894 3.097745 -1.784847 -3.373888 3.097025 -1.786003 -3.373899 3.09713 -0.03375279 0.3149227 3.719444 -0.05518752 0.3176389 3.719444 -0.059641 0.305015 3.817875 -0.03902441 0.3024026 3.817875 -0.201599 -0.1236107 3.719443 -0.1294428 -0.2394824 3.719444 -0.131062 -0.2308416 3.817874 -0.2004641 -0.1193926 3.817873 -0.008448302 0.0273779 3.989722 0.02508956 0.05924963 3.963934 0.02399069 0.06112879 3.963934 -0.2699865 0.04078537 3.719443 -0.227288 -0.05982851 3.719443 -0.2251727 -0.05804491 3.817873 -0.2662414 0.03872871 3.817873 0.1818544 0.2045948 3.719444 0.1825731 0.2113324 3.719444 0.1690446 0.2027662 3.817875 0.1683533 0.1962858 3.817875 -0.04673272 0.04963952 3.963934 -0.04973322 0.03297138 3.963934 0.0423212 0.3167152 3.719444 0.02277684 0.314292 3.719444 0.01534754 0.301796 3.817875 0.03414595 0.3041267 3.817875 0.009841501 -0.01561629 3.963934 0.005863904 -0.01547777 3.963934 -0.1616566 0.2898342 3.719443 -0.2094928 0.2195805 3.720258 -0.2080566 0.2106996 3.818659 -0.1620463 0.2782717 3.817874 -0.03986287 0.06370472 3.964068 -0.01468586 0.08056008 3.963934 -0.02598488 0.07739144 3.963934 -0.2515969 0.1377542 3.719443 -0.2485537 0.1319963 3.817873 0.1885891 0.1936626 3.719444 0.174831 0.1857708 3.817875 -0.2094928 0.2195805 3.724415 -0.2096284 0.2200897 3.723599 -0.2515969 0.1377542 3.723599 -0.1616566 0.2898342 3.723599 -0.0320577 0.07578074 3.963934 -0.1074905 -0.2404052 3.719444 -0.08818638 -0.263239 3.719443 -0.09138035 -0.2536914 3.817873 -0.1099477 -0.2317293 3.817874 0.0343694 0.01315993 3.963934 0.03815019 0.02542245 3.963934 0.09513646 -0.2418801 3.719444 0.1987869 -0.1671206 3.719444 0.1846395 -0.1612418 3.817875 0.08494532 -0.2331477 3.817875 -0.112931 -0.2497938 3.723599 -0.1082144 -0.245881 3.723599 -0.1074905 -0.2404052 3.723601 0.1826084 0.2201969 3.719444 0.1499469 0.2861008 3.719444 0.1376637 0.2746808 3.817875 0.1690785 0.2112923 3.817875 -0.1244374 0.299205 3.719444 -0.1262477 0.2872846 3.817875 0.07249844 -0.2464383 3.723601 0.07884716 -0.2507829 3.723601 0.09513646 -0.2418801 3.723601 -0.04276639 0.01567673 3.963934 0.07075828 -0.2410743 3.723601 0.02410799 0.06228697 3.963934 0.02411371 0.0638107 3.963934 -0.2042318 -0.1086289 3.719443 -0.2029965 -0.1049827 3.817873 0.001223981 0.08040136 3.963934 -0.001964867 0.07998484 3.963934 -0.02007007 -0.0192877 3.963934 0.002769887 -0.01930016 3.963934 -0.004506409 0.3237526 3.719444 -0.01089429 0.3108954 3.817875 0.01878458 0.07513898 3.963934 0.2686352 -0.003131568 3.719445 0.264303 0.01308864 3.719445 0.247655 0.01208913 3.817876 0.2518218 -0.003512024 3.817876 0.01207798 0.07676398 3.963934 0.2349765 0.06624674 3.653548 0.2349765 0.06624674 3.653548 0.1770124 -0.1988036 3.645224 0.1770124 -0.1988036 3.645224 0.1614422 -0.219994 3.578592 0.1614422 -0.219994 3.578592 0.1614422 -0.219994 3.578592 0.1334986 -0.1520496 3.477353 0.1334986 -0.1520496 3.477353 0.1452645 -0.1012184 3.291876 0.1452645 -0.1012184 3.291876 0.1452645 -0.1012184 3.291876 0.2082904 0.1726 3.325309 0.2082904 0.1726 3.325309 -0.2470483 0.06624269 3.653493 -0.2203457 0.1725983 3.325262 -0.2203457 0.1725983 3.325262 -0.2203457 0.1725983 3.325262 -0.1572761 -0.1011645 3.291846 -0.1572761 -0.1011645 3.291846 -0.1572761 -0.1011645 3.291846 -0.1421279 -0.1499786 3.464833 -0.1421279 -0.1499786 3.464833 -0.1738213 -0.2201735 3.579625 -0.1738213 -0.2201735 3.579625 -0.1890702 -0.2293395 3.634858 -0.1890702 -0.2293395 3.634858 -0.1890702 -0.2293395 3.634858 -0.003700137 -0.1644286 3.291862 -0.003700137 -0.1644286 3.291862 0.02121353 -0.243848 3.472935 -0.003906905 -0.2435989 3.471429 -0.003906905 -0.2435989 3.471429 -0.03857487 0.004713177 3.963934 -0.02680158 -0.01520413 3.963934 -0.02321982 -0.01536279 3.963934 0.07742631 0.2821629 3.461306 -0.1011502 0.2821629 3.461283 -0.004882574 -0.2288889 3.632167 -0.004882574 -0.2288889 3.632167 0.02543061 -0.2353535 3.585277 -0.004882752 -0.2521788 3.660064 -0.03081667 -0.2433747 3.470076 -0.03081667 -0.2433747 3.470076 -0.04290187 -0.235691 3.585126 -0.003971695 -0.3202056 3.472994 -0.003971695 -0.3202056 3.472994 0.03744333 0.02821058 3.963934 0.08713465 0.2795881 3.650055 -0.1124482 0.2795881 3.650032 -0.0111885 0.0800932 3.963934 -0.03900444 0.007288396 3.963934 0.02675348 -0.002765774 3.963934 -0.006416499 0.08161097 3.963934 0.4202316 0.04947471 3.593738 0.4202316 0.04947471 3.593738 0.395039 0.1328924 3.594267 0.395039 0.1328924 3.594267 0.2562248 0.1134779 3.725605 0.2562248 0.1134779 3.725605 0.2726894 0.05896019 3.725605 0.2726894 0.05896019 3.725605 0.3224993 0.2858112 3.595238 0.3224993 0.2858112 3.595238 0.2088173 0.2134186 3.725605 0.2088173 0.2134186 3.725605 0.1361847 0.2875974 3.725605 0.1361847 0.2875974 3.725605 0.2113625 0.3993119 3.595957 0.07503277 0.4597043 3.596341 0.04708772 0.3270671 3.725605 0.04708772 0.3270671 3.725605 -0.0700463 0.4597042 3.59634 -0.04772734 0.3270671 3.725605 -0.04772734 0.3270671 3.725605 -0.206376 0.3993117 3.595955 -0.1368244 0.2875974 3.725604 -0.1368244 0.2875974 3.725604 -0.2738789 0.3303731 3.595517 -0.3175131 0.2858111 3.595235 -0.2094569 0.2134185 3.725604 -0.2094569 0.2134185 3.725604 -0.3900524 0.1328922 3.594263 -0.2568643 0.1134778 3.725604 -0.2568643 0.1134778 3.725604 -0.4152454 0.04947519 3.593732 -0.2733289 0.05895996 3.725604 -0.2733289 0.05895996 3.725604 -0.3900525 -0.124418 3.592629 -0.2568643 -0.05468821 3.725604 -0.2568643 -0.05468821 3.725604 -0.317513 -0.2773368 3.591657 -0.2094569 -0.1546289 3.725604 -0.2094569 -0.1546289 3.725604 -0.2063759 -0.3908374 3.590938 -0.1368243 -0.2288075 3.725604 -0.1368243 -0.2288075 3.725604 -0.07004606 -0.4512299 3.590557 -0.07004606 -0.4512299 3.590557 -0.04772704 -0.2682774 3.725605 -0.04772704 -0.2682774 3.725605 0.07503288 -0.4512299 3.590557 0.07503288 -0.4512299 3.590557 0.04708772 -0.2682772 3.725605 0.04708772 -0.2682772 3.725605 0.2113626 -0.3908373 3.59094 0.2113626 -0.3908373 3.59094 0.1361848 -0.2288075 3.725605 0.1361848 -0.2288075 3.725605 0.3224995 -0.2773367 3.591661 0.3224995 -0.2773367 3.591661 0.2088174 -0.1546288 3.725605 0.2088174 -0.1546288 3.725605 0.395039 -0.1244178 3.592633 0.395039 -0.1244178 3.592633 0.2562249 -0.05468797 3.725605 0.2562249 -0.05468797 3.725605 0.09812909 0.2837738 3.817875 0.04325896 -0.2537612 3.817875 0.06149762 -0.2323728 3.817875 0.2295346 -0.07212793 3.817876 -0.1151806 -0.2407595 3.817873 -0.02410745 -0.01697659 3.963934 0.1088435 0.2955546 3.719444 0.2454635 -0.07447046 3.719445 -0.112931 -0.2497938 3.719443 0.05179589 -0.2633115 3.719444 0.07075828 -0.2410743 3.719444 0.4087405 0.3267811 2.182376 0.4087405 0.3267811 2.182376 0.4087405 0.3267811 2.182376 0.4087405 0.3267811 2.182376 -0.4142838 0.3267755 2.183236 -0.4142838 0.3267755 2.183236 -0.4142838 0.3267755 2.183236 -0.4142838 0.3267755 2.183236 -0.4100583 -0.3160721 2.17433 -0.4100583 -0.3160721 2.17433 -0.4100583 -0.3160721 2.17433 -0.4100583 -0.3160721 2.17433 0.1948575 -0.4127622 1.826861 0.4727529 -0.1739732 1.875727 0.4727529 -0.1739732 1.875727 0.4727529 -0.1739732 1.875727 0.1627015 0.4354033 1.852089 0.1627015 0.4354033 1.852089 0.4727532 0.3397417 1.921056 0.4727532 0.3397417 1.921056 0.4727532 0.3397417 1.921056 0.2596081 0.4411281 1.49239 0.5663315 0.3417758 1.539342 0.5663315 0.3417758 1.539342 0.5663315 0.3417758 1.539342 0.3083003 -0.3870855 1.504756 0.5657258 -0.23546 1.538785 0.5657258 -0.23546 1.538785 -0.1963869 -0.412763 1.826852 -0.473605 -0.1739775 1.875696 -0.473605 -0.1739775 1.875696 -0.1371025 0.4353978 1.851344 -0.1371025 0.4353978 1.851344 -0.4736055 0.3397362 1.921025 -0.4736055 0.3397362 1.921025 -0.4736055 0.3397362 1.921025 -0.2513813 0.4411224 1.492358 -0.5496516 0.341768 1.53931 -0.5496516 0.341768 1.53931 -0.5496516 0.341768 1.53931 -0.5502576 -0.2354651 1.538753 -0.5502576 -0.2354651 1.538753 -0.5502576 -0.2354651 1.538753 -0.3049165 -0.3876063 1.504716 0.5553959 -0.2411895 1.537499 0.5553959 -0.2411895 1.537499 -0.4696741 0.02788621 3.216026 -0.4696741 0.02788621 3.216026 -0.4065696 -0.1895676 2.888345 -0.4065696 -0.1895676 2.888345 -0.4065696 -0.1895676 2.888345 -0.4065696 -0.1895676 2.888345 -0.4696741 0.1183341 3.216026 -0.4696741 0.1183341 3.216026 -0.394937 0.3025183 2.897066 -0.394937 0.3025183 2.897066 -0.394937 0.3025183 2.897066 -0.394937 0.3025183 2.897066 0.4432092 0.02788639 3.213983 0.4432092 0.02788639 3.213983 0.4432092 0.02788639 3.213983 0.3779657 -0.1960437 2.885514 0.3779657 -0.1960437 2.885514 0.3779657 -0.1960437 2.885514 0.3779657 -0.1960437 2.885514 0.4432092 0.1226123 3.213983 0.4432092 0.1226123 3.213983 0.3653439 0.2998415 2.904748 0.3653439 0.2998415 2.904748 0.3653439 0.2998415 2.904748 0.3653439 0.2998415 2.904748 0.9768107 0.129276 3.18586 0.9768107 0.129276 3.18586 0.5366345 0.1230349 3.302834 0.9234169 0.1722082 3.125046 0.9234169 0.1722082 3.125046 1.147065 0.2191772 3.099578 0.5304341 -0.04742085 3.278065 1.06305 -0.002001047 3.272302 1.06305 -0.002001047 3.272302 1.001839 -0.002000987 3.027791 1.001839 -0.002000987 3.027791 1.047517 -0.1106082 3.126115 1.047517 -0.1106082 3.126115 1.15397 -0.06076478 2.997434 1.18261 -0.07015001 3.112318 1.213946 0.003060221 3.24318 1.180437 0.1735406 3.098384 1.708319 0.01647073 3.141722 1.826883 -0.1231874 3.084533 1.831685 0.05287319 3.057686 1.666394 0.09795004 3.014466 1.68185 -0.1209571 3.050448 1.81508 0.03427326 2.998177 1.822087 -0.1246849 3.029652 1.579491 0.09010696 3.011575 1.579491 0.09010696 3.011575 1.620092 0.008627653 3.133547 1.620092 0.008627653 3.133547 1.591869 -0.1288002 3.035267 1.591869 -0.1288002 3.035267 -0.9777649 0.1715239 3.112029 -0.9777649 0.1715239 3.112029 -1.166822 0.2191876 3.115157 -1.006752 0.129276 3.167249 -1.006752 0.129276 3.167249 -0.5676084 0.1226564 3.291495 -0.562352 -0.04727494 3.266586 -1.040273 -0.002000987 3.022241 -1.040273 -0.002000987 3.022241 -1.093346 -0.002001047 3.274419 -1.093346 -0.002001047 3.274419 -1.077529 -0.1106141 3.129229 -1.077529 -0.1106141 3.129229 -1.216065 0.1778918 3.111386 -1.190964 -0.05564445 2.996511 -1.216607 -0.06936937 3.120472 -1.245356 0.002426326 3.248387 -1.236744 -0.05466055 3.20827 -1.732661 0.01647293 3.177151 -1.85912 0.05288529 3.097834 -1.853303 -0.1231992 3.124479 -1.695585 0.09796047 3.048382 -1.709668 -0.1209689 3.084927 -1.850003 -0.1246977 3.069581 -1.844783 0.03428381 3.03774 -1.60896 0.09011739 3.04271 -1.60896 0.09011739 3.04271 -1.620379 -0.128812 3.066601 -1.620379 -0.128812 3.066601 -1.644649 0.008629858 3.164885 -1.644649 0.008629858 3.164885 -0.5922058 -0.2437275 1.343751 -0.5922058 -0.2437275 1.343751 -0.5915612 0.3025805 1.344304 -0.5915612 0.3025805 1.344304 -0.2516266 0.4012216 1.297689 0.5948043 -0.2437224 1.343783 0.3040361 -0.3942592 1.309998 0.5954486 0.3025882 1.344336 0.5954486 0.3025882 1.344336 0.2556936 0.4012272 1.297721 0.5838171 -0.2494108 1.342507 0.5838171 -0.2494108 1.342507 -0.3047774 -0.3947762 1.309959 0.290083 0.1203916 0.2551726 0.2955149 0.1485051 0.005463004 0.1622728 0.1465211 0.00546801 0.1980972 0.1201271 0.2551726 0.3446934 0.04804354 0.2551726 0.1719268 -0.09070795 0.2339369 0.178082 -0.04399979 0.2494975 0.1516129 0.04777973 0.2551726 0.3738389 -0.2415959 0.002115845 0.3199489 -0.08381897 0.234286 0.3660299 -0.278044 0.1156349 0.3097444 -0.04122167 0.2499912 0.3646749 -0.303898 0.002100825 0.1434498 -0.279384 0.002098858 0.1501278 -0.284402 0.1156319 0.3646749 -0.373922 0.01254385 0.3660299 -0.363802 0.05174386 0.1690348 -0.466828 0.0544508 0.2184748 -0.478198 0.009832799 0.1547198 -0.4403361 0.001168847 -0.3104513 0.1486571 0.2557168 -0.3003378 0.1485051 0.005463063 -0.1670958 0.1465211 0.00546807 -0.1861882 0.1482998 0.2557168 -0.3842244 0.05092239 0.2557168 -0.1767498 -0.09070795 0.233937 -0.1591497 -0.07695519 0.2480505 -0.1233927 0.05056601 0.2557168 -0.3786619 -0.2415959 0.002115964 -0.3247718 -0.08381897 0.2342861 -0.3708529 -0.278044 0.1156349 -0.3370119 -0.07320219 0.2487173 -0.3694978 -0.303898 0.002100944 -0.1482728 -0.279384 0.002098917 -0.1549508 -0.284402 0.1156319 -0.3694978 -0.373922 0.01254391 -0.3708529 -0.363802 0.05174392 -0.1738578 -0.466828 0.05445092 -0.2232978 -0.478198 0.009832918 -0.1595427 -0.4403361 0.001168966 0.4045215 -0.316067 2.173471 0.4045215 -0.316067 2.173471 0.4045215 -0.316067 2.173471 0.4045215 -0.316067 2.173471 -0.2170964 0.1422637 3.240602 0.2068881 0.1431903 3.238317 -0.02243888 -0.3679626 2.886958 -0.02243888 -0.3679626 2.886958 -0.02243888 -0.3679626 2.886958 0.001017093 -0.1729071 3.268698 0.001017093 -0.1729071 3.268698 0.4476837 0.001962065 1.252539 0.4476837 0.001962065 1.252539 0.3943449 0.161774 1.832953 0.04524976 0.0016433 1.232718 0.04524976 0.0016433 1.232718 0.0323807 0.1614313 1.817913 0.2327533 -0.2225432 1.811297 0.248162 0.111393 1.27145 0.248162 0.111393 1.27145 0.2397299 -0.2476036 1.078211 0.2413823 -0.186621 0.2498072 0.3476607 -0.06367284 0.2497766 0.236785 -0.2532688 1.298222 0.236785 -0.2532688 1.298222 0.4238495 0.1576384 0.2497549 0.3571878 0.1933951 0.2610933 0.1712813 -0.1500077 0.2498143 0.09583371 0.1546904 0.2498496 -0.4256047 0.003482043 1.248339 -0.4256047 0.003482043 1.248339 -0.3943767 0.1711317 1.83284 -0.04064673 0.003147363 1.228546 -0.04064673 0.003147363 1.228546 -0.04696041 0.209053 1.828691 -0.2307813 -0.2338632 1.811186 -0.2360191 0.1228075 1.266335 -0.2360191 0.1228075 1.266335 -0.2274532 -0.2575259 1.073095 -0.2379575 -0.1956186 0.249827 -0.1680428 -0.1556016 0.2498202 -0.4205083 0.1690455 0.2498796 -0.344705 -0.06071507 0.2498579 -0.2121686 -0.265196 1.294021 -0.2121686 -0.265196 1.294021 -0.08834117 0.165901 0.2497838 -0.3551141 0.2090898 0.262459 -1.750035 -2.080616 3.14028 -1.738085 -2.080235 3.084214 -1.741242 1.835028 3.085045 -1.753191 1.834646 3.14111 -1.828104 -2.081003 3.092384 -1.831261 1.834259 3.093214</float_array>
          <technique_common>
            <accessor source="#clipeus_001-mesh-positions-array" count="524" stride="3">
              <param name="X" type="float"/>
              <param name="Y" type="float"/>
              <param name="Z" type="float"/>
            </accessor>
          </technique_common>
        </source>
        <source id="clipeus_001-mesh-normals">
          <float_array id="clipeus_001-mesh-normals-array" count="1770">-0.02907103 -0.1618364 -0.9863893 -0.394614 -0.01728332 -0.9186844 -0.112922 -0.1624153 -0.9802397 0.2205644 -0.02910244 -0.9749382 -0.3939819 0.05504608 -0.9174684 -0.3717715 0.005168914 -0.9283099 0.2204312 0.004419267 -0.9753925 0.1932023 0.05846011 -0.9794158 -0.3717635 0.03119552 -0.9278033 0.1926358 0.08560258 -0.9775294 0.1367365 0.1287983 0.9821987 0.3392196 0.0476585 0.9394992 0.00606215 0.1280865 0.9917446 -0.1579871 0.06192201 0.9854977 0.3398937 0.003549158 0.9404572 0.3398944 0.003549575 0.940457 -0.1578374 -0.003550171 0.9874588 -0.1578357 -0.003551602 0.9874591 0.3371575 -0.1478127 0.9297721 0.2699607 -0.2311919 0.934704 -0.1533342 -0.1988785 0.9679546 -0.1258568 -0.231929 0.9645565 -0.08720862 0.9961413 0.009863734 -0.995471 -0.01420122 0.09399998 -0.9954705 -0.01420062 0.09400433 0.9939011 -0.01789683 0.1088142 0.9954705 0.01419955 -0.09400534 0.9143115 -0.3957021 -0.08633983 -0.9867518 0.1328105 0.09317922 0.9862229 0.1376268 0.09177786 -0.9085426 -0.4088893 0.08579087 0.07152992 0.9974057 -0.00809127 0.07033598 -0.3912983 0.9175722 0.07215344 0.08859091 0.9934514 0.9637389 0.169032 0.206484 0.9634181 0.1694134 0.2076648 -0.09816533 0.06066507 -0.9933193 -7.73042e-4 0.1056492 -0.9944032 -0.5258615 0.1332668 0.8400654 -0.4316233 0.07820653 0.8986574 0.9150832 -0.3536686 0.193756 0.9149734 -0.3545823 0.1926013 1.34852e-4 -0.04690456 -0.9988995 -0.08594864 -0.2322394 -0.9688539 -0.3724112 -0.5039326 0.7793342 -0.4858136 -0.3637139 0.7947941 0.008782982 -0.9999445 -0.00584346 0.9708831 -0.1222205 0.2060296 0.9707026 -0.1221287 0.2069327 -0.5291846 -0.05224967 0.8468965 -0.5222563 -0.05352246 0.8511073 -0.09744268 -0.03580826 -0.9945968 -0.09047102 -0.03480076 -0.9952909 0.124617 0.9834173 0.1317614 0.1246141 0.9834177 0.1317617 -0.8484195 -0.5283307 0.03242295 -0.8484184 -0.5283325 0.03242313 0.4289574 0.2508102 0.8678075 -0.9202049 -0.3905148 0.02685225 -0.9202049 -0.390515 0.02685272 0.9863814 -0.1052238 0.1264115 0.9863806 -0.1052293 0.1264126 -0.5183423 0.09330719 0.8500677 -0.1222079 0.9857125 0.1159144 -0.1222151 0.9857117 0.1159138 -0.0179767 -0.5199348 0.8540169 -0.8246077 0.5622112 0.0627765 -0.8246121 0.5622046 0.06277656 -0.4566043 0.2148274 0.8633434 -0.1183435 0.4219642 0.8988555 -0.8881062 0.4564368 0.05415761 -0.8881062 0.4564367 0.05415678 0.8405759 0.5178306 0.1590086 0.8405761 0.5178303 0.159009 -0.817822 0.4171156 0.3964617 -0.7394233 0.5089105 0.4407531 -0.4024502 0.2697629 0.8747926 -0.7631165 -0.6451538 0.03781616 -0.7631115 -0.6451596 0.03781658 0.4742872 -0.146232 0.8681405 0.5799108 -0.8040183 0.1313701 0.5799124 -0.8040172 0.1313695 1.62004e-4 -2.9342e-4 1 0.8842832 0.4382461 0.1611948 0.8842844 0.4382432 0.1611954 -0.2556295 0.9603124 0.1115953 -0.255629 0.9603128 0.1115942 0 0 1 -0.5381417 -0.2167746 0.8145013 -1.07991e-5 0 1 -0.9816526 0.186165 0.04124039 -0.9816526 0.1861655 0.04124021 0.6225847 -0.002349615 0.7825489 -0.9038318 -0.4270252 0.02716183 -0.9038326 -0.4270234 0.02716201 -0.05809742 0.4451773 0.8935558 -2.72433e-4 -0.483617 0.8752797 -0.9847338 -0.173052 0.01876968 -0.9847331 -0.1730563 0.01876926 0.3242394 0.935076 0.143184 0.3242384 0.9350767 0.1431823 0.4501 0.2117429 0.8675108 0.9530873 0.2545562 0.1637859 0.9530878 0.2545549 0.163785 0.1382476 0.4126452 0.9003397 0.9653576 -0.2060886 -0.1600385 0.9244525 -0.1451577 -0.3525859 0.9200587 -0.3888056 -0.04818999 0.9679262 -0.2050703 -0.145138 -0.967872 -0.2052497 -0.1452453 -0.9110934 -0.4106173 -0.0360862 -0.9265187 -0.1476258 -0.3460779 -0.9429827 -0.1668074 -0.288026 0.3809026 -0.8976099 -0.2218328 0.5918074 -0.7050781 -0.3906773 0.01511937 -0.9149137 -0.4033662 -0.4880385 -0.2885034 0.8237623 -0.4357953 -0.3497441 0.829314 0.7252965 0.6700298 0.15813 -0.7545892 0.639769 0.1459142 0.1432092 -0.9636746 0.2254381 0.121225 -0.9537731 0.2749933 -0.007486164 -0.7676256 -0.6408548 -0.642231 -0.7663382 -0.0162813 -0.07717776 -0.8409672 -0.5355538 -0.3526121 -0.8560903 -0.3778545 0.02545315 -0.7725288 -0.6344695 -0.6301492 -0.7599644 -0.1592679 0.5075129 -0.7461295 0.430954 0.9496048 -0.3132216 -0.01196312 -0.4163081 -0.7896828 0.4506537 -0.9403473 -0.3314717 -0.07663905 0.5343103 -0.6262267 -0.5677611 0.1153603 -0.9908125 0.07058751 2.17625e-5 -0.986509 -0.1637073 -0.1241972 -0.9628929 0.2396087 0.05004554 -0.02044427 -0.9985377 0.05963677 -0.02044165 -0.9980109 0.1704389 -0.7564151 -0.6314957 9.96958e-5 -2.27714e-5 -1 0.4782888 0.1903628 0.8573225 0.8217085 0.5688627 -0.03450429 1.22873e-4 0.1211899 -0.9926294 8.04155e-5 0.7787436 -0.6273425 1.06869e-4 0.1211751 -0.9926312 -0.8452695 0.5325806 -0.04333043 -1.5821e-6 0.9999071 0.0136401 -1.98921e-6 0.9999071 0.01363962 0.05889075 0.4411279 0.89551 0.6627122 -0.06711262 0.745861 -0.5303792 -0.2378466 0.8137118 0.2993007 -0.3939186 0.8690497 -0.1365456 0.4295666 0.8926522 0.6596389 0.1946045 0.7259516 0.6601106 0.199355 0.7242318 0.6326571 0.2955665 0.7158111 0.633058 0.300296 0.7134844 0.5023257 0.4918544 0.7111598 0.5034127 0.4884127 0.7127614 0.284504 0.6376838 0.7158331 0.2831641 0.6392186 0.7149949 -6.65483e-6 0.6979435 0.7161529 -3.39426e-6 0.6979401 0.7161563 -0.2872886 0.6440022 0.7090321 -0.2852517 0.6438986 0.709948 -0.5121385 0.497034 0.7004794 -0.5121399 0.4970313 0.7004803 -0.5087512 0.4981442 0.7021571 -0.6466047 0.3022744 0.7003803 -0.6430878 0.30505 0.7024121 -0.6741886 0.1990878 0.7112199 -0.6723592 0.203056 0.7118297 -0.6754379 -0.1024846 0.7302606 -0.6739455 -0.09763693 0.7323008 -0.5985233 -0.2886717 0.7472876 -0.5988575 -0.2840697 0.7487818 -0.4519314 -0.4474122 0.7717385 -0.4535443 -0.4440923 0.7727093 -0.2442693 -0.5564297 0.7941779 -0.2458577 -0.5549666 0.7947115 0 -0.593885 0.8045499 -5.52902e-6 -0.5938851 0.8045499 0.2419796 -0.551316 0.7984338 0.2442911 -0.5514619 0.7976288 0.4443683 -0.4400714 0.7803037 0.4483858 -0.439046 0.7785812 0.5856934 -0.2826603 0.759649 0.5900896 -0.2799134 0.75726 0.6594418 -0.1002674 0.7450389 0.6629698 -0.09604555 0.7424597 1.59271e-5 4.62731e-6 1 -2.03904e-6 1.2081e-5 1 -9.83045e-6 -4.90806e-7 1 -1.59272e-5 1.3882e-5 1 -1.59273e-5 0 1 -4.36908e-6 1.67437e-6 1 -1.61475e-6 -3.79549e-7 1 1.26943e-4 0 1 -2.38908e-5 -1.3882e-5 1 -1.00902e-5 -2.57793e-6 1 -1.42241e-6 3.34339e-7 1 0 -1.20811e-5 1 -5.11957e-6 2.30044e-7 1 -1.18107e-5 0 1 3.18544e-5 -4.62733e-6 1 1.23207e-6 0.006351888 -0.9999799 1.36055e-5 0.006349682 -0.9999799 -6.80276e-5 0.006334245 -0.99998 2.23932e-5 0.006353378 -0.9999799 -5.42211e-5 0.006369411 -0.9999798 -3.0016e-5 0.006377577 -0.9999797 2.24001e-5 0.006323456 -0.9999801 1.02041e-5 0.006382048 -0.9999797 4.28319e-6 0.006353855 -0.9999799 4.00315e-6 0.006353497 -0.9999799 4.08168e-5 0.006361126 -0.9999799 -3.6779e-5 0.006349682 -0.9999799 7.5668e-6 0.006349682 -0.9999799 6.68285e-6 0.00634855 -0.9999799 6.20715e-6 0.00634551 -0.9999799 -3.73221e-6 0.006354987 -0.9999798 0 0.006360411 -0.9999798 0.5369321 0.2661018 0.8005585 0.5443158 0.2560764 0.7988399 0.1235755 0.5372847 0.8342986 0.1295069 0.5342985 0.8353163 -0.4992536 0.2486092 0.8300237 -0.5066181 0.2395882 0.8282123 0.7447419 -0.07945561 0.6626058 0.7430228 -0.07526558 0.6650205 0.1840052 0.5306509 0.8273764 0.1933532 0.5290164 0.8262907 0.4745469 -0.4046741 0.7816933 0.4914034 -0.3977895 0.7747815 -0.448149 0.3148652 0.8366735 -0.4596406 0.3062633 0.8336266 -0.5487737 -0.2328883 0.8028765 -0.5494254 -0.2213256 0.8056965 0.5393159 -0.1751766 0.8236817 0.5428153 -0.1673537 0.8230093 -0.1384917 0.5202606 0.8427034 -0.1455142 0.5189703 0.8423156 -0.1594163 0.5280569 0.8341117 -0.1677226 0.5273281 0.8329432 0.5055899 -0.2547209 0.8243157 0.5137749 -0.2457108 0.8219863 -0.5398561 -0.2550597 0.8021845 -0.5441505 -0.2440302 0.8027138 0.8434128 -0.4887105 0.2231977 0.8605127 -0.4732339 0.1885936 0.07019215 0.5539104 0.8296123 0.07389295 0.5540507 0.8291971 0.5676389 0.2380117 0.7881222 0.5674807 0.2258605 0.7918035 -0.06852 0.5523912 0.8307641 -0.07213544 0.5526679 0.830274 0.221953 0.965004 0.1396577 0.2219532 0.9650039 0.1396574 -0.6023085 -0.100466 0.7919161 0.4357279 -0.3527432 0.8280782 0.299906 0.9428099 0.1454856 0.2999054 0.9428099 0.1454868 0.8824964 -0.4446011 0.1533953 0.8824991 -0.4445963 0.1533938 0.8398806 -0.4621226 0.2846813 0.153288 0.4196536 0.8946473 -0.2874107 0.9519581 0.1056932 -0.2874096 0.9519581 0.1056951 0.8633578 -0.5003033 0.06565064 0.8633566 -0.5003055 0.06565129 -5.16143e-4 -0.9953302 0.09652709 -5.1652e-4 -0.9953302 0.09652775 -0.1124653 0.4239389 0.8986809 0.9907252 -0.003938019 0.1358239 0.990725 -0.003936052 0.1358256 -0.2426134 0.9636092 0.1122332 -0.2426084 0.9636102 0.1122344 0.9106447 0.3818304 0.1578984 0.9106438 0.3818322 0.1578997 0.9389555 -0.304984 0.1592086 0.9389562 -0.3049824 0.1592079 0.7546623 -0.6435285 0.1278901 0.7546627 -0.6435282 0.1278898 0.484475 0.1228241 0.86614 -0.5285431 -0.8463677 0.06560331 -0.5285445 -0.846367 0.06560438 -0.03291493 -0.9958425 0.08493804 -0.03291583 -0.9958424 0.08493858 -0.2703142 -0.4108176 0.8707234 0.4503342 -0.2153713 0.8664956 0.1032953 0.4263095 0.8986604 0.5717831 0.1527131 0.8060663 0.5716487 0.1449275 0.8075975 0.711238 -0.002824008 0.7029457 0.7109928 -0.002684593 0.7031942 0.1659951 0.5218383 0.8367379 0.1737202 0.5185024 0.8372436 -0.0185759 -0.5617545 0.8270955 -0.01946365 -0.5619084 0.8269705 -0.1316938 0.5229218 0.8421458 -0.137997 0.5204498 0.8426677 0.5124229 0.3156852 0.7986024 0.5207972 0.30447 0.7975389 0.3226464 -0.4473361 0.8341402 0.33609 -0.4422858 0.8315209 -0.5542394 0.1051074 0.8256943 -0.5561894 0.100126 0.825002 -0.4419806 -0.3736838 0.8154837 -0.4554147 -0.3654708 0.8118059 -0.2769943 -0.4435947 0.8523486 -0.288004 -0.4376989 0.8517473 -0.496596 -0.3092379 0.8110268 -0.5035752 -0.2976614 0.8110547 -0.6186638 -0.1087251 0.7780964 -0.621001 -0.1036001 0.776933 -2.85285e-4 -0.5287868 0.8487548 -3.017e-4 -0.5287858 0.8487553 0.4951686 -0.862349 0.1056518 -7.94994e-4 0.9497708 0.3129455 3.19001e-4 0.9503157 0.3112877 0.6586896 -0.7265011 -0.195766 -0.6592933 -0.723671 -0.204041 -4.42606e-6 -0.9633976 0.2680767 2.89493e-4 -0.9632654 0.2685517 0.9764896 -0.01894813 0.2147307 0.9713488 -0.009664416 0.2374619 -0.9754078 -0.009461939 0.2202045 -0.9796255 -0.01765346 0.2000555 -0.2518608 0.9621011 0.1045356 0.2697749 0.9562099 0.1135087 -0.5133137 -0.8515754 0.1064358 -0.599591 -0.7520695 0.2736461 -1.22024e-5 0.9998729 0.01594841 -5.7746e-5 0.9998736 0.01589787 0.9712411 -0.001248657 0.2380951 0.9625788 -0.02382075 0.2699529 -0.9751178 8.09907e-4 0.2216862 -0.9805991 -0.01723068 0.1952651 -0.3059723 0.9497492 0.06601166 -0.2537155 0.9624918 0.09611546 0.293692 0.9512411 0.09426313 0.2790563 0.9574568 0.07351344 8.51782e-4 -0.9968612 -0.07916486 4.05666e-6 -0.9969645 -0.07785773 0.5927026 -0.7499036 0.2938508 0.4394261 -0.8544464 0.2771751 0.09373229 0.4306951 -0.8976169 0.07738113 0.5993689 0.796724 0.5408622 -0.1055871 0.8344576 0.6949645 -0.5302137 0.4856933 0.6103883 0 0.7921023 0.4364014 0.7311097 0.5244355 -0.05965626 -0.8024194 0.5937712 0.01904028 -0.9331812 0.3589017 -0.3316396 -0.601857 -0.7264871 -0.2004106 0.02209585 -0.9794628 -0.3957248 0.5304595 -0.7496764 0.002235233 -0.1449648 0.9894344 0.192271 0.6246686 0.7568495 -0.1881777 0.4128021 -0.8911698 0.09469807 0.590127 0.8017371 -0.6379781 -0.08795839 0.7650146 -0.7488793 -0.4688355 0.4683728 -0.6891466 0 0.724622 -0.4995772 0.6913259 0.5220069 0.07496374 -0.8042522 0.5895414 -0.009172856 -0.9339911 0.3571788 0.3440958 -0.5464982 -0.7635036 0.2093409 0.04321938 -0.9768872 0.4105483 0.5783624 -0.7049447 0.02303355 -0.1445829 0.9892246 -0.5044299 0.1128734 0.8560433 -0.0786879 0.8524793 0.516805 0.1117453 -0.1986792 -0.9736734 -0.9735567 -0.01370638 -0.2280343 0.142883 -0.1718933 -0.9746985 0.2351129 -0.5141462 0.8248488 0.02341508 -0.9993142 0.02868574 -0.3461095 0.8697394 -0.3517979 -0.997391 -0.04185014 -0.05882114 0.5364199 0.1129018 0.8363654 0.09822154 0.8524742 0.5134591 -0.1489357 -0.1983799 -0.9687433 0.9639714 -0.01014095 -0.2658126 -0.1797243 -0.171899 -0.9685814 -0.2037107 -0.5141235 0.8331741 -0.02223229 -0.999326 0.02921169 0.3325406 0.8697465 -0.3646339 0.9954902 -0.04025071 -0.08590203 -0.09297132 0.8243271 0.5584275 -0.125296 0.8052111 0.5796001 0.1770353 -0.1474522 -0.9730963 0.04253607 -0.1051239 -0.9935491 -0.07885038 -0.1591987 -0.9840927 -0.2081596 -0.09536731 -0.9734345 -0.02858084 -0.5492042 0.8351994 -0.08868765 -0.5672902 0.8187286 0.1237565 -0.5385519 0.8334544 0.06280028 -0.5731661 0.8170293 0.1505901 0.8152143 0.5592392 0.1110348 0.8115097 0.5736927 -0.1439515 0.820964 0.552536 -0.06193488 0.9180766 0.391535 0.1942326 0.7272269 0.6583425 -0.09121221 0.7740439 0.6265274 -0.1867818 0.6922575 0.6970596 0.1206194 0.857783 0.4996592 0.059255 0.9215183 0.3837878 -0.2147714 0.4123989 -0.885325 0.1962045 -0.1164794 -0.9736203 -0.1497212 -0.9877766 -0.04337078 0.1552543 -0.9848747 -0.07692921 -0.11434 0.6231697 0.7736833 -0.4235844 0.43242 0.7959833 0.7284231 0.5210373 0.444882 0.1360459 0.5771474 0.8052282 -0.02908807 0.3982848 -0.9168005 0.2069 0.1764804 -0.9623135 -0.2680116 -0.7852217 0.5582085 0.2476962 -0.9446645 0.2150712 -0.1535587 -0.5835478 0.7974281 0.1390293 -0.8019332 0.5810114 0.2998406 -0.8613535 0.4100801 -0.1517785 -0.6667138 -0.7296958 0.3402709 -0.9397249 -0.03365838 0.06964802 -0.1034447 -0.9921938 -0.1130341 0.4038887 -0.9077981 0.2772647 0.8390086 0.4681763 0.1880584 0.6570193 0.730041 -0.358038 -0.9336167 0.01298445 0.1140536 -0.6399732 -0.7598856 0.1358654 -0.8781269 0.4587305 0.067083 -0.5894662 0.8050029 0.01617908 0.3950955 -0.9184976 -0.2697073 0.4015315 -0.8752317 -0.09822815 0.8409152 0.5321776 -0.2674667 0.6203389 0.7373203 0.11808 -0.974588 0.1903561 -0.1796343 -0.5836097 0.7919162 -0.1736479 -0.5929408 0.7863 8.4634e-4 -0.9993227 0.0367906 8.46286e-4 -0.9993227 0.03679049 0.4722304 -0.8751117 0.1057267 0.4476598 -0.8880906 0.1043841 0.9890558 -0.001180112 0.1475375 0.9889962 -0.001315951 0.1479355 -0.5068313 -0.8497573 0.1450332 -0.4619722 -0.8863061 0.03229922 -0.3369573 0.922428 -0.1886439 -0.2925013 0.9477156 -0.1275862 -0.9777099 8.23975e-4 0.2099589 -0.9776433 9.40808e-4 0.2102682 0.5062909 -0.862115 0.02066957 0.447887 -0.8881689 0.1027293 1.61424e-6 0.9796335 -0.200794 1.66377e-6 0.9796336 -0.2007937 0.3244076 0.9355642 -0.1395685 0.2982079 0.9338638 -0.1974092 -0.01479142 0.993649 0.111548 -0.002859354 0.994413 0.1055207 0.7952659 0.6002893 0.08488279 -0.531042 -0.2040054 0.822421 -0.9870219 -0.1304115 -0.09370511 0.9762528 0.1952046 0.09394586 0.979955 0.1599472 0.1187657 0.9590456 -0.1410616 -0.2456279 0.4308703 -0.2195013 0.8753114 8.81254e-4 0.007871389 -0.9999687 -1.47839e-4 0.007408976 -0.9999726 -0.02396559 0.003765881 -0.9997057 -0.9939077 0.05275142 0.09677171 -0.9972108 0.04359269 0.06058257 0.989129 -0.1454962 0.02132725 0.01537328 -0.5224442 0.852535 0.02206188 -0.5173718 0.8554764 0.4555668 -0.8656265 0.2077255 0.4364039 -0.6285963 0.6437533 0.1685887 -0.2976672 0.939666 0.01757985 -0.5973465 0.8017906 -0.01633375 -0.1474834 -0.9889297 0.08197039 -0.08911925 -0.9926423 0.0511468 0.009351789 -0.9986474 0.9985789 0.03183966 -0.04273682 0.9999319 -0.001721143 -0.01154184 -0.9715305 -0.06933653 0.2265416 -0.9912975 -0.1205087 0.05298161 0.0137487 -0.3429953 0.9392366 0.003120481 -0.3164362 0.9486088 -0.828313 0.5322041 0.1750902 -0.4582037 -0.838829 -0.2939649 -0.01488852 -0.9998892 5.58547e-6 -0.002875387 -0.9999722 0.006888031 0.7977217 -0.6021439 0.03260403 -0.6871907 0.1499541 0.7108325 -0.9126193 0.3022448 0.2752709 0.9762527 -0.1952049 -0.09394592 0.9799551 -0.1599463 -0.1187661 0.857003 0.3130342 0.4093354 0.8242428 0.2859514 0.4887285 8.81369e-4 -0.007871329 0.9999687 -1.47896e-4 -0.007408857 0.9999727 -0.02396404 -0.003766 0.9997057 -0.9939078 -0.0527513 -0.09677159 -0.9972108 -0.04359281 -0.06058281 0.9891291 0.1454952 -0.02132719 0.0153734 0.5224442 -0.8525349 0.0220614 0.5173719 -0.8554763 0.4555667 0.8656266 -0.2077254 0.4364041 0.6285965 -0.6437529 0.1685887 0.2976673 -0.939666 0.01757991 0.5973466 -0.8017906 -0.01633358 0.1474829 0.9889298 0.08196997 0.08911859 0.9926424 0.05114668 -0.009351432 0.9986475 0.9985788 -0.03184241 0.04273778 0.9999319 0.001721858 0.01154214 -0.9715303 0.06933617 -0.2265424 -0.9912975 0.1205086 -0.05298191 0.03679645 0.8196013 -0.5717516 0.01230233 0.7084332 -0.7056707 -0.8397816 -0.5395727 -0.06023484 -0.4582039 0.8388286 0.2939658 -0.1286103 0.8715479 0.4731425 -0.9999595 -0.006656944 0.006065249 -0.999344 0.02312988 0.02787089 0.9992349 -0.007090687 0.03846192 0.9978837 0.02304053 0.06080722 3.13594e-4 0.9050984 0.4252021 -0.001085996 0.9060299 0.4232124 0.00317645 0.9994211 0.033876 3.21866e-5 0.9993053 0.03726935 -0.4152563 -0.8954034 0.1606707 -7.04679e-5 -0.9973622 -0.07258546 0.1244652 0.8740606 0.4696025 0.3894889 -0.9057282 0.1671972 -0.1042354 0.01651304 0.9944157 0.005163729 0.0923379 0.9957144 0.1024278 0 0.9947404 0.1129713 0.02189844 0.993357 -0.09684038 0 0.9953 0.3617067 -0.8390126 0.4064801 0.4142352 -0.7882291 0.4550871 -0.3769969 -0.8151924 0.4396985 -0.3919957 -0.7995231 0.4550849 0.4570731 0.8673786 -0.196821 -0.4240445 0.8712456 -0.2472197 -0.5059392 0.8359247 -0.2127336 0.460316 0.841183 -0.2837613 0.7557038 -0.6532549 -0.04658168 -0.7959477 -0.6047971 -0.02622717 0.7703277 -0.637619 -0.006107747 -0.8807398 -0.4614409 0.1066285 -0.8027352 -0.5956124 0.02936053 0.9011486 -0.3896117 0.1900897 0.7739809 -0.6316848 0.04391056 0.495481 -0.8656779 -0.07141828 0.8163055 -0.5774835 -0.01258695 -0.9481238 -0.3128028 -0.05670797 -0.8048632 -0.5928416 -0.02709555 0.8315153 -0.5501912 -0.07662898 -0.7852972 -0.6182461 0.03286594 0.9123401 -0.3842325 0.1414254 0.8477805 -0.5266613 0.06241953 -0.9127799 -0.3771023 0.1569292 -0.7837504 -0.6210045 0.009416818 0.1650311 0.9741988 0.153953 0.5238187 0.851758 0.01106464 0.4852514 0.8656998 0.1228614 0.4861675 0.865211 0.1226834 -0.5362132 0.8331804 0.1352248 -0.5369441 0.8326917 0.1353353 -0.7836684 -0.6200984 -0.03663051 -0.109145 0.987382 -0.1147357 0.002800345 0.9959298 -0.09008914 -0.461947 -0.8844462 -0.06602954 -0.7904352 -0.6125075 -0.006849467 0.9669386 -0.2397174 -0.08697968 -0.9670025 -0.2394336 -0.08705073 0.9430259 -0.3246541 -0.07281446 0.78027 -0.6243497 -0.03696364 -0.1510381 0.9779095 0.1445016 -0.4785448 0.8778442 0.01960819 0.9780301 7.44449e-4 0.2084624 0.9780313 7.444e-4 0.2084567 -0.09038752 1.38287e-4 -0.9959067 -0.09037691 1.38341e-4 -0.9959077 -0.5229321 -6.02411e-4 0.8523742 -0.5229353 -6.02379e-4 0.8523722 -0.008071839 0.9999546 0.005087852 6.54503e-5 0.7787568 -0.6273261</float_array>
          <technique_common>
            <accessor source="#clipeus_001-mesh-normals-array" count="590" stride="3">
              <param name="X" type="float"/>
              <param name="Y" type="float"/>
              <param name="Z" type="float"/>
            </accessor>
          </technique_common>
        </source>
        <source id="clipeus_001-mesh-map-0">
          <float_array id="clipeus_001-mesh-map-0-array" count="3546">0.34001 0.01873499 0.268473 0.211959 0.268487 0.01498997 0.268473 0.211959 0.34001 0.01873499 0.372792 0.209884 0.272194 0.213509 0.344222 0.02447998 0.27218 0.016541 0.344222 0.02447998 0.272194 0.213509 0.365093 0.216204 0.372792 0.209884 0.270304 0.263728 0.268473 0.211959 0.270304 0.263728 0.372792 0.209884 0.372957 0.260825 0.272194 0.213509 0.363262 0.267973 0.365093 0.216204 0.363262 0.267973 0.272194 0.213509 0.270364 0.265278 0.348049 0.320843 0.270304 0.263728 0.372957 0.260825 0.270364 0.265278 0.336182 0.326588 0.363262 0.267973 0.23804 0.001106977 0.123416 0.003313958 0.125055 0.205771 0.125055 0.205771 0.2473379 0.2086099 0.23804 0.001106977 0.127089 0.205229 0.122868 0.002771973 0.23594 0.003287971 0.23594 0.003287971 0.244846 0.209903 0.127089 0.205229 0.2473379 0.2086099 0.125055 0.205771 0.1263639 0.259006 0.1263639 0.259006 0.246645 0.262112 0.2473379 0.2086099 0.127089 0.205229 0.244846 0.209903 0.244559 0.26286 0.244559 0.26286 0.12578 0.258464 0.127089 0.205229 0.221854 0.341651 0.246645 0.262112 0.1263639 0.259006 0.1263639 0.259006 0.127543 0.375796 0.221854 0.341651 0.12578 0.258464 0.244559 0.26286 0.217848 0.342382 0.217848 0.342382 0.125861 0.376177 0.12578 0.258464 0.257639 0.007896959 0.331779 0.01525998 0.258746 0.007907986 0.358264 0.211235 0.358203 0.264195 0.358514 0.264198 0.358264 0.211235 0.358514 0.264198 0.358801 0.211241 0.36091 0.263447 0.362552 0.210312 0.361293 0.209948 0.36091 0.263447 0.361293 0.209948 0.360599 0.26345 0.334832 0.324435 0.36091 0.263447 0.360599 0.26345 0.331779 0.01525998 0.358264 0.211235 0.358801 0.211241 0.362552 0.210312 0.333879 0.01308 0.361293 0.209948 0.358203 0.264195 0.330826 0.325166 0.358514 0.264198 0.333879 0.01308 0.260401 0.008438944 0.259294 0.008449971 0.256951 0.314642 0.270364 0.265278 0.336182 0.326588 0.256951 0.314642 0.336182 0.326588 0.263809 0.370226 0.567456 0.799734 0.567593 0.799812 0.611723 0.786084 0.567456 0.799734 0.611723 0.786084 0.611689 0.786065 0.567593 0.799812 0.567317 0.754165 0.611654 0.774778 0.611654 0.774778 0.611723 0.786084 0.567593 0.799812 0.567317 0.754165 0.567456 0.799734 0.611689 0.786065 0.611689 0.786065 0.611654 0.774778 0.567317 0.754165 0.595824 0.854139 0.595305 0.81692 0.574652 0.822643 0.574652 0.822643 0.575105 0.852662 0.595824 0.854139 0.595305 0.81692 0.437378 0.835464 0.470155 0.839077 0.470155 0.839077 0.574652 0.822643 0.595305 0.81692 0.437378 0.835464 0.595824 0.854139 0.575105 0.852662 0.575105 0.852662 0.470155 0.839077 0.437378 0.835464 0.451454 0.779222 0.451456 0.779359 0.451455 0.779359 0.567593 0.799812 0.567456 0.799734 0.451455 0.779359 0.451455 0.779359 0.451456 0.779359 0.567593 0.799812 0.567456 0.799734 0.567317 0.754165 0.451454 0.779222 0.567456 0.799734 0.451454 0.779222 0.451455 0.779359 0.567317 0.754165 0.567593 0.799812 0.451456 0.779359 0.451456 0.779359 0.451454 0.779222 0.567317 0.754165 0.518618 0.833327 0.510991 0.833327 0.518887 0.900287 0.518618 0.833327 0.518887 0.900287 0.525947 0.900287 0.458898 0.833326 0.484571 0.833327 0.494429 0.900287 0.458898 0.833326 0.494429 0.900287 0.470663 0.900286 0.532279 0.997002 0.550868 0.982709 0.550259 0.982709 0.434565 0.833326 0.449758 0.833326 0.462202 0.900286 0.434565 0.833326 0.462202 0.900286 0.448138 0.900286 0.595331 0.833327 0.595587 0.833327 0.597198 0.900287 0.595331 0.833327 0.597198 0.900287 0.596961 0.900287 0.532279 0.997002 0.51106 0.982709 0.509397 0.982709 0.545685 0.833327 0.538731 0.833327 0.544566 0.900287 0.545685 0.833327 0.544566 0.900287 0.551003 0.900287 0.542417 0.982709 0.532279 0.997002 0.540212 0.982709 0.473109 0.833326 0.456089 0.833617 0.468063 0.900555 0.473109 0.833326 0.468063 0.900555 0.483819 0.900287 0.51106 0.982709 0.532279 0.997002 0.514867 0.982783 0.528822 0.982709 0.522559 0.982709 0.532279 0.997002 0.456089 0.833617 0.441108 0.833326 0.454195 0.900286 0.456089 0.833617 0.454195 0.900286 0.468063 0.900555 0.597727 0.833327 0.595331 0.833327 0.596961 0.900287 0.597727 0.833327 0.596961 0.900287 0.59918 0.900287 0.181854 0.792498 0.181825 0.792325 0.172964 0.792325 0.191954 0.792325 0.181825 0.792325 0.181854 0.792498 0.519193 0.982709 0.514867 0.982783 0.532279 0.997002 0.492382 0.833327 0.49925 0.833326 0.508018 0.900286 0.492382 0.833327 0.508018 0.900286 0.501659 0.900287 0.532279 0.997002 0.556011 0.982709 0.558107 0.982709 0.564477 0.833327 0.601355 0.833327 0.602538 0.900287 0.564477 0.833327 0.602538 0.900287 0.568399 0.900287 0.202241 0.792325 0.2032369 0.792325 0.20339 0.792326 0.595599 0.833327 0.583978 0.833327 0.586452 0.900287 0.595599 0.833327 0.586452 0.900287 0.59721 0.900287 0.510991 0.833327 0.486352 0.833327 0.496078 0.900287 0.510991 0.833327 0.496078 0.900287 0.518887 0.900287 0.241392 0.792326 0.242732 0.792326 0.2461709 0.792326 0.509397 0.982709 0.513258 0.982709 0.532279 0.997002 0.241392 0.792326 0.2461709 0.792326 0.241024 0.792326 0.441108 0.833326 0.434565 0.833326 0.448138 0.900286 0.441108 0.833326 0.448138 0.900286 0.454195 0.900286 0.532279 0.997002 0.550324 0.982709 0.550327 0.982709 0.449758 0.833326 0.457961 0.833326 0.469796 0.900286 0.449758 0.833326 0.469796 0.900286 0.462202 0.900286 0.532279 0.997002 0.53764 0.982709 0.535873 0.982709 0.532279 0.997002 0.525838 0.982709 0.538497 0.982709 0.457961 0.833326 0.458898 0.833326 0.470663 0.900286 0.457961 0.833326 0.470663 0.900286 0.469796 0.900286 0.538731 0.833327 0.529024 0.833327 0.53558 0.900287 0.538731 0.833327 0.53558 0.900287 0.544566 0.900287 0.532279 0.997002 0.550327 0.982709 0.547373 0.982709 0.626208 0.833327 0.624666 0.833327 0.624118 0.900287 0.626208 0.833327 0.624118 0.900287 0.625545 0.900287 0.532279 0.997002 0.543656 0.982709 0.53764 0.982709 0.275696 0.777535 0.263458 0.775778 0.260171 0.761709 0.105299 0.953378 0.224412 0.913033 0.23166 0.856802 0.105299 0.953378 0.23166 0.856802 0.223206 0.771987 0.223206 0.771987 0.05355495 0.785928 0.105299 0.953378 0.105301 0.953351 0.05355596 0.785905 0.2231799 0.771972 0.105301 0.953351 0.2231799 0.771972 0.230653 0.85071 0.105301 0.953351 0.230653 0.85071 0.2245 0.913536 0.105301 0.953351 0.2245 0.913536 0.228959 0.940409 0.301314 0.770098 0.37584 0.770104 0.369953 0.862896 0.301314 0.770098 0.369953 0.862896 0.313779 0.860686 0.301314 0.770098 0.313779 0.860686 0.301211 0.859932 0.532279 0.997002 0.515581 0.982709 0.522107 0.982709 0.525838 0.982709 0.532279 0.997002 0.524092 0.982709 0.105299 0.953378 0.05355495 0.785928 2.49e-4 0.859845 0.105301 0.953351 2.49e-4 0.859834 0.05355596 0.785905 0.391723 0.94688 0.300723 0.940348 0.315888 0.916889 0.315888 0.916889 0.383933 0.913544 0.391723 0.94688 0.225054 0.778911 0.186166 0.773589 0.225054 0.773021 0.232061 0.856632 0.287749 0.859255 0.281702 0.916813 0.232061 0.856632 0.281702 0.916813 0.216205 0.914062 0.2244819 0.770089 0.301314 0.770098 0.301211 0.859932 0.2244819 0.770089 0.301211 0.859932 0.287749 0.859255 0.2244819 0.770089 0.287749 0.859255 0.232061 0.856632 0.315888 0.916889 0.300723 0.940348 0.301179 0.860715 0.301179 0.860715 0.313779 0.860686 0.315888 0.916889 0.301179 0.860715 0.300723 0.940348 0.281702 0.916813 0.281702 0.916813 0.287749 0.859255 0.301179 0.860715 0.313779 0.860686 0.369953 0.862896 0.383933 0.913544 0.383933 0.913544 0.315888 0.916889 0.313779 0.860686 0.300723 0.940348 0.208576 0.941694 0.216205 0.914062 0.216205 0.914062 0.281702 0.916813 0.300723 0.940348 0.225246 0.739414 0.219578 0.738798 0.22526 0.739084 0.301179 0.860715 0.301211 0.859932 0.313779 0.860686 0.263458 0.775778 0.225054 0.778911 0.225054 0.773021 0.256755 0.701174 0.225304 0.701171 0.192879 0.701168 0.550868 0.982709 0.532279 0.997002 0.557715 0.982709 0.105299 0.953378 2.49e-4 0.859845 0.001501977 0.951678 0.256755 0.701174 0.192879 0.701168 0.179562 0.708223 0.05355596 0.785905 2.49e-4 0.859834 2.49e-4 0.859845 0.19293 0.786807 0.407371 0.78683 0.37584 0.770104 2.49e-4 0.859834 0.105301 0.953351 0.001501977 0.951667 0.001501977 0.951667 0.001501977 0.951678 2.49e-4 0.859845 2.49e-4 0.859845 2.49e-4 0.859834 0.001501977 0.951667 0.528822 0.982709 0.532279 0.997002 0.53076 0.982709 0.532279 0.997002 0.550259 0.982709 0.550324 0.982709 0.515343 0.982709 0.532279 0.997002 0.513258 0.982709 0.532279 0.997002 0.542417 0.982709 0.55179 0.982709 0.532279 0.997002 0.533405 0.982709 0.53076 0.982709 0.624482 0.769409 0.617801 0.76955 0.618529 0.804314 0.618529 0.804314 0.623758 0.804314 0.624482 0.769409 0.617801 0.76955 0.615617 0.766707 0.603472 0.804314 0.603472 0.804314 0.618529 0.804314 0.617801 0.76955 0.580404 0.804314 0.603472 0.804314 0.615617 0.766707 0.615617 0.766707 0.592004 0.765433 0.580404 0.804314 0.592004 0.765433 0.555852 0.765535 0.557966 0.802849 0.557966 0.802849 0.580404 0.804314 0.592004 0.765433 0.555852 0.765535 0.517379 0.765534 0.527852 0.802849 0.527852 0.802849 0.557966 0.802849 0.555852 0.765535 0.517379 0.765534 0.481226 0.765432 0.499554 0.802849 0.499554 0.802849 0.527852 0.802849 0.517379 0.765534 0.463325 0.765316 0.451754 0.765241 0.476486 0.802849 0.481226 0.765432 0.463325 0.765316 0.476486 0.802849 0.481226 0.765432 0.476486 0.802849 0.499554 0.802849 0.451754 0.765241 0.432517 0.764983 0.461429 0.802849 0.461429 0.802849 0.476486 0.802849 0.451754 0.765241 0.432517 0.764983 0.425836 0.764843 0.456199 0.802849 0.456199 0.802849 0.461429 0.802849 0.432517 0.764983 0.425836 0.764843 0.432517 0.76455 0.461429 0.802849 0.461429 0.802849 0.456199 0.802849 0.425836 0.764843 0.432517 0.76455 0.451754 0.764293 0.476486 0.802849 0.476486 0.802849 0.461429 0.802849 0.432517 0.76455 0.451754 0.764293 0.481226 0.764102 0.499554 0.802849 0.499554 0.802849 0.476486 0.802849 0.451754 0.764293 0.481226 0.764102 0.517379 0.764001 0.527852 0.802849 0.527852 0.802849 0.499554 0.802849 0.481226 0.764102 0.517379 0.764001 0.555852 0.764001 0.557966 0.802849 0.557966 0.802849 0.527852 0.802849 0.517379 0.764001 0.555852 0.764001 0.592004 0.764103 0.580404 0.804314 0.580404 0.804314 0.557966 0.802849 0.555852 0.764001 0.592004 0.764103 0.615617 0.765759 0.603472 0.804314 0.603472 0.804314 0.580404 0.804314 0.592004 0.764103 0.615617 0.765759 0.617801 0.769117 0.618529 0.804314 0.618529 0.804314 0.603472 0.804314 0.615617 0.765759 0.617801 0.769117 0.624482 0.769409 0.623758 0.804314 0.623758 0.804314 0.618529 0.804314 0.617801 0.769117 0.1718519 0.792749 0.168376 0.792749 0.1718519 0.792749 0.1718519 0.792749 0.181861 0.792749 0.197197 0.792749 0.197197 0.792749 0.216008 0.792749 0.236027 0.792749 0.1718519 0.792749 0.197197 0.792749 0.236027 0.792749 0.236027 0.792749 0.254838 0.792749 0.270173 0.792749 0.270173 0.792749 0.280182 0.792749 0.283659 0.792749 0.236027 0.792749 0.270173 0.792749 0.283659 0.792749 0.1718519 0.792749 0.236027 0.792749 0.283659 0.792749 0.283659 0.792749 0.280182 0.792749 0.270173 0.792749 0.270173 0.792749 0.254838 0.792749 0.236027 0.792749 0.283659 0.792749 0.270173 0.792749 0.236027 0.792749 0.1718519 0.792749 0.283659 0.792749 0.236027 0.792749 0.236027 0.792749 0.216008 0.792749 0.197197 0.792749 0.1718519 0.792749 0.236027 0.792749 0.197197 0.792749 0.1718519 0.792749 0.1718519 0.792749 0.197197 0.792749 0.181861 0.792749 0.1718519 0.792749 0.197197 0.792749 0.27071 0.764317 0.241927 0.764236 0.211296 0.764236 0.517379 0.764001 0.481226 0.764102 0.451754 0.764293 0.451754 0.764293 0.432517 0.76455 0.425836 0.764843 0.517379 0.764001 0.451754 0.764293 0.425836 0.764843 0.425836 0.764843 0.432517 0.764983 0.451754 0.765241 0.425836 0.764843 0.451754 0.765241 0.463325 0.765316 0.463325 0.765316 0.481226 0.765432 0.517379 0.765534 0.517379 0.765534 0.555852 0.765535 0.592004 0.765433 0.463325 0.765316 0.517379 0.765534 0.592004 0.765433 0.425836 0.764843 0.463325 0.765316 0.592004 0.765433 0.592004 0.765433 0.621476 0.765242 0.623661 0.768085 0.623661 0.768085 0.630342 0.767945 0.623661 0.767652 0.592004 0.765433 0.623661 0.768085 0.623661 0.767652 0.425836 0.764843 0.592004 0.765433 0.623661 0.767652 0.517379 0.764001 0.425836 0.764843 0.623661 0.767652 0.592004 0.764103 0.517379 0.764001 0.623661 0.767652 0.592004 0.764103 0.623661 0.767652 0.621476 0.764294 0.59721 0.900287 0.586452 0.900287 0.547373 0.982709 0.59721 0.900287 0.547373 0.982709 0.550327 0.982709 0.586452 0.900287 0.572914 0.900287 0.543656 0.982709 0.586452 0.900287 0.543656 0.982709 0.547373 0.982709 0.468063 0.900555 0.454195 0.900286 0.51106 0.982709 0.468063 0.900555 0.51106 0.982709 0.514867 0.982783 0.596961 0.900287 0.597198 0.900287 0.550324 0.982709 0.596961 0.900287 0.550324 0.982709 0.550259 0.982709 0.544566 0.900287 0.53558 0.900287 0.533405 0.982709 0.544566 0.900287 0.533405 0.982709 0.535873 0.982709 0.554124 0.900287 0.56037 0.900287 0.540212 0.982709 0.554124 0.900287 0.540212 0.982709 0.538497 0.982709 0.483819 0.900287 0.468063 0.900555 0.514867 0.982783 0.483819 0.900287 0.514867 0.982783 0.519193 0.982709 0.448138 0.900286 0.462202 0.900286 0.513258 0.982709 0.448138 0.900286 0.513258 0.982709 0.509397 0.982709 0.617912 0.900287 0.625545 0.900287 0.558107 0.982709 0.617912 0.900287 0.558107 0.982709 0.556011 0.982709 0.518887 0.900287 0.496078 0.900287 0.522559 0.982709 0.518887 0.900287 0.522559 0.982709 0.528822 0.982709 0.53558 0.900287 0.525947 0.900287 0.53076 0.982709 0.53558 0.900287 0.53076 0.982709 0.533405 0.982709 0.602538 0.900287 0.617912 0.900287 0.556011 0.982709 0.602538 0.900287 0.556011 0.982709 0.55179 0.982709 0.462202 0.900286 0.469796 0.900286 0.515343 0.982709 0.462202 0.900286 0.515343 0.982709 0.513258 0.982709 0.499867 0.900286 0.501659 0.900287 0.524092 0.982709 0.499867 0.900286 0.524092 0.982709 0.5236 0.982709 0.525947 0.900287 0.518887 0.900287 0.528822 0.982709 0.525947 0.900287 0.528822 0.982709 0.53076 0.982709 0.624118 0.900287 0.59918 0.900287 0.550868 0.982709 0.624118 0.900287 0.550868 0.982709 0.557715 0.982709 0.551003 0.900287 0.544566 0.900287 0.535873 0.982709 0.551003 0.900287 0.535873 0.982709 0.53764 0.982709 0.583978 0.833327 0.569354 0.833327 0.572914 0.900287 0.583978 0.833327 0.572914 0.900287 0.586452 0.900287 0.532279 0.997002 0.515343 0.982709 0.515581 0.982709 0.540212 0.982709 0.532279 0.997002 0.538497 0.982709 0.569354 0.833327 0.545685 0.833327 0.551003 0.900287 0.569354 0.833327 0.551003 0.900287 0.572914 0.900287 0.601355 0.833327 0.617963 0.833327 0.617912 0.900287 0.601355 0.833327 0.617912 0.900287 0.602538 0.900287 0.532279 0.997002 0.5236 0.982709 0.524092 0.982709 0.533405 0.982709 0.532279 0.997002 0.535873 0.982709 0.529024 0.833327 0.518618 0.833327 0.525947 0.900287 0.529024 0.833327 0.525947 0.900287 0.53558 0.900287 0.490446 0.833326 0.492382 0.833327 0.501659 0.900287 0.490446 0.833326 0.501659 0.900287 0.499867 0.900286 0.49925 0.833326 0.549056 0.833327 0.554124 0.900287 0.49925 0.833326 0.554124 0.900287 0.508018 0.900286 0.522559 0.982709 0.519193 0.982709 0.532279 0.997002 0.595587 0.833327 0.595599 0.833327 0.59721 0.900287 0.595587 0.833327 0.59721 0.900287 0.597198 0.900287 0.486352 0.833327 0.473109 0.833326 0.483819 0.900287 0.486352 0.833327 0.483819 0.900287 0.496078 0.900287 0.624666 0.833327 0.597727 0.833327 0.59918 0.900287 0.624666 0.833327 0.59918 0.900287 0.624118 0.900287 0.617963 0.833327 0.626208 0.833327 0.625545 0.900287 0.617963 0.833327 0.625545 0.900287 0.617912 0.900287 0.549056 0.833327 0.555803 0.833327 0.56037 0.900287 0.549056 0.833327 0.56037 0.900287 0.554124 0.900287 0.558107 0.982709 0.557715 0.982709 0.532279 0.997002 0.484571 0.833327 0.490446 0.833326 0.499867 0.900286 0.484571 0.833327 0.499867 0.900286 0.494429 0.900287 0.555803 0.833327 0.564477 0.833327 0.568399 0.900287 0.555803 0.833327 0.568399 0.900287 0.56037 0.900287 0.532279 0.997002 0.522107 0.982709 0.5236 0.982709 0.556011 0.982709 0.532279 0.997002 0.55179 0.982709 0.532279 0.997002 0.547373 0.982709 0.543656 0.982709 0.625545 0.900287 0.624118 0.900287 0.557715 0.982709 0.625545 0.900287 0.557715 0.982709 0.558107 0.982709 0.597198 0.900287 0.59721 0.900287 0.550327 0.982709 0.597198 0.900287 0.550327 0.982709 0.550324 0.982709 0.572914 0.900287 0.551003 0.900287 0.53764 0.982709 0.572914 0.900287 0.53764 0.982709 0.543656 0.982709 0.56037 0.900287 0.568399 0.900287 0.542417 0.982709 0.56037 0.900287 0.542417 0.982709 0.540212 0.982709 0.496078 0.900287 0.483819 0.900287 0.519193 0.982709 0.496078 0.900287 0.519193 0.982709 0.522559 0.982709 0.59918 0.900287 0.596961 0.900287 0.550259 0.982709 0.59918 0.900287 0.550259 0.982709 0.550868 0.982709 0.568399 0.900287 0.602538 0.900287 0.55179 0.982709 0.568399 0.900287 0.55179 0.982709 0.542417 0.982709 0.454195 0.900286 0.448138 0.900286 0.509397 0.982709 0.454195 0.900286 0.509397 0.982709 0.51106 0.982709 0.501659 0.900287 0.508018 0.900286 0.525838 0.982709 0.501659 0.900287 0.525838 0.982709 0.524092 0.982709 0.494429 0.900287 0.499867 0.900286 0.5236 0.982709 0.494429 0.900287 0.5236 0.982709 0.522107 0.982709 0.470663 0.900286 0.494429 0.900287 0.522107 0.982709 0.470663 0.900286 0.522107 0.982709 0.515581 0.982709 0.469796 0.900286 0.470663 0.900286 0.515581 0.982709 0.469796 0.900286 0.515581 0.982709 0.515343 0.982709 0.508018 0.900286 0.554124 0.900287 0.538497 0.982709 0.508018 0.900286 0.538497 0.982709 0.525838 0.982709 0.992365 0.438373 0.930136 0.4437046 0.942195 0.431725 0.656984 0.4482705 0.588102 0.4480996 0.723113 0.5017976 0.514776 0.5023496 0.723113 0.5017976 0.588102 0.4480996 0.930136 0.4437046 0.993985 0.4549315 0.988871 0.5030136 0.776553 0.4549245 0.840245 0.4437025 0.780751 0.5031365 0.780751 0.5031365 0.840245 0.4437025 0.930136 0.4437046 0.780751 0.5031365 0.930136 0.4437046 0.988871 0.5030136 0.531971 0.4500826 0.6181 0.4576826 0.508147 0.5000016 0.508147 0.5000016 0.6181 0.4576826 0.615927 0.5014945 0.615926 0.5016396 0.618099 0.4576765 0.508146 0.5001456 0.508146 0.5001456 0.618099 0.4576765 0.53197 0.4500775 0.588102 0.4480996 0.510788 0.4641085 0.514776 0.5023496 0.723113 0.5017976 0.72822 0.4641165 0.656984 0.4482705 0.840245 0.4437025 0.767876 0.438627 0.817689 0.431716 0.767876 0.438627 0.840245 0.4437025 0.776553 0.4549245 0.853866 0.4493295 0.932309 0.429214 0.828559 0.429207 0.932309 0.429214 0.853866 0.4493295 0.922748 0.4495005 0.6181 0.4576826 0.521662 0.413892 0.618441 0.413986 0.521662 0.413892 0.6181 0.4576826 0.531971 0.4500826 0.53197 0.4500775 0.618439 0.41398 0.521661 0.413887 0.618439 0.41398 0.53197 0.4500775 0.618099 0.4576765 0.776552 0.4653396 0.828559 0.429207 0.767999 0.43874 0.828559 0.429207 0.776552 0.4653396 0.853866 0.4493295 0.922748 0.4495005 0.994585 0.438747 0.932309 0.429214 0.994585 0.438747 0.922748 0.4495005 0.993985 0.4653465 0.817689 0.431716 0.942195 0.431725 0.930136 0.4437046 0.817689 0.431716 0.930136 0.4437046 0.840245 0.4437025 0.993985 0.4549315 0.930136 0.4437046 0.992365 0.438373 0.531971 0.4500826 0.520701 0.413677 0.521662 0.413892 0.950734 0.251966 0.981671 0.226745 0.944372 0.183275 0.888464 0.214405 0.929844 0.242947 0.944372 0.183275 0.690138 0.957851 0.696463 0.957854 0.753592 0.996839 0.753592 0.996839 0.696463 0.957854 0.778498 0.914815 0.690138 0.957851 0.753592 0.996839 0.753592 0.996839 0.753592 0.996839 0.781388 0.916981 0.690138 0.957851 0.666977 0.825602 0.713695 0.820966 0.696463 0.957854 0.696463 0.957854 0.713695 0.820966 0.778498 0.914815 0.778498 0.914815 0.713695 0.820966 0.749815 0.825602 0.778498 0.914815 0.749815 0.825602 0.781388 0.916981 0.749815 0.825602 0.732469 0.846493 0.781388 0.916981 0.690138 0.957851 0.666977 0.825602 0.696463 0.957854 0.710514 0.842271 0.689194 0.957873 0.663615 0.825602 0.94672 0.257856 0.946697 0.175733 0.978728 0.225405 0.887564 0.213335 0.946697 0.175733 0.922466 0.2410179 0.689194 0.957873 0.75312 0.996331 0.695537 0.957873 0.75312 0.996331 0.778557 0.914111 0.695537 0.957873 0.75312 0.996331 0.75312 0.996331 0.689194 0.957873 0.689194 0.957873 0.781692 0.91889 0.75312 0.996331 0.663615 0.825602 0.695537 0.957873 0.710413 0.819035 0.695537 0.957873 0.778557 0.914111 0.710413 0.819035 0.778557 0.914111 0.744639 0.825602 0.710413 0.819035 0.778557 0.914111 0.781692 0.91889 0.744639 0.825602 0.744639 0.825602 0.781692 0.91889 0.728391 0.85147 0.689194 0.957873 0.695537 0.957873 0.663615 0.825602 0.842766 0.948123 0.855248 0.996141 0.79489 0.992309 0.842766 0.948123 0.870699 0.944777 0.855248 0.996141 0.795654 0.946921 0.794376 0.995077 0.848872 0.995574 0.855248 0.996141 0.848872 0.995574 0.794376 0.995077 0.848872 0.995574 0.870699 0.944777 0.795654 0.946921 0.79489 0.992309 0.795654 0.946921 0.842766 0.948123 0.79489 0.992309 0.794376 0.995077 0.795654 0.946921 0.870699 0.944777 0.848872 0.995574 0.855248 0.996141 0.855248 0.996141 0.794376 0.995077 0.79489 0.992309 0.842766 0.952244 0.794894 0.996429 0.855244 1.00026 0.842766 0.952244 0.855244 1.00026 0.870695 0.948896 0.795658 0.95104 0.848868 0.999693 0.794381 0.999403 0.855244 1.00026 0.794381 0.999403 0.848868 0.999693 0.848868 0.999693 0.795658 0.95104 0.870695 0.948896 0.794894 0.996429 0.842766 0.952244 0.795658 0.95104 0.794894 0.996429 0.795658 0.95104 0.794381 0.999403 0.870695 0.948896 0.855244 1.00026 0.848868 0.999693 0.855244 1.00026 0.794894 0.996429 0.794381 0.999403 0.842766 0.952244 0.870695 0.948896 0.868006 0.92024 0.842766 0.952244 0.868006 0.92024 0.840077 0.923588 0.870695 0.948896 0.795658 0.95104 0.79297 0.922384 0.870695 0.948896 0.79297 0.922384 0.868006 0.92024 0.795654 0.946921 0.870699 0.944777 0.86801 0.916121 0.795654 0.946921 0.86801 0.916121 0.792966 0.918265 0.795658 0.95104 0.842766 0.952244 0.840077 0.923588 0.795658 0.95104 0.840077 0.923588 0.79297 0.922384 0.842766 0.948123 0.795654 0.946921 0.792966 0.918265 0.842766 0.948123 0.792966 0.918265 0.840078 0.919467 0.870699 0.944777 0.842766 0.948123 0.840078 0.919467 0.870699 0.944777 0.840078 0.919467 0.86801 0.916121 0.732469 0.846493 0.717561 0.842271 0.690138 0.957851 0.732469 0.846493 0.690138 0.957851 0.781388 0.916981 0.944372 0.183275 0.929844 0.242947 0.950734 0.251966 0.922466 0.2410179 0.946697 0.175733 0.94672 0.257856 0.690138 0.957851 0.717561 0.842271 0.666977 0.825602 0.689194 0.957873 0.710514 0.842271 0.728391 0.85147 0.689194 0.957873 0.728391 0.85147 0.781692 0.91889 0.944383 0.165257 0.986867 0.171214 0.949505 0.01693397 0.944383 0.165257 0.949505 0.01693397 0.958511 0.020428 0.983436 0.169003 0.951602 0.01183795 0.940608 0.163376 0.986867 0.171214 0.941063 0.165311 0.949505 0.01693397 0.944383 0.165257 0.893734 0.158386 0.888464 0.214405 0.944383 0.165257 0.888464 0.214405 0.944372 0.183275 0.891876 0.157433 0.945749 0.163587 0.946697 0.175733 0.891876 0.157433 0.946697 0.175733 0.887564 0.213335 0.945749 0.163587 0.983436 0.169003 0.978728 0.225405 0.945749 0.163587 0.978728 0.225405 0.946697 0.175733 0.941063 0.165311 0.94172 0.216148 0.888464 0.214405 0.941063 0.165311 0.888464 0.214405 0.908566 0.160411 0.893734 0.158386 0.908566 0.160411 0.888464 0.214405 0.891876 0.157433 0.887564 0.213335 0.941197 0.212916 0.891876 0.157433 0.941197 0.212916 0.940608 0.163376 0.981671 0.226745 0.94172 0.216148 0.941063 0.165311 0.981671 0.226745 0.941063 0.165311 0.986867 0.171214 0.960702 0.01534396 0.951602 0.01183795 0.983436 0.169003 0.960702 0.01534396 0.983436 0.169003 0.945749 0.163587 0.914809 0.005673944 0.960702 0.01534396 0.945749 0.163587 0.914809 0.005673944 0.945749 0.163587 0.891876 0.157433 0.978728 0.225405 0.983436 0.169003 0.940608 0.163376 0.978728 0.225405 0.940608 0.163376 0.941197 0.212916 0.914809 0.005673944 0.891876 0.157433 0.940608 0.163376 0.914809 0.005673944 0.940608 0.163376 0.951602 0.01183795 0.944372 0.183275 0.981671 0.226745 0.986867 0.171214 0.944372 0.183275 0.986867 0.171214 0.944383 0.165257 0.958511 0.020428 0.913079 0.01081997 0.893734 0.158386 0.958511 0.020428 0.893734 0.158386 0.944383 0.165257 0.949505 0.01693397 0.941063 0.165311 0.908566 0.160411 0.949505 0.01693397 0.908566 0.160411 0.893734 0.158386 0.949505 0.01693397 0.893734 0.158386 0.913079 0.01081997 0.942195 0.431725 0.817689 0.431716 0.828907 0.379018 0.942195 0.431725 0.828907 0.379018 0.938246 0.379025 0.521662 0.413892 0.520701 0.413677 0.519323 0.380985 0.521662 0.413892 0.519323 0.380985 0.520276 0.381199 0.618441 0.413986 0.521662 0.413892 0.520276 0.381199 0.618441 0.413986 0.520276 0.381199 0.611871 0.381291 0.817689 0.431716 0.767876 0.438627 0.777287 0.385087 0.817689 0.431716 0.777287 0.385087 0.828907 0.379018 0.767999 0.43874 0.828559 0.429207 0.838453 0.376814 0.767999 0.43874 0.838453 0.376814 0.777403 0.385186 0.521661 0.413887 0.618439 0.41398 0.611869 0.381286 0.521661 0.413887 0.611869 0.381286 0.520276 0.381193 0.992365 0.438373 0.942195 0.431725 0.938246 0.379025 0.992365 0.438373 0.938246 0.379025 0.988493 0.384863 0.828559 0.429207 0.932309 0.429214 0.929564 0.37682 0.828559 0.429207 0.929564 0.37682 0.838453 0.376814 0.932309 0.429214 0.994585 0.438747 0.990582 0.385192 0.932309 0.429214 0.990582 0.385192 0.929564 0.37682 0.854295 0.819109 0.857617 0.750411 0.857098 0.750412 0.854295 0.819109 0.857098 0.750412 0.85427 0.819109 0.857617 0.750411 0.854295 0.819109 0.847337 0.819109 0.807703 0.813513 0.819911 0.81758 0.847312 0.819109 0.807703 0.813513 0.847312 0.819109 0.857098 0.750412 0.768264 0.75292 0.857617 0.750411 0.809503 0.813604 0.768264 0.75292 0.809503 0.813604 0.758737 0.782591 0.809503 0.813604 0.857617 0.750411 0.847337 0.819109 0.809503 0.813604 0.847337 0.819109 0.820637 0.817709 0.857098 0.750412 0.751979 0.752916 0.758386 0.752915 0.751979 0.752916 0.857098 0.750412 0.857617 0.750411 0.751979 0.752916 0.857617 0.750411 0.768264 0.75292 0.757075 0.782591 0.807703 0.813513 0.857098 0.750412 0.757075 0.782591 0.857098 0.750412 0.758386 0.752915 0.751979 0.752916 0.768264 0.75292 0.758737 0.782591 0.807703 0.813513 0.757075 0.782591 0.758737 0.782591 0.807703 0.813513 0.758737 0.782591 0.809503 0.813604 0.733676 0.755645 0.736321 0.765892 0.709392 0.766599 0.733676 0.755645 0.709392 0.766599 0.706421 0.754937 0.757075 0.782591 0.709392 0.766599 0.736321 0.765892 0.757075 0.782591 0.736321 0.765892 0.758737 0.782591 0.758386 0.752915 0.751979 0.752916 0.733676 0.755645 0.733676 0.755645 0.706421 0.754937 0.716317 0.752672 0.733676 0.755645 0.716317 0.752672 0.758386 0.752915 0.758737 0.782591 0.736321 0.765892 0.733676 0.755645 0.758737 0.782591 0.733676 0.755645 0.751979 0.752916 0.758386 0.752915 0.716317 0.752672 0.709392 0.766599 0.758386 0.752915 0.709392 0.766599 0.757075 0.782591 0.807703 0.813513 0.809503 0.813604 0.820637 0.817709 0.807703 0.813513 0.820637 0.817709 0.819911 0.81758 0.847312 0.819109 0.85427 0.819109 0.857098 0.750412 0.709392 0.766599 0.716317 0.752672 0.706421 0.754937 0.857014 0.819161 0.857617 0.750411 0.857098 0.750412 0.857014 0.819161 0.857098 0.750412 0.856979 0.819161 0.857617 0.750411 0.857014 0.819161 0.847614 0.819161 0.807703 0.813513 0.811297 0.817202 0.84758 0.819161 0.807703 0.813513 0.84758 0.819161 0.857098 0.750412 0.768264 0.75292 0.857617 0.750411 0.809503 0.813604 0.768264 0.75292 0.809503 0.813604 0.758737 0.782591 0.809503 0.813604 0.857617 0.750411 0.847614 0.819161 0.809503 0.813604 0.847614 0.819161 0.812278 0.817376 0.857098 0.750412 0.751979 0.752916 0.758386 0.752915 0.751979 0.752916 0.857098 0.750412 0.857617 0.750411 0.751979 0.752916 0.857617 0.750411 0.768264 0.75292 0.757075 0.782591 0.807703 0.813513 0.857098 0.750412 0.757075 0.782591 0.857098 0.750412 0.758386 0.752915 0.751979 0.752916 0.768264 0.75292 0.758737 0.782591 0.807703 0.813513 0.757075 0.782591 0.758737 0.782591 0.807703 0.813513 0.758737 0.782591 0.809503 0.813604 0.733676 0.755646 0.736321 0.765892 0.709392 0.766599 0.733676 0.755646 0.709392 0.766599 0.706421 0.754937 0.757075 0.782591 0.709392 0.766599 0.736321 0.765892 0.757075 0.782591 0.736321 0.765892 0.758737 0.782591 0.758386 0.752915 0.751979 0.752916 0.733676 0.755646 0.733676 0.755646 0.706421 0.754937 0.716317 0.752672 0.733676 0.755646 0.716317 0.752672 0.758386 0.752915 0.758737 0.782591 0.736321 0.765892 0.733676 0.755646 0.758737 0.782591 0.733676 0.755646 0.751979 0.752916 0.758386 0.752915 0.716317 0.752672 0.709392 0.766599 0.758386 0.752915 0.709392 0.766599 0.757075 0.782591 0.807703 0.813513 0.809503 0.813604 0.812278 0.817376 0.807703 0.813513 0.812278 0.817376 0.811297 0.817202 0.84758 0.819161 0.856979 0.819161 0.857098 0.750412 0.709392 0.766599 0.716317 0.752672 0.706421 0.754937 0.776868 0.748519 0.81874 0.746472 0.7773 0.661538 0.525313 0.5039765 0.525318 0.5039656 0.527667 0.664011 0.528188 0.664402 0.525313 0.5039765 0.527667 0.664011 0.696705 0.5040516 0.696865 0.5043895 0.693004 0.664658 0.693004 0.664658 0.696865 0.5043895 0.692359 0.665641 0.81874 0.746472 0.937355 0.745833 0.997074 0.663987 0.997074 0.663987 0.7773 0.661538 0.81874 0.746472 0.695379 0.5043945 0.693563 0.665212 0.529162 0.665067 0.695379 0.5043945 0.529162 0.665067 0.525417 0.5039845 0.779524 0.5030806 0.874499 0.661325 0.776953 0.66379 0.988938 0.5029975 0.874499 0.661325 0.779524 0.5030806 0.997121 0.744885 0.997074 0.663987 0.937355 0.745833 0.988938 0.5029975 0.997129 0.66478 0.874499 0.661325 0.81874 0.746472 0.776868 0.748519 0.878783 0.748473 0.937355 0.745833 0.81874 0.746472 0.878783 0.748473 0.997121 0.744885 0.997121 0.744885 0.937355 0.745833 0.937355 0.745833 0.878783 0.748473 0.997121 0.744885 0.776868 0.748519 0.776868 0.748519 0.81874 0.746472 0.996159 0.664614 0.880336 0.747832 0.88263 0.652739 0.996159 0.664614 0.999034 0.745697 0.880336 0.747832 0.776425 0.660882 0.882963 0.651931 0.878783 0.748473 0.776425 0.660882 0.878783 0.748473 0.776868 0.748519 0.990749 0.760849 0.941713 0.765497 0.980356 0.994333 0.941713 0.765497 0.891843 0.755978 0.893456 0.990722 0.937096 0.760924 0.890502 0.756501 0.902732 0.991067 0.985112 0.751637 0.937096 0.760924 0.986139 0.990071 0.275763 0.679171 0.276347 0.386587 0.313883 0.386577 0.275763 0.679171 0.274723 0.756877 0.2070749 0.733742 0.34921 0.740742 0.274723 0.756877 0.275763 0.679171 0.941561 0.989134 0.893456 0.990722 0.891843 0.755978 0.891843 0.755978 0.938917 0.772077 0.941561 0.989134 0.990749 0.760849 0.980356 0.994333 0.941561 0.989134 0.938917 0.772077 0.990749 0.760849 0.941561 0.989134 0.117137 0.669954 0.1136839 0.399286 0.1366699 0.399284 0.117137 0.669954 0.1366699 0.399284 0.1785539 0.721062 0.05199098 0.727569 0.05366599 0.399303 0.078588 0.399296 0.05199098 0.727569 0.078588 0.399296 0.117137 0.669954 0.122162 0.742589 0.117137 0.669954 0.1785539 0.721062 0.122162 0.742589 0.05199098 0.727569 0.117137 0.669954 0.986139 0.990071 0.942008 0.985869 0.985112 0.751637 0.942958 0.767729 0.985112 0.751637 0.942008 0.985869 0.902732 0.991067 0.890502 0.756501 0.942008 0.985869 0.890502 0.756501 0.942958 0.767729 0.942008 0.985869 0.1785539 0.721062 0.162873 0.399272 0.07516598 0.403439 0.1785539 0.721062 0.07516598 0.403439 0.114321 0.733486 0.34921 0.740742 0.340792 0.386569 0.317248 0.390574 0.34921 0.740742 0.317248 0.390574 0.278741 0.747421 0.114321 0.733486 0.07516598 0.403439 0.05366599 0.399303 0.114321 0.733486 0.05366599 0.399303 0.05199098 0.727569 0.078588 0.399296 0.1136839 0.399286 0.117137 0.669954 0.986139 0.990071 0.937096 0.760924 0.902732 0.991067 0.980356 0.994333 0.941713 0.765497 0.893456 0.990722 0.251588 0.38659 0.276347 0.386587 0.275763 0.679171 0.251588 0.38659 0.275763 0.679171 0.2070749 0.733742 0.1366699 0.399284 0.162873 0.399272 0.1785539 0.721062 0.22494 0.386602 0.251588 0.38659 0.2070749 0.733742 0.313883 0.386577 0.340792 0.386569 0.34921 0.740742 0.313883 0.386577 0.34921 0.740742 0.275763 0.679171 0.317248 0.390574 0.22494 0.386602 0.2070749 0.733742 0.317248 0.390574 0.2070749 0.733742 0.278741 0.747421 0.380012 0.006604969 0.379975 0.006505966 0.381399 0.372131 0.381399 0.372131 0.381436 0.37223 0.380012 0.006604969 0.379975 0.006505966 0.402457 0.006906986 0.403881 0.372532 0.403881 0.372532 0.381399 0.372131 0.379975 0.006505966 0.402457 0.006906986 0.380012 0.006604969 0.381436 0.37223 0.381436 0.37223 0.403881 0.372532 0.402457 0.006906986 0.381436 0.37223 0.381399 0.372131 0.403881 0.372532 2.49e-4 0.859845 0.05355495 0.785928 0.05355596 0.785905</float_array>
          <technique_common>
            <accessor source="#clipeus_001-mesh-map-0-array" count="1773" stride="2">
              <param name="S" type="float"/>
              <param name="T" type="float"/>
            </accessor>
          </technique_common>
        </source>
        <vertices id="clipeus_001-mesh-vertices">
          <input semantic="POSITION" source="#clipeus_001-mesh-positions"/>
        </vertices>
        <triangles material="thorakitai1_Mat-material" count="591">
          <input semantic="VERTEX" source="#clipeus_001-mesh-vertices" offset="0"/>
          <input semantic="NORMAL" source="#clipeus_001-mesh-normals" offset="1"/>
          <input semantic="TEXCOORD" source="#clipeus_001-mesh-map-0" offset="2" set="0"/>
          <p>0 0 0 3 0 1 5 0 2 3 1 3 0 1 4 7 1 5 4 2 6 8 2 7 6 2 8 8 3 9 4 3 10 11 3 11 7 4 12 12 4 13 3 4 14 12 5 15 7 5 16 14 5 17 4 6 18 15 6 19 11 6 20 15 7 21 4 7 22 13 7 23 16 8 24 12 8 25 14 8 26 13 9 27 20 9 28 15 9 29 1 10 30 24 10 31 26 10 32 26 11 33 28 11 34 1 11 35 27 12 36 25 12 37 9 12 38 9 13 39 29 13 40 27 13 41 28 14 42 26 14 43 30 14 44 30 15 45 32 15 46 28 15 47 27 16 48 29 16 49 33 16 50 33 17 51 31 17 52 27 17 53 17 18 54 32 18 55 30 18 56 30 19 57 34 19 58 17 19 59 31 20 60 33 20 61 21 20 62 21 21 63 35 21 64 31 21 65 37 22 66 10 22 67 39 22 68 41 23 69 42 23 70 43 23 71 41 24 72 43 24 73 44 24 74 45 25 75 46 25 76 47 25 77 45 26 78 47 26 79 48 26 80 18 27 81 45 27 82 48 27 83 10 28 84 41 28 85 44 28 86 46 29 87 2 29 88 47 29 89 42 30 90 22 30 91 43 30 92 2 31 93 38 31 94 40 31 95 19 32 96 13 32 97 23 32 98 19 33 99 23 33 100 36 33 101 49 34 102 50 34 103 51 34 104 49 35 105 51 35 106 53 35 107 55 36 108 56 36 109 57 36 110 57 37 111 59 37 112 55 37 113 61 38 114 49 38 115 53 38 116 53 39 117 62 39 118 61 39 119 54 40 120 52 40 121 64 40 122 64 41 123 65 41 124 54 41 125 60 42 126 58 42 127 66 42 128 66 43 129 67 43 130 60 43 131 63 44 132 54 44 133 65 44 134 65 45 135 68 45 136 63 45 137 69 46 138 70 46 139 71 46 140 50 47 141 49 47 142 72 47 143 72 48 144 73 48 145 50 48 146 49 49 147 61 49 148 74 49 149 49 50 150 74 50 151 72 50 152 56 51 153 55 51 154 70 51 155 70 52 156 69 52 157 56 52 158 75 53 159 76 53 160 77 53 161 75 54 162 77 54 163 78 54 164 79 55 165 80 55 166 81 55 167 79 56 168 81 56 169 82 56 170 83 57 171 84 57 172 85 57 173 86 58 174 87 58 175 88 58 176 86 59 177 88 59 178 89 59 179 90 60 180 91 60 181 92 60 182 90 61 183 92 61 184 93 61 185 83 62 186 94 62 187 95 62 188 96 63 189 97 63 190 98 63 191 96 64 192 98 64 193 99 64 194 100 65 195 83 65 196 101 65 197 102 66 198 103 66 199 104 66 200 102 67 201 104 67 202 105 67 203 94 68 204 83 68 205 106 68 206 107 69 207 108 69 208 83 69 209 103 70 210 109 70 211 110 70 212 103 71 213 110 71 214 104 71 215 111 72 216 90 72 217 93 72 218 111 73 219 93 73 220 112 73 221 113 74 222 114 74 223 115 74 224 116 75 225 114 75 226 113 75 227 117 76 228 106 76 229 83 76 230 118 77 231 119 77 232 120 77 233 118 78 234 120 78 235 121 78 236 83 79 237 122 79 238 123 79 239 124 80 240 125 80 241 126 80 242 124 81 243 126 81 244 127 81 245 128 82 246 129 82 247 130 82 248 131 83 249 132 83 250 133 83 251 131 84 252 133 84 253 134 84 254 76 85 255 135 85 256 136 85 257 76 86 258 136 86 259 77 86 260 137 87 261 138 87 262 139 87 263 95 88 264 140 88 265 83 88 266 137 89 267 139 89 268 141 89 269 109 90 270 86 90 271 89 90 272 109 91 273 89 91 274 110 91 275 83 92 276 142 92 277 143 92 278 87 93 279 144 93 280 145 93 281 87 94 282 145 94 283 88 94 284 83 95 285 146 95 286 147 95 287 83 96 288 148 96 289 149 96 290 144 97 291 79 97 292 82 97 293 144 98 294 82 98 295 145 98 296 97 99 297 150 99 298 151 99 299 97 100 300 151 100 301 98 100 302 83 101 303 143 101 304 152 101 305 153 102 306 154 102 307 155 102 308 153 103 309 155 103 310 156 103 311 83 104 312 157 104 313 146 104 314 158 105 315 160 105 316 162 105 317 159 106 318 163 106 319 165 106 320 159 107 321 165 107 322 167 107 323 167 108 324 170 108 325 159 108 326 172 109 327 173 109 328 176 109 329 172 110 330 176 110 331 179 110 332 172 111 333 179 111 334 181 111 335 172 112 336 181 112 337 183 112 338 186 113 339 168 113 340 166 113 341 186 114 342 166 114 343 188 114 344 186 115 345 188 115 346 189 115 347 83 116 348 191 116 349 192 116 350 148 117 351 83 117 352 193 117 353 159 118 354 170 118 355 194 118 356 172 119 357 195 119 358 173 119 359 161 120 360 196 120 361 198 120 362 198 121 363 164 121 364 161 121 365 199 122 366 184 122 367 197 122 368 180 123 369 200 123 370 202 123 371 180 124 372 202 124 373 182 124 374 177 125 375 186 125 376 189 125 377 177 126 378 189 126 379 200 126 380 177 127 381 200 127 382 180 127 383 198 128 384 196 128 385 203 128 386 203 129 387 188 129 388 198 129 389 203 130 390 196 130 391 202 130 392 202 131 393 200 131 394 203 131 395 188 132 396 166 132 397 164 132 398 164 133 399 198 133 400 188 133 401 196 134 402 185 134 403 182 134 404 182 135 405 202 135 406 196 135 407 204 136 408 201 136 409 190 136 410 203 137 411 189 137 412 188 137 413 160 138 414 199 138 415 197 138 416 169 139 417 187 139 418 178 139 419 84 140 420 83 140 421 205 140 422 159 141 423 194 141 424 206 141 425 169 142 426 178 142 427 174 142 428 173 143 429 195 143 430 194 143 431 175 144 432 171 144 433 168 144 434 195 145 435 172 145 436 207 145 437 207 146 438 206 146 439 194 146 440 194 147 441 195 147 442 207 147 443 107 148 444 83 148 445 208 148 446 83 149 447 85 149 448 142 149 449 209 150 450 83 150 451 140 150 452 83 151 453 100 151 454 210 151 455 83 152 456 211 152 457 208 152 458 212 153 459 214 153 460 216 153 461 216 154 462 218 154 463 212 154 464 214 155 465 220 155 466 222 155 467 222 156 468 216 156 469 214 156 470 224 157 471 222 157 472 220 157 473 220 158 474 226 158 475 224 158 476 226 159 477 227 159 478 228 159 479 228 160 480 224 160 481 226 160 482 227 161 483 230 161 484 231 161 485 231 162 486 228 162 487 227 162 488 230 163 489 233 163 490 234 163 491 234 164 492 231 164 493 230 164 494 236 165 495 237 165 496 238 165 497 233 166 498 236 166 499 238 166 500 233 167 501 238 167 502 234 167 503 237 168 504 240 168 505 241 168 506 241 169 507 238 169 508 237 169 509 240 170 510 243 170 511 244 170 512 244 171 513 241 171 514 240 171 515 243 172 516 246 172 517 247 172 518 247 173 519 244 173 520 243 173 521 246 174 522 249 174 523 250 174 524 250 175 525 247 175 526 246 175 527 249 176 528 252 176 529 253 176 530 253 177 531 250 177 532 249 177 533 252 178 534 255 178 535 257 178 536 257 179 537 253 179 538 252 179 539 255 180 540 259 180 541 261 180 542 261 181 543 257 181 544 255 181 545 259 182 546 263 182 547 265 182 548 265 183 549 261 183 550 259 183 551 263 184 552 267 184 553 269 184 554 269 185 555 265 185 556 263 185 557 267 186 558 271 186 559 273 186 560 273 187 561 269 187 562 267 187 563 271 188 564 212 188 565 218 188 566 218 189 567 273 189 568 271 189 569 242 87 570 245 87 571 248 87 572 248 190 573 251 190 574 254 190 575 254 191 576 258 191 577 262 191 578 248 192 579 254 192 580 262 192 581 262 193 582 266 193 583 270 193 584 270 194 585 274 194 586 219 194 587 262 195 588 270 195 589 219 195 590 248 196 591 262 196 592 219 196 593 219 197 594 217 197 595 223 197 596 223 198 597 225 198 598 229 198 599 219 199 600 223 199 601 229 199 602 248 200 603 219 200 604 229 200 605 229 201 606 232 201 607 235 201 608 248 202 609 229 202 610 235 202 611 242 203 612 248 203 613 235 203 614 239 204 615 242 204 616 235 204 617 264 205 618 260 205 619 256 205 620 255 206 621 252 206 622 249 206 623 249 207 624 246 207 625 243 207 626 255 208 627 249 208 628 243 208 629 243 209 630 240 209 631 237 209 632 243 210 633 237 210 634 236 210 635 236 211 636 233 211 637 230 211 638 230 212 639 227 212 640 226 212 641 236 213 642 230 213 643 226 213 644 243 214 645 236 214 646 226 214 647 226 215 648 221 215 649 215 215 650 215 216 651 213 216 652 272 216 653 226 217 654 215 217 655 272 217 656 243 218 657 226 218 658 272 218 659 255 219 660 243 219 661 272 219 662 263 220 663 255 220 664 272 220 665 263 221 666 272 221 667 268 221 668 134 222 669 133 222 670 152 222 671 134 223 672 152 223 673 143 223 674 133 224 675 275 224 676 157 224 677 133 225 678 157 225 679 152 225 680 104 226 681 110 226 682 94 226 683 104 227 684 94 227 685 106 227 686 93 228 687 92 228 688 142 228 689 93 229 690 142 229 691 85 229 692 98 230 693 151 230 694 211 230 695 98 231 696 211 231 697 147 231 698 276 232 699 277 232 700 101 232 701 276 233 702 101 233 703 149 233 704 105 234 705 104 234 706 106 234 707 105 235 708 106 235 709 117 235 710 89 236 711 88 236 712 140 236 713 89 237 714 140 237 715 95 237 716 278 238 717 156 238 718 123 238 719 278 239 720 123 239 721 122 239 722 77 240 723 136 240 724 108 240 725 77 241 726 108 241 727 107 241 728 151 242 729 78 242 730 208 242 731 151 243 732 208 243 733 211 243 734 126 244 735 278 244 736 122 244 737 126 245 738 122 245 739 210 245 740 88 246 741 145 246 742 209 246 743 88 247 744 209 247 745 140 247 746 279 248 747 121 248 748 193 248 749 279 249 750 193 249 751 280 249 752 78 250 753 77 250 754 107 250 755 78 251 756 107 251 757 208 251 758 155 252 759 112 252 760 84 252 761 155 253 762 84 253 763 205 253 764 99 254 765 98 254 766 147 254 767 99 255 768 147 255 769 146 255 770 132 256 771 281 256 772 275 256 773 132 257 774 275 257 775 133 257 776 83 258 777 209 258 778 191 258 779 101 259 780 83 259 781 149 259 782 281 260 783 96 260 784 99 260 785 281 261 786 99 261 787 275 261 788 125 262 789 282 262 790 278 262 791 125 263 792 278 263 793 126 263 794 83 264 795 280 264 796 193 264 797 211 265 798 83 265 799 147 265 800 150 266 801 75 266 802 78 266 803 150 267 804 78 267 805 151 267 806 283 268 807 118 268 808 121 268 809 283 269 810 121 269 811 279 269 812 119 270 813 284 270 814 276 270 815 119 271 816 276 271 817 120 271 818 108 272 819 117 272 820 83 272 821 91 273 822 131 273 823 134 273 824 91 274 825 134 274 826 92 274 827 135 275 828 102 275 829 105 275 830 135 276 831 105 276 832 136 276 833 154 277 834 111 277 835 112 277 836 154 278 837 112 278 838 155 278 839 282 279 840 153 279 841 156 279 842 282 280 843 156 280 844 278 280 845 284 281 846 285 281 847 277 281 848 284 282 849 277 282 850 276 282 851 123 283 852 205 283 853 83 283 854 80 284 855 283 284 856 279 284 857 80 285 858 279 285 859 81 285 860 285 286 861 124 286 862 127 286 863 285 287 864 127 287 865 277 287 866 83 288 867 192 288 868 280 288 869 122 289 870 83 289 871 210 289 872 83 290 873 152 290 874 157 290 875 156 291 876 155 291 877 205 291 878 156 292 879 205 292 880 123 292 881 92 293 882 134 293 883 143 293 884 92 294 885 143 294 886 142 294 887 275 295 888 99 295 889 146 295 890 275 296 891 146 296 892 157 296 893 277 297 894 127 297 895 100 297 896 277 298 897 100 298 898 101 298 899 136 299 900 105 299 901 117 299 902 136 300 903 117 300 904 108 300 905 112 301 906 93 301 907 85 301 908 112 302 909 85 302 910 84 302 911 127 303 912 126 303 913 210 303 914 127 304 915 210 304 916 100 304 917 110 305 918 89 305 919 95 305 920 110 306 921 95 306 922 94 306 923 121 307 924 120 307 925 148 307 926 121 308 927 148 308 928 193 308 929 81 309 930 279 309 931 280 309 932 81 310 933 280 310 934 192 310 935 82 311 936 81 311 937 192 311 938 82 312 939 192 312 940 191 312 941 145 313 942 82 313 943 191 313 944 145 314 945 191 314 946 209 314 947 120 315 948 276 315 949 149 315 950 120 316 951 149 316 952 148 316 953 330 317 954 298 317 955 311 317 956 302 318 957 317 318 958 286 318 959 290 319 960 286 319 961 317 319 962 298 320 963 299 320 964 471 320 965 315 321 966 314 321 967 294 321 968 294 322 969 314 322 970 298 322 971 294 323 972 298 323 973 471 323 974 301 324 975 304 324 976 472 324 977 472 325 978 304 325 979 287 325 980 291 326 981 319 326 982 295 326 983 295 327 984 319 327 985 316 327 986 317 328 987 320 328 988 290 328 989 286 329 990 305 329 991 302 329 992 314 330 993 326 330 994 329 330 995 326 331 996 314 331 997 315 331 998 318 332 999 307 332 1000 322 332 1001 307 333 1002 318 333 1003 303 333 1004 304 334 1005 312 334 1006 308 334 1007 312 335 1008 304 335 1009 301 335 1010 316 336 1011 323 336 1012 328 336 1013 323 337 1014 316 337 1015 319 337 1016 321 338 1017 322 338 1018 324 338 1019 322 339 1020 321 339 1021 318 339 1022 303 340 1023 309 340 1024 307 340 1025 309 341 1026 303 341 1027 306 341 1028 329 342 1029 311 342 1030 298 342 1031 329 343 1032 298 343 1033 314 343 1034 299 344 1035 298 344 1036 330 344 1037 300 345 1038 331 345 1039 313 345 1040 387 346 1041 394 346 1042 389 346 1043 396 347 1044 390 347 1045 389 347 1046 392 348 1047 393 348 1048 332 348 1049 332 349 1050 393 349 1051 334 349 1052 392 350 1053 332 350 1054 338 350 1055 338 351 1056 340 351 1057 392 351 1058 397 352 1059 398 352 1060 393 352 1061 393 353 1062 398 353 1063 334 353 1064 334 354 1065 398 354 1066 395 354 1067 334 355 1068 395 355 1069 340 355 1070 395 356 1071 388 356 1072 340 356 1073 392 357 1074 397 357 1075 393 357 1076 357 358 1077 359 358 1078 364 358 1079 360 359 1080 362 359 1081 366 359 1082 365 360 1083 362 360 1084 358 360 1085 359 361 1086 344 361 1087 363 361 1088 344 362 1089 347 362 1090 363 362 1091 351 363 1092 344 363 1093 359 363 1094 359 364 1095 353 364 1096 351 364 1097 364 365 1098 363 365 1099 368 365 1100 363 366 1101 347 366 1102 368 366 1103 347 367 1104 367 367 1105 368 367 1106 347 368 1107 353 368 1108 367 368 1109 367 369 1110 353 369 1111 361 369 1112 359 370 1113 363 370 1114 364 370 1115 405 371 1116 406 371 1117 407 371 1118 405 372 1119 408 372 1120 406 372 1121 409 373 1122 410 373 1123 411 373 1124 406 374 1125 411 374 1126 410 374 1127 411 375 1128 408 375 1129 409 375 1130 407 376 1131 409 376 1132 405 376 1133 407 377 1134 410 377 1135 409 377 1136 408 378 1137 411 378 1138 406 378 1139 406 379 1140 410 379 1141 407 379 1142 374 380 1143 375 380 1144 376 380 1145 374 381 1146 376 381 1147 377 381 1148 378 382 1149 379 382 1150 380 382 1151 376 383 1152 380 383 1153 379 383 1154 379 384 1155 378 384 1156 377 384 1157 375 385 1158 374 385 1159 378 385 1160 375 386 1161 378 386 1162 380 386 1163 377 387 1164 376 387 1165 379 387 1166 376 388 1167 375 388 1168 380 388 1169 374 389 1170 377 389 1171 381 389 1172 374 390 1173 381 390 1174 383 390 1175 377 391 1176 378 391 1177 385 391 1178 377 392 1179 385 392 1180 381 392 1181 409 393 1182 408 393 1183 412 393 1184 409 394 1185 412 394 1186 414 394 1187 378 395 1188 374 395 1189 383 395 1190 378 396 1191 383 396 1192 385 396 1193 405 397 1194 409 397 1195 414 397 1196 405 398 1197 414 398 1198 416 398 1199 408 399 1200 405 399 1201 416 399 1202 408 400 1203 416 400 1204 412 400 1205 388 401 1206 391 401 1207 392 401 1208 388 402 1209 392 402 1210 340 402 1211 389 403 1212 390 403 1213 387 403 1214 358 404 1215 362 404 1216 360 404 1217 392 405 1218 391 405 1219 397 405 1220 359 406 1221 357 406 1222 361 406 1223 359 407 1224 361 407 1225 353 407 1226 400 408 1227 401 408 1228 415 408 1229 400 409 1230 415 409 1231 413 409 1232 370 410 1233 386 410 1234 371 410 1235 401 411 1236 402 411 1237 415 411 1238 400 412 1239 403 412 1240 396 412 1241 400 413 1242 396 413 1243 389 413 1244 372 414 1245 373 414 1246 362 414 1247 372 415 1248 362 415 1249 365 415 1250 373 416 1251 370 416 1252 366 416 1253 373 417 1254 366 417 1255 362 417 1256 402 418 1257 399 418 1258 396 418 1259 402 419 1260 396 419 1261 404 419 1262 403 420 1263 404 420 1264 396 420 1265 372 421 1266 365 421 1267 369 421 1268 372 422 1269 369 422 1270 371 422 1271 394 423 1272 399 423 1273 402 423 1274 394 424 1275 402 424 1276 401 424 1277 382 425 1278 386 425 1279 370 425 1280 382 426 1281 370 426 1282 373 426 1283 384 427 1284 382 427 1285 373 427 1286 384 428 1287 373 428 1288 372 428 1289 366 429 1290 370 429 1291 371 429 1292 366 430 1293 371 430 1294 369 430 1295 384 431 1296 372 431 1297 371 431 1298 384 432 1299 371 432 1300 386 432 1301 389 433 1302 394 433 1303 401 433 1304 389 434 1305 401 434 1306 400 434 1307 413 435 1308 417 435 1309 403 435 1310 413 436 1311 403 436 1312 400 436 1313 415 437 1314 402 437 1315 404 437 1316 415 438 1317 404 438 1318 403 438 1319 415 439 1320 403 439 1321 417 439 1322 311 440 1323 329 440 1324 430 440 1325 311 441 1326 430 441 1327 424 441 1328 313 442 1329 331 442 1330 428 442 1331 313 443 1332 428 443 1333 423 443 1334 310 444 1335 313 444 1336 423 444 1337 310 445 1338 423 445 1339 425 445 1340 329 446 1341 326 446 1342 418 446 1343 329 447 1344 418 447 1345 430 447 1346 324 448 1347 322 448 1348 422 448 1349 324 449 1350 422 449 1351 420 449 1352 327 450 1353 325 450 1354 421 450 1355 327 451 1356 421 451 1357 419 451 1358 330 452 1359 311 452 1360 424 452 1361 330 453 1362 424 453 1363 429 453 1364 322 454 1365 307 454 1366 427 454 1367 322 455 1368 427 455 1369 422 455 1370 307 456 1371 309 456 1372 426 456 1373 307 457 1374 426 457 1375 427 457 1376 431 458 1377 432 458 1378 433 458 1379 431 459 1380 433 459 1381 434 459 1382 432 460 1383 431 460 1384 435 460 1385 436 461 1386 437 461 1387 438 461 1388 436 462 1389 438 462 1390 433 462 1391 439 463 1392 432 463 1393 440 463 1394 439 464 1395 440 464 1396 441 464 1397 440 465 1398 432 465 1399 435 465 1400 440 466 1401 435 466 1402 442 466 1403 433 467 1404 443 467 1405 444 467 1406 443 468 1407 433 468 1408 432 468 1409 443 469 1410 432 469 1411 439 469 1412 445 470 1413 436 470 1414 433 470 1415 445 471 1416 433 471 1417 444 471 1418 443 472 1419 439 472 1420 441 472 1421 436 473 1422 445 473 1423 441 473 1424 436 474 1425 441 474 1426 440 474 1427 446 475 1428 447 475 1429 448 475 1430 446 476 1431 448 476 1432 449 476 1433 445 477 1434 448 477 1435 447 477 1436 445 478 1437 447 478 1438 441 478 1439 444 479 1440 443 479 1441 446 479 1442 446 480 1443 449 480 1444 450 480 1445 446 481 1446 450 481 1447 444 481 1448 441 482 1449 447 482 1450 446 482 1451 441 483 1452 446 483 1453 443 483 1454 444 484 1455 450 484 1456 448 484 1457 444 485 1458 448 485 1459 445 485 1460 436 486 1461 440 486 1462 442 486 1463 436 487 1464 442 487 1465 437 487 1466 438 488 1467 434 488 1468 433 488 1469 448 489 1470 450 489 1471 449 489 1472 451 490 1473 452 490 1474 453 490 1475 451 491 1476 453 491 1477 454 491 1478 452 492 1479 451 492 1480 455 492 1481 456 493 1482 457 493 1483 458 493 1484 456 494 1485 458 494 1486 453 494 1487 459 495 1488 452 495 1489 460 495 1490 459 496 1491 460 496 1492 461 496 1493 460 497 1494 452 497 1495 455 497 1496 460 498 1497 455 498 1498 462 498 1499 453 499 1500 463 499 1501 464 499 1502 463 500 1503 453 500 1504 452 500 1505 463 501 1506 452 501 1507 459 501 1508 465 502 1509 456 502 1510 453 502 1511 465 503 1512 453 503 1513 464 503 1514 463 504 1515 459 504 1516 461 504 1517 456 505 1518 465 505 1519 461 505 1520 456 506 1521 461 506 1522 460 506 1523 466 507 1524 467 507 1525 468 507 1526 466 508 1527 468 508 1528 469 508 1529 465 509 1530 468 509 1531 467 509 1532 465 510 1533 467 510 1534 461 510 1535 464 511 1536 463 511 1537 466 511 1538 466 512 1539 469 512 1540 470 512 1541 466 513 1542 470 513 1543 464 513 1544 461 514 1545 467 514 1546 466 514 1547 461 515 1548 466 515 1549 463 515 1550 464 516 1551 470 516 1552 468 516 1553 464 517 1554 468 517 1555 465 517 1556 456 518 1557 460 518 1558 462 518 1559 456 519 1560 462 519 1561 457 519 1562 458 520 1563 454 520 1564 453 520 1565 468 521 1566 470 521 1567 469 521 1568 339 522 1569 475 522 1570 341 522 1571 292 523 1572 296 523 1573 335 523 1574 342 524 1575 292 524 1576 335 524 1577 473 525 1578 288 525 1579 348 525 1580 348 526 1581 288 526 1582 354 526 1583 475 527 1584 476 527 1585 355 527 1586 355 528 1587 341 528 1588 475 528 1589 293 529 1590 343 529 1591 356 529 1592 293 530 1593 356 530 1594 289 530 1595 297 531 1596 477 531 1597 336 531 1598 474 532 1599 477 532 1600 297 532 1601 352 533 1602 355 533 1603 476 533 1604 474 534 1605 349 534 1606 477 534 1607 475 535 1608 333 535 1609 480 535 1610 476 536 1611 475 536 1612 480 536 1613 345 537 1614 352 537 1615 476 537 1616 476 538 1617 480 538 1618 345 538 1619 339 539 1620 333 539 1621 475 539 1622 350 540 1623 481 540 1624 478 540 1625 350 541 1626 346 541 1627 481 541 1628 337 542 1629 479 542 1630 480 542 1631 337 543 1632 480 543 1633 333 543 1634 482 544 1635 489 544 1636 484 544 1637 489 545 1638 485 545 1639 487 545 1640 507 546 1641 500 546 1642 502 546 1643 503 547 1644 507 547 1645 505 547 1646 491 548 1647 492 548 1648 493 548 1649 491 549 1650 494 549 1651 486 549 1652 483 550 1653 494 550 1654 491 550 1655 488 551 1656 487 551 1657 485 551 1658 485 552 1659 495 552 1660 488 552 1661 482 553 1662 484 553 1663 488 553 1664 495 554 1665 482 554 1666 488 554 1667 509 555 1668 510 555 1669 511 555 1670 509 556 1671 511 556 1672 504 556 1673 501 557 1674 512 557 1675 513 557 1676 501 558 1677 513 558 1678 509 558 1679 514 559 1680 509 559 1681 504 559 1682 514 560 1683 501 560 1684 509 560 1685 505 561 1686 506 561 1687 503 561 1688 515 562 1689 503 562 1690 506 562 1691 502 563 1692 500 563 1693 506 563 1694 500 564 1695 515 564 1696 506 564 1697 504 565 1698 516 565 1699 517 565 1700 504 566 1701 517 566 1702 508 566 1703 483 567 1704 496 567 1705 497 567 1706 483 568 1707 497 568 1708 490 568 1709 508 569 1710 517 569 1711 512 569 1712 508 570 1713 512 570 1714 501 570 1715 513 571 1716 510 571 1717 509 571 1718 505 572 1719 507 572 1720 502 572 1721 484 573 1722 489 573 1723 487 573 1724 498 574 1725 492 574 1726 491 574 1727 498 575 1728 491 575 1729 486 575 1730 511 576 1731 516 576 1732 504 576 1733 499 577 1734 498 577 1735 486 577 1736 493 578 1737 496 578 1738 483 578 1739 493 579 1740 483 579 1741 491 579 1742 497 580 1743 499 580 1744 486 580 1745 497 581 1746 486 581 1747 490 581 1748 518 582 1749 519 582 1750 520 582 1751 520 583 1752 521 583 1753 518 583 1754 519 584 1755 522 584 1756 523 584 1757 523 585 1758 520 585 1759 519 585 1760 522 586 1761 518 586 1762 521 586 1763 521 587 1764 523 587 1765 522 587 1766 521 588 1767 520 588 1768 523 588 1769 194 589 1770 170 589 1771 173 589 1772</p>
        </triangles>
      </mesh>
    </geometry>
  </library_geometries>
  <library_controllers>
    <controller id="gaul_arjoi2_Skin_clipeus-skin" name="gaul_arjoi2_Skin">
      <skin source="#clipeus_001-mesh">
        <bind_shape_matrix>1 0 0 0 0 1 0 0 0 0 1 0 0 0 0 1</bind_shape_matrix>
        <source id="gaul_arjoi2_Skin_clipeus-skin-joints">
          <Name_array id="gaul_arjoi2_Skin_clipeus-skin-joints-array" count="25">root pelvis femurleft butt-l knee-l-top knee-l-bopttom ankle_left foot_left01 femurright butt-r knee-r-top knee-r-bopttom ankleright foot_right01 lumbar rib scapula ulna carpal ammo_node_1 scapula01 ulna01 smoke_node_1 ammo_node_0 neck</Name_array>
          <technique_common>
            <accessor source="#gaul_arjoi2_Skin_clipeus-skin-joints-array" count="25" stride="1">
              <param name="JOINT" type="name"/>
            </accessor>
          </technique_common>
        </source>
        <source id="gaul_arjoi2_Skin_clipeus-skin-bind_poses">
          <float_array id="gaul_arjoi2_Skin_clipeus-skin-bind_poses-array" count="400">1 0 0 0 0 -1.19209e-7 1 -2.154822 0 -1 -1.34359e-7 1.88312e-7 0 0 0 1 1 0 0 -2.88205e-4 0 0 1 -1.989969 0 -1 0 0.05965083 0 0 0 1 1 0 0 -0.229566 0 0 1 -1.980152 0 -1 0 0 0 0 0 1 1 0 0 -0.2300335 0 -5.28991e-7 1 -1.881625 0 -1 -5.43892e-7 0.2278664 0 0 0 1 1 0 0 -0.2579528 0 0 1 -1.492427 0 -1 0 -0.357712 0 0 0 1 1 0 0 -0.2616622 0 -1.93715e-7 1 -1.243225 0 -1 -2.06754e-7 0.03760045 0 0 0 1 1 -8.33936e-7 3.37577e-7 -0.2703903 0 -0.3687217 -0.9295399 0.1499913 8.99649e-7 0.9295405 -0.3687216 -0.04846745 0 0 0 1 1 -9.0985e-7 4.16081e-5 -0.2703916 0 -0.9997616 -0.02186167 -0.2401518 4.1618e-5 0.02186191 -0.9997611 0.02881908 0 0 0 1 1 0 0 0.2313526 0 0 1 -1.980152 0 -1 -1.34359e-7 0 0 0 0 1 1 0 0 0.234615 0 -4.17232e-7 1 -1.884256 0 -1 -4.32134e-7 0.2262763 0 0 0 1 1 0 0 0.1784679 0 0 1 -1.491813 0 -1 -1.3411e-7 -0.3589507 0 0 0 1 1 0 0 0.2454932 0 -1.56462e-7 1 -1.243115 0 -1 -1.69501e-7 0.03760039 0 0 0 1 1 -7.62164e-7 3.04306e-7 0.2586692 0 -0.3687203 -0.9295403 0.1530215 8.20666e-7 0.9295393 -0.3687203 -0.04726493 0 0 0 1 1 -7.4373e-7 3.40309e-5 0.2586681 0 -0.9997602 -0.02184969 -0.2400804 3.4039e-5 0.02184933 -0.9997612 0.03209507 0 0 0 1 1 0 0 -0.004826366 0 0 1 -2.179734 0 -1 0 0.1130515 0 0 0 1 1 0 0 0.007960081 0 0 1 -2.884792 0 -1 0 -1.77001e-7 0 0 0 1 0.2428485 0 0.9700642 -3.135721 -0.9700642 0 0.2428485 -0.3620046 0 -1 0 0 0 0 0 1 0.2428485 -1.22878e-7 0.9700642 -3.25946 -0.9700642 0 0.2428487 0.2373514 0 -1 -1.37658e-7 1.52297e-7 0 0 0 1 0.2428481 -1.55367e-7 0.9700644 -3.36277 -0.9700643 -1.62637e-7 0.2428482 0.8127574 0 -1 -2.03028e-7 -0.07377803 0 0 0 1 0.2428822 5.22066e-7 0.9700558 -3.539472 -0.001864373 -0.9999982 4.67332e-4 0.001107513 0.970054 -0.00192207 -0.2428816 -0.5772879 0 0 0 1 0.2059485 0 -0.9785629 3.155601 0.9785628 0 0.2059487 -0.2030127 0 -1 0 -3.46833e-7 0 0 0 1 0.2059484 0 -0.9785629 3.267602 0.9785628 -1.28186e-7 0.2059488 0.3963435 -1.37133e-7 -1 0 -5.26139e-7 0 0 0 1 0.205892 1.89614e-6 -0.9785748 3.379189 -0.006541013 -0.9999778 -0.001378178 -0.05585986 -0.9785531 0.00668478 -0.2058872 -1.10974 0 0 0 1 0.2059217 6.57601e-7 -0.9785686 3.376605 0.9785686 1.06888e-6 0.2059221 1.164995 1.50502e-6 -1 -3.27826e-7 -1.617808 0 0 0 1 1 0 0 0.02165722 0 0 1 -3.354292 0 -1 -1.19271e-7 1.59417e-7 0 0 0 1</float_array>
          <technique_common>
            <accessor source="#gaul_arjoi2_Skin_clipeus-skin-bind_poses-array" count="25" stride="16">
              <param name="TRANSFORM" type="float4x4"/>
            </accessor>
          </technique_common>
        </source>
        <source id="gaul_arjoi2_Skin_clipeus-skin-weights">
          <float_array id="gaul_arjoi2_Skin_clipeus-skin-weights-array" count="524">1 1 1 1 1 1 1 1 1 1 1 1 1 1 1 1 1 1 1 1 1 1 1 1 1 1 1 1 1 1 1 1 1 1 1 1 1 1 1 1 1 1 1 1 1 1 1 1 1 1 1 1 1 1 1 1 1 1 1 1 1 1 1 1 1 1 1 1 1 1 1 1 1 1 1 1 1 1 1 1 1 1 1 1 1 1 1 1 1 1 1 1 1 1 1 1 1 1 1 1 1 1 1 1 1 1 1 1 1 1 1 1 1 1 1 1 1 1 1 1 1 1 1 1 1 1 1 1 1 1 1 1 1 1 1 1 1 1 1 1 1 1 1 1 1 1 1 1 1 1 1 1 1 1 1 1 1 1 1 1 1 1 1 1 1 1 1 1 1 1 1 1 1 1 1 1 1 1 1 1 1 1 1 1 1 1 1 1 1 1 1 1 1 1 1 1 1 1 1 1 1 1 1 1 1 1 1 1 1 1 1 1 1 1 1 1 1 1 1 1 1 1 1 1 1 1 1 1 1 1 1 1 1 1 1 1 1 1 1 1 1 1 1 1 1 1 1 1 1 1 1 1 1 1 1 1 1 1 1 1 1 1 1 1 1 1 1 1 1 1 1 1 1 1 1 1 1 1 1 1 1 1 1 1 1 1 1 1 1 1 1 1 1 1 1 1 1 1 1 1 1 1 1 1 1 1 1 1 1 1 1 1 1 1 1 1 1 1 1 1 1 1 1 1 1 1 1 1 1 1 1 1 1 1 1 1 1 1 1 1 1 1 1 1 1 1 1 1 1 1 1 1 1 1 1 1 1 1 1 1 1 1 1 1 1 1 1 1 1 1 1 1 1 1 1 1 1 1 1 1 1 1 1 1 1 1 1 1 1 1 1 1 1 1 1 1 1 1 1 1 1 1 1 1 1 1 1 1 1 1 1 1 1 1 1 1 1 1 1 1 1 1 1 1 1 1 1 1 1 1 1 1 1 1 1 1 1 1 1 1 1 1 1 1 1 1 1 1 1 1 1 1 1 1 1 1 1 1 1 1 1 1 1 1 1 1 1 1 1 1 1 1 1 1 1 1 1 1 1 1 1 1 1 1 1 1 1 1 1 1 1 1 1 1 1 1 1 1 1 1 1 1 1 1 1 1 1 1 1 1 1 1 1 1 1 1 1 1 1 1 1 1 1 1</float_array>
          <technique_common>
            <accessor source="#gaul_arjoi2_Skin_clipeus-skin-weights-array" count="524" stride="1">
              <param name="WEIGHT" type="float"/>
            </accessor>
          </technique_common>
        </source>
        <joints>
          <input semantic="JOINT" source="#gaul_arjoi2_Skin_clipeus-skin-joints"/>
          <input semantic="INV_BIND_MATRIX" source="#gaul_arjoi2_Skin_clipeus-skin-bind_poses"/>
        </joints>
        <vertex_weights count="524">
          <input semantic="JOINT" source="#gaul_arjoi2_Skin_clipeus-skin-joints" offset="0"/>
          <input semantic="WEIGHT" source="#gaul_arjoi2_Skin_clipeus-skin-weights" offset="1"/>
          <vcount>1 1 1 1 1 1 1 1 1 1 1 1 1 1 1 1 1 1 1 1 1 1 1 1 1 1 1 1 1 1 1 1 1 1 1 1 1 1 1 1 1 1 1 1 1 1 1 1 1 1 1 1 1 1 1 1 1 1 1 1 1 1 1 1 1 1 1 1 1 1 1 1 1 1 1 1 1 1 1 1 1 1 1 1 1 1 1 1 1 1 1 1 1 1 1 1 1 1 1 1 1 1 1 1 1 1 1 1 1 1 1 1 1 1 1 1 1 1 1 1 1 1 1 1 1 1 1 1 1 1 1 1 1 1 1 1 1 1 1 1 1 1 1 1 1 1 1 1 1 1 1 1 1 1 1 1 1 1 1 1 1 1 1 1 1 1 1 1 1 1 1 1 1 1 1 1 1 1 1 1 1 1 1 1 1 1 1 1 1 1 1 1 1 1 1 1 1 1 1 1 1 1 1 1 1 1 1 1 1 1 1 1 1 1 1 1 1 1 1 1 1 1 1 1 1 1 1 1 1 1 1 1 1 1 1 1 1 1 1 1 1 1 1 1 1 1 1 1 1 1 1 1 1 1 1 1 1 1 1 1 1 1 1 1 1 1 1 1 1 1 1 1 1 1 1 1 1 1 1 1 1 1 1 1 1 1 1 1 1 1 1 1 1 1 1 1 1 1 1 1 1 1 1 1 1 1 1 1 1 1 1 1 1 1 1 1 1 1 1 1 1 1 1 1 1 1 1 1 1 1 1 1 1 1 1 1 1 1 1 1 1 1 1 1 1 1 1 1 1 1 1 1 1 1 1 1 1 1 1 1 1 1 1 1 1 1 1 1 1 1 1 1 1 1 1 1 1 1 1 1 1 1 1 1 1 1 1 1 1 1 1 1 1 1 1 1 1 1 1 1 1 1 1 1 1 1 1 1 1 1 1 1 1 1 1 1 1 1 1 1 1 1 1 1 1 1 1 1 1 1 1 1 1 1 1 1 1 1 1 1 1 1 1 1 1 1 1 1 1 1 1 1 1 1 1 1 1 1 1 1 1 1 1 1 1 1 1 1 1 1 1 1 1 1 1 1 1 1 1 1 1 1 1 1 1 1 1 1 1 1 1 1 1 1 1 1 1 1 1 1 1 1 1 1 1 1 1 1 1 1 1 1 1 1 1 1 1 1 1 1 1 1 1 1 </vcount>
          <v>17 0 17 1 17 2 17 3 17 4 17 5 17 6 17 7 17 8 17 9 17 10 17 11 17 12 17 13 17 14 17 15 17 16 17 17 17 18 17 19 17 20 17 21 17 22 17 23 17 24 17 25 17 26 17 27 17 28 17 29 17 30 17 31 17 32 17 33 17 34 17 35 17 36 17 37 17 38 17 39 17 40 17 41 17 42 17 43 17 44 17 45 17 46 17 47 17 48 22 49 22 50 22 51 22 52 22 53 22 54 22 55 22 56 22 57 22 58 22 59 22 60 22 61 22 62 22 63 22 64 22 65 22 66 22 67 22 68 22 69 22 70 22 71 22 72 22 73 22 74 24 75 24 76 24 77 24 78 24 79 24 80 24 81 24 82 24 83 24 84 24 85 24 86 24 87 24 88 24 89 24 90 24 91 24 92 24 93 24 94 24 95 24 96 24 97 24 98 24 99 24 100 24 101 24 102 24 103 24 104 24 105 24 106 24 107 24 108 24 109 24 110 24 111 24 112 24 113 24 114 24 115 24 116 24 117 24 118 24 119 24 120 24 121 24 122 24 123 24 124 24 125 24 126 24 127 24 128 24 129 24 130 24 131 24 132 24 133 24 134 24 135 24 136 24 137 24 138 24 139 24 140 24 141 24 142 24 143 24 144 24 145 24 146 24 147 24 148 24 149 24 150 24 151 24 152 24 153 24 154 24 155 24 156 24 157 24 158 24 159 24 160 24 161 24 162 24 163 24 164 24 165 24 166 24 167 24 168 24 169 24 170 24 171 24 172 24 173 24 174 24 175 24 176 24 177 24 178 24 179 24 180 24 181 24 182 24 183 24 184 24 185 24 186 24 187 24 188 24 189 24 190 24 191 24 192 24 193 24 194 24 195 24 196 24 197 24 198 24 199 24 200 24 201 24 202 24 203 24 204 24 205 24 206 24 207 24 208 24 209 24 210 24 211 24 212 24 213 24 214 24 215 24 216 24 217 24 218 24 219 24 220 24 221 24 222 24 223 24 224 24 225 24 226 24 227 24 228 24 229 24 230 24 231 24 232 24 233 24 234 24 235 24 236 24 237 24 238 24 239 24 240 24 241 24 242 24 243 24 244 24 245 24 246 24 247 24 248 24 249 24 250 24 251 24 252 24 253 24 254 24 255 24 256 24 257 24 258 24 259 24 260 24 261 24 262 24 263 24 264 24 265 24 266 24 267 24 268 24 269 24 270 24 271 24 272 24 273 24 274 24 275 24 276 24 277 24 278 24 279 24 280 24 281 24 282 24 283 24 284 24 285 1 286 1 287 1 288 1 289 1 290 1 291 1 292 1 293 1 294 1 295 1 296 1 297 2 298 2 299 2 300 2 301 3 302 3 303 2 304 2 305 2 306 3 307 3 308 3 309 3 310 2 311 2 312 2 313 8 314 8 315 8 316 9 317 9 318 8 319 8 320 8 321 9 322 9 323 9 324 9 325 8 326 8 327 8 328 8 329 2 330 2 331 15 332 15 333 15 334 15 335 15 336 15 337 15 338 15 339 15 340 15 341 15 342 15 343 15 344 15 345 15 346 15 347 15 348 15 349 15 350 15 351 15 352 15 353 15 354 15 355 15 356 16 357 16 358 16 359 16 360 16 361 16 362 16 363 17 364 17 365 17 366 17 367 17 368 17 369 17 370 17 371 17 372 16 373 17 374 17 375 17 376 17 377 17 378 17 379 17 380 17 381 17 382 17 383 17 384 17 385 17 386 20 387 20 388 20 389 20 390 20 391 20 392 20 393 21 394 21 395 21 396 21 397 21 398 21 399 20 400 21 401 21 402 21 403 21 404 21 405 21 406 21 407 21 408 21 409 21 410 21 411 21 412 21 413 21 414 21 415 21 416 21 417 10 418 10 419 9 420 9 421 9 422 4 423 4 424 3 425 3 426 3 427 4 428 4 429 10 430 5 431 6 432 6 433 5 434 5 435 5 436 5 437 5 438 7 439 5 440 7 441 5 442 7 443 7 444 7 445 7 446 7 447 7 448 7 449 7 450 11 451 12 452 12 453 11 454 11 455 11 456 11 457 11 458 13 459 11 460 13 461 11 462 13 463 13 464 13 465 13 466 13 467 13 468 13 469 13 470 1 471 1 472 1 473 1 474 15 475 15 476 15 477 15 478 15 479 15 480 15 481 5 482 5 483 2 484 5 485 5 486 2 487 2 488 5 489 5 490 5 491 5 492 5 493 2 494 2 495 5 496 5 497 5 498 5 499 11 500 11 501 8 502 11 503 11 504 8 505 8 506 11 507 11 508 11 509 11 510 11 511 11 512 11 513 8 514 8 515 11 516 11 517 22 518 22 519 22 520 22 521 22 522 22 523</v>
        </vertex_weights>
      </skin>
    </controller>
  </library_controllers>
  <library_visual_scenes>
    <visual_scene id="Scene" name="Scene">
      <node id="Camera" name="Camera" type="NODE">
        <matrix sid="transform">0.6859207 -0.3240135 0.6515582 7.481132 0.7276763 0.3054208 -0.6141704 -6.50764 0 0.8953956 0.4452714 5.343665 0 0 0 1</matrix>
        <instance_camera url="#Camera-camera"/>
      </node>
      <node id="Lamp" name="Lamp" type="NODE">
        <matrix sid="transform">-0.2908646 -0.7711008 0.5663932 6.320361 0.9551712 -0.1998834 0.2183912 1.005454 -0.05518906 0.6045247 0.7946723 8.128572 0 0 0 1</matrix>
        <instance_light url="#Lamp-light"/>
      </node>
      <node id="gaul_arjoi2_Skin" name="gaul_arjoi2_Skin" type="NODE">
        <matrix sid="transform">1 0 0 0 0 1 0 0 0 0 1 0 0 0 0 1</matrix>
        <node id="gaul_arjoi2_Skin_root" name="root" sid="root" type="JOINT">
          <matrix sid="transform">1 3.37867e-15 4.28495e-8 0 4.28495e-8 -1.34359e-7 -1 -1.01207e-7 2.37855e-15 1 -1.19209e-7 2.154822 0 0 0 1</matrix>
          <node id="gaul_arjoi2_Skin_pelvis" name="pelvis" sid="pelvis" type="JOINT">
            <matrix sid="transform">1 0 1.23306e-8 2.88204e-4 -4.59353e-16 1 3.72529e-8 -0.1648533 -1.23306e-8 -3.72529e-8 1 -0.05965078 0 0 0 1</matrix>
            <node id="gaul_arjoi2_Skin_femurleft" name="femurleft" sid="femurleft" type="JOINT">
              <matrix sid="transform">1 -3.57593e-15 5.09436e-9 0.2292778 0 1 0 -0.0098176 -5.09436e-9 2.48583e-10 1 0.05965089 0 0 0 1</matrix>
              <node id="gaul_arjoi2_Skin_butt-l" name="butt-l" sid="butt-l" type="JOINT">
                <matrix sid="transform">1 -4.07063e-15 4.2319e-9 4.67524e-4 1.89181e-15 1 -4.47035e-7 -0.09852624 -4.2319e-9 4.47035e-7 1 -0.2278656 0 0 0 1</matrix>
                <extra>
                  <technique profile="blender">
                    <layer sid="layer" type="string">0</layer>
                    <roll sid="roll" type="float">0</roll>
                    <tip_x sid="tip_x" type="float">0</tip_x>
                    <tip_y sid="tip_y" type="float">0</tip_y>
                    <tip_z sid="tip_z" type="float">0.1</tip_z>
                  </technique>
                </extra>
              </node>
              <node id="gaul_arjoi2_Skin_knee-l-top" name="knee-l-top" sid="knee-l-top" type="JOINT">
                <matrix sid="transform">1 -4.07063e-15 7.79386e-9 0.02838679 0 0.9999999 0 -0.4877245 -7.79386e-9 0 1 0.357712 0 0 0 1</matrix>
                <extra>
                  <technique profile="blender">
                    <layer sid="layer" type="string">0</layer>
                    <roll sid="roll" type="float">0</roll>
                    <tip_x sid="tip_x" type="float">0</tip_x>
                    <tip_y sid="tip_y" type="float">0</tip_y>
                    <tip_z sid="tip_z" type="float">0.1</tip_z>
                  </technique>
                </extra>
              </node>
              <node id="gaul_arjoi2_Skin_knee-l-bopttom" name="knee-l-bopttom" sid="knee-l-bopttom" type="JOINT">
                <matrix sid="transform">1 -4.07063e-15 3.25892e-8 0.03209619 3.64213e-15 1 -1.11759e-7 -0.7369263 -3.25892e-8 1.11759e-7 1 -0.03760034 0 0 0 1</matrix>
                <node id="gaul_arjoi2_Skin_ankle_left" name="ankle left" sid="ankle_left" type="JOINT">
                  <matrix sid="transform">1 -2.79396e-8 9.85969e-7 0.008728176 3.37577e-7 -0.9295399 -0.3687216 -1.121673 9.268e-7 0.3687215 -0.9295392 -0.06275674 0 0 0 1</matrix>
                  <node id="gaul_arjoi2_Skin_foot_left01" name="foot left01" sid="foot_left01" type="JOINT">
                    <matrix sid="transform">1 8.26356e-7 4.12623e-5 2.68221e-7 -3.83346e-5 0.3889548 0.9212569 0.2168393 -1.52879e-5 -0.9212568 0.3889548 -0.2809225 0 0 0 1</matrix>
                    <extra>
                      <technique profile="blender">
                        <layer sid="layer" type="string">0</layer>
                        <roll sid="roll" type="float">4.16037e-5</roll>
                        <tip_x sid="tip_x" type="float">0</tip_x>
                        <tip_y sid="tip_y" type="float">-0.09997612</tip_y>
                        <tip_z sid="tip_z" type="float">-0.002186119</tip_z>
                      </technique>
                    </extra>
                  </node>
                  <extra>
                    <technique profile="blender">
                      <layer sid="layer" type="string">0</layer>
                      <roll sid="roll" type="float">8.99649e-7</roll>
                      <tip_x sid="tip_x" type="float">0</tip_x>
                      <tip_y sid="tip_y" type="float">-0.03687214</tip_y>
                      <tip_z sid="tip_z" type="float">-0.09295403</tip_z>
                    </technique>
                  </extra>
                </node>
                <extra>
                  <technique profile="blender">
                    <layer sid="layer" type="string">0</layer>
                    <roll sid="roll" type="float">0</roll>
                    <tip_x sid="tip_x" type="float">0</tip_x>
                    <tip_y sid="tip_y" type="float">0</tip_y>
                    <tip_z sid="tip_z" type="float">0.1</tip_z>
                  </technique>
                </extra>
              </node>
              <extra>
                <technique profile="blender">
                  <layer sid="layer" type="string">0</layer>
                  <roll sid="roll" type="float">0</roll>
                  <tip_x sid="tip_x" type="float">0</tip_x>
                  <tip_y sid="tip_y" type="float">0</tip_y>
                  <tip_z sid="tip_z" type="float">0.1000001</tip_z>
                </technique>
              </extra>
            </node>
            <node id="gaul_arjoi2_Skin_femurright" name="femurright" sid="femurright" type="JOINT">
              <matrix sid="transform">1 -3.57593e-15 5.09437e-9 -0.2316408 0 1 -3.72529e-8 -0.0098176 -5.09437e-9 3.75014e-8 1 0.05965089 0 0 0 1</matrix>
              <node id="gaul_arjoi2_Skin_butt-r" name="butt-r" sid="butt-r" type="JOINT">
                <matrix sid="transform">1 -4.26041e-15 5.58592e-9 -0.003262326 1.66473e-15 1 -2.98023e-7 -0.09589553 -5.58592e-9 2.98023e-7 1 -0.2262758 0 0 0 1</matrix>
                <extra>
                  <technique profile="blender">
                    <layer sid="layer" type="string">0</layer>
                    <roll sid="roll" type="float">0</roll>
                    <tip_x sid="tip_x" type="float">0</tip_x>
                    <tip_y sid="tip_y" type="float">0</tip_y>
                    <tip_z sid="tip_z" type="float">0.1</tip_z>
                  </technique>
                </extra>
              </node>
              <node id="gaul_arjoi2_Skin_knee-r-top" name="knee-r-top" sid="knee-r-top" type="JOINT">
                <matrix sid="transform">1 -4.26041e-15 9.03823e-9 0.05288471 0 1 0 -0.4883389 -9.03823e-9 0 1 0.3589508 0 0 0 1</matrix>
                <extra>
                  <technique profile="blender">
                    <layer sid="layer" type="string">0</layer>
                    <roll sid="roll" type="float">0</roll>
                    <tip_x sid="tip_x" type="float">0</tip_x>
                    <tip_y sid="tip_y" type="float">0</tip_y>
                    <tip_z sid="tip_z" type="float">0.1</tip_z>
                  </technique>
                </extra>
              </node>
              <node id="gaul_arjoi2_Skin_knee-r-bopttom" name="knee-r-bopttom" sid="knee-r-bopttom" type="JOINT">
                <matrix sid="transform">1 -4.26041e-15 2.04881e-8 -0.01414061 7.63241e-16 1 -3.72529e-8 -0.7370366 -2.04881e-8 3.72529e-8 1 -0.0376003 0 0 0 1</matrix>
                <node id="gaul_arjoi2_Skin_ankleright" name="ankleright" sid="ankleright" type="JOINT">
                  <matrix sid="transform">1 -2.79397e-8 8.9574e-7 -0.0131759 3.04306e-7 -0.9295402 -0.3687209 -1.118303 8.42927e-7 0.3687209 -0.9295413 -0.06275677 0 0 0 1</matrix>
                  <node id="gaul_arjoi2_Skin_foot_right01" name="foot right01" sid="foot_right01" type="JOINT">
                    <matrix sid="transform">1 7.55334e-7 3.37181e-5 1.78814e-7 -3.1357e-5 0.3889425 0.921262 0.2168391 -1.24185e-5 -0.9212621 0.3889425 -0.2809219 0 0 0 1</matrix>
                    <extra>
                      <technique profile="blender">
                        <layer sid="layer" type="string">0</layer>
                        <roll sid="roll" type="float">3.40203e-5</roll>
                        <tip_x sid="tip_x" type="float">0</tip_x>
                        <tip_y sid="tip_y" type="float">-0.09997612</tip_y>
                        <tip_z sid="tip_z" type="float">-0.002184927</tip_z>
                      </technique>
                    </extra>
                  </node>
                  <extra>
                    <technique profile="blender">
                      <layer sid="layer" type="string">0</layer>
                      <roll sid="roll" type="float">8.20666e-7</roll>
                      <tip_x sid="tip_x" type="float">0</tip_x>
                      <tip_y sid="tip_y" type="float">-0.03687202</tip_y>
                      <tip_z sid="tip_z" type="float">-0.09295403</tip_z>
                    </technique>
                  </extra>
                </node>
                <extra>
                  <technique profile="blender">
                    <layer sid="layer" type="string">0</layer>
                    <roll sid="roll" type="float">0</roll>
                    <tip_x sid="tip_x" type="float">0</tip_x>
                    <tip_y sid="tip_y" type="float">0</tip_y>
                    <tip_z sid="tip_z" type="float">0.1</tip_z>
                  </technique>
                </extra>
              </node>
              <extra>
                <technique profile="blender">
                  <layer sid="layer" type="string">0</layer>
                  <roll sid="roll" type="float">0</roll>
                  <tip_x sid="tip_x" type="float">0</tip_x>
                  <tip_y sid="tip_y" type="float">0</tip_y>
                  <tip_z sid="tip_z" type="float">0.1000001</tip_z>
                </technique>
              </extra>
            </node>
            <node id="gaul_arjoi2_Skin_lumbar" name="lumbar" sid="lumbar" type="JOINT">
              <matrix sid="transform">1 -3.57593e-15 4.81517e-9 0.004538175 0 1 3.72529e-8 0.189765 -4.81517e-9 -3.70044e-8 1 -0.05340067 0 0 0 1</matrix>
              <node id="gaul_arjoi2_Skin_rib" name="rib" sid="rib" type="JOINT">
                <matrix sid="transform">1 -3.86414e-15 4.31046e-9 -0.01278648 0 1 3.55271e-15 0.7050579 -4.31046e-9 2.48548e-10 1 0.1130517 0 0 0 1</matrix>
                <node id="gaul_arjoi2_Skin_scapula" name="scapula" sid="scapula" type="JOINT">
                  <matrix sid="transform">0.2428486 -0.9700642 -7.12715e-8 0.4182978 0.9700642 0.2428486 -3.92293e-8 0.2449713 5.53632e-8 -5.96111e-8 1 -4.3288e-8 0 0 0 1</matrix>
                  <node id="gaul_arjoi2_Skin_ulna" name="ulna" sid="ulna" type="JOINT">
                    <matrix sid="transform">1 1.63913e-7 -3.97663e-8 0.123739 -1.49012e-7 0.9999999 7.10543e-15 -0.5993565 3.97663e-8 0 1 -4.36928e-9 0 0 0 1</matrix>
                    <node id="gaul_arjoi2_Skin_carpal" name="carpal" sid="carpal" type="JOINT">
                      <matrix sid="transform">1 -2.23517e-7 -3.24892e-8 0.1033103 4.61936e-7 1 -1.49011e-7 -0.5754045 3.24892e-8 1.49011e-7 1 0.07377817 0 0 0 1</matrix>
                      <node id="gaul_arjoi2_Skin_ammo_node_1" name="ammo node 1" sid="ammo_node_1" type="JOINT">
                        <matrix sid="transform">1 7.45378e-7 -3.50177e-5 0.1766818 -3.48538e-5 0.001922249 -0.9999982 0.2353451 -6.7614e-7 0.9999982 0.001922248 -0.07377829 0 0 0 1</matrix>
                        <extra>
                          <technique profile="blender">
                            <layer sid="layer" type="string">0</layer>
                            <roll sid="roll" type="float">-2.307291</roll>
                            <tip_x sid="tip_x" type="float">-1.86443e-4</tip_x>
                            <tip_y sid="tip_y" type="float">-0.09999984</tip_y>
                            <tip_z sid="tip_z" type="float">4.673e-5</tip_z>
                          </technique>
                        </extra>
                      </node>
                      <extra>
                        <technique profile="blender">
                          <layer sid="layer" type="string">0</layer>
                          <roll sid="roll" type="float">-1.325496</roll>
                          <tip_x sid="tip_x" type="float">-0.09700655</tip_x>
                          <tip_y sid="tip_y" type="float">0</tip_y>
                          <tip_z sid="tip_z" type="float">0.02428483</tip_z>
                        </technique>
                      </extra>
                    </node>
                    <extra>
                      <technique profile="blender">
                        <layer sid="layer" type="string">0</layer>
                        <roll sid="roll" type="float">-1.325495</roll>
                        <tip_x sid="tip_x" type="float">-0.09700632</tip_x>
                        <tip_y sid="tip_y" type="float">0</tip_y>
                        <tip_z sid="tip_z" type="float">0.02428483</tip_z>
                      </technique>
                    </extra>
                  </node>
                  <extra>
                    <technique profile="blender">
                      <layer sid="layer" type="string">0</layer>
                      <roll sid="roll" type="float">-1.325495</roll>
                      <tip_x sid="tip_x" type="float">-0.09700632</tip_x>
                      <tip_y sid="tip_y" type="float">0</tip_y>
                      <tip_z sid="tip_z" type="float">0.02428483</tip_z>
                    </technique>
                  </extra>
                </node>
                <node id="gaul_arjoi2_Skin_scapula01" name="scapula01" sid="scapula01" type="JOINT">
                  <matrix sid="transform">0.2059487 0.9785628 -7.60929e-8 -0.4432709 -0.9785628 0.2059485 5.71239e-8 0.2449713 7.15705e-8 6.26971e-8 1 -4.3288e-8 0 0 0 1</matrix>
                  <node id="gaul_arjoi2_Skin_ulna01" name="ulna01" sid="ulna01" type="JOINT">
                    <matrix sid="transform">1 -1.63913e-7 -4.22016e-8 -0.1120019 1.3411e-7 0.9999999 -1.1921e-7 -0.5993566 4.22016e-8 1.1921e-7 1 -5.84006e-9 0 0 0 1</matrix>
                    <node id="gaul_arjoi2_Skin_smoke_node_1" name="smoke node 1" sid="smoke_node_1" type="JOINT">
                      <matrix sid="transform">1 1.5666e-6 -5.79357e-5 -0.1116509 -5.82337e-5 -0.006684657 -0.9999776 -0.7135487 -1.95391e-6 0.9999776 -0.006684542 0.04844659 0 0 0 1</matrix>
                      <node id="gaul_arjoi2_Skin_ammo_node_0" name="ammo node 0" sid="ammo_node_0" type="JOINT">
                        <matrix sid="transform">1 -3.0607e-5 -1.23857e-6 0.002617598 1.03237e-6 -0.006685977 0.9999776 1.569697 -3.09199e-5 -0.9999776 -0.006685854 0.04451621 0 0 0 1</matrix>
                        <extra>
                          <technique profile="blender">
                            <layer sid="layer" type="string">0</layer>
                            <roll sid="roll" type="float">1.363391</roll>
                            <tip_x sid="tip_x" type="float">0.0983349</tip_x>
                            <tip_y sid="tip_y" type="float">1.19209e-7</tip_y>
                            <tip_z sid="tip_z" type="float">0.02069282</tip_z>
                          </technique>
                        </extra>
                      </node>
                      <extra>
                        <technique profile="blender">
                          <layer sid="layer" type="string">0</layer>
                          <roll sid="roll" type="float">1.363057</roll>
                          <tip_x sid="tip_x" type="float">-6.54101e-4</tip_x>
                          <tip_y sid="tip_y" type="float">-0.09999775</tip_y>
                          <tip_z sid="tip_z" type="float">-1.37806e-4</tip_z>
                        </technique>
                      </extra>
                    </node>
                    <extra>
                      <technique profile="blender">
                        <layer sid="layer" type="string">0</layer>
                        <roll sid="roll" type="float">1.363363</roll>
                        <tip_x sid="tip_x" type="float">0.09785616</tip_x>
                        <tip_y sid="tip_y" type="float">0</tip_y>
                        <tip_z sid="tip_z" type="float">0.02059483</tip_z>
                      </technique>
                    </extra>
                  </node>
                  <extra>
                    <technique profile="blender">
                      <layer sid="layer" type="string">0</layer>
                      <roll sid="roll" type="float">1.363363</roll>
                      <tip_x sid="tip_x" type="float">0.09785616</tip_x>
                      <tip_y sid="tip_y" type="float">0</tip_y>
                      <tip_z sid="tip_z" type="float">0.02059483</tip_z>
                    </technique>
                  </extra>
                </node>
                <node id="gaul_arjoi2_Skin_neck" name="neck" sid="neck" type="JOINT">
                  <matrix sid="transform">1 2.32827e-10 3.80593e-9 -0.01369714 2.26139e-16 1 -5.94176e-8 0.4694998 -3.80593e-9 5.94176e-8 1 -1.37032e-7 0 0 0 1</matrix>
                  <node id="gaul_arjoi2_Skin_skull" name="skull" sid="skull" type="JOINT">
                    <matrix sid="transform">1 -4.57607e-15 1.57439e-9 -0.007297663 0 1 2.33491e-10 0.4520023 -1.57439e-9 -2.33484e-10 1 7.10188e-8 0 0 0 1</matrix>
                    <node id="gaul_arjoi2_Skin_nogginbottom" name="nogginbottom" sid="nogginbottom" type="JOINT">
                      <matrix sid="transform">1 3.49245e-9 2.45821e-7 0.001799157 -1.37681e-8 0.9991255 0.04181381 0.08982563 -2.4546e-7 -0.04181381 0.9991254 0.2822085 0 0 0 1</matrix>
                      <extra>
                        <technique profile="blender">
                          <layer sid="layer" type="string">0</layer>
                          <roll sid="roll" type="float">3.15446e-7</roll>
                          <tip_x sid="tip_x" type="float">0</tip_x>
                          <tip_y sid="tip_y" type="float">0.004181385</tip_y>
                          <tip_z sid="tip_z" type="float">0.09991264</tip_z>
                        </technique>
                      </extra>
                    </node>
                    <node id="gaul_arjoi2_Skin_plumes" name="plumes" sid="plumes" type="JOINT">
                      <matrix sid="transform">1 2.3283e-9 4.80421e-7 -0.002369054 -1.24653e-8 0.9997773 0.02110134 0.1819341 -4.80265e-7 -0.02110134 0.9997773 0.1862074 0 0 0 1</matrix>
                      <extra>
                        <technique profile="blender">
                          <layer sid="layer" type="string">0</layer>
                          <roll sid="roll" type="float">5.50092e-7</roll>
                          <tip_x sid="tip_x" type="float">0</tip_x>
                          <tip_y sid="tip_y" type="float">0.002110123</tip_y>
                          <tip_z sid="tip_z" type="float">0.09997797</tip_z>
                        </technique>
                      </extra>
                    </node>
                    <node id="gaul_arjoi2_Skin_skulltop" name="skulltop" sid="skulltop" type="JOINT">
                      <matrix sid="transform">1 -4.76348e-15 4.68314e-9 -0.004168242 0 1 5.68434e-13 0.3702886 -4.68314e-9 -5.68434e-13 1 9.23706e-14 0 0 0 1</matrix>
                      <extra>
                        <technique profile="blender">
                          <layer sid="layer" type="string">0</layer>
                          <roll sid="roll" type="float">0</roll>
                          <tip_x sid="tip_x" type="float">0</tip_x>
                          <tip_y sid="tip_y" type="float">0</tip_y>
                          <tip_z sid="tip_z" type="float">0.1000003</tip_z>
                        </technique>
                      </extra>
                    </node>
                    <extra>
                      <technique profile="blender">
                        <layer sid="layer" type="string">0</layer>
                        <roll sid="roll" type="float">0</roll>
                        <tip_x sid="tip_x" type="float">0</tip_x>
                        <tip_y sid="tip_y" type="float">0</tip_y>
                        <tip_z sid="tip_z" type="float">0.1000001</tip_z>
                      </technique>
                    </extra>
                  </node>
                  <node id="gaul_arjoi2_Skin_smoke_node_0" name="smoke node 0" sid="smoke_node_0" type="JOINT">
                    <matrix sid="transform">0.9999998 -4.04548e-4 -4.26682e-4 0.006514964 -4.26682e-4 1.07102e-7 -0.9999999 0.0921874 4.04548e-4 0.9999999 -9.78536e-8 0.2430203 0 0 0 1</matrix>
                    <extra>
                      <technique profile="blender">
                        <layer sid="layer" type="string">0</layer>
                        <roll sid="roll" type="float">3.141166</roll>
                        <tip_x sid="tip_x" type="float">-4.04483e-5</tip_x>
                        <tip_y sid="tip_y" type="float">-0.1</tip_y>
                        <tip_z sid="tip_z" type="float">0</tip_z>
                      </technique>
                    </extra>
                  </node>
                  <extra>
                    <technique profile="blender">
                      <layer sid="layer" type="string">0</layer>
                      <roll sid="roll" type="float">0</roll>
                      <tip_x sid="tip_x" type="float">0</tip_x>
                      <tip_y sid="tip_y" type="float">0</tip_y>
                      <tip_z sid="tip_z" type="float">0.0999999</tip_z>
                    </technique>
                  </extra>
                </node>
                <node id="gaul_arjoi2_Skin_cloaktop" name="cloaktop" sid="cloaktop" type="JOINT">
                  <matrix sid="transform">1 2.32827e-10 8.62743e-9 0.009935169 2.57117e-15 1 -2.98023e-7 0.3512921 -8.62743e-9 2.98023e-7 1 -0.1981268 0 0 0 1</matrix>
                  <node id="gaul_arjoi2_Skin_cloak" name="cloak" sid="cloak" type="JOINT">
                    <matrix sid="transform">1 -7.20968e-15 1.42791e-10 0.004538157 0 1 2.98024e-7 -0.8590815 -1.42791e-10 -2.97775e-7 1 -0.2356978 0 0 0 1</matrix>
                    <node id="gaul_arjoi2_Skin_cloakbottom" name="cloakbottom" sid="cloakbottom" type="JOINT">
                      <matrix sid="transform">1 -7.21823e-15 0 -0.02733968 0 1 0 -0.8312194 0 2.47837e-10 1 -0.1177092 0 0 0 1</matrix>
                      <extra>
                        <technique profile="blender">
                          <layer sid="layer" type="string">0</layer>
                          <roll sid="roll" type="float">0</roll>
                          <tip_x sid="tip_x" type="float">0</tip_x>
                          <tip_y sid="tip_y" type="float">0</tip_y>
                          <tip_z sid="tip_z" type="float">0.1000001</tip_z>
                        </technique>
                      </extra>
                    </node>
                    <extra>
                      <technique profile="blender">
                        <layer sid="layer" type="string">0</layer>
                        <roll sid="roll" type="float">0</roll>
                        <tip_x sid="tip_x" type="float">0</tip_x>
                        <tip_y sid="tip_y" type="float">0</tip_y>
                        <tip_z sid="tip_z" type="float">0.0999999</tip_z>
                      </technique>
                    </extra>
                  </node>
                  <extra>
                    <technique profile="blender">
                      <layer sid="layer" type="string">0</layer>
                      <roll sid="roll" type="float">0</roll>
                      <tip_x sid="tip_x" type="float">0</tip_x>
                      <tip_y sid="tip_y" type="float">0</tip_y>
                      <tip_z sid="tip_z" type="float">0.1000001</tip_z>
                    </technique>
                  </extra>
                </node>
                <extra>
                  <technique profile="blender">
                    <layer sid="layer" type="string">0</layer>
                    <roll sid="roll" type="float">0</roll>
                    <tip_x sid="tip_x" type="float">0</tip_x>
                    <tip_y sid="tip_y" type="float">0</tip_y>
                    <tip_z sid="tip_z" type="float">0.1000001</tip_z>
                  </technique>
                </extra>
              </node>
              <extra>
                <technique profile="blender">
                  <layer sid="layer" type="string">0</layer>
                  <roll sid="roll" type="float">0</roll>
                  <tip_x sid="tip_x" type="float">0</tip_x>
                  <tip_y sid="tip_y" type="float">0</tip_y>
                  <tip_z sid="tip_z" type="float">0.0999999</tip_z>
                </technique>
              </extra>
            </node>
            <extra>
              <technique profile="blender">
                <layer sid="layer" type="string">0</layer>
                <roll sid="roll" type="float">0</roll>
                <tip_x sid="tip_x" type="float">0</tip_x>
                <tip_y sid="tip_y" type="float">0</tip_y>
                <tip_z sid="tip_z" type="float">0.0999999</tip_z>
              </technique>
            </extra>
          </node>
          <extra>
            <technique profile="blender">
              <layer sid="layer" type="string">0</layer>
              <roll sid="roll" type="float">0</roll>
              <tip_x sid="tip_x" type="float">0</tip_x>
              <tip_y sid="tip_y" type="float">0</tip_y>
              <tip_z sid="tip_z" type="float">0.0999999</tip_z>
            </technique>
          </extra>
        </node>
      </node>
      <node id="clipeus" name="clipeus" type="NODE">
        <translate sid="location">0 0 0</translate>
        <rotate sid="rotationZ">0 0 1 0</rotate>
        <rotate sid="rotationY">0 1 0 0</rotate>
        <rotate sid="rotationX">1 0 0 0</rotate>
        <scale sid="scale">1 1 1</scale>
        <instance_controller url="#gaul_arjoi2_Skin_clipeus-skin">
          <skeleton>#gaul_arjoi2_Skin_root</skeleton>
          <bind_material>
            <technique_common>
              <instance_material symbol="thorakitai1_Mat-material" target="#thorakitai1_Mat-material"/>
            </technique_common>
          </bind_material>
        </instance_controller>
      </node>
    </visual_scene>
  </library_visual_scenes>
  <scene>
    <instance_visual_scene url="#Scene"/>
  </scene>
</COLLADA>