<?xml version="1.0" encoding="utf-8"?>
<COLLADA xmlns="http://www.collada.org/2005/11/COLLADASchema" version="1.4.1" xmlns:xsi="http://www.w3.org/2001/XMLSchema-instance">
  <asset>
    <contributor>
      <author>Blender User</author>
      <authoring_tool>Blender 2.79.0 commit date:2017-09-11, commit time:10:43, hash:5bd8ac9</authoring_tool>
    </contributor>
    <created>2019-02-14T08:33:06</created>
    <modified>2019-02-14T08:33:06</modified>
    <unit name="meter" meter="1"/>
    <up_axis>Z_UP</up_axis>
  </asset>
  <library_cameras>
    <camera id="Camera-camera" name="Camera">
      <optics>
        <technique_common>
          <perspective>
            <xfov sid="xfov">49.13434</xfov>
            <aspect_ratio>1.777778</aspect_ratio>
            <znear sid="znear">0.1</znear>
            <zfar sid="zfar">100</zfar>
          </perspective>
        </technique_common>
      </optics>
      <extra>
        <technique profile="blender">
          <shiftx sid="shiftx" type="float">0</shiftx>
          <shifty sid="shifty" type="float">0</shifty>
          <YF_dofdist sid="YF_dofdist" type="float">0</YF_dofdist>
        </technique>
      </extra>
    </camera>
  </library_cameras>
  <library_lights>
    <light id="Lamp-light" name="Lamp">
      <technique_common>
        <point>
          <color sid="color">1 1 1</color>
          <constant_attenuation>1</constant_attenuation>
          <linear_attenuation>0</linear_attenuation>
          <quadratic_attenuation>0.00111109</quadratic_attenuation>
        </point>
      </technique_common>
      <extra>
        <technique profile="blender">
          <type sid="type" type="int">0</type>
          <flag sid="flag" type="int">0</flag>
          <mode sid="mode" type="int">8192</mode>
          <gamma sid="blender_gamma" type="float">1</gamma>
          <red sid="red" type="float">1</red>
          <green sid="green" type="float">1</green>
          <blue sid="blue" type="float">1</blue>
          <shadow_r sid="blender_shadow_r" type="float">0</shadow_r>
          <shadow_g sid="blender_shadow_g" type="float">0</shadow_g>
          <shadow_b sid="blender_shadow_b" type="float">0</shadow_b>
          <energy sid="blender_energy" type="float">1</energy>
          <dist sid="blender_dist" type="float">29.99998</dist>
          <spotsize sid="spotsize" type="float">75</spotsize>
          <spotblend sid="spotblend" type="float">0.15</spotblend>
          <halo_intensity sid="blnder_halo_intensity" type="float">1</halo_intensity>
          <att1 sid="att1" type="float">0</att1>
          <att2 sid="att2" type="float">1</att2>
          <falloff_type sid="falloff_type" type="int">2</falloff_type>
          <clipsta sid="clipsta" type="float">1.000799</clipsta>
          <clipend sid="clipend" type="float">30.002</clipend>
          <bias sid="bias" type="float">1</bias>
          <soft sid="soft" type="float">3</soft>
          <compressthresh sid="compressthresh" type="float">0.04999995</compressthresh>
          <bufsize sid="bufsize" type="int">2880</bufsize>
          <samp sid="samp" type="int">3</samp>
          <buffers sid="buffers" type="int">1</buffers>
          <filtertype sid="filtertype" type="int">0</filtertype>
          <bufflag sid="bufflag" type="int">0</bufflag>
          <buftype sid="buftype" type="int">2</buftype>
          <ray_samp sid="ray_samp" type="int">1</ray_samp>
          <ray_sampy sid="ray_sampy" type="int">1</ray_sampy>
          <ray_sampz sid="ray_sampz" type="int">1</ray_sampz>
          <ray_samp_type sid="ray_samp_type" type="int">0</ray_samp_type>
          <area_shape sid="area_shape" type="int">1</area_shape>
          <area_size sid="area_size" type="float">0.1</area_size>
          <area_sizey sid="area_sizey" type="float">0.1</area_sizey>
          <area_sizez sid="area_sizez" type="float">1</area_sizez>
          <adapt_thresh sid="adapt_thresh" type="float">0.000999987</adapt_thresh>
          <ray_samp_method sid="ray_samp_method" type="int">1</ray_samp_method>
          <shadhalostep sid="shadhalostep" type="int">0</shadhalostep>
          <sun_effect_type sid="sun_effect_type" type="int">0</sun_effect_type>
          <skyblendtype sid="skyblendtype" type="int">1</skyblendtype>
          <horizon_brightness sid="horizon_brightness" type="float">1</horizon_brightness>
          <spread sid="spread" type="float">1</spread>
          <sun_brightness sid="sun_brightness" type="float">1</sun_brightness>
          <sun_size sid="sun_size" type="float">1</sun_size>
          <backscattered_light sid="backscattered_light" type="float">1</backscattered_light>
          <sun_intensity sid="sun_intensity" type="float">1</sun_intensity>
          <atm_turbidity sid="atm_turbidity" type="float">2</atm_turbidity>
          <atm_extinction_factor sid="atm_extinction_factor" type="float">1</atm_extinction_factor>
          <atm_distance_factor sid="atm_distance_factor" type="float">1</atm_distance_factor>
          <skyblendfac sid="skyblendfac" type="float">1</skyblendfac>
          <sky_exposure sid="sky_exposure" type="float">1</sky_exposure>
          <sky_colorspace sid="sky_colorspace" type="int">0</sky_colorspace>
        </technique>
      </extra>
    </light>
  </library_lights>
  <library_images/>
  <library_effects>
    <effect id="spearman-sue-effect">
      <profile_COMMON>
        <technique sid="common">
          <phong>
            <emission>
              <color sid="emission">0 0 0 1</color>
            </emission>
            <ambient>
              <color sid="ambient">0 0 0 1</color>
            </ambient>
            <diffuse>
              <color sid="diffuse">0.64 0.64 0.64 1</color>
            </diffuse>
            <specular>
              <color sid="specular">0.5 0.5 0.5 1</color>
            </specular>
            <shininess>
              <float sid="shininess">50</float>
            </shininess>
            <index_of_refraction>
              <float sid="index_of_refraction">1</float>
            </index_of_refraction>
          </phong>
        </technique>
      </profile_COMMON>
    </effect>
    <effect id="swordsman_Northern2_Mat-effect">
      <profile_COMMON>
        <technique sid="common">
          <phong>
            <emission>
              <color sid="emission">0 0 0 1</color>
            </emission>
            <ambient>
              <color sid="ambient">0 0 0 1</color>
            </ambient>
            <diffuse>
              <color sid="diffuse">0.64 0.64 0.64 1</color>
            </diffuse>
            <specular>
              <color sid="specular">0.5 0.5 0.5 1</color>
            </specular>
            <shininess>
              <float sid="shininess">50</float>
            </shininess>
            <index_of_refraction>
              <float sid="index_of_refraction">1</float>
            </index_of_refraction>
          </phong>
        </technique>
      </profile_COMMON>
    </effect>
    <effect id="thorakitai1_Mat_001-effect">
      <profile_COMMON>
        <technique sid="common">
          <phong>
            <emission>
              <color sid="emission">0 0 0 1</color>
            </emission>
            <ambient>
              <color sid="ambient">0 0 0 1</color>
            </ambient>
            <diffuse>
              <color sid="diffuse">0.64 0.64 0.64 1</color>
            </diffuse>
            <specular>
              <color sid="specular">0.5 0.5 0.5 1</color>
            </specular>
            <shininess>
              <float sid="shininess">50</float>
            </shininess>
            <index_of_refraction>
              <float sid="index_of_refraction">1</float>
            </index_of_refraction>
          </phong>
        </technique>
      </profile_COMMON>
    </effect>
    <effect id="thorakitai1_Mat-effect">
      <profile_COMMON>
        <technique sid="common">
          <phong>
            <emission>
              <color sid="emission">0 0 0 1</color>
            </emission>
            <ambient>
              <color sid="ambient">0 0 0 1</color>
            </ambient>
            <diffuse>
              <color sid="diffuse">0.64 0.64 0.64 1</color>
            </diffuse>
            <specular>
              <color sid="specular">0.5 0.5 0.5 1</color>
            </specular>
            <shininess>
              <float sid="shininess">50</float>
            </shininess>
            <index_of_refraction>
              <float sid="index_of_refraction">1</float>
            </index_of_refraction>
          </phong>
        </technique>
      </profile_COMMON>
    </effect>
  </library_effects>
  <library_materials>
    <material id="spearman-sue-material" name="spearman-sue">
      <instance_effect url="#spearman-sue-effect"/>
    </material>
    <material id="swordsman_Northern2_Mat-material" name="swordsman_Northern2_Mat">
      <instance_effect url="#swordsman_Northern2_Mat-effect"/>
    </material>
    <material id="thorakitai1_Mat_001-material" name="thorakitai1_Mat_001">
      <instance_effect url="#thorakitai1_Mat_001-effect"/>
    </material>
    <material id="thorakitai1_Mat-material" name="thorakitai1_Mat">
      <instance_effect url="#thorakitai1_Mat-effect"/>
    </material>
  </library_materials>
  <library_geometries>
    <geometry id="liner_003-mesh" name="liner.003">
      <mesh>
        <source id="liner_003-mesh-positions">
          <float_array id="liner_003-mesh-positions-array" count="1515">1.343019 0.8623123 3.276915 1.343019 0.8623123 3.276915 1.343019 0.8623123 3.276915 1.343019 0.8623123 3.276915 1.346517 0.8623123 3.296051 1.346517 0.8623123 3.296051 1.599662 0.7147259 3.255164 1.599662 0.7147259 3.255164 1.603161 0.7147259 3.2743 1.863824 0.2163129 3.220603 1.863824 0.2163129 3.220603 1.957702 -0.600937 3.160846 1.957702 -0.600937 3.160846 1.959101 -0.600937 3.180534 1.343719 -0.6179445 3.276731 1.343719 -0.6179445 3.276731 1.343719 -0.6179445 3.276731 1.343719 -0.6179445 3.276731 1.345117 -0.6179445 3.29642 1.345117 -0.6179445 3.29642 0.7297347 -0.6009369 3.392616 0.7297347 -0.6009369 3.392616 0.7311342 -0.6009369 3.412305 0.7958057 0.216313 3.353556 0.7958057 0.216313 3.353556 1.086376 0.7147259 3.298666 1.086376 0.7147259 3.298666 1.089874 0.7147259 3.317802 1.506889 0.340119 3.358835 1.344473 0.3693456 3.379054 1.344473 0.3693456 3.379054 1.182057 0.3401192 3.399272 1.081678 0.2636027 3.411768 1.081678 0.1690232 3.411768 1.182056 0.09250688 3.399273 1.344473 0.06328028 3.379054 1.344473 0.06328028 3.379054 1.509029 0.092507 3.366958 1.607268 0.1690233 3.346339 1.607268 0.2636027 3.346339 -1.682794 -1.569901 3.077558 -1.747658 -2.126194 3.046454 -1.75568 -0.1796231 3.03363 -1.768315 -0.1799485 3.092039 -1.792011 -1.669177 3.054352 -1.673153 -0.1767113 3.082628 -1.787346 -0.1805568 3.057215 -1.783889 -0.1805568 3.042245 -1.764858 -0.1799485 3.077069 -1.825787 -0.1879913 3.079163 -1.831243 -0.1881778 3.022598 -1.752223 -0.1796231 3.01866 -1.63144 -0.1820324 3.100647 -1.669695 -0.0957328 3.067658 -1.825787 -0.1879913 3.079163 -1.63144 -0.1820324 3.100647 -1.682977 -0.08620929 3.082509 -1.758972 -0.08673578 3.097736 -1.831243 -0.1881778 3.022598 -1.748377 -0.08675235 3.022684 -1.776217 0.1546874 3.107722 -1.663356 0.1554693 3.085107 -1.760482 0.1546628 2.996261 -1.682977 -0.08620929 3.082509 -1.748377 -0.08675235 3.022684 -1.758972 -0.08673578 3.097736 -0.4696741 0.02788621 3.216026 -0.4065696 -0.1895676 2.888345 -0.4065696 -0.1895676 2.888345 -0.4065696 -0.1895676 2.888345 -0.4696741 0.1183341 3.216026 -0.394937 0.3025183 2.897066 -0.394937 0.3025183 2.897066 -0.394937 0.3025183 2.897066 0.4432092 0.02788639 3.213983 0.3779657 -0.1960437 2.885514 0.3779657 -0.1960437 2.885514 0.3779657 -0.1960437 2.885514 0.3779657 -0.1960437 2.885514 0.4432092 0.1226123 3.213983 0.3653439 0.2998415 2.904748 0.3653439 0.2998415 2.904748 0.3653439 0.2998415 2.904748 0.3653439 0.2998415 2.904748 0.9774563 0.129276 3.1789 0.5387492 0.1230348 3.30127 0.9233198 0.1722082 3.118746 1.146638 0.2191772 3.090534 1.146638 0.2191772 3.090534 0.5322454 -0.04742085 3.276579 1.06475 -0.002001047 3.264277 1.06475 -0.002001047 3.264277 1.000542 -0.002000987 3.020535 1.000542 -0.002000987 3.020535 1.000542 -0.002000987 3.020535 1.047423 -0.1106082 3.118292 1.047423 -0.1106082 3.118292 1.152289 -0.06076478 2.988314 1.182337 -0.07015001 3.102837 1.215277 0.003060221 3.233304 1.179994 0.1735406 3.088931 1.708367 0.01647067 3.125785 1.82622 -0.1231874 3.067144 1.830692 0.05287319 3.04024 1.664883 0.09795004 2.999053 1.680779 -0.1209571 3.034843 1.813358 0.03427326 2.98094 1.82075 -0.124685 3.012326 1.577951 0.09010696 2.997229 1.577951 0.09010696 2.997229 1.620047 0.008627593 3.118693 1.620047 0.008627593 3.118693 1.590619 -0.1288002 3.020767 1.590619 -0.1288002 3.020767 -0.9773185 0.1715239 3.101776 -1.166401 0.2191876 3.101221 -1.166401 0.2191876 3.101221 -1.007375 0.129276 3.156421 -0.5707359 0.1226564 3.289196 -0.5649953 -0.04727494 3.264395 -1.038065 -0.002000987 3.010787 -1.038065 -0.002000987 3.010787 -1.09604 -0.002001047 3.261884 -1.09604 -0.002001047 3.261884 -1.077399 -0.1106141 3.117029 -1.077399 -0.1106141 3.117029 -1.215562 0.1778918 3.096491 -1.188227 -0.05564445 2.982127 -1.216279 -0.06936937 3.105566 -1.247515 0.002426326 3.232896 -1.238122 -0.05466055 3.192954 -1.73334 0.01647293 3.152182 -1.85823 0.05288529 3.070416 -1.852933 -0.1231992 3.09717 -1.693763 0.09796047 3.024159 -1.708554 -0.120969 3.060423 -1.848564 -0.1246977 3.042347 -1.842725 0.03428381 3.010613 -1.607043 0.09011739 3.020176 -1.607043 0.09011739 3.020176 -1.618926 -0.128812 3.043839 -1.618926 -0.128812 3.043839 -1.645105 0.008629858 3.141632 -1.645105 0.008629858 3.141632 -0.4696741 0.02788621 3.216026 -0.4065696 -0.1895676 2.888345 -0.4696741 0.1183341 3.216026 -0.394937 0.3025183 2.897066 0.4432092 0.02788639 3.213983 0.4432092 0.02788639 3.213983 0.3779657 -0.1960437 2.885514 0.4432092 0.1226123 3.213983 0.3653439 0.2998415 2.904748 -0.03375279 0.3149227 3.719444 -0.05518752 0.3176389 3.719444 -0.059641 0.305015 3.817875 -0.03902441 0.3024026 3.817875 -0.201599 -0.1236107 3.719443 -0.1294428 -0.2394824 3.719444 -0.131062 -0.2308416 3.817874 -0.2004641 -0.1193926 3.817873 -0.008448302 0.0273779 3.989722 0.02508956 0.05924963 3.963934 0.02399069 0.06112879 3.963934 -0.2699865 0.04078537 3.719443 -0.227288 -0.05982851 3.719443 -0.2251727 -0.05804491 3.817873 -0.2662414 0.03872871 3.817873 0.1818544 0.2045948 3.719444 0.1825731 0.2113324 3.719444 0.1690446 0.2027662 3.817875 0.1683533 0.1962858 3.817875 -0.04673272 0.04963952 3.963934 -0.04973322 0.03297138 3.963934 0.0423212 0.3167152 3.719444 0.02277684 0.314292 3.719444 0.01534754 0.301796 3.817875 0.03414595 0.3041267 3.817875 0.009841501 -0.01561629 3.963934 0.005863904 -0.01547777 3.963934 -0.1616566 0.2898342 3.719443 -0.2094928 0.2195805 3.720258 -0.2080566 0.2106996 3.818659 -0.1620463 0.2782717 3.817874 -0.03986287 0.06370472 3.964068 -0.01468586 0.08056008 3.963934 -0.02598488 0.07739144 3.963934 -0.2515969 0.1377542 3.719443 -0.2485537 0.1319963 3.817873 0.1885891 0.1936626 3.719444 0.174831 0.1857708 3.817875 -0.1848753 0.1952434 3.724525 -0.1849948 0.1956919 3.723806 -0.2515969 0.1377542 3.723599 -0.1616566 0.2898342 3.723599 -0.0320577 0.07578074 3.963934 -0.1074905 -0.2404052 3.719444 -0.08818638 -0.263239 3.719443 -0.09138035 -0.2536914 3.817873 -0.1099477 -0.2317293 3.817874 0.0343694 0.01315993 3.963934 0.03815019 0.02542245 3.963934 0.09513646 -0.2418801 3.719444 0.1987869 -0.1671206 3.719444 0.1846395 -0.1612418 3.817875 0.08494532 -0.2331477 3.817875 -0.112931 -0.2497938 3.723599 -0.1082144 -0.245881 3.723599 -0.1074905 -0.2404052 3.723601 0.1826084 0.2201969 3.719444 0.1499469 0.2861008 3.719444 0.1376637 0.2746808 3.817875 0.1690785 0.2112923 3.817875 -0.1244374 0.299205 3.719444 -0.1262477 0.2872846 3.817875 0.06354653 -0.2152987 3.723808 0.06913948 -0.2191261 3.723808 0.08348965 -0.2112831 3.723808 -0.04276639 0.01567673 3.963934 0.06201356 -0.2105733 3.723808 0.02410799 0.06228697 3.963934 0.02411371 0.0638107 3.963934 -0.2042318 -0.1086289 3.719443 -0.2029965 -0.1049827 3.817873 0.001223981 0.08040136 3.963934 -0.001964867 0.07998484 3.963934 -0.02007007 -0.0192877 3.963934 0.002769887 -0.01930016 3.963934 -0.004506409 0.3237526 3.719444 -0.01089429 0.3108954 3.817875 0.01878458 0.07513898 3.963934 0.2686352 -0.003131568 3.719445 0.264303 0.01308864 3.719445 0.247655 0.01208913 3.817876 0.2518218 -0.003512024 3.817876 0.01207798 0.07676398 3.963934 0.2349765 0.06624674 3.653548 0.2349765 0.06624674 3.653548 0.1770124 -0.1988036 3.645224 0.1770124 -0.1988036 3.645224 0.1614422 -0.219994 3.578592 0.1614422 -0.219994 3.578592 0.1614422 -0.219994 3.578592 0.1334986 -0.1520496 3.477353 0.1334986 -0.1520496 3.477353 0.1452645 -0.1012184 3.291876 0.1452645 -0.1012184 3.291876 0.1452645 -0.1012184 3.291876 0.2082904 0.1726 3.325309 0.2082904 0.1726 3.325309 -0.2470483 0.06624269 3.653493 -0.2203457 0.1725983 3.325262 -0.2203457 0.1725983 3.325262 -0.2203457 0.1725983 3.325262 -0.1572761 -0.1011645 3.291846 -0.1572761 -0.1011645 3.291846 -0.1572761 -0.1011645 3.291846 -0.1421279 -0.1499786 3.464833 -0.1421279 -0.1499786 3.464833 -0.1738213 -0.2201735 3.579625 -0.1738213 -0.2201735 3.579625 -0.1890702 -0.2293395 3.634858 -0.1890702 -0.2293395 3.634858 -0.1890702 -0.2293395 3.634858 -0.003700137 -0.1644286 3.291862 -0.003700137 -0.1644286 3.291862 0.02121353 -0.243848 3.472935 -0.003906905 -0.2435989 3.471429 -0.003906905 -0.2435989 3.471429 -0.03857487 0.004713177 3.963934 -0.02680158 -0.01520413 3.963934 -0.02321982 -0.01536279 3.963934 0.07742631 0.2821629 3.461306 -0.1011502 0.2821629 3.461283 -0.004882574 -0.2288889 3.632167 -0.004882574 -0.2288889 3.632167 0.02543061 -0.2353535 3.585277 -0.004882752 -0.2521788 3.660064 -0.03081667 -0.2433747 3.470076 -0.03081667 -0.2433747 3.470076 -0.04290187 -0.235691 3.585126 -0.003971695 -0.3202056 3.472994 -0.003971695 -0.3202056 3.472994 0.03744333 0.02821058 3.963934 0.08713465 0.2795881 3.650055 -0.1124482 0.2795881 3.650032 -0.0111885 0.0800932 3.963934 -0.03900444 0.007288396 3.963934 0.02675348 -0.002765774 3.963934 -0.006416499 0.08161097 3.963934 0.4202316 0.04947471 3.593738 0.4202316 0.04947471 3.593738 0.395039 0.1328924 3.594267 0.395039 0.1328924 3.594267 0.2254014 0.1017716 3.725574 0.2254014 0.1017716 3.725574 0.2399059 0.05374389 3.725574 0.2399059 0.05374389 3.725574 0.3224993 0.2858112 3.595238 0.3224993 0.2858112 3.595238 0.1836374 0.189815 3.725574 0.1836374 0.189815 3.725574 0.1196513 0.2551632 3.725574 0.1196513 0.2551632 3.725574 0.2113625 0.3993119 3.595957 0.07503277 0.4597043 3.596341 0.04116082 0.2899343 3.725573 0.04116082 0.2899343 3.725573 -0.0700463 0.4597042 3.59634 -0.0423671 0.2899343 3.725573 -0.0423671 0.2899343 3.725573 -0.206376 0.3993117 3.595955 -0.1208577 0.2551633 3.725573 -0.1208577 0.2551633 3.725573 -0.2738789 0.3303731 3.595517 -0.3175131 0.2858111 3.595235 -0.1848437 0.1898149 3.725573 -0.1848437 0.1898149 3.725573 -0.3900524 0.1328922 3.594263 -0.2266075 0.1017715 3.725572 -0.2266075 0.1017715 3.725572 -0.4152454 0.04947519 3.593732 -0.2411121 0.05374372 3.725572 -0.2411121 0.05374372 3.725572 -0.3900525 -0.124418 3.592629 -0.2266075 -0.04637533 3.725572 -0.2266075 -0.04637533 3.725572 -0.317513 -0.2773368 3.591657 -0.1848437 -0.1344187 3.725573 -0.1848437 -0.1344187 3.725573 -0.2063759 -0.3908374 3.590938 -0.1208575 -0.1997668 3.725573 -0.1208575 -0.1997668 3.725573 -0.07004606 -0.4512299 3.590557 -0.07004606 -0.4512299 3.590557 -0.04236686 -0.234538 3.725573 -0.04236686 -0.234538 3.725573 0.07503288 -0.4512299 3.590557 0.07503288 -0.4512299 3.590557 0.04116082 -0.2345378 3.725573 0.04116082 -0.2345378 3.725573 0.2113626 -0.3908373 3.59094 0.2113626 -0.3908373 3.59094 0.1196514 -0.1997668 3.725574 0.1196514 -0.1997668 3.725574 0.3224995 -0.2773367 3.591661 0.3224995 -0.2773367 3.591661 0.1836375 -0.1344186 3.725574 0.1836375 -0.1344186 3.725574 0.395039 -0.1244178 3.592633 0.395039 -0.1244178 3.592633 0.2254014 -0.04637509 3.725574 0.2254014 -0.04637509 3.725574 0.09812909 0.2837738 3.817875 0.04325896 -0.2537612 3.817875 0.06149762 -0.2323728 3.817875 0.2295346 -0.07212793 3.817876 -0.1151806 -0.2407595 3.817873 -0.02410745 -0.01697659 3.963934 0.1088435 0.2955546 3.719444 0.2454635 -0.07447046 3.719445 -0.112931 -0.2497938 3.719443 0.05179589 -0.2633115 3.719444 0.07075828 -0.2410743 3.719444 0.4087405 0.3267811 2.182376 0.4087405 0.3267811 2.182376 -0.4142838 0.3267755 2.183236 -0.4142838 0.3267755 2.183236 -0.4100583 -0.3160721 2.17433 -0.4100583 -0.3160721 2.17433 -0.4065696 -0.1895676 2.888345 -0.4065696 -0.1895676 2.888345 -0.394937 0.3025183 2.897066 -0.394937 0.3025183 2.897066 0.3779657 -0.1960437 2.885514 0.3779657 -0.1960437 2.885514 0.3653439 0.2998415 2.904748 0.3653439 0.2998415 2.904748 0.4045215 -0.316067 2.173471 0.4045215 -0.316067 2.173471 -0.02243888 -0.3679626 2.886958 -0.1874738 -0.3874693 0.0612365 -0.1874738 -0.3874693 0.0612365 -0.1800043 -0.3874693 -0.00692594 -0.1800043 -0.3874693 -0.00692594 0.1830325 -0.3874692 -0.00281161 0.1830325 -0.3874692 -0.00281161 0.1920691 -0.3874692 0.06821012 0.1920691 -0.3874692 0.06821012 0.3400045 -0.3520032 0.06821036 0.3400045 -0.3520032 0.06821036 0.3914905 -0.3262226 -0.00279206 0.3914905 -0.3262226 -0.00279206 -0.3915318 -0.3262227 -0.006907939 -0.3915318 -0.3262227 -0.006907939 -0.3414229 -0.3520032 0.06123638 -0.3414229 -0.3520032 0.06123638 0.4072237 -0.06344509 1.262371 0.3743781 0.2428812 0.006848514 0.3743781 0.2428812 0.006848514 0.08570969 -0.06376385 1.24255 0.1368584 0.2412616 0.006854236 0.1368584 0.2412616 0.006854236 0.006965041 0.2139245 1.994651 -0.3871088 -0.06192505 1.258171 -0.07914251 -0.06225979 1.238378 -0.1339394 0.2522601 0.002764463 -0.1339394 0.2522601 0.002764463 -0.01501017 0.2232766 1.995144 0.2525087 -0.01224303 0.1856068 0.2525087 -0.01224303 0.1856068 -0.2307814 -0.1816589 1.987925 0.2319262 -0.2180434 1.086758 0.2319262 -0.2180434 1.086758 0.2367851 -0.2794272 1.407347 0.2327533 -0.1703389 1.988035 -0.2284536 -0.2261493 1.086758 -0.2284536 -0.2261493 1.086758 -0.2121686 -0.2913544 1.404124 -0.3744874 0.2539934 0.002758383 -0.3744874 0.2539934 0.002758383 -0.2510623 -0.01371759 0.1815163 -0.2510623 -0.01371759 0.1815163 -0.395159 0.2236249 2.009578 0.3933627 0.2142672 2.009691 0.4387059 -0.0253632 1.09605 0.4387059 -0.0253632 1.09605 -0.07981628 -0.02743411 1.09605 -0.07981628 -0.02743411 1.09605 0.08417916 -0.02972584 1.096058 0.08417916 -0.02972584 1.096058 -0.4195123 -0.02046465 1.09605 -0.4195123 -0.02046465 1.09605 -0.3543573 0.06166261 1.113446 -0.3543573 0.06166261 1.113446 -0.09839487 0.06122964 1.113556 -0.09839487 0.06122964 1.113556 0.103447 0.05164504 1.115963 0.103447 0.05164504 1.115963 0.3522942 0.05201429 1.115892 0.3522942 0.05201429 1.115892 0.1477569 -0.2930748 0.005373716 0.1477569 -0.2930748 0.005373716 0.1550478 -0.2930748 0.07639551 -0.3417108 -0.2576087 0.06942176 -0.3918197 -0.2318281 0.001277387 -0.3918197 -0.2318281 0.001277387 -0.1511796 -0.2930748 0.06942194 -0.145153 -0.2930748 0.001259386 -0.145153 -0.2930748 0.001259386 0.3397167 -0.2576087 0.07639575 0.3912027 -0.2318281 0.005393266 0.3912027 -0.2318281 0.005393266 -0.3229749 0.07871681 1.320328 -0.1292576 0.07850629 1.307878 0.1448737 0.07700639 1.312477 0.3770452 0.07723659 1.326789 -0.4696741 0.02788621 3.216026 -0.4065696 -0.1895676 2.888345 -0.4696741 0.1183341 3.216026 -0.394937 0.3025183 2.897066 0.4432092 0.02788639 3.213983 0.4432092 0.02788639 3.213983 0.3779657 -0.1960437 2.885514 0.4432092 0.1226123 3.213983 0.3653439 0.2998415 2.904748 -0.2170964 0.1422637 3.240602 0.2068881 0.1431903 3.238317 -0.02243888 -0.3679626 2.886958 -0.02243888 -0.3679626 2.886958 0.001017093 -0.1729071 3.268698 0.001017093 -0.1729071 3.268698 0.4087405 0.3267811 2.182376 0.4087405 0.3267811 2.182376 -0.4142838 0.3267755 2.183236 -0.4142838 0.3267755 2.183236 -0.4100583 -0.3160721 2.17433 -0.4100583 -0.3160721 2.17433 0.1948575 -0.4127622 1.871227 0.4727529 -0.1739732 1.878255 0.4727529 -0.1739732 1.878255 0.1627015 0.4354034 1.874855 0.4727533 0.3397417 1.884776 0.4727533 0.3397417 1.884776 0.2596081 0.4411281 1.49239 0.5663315 0.3417758 1.539342 0.5663315 0.3417758 1.539342 0.3083003 -0.3870855 1.504756 0.5657258 -0.23546 1.538785 -0.1963869 -0.412763 1.871225 -0.473605 -0.1739776 1.878251 -0.473605 -0.1739776 1.878251 -0.1371025 0.4353979 1.874748 -0.4736056 0.3397362 1.884771 -0.4736056 0.3397362 1.884771 -0.2513813 0.4411225 1.492358 -0.5496516 0.341768 1.53931 -0.5496516 0.341768 1.53931 -0.5502576 -0.2354651 1.538753 -0.5502576 -0.2354651 1.538753 -0.3049165 -0.3876063 1.504716 0.5553959 -0.2411895 1.5375 0.5553959 -0.2411895 1.5375 0.4045215 -0.316067 2.173471 0.4045215 -0.316067 2.173471</float_array>
          <technique_common>
            <accessor source="#liner_003-mesh-positions-array" count="505" stride="3">
              <param name="X" type="float"/>
              <param name="Y" type="float"/>
              <param name="Z" type="float"/>
            </accessor>
          </technique_common>
        </source>
        <source id="liner_003-mesh-normals">
          <float_array id="liner_003-mesh-normals-array" count="1698">0.4907753 0.8666532 -0.08973187 0.4907791 0.8666501 -0.0897426 0.8677851 0.4709252 -0.1586775 0.9904046 0.1189155 -0.07041281 0.02732264 -0.9996249 -0.001940548 0.02732336 -0.9996249 -0.001942634 -0.02732336 -0.9996249 0.001940548 -0.0273236 -0.9996249 0.001940548 -0.9939802 0.08373403 0.07065308 -0.846005 0.5102435 0.1546847 -0.4907753 0.8666532 0.08973187 -0.4907748 0.866653 0.08973658 0.1235327 1.16816e-6 0.9923406 0.1235386 -3.89387e-7 0.9923398 0.1235394 0 0.9923397 0.1390381 0.03941339 0.9895024 0.07330447 -7.30843e-7 0.9973096 0.2053994 0 0.9786782 0.1235337 -7.35377e-7 0.9923404 0.1235309 2.82591e-6 0.9923408 0.1507948 0.1635307 0.9749456 0.1809826 0.1720063 0.9683281 0.07926994 0.2304325 0.9698542 -0.0119338 0.1660737 0.9860411 -0.2499446 0.4664539 0.8484978 -0.1692446 0.169504 0.9708887 -0.1995349 0 0.9798908 0.09233093 -0.04134267 0.9948697 -0.185286 0.08503836 0.9789983 0.1014023 -0.1197043 0.9876176 0.1818705 -0.09987872 0.9782369 0.1060418 -0.1933936 0.9753738 0.1873286 -0.1181131 0.9751704 0.4626831 -0.3779442 0.8019244 0.3815854 -8.3221e-4 0.9243333 0.4400858 0 0.8979558 0.2377299 0.1552813 0.9588391 0.4567987 0.1443323 0.8777831 -0.1862263 -0.03187817 -0.9819897 -0.03208035 -0.09091663 -0.9953417 -0.1387687 5.7675e-5 -0.9903248 -0.08439809 8.41517e-5 -0.9964321 0.009071707 0.07395833 -0.9972201 -0.1859636 0.01981705 -0.9823569 0.4597623 -0.0039559 -0.8880332 -0.07085716 -0.02410805 0.9971952 -0.2473828 -0.02531152 0.9685872 0.5105358 -4.04067e-4 -0.8598565 0.09854841 -0.004303157 0.995123 -0.5973843 0.003414273 -0.8019478 -0.877518 0.001827657 0.4795402 -0.2487665 -0.007406115 -0.9685353 0.1288889 -0.9902344 -0.05313682 0.11247 -0.9873327 0.1119145 -0.09751719 0.9801768 0.1724647 -0.5594099 0.06781154 0.8261128 0.08813816 -0.8162924 -0.5708751 0.1622391 -0.2887634 -0.943554 0.1639577 -0.9863874 -0.01256418 -0.1128136 0.1258897 0.9856089 0.1895961 -0.2967891 0.9359325 -0.8386546 0.5388864 0.07912051 -0.7697594 0.6289925 -0.1088077 0.3559383 -0.2900586 -0.8883546 0.6578459 0.2173108 -0.7211205 -0.007175207 0.9999735 -0.001233577 0.6744327 -0.04683035 -0.7368497 0.6744289 -0.0468325 -0.7368531 -0.988102 -0.06480973 -0.1394791 -0.9881024 -0.06481122 -0.1394753 0.1965833 -0.02649688 0.9801291 0.196581 -0.02649742 0.9801295 0.1111977 0.4306944 -0.8956212 0.06184822 0.5993698 0.7980794 0.5155311 -0.1066728 0.8502051 0.6791325 -0.5445642 0.4921676 0.5864439 0 0.8099899 0.4126969 0.7435835 0.5260845 -0.07121145 -0.8024196 0.5924962 0.01231306 -0.9334844 0.3584067 -0.320416 -0.6005496 -0.7325803 -0.1840671 0.02176642 -0.9826726 -0.3848152 0.5306904 -0.7551721 -0.01703655 -0.1449638 0.9892903 0.2015488 0.6246683 0.754432 -0.199104 0.4128031 -0.8887922 0.1045371 0.5901264 0.8005142 -0.6221011 -0.08894038 0.7778688 -0.7386586 -0.4795962 0.4736783 -0.6745037 0 0.7382715 -0.4817483 0.7024593 0.5238985 0.08219581 -0.8042522 0.5885766 -0.004901766 -0.9341144 0.3569403 0.3365051 -0.5455899 -0.7675259 0.1989226 0.0430389 -0.9790697 0.404076 0.5785483 -0.7085227 0.0351777 -0.144583 0.9888673 -0.521008 0.1128729 0.8460559 -0.08874195 0.8524791 0.515174 0.1306885 -0.1986802 -0.9713119 -0.9689304 -0.01370716 -0.2469535 0.1618406 -0.1718939 -0.9717305 0.2190064 -0.5141465 0.8292705 0.02285194 -0.9993143 0.029136 -0.339187 0.8697417 -0.3584712 -0.9960561 -0.04184913 -0.07823628 0.5466436 0.1129049 0.8297188 0.1045183 0.8524734 0.5122159 -0.1608183 -0.1983793 -0.9668418 0.9606365 -0.01014161 -0.2776233 -0.1916091 -0.1718978 -0.9663007 -0.1934678 -0.5141248 0.8356112 -0.02187216 -0.999326 0.02948284 0.328031 0.8697491 -0.36869 0.9943602 -0.04024904 -0.09812128 -0.08611238 0.8243272 0.559526 -0.1181656 0.8052105 0.5810965 0.1650815 -0.1474508 -0.9751956 0.03033334 -0.1051235 -0.9939965 -0.05965995 -0.1592003 -0.9854421 -0.1891727 -0.09536522 -0.977302 -0.01831197 -0.5492026 0.8354887 -0.07863378 -0.5672912 0.8197547 0.1075019 -0.5385516 0.8357066 0.04687732 -0.5731648 0.8180983 0.1396672 0.8152155 0.5620648 0.09983795 0.8115103 0.5757462 -0.1546872 0.8209644 0.5496267 -0.06943035 0.9181835 0.390024 0.1813762 0.7272262 0.6620006 -0.08351475 0.7740445 0.6275991 -0.2003232 0.6922584 0.6932885 0.126744 0.8577836 0.4981399 0.06392371 0.9215511 0.3829587 -0.1974869 0.4123979 -0.8893407 0.2151312 -0.1164785 -0.969614 -0.1502426 -0.9877765 -0.04152923 0.1567247 -0.9848745 -0.07389026 -0.1293908 0.6231702 0.7713086 -0.439015 0.432416 0.7875801 0.7338349 0.5210319 0.4359039 0.1459189 0.577148 0.8034973 -0.04034239 0.3982856 -0.916374 0.1950667 0.1764811 -0.9647815 -0.2788339 -0.7852216 0.5528824 0.24346 -0.9446647 0.2198545 -0.1690613 -0.583548 0.794286 0.1461527 -0.8019337 0.5792598 0.3048544 -0.8613532 0.4063675 -0.1375394 -0.6667132 -0.7325138 0.3408626 -0.9397248 -0.02702403 0.05746251 -0.1034435 -0.9929742 -0.1241726 0.4038894 -0.9063413 0.2829924 0.8390081 0.4647374 0.1970064 0.6570187 0.7276778 -0.3578483 -0.933618 0.01738011 0.1047138 -0.6399745 -0.7612278 0.1414862 -0.8781271 0.4570279 0.07696175 -0.5894666 0.8041182 0.03407007 0.3950958 -0.918008 -0.2525965 0.4015299 -0.8803232 -0.1085734 0.840915 0.5301638 -0.2817767 0.6203393 0.7319707 0.1143499 -0.974588 0.1926198 -0.1950283 -0.5836089 0.7882669 -0.1889297 -0.592942 0.7827678 0.124617 0.9834173 0.1317614 0.1246141 0.9834177 0.1317617 -0.8484195 -0.5283307 0.03242295 -0.8484184 -0.5283325 0.03242313 0.4289574 0.2508102 0.8678075 -0.9202049 -0.3905148 0.02685225 -0.9202049 -0.390515 0.02685272 0.9863814 -0.1052238 0.1264115 0.9863806 -0.1052293 0.1264126 -0.5183423 0.09330719 0.8500677 -0.1222079 0.9857125 0.1159144 -0.1222151 0.9857117 0.1159138 -0.0179767 -0.5199348 0.8540169 -0.8246077 0.5622112 0.0627765 -0.8246121 0.5622046 0.06277656 -0.4566043 0.2148274 0.8633434 -0.1183435 0.4219642 0.8988555 -0.8881062 0.4564368 0.05415761 -0.8881062 0.4564367 0.05415678 0.8405759 0.5178306 0.1590086 0.8405761 0.5178303 0.159009 -0.5686838 0.6519882 0.501508 -0.9262773 0.2305358 0.2981 -0.4024502 0.2697629 0.8747926 -0.7631165 -0.6451538 0.03781616 -0.7631115 -0.6451596 0.03781658 0.4742872 -0.146232 0.8681405 0.5799108 -0.8040183 0.1313701 0.5799124 -0.8040172 0.1313695 1.62004e-4 -2.9342e-4 1 0.8842832 0.4382461 0.1611948 0.8842844 0.4382432 0.1611954 -0.2556295 0.9603124 0.1115953 -0.255629 0.9603128 0.1115942 0 0 1 -0.5381417 -0.2167746 0.8145013 1.39148e-5 0 1 -0.9816526 0.186165 0.04124039 -0.9816526 0.1861655 0.04124021 0.6225847 -0.002349615 0.7825489 -0.9038318 -0.4270252 0.02716183 -0.9038326 -0.4270234 0.02716201 -0.05809742 0.4451773 0.8935558 -2.72433e-4 -0.483617 0.8752797 -0.9847338 -0.173052 0.01876968 -0.9847331 -0.1730563 0.01876926 0.3242394 0.935076 0.143184 0.3242384 0.9350767 0.1431823 0.4501 0.2117429 0.8675108 0.9530873 0.2545562 0.1637859 0.9530878 0.2545549 0.163785 0.1382476 0.4126452 0.9003397 0.9653576 -0.2060886 -0.1600385 0.9244525 -0.1451577 -0.3525859 0.9200587 -0.3888056 -0.04818999 0.9679262 -0.2050703 -0.145138 -0.967872 -0.2052497 -0.1452453 -0.9110934 -0.4106173 -0.0360862 -0.9265187 -0.1476258 -0.3460779 -0.9429827 -0.1668074 -0.288026 0.3809026 -0.8976099 -0.2218328 0.5918074 -0.7050781 -0.3906773 0.01511937 -0.9149137 -0.4033662 -0.4880385 -0.2885034 0.8237623 -0.4357953 -0.3497441 0.829314 0.7252965 0.6700298 0.15813 -0.7545892 0.639769 0.1459142 0.1432092 -0.9636746 0.2254381 0.121225 -0.9537731 0.2749933 -0.007486164 -0.7676256 -0.6408548 -0.642231 -0.7663382 -0.0162813 -0.07717776 -0.8409672 -0.5355538 -0.3526121 -0.8560903 -0.3778545 0.02545315 -0.7725288 -0.6344695 -0.6301492 -0.7599644 -0.1592679 0.5075129 -0.7461295 0.430954 0.9496048 -0.3132216 -0.01196312 -0.4163081 -0.7896828 0.4506537 -0.9403473 -0.3314717 -0.07663905 0.5343103 -0.6262267 -0.5677611 0.1153603 -0.9908125 0.07058751 2.17625e-5 -0.986509 -0.1637073 -0.1241972 -0.9628929 0.2396087 0.05004554 -0.02044427 -0.9985377 0.05963677 -0.02044165 -0.9980109 0.1704389 -0.7564151 -0.6314957 9.96958e-5 -2.27714e-5 -1 0.4782888 0.1903628 0.8573225 0.8217085 0.5688627 -0.03450429 1.22873e-4 0.1211899 -0.9926294 8.04155e-5 0.7787436 -0.6273425 1.06869e-4 0.1211751 -0.9926312 -0.8452695 0.5325806 -0.04333043 -1.5821e-6 0.9999071 0.0136401 -1.98921e-6 0.9999071 0.01363962 0.05889075 0.4411279 0.89551 0.6627122 -0.06711262 0.745861 -0.5303792 -0.2378466 0.8137118 0.2993007 -0.3939186 0.8690497 -0.1365456 0.4295666 0.8926522 0.5832519 0.1711025 0.7940663 0.5836655 0.1762683 0.7926311 0.5590426 0.2601934 0.7872552 0.5592607 0.2652888 0.7853977 0.4406244 0.4314383 0.7872174 0.441975 0.4277741 0.7884588 0.2480704 0.5549423 0.7940405 0.2465442 0.5565478 0.7933918 -1.54046e-5 0.6057003 0.795693 0 0.6056966 0.7956957 -0.2506629 0.5608245 0.7890781 -0.2484109 0.5607481 0.7898441 -0.4502063 0.4358932 0.7793018 -0.4502117 0.435889 0.7793011 -0.4464706 0.4371628 0.7807387 -0.5722913 0.2665454 0.7755232 -0.568479 0.2696549 0.7772502 -0.5970063 0.1753231 0.7828444 -0.5950849 0.1797168 0.783311 -0.6014654 -0.09216886 0.7935643 -0.5999873 -0.0869227 0.7952733 -0.5340791 -0.2584673 0.8049561 -0.5346162 -0.2535944 0.8061487 -0.4029455 -0.3997724 0.8232964 -0.4047986 -0.3963603 0.8240368 -0.2173818 -0.4960275 0.8406556 -0.2190948 -0.4945779 0.8410649 -3.21834e-6 -0.5288261 0.8487303 0 -0.528826 0.8487304 0.2152792 -0.4913341 0.8439466 0.2176876 -0.4914063 0.8432864 0.3959317 -0.3929585 0.8299528 0.4000954 -0.3917572 0.8285228 0.5220521 -0.2528215 0.8145816 0.52657 -0.24978 0.8126095 0.5863983 -0.09006643 0.8050002 0.5899208 -0.08546161 0.8029258 1.02612e-5 1.05052e-5 1 2.0052e-6 6.85676e-6 1 0 2.45776e-6 1 -1.02613e-5 1.05053e-5 1 -2.05226e-5 0 1 0 1.26709e-6 1 -4.16128e-6 1.26291e-7 1 -1.02613e-5 -1.05053e-5 1 0 -1.95086e-6 1 -2.7492e-6 0 1 0 -6.85682e-6 1 -6.59667e-7 -1.15197e-6 1 4.10451e-5 -1.05052e-5 1 1.23207e-6 0.006351888 -0.9999799 1.36055e-5 0.006349682 -0.9999799 -6.80276e-5 0.006334245 -0.99998 2.23932e-5 0.006353378 -0.9999799 -5.42211e-5 0.006369411 -0.9999798 -3.0016e-5 0.006377577 -0.9999797 2.24001e-5 0.006323456 -0.9999801 1.02041e-5 0.006382048 -0.9999797 4.28319e-6 0.006353855 -0.9999799 4.00315e-6 0.006353497 -0.9999799 4.08168e-5 0.006361126 -0.9999799 -3.6779e-5 0.006349682 -0.9999799 7.5668e-6 0.006349682 -0.9999799 6.68285e-6 0.00634855 -0.9999799 6.20715e-6 0.00634551 -0.9999799 -3.73221e-6 0.006354987 -0.9999798 0 0.006360411 -0.9999798 0.5369321 0.2661018 0.8005585 0.5443158 0.2560764 0.7988399 0.1235755 0.5372847 0.8342986 0.1295069 0.5342985 0.8353163 -0.4992536 0.2486092 0.8300237 -0.5066181 0.2395882 0.8282123 0.7447419 -0.07945561 0.6626058 0.7430228 -0.07526558 0.6650205 0.1840052 0.5306509 0.8273764 0.1933532 0.5290164 0.8262907 0.4745469 -0.4046741 0.7816933 0.4914034 -0.3977895 0.7747815 -0.448149 0.3148652 0.8366735 -0.4596406 0.3062633 0.8336266 -0.5487737 -0.2328883 0.8028765 -0.5494254 -0.2213256 0.8056965 0.5393159 -0.1751766 0.8236817 0.5428153 -0.1673537 0.8230093 -0.1384917 0.5202606 0.8427034 -0.1455142 0.5189703 0.8423156 -0.1594163 0.5280569 0.8341117 -0.1677226 0.5273281 0.8329432 0.5055899 -0.2547209 0.8243157 0.5137749 -0.2457108 0.8219863 -0.5398561 -0.2550597 0.8021845 -0.5441505 -0.2440302 0.8027138 0.8434128 -0.4887105 0.2231977 0.8605127 -0.4732339 0.1885936 0.07019215 0.5539104 0.8296123 0.07389295 0.5540507 0.8291971 0.5676389 0.2380117 0.7881222 0.5674807 0.2258605 0.7918035 -0.06852 0.5523912 0.8307641 -0.07213544 0.5526679 0.830274 0.221953 0.965004 0.1396577 0.2219532 0.9650039 0.1396574 -0.6023085 -0.100466 0.7919161 0.4357279 -0.3527432 0.8280782 0.299906 0.9428099 0.1454856 0.2999054 0.9428099 0.1454868 0.8824964 -0.4446011 0.1533953 0.8824991 -0.4445963 0.1533938 0.8398806 -0.4621226 0.2846813 0.153288 0.4196536 0.8946473 -0.2874107 0.9519581 0.1056932 -0.2874096 0.9519581 0.1056951 0.8633578 -0.5003033 0.06565064 0.8633566 -0.5003055 0.06565129 -5.16143e-4 -0.9953302 0.09652709 -5.1652e-4 -0.9953302 0.09652775 -0.1124653 0.4239389 0.8986809 0.9907252 -0.003938019 0.1358239 0.990725 -0.003936052 0.1358256 -0.2426134 0.9636092 0.1122332 -0.2426084 0.9636102 0.1122344 0.9106447 0.3818304 0.1578984 0.9106438 0.3818322 0.1578997 0.9389555 -0.304984 0.1592086 0.9389562 -0.3049824 0.1592079 0.7546623 -0.6435285 0.1278901 0.7546627 -0.6435282 0.1278898 0.484475 0.1228241 0.86614 -0.5285431 -0.8463677 0.06560331 -0.5285445 -0.846367 0.06560438 -0.03291493 -0.9958425 0.08493804 -0.03291583 -0.9958424 0.08493858 -0.2703142 -0.4108176 0.8707234 0.4503342 -0.2153713 0.8664956 0.1032953 0.4263095 0.8986604 0.5717831 0.1527131 0.8060663 0.5716487 0.1449275 0.8075975 0.711238 -0.002824008 0.7029457 0.7109928 -0.002684593 0.7031942 0.1659951 0.5218383 0.8367379 0.1737202 0.5185024 0.8372436 -0.0185759 -0.5617545 0.8270955 -0.01946365 -0.5619084 0.8269705 -0.1316938 0.5229218 0.8421458 -0.137997 0.5204498 0.8426677 0.5124229 0.3156852 0.7986024 0.5207972 0.30447 0.7975389 0.3226464 -0.4473361 0.8341402 0.33609 -0.4422858 0.8315209 -0.5542394 0.1051074 0.8256943 -0.5561894 0.100126 0.825002 -0.4419806 -0.3736838 0.8154837 -0.4554147 -0.3654708 0.8118059 -0.2769943 -0.4435947 0.8523486 -0.288004 -0.4376989 0.8517473 -0.496596 -0.3092379 0.8110268 -0.5035752 -0.2976614 0.8110547 -0.6186638 -0.1087251 0.7780964 -0.621001 -0.1036001 0.776933 -2.85285e-4 -0.5287868 0.8487548 -3.017e-4 -0.5287858 0.8487553 -0.9999595 -0.006656944 0.006065249 -0.999344 0.02312988 0.02787089 0.999235 -0.007090687 0.03846192 0.9978837 0.02304053 0.06080722 0.00317645 0.9994211 0.03387606 3.21866e-5 0.9993053 0.03726935 -0.4152559 -0.8954035 0.1606708 -7.04679e-5 -0.9973623 -0.07258546 0.389489 -0.9057282 0.1671973 6.54503e-5 0.7787568 -0.6273261 0.01959067 0.07919257 -0.9966669 0.02494335 0.08643901 -0.9959449 -0.8139215 -0.05265355 0.5785841 -0.8139213 -0.05265361 0.5785843 0.9278339 -0.3638609 0.08203482 0.9303107 -0.3523195 0.1019468 -0.9297091 -0.355713 0.09544247 -0.9210495 -0.3713949 0.1171908 0.01543408 -0.0803706 0.9966456 0.02069026 -0.08630937 0.9960535 -0.0160886 -0.08642786 0.9961283 -0.01829111 -0.0793935 0.9966756 -0.2199823 -0.9548873 -0.199495 -0.2779942 -0.9600996 -0.03046351 0.2790293 -0.9496537 -0.1424801 0.2330317 -0.9720171 -0.02965033 -0.8589022 0.4756135 -0.1899446 -0.8345527 0.482683 -0.2655921 0.8557698 -0.4894627 -0.1675837 0.7942916 -0.586758 -0.1575311 -0.7829455 -0.6077018 -0.1330219 -0.8639147 -0.4863557 -0.1308033 -0.7773393 -0.6006357 -0.1870304 -0.7330182 -0.6796608 -0.027305 -0.7736648 -0.6243536 -0.1078206 0.7297857 -0.6693504 -0.1392225 0.9526001 0.2765846 0.1267043 0.9795072 0.1966596 0.04348301 -0.8168267 -0.5711296 0.08127236 -0.9158003 -0.3785986 0.1340638 -0.7286744 -0.6705724 -0.1391632 -0.8512518 -0.4996165 -0.1604798 0.7952949 -0.5879715 -0.1476337 0.6776918 -0.7200978 -0.1489736 0.8335849 -0.5229218 -0.1780143 0.7989202 -0.579735 -0.160106 -0.7625796 -0.6402593 -0.09241563 -0.8473238 -0.5229831 0.0923649 -0.8573954 -0.5054622 0.09685623 -0.9661846 0.1847929 0.1798305 -0.9333637 0.3473463 0.09045916 0.007095634 0.985333 0.1704953 0.001594245 0.9855395 0.1694389 -0.006717562 0.98571 0.1683174 -0.001413643 0.9855155 0.1695795 0.8308296 -0.5164641 0.2073335 0.9182757 -0.387929 0.07925218 0.07366281 -0.3835613 0.9205729 -0.8004939 0.02673321 0.5987444 -0.8040891 0.02587759 0.5939455 6.09335e-4 0.002747356 -0.9999961 4.73274e-5 0.003046751 -0.9999954 -0.0733155 -0.3938627 0.9162408 0.8016322 0.04749864 0.5959276 0.9959003 -0.02072149 0.08805304 0.805426 0.02265143 0.5922635 0.807724 0.02682179 0.5889504 -0.9945615 -0.02056825 0.1021001 -0.8050733 0.04952365 0.5911045 0.6821444 -0.7302255 -0.03807699 -0.7899556 0.6016058 0.1184934 0.9788882 0.2043611 0.003821671 -0.9735743 0.2281655 0.009679436 0.6780992 0.7219463 0.1377499 0.8167476 -0.04737472 0.5750471 0.8167477 -0.04737514 0.5750469 -6.13476e-4 0.002758204 -0.999996 -4.4981e-5 0.003063857 -0.9999953 -0.02163261 0.0863049 -0.9960339 -0.02279669 0.07790923 -0.9966998 0.9519783 0.2701686 -0.1440352 0.6750145 0.6810739 0.2837141 -0.7886164 0.6109722 0.06926155 -0.9167066 0.3028221 0.260668 -0.006941258 0.978436 -0.2064336 -0.01205885 0.9788573 -0.2041882 0.001722812 0.9960936 -0.08828634 -0.00415647 0.9966624 -0.08152896 0.8731881 0.4269387 -0.2350872 0.006738543 0.9806866 -0.1954697 0.01117157 0.9803435 -0.196982 0.9680624 0.2403403 -0.07135766 -0.001507043 0.9929441 -0.1185745 0.00699675 0.9915623 -0.1294427 0.8889456 -0.4483019 0.09381532 0.8757129 -0.4686942 0.1159865 -0.1286078 0.8715481 0.4731426 3.13211e-4 0.9050984 0.4252021 -0.001086175 0.9060299 0.4232124 0.1244652 0.8740606 0.4696025 -0.1042343 0.01651304 0.9944158 0.1024286 0 0.9947404 0.1129713 0.02189844 0.993357 -0.09684294 0 0.9952997 0.3617073 -0.8390125 0.4064801 0.4142352 -0.7882291 0.4550871 -0.3769981 -0.8151921 0.4396983 -0.3919962 -0.7995229 0.4550848 0.005163729 0.0923379 0.9957144 0.4970027 -0.8627074 0.09340429 -1.35972e-4 0.9428737 0.3331505 3.41076e-4 0.9431395 0.3323973 0.6405154 -0.739296 -0.2078015 -0.6403266 -0.7370241 -0.2162809 1.06995e-6 -0.9526998 0.3039128 3.27212e-4 -0.952511 0.3045042 0.9746108 -0.002842605 0.2238875 0.9776806 -0.009323894 0.20989 -0.9808495 -0.009142339 0.1945528 -0.9779907 -0.002649068 0.2086318 -0.2695809 0.9582612 0.09519279 0.2901914 0.9513172 0.1038491 -0.5152153 -0.8518803 0.09409189 -0.6237708 -0.7322125 0.2734498 -1.20325e-5 0.999888 0.0149725 -2.36279e-5 0.9998881 0.01496016 0.9652112 -0.001264929 0.2614685 0.9643213 -0.003360688 0.2647137 -0.9754773 8.12001e-4 0.2200986 -0.9766179 -0.002729535 0.2149655 -0.3048746 0.949614 0.07269662 -0.2695955 0.9582846 0.0949155 0.2945927 0.9514803 0.08888399 0.2912955 0.9528917 0.08452367 8.51761e-4 -0.9975726 -0.06963104 2.44277e-6 -0.9976527 -0.06847834 0.6186804 -0.7286488 0.2937783 0.4398635 -0.8548275 0.2753</float_array>
          <technique_common>
            <accessor source="#liner_003-mesh-normals-array" count="566" stride="3">
              <param name="X" type="float"/>
              <param name="Y" type="float"/>
              <param name="Z" type="float"/>
            </accessor>
          </technique_common>
        </source>
        <source id="liner_003-mesh-map-0">
          <float_array id="liner_003-mesh-map-0-array" count="3414">0.653572 0.372209 0.653572 0.372194 0.628637 0.326073 0.653572 0.372209 0.628637 0.326073 0.628633 0.325828 0.628633 0.325828 0.628637 0.326073 0.545684 0.283729 0.545684 0.283729 0.409668 0.270997 0.409662 0.270693 0.409662 0.270693 0.409668 0.270997 0.410371 0.374211 0.409662 0.270693 0.410371 0.374211 0.410366 0.373929 0.410227 0.375542 0.410229 0.37526 0.410828 0.272154 0.410227 0.375542 0.410828 0.272154 0.410826 0.272458 0.410826 0.272458 0.410828 0.272154 0.547611 0.285358 0.547611 0.285358 0.629427 0.334368 0.629425 0.334614 0.629425 0.334614 0.629427 0.334368 0.653588 0.37166 0.629425 0.334614 0.653588 0.37166 0.653588 0.371645 0.554305 0.329772 0.567215 0.346074 0.572511 0.372731 0.572192 0.371961 0.567575 0.345179 0.555083 0.328554 0.555083 0.328554 0.539488 0.328436 0.526747 0.344871 0.526393 0.346803 0.554305 0.329772 0.572511 0.372731 0.526393 0.346803 0.572511 0.372731 0.522052 0.373632 0.526393 0.346803 0.538713 0.33005 0.554305 0.329772 0.521726 0.37158 0.572192 0.371961 0.555083 0.328554 0.521726 0.37158 0.555083 0.328554 0.526747 0.344871 0.653572 0.372194 0.572511 0.372731 0.567215 0.346074 0.653572 0.372194 0.567215 0.346074 0.628637 0.326073 0.629427 0.334368 0.567575 0.345179 0.572192 0.371961 0.629427 0.334368 0.572192 0.371961 0.653588 0.37166 0.547611 0.285358 0.555083 0.328554 0.567575 0.345179 0.547611 0.285358 0.567575 0.345179 0.629427 0.334368 0.547611 0.285358 0.539488 0.328436 0.555083 0.328554 0.410828 0.272154 0.526747 0.344871 0.539488 0.328436 0.410828 0.272154 0.539488 0.328436 0.547611 0.285358 0.410229 0.37526 0.521726 0.37158 0.526747 0.344871 0.410229 0.37526 0.526747 0.344871 0.410828 0.272154 0.409668 0.270997 0.526393 0.346803 0.522052 0.373632 0.409668 0.270997 0.522052 0.373632 0.410371 0.374211 0.545684 0.283729 0.538713 0.33005 0.526393 0.346803 0.545684 0.283729 0.526393 0.346803 0.409668 0.270997 0.545684 0.283729 0.554305 0.329772 0.538713 0.33005 0.628637 0.326073 0.567215 0.346074 0.554305 0.329772 0.628637 0.326073 0.554305 0.329772 0.545684 0.283729 0.256542 0.321585 0.354367 0.320342 0.361507 0.161309 0.361507 0.161309 0.304689 0.06585997 0.255955 0.037678 0.361507 0.161309 0.255955 0.037678 0.256542 0.321585 0.255563 0.320629 0.25615 0.036722 0.304739 0.065153 0.304739 0.065153 0.355177 0.160876 0.353404 0.319998 0.304739 0.065153 0.353404 0.319998 0.255563 0.320629 0.556217 0.792456 0.626485 0.776012 0.499832 0.776256 0.496928 0.776239 0.583499 0.763741 0.626485 0.776012 0.496928 0.776239 0.626485 0.776012 0.556217 0.792456 0.458201 0.792326 0.556217 0.792456 0.499832 0.776256 0.458201 0.792326 0.496928 0.776239 0.556217 0.792456 0.499832 0.776256 0.583499 0.763741 0.492141 0.762678 0.496928 0.776239 0.492141 0.762678 0.583499 0.763741 0.626485 0.776012 0.583499 0.763741 0.499832 0.776256 0.870605 0.862515 0.874725 0.877818 0.786864 0.861516 0.786866 0.860888 0.877103 0.877832 0.870605 0.862515 0.786866 0.860888 0.786435 0.891167 0.877103 0.877832 0.843013 0.890991 0.877103 0.877832 0.786435 0.891167 0.786864 0.861516 0.874725 0.877818 0.786435 0.891167 0.874725 0.877818 0.843013 0.890991 0.786435 0.891167 0.786866 0.860888 0.870605 0.862515 0.786864 0.861516 0.796123 0.85718 0.790074 0.906938 0.860272 0.90357 0.796123 0.85718 0.860272 0.90357 0.859502 0.8689 0.795536 0.857164 0.796123 0.85718 0.859502 0.8689 0.795536 0.857164 0.859502 0.8689 0.858476 0.86877 0.790074 0.906938 0.795536 0.857164 0.858476 0.86877 0.790074 0.906938 0.858476 0.86877 0.860272 0.90357 0.462435 0.74092 0.440853 0.741625 0.46444 0.740845 0.44846 0.843566 0.464342 0.843041 0.46444 0.740845 0.44846 0.843566 0.46444 0.740845 0.440853 0.741625 0.464342 0.843041 0.462992 0.843092 0.462435 0.74092 0.464342 0.843041 0.462435 0.74092 0.46444 0.740845 0.462992 0.843092 0.44846 0.843566 0.440853 0.741625 0.462992 0.843092 0.440853 0.741625 0.462435 0.74092 0.847281 0.316239 0.867358 0.293134 0.873324 0.324002 0.874568 0.364873 0.85369 0.332468 0.873324 0.324002 0.770259 0.360644 0.769543 0.353557 0.735228 0.281574 0.735228 0.281574 0.769543 0.353557 0.814223 0.280062 0.770259 0.360644 0.735228 0.281574 0.735228 0.281574 0.735228 0.281574 0.81147 0.277068 0.770259 0.360644 0.874568 0.364873 0.874517 0.324012 0.769543 0.353557 0.769543 0.353557 0.874517 0.324012 0.814223 0.280062 0.814223 0.280062 0.874517 0.324012 0.867358 0.293134 0.814223 0.280062 0.867358 0.293134 0.81147 0.277068 0.867358 0.293134 0.847281 0.316239 0.81147 0.277068 0.770259 0.360644 0.874568 0.364873 0.769543 0.353557 0.85449 0.340427 0.770347 0.361767 0.874867 0.367847 0.842169 0.321431 0.878661 0.32466 0.867815 0.29768 0.874867 0.367847 0.878661 0.32466 0.85449 0.340427 0.770347 0.361767 0.735856 0.282109 0.769633 0.354659 0.735856 0.282109 0.815011 0.279979 0.769633 0.354659 0.735856 0.282109 0.735856 0.282109 0.770347 0.361767 0.770347 0.361767 0.809303 0.277004 0.735856 0.282109 0.874867 0.367847 0.769633 0.354659 0.876482 0.326748 0.769633 0.354659 0.815011 0.279979 0.876482 0.326748 0.815011 0.279979 0.867815 0.29768 0.876482 0.326748 0.773114 0.382561 0.770459 0.375807 0.77812 0.501005 0.867815 0.29768 0.809303 0.277004 0.842169 0.321431 0.770347 0.361767 0.769633 0.354659 0.874867 0.367847 0.842766 0.948123 0.855248 0.996141 0.79489 0.992309 0.842766 0.948123 0.870699 0.944777 0.855248 0.996141 0.795654 0.946921 0.794376 0.995077 0.848872 0.995574 0.855248 0.996141 0.848872 0.995574 0.794376 0.995077 0.848872 0.995574 0.870699 0.944777 0.795654 0.946921 0.79489 0.992309 0.795654 0.946921 0.842766 0.948123 0.79489 0.992309 0.794376 0.995077 0.795654 0.946921 0.870699 0.944777 0.848872 0.995574 0.855248 0.996141 0.855248 0.996141 0.794376 0.995077 0.79489 0.992309 0.842766 0.952244 0.794894 0.996429 0.855244 1.00026 0.842766 0.952244 0.855244 1.00026 0.870695 0.948896 0.795658 0.95104 0.848868 0.999693 0.794381 0.999403 0.855244 1.00026 0.794381 0.999403 0.848868 0.999693 0.848868 0.999693 0.795658 0.95104 0.870695 0.948896 0.794894 0.996429 0.842766 0.952244 0.795658 0.95104 0.794894 0.996429 0.795658 0.95104 0.794381 0.999403 0.870695 0.948896 0.855244 1.00026 0.848868 0.999693 0.855244 1.00026 0.794894 0.996429 0.794381 0.999403 0.842766 0.952244 0.870695 0.948896 0.868006 0.92024 0.842766 0.952244 0.868006 0.92024 0.840077 0.923588 0.870695 0.948896 0.795658 0.95104 0.79297 0.922384 0.870695 0.948896 0.79297 0.922384 0.868006 0.92024 0.795654 0.946921 0.870699 0.944777 0.86801 0.916121 0.795654 0.946921 0.86801 0.916121 0.792966 0.918265 0.795658 0.95104 0.842766 0.952244 0.840077 0.923588 0.795658 0.95104 0.840077 0.923588 0.79297 0.922384 0.842766 0.948123 0.795654 0.946921 0.792966 0.918265 0.842766 0.948123 0.792966 0.918265 0.840078 0.919467 0.870699 0.944777 0.842766 0.948123 0.840078 0.919467 0.870699 0.944777 0.840078 0.919467 0.86801 0.916121 0.847281 0.316239 0.85369 0.332468 0.770259 0.360644 0.847281 0.316239 0.770259 0.360644 0.81147 0.277068 0.873324 0.324002 0.85369 0.332468 0.847281 0.316239 0.85449 0.340427 0.878661 0.32466 0.842169 0.321431 0.770259 0.360644 0.85369 0.332468 0.874568 0.364873 0.770347 0.361767 0.85449 0.340427 0.842169 0.321431 0.770347 0.361767 0.842169 0.321431 0.809303 0.277004 0.944383 0.165257 0.986867 0.171214 0.949505 0.01693397 0.944383 0.165257 0.949505 0.01693397 0.958511 0.020428 0.983436 0.169003 0.951602 0.01183795 0.940608 0.163376 0.986867 0.171214 0.941063 0.165311 0.949505 0.01693397 0.944383 0.165257 0.893734 0.158386 0.888464 0.214405 0.944383 0.165257 0.888464 0.214405 0.944372 0.183275 0.891876 0.157433 0.945749 0.163587 0.946697 0.175733 0.891876 0.157433 0.946697 0.175733 0.887564 0.213335 0.945749 0.163587 0.983436 0.169003 0.978728 0.225405 0.945749 0.163587 0.978728 0.225405 0.946697 0.175733 0.941063 0.165311 0.94172 0.216148 0.888464 0.214405 0.941063 0.165311 0.888464 0.214405 0.908566 0.160411 0.893734 0.158386 0.908566 0.160411 0.888464 0.214405 0.891876 0.157433 0.887564 0.213335 0.941197 0.212916 0.891876 0.157433 0.941197 0.212916 0.940608 0.163376 0.981671 0.226745 0.94172 0.216148 0.941063 0.165311 0.981671 0.226745 0.941063 0.165311 0.986867 0.171214 0.960702 0.01534396 0.951602 0.01183795 0.983436 0.169003 0.960702 0.01534396 0.983436 0.169003 0.945749 0.163587 0.914809 0.005673944 0.960702 0.01534396 0.945749 0.163587 0.914809 0.005673944 0.945749 0.163587 0.891876 0.157433 0.978728 0.225405 0.983436 0.169003 0.940608 0.163376 0.978728 0.225405 0.940608 0.163376 0.941197 0.212916 0.914809 0.005673944 0.891876 0.157433 0.940608 0.163376 0.914809 0.005673944 0.940608 0.163376 0.951602 0.01183795 0.944372 0.183275 0.981671 0.226745 0.986867 0.171214 0.944372 0.183275 0.986867 0.171214 0.944383 0.165257 0.958511 0.020428 0.913079 0.01081997 0.893734 0.158386 0.958511 0.020428 0.893734 0.158386 0.944383 0.165257 0.949505 0.01693397 0.941063 0.165311 0.908566 0.160411 0.949505 0.01693397 0.908566 0.160411 0.893734 0.158386 0.949505 0.01693397 0.893734 0.158386 0.913079 0.01081997 0.518618 0.833327 0.510991 0.833327 0.518887 0.900287 0.518618 0.833327 0.518887 0.900287 0.525947 0.900287 0.458898 0.833326 0.484571 0.833327 0.494429 0.900287 0.458898 0.833326 0.494429 0.900287 0.470663 0.900286 0.532279 0.997002 0.550868 0.982709 0.550259 0.982709 0.434565 0.833326 0.449758 0.833326 0.462202 0.900286 0.434565 0.833326 0.462202 0.900286 0.448138 0.900286 0.595331 0.833327 0.595587 0.833327 0.597198 0.900287 0.595331 0.833327 0.597198 0.900287 0.596961 0.900287 0.532279 0.997002 0.51106 0.982709 0.509397 0.982709 0.545685 0.833327 0.538731 0.833327 0.544566 0.900287 0.545685 0.833327 0.544566 0.900287 0.551003 0.900287 0.542417 0.982709 0.532279 0.997002 0.540212 0.982709 0.473109 0.833326 0.456089 0.833617 0.468063 0.900555 0.473109 0.833326 0.468063 0.900555 0.483819 0.900287 0.51106 0.982709 0.532279 0.997002 0.514867 0.982783 0.528822 0.982709 0.522559 0.982709 0.532279 0.997002 0.456089 0.833617 0.441108 0.833326 0.454195 0.900286 0.456089 0.833617 0.454195 0.900286 0.468063 0.900555 0.597727 0.833327 0.595331 0.833327 0.596961 0.900287 0.597727 0.833327 0.596961 0.900287 0.59918 0.900287 0.536686 1.54537 0.536615 1.544941 0.514566 1.544941 0.561818 1.544941 0.536615 1.544941 0.536686 1.54537 0.519193 0.982709 0.514867 0.982783 0.532279 0.997002 0.492382 0.833327 0.49925 0.833326 0.508018 0.900286 0.492382 0.833327 0.508018 0.900286 0.501659 0.900287 0.532279 0.997002 0.556011 0.982709 0.558107 0.982709 0.564477 0.833327 0.601355 0.833327 0.602538 0.900287 0.564477 0.833327 0.602538 0.900287 0.568399 0.900287 0.587417 1.544941 0.589895 1.544941 0.590275 1.544942 0.595599 0.833327 0.583978 0.833327 0.586452 0.900287 0.595599 0.833327 0.586452 0.900287 0.59721 0.900287 0.510991 0.833327 0.486352 0.833327 0.496078 0.900287 0.510991 0.833327 0.496078 0.900287 0.518887 0.900287 0.684835 1.544942 0.688171 1.544942 0.696729 1.544942 0.509397 0.982709 0.513258 0.982709 0.532279 0.997002 0.684835 1.544942 0.696729 1.544942 0.683921 1.544942 0.441108 0.833326 0.434565 0.833326 0.448138 0.900286 0.441108 0.833326 0.448138 0.900286 0.454195 0.900286 0.532279 0.997002 0.550324 0.982709 0.550327 0.982709 0.449758 0.833326 0.457961 0.833326 0.469796 0.900286 0.449758 0.833326 0.469796 0.900286 0.462202 0.900286 0.532279 0.997002 0.53764 0.982709 0.535873 0.982709 0.532279 0.997002 0.525838 0.982709 0.538497 0.982709 0.457961 0.833326 0.458898 0.833326 0.470663 0.900286 0.457961 0.833326 0.470663 0.900286 0.469796 0.900286 0.538731 0.833327 0.529024 0.833327 0.53558 0.900287 0.538731 0.833327 0.53558 0.900287 0.544566 0.900287 0.532279 0.997002 0.550327 0.982709 0.547373 0.982709 0.626208 0.833327 0.624666 0.833327 0.624118 0.900287 0.626208 0.833327 0.624118 0.900287 0.625545 0.900287 0.532279 0.997002 0.543656 0.982709 0.53764 0.982709 0.770196 1.508139 0.739743 1.503765 0.731563 1.468759 0.105299 0.953378 0.224412 0.913033 0.23166 0.856802 0.105299 0.953378 0.23166 0.856802 0.223206 0.771987 0.223206 0.771987 0.05355495 0.785928 0.105299 0.953378 0.105301 0.953351 0.05355596 0.785905 0.2231799 0.771972 0.105301 0.953351 0.2231799 0.771972 0.230653 0.85071 0.105301 0.953351 0.230653 0.85071 0.2245 0.913536 0.105301 0.953351 0.2245 0.913536 0.228959 0.940409 0.301314 0.770098 0.37584 0.770104 0.369953 0.862896 0.301314 0.770098 0.369953 0.862896 0.313779 0.860686 0.301314 0.770098 0.313779 0.860686 0.301211 0.859932 0.532279 0.997002 0.515581 0.982709 0.522107 0.982709 0.525838 0.982709 0.532279 0.997002 0.524092 0.982709 0.105299 0.953378 0.05355495 0.785928 2.49e-4 0.859845 0.105301 0.953351 2.49e-4 0.859834 0.05355596 0.785905 0.391723 0.94688 0.300723 0.940348 0.315888 0.916889 0.315888 0.916889 0.383933 0.913544 0.391723 0.94688 0.644182 1.511562 0.547416 1.49832 0.644182 1.496906 0.232061 0.856632 0.287749 0.859255 0.281702 0.916813 0.232061 0.856632 0.281702 0.916813 0.216205 0.914062 0.2244819 0.770089 0.301314 0.770098 0.301211 0.859932 0.2244819 0.770089 0.301211 0.859932 0.287749 0.859255 0.2244819 0.770089 0.287749 0.859255 0.232061 0.856632 0.315888 0.916889 0.300723 0.940348 0.301179 0.860715 0.301179 0.860715 0.313779 0.860686 0.315888 0.916889 0.301179 0.860715 0.300723 0.940348 0.281702 0.916813 0.281702 0.916813 0.287749 0.859255 0.301179 0.860715 0.313779 0.860686 0.369953 0.862896 0.383933 0.913544 0.383933 0.913544 0.315888 0.916889 0.313779 0.860686 0.300723 0.940348 0.208576 0.941694 0.216205 0.914062 0.216205 0.914062 0.281702 0.916813 0.300723 0.940348 0.64466 1.413282 0.630557 1.411749 0.644694 1.412459 0.301179 0.860715 0.301211 0.859932 0.313779 0.860686 0.739743 1.503765 0.644182 1.511562 0.644182 1.496906 0.723064 1.318128 0.644803 1.318121 0.564119 1.318112 0.550868 0.982709 0.532279 0.997002 0.557715 0.982709 0.105299 0.953378 2.49e-4 0.859845 0.001501977 0.951678 0.723064 1.318128 0.564119 1.318112 0.530985 1.335668 0.05355596 0.785905 2.49e-4 0.859834 2.49e-4 0.859845 0.19293 0.786807 0.407371 0.78683 0.37584 0.770104 2.49e-4 0.859834 0.105301 0.953351 0.001501977 0.951667 0.001501977 0.951667 0.001501977 0.951678 2.49e-4 0.859845 2.49e-4 0.859845 2.49e-4 0.859834 0.001501977 0.951667 0.528822 0.982709 0.532279 0.997002 0.53076 0.982709 0.532279 0.997002 0.550259 0.982709 0.550324 0.982709 0.515343 0.982709 0.532279 0.997002 0.513258 0.982709 0.532279 0.997002 0.542417 0.982709 0.55179 0.982709 0.532279 0.997002 0.533405 0.982709 0.53076 0.982709 0.624482 0.769409 0.617801 0.76955 0.618529 0.804314 0.618529 0.804314 0.623758 0.804314 0.624482 0.769409 0.617801 0.76955 0.615617 0.766707 0.603472 0.804314 0.603472 0.804314 0.618529 0.804314 0.617801 0.76955 0.580404 0.804314 0.603472 0.804314 0.615617 0.766707 0.615617 0.766707 0.592004 0.765433 0.580404 0.804314 0.592004 0.765433 0.555852 0.765535 0.557966 0.802849 0.557966 0.802849 0.580404 0.804314 0.592004 0.765433 0.555852 0.765535 0.517379 0.765534 0.527852 0.802849 0.527852 0.802849 0.557966 0.802849 0.555852 0.765535 0.517379 0.765534 0.481226 0.765432 0.499554 0.802849 0.499554 0.802849 0.527852 0.802849 0.517379 0.765534 0.463325 0.765316 0.451754 0.765241 0.476486 0.802849 0.481226 0.765432 0.463325 0.765316 0.476486 0.802849 0.481226 0.765432 0.476486 0.802849 0.499554 0.802849 0.451754 0.765241 0.432517 0.764983 0.461429 0.802849 0.461429 0.802849 0.476486 0.802849 0.451754 0.765241 0.432517 0.764983 0.425836 0.764843 0.456199 0.802849 0.456199 0.802849 0.461429 0.802849 0.432517 0.764983 0.425836 0.764843 0.432517 0.76455 0.461429 0.802849 0.461429 0.802849 0.456199 0.802849 0.425836 0.764843 0.432517 0.76455 0.451754 0.764293 0.476486 0.802849 0.476486 0.802849 0.461429 0.802849 0.432517 0.76455 0.451754 0.764293 0.481226 0.764102 0.499554 0.802849 0.499554 0.802849 0.476486 0.802849 0.451754 0.764293 0.481226 0.764102 0.517379 0.764001 0.527852 0.802849 0.527852 0.802849 0.499554 0.802849 0.481226 0.764102 0.517379 0.764001 0.555852 0.764001 0.557966 0.802849 0.557966 0.802849 0.527852 0.802849 0.517379 0.764001 0.555852 0.764001 0.592004 0.764103 0.580404 0.804314 0.580404 0.804314 0.557966 0.802849 0.555852 0.764001 0.592004 0.764103 0.615617 0.765759 0.603472 0.804314 0.603472 0.804314 0.580404 0.804314 0.592004 0.764103 0.615617 0.765759 0.617801 0.769117 0.618529 0.804314 0.618529 0.804314 0.603472 0.804314 0.615617 0.765759 0.617801 0.769117 0.624482 0.769409 0.623758 0.804314 0.623758 0.804314 0.618529 0.804314 0.617801 0.769117 0.511799 1.545995 0.503149 1.545995 0.511799 1.545995 0.511799 1.545995 0.536705 1.545995 0.574864 1.545995 0.574864 1.545995 0.621673 1.545995 0.671485 1.545995 0.511799 1.545995 0.574864 1.545995 0.671485 1.545995 0.671485 1.545995 0.718294 1.545995 0.756453 1.545995 0.756453 1.545995 0.781359 1.545995 0.790009 1.545995 0.671485 1.545995 0.756453 1.545995 0.790009 1.545995 0.511799 1.545995 0.671485 1.545995 0.790009 1.545995 0.790009 1.545995 0.781359 1.545995 0.756453 1.545995 0.756453 1.545995 0.718294 1.545995 0.671485 1.545995 0.790009 1.545995 0.756453 1.545995 0.671485 1.545995 0.511799 1.545995 0.790009 1.545995 0.671485 1.545995 0.671485 1.545995 0.621673 1.545995 0.574864 1.545995 0.511799 1.545995 0.671485 1.545995 0.574864 1.545995 0.511799 1.545995 0.511799 1.545995 0.574864 1.545995 0.536705 1.545995 0.511799 1.545995 0.574864 1.545995 0.75779 1.475247 0.686167 1.475045 0.609947 1.475045 0.517379 0.764001 0.481226 0.764102 0.451754 0.764293 0.451754 0.764293 0.432517 0.76455 0.425836 0.764843 0.517379 0.764001 0.451754 0.764293 0.425836 0.764843 0.425836 0.764843 0.432517 0.764983 0.451754 0.765241 0.425836 0.764843 0.451754 0.765241 0.463325 0.765316 0.463325 0.765316 0.481226 0.765432 0.517379 0.765534 0.517379 0.765534 0.555852 0.765535 0.592004 0.765433 0.463325 0.765316 0.517379 0.765534 0.592004 0.765433 0.425836 0.764843 0.463325 0.765316 0.592004 0.765433 0.592004 0.765433 0.621476 0.765242 0.623661 0.768085 0.623661 0.768085 0.630342 0.767945 0.623661 0.767652 0.592004 0.765433 0.623661 0.768085 0.623661 0.767652 0.425836 0.764843 0.592004 0.765433 0.623661 0.767652 0.517379 0.764001 0.425836 0.764843 0.623661 0.767652 0.592004 0.764103 0.517379 0.764001 0.623661 0.767652 0.592004 0.764103 0.623661 0.767652 0.621476 0.764294 0.59721 0.900287 0.586452 0.900287 0.547373 0.982709 0.59721 0.900287 0.547373 0.982709 0.550327 0.982709 0.586452 0.900287 0.572914 0.900287 0.543656 0.982709 0.586452 0.900287 0.543656 0.982709 0.547373 0.982709 0.468063 0.900555 0.454195 0.900286 0.51106 0.982709 0.468063 0.900555 0.51106 0.982709 0.514867 0.982783 0.596961 0.900287 0.597198 0.900287 0.550324 0.982709 0.596961 0.900287 0.550324 0.982709 0.550259 0.982709 0.544566 0.900287 0.53558 0.900287 0.533405 0.982709 0.544566 0.900287 0.533405 0.982709 0.535873 0.982709 0.554124 0.900287 0.56037 0.900287 0.540212 0.982709 0.554124 0.900287 0.540212 0.982709 0.538497 0.982709 0.483819 0.900287 0.468063 0.900555 0.514867 0.982783 0.483819 0.900287 0.514867 0.982783 0.519193 0.982709 0.448138 0.900286 0.462202 0.900286 0.513258 0.982709 0.448138 0.900286 0.513258 0.982709 0.509397 0.982709 0.617912 0.900287 0.625545 0.900287 0.558107 0.982709 0.617912 0.900287 0.558107 0.982709 0.556011 0.982709 0.518887 0.900287 0.496078 0.900287 0.522559 0.982709 0.518887 0.900287 0.522559 0.982709 0.528822 0.982709 0.53558 0.900287 0.525947 0.900287 0.53076 0.982709 0.53558 0.900287 0.53076 0.982709 0.533405 0.982709 0.602538 0.900287 0.617912 0.900287 0.556011 0.982709 0.602538 0.900287 0.556011 0.982709 0.55179 0.982709 0.462202 0.900286 0.469796 0.900286 0.515343 0.982709 0.462202 0.900286 0.515343 0.982709 0.513258 0.982709 0.499867 0.900286 0.501659 0.900287 0.524092 0.982709 0.499867 0.900286 0.524092 0.982709 0.5236 0.982709 0.525947 0.900287 0.518887 0.900287 0.528822 0.982709 0.525947 0.900287 0.528822 0.982709 0.53076 0.982709 0.624118 0.900287 0.59918 0.900287 0.550868 0.982709 0.624118 0.900287 0.550868 0.982709 0.557715 0.982709 0.551003 0.900287 0.544566 0.900287 0.535873 0.982709 0.551003 0.900287 0.535873 0.982709 0.53764 0.982709 0.583978 0.833327 0.569354 0.833327 0.572914 0.900287 0.583978 0.833327 0.572914 0.900287 0.586452 0.900287 0.532279 0.997002 0.515343 0.982709 0.515581 0.982709 0.540212 0.982709 0.532279 0.997002 0.538497 0.982709 0.569354 0.833327 0.545685 0.833327 0.551003 0.900287 0.569354 0.833327 0.551003 0.900287 0.572914 0.900287 0.601355 0.833327 0.617963 0.833327 0.617912 0.900287 0.601355 0.833327 0.617912 0.900287 0.602538 0.900287 0.532279 0.997002 0.5236 0.982709 0.524092 0.982709 0.533405 0.982709 0.532279 0.997002 0.535873 0.982709 0.529024 0.833327 0.518618 0.833327 0.525947 0.900287 0.529024 0.833327 0.525947 0.900287 0.53558 0.900287 0.490446 0.833326 0.492382 0.833327 0.501659 0.900287 0.490446 0.833326 0.501659 0.900287 0.499867 0.900286 0.49925 0.833326 0.549056 0.833327 0.554124 0.900287 0.49925 0.833326 0.554124 0.900287 0.508018 0.900286 0.522559 0.982709 0.519193 0.982709 0.532279 0.997002 0.595587 0.833327 0.595599 0.833327 0.59721 0.900287 0.595587 0.833327 0.59721 0.900287 0.597198 0.900287 0.486352 0.833327 0.473109 0.833326 0.483819 0.900287 0.486352 0.833327 0.483819 0.900287 0.496078 0.900287 0.624666 0.833327 0.597727 0.833327 0.59918 0.900287 0.624666 0.833327 0.59918 0.900287 0.624118 0.900287 0.617963 0.833327 0.626208 0.833327 0.625545 0.900287 0.617963 0.833327 0.625545 0.900287 0.617912 0.900287 0.549056 0.833327 0.555803 0.833327 0.56037 0.900287 0.549056 0.833327 0.56037 0.900287 0.554124 0.900287 0.558107 0.982709 0.557715 0.982709 0.532279 0.997002 0.484571 0.833327 0.490446 0.833326 0.499867 0.900286 0.484571 0.833327 0.499867 0.900286 0.494429 0.900287 0.555803 0.833327 0.564477 0.833327 0.568399 0.900287 0.555803 0.833327 0.568399 0.900287 0.56037 0.900287 0.532279 0.997002 0.522107 0.982709 0.5236 0.982709 0.556011 0.982709 0.532279 0.997002 0.55179 0.982709 0.532279 0.997002 0.547373 0.982709 0.543656 0.982709 0.625545 0.900287 0.624118 0.900287 0.557715 0.982709 0.625545 0.900287 0.557715 0.982709 0.558107 0.982709 0.597198 0.900287 0.59721 0.900287 0.550327 0.982709 0.597198 0.900287 0.550327 0.982709 0.550324 0.982709 0.572914 0.900287 0.551003 0.900287 0.53764 0.982709 0.572914 0.900287 0.53764 0.982709 0.543656 0.982709 0.56037 0.900287 0.568399 0.900287 0.542417 0.982709 0.56037 0.900287 0.542417 0.982709 0.540212 0.982709 0.496078 0.900287 0.483819 0.900287 0.519193 0.982709 0.496078 0.900287 0.519193 0.982709 0.522559 0.982709 0.59918 0.900287 0.596961 0.900287 0.550259 0.982709 0.59918 0.900287 0.550259 0.982709 0.550868 0.982709 0.568399 0.900287 0.602538 0.900287 0.55179 0.982709 0.568399 0.900287 0.55179 0.982709 0.542417 0.982709 0.454195 0.900286 0.448138 0.900286 0.509397 0.982709 0.454195 0.900286 0.509397 0.982709 0.51106 0.982709 0.501659 0.900287 0.508018 0.900286 0.525838 0.982709 0.501659 0.900287 0.525838 0.982709 0.524092 0.982709 0.494429 0.900287 0.499867 0.900286 0.5236 0.982709 0.494429 0.900287 0.5236 0.982709 0.522107 0.982709 0.470663 0.900286 0.494429 0.900287 0.522107 0.982709 0.470663 0.900286 0.522107 0.982709 0.515581 0.982709 0.469796 0.900286 0.470663 0.900286 0.515581 0.982709 0.469796 0.900286 0.515581 0.982709 0.515343 0.982709 0.508018 0.900286 0.554124 0.900287 0.538497 0.982709 0.508018 0.900286 0.538497 0.982709 0.525838 0.982709 0.2072771 0.4949401 0.2709171 0.4991061 0.270301 0.65831 0.209936 0.659968 0.2072771 0.4949401 0.270301 0.65831 0.1127131 0.5048021 0.01001012 0.5045421 0.03715699 0.671444 0.03715699 0.671444 0.01001012 0.5045421 0.013179 0.671195 0.2932131 0.5039561 0.293077 0.673769 0.457478 0.673624 0.2932131 0.5039561 0.457478 0.673624 0.4631761 0.5035461 0.2777891 0.4987362 0.377732 0.673051 0.273265 0.668441 0.4872031 0.4986521 0.377732 0.673051 0.2777891 0.4987362 0.4872031 0.4986521 0.493441 0.669431 0.377732 0.673051 2.49e-4 0.859845 0.05355495 0.785928 0.05355596 0.785905 0.871307 0.275788 0.869865 0.355984 0.869865 0.355984 0.871307 0.275788 0.869865 0.355984 0.871307 0.275788 0.869315 0.343611 0.869989 0.371479 0.869989 0.371479 0.869315 0.343611 0.869989 0.371479 0.869315 0.343611 0.87127 0.279499 0.871947 0.295033 0.871947 0.295033 0.87127 0.279499 0.871947 0.295033 0.87127 0.279499 0.87194 0.294983 0.870834 0.278798 0.870834 0.278798 0.87194 0.294983 0.870834 0.278798 0.87194 0.294983 0.870259 0.342404 0.87194 0.294983 0.87194 0.294983 0.870259 0.342404 0.87194 0.294983 0.870259 0.342404 0.871947 0.295033 0.869315 0.343611 0.869315 0.343611 0.871947 0.295033 0.869315 0.343611 0.871947 0.295033 0.860021 0.341079 0.871042 0.292088 0.871307 0.275788 0.860021 0.341079 0.871307 0.275788 0.869865 0.355984 0.863768 0.360005 0.865191 0.280856 0.85438 0.296376 0.863768 0.360005 0.85438 0.296376 0.853509 0.34464 0.988712 0.760336 0.96908 0.902611 0.990872 0.902273 0.884394 0.9003 0.88408 0.762202 0.904255 0.900032 0.836232 0.321767 0.86931 0.359621 0.670358 0.368474 0.836232 0.321767 0.670358 0.368474 0.671959 0.333838 0.884778 0.972624 0.925754 0.975736 0.884394 0.9003 0.863223 0.36354 0.828849 0.327094 0.668961 0.335802 0.863223 0.36354 0.668961 0.335802 0.667477 0.370522 0.990154 0.982714 0.927958 0.979356 0.990872 0.902273 0.925754 0.975736 0.929852 0.82866 0.884394 0.9003 0.992324 0.89884 0.929852 0.82866 0.925754 0.975736 0.922359 0.992384 0.903256 0.903632 0.886228 0.903896 0.922359 0.992384 0.886228 0.903896 0.887086 0.976109 0.990872 0.902273 0.927923 0.832069 0.934085 0.772061 0.990872 0.902273 0.934085 0.772061 0.988712 0.760336 0.836232 0.321767 0.671959 0.333838 0.673057 0.281177 0.836232 0.321767 0.673057 0.281177 0.870723 0.281414 0.927958 0.979356 0.887086 0.976109 0.886228 0.903896 0.667949 0.281178 0.668961 0.335802 0.828849 0.327094 0.667949 0.281178 0.828849 0.327094 0.864619 0.286317 0.927923 0.832069 0.927958 0.979356 0.886228 0.903896 0.927923 0.832069 0.990872 0.902273 0.927958 0.979356 0.884394 0.9003 0.929852 0.82866 0.931718 0.769203 0.884394 0.9003 0.931718 0.769203 0.88408 0.762202 0.904255 0.900032 0.919866 0.987399 0.884778 0.972624 0.904255 0.900032 0.884778 0.972624 0.884394 0.9003 0.86931 0.359621 0.870723 0.281414 0.683752 0.323777 0.86931 0.359621 0.683752 0.323777 0.683126 0.338206 0.864619 0.286317 0.863223 0.36354 0.678983 0.340453 0.864619 0.286317 0.678983 0.340453 0.679349 0.326514 0.929852 0.82866 0.992324 0.89884 0.985968 0.757458 0.929852 0.82866 0.985968 0.757458 0.931718 0.769203 0.870259 0.342404 0.787102 0.331739 0.87194 0.294983 0.724754 0.369119 0.869989 0.371479 0.869315 0.343611 0.724754 0.369119 0.869315 0.343611 0.786303 0.330237 0.86931 0.359621 0.869865 0.355984 0.871307 0.275788 0.86931 0.359621 0.871307 0.275788 0.870723 0.281414 0.869315 0.343611 0.871947 0.295033 0.786303 0.330237 0.716911 0.287064 0.786303 0.330237 0.871947 0.295033 0.716911 0.287064 0.871947 0.295033 0.87127 0.279499 0.787102 0.331739 0.870259 0.342404 0.87161 0.37093 0.787102 0.331739 0.87161 0.37093 0.728825 0.370011 0.718625 0.289826 0.870834 0.278798 0.87194 0.294983 0.718625 0.289826 0.87194 0.294983 0.787102 0.331739 0.925754 0.975736 0.990353 0.976678 0.992324 0.89884 0.673057 0.281177 0.683752 0.323777 0.870723 0.281414 0.683126 0.338206 0.670358 0.368474 0.86931 0.359621 0.667477 0.370522 0.678983 0.340453 0.863223 0.36354 0.679349 0.326514 0.667949 0.281178 0.864619 0.286317 0.87161 0.37093 0.870259 0.342404 0.870259 0.342404 0.87161 0.37093 0.870259 0.342404 0.87161 0.37093 0.865191 0.280856 0.863768 0.360005 0.863223 0.36354 0.865191 0.280856 0.863223 0.36354 0.864619 0.286317 0.863768 0.360005 0.865191 0.280856 0.865191 0.280856 0.863768 0.360005 0.865191 0.280856 0.863768 0.360005 0.936325 0.988377 0.982193 0.898977 0.992324 0.89884 0.936325 0.988377 0.992324 0.89884 0.990353 0.976678 0.96908 0.902611 0.939388 0.993689 0.990154 0.982714 0.96908 0.902611 0.990154 0.982714 0.990872 0.902273 0.96908 0.902611 0.988712 0.760336 0.888336 0.765043 0.96908 0.902611 0.888336 0.765043 0.903256 0.903632 0.903256 0.903632 0.922359 0.992384 0.939388 0.993689 0.903256 0.903632 0.939388 0.993689 0.96908 0.902611 0.903256 0.903632 0.888336 0.765043 0.886228 0.903896 0.904255 0.900032 0.88408 0.762202 0.985968 0.757458 0.904255 0.900032 0.985968 0.757458 0.982193 0.898977 0.982193 0.898977 0.985968 0.757458 0.992324 0.89884 0.982193 0.898977 0.936325 0.988377 0.919866 0.987399 0.982193 0.898977 0.919866 0.987399 0.904255 0.900032 0.927923 0.832069 0.886228 0.903896 0.888336 0.765043 0.927923 0.832069 0.888336 0.765043 0.934085 0.772061 0.776868 0.748519 0.81874 0.746472 0.7773 0.661538 0.81874 0.746472 0.937355 0.745833 0.997074 0.663987 0.997074 0.663987 0.7773 0.661538 0.81874 0.746472 0.997121 0.744885 0.997074 0.663987 0.937355 0.745833 0.81874 0.746472 0.776868 0.748519 0.878783 0.748473 0.997121 0.744885 0.997121 0.744885 0.937355 0.745833 0.937355 0.745833 0.878783 0.748473 0.997121 0.744885 0.776868 0.748519 0.776868 0.748519 0.81874 0.746472 0.996159 0.664614 0.880336 0.747832 0.88263 0.652739 0.996159 0.664614 0.999034 0.745697 0.880336 0.747832 0.776425 0.660882 0.882963 0.651931 0.878783 0.748473 0.776425 0.660882 0.878783 0.748473 0.776868 0.748519 0.937355 0.745833 0.81874 0.746472 0.878783 0.748473 0.2775561 0.4007791 0.3396941 0.4429191 0.3256231 0.3944101 0.2399651 0.4458961 0.1679101 0.4439661 0.2863721 0.4920871 0.1156301 0.4904601 0.2863721 0.4920871 0.1679101 0.4439661 0.3396941 0.4429191 0.2856351 0.4524251 0.2989081 0.4937351 0.4857241 0.4505731 0.4317971 0.4410721 0.4733631 0.4920561 0.4733631 0.4920561 0.4317971 0.4410721 0.3396941 0.4429191 0.4733631 0.4920561 0.3396941 0.4429191 0.2989081 0.4937351 0.2950581 0.4510841 0.2950581 0.4599021 0.3083311 0.4923931 0.3083311 0.4923931 0.2950581 0.4599021 0.3075101 0.4941262 0.04586309 0.4936912 0.05740308 0.4592941 0.04504108 0.4919592 0.04504108 0.4919592 0.05740308 0.4592941 0.05740308 0.4504761 0.1679101 0.4439661 0.1044411 0.4571091 0.1156301 0.4904601 0.2863721 0.4920871 0.2984451 0.4589041 0.2399651 0.4458961 0.4317971 0.4410721 0.4926381 0.4010231 0.4449121 0.3944021 0.4926381 0.4010231 0.4317971 0.4410721 0.4857241 0.4505731 0.1679101 0.4439661 0.2504891 0.3917711 0.1541101 0.3917651 0.2504891 0.3917711 0.1679101 0.4439661 0.2399651 0.4458961 0.2950581 0.4599021 0.2849701 0.3996881 0.2848521 0.3997961 0.2849701 0.3996881 0.2950581 0.4599021 0.2950581 0.4510841 0.05740308 0.4504761 0.06419807 0.4010341 0.06431609 0.4009261 0.06419807 0.4010341 0.05740308 0.4504761 0.05740308 0.4592941 0.1044411 0.4571091 0.1541101 0.3917651 0.09785211 0.4006211 0.1541101 0.3917651 0.1044411 0.4571091 0.1679101 0.4439661 0.2399651 0.4458961 0.3083411 0.4006271 0.2504891 0.3917711 0.3083411 0.4006271 0.2399651 0.4458961 0.2984451 0.4589041 0.4449121 0.3944021 0.3256231 0.3944101 0.3396941 0.4429191 0.4449121 0.3944021 0.3396941 0.4429191 0.4317971 0.4410721 0.2856351 0.4524251 0.3396941 0.4429191 0.2775561 0.4007791 0.2950581 0.4510841 0.2869791 0.3994381 0.2849701 0.3996881</float_array>
          <technique_common>
            <accessor source="#liner_003-mesh-map-0-array" count="1707" stride="2">
              <param name="S" type="float"/>
              <param name="T" type="float"/>
            </accessor>
          </technique_common>
        </source>
        <vertices id="liner_003-mesh-vertices">
          <input semantic="POSITION" source="#liner_003-mesh-positions"/>
        </vertices>
        <lines count="10">
          <input semantic="VERTEX" source="#liner_003-mesh-vertices" offset="0"/>
          <p>82 77 83 73 72 68 145 144 152 147 151 148 147 146 146 144 150 149 152 151</p>
        </lines>
        <triangles material="spearman-sue-material" count="569">
          <input semantic="VERTEX" source="#liner_003-mesh-vertices" offset="0"/>
          <input semantic="NORMAL" source="#liner_003-mesh-normals" offset="1"/>
          <input semantic="TEXCOORD" source="#liner_003-mesh-map-0" offset="2" set="0"/>
          <p>0 0 0 4 0 1 8 0 2 0 1 3 8 1 4 6 1 5 6 2 6 8 2 7 9 2 8 9 3 9 13 3 10 11 3 11 11 4 12 13 4 13 18 4 14 11 5 15 18 5 16 14 5 17 15 6 18 19 6 19 22 6 20 15 7 21 22 7 22 20 7 23 20 8 24 22 8 25 23 8 26 23 9 27 27 9 28 25 9 29 25 10 30 27 10 31 5 10 32 25 11 33 5 11 34 1 11 35 39 12 36 28 12 37 29 12 38 30 13 39 31 13 40 32 13 41 32 14 42 33 14 43 34 14 44 37 15 45 39 15 46 29 15 47 37 16 48 29 16 49 35 16 50 37 17 51 38 17 52 39 17 53 36 18 54 30 18 55 32 18 56 36 19 57 32 19 58 34 19 59 4 20 60 29 20 61 28 20 62 4 21 63 28 21 64 8 21 65 27 22 66 31 22 67 30 22 68 27 23 69 30 23 70 5 23 71 23 24 72 32 24 73 31 24 74 23 25 75 31 25 76 27 25 77 23 26 78 33 26 79 32 26 80 22 27 81 34 27 82 33 27 83 22 28 84 33 28 85 23 28 86 19 29 87 36 29 88 34 29 89 19 30 90 34 30 91 22 30 92 13 31 93 37 31 94 35 31 95 13 32 96 35 32 97 18 32 98 9 33 99 38 33 100 37 33 101 9 34 102 37 34 103 13 34 104 9 35 105 39 35 106 38 35 107 8 36 108 28 36 109 39 36 110 8 37 111 39 37 112 9 37 113 16 38 114 21 38 115 24 38 116 24 39 117 26 39 118 2 39 119 24 40 120 2 40 121 16 40 122 17 41 123 3 41 124 7 41 125 7 42 126 10 42 127 12 42 128 7 43 129 12 43 130 17 43 131 40 44 132 41 44 133 42 44 134 43 45 135 44 45 136 41 45 137 43 46 138 41 46 139 40 46 140 45 47 141 40 47 142 42 47 143 45 48 144 43 48 145 40 48 146 42 49 147 44 49 148 46 49 149 43 50 150 46 50 151 44 50 152 41 51 153 44 51 154 42 51 155 47 52 156 48 52 157 49 52 158 50 53 159 51 53 160 47 53 161 50 54 162 52 54 163 51 54 164 53 55 165 51 55 166 52 55 167 49 56 168 48 56 169 52 56 170 48 57 171 53 57 172 52 57 173 50 58 174 47 58 175 49 58 176 54 59 177 55 59 178 56 59 179 54 60 180 56 60 181 57 60 182 58 61 183 54 61 184 57 61 185 58 62 186 57 62 187 59 62 188 55 63 189 58 63 190 59 63 191 55 64 192 59 64 193 56 64 194 60 65 195 61 65 196 62 65 197 63 66 198 64 66 199 62 66 200 63 67 201 62 67 202 61 67 203 64 68 204 65 68 205 60 68 206 64 69 207 60 69 208 62 69 209 65 70 210 63 70 211 61 70 212 65 71 213 61 71 214 60 71 215 114 72 216 120 72 217 115 72 218 122 73 219 117 73 220 115 73 221 118 74 222 119 74 223 66 74 224 66 75 225 119 75 226 67 75 227 118 76 228 66 76 229 70 76 230 70 77 231 71 77 232 118 77 233 122 78 234 124 78 235 119 78 236 119 79 237 124 79 238 67 79 239 67 80 240 124 80 241 120 80 242 67 81 243 120 81 244 71 81 245 120 82 246 114 82 247 71 82 248 118 83 249 122 83 250 119 83 251 84 84 252 85 84 253 90 84 254 86 85 255 87 85 256 92 85 257 90 86 258 87 86 259 84 86 260 85 87 261 74 87 262 89 87 263 74 88 264 75 88 265 89 88 266 79 89 267 74 89 268 85 89 269 85 90 270 80 90 271 79 90 272 90 91 273 89 91 274 95 91 275 89 92 276 75 92 277 95 92 278 75 93 279 92 93 280 95 93 281 76 94 282 81 94 283 93 94 284 92 95 285 80 95 286 86 95 287 85 96 288 89 96 289 90 96 290 131 97 291 132 97 292 133 97 293 131 98 294 134 98 295 132 98 296 135 99 297 136 99 298 137 99 299 132 100 300 137 100 301 136 100 302 137 101 303 134 101 304 135 101 305 133 102 306 135 102 307 131 102 308 133 103 309 136 103 310 135 103 311 134 104 312 137 104 313 132 104 314 132 105 315 136 105 316 133 105 317 101 106 318 102 106 319 103 106 320 101 107 321 103 107 322 104 107 323 105 108 324 106 108 325 107 108 326 103 109 327 107 109 328 106 109 329 106 110 330 105 110 331 104 110 332 102 111 333 101 111 334 105 111 335 102 112 336 105 112 337 107 112 338 104 113 339 103 113 340 106 113 341 103 114 342 102 114 343 107 114 344 101 115 345 104 115 346 108 115 347 101 116 348 108 116 349 110 116 350 104 117 351 105 117 352 112 117 353 104 118 354 112 118 355 108 118 356 135 119 357 134 119 358 138 119 359 135 120 360 138 120 361 140 120 362 105 121 363 101 121 364 110 121 365 105 122 366 110 122 367 112 122 368 131 123 369 135 123 370 140 123 371 131 124 372 140 124 373 142 124 374 134 125 375 131 125 376 142 125 377 134 126 378 142 126 379 138 126 380 114 127 381 117 127 382 118 127 383 114 128 384 118 128 385 71 128 386 115 129 387 117 129 388 114 129 389 84 130 390 87 130 391 86 130 392 118 131 393 117 131 394 122 131 395 85 132 396 84 132 397 86 132 398 85 133 399 86 133 400 80 133 401 126 134 402 127 134 403 141 134 404 126 135 405 141 135 406 139 135 407 97 136 408 113 136 409 98 136 410 127 137 411 128 137 412 141 137 413 126 138 414 129 138 415 123 138 416 126 139 417 123 139 418 116 139 419 99 140 420 100 140 421 88 140 422 99 141 423 88 141 424 91 141 425 100 142 426 97 142 427 94 142 428 100 143 429 94 143 430 88 143 431 128 144 432 125 144 433 123 144 434 128 145 435 123 145 436 130 145 437 129 146 438 130 146 439 123 146 440 99 147 441 91 147 442 96 147 443 99 148 444 96 148 445 98 148 446 121 149 447 125 149 448 128 149 449 121 150 450 128 150 451 127 150 452 109 151 453 113 151 454 97 151 455 109 152 456 97 152 457 100 152 458 111 153 459 109 153 460 100 153 461 111 154 462 100 154 463 99 154 464 94 155 465 97 155 466 98 155 467 94 156 468 98 156 469 96 156 470 111 157 471 99 157 472 98 157 473 111 158 474 98 158 475 113 158 476 116 159 477 121 159 478 127 159 479 116 160 480 127 160 481 126 160 482 139 161 483 143 161 484 129 161 485 139 162 486 129 162 487 126 162 488 141 163 489 128 163 490 130 163 491 141 164 492 130 164 493 129 164 494 141 165 495 129 165 496 143 165 497 153 166 498 154 166 499 155 166 500 153 167 501 155 167 502 156 167 503 157 168 504 158 168 505 159 168 506 157 169 507 159 169 508 160 169 509 161 170 510 162 170 511 163 170 512 164 171 513 165 171 514 166 171 515 164 172 516 166 172 517 167 172 518 168 173 519 169 173 520 170 173 521 168 174 522 170 174 523 171 174 524 161 175 525 172 175 526 173 175 527 174 176 528 175 176 529 176 176 530 174 177 531 176 177 532 177 177 533 178 178 534 161 178 535 179 178 536 180 179 537 181 179 538 182 179 539 180 180 540 182 180 541 183 180 542 172 181 543 161 181 544 184 181 545 185 182 546 186 182 547 161 182 548 181 183 549 187 183 550 188 183 551 181 184 552 188 184 553 182 184 554 189 185 555 168 185 556 171 185 557 189 186 558 171 186 559 190 186 560 191 187 561 192 187 562 193 187 563 194 188 564 192 188 565 191 188 566 195 189 567 184 189 568 161 189 569 196 190 570 197 190 571 198 190 572 196 191 573 198 191 574 199 191 575 161 192 576 200 192 577 201 192 578 202 193 579 203 193 580 204 193 581 202 194 582 204 194 583 205 194 584 206 195 585 207 195 586 208 195 587 209 196 588 210 196 589 211 196 590 209 197 591 211 197 592 212 197 593 154 198 594 213 198 595 214 198 596 154 199 597 214 199 598 155 199 599 215 200 600 216 200 601 217 200 602 173 201 603 218 201 604 161 201 605 215 202 606 217 202 607 219 202 608 187 203 609 164 203 610 167 203 611 187 204 612 167 204 613 188 204 614 161 205 615 220 205 616 221 205 617 165 206 618 222 206 619 223 206 620 165 207 621 223 207 622 166 207 623 161 208 624 224 208 625 225 208 626 161 209 627 226 209 628 227 209 629 222 210 630 157 210 631 160 210 632 222 211 633 160 211 634 223 211 635 175 212 636 228 212 637 229 212 638 175 213 639 229 213 640 176 213 641 161 214 642 221 214 643 230 214 644 231 215 645 232 215 646 233 215 647 231 216 648 233 216 649 234 216 650 161 217 651 235 217 652 224 217 653 236 218 654 238 218 655 240 218 656 237 219 657 241 219 658 243 219 659 237 220 660 243 220 661 245 220 662 245 221 663 248 221 664 237 221 665 250 222 666 251 222 667 254 222 668 250 223 669 254 223 670 257 223 671 250 224 672 257 224 673 259 224 674 250 225 675 259 225 676 261 225 677 264 226 678 246 226 679 244 226 680 264 227 681 244 227 682 266 227 683 264 228 684 266 228 685 267 228 686 161 229 687 269 229 688 270 229 689 226 230 690 161 230 691 271 230 692 237 231 693 248 231 694 272 231 695 250 232 696 273 232 697 251 232 698 239 233 699 274 233 700 276 233 701 276 234 702 242 234 703 239 234 704 277 235 705 262 235 706 275 235 707 258 236 708 278 236 709 280 236 710 258 237 711 280 237 712 260 237 713 255 238 714 264 238 715 267 238 716 255 239 717 267 239 718 278 239 719 255 240 720 278 240 721 258 240 722 276 241 723 274 241 724 281 241 725 281 242 726 266 242 727 276 242 728 281 243 729 274 243 730 280 243 731 280 244 732 278 244 733 281 244 734 266 245 735 244 245 736 242 245 737 242 246 738 276 246 739 266 246 740 274 247 741 263 247 742 260 247 743 260 248 744 280 248 745 274 248 746 282 249 747 279 249 748 268 249 749 281 250 750 267 250 751 266 250 752 238 251 753 277 251 754 275 251 755 247 252 756 265 252 757 256 252 758 162 253 759 161 253 760 283 253 761 237 254 762 272 254 763 284 254 764 247 255 765 256 255 766 252 255 767 251 256 768 273 256 769 272 256 770 253 257 771 249 257 772 246 257 773 273 258 774 250 258 775 285 258 776 285 259 777 284 259 778 272 259 779 272 260 780 273 260 781 285 260 782 185 261 783 161 261 784 286 261 785 161 262 786 163 262 787 220 262 788 287 263 789 161 263 790 218 263 791 161 264 792 178 264 793 288 264 794 161 265 795 289 265 796 286 265 797 290 266 798 292 266 799 294 266 800 294 267 801 296 267 802 290 267 803 292 268 804 298 268 805 300 268 806 300 269 807 294 269 808 292 269 809 302 270 810 300 270 811 298 270 812 298 271 813 304 271 814 302 271 815 304 272 816 305 272 817 306 272 818 306 273 819 302 273 820 304 273 821 305 274 822 308 274 823 309 274 824 309 275 825 306 275 826 305 275 827 308 276 828 311 276 829 312 276 830 312 277 831 309 277 832 308 277 833 314 278 834 315 278 835 316 278 836 311 279 837 314 279 838 316 279 839 311 280 840 316 280 841 312 280 842 315 281 843 318 281 844 319 281 845 319 282 846 316 282 847 315 282 848 318 283 849 321 283 850 322 283 851 322 284 852 319 284 853 318 284 854 321 285 855 324 285 856 325 285 857 325 286 858 322 286 859 321 286 860 324 287 861 327 287 862 328 287 863 328 288 864 325 288 865 324 288 866 327 289 867 330 289 868 331 289 869 331 290 870 328 290 871 327 290 872 330 291 873 333 291 874 335 291 875 335 292 876 331 292 877 330 292 878 333 293 879 337 293 880 339 293 881 339 294 882 335 294 883 333 294 884 337 295 885 341 295 886 343 295 887 343 296 888 339 296 889 337 296 890 341 297 891 345 297 892 347 297 893 347 298 894 343 298 895 341 298 896 345 299 897 349 299 898 351 299 899 351 300 900 347 300 901 345 300 902 349 301 903 290 301 904 296 301 905 296 302 906 351 302 907 349 302 908 320 200 909 323 200 910 326 200 911 326 303 912 329 303 913 332 303 914 332 304 915 336 304 916 340 304 917 326 305 918 332 305 919 340 305 920 340 306 921 344 306 922 348 306 923 348 307 924 352 307 925 297 307 926 340 308 927 348 308 928 297 308 929 326 309 930 340 309 931 297 309 932 297 200 933 295 200 934 301 200 935 301 310 936 303 310 937 307 310 938 297 311 939 301 311 940 307 311 941 326 312 942 297 312 943 307 312 944 307 313 945 310 313 946 313 313 947 326 314 948 307 314 949 313 314 950 320 200 951 326 200 952 313 200 953 317 315 954 320 315 955 313 315 956 342 316 957 338 316 958 334 316 959 333 317 960 330 317 961 327 317 962 327 318 963 324 318 964 321 318 965 333 319 966 327 319 967 321 319 968 321 320 969 318 320 970 315 320 971 321 321 972 315 321 973 314 321 974 314 322 975 311 322 976 308 322 977 308 323 978 305 323 979 304 323 980 314 324 981 308 324 982 304 324 983 321 325 984 314 325 985 304 325 986 304 326 987 299 326 988 293 326 989 293 327 990 291 327 991 350 327 992 304 328 993 293 328 994 350 328 995 321 329 996 304 329 997 350 329 998 333 330 999 321 330 1000 350 330 1001 341 331 1002 333 331 1003 350 331 1004 341 332 1005 350 332 1006 346 332 1007 212 333 1008 211 333 1009 230 333 1010 212 334 1011 230 334 1012 221 334 1013 211 335 1014 353 335 1015 235 335 1016 211 336 1017 235 336 1018 230 336 1019 182 337 1020 188 337 1021 172 337 1022 182 338 1023 172 338 1024 184 338 1025 171 339 1026 170 339 1027 220 339 1028 171 340 1029 220 340 1030 163 340 1031 176 341 1032 229 341 1033 289 341 1034 176 342 1035 289 342 1036 225 342 1037 354 343 1038 355 343 1039 179 343 1040 354 344 1041 179 344 1042 227 344 1043 183 345 1044 182 345 1045 184 345 1046 183 346 1047 184 346 1048 195 346 1049 167 347 1050 166 347 1051 218 347 1052 167 348 1053 218 348 1054 173 348 1055 356 349 1056 234 349 1057 201 349 1058 356 350 1059 201 350 1060 200 350 1061 155 351 1062 214 351 1063 186 351 1064 155 352 1065 186 352 1066 185 352 1067 229 353 1068 156 353 1069 286 353 1070 229 354 1071 286 354 1072 289 354 1073 204 355 1074 356 355 1075 200 355 1076 204 356 1077 200 356 1078 288 356 1079 166 357 1080 223 357 1081 287 357 1082 166 358 1083 287 358 1084 218 358 1085 357 359 1086 199 359 1087 271 359 1088 357 360 1089 271 360 1090 358 360 1091 156 361 1092 155 361 1093 185 361 1094 156 362 1095 185 362 1096 286 362 1097 233 363 1098 190 363 1099 162 363 1100 233 364 1101 162 364 1102 283 364 1103 177 365 1104 176 365 1105 225 365 1106 177 366 1107 225 366 1108 224 366 1109 210 367 1110 359 367 1111 353 367 1112 210 368 1113 353 368 1114 211 368 1115 161 369 1116 287 369 1117 269 369 1118 179 370 1119 161 370 1120 227 370 1121 359 371 1122 174 371 1123 177 371 1124 359 372 1125 177 372 1126 353 372 1127 203 373 1128 360 373 1129 356 373 1130 203 374 1131 356 374 1132 204 374 1133 161 375 1134 358 375 1135 271 375 1136 289 376 1137 161 376 1138 225 376 1139 228 377 1140 153 377 1141 156 377 1142 228 378 1143 156 378 1144 229 378 1145 361 379 1146 196 379 1147 199 379 1148 361 380 1149 199 380 1150 357 380 1151 197 381 1152 362 381 1153 354 381 1154 197 382 1155 354 382 1156 198 382 1157 186 383 1158 195 383 1159 161 383 1160 169 384 1161 209 384 1162 212 384 1163 169 385 1164 212 385 1165 170 385 1166 213 386 1167 180 386 1168 183 386 1169 213 387 1170 183 387 1171 214 387 1172 232 388 1173 189 388 1174 190 388 1175 232 389 1176 190 389 1177 233 389 1178 360 390 1179 231 390 1180 234 390 1181 360 391 1182 234 391 1183 356 391 1184 362 392 1185 363 392 1186 355 392 1187 362 393 1188 355 393 1189 354 393 1190 201 394 1191 283 394 1192 161 394 1193 158 395 1194 361 395 1195 357 395 1196 158 396 1197 357 396 1198 159 396 1199 363 397 1200 202 397 1201 205 397 1202 363 398 1203 205 398 1204 355 398 1205 161 399 1206 270 399 1207 358 399 1208 200 400 1209 161 400 1210 288 400 1211 161 401 1212 230 401 1213 235 401 1214 234 402 1215 233 402 1216 283 402 1217 234 403 1218 283 403 1219 201 403 1220 170 404 1221 212 404 1222 221 404 1223 170 405 1224 221 405 1225 220 405 1226 353 406 1227 177 406 1228 224 406 1229 353 407 1230 224 407 1231 235 407 1232 355 408 1233 205 408 1234 178 408 1235 355 409 1236 178 409 1237 179 409 1238 214 410 1239 183 410 1240 195 410 1241 214 411 1242 195 411 1243 186 411 1244 190 412 1245 171 412 1246 163 412 1247 190 413 1248 163 413 1249 162 413 1250 205 414 1251 204 414 1252 288 414 1253 205 415 1254 288 415 1255 178 415 1256 188 416 1257 167 416 1258 173 416 1259 188 417 1260 173 417 1261 172 417 1262 199 418 1263 198 418 1264 226 418 1265 199 419 1266 226 419 1267 271 419 1268 159 420 1269 357 420 1270 358 420 1271 159 421 1272 358 421 1273 270 421 1274 160 422 1275 159 422 1276 270 422 1277 160 423 1278 270 423 1279 269 423 1280 223 424 1281 160 424 1282 269 424 1283 223 425 1284 269 425 1285 287 425 1286 198 426 1287 354 426 1288 227 426 1289 198 427 1290 227 427 1291 226 427 1292 366 428 1293 368 428 1294 370 428 1295 372 429 1296 366 429 1297 370 429 1298 378 430 1299 364 430 1300 374 430 1301 374 431 1302 364 431 1303 376 431 1304 367 432 1305 373 432 1306 377 432 1307 367 433 1308 377 433 1309 365 433 1310 369 434 1311 380 434 1312 371 434 1313 379 435 1314 380 435 1315 369 435 1316 379 436 1317 375 436 1318 380 436 1319 272 437 1320 248 437 1321 251 437 1322 445 438 1323 448 438 1324 383 438 1325 445 439 1326 383 439 1327 393 439 1328 444 440 1329 446 440 1330 394 440 1331 444 441 1332 394 441 1333 395 441 1334 449 442 1335 447 442 1336 381 442 1337 449 443 1338 381 443 1339 384 443 1340 443 444 1341 441 444 1342 385 444 1343 443 445 1344 385 445 1345 387 445 1346 450 446 1347 443 446 1348 387 446 1349 450 447 1350 387 447 1351 389 447 1352 447 448 1353 444 448 1354 395 448 1355 447 449 1356 395 449 1357 381 449 1358 382 450 1359 396 450 1360 393 450 1361 382 451 1362 393 451 1363 383 451 1364 386 452 1365 391 452 1366 390 452 1367 386 453 1368 390 453 1369 388 453 1370 423 454 1371 453 454 1372 404 454 1373 400 455 1374 403 455 1375 455 455 1376 421 456 1377 406 456 1378 427 456 1379 421 457 1380 427 457 1381 416 457 1382 429 458 1383 412 458 1384 400 458 1385 401 459 1386 409 459 1387 413 459 1388 401 460 1389 413 460 1390 430 460 1391 431 461 1392 417 461 1393 404 461 1394 412 462 1395 414 462 1396 400 462 1397 397 463 1398 414 463 1399 412 463 1400 435 464 1401 454 464 1402 405 464 1403 435 465 1404 405 465 1405 428 465 1406 404 466 1407 418 466 1408 411 466 1409 404 467 1410 411 467 1411 423 467 1412 421 468 1413 416 468 1414 432 468 1415 421 469 1416 432 469 1417 419 469 1418 417 470 1419 428 470 1420 405 470 1421 425 471 1422 413 471 1423 409 471 1424 425 472 1425 409 472 1426 398 472 1427 418 473 1428 417 473 1429 405 473 1430 418 474 1431 404 474 1432 417 474 1433 400 475 1434 414 475 1435 415 475 1436 400 476 1437 415 476 1438 403 476 1439 455 477 1440 437 477 1441 429 477 1442 455 478 1443 429 478 1444 400 478 1445 406 479 1446 419 479 1447 433 479 1448 406 480 1449 433 480 1450 436 480 1451 398 481 1452 401 481 1453 438 481 1454 398 482 1455 438 482 1456 439 482 1457 414 483 1458 397 483 1459 424 483 1460 414 484 1461 424 484 1462 415 484 1463 450 485 1464 410 485 1465 443 485 1466 420 486 1467 446 486 1468 444 486 1469 420 487 1470 444 487 1471 422 487 1472 406 488 1473 448 488 1474 445 488 1475 406 489 1476 445 489 1477 419 489 1478 444 490 1479 447 490 1480 422 490 1481 407 491 1482 422 491 1483 447 491 1484 407 492 1485 447 492 1486 449 492 1487 410 493 1488 450 493 1489 451 493 1490 410 494 1491 451 494 1492 399 494 1493 402 495 1494 441 495 1495 443 495 1496 402 496 1497 443 496 1498 410 496 1499 412 497 1500 426 497 1501 397 497 1502 432 498 1503 433 498 1504 419 498 1505 436 499 1506 427 499 1507 406 499 1508 430 500 1509 438 500 1510 401 500 1511 439 501 1512 425 501 1513 398 501 1514 451 502 1515 450 502 1516 389 502 1517 451 503 1518 389 503 1519 392 503 1520 452 504 1521 442 504 1522 401 504 1523 452 505 1524 401 505 1525 398 505 1526 442 506 1527 452 506 1528 391 506 1529 442 507 1530 391 507 1531 386 507 1532 440 508 1533 456 508 1534 397 508 1535 440 509 1536 397 509 1537 426 509 1538 453 510 1539 434 510 1540 431 510 1541 453 511 1542 431 511 1543 404 511 1544 453 512 1545 423 512 1546 408 512 1547 453 513 1548 408 513 1549 454 513 1550 454 514 1551 435 514 1552 434 514 1553 454 515 1554 434 515 1555 453 515 1556 454 516 1557 408 516 1558 405 516 1559 455 517 1560 403 517 1561 424 517 1562 455 518 1563 424 518 1564 456 518 1565 456 519 1566 424 519 1567 397 519 1568 456 520 1569 440 520 1570 437 520 1571 456 521 1572 437 521 1573 455 521 1574 418 522 1575 405 522 1576 408 522 1577 418 523 1578 408 523 1579 411 523 1580 459 524 1581 466 524 1582 460 524 1583 466 525 1584 467 525 1585 465 525 1586 465 526 1587 460 526 1588 466 526 1589 464 527 1590 465 527 1591 467 527 1592 466 528 1593 457 528 1594 470 528 1595 461 529 1596 464 529 1597 467 529 1598 467 530 1599 470 530 1600 461 530 1601 459 531 1602 457 531 1603 466 531 1604 463 532 1605 471 532 1606 468 532 1607 463 533 1608 462 533 1609 471 533 1610 458 534 1611 469 534 1612 470 534 1613 458 535 1614 470 535 1615 457 535 1616 467 536 1617 466 536 1618 470 536 1619 501 537 1620 478 537 1621 487 537 1622 481 538 1623 492 538 1624 472 538 1625 474 539 1626 472 539 1627 492 539 1628 478 540 1629 479 540 1630 503 540 1631 490 541 1632 489 541 1633 476 541 1634 476 542 1635 489 542 1636 478 542 1637 476 543 1638 478 543 1639 503 543 1640 480 544 1641 482 544 1642 504 544 1643 504 545 1644 482 545 1645 473 545 1646 475 546 1647 493 546 1648 477 546 1649 477 547 1650 493 547 1651 491 547 1652 492 548 1653 494 548 1654 474 548 1655 472 549 1656 483 549 1657 481 549 1658 489 550 1659 498 550 1660 500 550 1661 498 551 1662 489 551 1663 490 551 1664 492 552 1665 484 552 1666 495 552 1667 484 553 1668 492 553 1669 481 553 1670 482 554 1671 488 554 1672 485 554 1673 488 555 1674 482 555 1675 480 555 1676 491 556 1677 496 556 1678 499 556 1679 496 557 1680 491 557 1681 493 557 1682 494 558 1683 495 558 1684 497 558 1685 495 559 1686 494 559 1687 492 559 1688 481 560 1689 486 560 1690 484 560 1691 486 561 1692 481 561 1693 483 561 1694 500 562 1695 487 562 1696 478 562 1697 500 563 1698 478 563 1699 489 563 1700 479 564 1701 478 564 1702 501 564 1703 480 565 1704 502 565 1705 488 565 1706</p>
        </triangles>
      </mesh>
    </geometry>
  </library_geometries>
  <library_controllers>
    <controller id="swordsman_Northern2_Skin_liner_001-skin" name="swordsman_Northern2_Skin">
      <skin source="#liner_003-mesh">
        <bind_shape_matrix>1 0 0 0 0 1 0 0 0 0 1 0 0 0 0 1</bind_shape_matrix>
        <source id="swordsman_Northern2_Skin_liner_001-skin-joints">
          <Name_array id="swordsman_Northern2_Skin_liner_001-skin-joints-array" count="34">root pelvis femurleft butt-l knee-l-top knee-l-bopttom ankle_left foot_left01 femurright butt-r knee-r-top knee-r-bopttom ankleright foot_right01 lumbar rib scapula ulna carpal ammo_node_1 scapula01 ulna01 carpal_right smoke_node_1 ammo_node_0 neck skull nogginbottom plumes skulltop smoke_node_0 cloaktop cloak cloakbottom</Name_array>
          <technique_common>
            <accessor source="#swordsman_Northern2_Skin_liner_001-skin-joints-array" count="34" stride="1">
              <param name="JOINT" type="name"/>
            </accessor>
          </technique_common>
        </source>
        <source id="swordsman_Northern2_Skin_liner_001-skin-bind_poses">
          <float_array id="swordsman_Northern2_Skin_liner_001-skin-bind_poses-array" count="544">1 0 0 0 0 -1.19209e-7 1 -2.154822 0 -1 -1.34359e-7 1.88312e-7 0 0 0 1 1 0 0 -2.88205e-4 0 0 1 -1.989969 0 -1 0 0.05965083 0 0 0 1 1 0 0 -0.2295659 0 -1.19209e-7 1 -1.980151 0 -1 -1.34359e-7 0 0 0 0 1 1 0 0 -0.2300334 0 -2.68221e-7 1 -1.881625 0 -1 -2.83122e-7 0.2278658 0 0 0 1 1 0 0 -0.2579527 0 4.76837e-7 1 -1.492426 0 -1 4.61936e-7 -0.3577128 0 0 0 1 1 0 0 -0.2616621 0 -3.05474e-7 1 -1.243225 0 -1 -3.22238e-7 0.03760057 0 0 0 1 1 -7.75266e-7 2.95466e-7 -0.2703902 0 -0.3687207 -0.9295402 0.1499912 8.29584e-7 0.9295377 -0.3687207 -0.04846727 0 0 0 1 1 -6.03215e-7 2.75684e-5 -0.2703911 0 -0.9997583 -0.02187639 -0.2401507 2.7575e-5 0.02187538 -0.9997607 0.02882623 0 0 0 1 1 0 0 0.2313526 0 0 1 -1.980151 0 -1 0 0 0 0 0 1 1 0 0 0.2346149 0 -6.78003e-7 1 -1.884255 0 -1 -6.92904e-7 0.2262768 0 0 0 1 1 0 0 0.1784679 0 -6.78003e-7 1 -1.491813 0 -1 -6.85453e-7 -0.3589497 0 0 0 1 1 0 0 0.2454932 0 0 1 -1.243115 0 -1 0 0.03760027 0 0 0 1 1 -6.86382e-7 2.74501e-7 0.2586691 0 -0.368721 -0.9295402 0.1530215 7.39233e-7 0.9295396 -0.368721 -0.04726481 0 0 0 1 1 -3.99853e-7 1.82742e-5 0.2586684 0 -0.99976 -0.02187561 -0.2400798 1.82786e-5 0.02187538 -0.9997607 0.03209751 0 0 0 1 1 0 0 -0.004826366 0 0 1 -2.179733 0 -1 0 0.1130514 0 0 0 1 1 0 0 0.007960081 0 0 1 -2.884791 0 -1 0 -1.77159e-7 0 0 0 1 0.2547404 0 0.9670095 -3.131039 -0.9670094 0 0.2547402 -0.4004759 0 -1 -1.20873e-7 0 0 0 0 1 0.2547403 -1.76711e-7 0.9670096 -3.254778 -0.9670095 0 0.2547404 0.1988799 0 -1 -1.87622e-7 3.11779e-7 0 0 0 1 0.254739 0 0.9670098 -3.358087 -0.9670099 -1.5526e-7 0.2547386 0.77429 1.3737e-7 -1 0 -0.07377833 0 0 0 1 0.254754 -9.8061e-7 0.9670059 -3.534778 -0.001858532 -0.9999982 4.88607e-4 0.001038789 0.967004 -0.001921772 -0.2547532 -0.538889 0 0 0 1 0.224969 0 -0.9743659 3.151046 0.9743658 0 0.224969 -0.2644357 0 -1 0 -5.0351e-7 0 0 0 1 0.2249693 0 -0.9743659 3.263048 0.9743658 0 0.224969 0.3349207 0 -1 0 -5.3535e-7 0 0 0 1 0.2249693 -1.46324e-7 -0.9743658 3.400793 0.9743658 0 0.2249693 0.8660551 -1.29982e-7 -1 0 -6.75815e-7 0 0 0 1 0.2248179 8.3048e-7 -0.9744006 3.374536 -0.006599724 -0.9999769 -0.001523554 -0.05554801 -0.9743784 0.006773233 -0.2248129 -1.048639 0 0 0 1 0.2249163 1.84294e-7 -0.9743781 3.372023 0.9743781 0 0.2249161 1.103771 0 -0.9999999 -2.38419e-7 -1.617805 0 0 0 1 1 0 0 0.02165722 0 0 1 -3.354291 0 -1 -1.2116e-7 1.64899e-7 0 0 0 1 1 0 0 0.02895486 0 0 1 -3.806293 0 -1 0 0 0 0 0 1 1 2.8612e-7 0 0.02715581 0 0.04181396 0.9991254 -3.880911 2.86376e-7 -0.9991254 0.04181396 -0.4448743 0 0 0 1 1 4.20419e-7 0 0.03132402 0 0.02110123 0.9997774 -3.98341 4.20543e-7 -0.9997773 0.02110117 -0.2703227 0 0 0 1 1 0 0 0.03312313 0 0 1 -4.176582 0 -1 0 0 0 0 0 1 1 -1.26315e-5 -1.10455e-6 0.01514297 -1.26315e-5 -1 1.19209e-7 -0.2430211 -1.10467e-6 0 -1 3.446479 0 0 0 1 1 0 0 -0.001975059 0 -1.93715e-7 1 -3.236083 0 -1 -2.08616e-7 0.198127 0 0 0 1 1 0 0 -0.006513178 0 0 1 -2.377002 0 -1 0 0.4338245 0 0 0 1 1 0 0 0.02082639 0 0 1 -1.545783 0 -1 0 0.5515337 0 0 0 1</float_array>
          <technique_common>
            <accessor source="#swordsman_Northern2_Skin_liner_001-skin-bind_poses-array" count="34" stride="16">
              <param name="TRANSFORM" type="float4x4"/>
            </accessor>
          </technique_common>
        </source>
        <source id="swordsman_Northern2_Skin_liner_001-skin-weights">
          <float_array id="swordsman_Northern2_Skin_liner_001-skin-weights-array" count="505">1 1 1 1 1 1 1 1 1 1 1 1 1 1 1 1 1 1 1 1 1 1 1 1 1 1 1 1 1 1 1 1 1 1 1 1 1 1 1 1 1 1 1 1 1 1 1 1 1 1 1 1 1 1 1 1 1 1 1 1 1 1 1 1 1 1 1 1 1 1 1 1 1 1 1 1 1 1 1 1 1 1 1 1 1 1 1 1 1 1 1 1 1 1 1 1 1 1 1 1 1 1 1 1 1 1 1 1 1 1 1 1 1 1 1 1 1 1 1 1 1 1 1 1 1 1 1 1 1 1 1 1 1 1 1 1 1 1 1 1 1 1 1 1 1 1 1 1 1 1 1 1 1 1 1 1 1 1 1 1 1 1 1 1 1 1 1 1 1 1 1 1 1 1 1 1 1 1 1 1 1 1 1 1 1 1 1 1 1 1 1 1 1 1 1 1 1 1 1 1 1 1 1 1 1 1 1 1 1 1 1 1 1 1 1 1 1 1 1 1 1 1 1 1 1 1 1 1 1 1 1 1 1 1 1 1 1 1 1 1 1 1 1 1 1 1 1 1 1 1 1 1 1 1 1 1 1 1 1 1 1 1 1 1 1 1 1 1 1 1 1 1 1 1 1 1 1 1 1 1 1 1 1 1 1 1 1 1 1 1 1 1 1 1 1 1 1 1 1 1 1 1 1 1 1 1 1 1 1 1 1 1 1 1 1 1 1 1 1 1 1 1 1 1 1 1 1 1 1 1 1 1 1 1 1 1 1 1 1 1 1 1 1 1 1 1 1 1 1 1 1 1 1 1 1 1 1 1 1 1 1 1 1 1 1 1 1 1 1 1 1 1 1 1 1 1 1 1 1 1 1 1 1 1 1 1 1 1 1 1 1 1 1 1 1 1 1 1 1 1 1 1 1 1 1 1 1 1 1 1 1 1 1 1 1 1 1 1 1 1 1 1 1 1 1 1 1 1 1 1 1 1 1 1 1 1 1 1 1 1 1 1 1 1 1 1 1 1 1 1 1 1 1 1 1 1 1 1 1 1 1 1 1 1 1 1 1 1 1 1 1 1 1 1 1 1 1 1 1 1 1 1 1 1 1 1 1 1 1 1 1 1 1 1 1 1 1 1 1 1 1 1 1 1 1</float_array>
          <technique_common>
            <accessor source="#swordsman_Northern2_Skin_liner_001-skin-weights-array" count="505" stride="1">
              <param name="WEIGHT" type="float"/>
            </accessor>
          </technique_common>
        </source>
        <joints>
          <input semantic="JOINT" source="#swordsman_Northern2_Skin_liner_001-skin-joints"/>
          <input semantic="INV_BIND_MATRIX" source="#swordsman_Northern2_Skin_liner_001-skin-bind_poses"/>
        </joints>
        <vertex_weights count="505">
          <input semantic="JOINT" source="#swordsman_Northern2_Skin_liner_001-skin-joints" offset="0"/>
          <input semantic="WEIGHT" source="#swordsman_Northern2_Skin_liner_001-skin-weights" offset="1"/>
          <vcount>1 1 1 1 1 1 1 1 1 1 1 1 1 1 1 1 1 1 1 1 1 1 1 1 1 1 1 1 1 1 1 1 1 1 1 1 1 1 1 1 1 1 1 1 1 1 1 1 1 1 1 1 1 1 1 1 1 1 1 1 1 1 1 1 1 1 1 1 1 1 1 1 1 1 1 1 1 1 1 1 1 1 1 1 1 1 1 1 1 1 1 1 1 1 1 1 1 1 1 1 1 1 1 1 1 1 1 1 1 1 1 1 1 1 1 1 1 1 1 1 1 1 1 1 1 1 1 1 1 1 1 1 1 1 1 1 1 1 1 1 1 1 1 1 1 1 1 1 1 1 1 1 1 1 1 1 1 1 1 1 1 1 1 1 1 1 1 1 1 1 1 1 1 1 1 1 1 1 1 1 1 1 1 1 1 1 1 1 1 1 1 1 1 1 1 1 1 1 1 1 1 1 1 1 1 1 1 1 1 1 1 1 1 1 1 1 1 1 1 1 1 1 1 1 1 1 1 1 1 1 1 1 1 1 1 1 1 1 1 1 1 1 1 1 1 1 1 1 1 1 1 1 1 1 1 1 1 1 1 1 1 1 1 1 1 1 1 1 1 1 1 1 1 1 1 1 1 1 1 1 1 1 1 1 1 1 1 1 1 1 1 1 1 1 1 1 1 1 1 1 1 1 1 1 1 1 1 1 1 1 1 1 1 1 1 1 1 1 1 1 1 1 1 1 1 1 1 1 1 1 1 1 1 1 1 1 1 1 1 1 1 1 1 1 1 1 1 1 1 1 1 1 1 1 1 1 1 1 1 1 1 1 1 1 1 1 1 1 1 1 1 1 1 1 1 1 1 1 1 1 1 1 1 1 1 1 1 1 1 1 1 1 1 1 1 1 1 1 1 1 1 1 1 1 1 1 1 1 1 1 1 1 1 1 1 1 1 1 1 1 1 1 1 1 1 1 1 1 1 1 1 1 1 1 1 1 1 1 1 1 1 1 1 1 1 1 1 1 1 1 1 1 1 1 1 1 1 1 1 1 1 1 1 1 1 1 1 1 1 1 1 1 1 1 1 1 1 1 1 1 1 1 1 1 1 1 1 1 1 1 1 1 1 1 1 1 1 1 1 1 1 1 1 1 1 </vcount>
          <v>17 0 17 1 17 2 17 3 17 4 17 5 17 6 17 7 17 8 17 9 17 10 17 11 17 12 17 13 17 14 17 15 17 16 17 17 17 18 17 19 17 20 17 21 17 22 17 23 17 24 17 25 17 26 17 27 17 28 17 29 17 30 17 31 17 32 17 33 17 34 17 35 17 36 17 37 17 38 17 39 23 40 23 41 23 42 23 43 23 44 23 45 23 46 23 47 23 48 23 49 23 50 23 51 23 52 23 53 23 54 23 55 23 56 23 57 23 58 23 59 23 60 23 61 23 62 23 63 23 64 23 65 15 66 15 67 15 68 15 69 15 70 15 71 15 72 15 73 15 74 15 75 15 76 15 77 15 78 15 79 15 80 15 81 15 82 15 83 16 84 16 85 16 86 16 87 16 88 16 89 17 90 17 91 17 92 17 93 17 94 17 95 17 96 17 97 17 98 17 99 16 100 17 101 17 102 17 103 17 104 17 105 17 106 17 107 17 108 17 109 17 110 17 111 17 112 17 113 20 114 20 115 20 116 20 117 20 118 20 119 21 120 21 121 21 122 21 123 21 124 21 125 20 126 21 127 21 128 21 129 21 130 21 131 21 132 21 133 21 134 21 135 21 136 21 137 21 138 21 139 21 140 21 141 21 142 21 143 15 144 15 145 15 146 15 147 15 148 15 149 15 150 15 151 15 152 25 153 25 154 25 155 25 156 25 157 25 158 25 159 25 160 25 161 25 162 25 163 25 164 25 165 25 166 25 167 25 168 25 169 25 170 25 171 25 172 25 173 25 174 25 175 25 176 25 177 25 178 25 179 25 180 25 181 25 182 25 183 25 184 25 185 25 186 25 187 25 188 25 189 25 190 25 191 25 192 25 193 25 194 25 195 25 196 25 197 25 198 25 199 25 200 25 201 25 202 25 203 25 204 25 205 25 206 25 207 25 208 25 209 25 210 25 211 25 212 25 213 25 214 25 215 25 216 25 217 25 218 25 219 25 220 25 221 25 222 25 223 25 224 25 225 25 226 25 227 25 228 25 229 25 230 25 231 25 232 25 233 25 234 25 235 25 236 25 237 25 238 25 239 25 240 25 241 25 242 25 243 25 244 25 245 25 246 25 247 25 248 25 249 25 250 25 251 25 252 25 253 25 254 25 255 25 256 25 257 25 258 25 259 25 260 25 261 25 262 25 263 25 264 25 265 25 266 25 267 25 268 25 269 25 270 25 271 25 272 25 273 25 274 25 275 25 276 25 277 25 278 25 279 25 280 25 281 25 282 25 283 25 284 25 285 25 286 25 287 25 288 25 289 25 290 25 291 25 292 25 293 25 294 25 295 25 296 25 297 25 298 25 299 25 300 25 301 25 302 25 303 25 304 25 305 25 306 25 307 25 308 25 309 25 310 25 311 25 312 25 313 25 314 25 315 25 316 25 317 25 318 25 319 25 320 25 321 25 322 25 323 25 324 25 325 25 326 25 327 25 328 25 329 25 330 25 331 25 332 25 333 25 334 25 335 25 336 25 337 25 338 25 339 25 340 25 341 25 342 25 343 25 344 25 345 25 346 25 347 25 348 25 349 25 350 25 351 25 352 25 353 25 354 25 355 25 356 25 357 25 358 25 359 25 360 25 361 25 362 25 363 1 364 1 365 1 366 1 367 1 368 1 369 15 370 15 371 15 372 15 373 15 374 15 375 15 376 15 377 1 378 1 379 15 380 13 381 13 382 13 383 13 384 7 385 7 386 7 387 7 388 7 389 7 390 7 391 7 392 13 393 13 394 13 395 13 396 5 397 6 398 6 399 5 400 6 401 6 402 8 403 11 404 11 405 12 406 12 407 8 408 5 409 5 410 8 411 5 412 5 413 2 414 2 415 11 416 11 417 8 418 12 419 12 420 11 421 11 422 8 423 2 424 5 425 5 426 11 427 11 428 5 429 5 430 11 431 11 432 11 433 11 434 11 435 11 436 5 437 5 438 5 439 5 440 7 441 7 442 7 443 13 444 13 445 13 446 13 447 13 448 13 449 7 450 7 451 7 452 11 453 11 454 5 455 5 456 15 457 15 458 15 459 15 460 15 461 15 462 15 463 15 464 15 465 15 466 15 467 15 468 15 469 15 470 15 471 1 472 1 473 1 474 1 475 1 476 1 477 2 478 2 479 2 480 3 481 2 482 2 483 3 484 3 485 3 486 2 487 2 488 8 489 8 490 8 491 9 492 8 493 8 494 9 495 9 496 9 497 8 498 8 499 8 500 2 501 2 502 1 503 1 504</v>
        </vertex_weights>
      </skin>
    </controller>
  </library_controllers>
  <library_visual_scenes>
    <visual_scene id="Scene" name="Scene">
      <node id="Camera" name="Camera" type="NODE">
        <matrix sid="transform">0.6859207 -0.3240135 0.6515582 7.481132 0.7276763 0.3054208 -0.6141704 -6.50764 0 0.8953956 0.4452714 5.343665 0 0 0 1</matrix>
        <instance_camera url="#Camera-camera"/>
      </node>
      <node id="Lamp" name="Lamp" type="NODE">
        <matrix sid="transform">-0.2908646 -0.7711008 0.5663932 4.076245 0.9551712 -0.1998834 0.2183912 1.005454 -0.05518906 0.6045247 0.7946723 5.903862 0 0 0 1</matrix>
        <instance_light url="#Lamp-light"/>
      </node>
      <node id="swordsman_Northern2_Skin" name="swordsman_Northern2_Skin" type="NODE">
        <matrix sid="transform">1 0 0 0 0 1 0 0 0 0 1 0 0 0 0 1</matrix>
        <node id="swordsman_Northern2_Skin_root" name="root" sid="root" type="JOINT">
          <matrix sid="transform">1 5.49894e-16 2.62398e-8 0 2.62398e-8 -1.34359e-7 -1 -1.01207e-7 2.97565e-15 1 -1.19209e-7 2.154822 0 0 0 1</matrix>
          <node id="swordsman_Northern2_Skin_pelvis" name="pelvis" sid="pelvis" type="JOINT">
            <matrix sid="transform">1 0 9.28837e-9 2.88204e-4 -3.46018e-16 1 3.72528e-8 -0.1648533 -9.28837e-9 -3.72528e-8 1 -0.05965076 0 0 0 1</matrix>
            <node id="swordsman_Northern2_Skin_femurleft" name="femurleft" sid="femurleft" type="JOINT">
              <matrix sid="transform">1 -3.87761e-15 5.08076e-9 0.2292777 0 1 -3.72529e-8 -0.0098176 -5.08076e-9 3.75012e-8 1 0.05965088 0 0 0 1</matrix>
              <node id="swordsman_Northern2_Skin_butt-l" name="butt-l" sid="butt-l" type="JOINT">
                <matrix sid="transform">1 -4.56025e-15 4.2319e-9 4.67554e-4 6.30602e-16 1 -1.49012e-7 -0.098526 -4.2319e-9 1.49012e-7 1 -0.2278655 0 0 0 1</matrix>
                <extra>
                  <technique profile="blender">
                    <layer sid="layer" type="string">0</layer>
                    <roll sid="roll" type="float">0</roll>
                    <tip_x sid="tip_x" type="float">0</tip_x>
                    <tip_y sid="tip_y" type="float">0</tip_y>
                    <tip_z sid="tip_z" type="float">0.1</tip_z>
                  </technique>
                </extra>
              </node>
              <node id="swordsman_Northern2_Skin_knee-l-top" name="knee-l-top" sid="knee-l-top" type="JOINT">
                <matrix sid="transform">1 -4.56025e-15 7.79386e-9 0.02838683 -4.6455e-15 1 5.96047e-7 -0.4877242 -7.79386e-9 -5.96047e-7 1 0.3577119 0 0 0 1</matrix>
                <extra>
                  <technique profile="blender">
                    <layer sid="layer" type="string">0</layer>
                    <roll sid="roll" type="float">0</roll>
                    <tip_x sid="tip_x" type="float">0</tip_x>
                    <tip_y sid="tip_y" type="float">0</tip_y>
                    <tip_z sid="tip_z" type="float">0.1</tip_z>
                  </technique>
                </extra>
              </node>
              <node id="swordsman_Northern2_Skin_knee-l-bopttom" name="knee-l-bopttom" sid="knee-l-bopttom" type="JOINT">
                <matrix sid="transform">1 -4.56025e-15 3.00215e-8 0.03209621 5.59194e-15 1 -1.86264e-7 -0.736926 -3.00215e-8 1.86264e-7 1 -0.03760032 0 0 0 1</matrix>
                <node id="swordsman_Northern2_Skin_ankle_left" name="ankle left" sid="ankle_left" type="JOINT">
                  <matrix sid="transform">1 -5.11041e-8 8.89747e-7 0.008728117 2.95466e-7 -0.9295399 -0.3687219 -1.121673 8.45897e-7 0.3687219 -0.9295423 -0.06275661 0 0 0 1</matrix>
                  <node id="swordsman_Northern2_Skin_foot_left01" name="foot left01" sid="foot_left01" type="JOINT">
                    <matrix sid="transform">1 7.68619e-7 2.72627e-5 2.68221e-7 -2.54148e-5 0.3889674 0.9212515 0.2168389 -9.8962e-6 -0.9212515 0.3889675 -0.2809217 0 0 0 1</matrix>
                    <extra>
                      <technique profile="blender">
                        <layer sid="layer" type="string">0</layer>
                        <roll sid="roll" type="float">2.75659e-5</roll>
                        <tip_x sid="tip_x" type="float">0</tip_x>
                        <tip_y sid="tip_y" type="float">-0.09997606</tip_y>
                        <tip_z sid="tip_z" type="float">-0.00218749</tip_z>
                      </technique>
                    </extra>
                  </node>
                  <extra>
                    <technique profile="blender">
                      <layer sid="layer" type="string">0</layer>
                      <roll sid="roll" type="float">8.29585e-7</roll>
                      <tip_x sid="tip_x" type="float">0</tip_x>
                      <tip_y sid="tip_y" type="float">-0.03687214</tip_y>
                      <tip_z sid="tip_z" type="float">-0.09295403</tip_z>
                    </technique>
                  </extra>
                </node>
                <extra>
                  <technique profile="blender">
                    <layer sid="layer" type="string">0</layer>
                    <roll sid="roll" type="float">0</roll>
                    <tip_x sid="tip_x" type="float">0</tip_x>
                    <tip_y sid="tip_y" type="float">0</tip_y>
                    <tip_z sid="tip_z" type="float">0.1</tip_z>
                  </technique>
                </extra>
              </node>
              <extra>
                <technique profile="blender">
                  <layer sid="layer" type="string">0</layer>
                  <roll sid="roll" type="float">0</roll>
                  <tip_x sid="tip_x" type="float">0</tip_x>
                  <tip_y sid="tip_y" type="float">0</tip_y>
                  <tip_z sid="tip_z" type="float">0.0999999</tip_z>
                </technique>
              </extra>
            </node>
            <node id="swordsman_Northern2_Skin_femurright" name="femurright" sid="femurright" type="JOINT">
              <matrix sid="transform">1 -3.87761e-15 5.08076e-9 -0.2316408 0 1 0 -0.0098176 -5.08076e-9 2.48278e-10 1 0.05965088 0 0 0 1</matrix>
              <node id="swordsman_Northern2_Skin_butt-r" name="butt-r" sid="butt-r" type="JOINT">
                <matrix sid="transform">1 -4.37098e-15 5.58592e-9 -0.003262356 3.32947e-15 1 -5.96046e-7 -0.09589529 -5.58592e-9 5.96046e-7 1 -0.2262757 0 0 0 1</matrix>
                <extra>
                  <technique profile="blender">
                    <layer sid="layer" type="string">0</layer>
                    <roll sid="roll" type="float">0</roll>
                    <tip_x sid="tip_x" type="float">0</tip_x>
                    <tip_y sid="tip_y" type="float">0</tip_y>
                    <tip_z sid="tip_z" type="float">0.1</tip_z>
                  </technique>
                </extra>
              </node>
              <node id="swordsman_Northern2_Skin_knee-r-top" name="knee-r-top" sid="knee-r-top" type="JOINT">
                <matrix sid="transform">1 -4.37098e-15 9.03824e-9 0.05288468 5.38721e-15 0.9999999 -5.96046e-7 -0.4883386 -9.03824e-9 5.96046e-7 1 0.3589506 0 0 0 1</matrix>
                <extra>
                  <technique profile="blender">
                    <layer sid="layer" type="string">0</layer>
                    <roll sid="roll" type="float">0</roll>
                    <tip_x sid="tip_x" type="float">0</tip_x>
                    <tip_y sid="tip_y" type="float">0</tip_y>
                    <tip_z sid="tip_z" type="float">0.1</tip_z>
                  </technique>
                </extra>
              </node>
              <node id="swordsman_Northern2_Skin_knee-r-bopttom" name="knee-r-bopttom" sid="knee-r-bopttom" type="JOINT">
                <matrix sid="transform">1 -4.37098e-15 1.55375e-8 -0.01414061 0 1 0 -0.7370361 -1.55375e-8 0 1 -0.03760032 0 0 0 1</matrix>
                <node id="swordsman_Northern2_Skin_ankleright" name="ankleright" sid="ankleright" type="JOINT">
                  <matrix sid="transform">1 -1.86264e-8 7.91425e-7 -0.01317592 2.74501e-7 -0.92954 -0.3687212 -1.118303 7.42528e-7 0.3687212 -0.9295406 -0.06275675 0 0 0 1</matrix>
                  <node id="swordsman_Northern2_Skin_foot_right01" name="foot right01" sid="foot_right01" type="JOINT">
                    <matrix sid="transform">1 6.80213e-7 1.79892e-5 2.68221e-7 -1.68371e-5 0.388967 0.9212518 0.2168391 -6.37055e-6 -0.9212518 0.388967 -0.2809221 0 0 0 1</matrix>
                    <extra>
                      <technique profile="blender">
                        <layer sid="layer" type="string">0</layer>
                        <roll sid="roll" type="float">1.82724e-5</roll>
                        <tip_x sid="tip_x" type="float">0</tip_x>
                        <tip_y sid="tip_y" type="float">-0.09997606</tip_y>
                        <tip_z sid="tip_z" type="float">-0.00218749</tip_z>
                      </technique>
                    </extra>
                  </node>
                  <extra>
                    <technique profile="blender">
                      <layer sid="layer" type="string">0</layer>
                      <roll sid="roll" type="float">7.39234e-7</roll>
                      <tip_x sid="tip_x" type="float">0</tip_x>
                      <tip_y sid="tip_y" type="float">-0.03687208</tip_y>
                      <tip_z sid="tip_z" type="float">-0.09295403</tip_z>
                    </technique>
                  </extra>
                </node>
                <extra>
                  <technique profile="blender">
                    <layer sid="layer" type="string">0</layer>
                    <roll sid="roll" type="float">0</roll>
                    <tip_x sid="tip_x" type="float">0</tip_x>
                    <tip_y sid="tip_y" type="float">0</tip_y>
                    <tip_z sid="tip_z" type="float">0.1</tip_z>
                  </technique>
                </extra>
              </node>
              <extra>
                <technique profile="blender">
                  <layer sid="layer" type="string">0</layer>
                  <roll sid="roll" type="float">0</roll>
                  <tip_x sid="tip_x" type="float">0</tip_x>
                  <tip_y sid="tip_y" type="float">0</tip_y>
                  <tip_z sid="tip_z" type="float">0.0999999</tip_z>
                </technique>
              </extra>
            </node>
            <node id="swordsman_Northern2_Skin_lumbar" name="lumbar" sid="lumbar" type="JOINT">
              <matrix sid="transform">1 -3.87761e-15 4.81516e-9 0.004538174 0 1 3.72529e-8 0.189765 -4.81516e-9 -3.70047e-8 1 -0.05340066 0 0 0 1</matrix>
              <node id="swordsman_Northern2_Skin_rib" name="rib" sid="rib" type="JOINT">
                <matrix sid="transform">1 -4.16581e-15 4.29795e-9 -0.01278648 0 1 0 0.7050576 -4.29795e-9 2.48249e-10 1 0.1130516 0 0 0 1</matrix>
                <node id="swordsman_Northern2_Skin_scapula" name="scapula" sid="scapula" type="JOINT">
                  <matrix sid="transform">0.2547402 -0.9670095 -6.60304e-8 0.4182977 0.9670095 0.2547404 -6.10204e-8 0.2449708 7.58279e-8 -4.83076e-8 1 -4.30138e-8 0 0 0 1</matrix>
                  <node id="swordsman_Northern2_Skin_ulna" name="ulna" sid="ulna" type="JOINT">
                    <matrix sid="transform">1 1.49012e-7 -6.9026e-8 0.123739 -1.93715e-7 0.9999999 2.13163e-14 -0.5993564 6.90261e-8 -3.55271e-15 1 -3.18565e-9 0 0 0 1</matrix>
                    <node id="swordsman_Northern2_Skin_carpal" name="carpal" sid="carpal" type="JOINT">
                      <matrix sid="transform">1 -1.53482e-6 1.20621e-7 0.1033106 1.78814e-6 1 -1.49011e-7 -0.5754042 -1.20621e-7 1.49012e-7 1 0.07377815 0 0 0 1</matrix>
                      <node id="swordsman_Northern2_Skin_ammo_node_1" name="ammo node 1" sid="ammo_node_1" type="JOINT">
                        <matrix sid="transform">1 -8.94448e-7 -1.53035e-5 0.1766818 -1.55419e-5 0.001921951 -0.9999982 0.2353449 9.23405e-7 0.9999982 0.001921894 -0.07377824 0 0 0 1</matrix>
                        <extra>
                          <technique profile="blender">
                            <layer sid="layer" type="string">0</layer>
                            <roll sid="roll" type="float">-2.34272</roll>
                            <tip_x sid="tip_x" type="float">-1.85847e-4</tip_x>
                            <tip_y sid="tip_y" type="float">-0.09999984</tip_y>
                            <tip_z sid="tip_z" type="float">4.88758e-5</tip_z>
                          </technique>
                        </extra>
                      </node>
                      <extra>
                        <technique profile="blender">
                          <layer sid="layer" type="string">0</layer>
                          <roll sid="roll" type="float">-1.313219</roll>
                          <tip_x sid="tip_x" type="float">-0.0967009</tip_x>
                          <tip_y sid="tip_y" type="float">0</tip_y>
                          <tip_z sid="tip_z" type="float">0.02547383</tip_z>
                        </technique>
                      </extra>
                    </node>
                    <extra>
                      <technique profile="blender">
                        <layer sid="layer" type="string">0</layer>
                        <roll sid="roll" type="float">-1.313217</roll>
                        <tip_x sid="tip_x" type="float">-0.09670108</tip_x>
                        <tip_y sid="tip_y" type="float">0</tip_y>
                        <tip_z sid="tip_z" type="float">0.02547407</tip_z>
                      </technique>
                    </extra>
                  </node>
                  <extra>
                    <technique profile="blender">
                      <layer sid="layer" type="string">0</layer>
                      <roll sid="roll" type="float">-1.313217</roll>
                      <tip_x sid="tip_x" type="float">-0.09670108</tip_x>
                      <tip_y sid="tip_y" type="float">0</tip_y>
                      <tip_z sid="tip_z" type="float">0.02547407</tip_z>
                    </technique>
                  </extra>
                </node>
                <node id="swordsman_Northern2_Skin_scapula01" name="scapula01" sid="scapula01" type="JOINT">
                  <matrix sid="transform">0.2249691 0.9743659 -4.01253e-8 -0.4432708 -0.9743659 0.2249691 1.12232e-7 0.2449708 1.18382e-7 1.3848e-8 1 -4.30138e-8 0 0 0 1</matrix>
                  <node id="swordsman_Northern2_Skin_ulna01" name="ulna01" sid="ulna01" type="JOINT">
                    <matrix sid="transform">1 1.49012e-8 2.21996e-9 -0.1120017 0 0.9999999 -1.19209e-7 -0.5993565 -2.21997e-9 1.19209e-7 1 -8.40998e-10 0 0 0 1</matrix>
                    <node id="swordsman_Northern2_Skin_carpal_right" name="carpal right" sid="carpal_right" type="JOINT">
                      <matrix sid="transform">1 -8.9407e-8 -8.37628e-8 -0.1377447 2.98023e-7 0.9999999 -5.93303e-13 -0.5311356 8.37628e-8 5.10703e-13 1 -1.44396e-7 0 0 0 1</matrix>
                      <node id="swordsman_Northern2_Skin_smoke_node_1" name="smoke node 1" sid="smoke_node_1" type="JOINT">
                        <matrix sid="transform">1 -7.47386e-8 -1.55225e-4 0.0260942 -1.5521e-4 -0.006773172 -0.9999771 -0.1824127 -9.76609e-7 0.9999771 -0.006773233 0.04844671 0 0 0 1</matrix>
                        <node id="swordsman_Northern2_Skin_ammo_node_0" name="ammo node 0" sid="ammo_node_0" type="JOINT">
                          <matrix sid="transform">0.9999999 -1.00747e-4 -6.46183e-7 0.002622843 -3.48082e-8 -0.006773187 0.9999771 1.569696 -1.00598e-4 -0.9999772 -0.006773244 0.0444876 0 0 0 1</matrix>
                          <extra>
                            <technique profile="blender">
                              <layer sid="layer" type="string">0</layer>
                              <roll sid="roll" type="float">1.34394</roll>
                              <tip_x sid="tip_x" type="float">0.09785342</tip_x>
                              <tip_y sid="tip_y" type="float">0</tip_y>
                              <tip_z sid="tip_z" type="float">0.02258753</tip_z>
                            </technique>
                          </extra>
                        </node>
                        <extra>
                          <technique profile="blender">
                            <layer sid="layer" type="string">0</layer>
                            <roll sid="roll" type="float">1.344003</roll>
                            <tip_x sid="tip_x" type="float">-6.59943e-4</tip_x>
                            <tip_y sid="tip_y" type="float">-0.09999769</tip_y>
                            <tip_z sid="tip_z" type="float">-1.52349e-4</tip_z>
                          </technique>
                        </extra>
                      </node>
                      <extra>
                        <technique profile="blender">
                          <layer sid="layer" type="string">0</layer>
                          <roll sid="roll" type="float">1.343884</roll>
                          <tip_x sid="tip_x" type="float">0.09743654</tip_x>
                          <tip_y sid="tip_y" type="float">0</tip_y>
                          <tip_z sid="tip_z" type="float">0.02249693</tip_z>
                        </technique>
                      </extra>
                    </node>
                    <extra>
                      <technique profile="blender">
                        <layer sid="layer" type="string">0</layer>
                        <roll sid="roll" type="float">1.343885</roll>
                        <tip_x sid="tip_x" type="float">0.09743672</tip_x>
                        <tip_y sid="tip_y" type="float">0</tip_y>
                        <tip_z sid="tip_z" type="float">0.02249693</tip_z>
                      </technique>
                    </extra>
                  </node>
                  <extra>
                    <technique profile="blender">
                      <layer sid="layer" type="string">0</layer>
                      <roll sid="roll" type="float">1.343885</roll>
                      <tip_x sid="tip_x" type="float">0.09743672</tip_x>
                      <tip_y sid="tip_y" type="float">0</tip_y>
                      <tip_z sid="tip_z" type="float">0.02249693</tip_z>
                    </technique>
                  </extra>
                </node>
                <node id="swordsman_Northern2_Skin_neck" name="neck" sid="neck" type="JOINT">
                  <matrix sid="transform">1 -4.42306e-15 3.79429e-9 -0.01369714 2.32617e-16 0.9999999 -6.13072e-8 0.4694993 -3.79429e-9 6.13072e-8 1 -1.36333e-7 0 0 0 1</matrix>
                  <node id="swordsman_Northern2_Skin_skull" name="skull" sid="skull" type="JOINT">
                    <matrix sid="transform">1 -4.88277e-15 1.48448e-9 -0.007297663 0 1 7.45046e-9 0.4520025 -1.48448e-9 -7.45045e-9 1 7.10192e-8 0 0 0 1</matrix>
                    <node id="swordsman_Northern2_Skin_nogginbottom" name="nogginbottom" sid="nogginbottom" type="JOINT">
                      <matrix sid="transform">1 2.3283e-9 2.36499e-7 0.001799162 -1.22153e-8 0.9991254 0.0418141 0.08982587 -2.36195e-7 -0.0418141 0.9991254 0.2822085 0 0 0 1</matrix>
                      <extra>
                        <technique profile="blender">
                          <layer sid="layer" type="string">0</layer>
                          <roll sid="roll" type="float">2.86376e-7</roll>
                          <tip_x sid="tip_x" type="float">0</tip_x>
                          <tip_y sid="tip_y" type="float">0.004181385</tip_y>
                          <tip_z sid="tip_z" type="float">0.09991264</tip_z>
                        </technique>
                      </extra>
                    </node>
                    <node id="swordsman_Northern2_Skin_plumes" name="plumes" sid="plumes" type="JOINT">
                      <matrix sid="transform">1 2.3283e-9 3.70634e-7 -0.002369048 -1.01487e-8 0.9997773 0.02110134 0.1819341 -3.70502e-7 -0.02110134 0.9997773 0.1862073 0 0 0 1</matrix>
                      <extra>
                        <technique profile="blender">
                          <layer sid="layer" type="string">0</layer>
                          <roll sid="roll" type="float">4.20543e-7</roll>
                          <tip_x sid="tip_x" type="float">0</tip_x>
                          <tip_y sid="tip_y" type="float">0.002110123</tip_y>
                          <tip_z sid="tip_z" type="float">0.09997797</tip_z>
                        </technique>
                      </extra>
                    </node>
                    <node id="swordsman_Northern2_Skin_skulltop" name="skulltop" sid="skulltop" type="JOINT">
                      <matrix sid="transform">1 -5.05157e-15 4.60018e-9 -0.00416824 0 1 3.55271e-14 0.3702886 -4.60018e-9 -3.55271e-14 1 -2.13163e-14 0 0 0 1</matrix>
                      <extra>
                        <technique profile="blender">
                          <layer sid="layer" type="string">0</layer>
                          <roll sid="roll" type="float">0</roll>
                          <tip_x sid="tip_x" type="float">0</tip_x>
                          <tip_y sid="tip_y" type="float">0</tip_y>
                          <tip_z sid="tip_z" type="float">0.0999999</tip_z>
                        </technique>
                      </extra>
                    </node>
                    <extra>
                      <technique profile="blender">
                        <layer sid="layer" type="string">0</layer>
                        <roll sid="roll" type="float">0</roll>
                        <tip_x sid="tip_x" type="float">0</tip_x>
                        <tip_y sid="tip_y" type="float">0</tip_y>
                        <tip_z sid="tip_z" type="float">0.1000001</tip_z>
                      </technique>
                    </extra>
                  </node>
                  <node id="swordsman_Northern2_Skin_smoke_node_0" name="smoke node 0" sid="smoke_node_0" type="JOINT">
                    <matrix sid="transform">1 -1.268e-5 -1.10467e-6 0.006514959 -1.10467e-6 1.07102e-7 -0.9999999 0.09218764 1.268e-5 0.9999999 2.38244e-7 0.2430202 0 0 0 1</matrix>
                    <extra>
                      <technique profile="blender">
                        <layer sid="layer" type="string">0</layer>
                        <roll sid="roll" type="float">3.141592</roll>
                        <tip_x sid="tip_x" type="float">-1.26287e-6</tip_x>
                        <tip_y sid="tip_y" type="float">-0.09999996</tip_y>
                        <tip_z sid="tip_z" type="float">0</tip_z>
                      </technique>
                    </extra>
                  </node>
                  <extra>
                    <technique profile="blender">
                      <layer sid="layer" type="string">0</layer>
                      <roll sid="roll" type="float">0</roll>
                      <tip_x sid="tip_x" type="float">0</tip_x>
                      <tip_y sid="tip_y" type="float">0</tip_y>
                      <tip_z sid="tip_z" type="float">0.1000001</tip_z>
                    </technique>
                  </extra>
                </node>
                <node id="swordsman_Northern2_Skin_cloaktop" name="cloaktop" sid="cloaktop" type="JOINT">
                  <matrix sid="transform">1 -4.42306e-15 6.60961e-9 0.009935169 9.8491e-16 0.9999999 -1.49012e-7 0.3512919 -6.60961e-9 1.49012e-7 1 -0.1981267 0 0 0 1</matrix>
                  <node id="swordsman_Northern2_Skin_cloak" name="cloak" sid="cloak" type="JOINT">
                    <matrix sid="transform">1 -5.80357e-15 1.47715e-10 0.004538156 0 1 1.49011e-7 -0.859081 -1.47715e-10 -1.48763e-7 1 -0.2356979 0 0 0 1</matrix>
                    <node id="swordsman_Northern2_Skin_cloakbottom" name="cloakbottom" sid="cloakbottom" type="JOINT">
                      <matrix sid="transform">1 -5.81241e-15 0 -0.02733967 0 1 0 -0.8312191 0 2.48605e-10 1 -0.1177092 0 0 0 1</matrix>
                      <extra>
                        <technique profile="blender">
                          <layer sid="layer" type="string">0</layer>
                          <roll sid="roll" type="float">0</roll>
                          <tip_x sid="tip_x" type="float">0</tip_x>
                          <tip_y sid="tip_y" type="float">0</tip_y>
                          <tip_z sid="tip_z" type="float">0.1</tip_z>
                        </technique>
                      </extra>
                    </node>
                    <extra>
                      <technique profile="blender">
                        <layer sid="layer" type="string">0</layer>
                        <roll sid="roll" type="float">0</roll>
                        <tip_x sid="tip_x" type="float">0</tip_x>
                        <tip_y sid="tip_y" type="float">0</tip_y>
                        <tip_z sid="tip_z" type="float">0.1000001</tip_z>
                      </technique>
                    </extra>
                  </node>
                  <extra>
                    <technique profile="blender">
                      <layer sid="layer" type="string">0</layer>
                      <roll sid="roll" type="float">0</roll>
                      <tip_x sid="tip_x" type="float">0</tip_x>
                      <tip_y sid="tip_y" type="float">0</tip_y>
                      <tip_z sid="tip_z" type="float">0.0999999</tip_z>
                    </technique>
                  </extra>
                </node>
                <extra>
                  <technique profile="blender">
                    <layer sid="layer" type="string">0</layer>
                    <roll sid="roll" type="float">0</roll>
                    <tip_x sid="tip_x" type="float">0</tip_x>
                    <tip_y sid="tip_y" type="float">0</tip_y>
                    <tip_z sid="tip_z" type="float">0.0999999</tip_z>
                  </technique>
                </extra>
              </node>
              <extra>
                <technique profile="blender">
                  <layer sid="layer" type="string">0</layer>
                  <roll sid="roll" type="float">0</roll>
                  <tip_x sid="tip_x" type="float">0</tip_x>
                  <tip_y sid="tip_y" type="float">0</tip_y>
                  <tip_z sid="tip_z" type="float">0.0999999</tip_z>
                </technique>
              </extra>
            </node>
            <extra>
              <technique profile="blender">
                <layer sid="layer" type="string">0</layer>
                <roll sid="roll" type="float">0</roll>
                <tip_x sid="tip_x" type="float">0</tip_x>
                <tip_y sid="tip_y" type="float">0</tip_y>
                <tip_z sid="tip_z" type="float">0.1000001</tip_z>
              </technique>
            </extra>
          </node>
          <extra>
            <technique profile="blender">
              <layer sid="layer" type="string">0</layer>
              <roll sid="roll" type="float">0</roll>
              <tip_x sid="tip_x" type="float">0</tip_x>
              <tip_y sid="tip_y" type="float">0</tip_y>
              <tip_z sid="tip_z" type="float">0.1000001</tip_z>
            </technique>
          </extra>
        </node>
      </node>
      <node id="liner_001" name="liner_001" type="NODE">
        <translate sid="location">0 0 0</translate>
        <rotate sid="rotationZ">0 0 1 0</rotate>
        <rotate sid="rotationY">0 1 0 0</rotate>
        <rotate sid="rotationX">1 0 0 0</rotate>
        <scale sid="scale">1 1 1</scale>
        <instance_controller url="#swordsman_Northern2_Skin_liner_001-skin">
          <skeleton>#swordsman_Northern2_Skin_root</skeleton>
          <bind_material>
            <technique_common>
              <instance_material symbol="spearman-sue-material" target="#spearman-sue-material"/>
              <instance_material symbol="swordsman_Northern2_Mat-material" target="#swordsman_Northern2_Mat-material"/>
              <instance_material symbol="thorakitai1_Mat_001-material" target="#thorakitai1_Mat_001-material"/>
              <instance_material symbol="thorakitai1_Mat-material" target="#thorakitai1_Mat-material"/>
            </technique_common>
          </bind_material>
        </instance_controller>
      </node>
    </visual_scene>
  </library_visual_scenes>
  <scene>
    <instance_visual_scene url="#Scene"/>
  </scene>
</COLLADA>