<?xml version="1.0" encoding="utf-8"?>
<COLLADA xmlns="http://www.collada.org/2005/11/COLLADASchema" version="1.4.1" xmlns:xsi="http://www.w3.org/2001/XMLSchema-instance">
  <asset>
    <contributor>
      <author>Blender User</author>
      <authoring_tool>Blender 2.79.0 commit date:2017-09-11, commit time:10:43, hash:5bd8ac9</authoring_tool>
    </contributor>
    <created>2019-02-14T08:30:44</created>
    <modified>2019-02-14T08:30:44</modified>
    <unit name="meter" meter="1"/>
    <up_axis>Z_UP</up_axis>
  </asset>
  <library_cameras>
    <camera id="Camera-camera" name="Camera">
      <optics>
        <technique_common>
          <perspective>
            <xfov sid="xfov">49.13434</xfov>
            <aspect_ratio>1.777778</aspect_ratio>
            <znear sid="znear">0.1</znear>
            <zfar sid="zfar">100</zfar>
          </perspective>
        </technique_common>
      </optics>
      <extra>
        <technique profile="blender">
          <shiftx sid="shiftx" type="float">0</shiftx>
          <shifty sid="shifty" type="float">0</shifty>
          <YF_dofdist sid="YF_dofdist" type="float">0</YF_dofdist>
        </technique>
      </extra>
    </camera>
  </library_cameras>
  <library_lights>
    <light id="Lamp-light" name="Lamp">
      <technique_common>
        <point>
          <color sid="color">1 1 1</color>
          <constant_attenuation>1</constant_attenuation>
          <linear_attenuation>0</linear_attenuation>
          <quadratic_attenuation>0.00111109</quadratic_attenuation>
        </point>
      </technique_common>
      <extra>
        <technique profile="blender">
          <type sid="type" type="int">0</type>
          <flag sid="flag" type="int">0</flag>
          <mode sid="mode" type="int">8192</mode>
          <gamma sid="blender_gamma" type="float">1</gamma>
          <red sid="red" type="float">1</red>
          <green sid="green" type="float">1</green>
          <blue sid="blue" type="float">1</blue>
          <shadow_r sid="blender_shadow_r" type="float">0</shadow_r>
          <shadow_g sid="blender_shadow_g" type="float">0</shadow_g>
          <shadow_b sid="blender_shadow_b" type="float">0</shadow_b>
          <energy sid="blender_energy" type="float">1</energy>
          <dist sid="blender_dist" type="float">29.99998</dist>
          <spotsize sid="spotsize" type="float">75</spotsize>
          <spotblend sid="spotblend" type="float">0.15</spotblend>
          <halo_intensity sid="blnder_halo_intensity" type="float">1</halo_intensity>
          <att1 sid="att1" type="float">0</att1>
          <att2 sid="att2" type="float">1</att2>
          <falloff_type sid="falloff_type" type="int">2</falloff_type>
          <clipsta sid="clipsta" type="float">1.000799</clipsta>
          <clipend sid="clipend" type="float">30.002</clipend>
          <bias sid="bias" type="float">1</bias>
          <soft sid="soft" type="float">3</soft>
          <compressthresh sid="compressthresh" type="float">0.04999995</compressthresh>
          <bufsize sid="bufsize" type="int">2880</bufsize>
          <samp sid="samp" type="int">3</samp>
          <buffers sid="buffers" type="int">1</buffers>
          <filtertype sid="filtertype" type="int">0</filtertype>
          <bufflag sid="bufflag" type="int">0</bufflag>
          <buftype sid="buftype" type="int">2</buftype>
          <ray_samp sid="ray_samp" type="int">1</ray_samp>
          <ray_sampy sid="ray_sampy" type="int">1</ray_sampy>
          <ray_sampz sid="ray_sampz" type="int">1</ray_sampz>
          <ray_samp_type sid="ray_samp_type" type="int">0</ray_samp_type>
          <area_shape sid="area_shape" type="int">1</area_shape>
          <area_size sid="area_size" type="float">0.1</area_size>
          <area_sizey sid="area_sizey" type="float">0.1</area_sizey>
          <area_sizez sid="area_sizez" type="float">1</area_sizez>
          <adapt_thresh sid="adapt_thresh" type="float">0.000999987</adapt_thresh>
          <ray_samp_method sid="ray_samp_method" type="int">1</ray_samp_method>
          <shadhalostep sid="shadhalostep" type="int">0</shadhalostep>
          <sun_effect_type sid="sun_effect_type" type="int">0</sun_effect_type>
          <skyblendtype sid="skyblendtype" type="int">1</skyblendtype>
          <horizon_brightness sid="horizon_brightness" type="float">1</horizon_brightness>
          <spread sid="spread" type="float">1</spread>
          <sun_brightness sid="sun_brightness" type="float">1</sun_brightness>
          <sun_size sid="sun_size" type="float">1</sun_size>
          <backscattered_light sid="backscattered_light" type="float">1</backscattered_light>
          <sun_intensity sid="sun_intensity" type="float">1</sun_intensity>
          <atm_turbidity sid="atm_turbidity" type="float">2</atm_turbidity>
          <atm_extinction_factor sid="atm_extinction_factor" type="float">1</atm_extinction_factor>
          <atm_distance_factor sid="atm_distance_factor" type="float">1</atm_distance_factor>
          <skyblendfac sid="skyblendfac" type="float">1</skyblendfac>
          <sky_exposure sid="sky_exposure" type="float">1</sky_exposure>
          <sky_colorspace sid="sky_colorspace" type="int">0</sky_colorspace>
        </technique>
      </extra>
    </light>
  </library_lights>
  <library_images/>
  <library_effects>
    <effect id="thorakitai1_Mat-effect">
      <profile_COMMON>
        <technique sid="common">
          <phong>
            <emission>
              <color sid="emission">0 0 0 1</color>
            </emission>
            <ambient>
              <color sid="ambient">0 0 0 1</color>
            </ambient>
            <diffuse>
              <color sid="diffuse">0.64 0.64 0.64 1</color>
            </diffuse>
            <specular>
              <color sid="specular">0.5 0.5 0.5 1</color>
            </specular>
            <shininess>
              <float sid="shininess">50</float>
            </shininess>
            <index_of_refraction>
              <float sid="index_of_refraction">1</float>
            </index_of_refraction>
          </phong>
        </technique>
      </profile_COMMON>
    </effect>
    <effect id="thorakitai1_Mat_001-effect">
      <profile_COMMON>
        <technique sid="common">
          <phong>
            <emission>
              <color sid="emission">0 0 0 1</color>
            </emission>
            <ambient>
              <color sid="ambient">0 0 0 1</color>
            </ambient>
            <diffuse>
              <color sid="diffuse">0.64 0.64 0.64 1</color>
            </diffuse>
            <specular>
              <color sid="specular">0.5 0.5 0.5 1</color>
            </specular>
            <shininess>
              <float sid="shininess">50</float>
            </shininess>
            <index_of_refraction>
              <float sid="index_of_refraction">1</float>
            </index_of_refraction>
          </phong>
        </technique>
      </profile_COMMON>
    </effect>
    <effect id="spearman-sue-effect">
      <profile_COMMON>
        <technique sid="common">
          <phong>
            <emission>
              <color sid="emission">0 0 0 1</color>
            </emission>
            <ambient>
              <color sid="ambient">0 0 0 1</color>
            </ambient>
            <diffuse>
              <color sid="diffuse">0.64 0.64 0.64 1</color>
            </diffuse>
            <specular>
              <color sid="specular">0.5 0.5 0.5 1</color>
            </specular>
            <shininess>
              <float sid="shininess">50</float>
            </shininess>
            <index_of_refraction>
              <float sid="index_of_refraction">1</float>
            </index_of_refraction>
          </phong>
        </technique>
      </profile_COMMON>
    </effect>
    <effect id="spearman-sue_001-effect">
      <profile_COMMON>
        <technique sid="common">
          <phong>
            <emission>
              <color sid="emission">0 0 0 1</color>
            </emission>
            <ambient>
              <color sid="ambient">0 0 0 1</color>
            </ambient>
            <diffuse>
              <color sid="diffuse">0.64 0.64 0.64 1</color>
            </diffuse>
            <specular>
              <color sid="specular">0.5 0.5 0.5 1</color>
            </specular>
            <shininess>
              <float sid="shininess">50</float>
            </shininess>
            <index_of_refraction>
              <float sid="index_of_refraction">1</float>
            </index_of_refraction>
          </phong>
        </technique>
      </profile_COMMON>
    </effect>
  </library_effects>
  <library_materials>
    <material id="thorakitai1_Mat-material" name="thorakitai1_Mat">
      <instance_effect url="#thorakitai1_Mat-effect"/>
    </material>
    <material id="thorakitai1_Mat_001-material" name="thorakitai1_Mat_001">
      <instance_effect url="#thorakitai1_Mat_001-effect"/>
    </material>
    <material id="spearman-sue-material" name="spearman-sue">
      <instance_effect url="#spearman-sue-effect"/>
    </material>
    <material id="spearman-sue_001-material" name="spearman-sue_001">
      <instance_effect url="#spearman-sue_001-effect"/>
    </material>
  </library_materials>
  <library_geometries>
    <geometry id="clipeus_001-mesh" name="clipeus.001">
      <mesh>
        <source id="clipeus_001-mesh-positions">
          <float_array id="clipeus_001-mesh-positions-array" count="1992">0.2349765 0.06624674 3.653548 0.2349765 0.06624674 3.653548 0.1770124 -0.1988036 3.645224 0.1770124 -0.1988036 3.645224 0.1614422 -0.219994 3.578592 0.1614422 -0.219994 3.578592 0.1614422 -0.219994 3.578592 0.1334986 -0.1520496 3.477353 0.1334986 -0.1520496 3.477353 0.1452645 -0.1012184 3.291876 0.1452645 -0.1012184 3.291876 0.1452645 -0.1012184 3.291876 0.2082904 0.1726 3.325309 0.2082904 0.1726 3.325309 -0.2470483 0.06624269 3.653493 -0.2203457 0.1725983 3.325262 -0.2203457 0.1725983 3.325262 -0.2203457 0.1725983 3.325262 -0.1572761 -0.1011645 3.291846 -0.1572761 -0.1011645 3.291846 -0.1572761 -0.1011645 3.291846 -0.1421279 -0.1499786 3.464833 -0.1421279 -0.1499786 3.464833 -0.1738213 -0.2201735 3.579625 -0.1738213 -0.2201735 3.579625 -0.1890702 -0.2293395 3.634858 -0.1890702 -0.2293395 3.634858 -0.1890702 -0.2293395 3.634858 -0.003700137 -0.1644286 3.291862 -0.003700137 -0.1644286 3.291862 0.02121353 -0.243848 3.472935 -0.003906905 -0.2435989 3.471429 -0.003906905 -0.2435989 3.471429 0.07742631 0.2821629 3.461306 -0.1011502 0.2821629 3.461283 -0.004882574 -0.2288889 3.632167 -0.004882574 -0.2288889 3.632167 0.02543061 -0.2353535 3.585277 -0.004882752 -0.2521788 3.660064 -0.03081667 -0.2433747 3.470076 -0.03081667 -0.2433747 3.470076 -0.04290187 -0.235691 3.585126 -0.003971695 -0.3202056 3.472994 -0.003971695 -0.3202056 3.472994 0.08713465 0.2795881 3.650055 -0.1124482 0.2795881 3.650032 0.4087405 0.3267811 2.182376 0.4087405 0.3267811 2.182376 0.4087405 0.3267811 2.182376 0.4087405 0.3267811 2.182376 -0.4142838 0.3267755 2.183236 -0.4142838 0.3267755 2.183236 -0.4142838 0.3267755 2.183236 -0.4142838 0.3267755 2.183236 -0.4100583 -0.3160721 2.17433 -0.4100583 -0.3160721 2.17433 -0.4100583 -0.3160721 2.17433 -0.4100583 -0.3160721 2.17433 -0.4065696 -0.1895676 2.888345 -0.4065696 -0.1895676 2.888345 -0.394937 0.3025183 2.897066 -0.394937 0.3025183 2.897066 0.3779657 -0.1960437 2.885514 0.3779657 -0.1960437 2.885514 0.3779657 -0.1960437 2.885514 0.3653439 0.2998415 2.904748 0.3653439 0.2998415 2.904748 0.3653439 0.2998415 2.904748 0.290083 0.1203916 0.2551726 0.2955149 0.1485051 0.005463004 0.1622728 0.1465211 0.00546801 0.1980972 0.1201271 0.2551726 0.3446934 0.04804354 0.2551726 0.1719268 -0.09070795 0.2339369 0.178082 -0.04399979 0.2494975 0.1516129 0.04777973 0.2551726 0.3738389 -0.2415959 0.002115845 0.3199489 -0.08381897 0.234286 0.3660299 -0.278044 0.1156349 0.3097444 -0.04122167 0.2499912 0.3646749 -0.303898 0.002100825 0.1434498 -0.279384 0.002098858 0.1501278 -0.284402 0.1156319 0.3646749 -0.373922 0.01254385 0.3660299 -0.363802 0.05174386 0.1690348 -0.466828 0.05445086 0.2184748 -0.478198 0.009832799 0.1547198 -0.4403361 0.001168847 -0.3104513 0.1486571 0.2557168 -0.3003378 0.1485051 0.005463063 -0.1670958 0.1465211 0.00546807 -0.1861882 0.1482998 0.2557168 -0.3842244 0.05092245 0.2557168 -0.1767498 -0.09070795 0.233937 -0.1591497 -0.07695519 0.2480505 -0.1233927 0.05056601 0.2557168 -0.3786619 -0.2415959 0.002115964 -0.3247718 -0.08381891 0.2342861 -0.3708529 -0.278044 0.115635 -0.3370119 -0.07320219 0.2487173 -0.3694978 -0.303898 0.002100944 -0.1482728 -0.279384 0.002098917 -0.1549508 -0.284402 0.115632 -0.3694978 -0.373922 0.01254391 -0.3708529 -0.363802 0.05174392 -0.1738578 -0.466828 0.05445092 -0.2232978 -0.478198 0.009832918 -0.1595427 -0.4403361 0.001168966 0.4045215 -0.316067 2.173471 0.4045215 -0.316067 2.173471 0.4045215 -0.316067 2.173471 0.4045215 -0.316067 2.173471 -0.2170964 0.1422637 3.240602 0.2068881 0.1431903 3.238317 -0.02243888 -0.3679626 2.886958 0.001017093 -0.1729071 3.268698 0.4476837 0.001962065 1.252539 0.3943449 0.161774 1.832953 0.04524976 0.0016433 1.232718 0.03238075 0.1614313 1.817913 0.2327533 -0.2225432 1.811297 0.248162 0.111393 1.27145 0.2367851 -0.2532688 1.298223 -0.4256047 0.003482043 1.248339 -0.3943767 0.1711317 1.83284 -0.04064673 0.003147363 1.228546 -0.04696047 0.209053 1.828691 -0.2307814 -0.2338632 1.811187 -0.2360191 0.1228075 1.266335 -0.2121687 -0.265196 1.294021 -0.4696741 0.02788621 3.216026 -0.4065696 -0.1895676 2.888345 -0.4696741 0.1183341 3.216026 -0.394937 0.3025183 2.897066 0.4432092 0.02788639 3.213983 0.4432092 0.02788639 3.213983 0.3779657 -0.1960437 2.885514 0.4432092 0.1226123 3.213983 0.3653439 0.2998415 2.904748 -0.2170964 0.1422637 3.240602 0.2068881 0.1431903 3.238317 -0.02243888 -0.3679626 2.886958 -0.02243888 -0.3679626 2.886958 0.001017093 -0.1729071 3.268698 0.001017093 -0.1729071 3.268698 -0.4696741 0.02788621 3.216026 -0.4065696 -0.1895676 2.888345 -0.4065696 -0.1895676 2.888345 -0.4065696 -0.1895676 2.888345 -0.4696741 0.1183341 3.216026 -0.394937 0.3025183 2.897066 -0.394937 0.3025183 2.897066 -0.394937 0.3025183 2.897066 0.4432092 0.02788639 3.213983 0.3779657 -0.1960437 2.885514 0.3779657 -0.1960437 2.885514 0.3779657 -0.1960437 2.885514 0.3779657 -0.1960437 2.885514 0.4432092 0.1226123 3.213983 0.3653439 0.2998415 2.904748 0.3653439 0.2998415 2.904748 0.3653439 0.2998415 2.904748 0.3653439 0.2998415 2.904748 0.9766734 0.129276 3.187225 0.536216 0.1230349 3.303138 0.9234259 0.1722082 3.126282 1.147135 0.2191772 3.101353 1.147135 0.2191772 3.101353 0.5300756 -0.04742085 3.278354 1.062704 -0.002001047 3.273874 1.062704 -0.002001047 3.273874 1.002082 -0.002000987 3.029216 1.002082 -0.002000987 3.029216 1.002082 -0.002000987 3.029216 1.047523 -0.1106082 3.127651 1.047523 -0.1106082 3.127651 1.154286 -0.06076478 2.999227 1.182649 -0.07015001 3.114179 1.21367 0.003060221 3.245117 1.18051 0.1735406 3.10024 1.708285 0.01647067 3.144851 1.826987 -0.1231874 3.087947 1.831854 0.05287319 3.061112 1.666668 0.09795004 3.017494 1.682036 -0.1209571 3.053514 1.815392 0.03427326 3.001564 1.822323 -0.1246849 3.033055 1.579771 0.09010696 3.014393 1.579771 0.09010696 3.014393 1.620079 0.008627653 3.136463 1.620079 0.008627653 3.136463 1.592093 -0.1288002 3.038115 1.592093 -0.1288002 3.038115 -0.9773803 0.1715239 3.102961 -1.166464 0.2191876 3.102832 -1.166464 0.2191876 3.102832 -1.007314 0.129276 3.157674 -0.5703762 0.1226564 3.289465 -0.5646918 -0.04727494 3.264651 -1.038332 -0.002000987 3.012109 -1.038332 -0.002000987 3.012109 -1.095742 -0.002001047 3.263336 -1.095742 -0.002001047 3.263336 -1.077426 -0.1106141 3.11844 -1.077426 -0.1106141 3.11844 -1.215634 0.1778918 3.098213 -1.188558 -0.05564445 2.983788 -1.216332 -0.06936937 3.107289 -1.247281 0.002426326 3.234689 -1.237978 -0.05466049 3.194727 -1.733287 0.01647293 3.155071 -1.858361 0.05288529 3.073586 -1.853003 -0.1231992 3.100327 -1.693998 0.09796047 3.026958 -1.708708 -0.1209689 3.063255 -1.848758 -0.1246977 3.045495 -1.84299 0.03428381 3.013748 -1.607288 0.09011739 3.02278 -1.607288 0.09011739 3.02278 -1.619117 -0.128812 3.04647 -1.619117 -0.128812 3.04647 -1.645075 0.008629858 3.144322 -1.645075 0.008629858 3.144322 -0.4696741 0.02788621 3.216026 -0.4065696 -0.1895676 2.888345 -0.4696741 0.1183341 3.216026 -0.394937 0.3025183 2.897066 0.4432092 0.02788639 3.213983 0.4432092 0.02788639 3.213983 0.3779657 -0.1960437 2.885514 0.4432092 0.1226123 3.213983 0.3653439 0.2998415 2.904748 0.4087405 0.3267811 2.182376 0.4087405 0.3267811 2.182376 -0.4142838 0.3267755 2.183236 -0.4142838 0.3267755 2.183236 -0.4100583 -0.3160721 2.17433 -0.4100583 -0.3160721 2.17433 0.1948575 -0.4127622 1.871227 0.4727529 -0.1739732 1.878255 0.4727529 -0.1739732 1.878255 0.1627015 0.4354034 1.874855 0.4727533 0.3397417 1.884776 0.4727533 0.3397417 1.884776 0.2596081 0.4411281 1.49239 0.5663315 0.3417758 1.539342 0.5663315 0.3417758 1.539342 0.3083003 -0.3870855 1.504756 0.5657258 -0.23546 1.538785 -0.1963869 -0.412763 1.871225 -0.473605 -0.1739776 1.878251 -0.473605 -0.1739776 1.878251 -0.1371025 0.4353978 1.874748 -0.4736056 0.3397362 1.884771 -0.4736056 0.3397362 1.884771 -0.2513813 0.4411224 1.492358 -0.5496516 0.341768 1.53931 -0.5496516 0.341768 1.53931 -0.5502576 -0.2354651 1.538753 -0.5502576 -0.2354651 1.538753 -0.3049165 -0.3876063 1.504716 0.5553959 -0.2411895 1.5375 0.5553959 -0.2411895 1.5375 0.4045215 -0.316067 2.173471 0.4045215 -0.316067 2.173471 1.340756 0.8623123 3.290599 1.340756 0.8623123 3.290599 1.340756 0.8623123 3.290599 1.340756 0.8623123 3.290599 1.343974 0.8623123 3.309784 1.343974 0.8623123 3.309784 1.597691 0.7147259 3.27262 1.597691 0.7147259 3.27262 1.600909 0.7147259 3.291804 1.862333 0.2163129 3.241942 1.862333 0.2163129 3.241942 1.957078 -0.600937 3.18357 1.957078 -0.600937 3.18357 1.958189 -0.600937 3.203277 1.341459 -0.6179445 3.290425 1.341459 -0.6179445 3.290425 1.341459 -0.6179445 3.290425 1.341459 -0.6179445 3.290425 1.342568 -0.6179445 3.310132 1.342568 -0.6179445 3.310132 0.7258391 -0.6009368 3.397279 0.7258391 -0.6009368 3.397279 0.7269492 -0.6009368 3.416986 0.7924764 0.216313 3.359194 0.7924764 0.216313 3.359194 1.083822 0.7147259 3.308578 1.083822 0.7147259 3.308578 1.087039 0.7147259 3.327763 1.503406 0.3401191 3.374917 1.34071 0.3693456 3.392748 1.34071 0.3693456 3.392748 1.178015 0.3401192 3.410578 1.077464 0.2636027 3.421599 1.077464 0.1690232 3.421599 1.178014 0.09250688 3.410579 1.340711 0.06328034 3.392747 1.340711 0.06328034 3.392747 1.505426 0.092507 3.383071 1.603958 0.1690233 3.363897 1.603958 0.2636027 3.363897 -0.03386825 0.3157578 3.718701 -0.05539715 0.3184859 3.718701 -0.05811876 0.2922047 3.815209 -0.05811876 0.2922047 3.815209 -0.03797715 0.2896524 3.815209 -0.03797715 0.2896524 3.815209 -0.2024517 -0.1247016 3.718699 -0.1299785 -0.2410822 3.718701 -0.1278943 -0.231306 3.815208 -0.1278943 -0.231306 3.815208 -0.1956973 -0.1224247 3.815207 -0.1956973 -0.1224247 3.815207 -0.01685428 0.005961596 4.084383 0.1122813 0.1286818 3.982046 0.1080501 0.1359174 3.982046 -0.2711395 0.04041653 3.718699 -0.2711395 0.04041653 3.718699 -0.2282535 -0.06063932 3.718699 -0.2198366 -0.0624904 3.815206 -0.2198366 -0.0624904 3.815206 -0.2599591 0.03205353 3.815206 -0.2599591 0.03205353 3.815206 -0.2599591 0.03205353 3.815206 -0.2599591 0.03205353 3.815206 0.1826858 0.2049454 3.718703 0.1834077 0.2117126 3.718703 0.165298 0.1923117 3.815209 0.165298 0.1923117 3.815209 0.1646226 0.1859805 3.815209 0.1646226 0.1859805 3.815209 -0.01685428 0.005961596 4.084383 -0.1642661 0.09167855 3.982045 -0.1758193 0.02749913 3.982045 -0.1758193 0.02749913 3.982045 0.04253983 0.3175582 3.718701 0.02290964 0.3151244 3.718701 0.01514208 0.2890598 3.815209 0.01514208 0.2890598 3.815209 0.01514208 0.2890598 3.815209 0.03350734 0.2913368 3.815209 0.03350734 0.2913368 3.815209 0.05356955 -0.1595848 3.982046 -0.01685428 0.005961596 4.084383 0.03825396 -0.1590515 3.982046 -0.1623339 0.2905591 3.718699 -0.2103801 0.2199969 3.72003 -0.2031149 0.2000622 3.816453 -0.2031149 0.2000622 3.816453 -0.1581647 0.2660775 3.815208 -0.1581647 0.2660775 3.815208 -0.1378141 0.1458359 3.98288 -0.04087162 0.2107364 3.982046 -0.08437788 0.1985357 3.982046 -0.01685428 0.005961596 4.084383 -0.2526692 0.1378112 3.718699 -0.2426789 0.1231724 3.815207 -0.2426789 0.1231724 3.815207 0.1894502 0.1939651 3.718703 0.1709511 0.1757078 3.815209 0.1709511 0.1757078 3.815209 -0.2103801 0.2199969 3.72003 -0.2105163 0.2205083 3.718699 -0.2526692 0.1378112 3.718699 -0.1623339 0.2905591 3.718699 -0.107761 0.1923337 3.982046 -0.01685428 0.005961596 4.084383 -0.1079299 -0.2420091 3.718701 -0.08854091 -0.2649431 3.718699 -0.08912682 -0.2536293 3.815207 -0.08912682 -0.2536293 3.815207 -0.1072664 -0.2321732 3.815208 -0.1072664 -0.2321732 3.815208 -0.01685428 0.005961596 4.084383 0.1480126 -0.04878365 3.982046 0.1625702 -0.001567602 3.982046 0.1625702 -0.001567602 3.982046 0.09558707 -0.2434904 3.718701 0.1996927 -0.1684026 3.718703 0.1805335 -0.1633097 3.815209 0.1805335 -0.1633097 3.815209 0.08313637 -0.233559 3.815209 0.08313637 -0.233559 3.815209 -0.1133943 -0.251439 3.718699 -0.1086568 -0.2475089 3.718699 -0.1079299 -0.2420091 3.718701 0.1834431 0.2206159 3.718703 0.1506382 0.2868093 3.718701 0.1346401 0.2625693 3.815209 0.1346401 0.2625693 3.815209 0.1653311 0.2006413 3.815209 0.1653311 0.2006413 3.815209 -0.1249511 0.2999711 3.718701 -0.1231908 0.2748828 3.815209 -0.1231908 0.2748828 3.815209 0.07284963 -0.2480686 3.718701 0.07922625 -0.2524323 3.718701 0.09558707 -0.2434904 3.718701 -0.1489939 -0.03909283 3.982045 -0.01685428 0.005961596 4.084383 0.07110184 -0.2426811 3.718701 -0.01685428 0.005961596 4.084383 0.1085017 0.1403768 3.982046 0.1085239 0.1462438 3.982046 -0.205096 -0.109654 3.718699 -0.1981714 -0.1083468 3.815206 -0.1981714 -0.1083468 3.815206 -0.01685428 0.005961596 4.084383 -0.01685428 0.005961596 4.084383 0.0203883 0.210125 3.982046 0.008109569 0.2085213 3.982046 -0.01685428 0.005961596 4.084383 -0.06160318 -0.1737213 3.982046 0.02634078 -0.1737694 3.982046 -0.004493415 0.3246265 3.718701 -0.01049518 0.2979496 3.815209 -0.01049518 0.2979496 3.815209 -0.01049518 0.2979496 3.815209 0.08800429 0.1898627 3.982046 0.2698478 -0.003693342 3.718703 0.2698478 -0.003693342 3.718703 0.2654966 0.01259815 3.718703 0.2420973 0.006027758 3.815211 0.2420973 0.006027758 3.815211 0.2461681 -0.009213984 3.815211 0.2461681 -0.009213984 3.815211 0.2461681 -0.009213984 3.815211 0.2461681 -0.009213984 3.815211 -0.01685428 0.005961596 4.084383 0.06218099 0.1961197 3.982046 0.0203883 0.210125 3.982046 -0.01685428 0.005961596 4.084383 -0.1328548 -0.08130747 3.982046 -0.08752256 -0.1579979 3.982046 -0.07373106 -0.1586087 3.982046 0.1598486 0.00916785 3.982046 -0.04087162 0.2107364 3.982046 -0.01685428 0.005961596 4.084383 -0.0274052 0.2089387 3.982046 -0.01685428 0.005961596 4.084383 -0.1345089 -0.0713917 3.982045 -0.01685428 0.005961596 4.084383 -0.01685428 0.005961596 4.084383 0.118688 -0.1101048 3.982046 -0.009031116 0.2147828 3.982046 -0.0274052 0.2089387 3.982046 0.4202316 0.04945367 3.592902 0.4202316 0.04945367 3.592902 0.395039 0.1327376 3.58815 0.2573829 0.1134282 3.721972 0.2739198 0.05867111 3.721972 0.2739198 0.05867111 3.721972 0.3224993 0.2854112 3.579439 0.2097671 0.213808 3.721972 0.1368156 0.2883125 3.721972 0.2113625 0.3987298 3.572972 0.07503277 0.4590253 3.569532 0.04732728 0.3279556 3.721971 0.07503277 0.4590253 3.569532 -0.0700463 0.4590252 3.569531 -0.04790419 0.3279556 3.721971 0.04732728 0.3279556 3.721971 -0.206376 0.3987295 3.57297 -0.1373925 0.2883126 3.721971 -0.2738789 0.3299014 3.576897 -0.3175131 0.2854109 3.579436 -0.210344 0.2138078 3.721971 -0.3900524 0.1327371 3.588145 -0.2579597 0.1134282 3.721969 -0.4152454 0.04945379 3.592896 -0.4152454 0.04945379 3.592896 -0.2744966 0.05867093 3.721969 -0.2744966 0.05867093 3.721969 -0.3900525 -0.1241604 3.602803 -0.2579597 -0.05547642 3.721969 -0.317513 -0.2768341 3.611513 -0.210344 -0.155856 3.721971 -0.2063759 -0.3901526 3.61798 -0.1373925 -0.2303605 3.721971 -0.07004606 -0.4504482 3.621423 -0.04790389 -0.2700037 3.721971 -0.07004606 -0.4504482 3.621423 0.07503288 -0.4504481 3.621423 0.04732733 -0.2700035 3.721971 -0.04790389 -0.2700037 3.721971 0.2113626 -0.3901523 3.617983 0.1368157 -0.2303605 3.721972 0.3224995 -0.2768337 3.611517 0.2097673 -0.1558559 3.721972 0.395039 -0.1241599 3.602808 0.257383 -0.05547618 3.721972 -0.2579597 0.1134282 3.721969 -0.2579597 0.1134282 3.721969 -0.2579597 0.1134282 3.721969 -0.2744966 0.05867093 3.721969 -0.2579597 -0.05547642 3.721969 -0.2579597 -0.05547642 3.721969 -0.2579597 -0.05547642 3.721969 -0.210344 -0.155856 3.721971 -0.1373925 -0.2303605 3.721971 -0.04790389 -0.2700037 3.721971 0.04732733 -0.2700035 3.721971 0.1368157 -0.2303605 3.721972 0.2097673 -0.1558559 3.721972 0.257383 -0.05547618 3.721972 0.2739198 0.05867111 3.721972 0.2739198 0.05867111 3.721972 0.2739198 0.05867111 3.721972 0.2573829 0.1134282 3.721972 0.2097671 0.213808 3.721972 0.1368156 0.2883125 3.721972 0.04732728 0.3279556 3.721971 0.04732728 0.3279556 3.721971 -0.04790419 0.3279556 3.721971 -0.1373925 0.2883126 3.721971 -0.1373925 0.2883126 3.721971 -0.210344 0.2138078 3.721971 0.2113626 -0.3901523 3.617983 0.07503288 -0.4504481 3.621423 -0.07004606 -0.4504482 3.621423 -0.2063759 -0.3901526 3.61798 -0.317513 -0.2768341 3.611513 -0.3900525 -0.1241604 3.602803 -0.4152454 0.04945379 3.592896 -0.4152454 0.04945379 3.592896 -0.4152454 0.04945379 3.592896 -0.3900524 0.1327371 3.588145 -0.3175131 0.2854109 3.579436 -0.2738789 0.3299014 3.576897 -0.206376 0.3987295 3.57297 -0.0700463 0.4590252 3.569531 0.07503277 0.4590253 3.569532 0.2113625 0.3987298 3.572972 0.2113625 0.3987298 3.572972 0.3224993 0.2854112 3.579439 0.395039 0.1327376 3.58815 0.395039 0.1327376 3.58815 0.395039 0.1327376 3.58815 0.4202316 0.04945367 3.592902 0.395039 -0.1241599 3.602808 0.395039 -0.1241599 3.602808 0.3224995 -0.2768337 3.611517 0.08800429 0.1898627 3.982046 0.1085239 0.1462438 3.982046 0.0960164 0.2714529 3.815209 0.0960164 0.2714529 3.815209 0.06218099 0.1961197 3.982046 -0.1642661 0.09167855 3.982045 -0.1378141 0.1458359 3.98288 0.1085017 0.1403768 3.982046 0.1080501 0.1359174 3.982046 -0.009031116 0.2147828 3.982046 0.008109569 0.2085213 3.982046 0.008109569 0.2085213 3.982046 0.04241043 -0.2536975 3.815209 0.04241043 -0.2536975 3.815209 0.04241043 -0.2536975 3.815209 0.06022888 -0.2328018 3.815209 0.06022888 -0.2328018 3.815209 0.03825396 -0.1590515 3.982046 0.02634078 -0.1737694 3.982046 0.02634078 -0.1737694 3.982046 -0.107761 0.1923337 3.982046 -0.1489939 -0.03909283 3.982045 -0.1758193 0.02749913 3.982045 -0.1758193 0.02749913 3.982045 0.2243943 -0.076249 3.815211 0.2243943 -0.076249 3.815211 0.1625702 -0.001567602 3.982046 0.1625702 -0.001567602 3.982046 0.1480126 -0.04878365 3.982046 -0.08437788 0.1985357 3.982046 -0.04087162 0.2107364 3.982046 -0.0274052 0.2089387 3.982046 -0.0274052 0.2089387 3.982046 0.118688 -0.1101048 3.982046 -0.1345089 -0.0713917 3.982045 -0.1123787 -0.2409954 3.815207 -0.1123787 -0.2409954 3.815207 -0.07373106 -0.1586087 3.982046 -0.07714903 -0.1648226 3.982046 0.1122813 0.1286818 3.982046 0.1598486 0.00916785 3.982046 0.0203883 0.210125 3.982046 0.1093543 0.2963047 3.718701 0.02634078 -0.1737694 3.982046 0.2465744 -0.07534551 3.718703 -0.01685428 0.005961596 4.084383 -0.07714903 -0.1648226 3.982046 -0.07373106 -0.1586087 3.982046 -0.009031116 0.2147828 3.982046 0.008109569 0.2085213 3.982046 -0.1133943 -0.251439 3.718699 0.05205613 -0.2650159 3.718701 -0.01685428 0.005961596 4.084383 0.07110184 -0.2426811 3.718701 -0.08752256 -0.1579979 3.982046 0.1480126 -0.04878365 3.982046 -0.01685428 0.005961596 4.084383 0.118688 -0.1101048 3.982046 0.05356955 -0.1595848 3.982046 -0.06160318 -0.1737213 3.982046 -0.08752256 -0.1579979 3.982046 -0.1328548 -0.08130747 3.982046 0.4476837 0.001962006 1.252539 0.04524976 0.0016433 1.232718 0.248162 0.111393 1.27145 0.4238495 0.1576384 0.2497548 0.233922 0.1933951 0.2610931 0.09583371 0.1546904 0.2498495 -0.4256047 0.003482043 1.248339 -0.04064673 0.003147363 1.228546 -0.2360191 0.1228075 1.266335 -0.4205083 0.1690455 0.2498796 -0.08834117 0.165901 0.2497838 -0.2318483 0.2090898 0.262459 0.4476837 0.001962065 1.252539 0.04524976 0.0016433 1.232718 0.2397299 -0.2476036 1.078211 0.2413823 -0.186621 0.2498072 0.3476607 -0.06367284 0.2497766 0.2367851 -0.2532688 1.298223 0.4238495 0.1576384 0.2497549 0.1712813 -0.1500077 0.2498143 0.09583371 0.1546904 0.2498496 -0.4256047 0.003482043 1.248339 -0.04064673 0.003147363 1.228546 -0.2274532 -0.2575259 1.073095 -0.2379575 -0.1956186 0.249827 -0.1680428 -0.1556016 0.2498202 -0.4205083 0.1690455 0.2498796 -0.344705 -0.06071507 0.2498579 -0.2121687 -0.265196 1.294021 -0.08834117 0.165901 0.2497838 -1.768265 -0.179949 3.095036 -1.755766 -0.1796236 3.036598 -1.672572 -0.1767137 3.085537 -1.787535 -0.1805568 3.060219 -1.68226 -1.569904 3.080481 -1.74761 -2.126195 3.049428 -1.792207 -1.669177 3.057365 -1.831818 -0.1881766 3.02563 -1.831818 -0.1881766 3.02563 -1.764842 -0.179949 3.080058 -1.752344 -0.1796236 3.02162 -1.669149 -0.09573519 3.070559 -1.630546 -0.1820358 3.103524 -1.630546 -0.1820358 3.103524 -1.826125 -0.1879906 3.082207 -1.826125 -0.1879906 3.082207 -1.784113 -0.1805568 3.045241 -1.662715 0.1554668 3.088006 -1.748462 -0.08675289 3.025641 -1.748462 -0.08675289 3.025641 -1.758848 -0.0867365 3.100727 -1.758848 -0.0867365 3.100727 -1.682457 -0.08621144 3.085426 -1.682457 -0.08621144 3.085426 -1.76074 0.1546627 2.99922 -1.776164 0.1546871 3.11073</float_array>
          <technique_common>
            <accessor source="#clipeus_001-mesh-positions-array" count="664" stride="3">
              <param name="X" type="float"/>
              <param name="Y" type="float"/>
              <param name="Z" type="float"/>
            </accessor>
          </technique_common>
        </source>
        <source id="clipeus_001-mesh-normals">
          <float_array id="clipeus_001-mesh-normals-array" count="1752">0.9653576 -0.2060886 -0.1600385 0.9244525 -0.1451577 -0.3525859 0.9200587 -0.3888056 -0.04818999 0.9679262 -0.2050703 -0.145138 -0.967872 -0.2052497 -0.1452453 -0.9110934 -0.4106173 -0.0360862 -0.9265187 -0.1476258 -0.3460779 -0.9429827 -0.1668074 -0.288026 0.3809026 -0.8976099 -0.2218328 0.5918074 -0.7050781 -0.3906773 0.01511937 -0.9149137 -0.4033662 0.7252965 0.6700298 0.15813 -0.7545892 0.639769 0.1459142 0.1432092 -0.9636746 0.2254381 0.121225 -0.9537731 0.2749933 -0.007486164 -0.7676256 -0.6408548 -0.642231 -0.7663382 -0.0162813 -0.07717776 -0.8409672 -0.5355538 -0.3526121 -0.8560903 -0.3778545 0.02545315 -0.7725288 -0.6344695 -0.6301492 -0.7599644 -0.1592679 0.5075129 -0.7461295 0.430954 0.9496048 -0.3132216 -0.01196312 -0.4163081 -0.7896828 0.4506537 -0.9403473 -0.3314717 -0.07663905 0.5343103 -0.6262267 -0.5677611 0.1153603 -0.9908125 0.07058751 2.17625e-5 -0.986509 -0.1637073 -0.1241972 -0.9628929 0.2396087 0.05004554 -0.02044427 -0.9985377 0.05963677 -0.02044165 -0.9980109 0.1704389 -0.7564151 -0.6314957 9.96958e-5 -2.27714e-5 -1 0.8217085 0.5688627 -0.03450429 1.22873e-4 0.1211899 -0.9926294 8.04155e-5 0.7787436 -0.6273425 1.06869e-4 0.1211751 -0.9926312 -0.8452695 0.5325806 -0.04333043 -1.5821e-6 0.9999071 0.0136401 -1.98921e-6 0.9999071 0.01363962 -0.01479142 0.993649 0.1115481 -0.002859354 0.994413 0.1055207 0.7952659 0.6002893 0.08488279 -0.531042 -0.2040054 0.822421 -0.9870219 -0.1304118 -0.09370511 0.9762527 0.1952046 0.09394586 0.979955 0.1599469 0.1187657 0.9590456 -0.1410616 -0.2456279 0.4308703 -0.2195013 0.8753114 8.81251e-4 0.007871329 -0.9999687 -1.47842e-4 0.007408916 -0.9999726 -0.02396541 0.003765881 -0.9997057 -0.9939077 0.0527513 0.09677171 -0.9972108 0.04359269 0.06058257 0.9891291 -0.1454952 0.02132725 0.01537328 -0.5224442 0.852535 0.02206188 -0.5173718 0.8554764 0.4555667 -0.8656265 0.2077254 0.436404 -0.6285963 0.6437533 0.1685886 -0.2976672 0.939666 0.01757991 -0.5973466 0.8017905 -0.01633375 -0.1474835 -0.9889297 0.08197039 -0.08911925 -0.9926423 0.0511468 0.009351789 -0.9986474 0.9985789 0.03184103 -0.04273682 0.9999319 -0.001721143 -0.01154184 -0.9715305 -0.06933635 0.2265416 -0.9912975 -0.1205088 0.05298161 0.0137487 -0.3429953 0.9392366 0.003120481 -0.3164362 0.9486088 -0.8283128 0.5322043 0.1750902 -0.4582036 -0.8388291 -0.2939648 -0.01488852 -0.9998892 5.47376e-6 -0.002875387 -0.9999722 0.006888031 0.7977216 -0.602144 0.03260397 -0.6871922 0.1499539 0.710831 -0.9126193 0.3022447 0.275271 0.9762527 -0.1952047 -0.09394592 0.9799551 -0.1599463 -0.118766 0.8570032 0.3130339 0.4093354 0.8242428 0.2859514 0.4887285 8.81378e-4 -0.007871389 0.9999687 -1.47898e-4 -0.007408916 0.9999727 -0.02396422 -0.003766059 0.9997057 -0.9939078 -0.05275118 -0.09677159 -0.9972109 -0.04359287 -0.06058281 0.9891289 0.1454962 -0.02132719 0.01537328 0.5224441 -0.852535 0.0220614 0.5173719 -0.8554763 0.4555668 0.8656265 -0.2077254 0.4364041 0.6285966 -0.643753 0.1685886 0.2976673 -0.939666 0.01757991 0.5973466 -0.8017906 -0.01633358 0.1474829 0.9889298 0.08196997 0.08911865 0.9926424 0.05114668 -0.009351491 0.9986475 0.9985789 -0.03183966 0.04273772 0.9999319 0.001720786 0.01154214 -0.9715304 0.06933593 -0.2265424 -0.9912974 0.1205087 -0.05298191 0.03679639 0.819601 -0.571752 0.01230227 0.7084337 -0.7056702 -0.8397817 -0.5395728 -0.06023484 -0.4582038 0.8388285 0.2939658 -0.9999595 -0.006656944 0.006065249 -0.999344 0.02312988 0.02787089 0.999235 -0.007090687 0.03846192 0.9978837 0.02304053 0.06080722 0.00317645 0.9994211 0.03387606 3.21866e-5 0.9993053 0.03726935 -0.4152559 -0.8954035 0.1606708 -7.04679e-5 -0.9973623 -0.07258546 0.389489 -0.9057282 0.1671973 0.005163729 0.0923379 0.9957144 0.457073 0.8673787 -0.1968209 -0.4240445 0.8712456 -0.2472196 -0.5059393 0.8359246 -0.2127335 0.460316 0.8411831 -0.2837612 -0.8807398 -0.4614409 0.1066285 -0.8027353 -0.5956125 0.02936053 0.9011484 -0.3896119 0.1900897 0.7739809 -0.6316847 0.04391056 0.9123399 -0.3842325 0.1414254 0.8477805 -0.5266612 0.06241953 -0.9127799 -0.3771023 0.1569291 -0.7837504 -0.6210045 0.009416818 -0.1091449 0.987382 -0.1147357 0.002800345 0.9959298 -0.09008908 6.54503e-5 0.7787568 -0.6273261 -0.1286078 0.8715481 0.4731426 3.13211e-4 0.9050984 0.4252021 -0.001086175 0.9060299 0.4232124 0.1244652 0.8740606 0.4696025 -0.1042343 0.01651304 0.9944158 0.1024286 0 0.9947404 0.1129713 0.02189844 0.993357 -0.09684294 0 0.9952997 0.3617073 -0.8390125 0.4064801 0.4142352 -0.7882291 0.4550871 -0.3769981 -0.8151921 0.4396983 -0.3919962 -0.7995229 0.4550848 0.1091793 0.4306957 -0.895869 0.06364548 0.5993691 0.7979386 0.5184645 -0.1065524 0.8484346 0.6809641 -0.5429337 0.4914378 0.589227 0 0.8079676 0.415396 0.7421981 0.5259166 -0.06987637 -0.8024193 0.5926555 0.01309037 -0.9334506 0.3584672 -0.3217217 -0.6007013 -0.7318833 -0.1859647 0.02180486 -0.9823145 -0.3860807 0.5306674 -0.7545423 -0.01480782 -0.1449652 0.989326 0.1904447 0.624669 0.7573107 -0.1860277 0.4128021 -0.8916211 0.09276157 0.5901276 0.8019632 -0.6410809 -0.08776277 0.7624389 -0.75088 -0.4666922 0.467309 -0.6920018 0 0.7218959 -0.5031265 0.6890558 0.5215995 0.07354193 -0.8042525 0.58972 -0.01001185 -0.9339656 0.3572227 0.3455789 -0.5466781 -0.7627047 0.2113789 0.04325419 -0.9764467 0.4118141 0.578324 -0.7042376 0.02064949 -0.1445823 0.9892774 -0.519101 0.1128727 0.8472273 -0.08757877 0.8524799 0.5153717 0.1285015 -0.1986791 -0.9716038 -0.9694832 -0.01370573 -0.2447744 0.1596534 -0.1718933 -0.9720924 0.2208741 -0.5141473 0.8287746 0.02291744 -0.9993142 0.02908509 -0.3399978 0.8697391 -0.3577085 -0.9962298 -0.04185098 -0.075993 0.5343984 0.112904 0.8376581 0.09698188 0.852474 0.513695 -0.1466016 -0.1983804 -0.9690992 0.9646098 -0.01014024 -0.2634869 -0.1773903 -0.1718989 -0.9690116 -0.2057198 -0.5141244 0.8326798 -0.02230286 -0.999326 0.02915811 0.3334183 0.8697466 -0.3638312 0.9956942 -0.04024887 -0.08350557 -0.09431743 0.8243275 0.5582011 -0.1266903 0.805211 0.5792968 0.179383 -0.1474525 -0.9726663 0.04492706 -0.1051246 -0.9934437 -0.06187504 -0.1592004 -0.9853054 -0.1913712 -0.09536498 -0.9768739 -0.03058439 -0.5492028 0.8351293 -0.09066468 -0.5672904 0.8185119 0.1093791 -0.5385529 0.8354622 0.04870975 -0.5731649 0.8179911 0.1409319 0.8152155 0.5617492 0.1011335 0.8115099 0.5755204 -0.1534484 0.8209641 0.5499743 -0.06856352 0.9181725 0.390203 0.1828653 0.7272264 0.6615905 -0.09272295 0.7740446 0.6263048 -0.1987611 0.6922579 0.6937385 0.1194134 0.857784 0.4999473 0.05833858 0.9215103 0.3839471 -0.1994886 0.4123991 -0.8888933 0.2129439 -0.1164786 -0.9700968 -0.1496169 -0.9877765 -0.04373168 0.1565564 -0.9848747 -0.0742433 -0.1276546 0.6231692 0.7715986 -0.4372393 0.4324169 0.7885667 0.7273527 0.521032 0.446636 0.1341057 0.5771486 0.8055527 -0.02687799 0.3982845 -0.916868 0.2092254 0.1764782 -0.9618109 -0.2775884 -0.7852214 0.5535088 0.243953 -0.944665 0.2193061 -0.1672711 -0.5835469 0.7946657 0.1376278 -0.8019339 0.581344 0.2988527 -0.8613533 0.410801 -0.1391859 -0.6667143 -0.7322017 0.340801 -0.9397246 -0.02779126 0.07204085 -0.1034446 -0.9920229 -0.1108462 0.4038881 -0.908068 0.2761365 0.8390079 0.4688439 0.1862971 0.6570199 0.7304918 -0.3580674 -0.9336172 0.0121212 0.1158847 -0.6399739 -0.7596079 0.1347584 -0.8781277 0.4590556 0.06514185 -0.5894647 0.8051633 0.03199875 0.3950954 -0.9180827 -0.2545867 0.4015296 -0.8797497 -0.1073793 0.8409155 0.5304065 -0.2801253 0.6203387 0.7326048 0.1147831 -0.9745881 0.1923617 -0.1932521 -0.5836066 0.7887059 -0.187164 -0.5929421 0.7831918 0.4970027 -0.8627074 0.09340429 -1.35972e-4 0.9428737 0.3331508 3.41076e-4 0.9431395 0.3323971 0.6405154 -0.739296 -0.2078015 -0.6403266 -0.7370241 -0.2162809 1.06995e-6 -0.9526998 0.3039128 3.27212e-4 -0.952511 0.3045042 0.9746108 -0.002842605 0.2238875 0.9776806 -0.009323894 0.20989 -0.9808495 -0.009142339 0.1945528 -0.9779907 -0.002649068 0.2086318 -0.2695806 0.9582613 0.09519308 0.2901914 0.9513172 0.1038491 -0.5152153 -0.8518803 0.09409189 -0.6237708 -0.7322125 0.2734498 -1.2092e-5 0.999888 0.0149725 -2.37253e-5 0.9998881 0.01496016 0.9652112 -0.001264929 0.2614685 0.9643213 -0.003360688 0.2647137 -0.9754773 8.12001e-4 0.2200986 -0.9766179 -0.002729535 0.2149655 -0.3048746 0.949614 0.0726965 -0.2695955 0.9582846 0.0949155 0.2945927 0.9514803 0.08888399 0.2912955 0.9528917 0.08452367 8.51761e-4 -0.9975726 -0.06963104 2.44277e-6 -0.9976527 -0.06847834 0.6186804 -0.7286488 0.2937783 0.4398635 -0.8548275 0.2753 0.4920457 0.86665 -0.08251684 0.492039 0.8666526 -0.0825293 0.8700171 0.4709315 -0.1459239 0.9913316 0.118918 -0.05585998 0.02734893 -0.9996249 -0.001536905 0.02734863 -0.9996248 -0.00153917 -0.02734929 -0.9996249 0.001536846 -0.02734953 -0.9996249 0.001543223 -0.9949109 0.08373552 0.05604201 -0.8481852 0.510246 0.1422353 -0.4920467 0.8666498 0.08251184 -0.4920386 0.8666537 0.08251982 0.1089338 -3.5045e-6 0.9940491 0.1089414 1.36286e-6 0.9940482 0.1089419 0 0.9940481 0.1244922 0.03941398 0.9914375 0.05864071 -7.29487e-7 0.9982792 0.1910092 0 0.9815883 0.1089461 -7.35377e-7 0.9940477 0.1089481 2.08225e-6 0.9940475 0.1364551 0.1635305 0.9770557 0.1667411 0.1720064 0.9708817 0.06501603 0.2304326 0.9709139 -0.0264157 0.1660734 0.9857596 -0.2623759 0.4664555 0.8447357 -0.1834869 0.1695039 0.968298 -0.2139062 0 0.9768542 0.07771021 -0.04134309 0.9961185 -0.1996439 0.08503818 0.9761716 0.08688908 -0.1197037 0.9890002 0.1674805 -0.09987848 0.980803 0.09170424 -0.1933941 0.976826 0.1729854 -0.1181128 0.9778167 0.4508555 -0.3779416 0.8086344 0.3679675 -8.3221e-4 0.9298383 0.4268471 0 0.9043239 0.2236227 0.1552823 0.9622268 0.4438592 0.1443321 0.8843966 -0.1717839 -0.03187799 -0.9846188 -0.01744925 -0.09091746 -0.9957057 -0.1242092 5.77061e-5 -0.9922561 -0.06975501 8.41712e-5 -0.9975642 0.02371698 0.07395797 -0.9969794 -0.1715135 0.01981717 -0.9849824 0.1212484 0.9568725 0.2639959 0.1212489 0.9568718 0.2639984 -0.8466818 -0.5272473 0.07169646 -0.8466808 -0.527249 0.07169628 0.4387345 0.2565361 0.8612208 -0.918108 -0.3896243 0.07259935 -0.918107 -0.3896266 0.07260042 0.9810504 -0.1046568 0.1630555 0.9810506 -0.1046524 0.1630575 -0.5296707 0.09534901 0.8428272 -0.1191315 0.9609068 0.2499314 -0.1191419 0.9609061 0.2499297 -0.01851141 -0.5314123 0.846911 -0.8120968 0.5562854 0.1761971 -0.8120968 0.5562855 0.1761966 -0.4690222 0.2158697 0.8563987 -0.1212296 0.432323 0.8935325 -0.8788992 0.4496611 0.1591885 -0.8788973 0.4496652 0.1591878 0.8235217 0.5073258 0.2538359 0.8235186 0.5073304 0.2538365 -0.8610323 0.4389206 0.2568506 -0.7887657 0.5424178 0.2891916 -0.4073092 0.2788581 0.8696767 -0.7617366 -0.6439989 0.07087302 -0.7617401 -0.6439948 0.07087248 0.4851207 -0.149572 0.8615604 0.577727 -0.8009954 0.1569653 0.5777277 -0.8009952 0.1569635 3.21176e-4 -3.89512e-4 0.9999999 0.867155 0.42976 0.2516917 0.8671585 0.4297524 0.2516926 -0.2492071 0.9361808 0.2479142 -0.2492071 0.9361808 0.2479143 0 0 1 -0.548907 -0.2211184 0.8061067 -1.07047e-5 0 1 -0.9742943 0.184769 0.1288845 -0.9742946 0.184768 0.128883 0.6339089 -0.002397418 0.773404 -0.9019176 -0.4261178 0.07048702 -0.9019167 -0.4261195 0.07048773 -0.05956918 0.4559704 0.8879992 -2.65244e-4 -0.4948512 0.8689777 -0.9822921 -0.1726256 0.07282078 -0.9822925 -0.1726227 0.07282096 0.3153579 0.9094531 0.2710068 0.3153511 0.9094558 0.2710053 0.4603756 0.2165709 0.8609015 0.9368862 0.2502261 0.2441948 0.9368863 0.2502258 0.244195 0.1416953 0.4228063 0.895074 -0.498067 -0.2944106 0.8156296 -0.4448797 -0.3570062 0.8213579 0.4889363 0.1945993 0.8503367 0.06027406 0.4518741 0.8900432 0.6738084 -0.06822758 0.7357495 -0.5409638 -0.2426035 0.8052962 0.3061651 -0.402933 0.862501 -0.1399167 0.4399566 0.8870522 0.6591489 0.2400481 0.7126708 0.6554342 0.1979421 0.7288519 0.6440955 0.3449828 0.6827356 0.6416802 0.3043858 0.7039857 0.5267278 0.5157487 0.6756931 0.516238 0.5440442 0.6614487 0.29232 0.6982243 0.6534768 0.3040261 0.6863168 0.6607098 -6.13075e-6 0.7582552 0.6519579 0 0.7582524 0.6519611 -0.2924761 0.698544 0.6530652 -0.3093823 0.6983759 0.6454098 -0.516232 0.5440459 0.6614518 -0.5162403 0.5440408 0.6614497 -0.5446173 0.5332637 0.647319 -0.642821 0.3444507 0.684204 -0.6733673 0.3194078 0.6667497 -0.6644354 0.2413386 0.7073057 -0.6814519 0.2058011 0.7023313 -0.6539524 -0.05182439 0.7547587 -0.6692374 -0.09695434 0.7366961 -0.5657449 -0.2235202 0.7937074 -0.5648199 -0.2679167 0.7805122 -0.4176419 -0.362043 0.8333668 -0.4038575 -0.3954407 0.8249399 -0.2224056 -0.4535982 0.863009 -0.207751 -0.4689673 0.8584342 0 -0.4867562 0.8735379 0 -0.4867563 0.8735378 0.2235251 -0.4562504 0.8613201 0.20073 -0.4531506 0.8685401 0.4210363 -0.3655683 0.8301135 0.3808682 -0.3729308 0.8460863 0.5706258 -0.2260797 0.7894773 0.5272546 -0.2501068 0.8120648 0.6587466 -0.05276614 0.7505123 0.6255734 -0.0906285 0.7748835 2.13395e-5 0 1 3.15763e-5 2.30354e-5 1 -1.73439e-6 6.0141e-6 1 -1.08274e-6 6.9558e-6 1 -3.15765e-5 2.30355e-5 1 -1.29929e-5 2.77842e-6 1 -4.80198e-6 -2.67119e-7 1 6.29174e-5 0 1 -1.57882e-5 -2.30355e-5 1 -1.66703e-5 -4.27777e-6 1 -4.22998e-6 2.353e-7 1 0 -6.01413e-6 1 -3.04494e-6 -3.26024e-6 1 -1.17076e-5 0 1 6.31529e-5 -2.30355e-5 1 1.65201e-6 -0.05696165 -0.9983764 2.04082e-5 -0.05695909 -0.9983766 -1.36055e-5 -0.05697745 -0.9983755 2.23932e-5 -0.05695736 -0.9983766 0 -0.05695557 -0.9983767 -5.00266e-5 -0.05693262 -0.998378 2.24001e-5 -0.05698394 -0.9983751 1.02041e-5 -0.05693566 -0.9983779 3.67131e-6 -0.05696165 -0.9983764 3.06123e-6 -0.05695855 -0.9983766 1.36056e-5 -0.05695104 -0.998377 -1.83895e-5 -0.05696403 -0.9983763 2.52227e-6 -0.05696403 -0.9983763 7.29039e-6 -0.05696374 -0.9983763 6.55199e-6 -0.0569669 -0.9983761 -3.73221e-6 -0.05695658 -0.9983767 -2.7211e-5 -0.05694967 -0.9983772 0.8189193 0.4058505 0.4057793 0.8261305 0.3886353 0.4080089 0.2016366 0.8766924 0.4367529 0.2115281 0.8729535 0.4395546 -0.7967967 0.402692 0.4505046 -0.8080576 0.3878381 0.443424 0.9509724 -0.101451 0.292163 0.9510674 -0.0963006 0.2935935 0.2967144 0.8557005 0.4239545 0.3107933 0.850767 0.4237964 0.7096126 -0.6051117 0.3609567 0.7274743 -0.5888553 0.3521799 -0.7329196 0.5075945 0.4529646 -0.7489777 0.4920446 0.4437618 -0.8408159 -0.3568253 0.4070683 -0.8434587 -0.3397696 0.4160938 0.8538214 -0.2773303 0.4405416 0.8594812 -0.264994 0.4371162 -0.2298945 0.8636154 0.4486837 -0.2416996 0.8618625 0.4458414 -0.2604242 0.8625555 0.4337942 -0.2734865 0.859887 0.4310449 0.8041933 -0.4051575 0.4348799 0.8158343 -0.3901494 0.4268463 -0.8277087 -0.3910571 0.4024582 -0.8336819 -0.3738829 0.4064311 0.8642701 -0.5008172 0.04711025 0.8756641 -0.4816507 0.03500324 0.1137243 0.8973446 0.4264266 0.1197044 0.8966688 0.4262113 0.8461924 0.3548077 0.3975801 0.8469344 0.3370857 0.4111878 -0.1111981 0.8968011 0.4282321 -0.1170947 0.8965415 0.4272029 0.2157413 0.9379877 0.2713573 0.2157405 0.9379876 0.2713584 -0.6137006 -0.1022986 0.7828835 0.444783 -0.3600442 0.8200832 0.2913466 0.9159007 0.2761217 0.291345 0.9159018 0.2761199 0.875549 -0.4410978 0.1970957 0.875548 -0.4410992 0.1970973 0.8419769 -0.4630964 0.2767972 0.1570186 0.4298546 0.8891401 -0.2806136 0.9294663 0.2394754 -0.2806216 0.9294644 0.2394735 0.8643445 -0.5008732 0.04510641 0.864342 -0.5008777 0.045107 -5.15371e-4 -0.9931987 0.1164312 -5.15894e-4 -0.9931986 0.1164323 -0.1152207 0.4343415 0.8933486 0.9829789 -0.003903865 0.1836767 0.9829795 -0.003913044 0.1836735 -0.2365014 0.9393171 0.2484962 -0.2365006 0.9393168 0.2484982 0.8946931 0.3751425 0.2424711 0.8946931 0.3751434 0.2424702 0.9297057 -0.3019794 0.2108454 0.9297062 -0.3019786 0.210845 0.7522534 -0.6414743 0.1504188 0.7522546 -0.6414729 0.1504182 0.4954867 0.1256154 0.8594846 -0.5271896 -0.8442042 0.09690433 -0.5271919 -0.8442028 0.09690386 -0.03287231 -0.9946322 0.09811431 -0.03287649 -0.994632 0.09811484 -0.2764877 -0.4202623 0.8642535 0.460586 -0.2202681 0.8598503 0.1058161 0.4367702 0.893328 0.8738892 0.2334018 0.4264286 0.8757651 0.2220224 0.4286509 0.9469968 -0.003764688 0.3212209 0.9469822 -0.003586053 0.3212661 0.2724524 0.8565151 0.4383512 0.285044 0.8505843 0.4418784 -0.03027695 -0.9157258 0.4006614 -0.03188431 -0.9157037 0.4005873 -0.218176 0.8665257 0.448924 -0.2291237 0.8638557 0.4486153 0.7775495 0.4790052 0.4073953 0.7884233 0.4610486 0.4072136 0.5282981 -0.73246 0.4294223 0.5495903 -0.7232874 0.4180982 -0.8785641 0.1666113 0.4476227 -0.8816818 0.1587171 0.4443491 -0.7002088 -0.5919995 0.3990542 -0.7157738 -0.574405 0.3971484 -0.473913 -0.7589336 0.4465717 -0.4915902 -0.7471896 0.4472659 -0.7776444 -0.4842547 0.4009571 -0.7851284 -0.4640958 0.4101082 -0.9101244 -0.1599288 0.3822255 -0.9117403 -0.1520555 0.3815873 -4.72756e-4 -0.9018644 0.4320192 -4.91174e-4 -0.9018595 0.4320293 0.2967652 0.9442505 0.1425538 0.5313068 0.8438766 0.0747379 0.1914469 0.9705648 0.1461242 0.4845559 0.8724176 0.06397736 -0.2121985 0.9737118 0.08280807 -0.5369439 0.8326917 0.1353353 -0.2775498 0.9513409 0.1338535 -0.4857181 0.8706722 0.07751077 0.755704 -0.6532548 -0.04658168 -0.7959477 -0.6047972 -0.02622705 0.7703278 -0.6376189 -0.006107807 0.495481 -0.8656779 -0.07141828 0.8163055 -0.5774835 -0.01258695 -0.9481238 -0.3128028 -0.05670797 -0.8048632 -0.5928416 -0.02709555 0.8315153 -0.5501912 -0.07662886 -0.7852972 -0.6182461 0.03286582 -0.7836684 -0.6200984 -0.03663051 -0.4619469 -0.8844463 -0.06602954 -0.7904352 -0.6125075 -0.006849408 0.9669386 -0.2397174 -0.08697968 -0.9670025 -0.2394336 -0.08705073 0.9430259 -0.3246541 -0.07281452 0.7802699 -0.6243498 -0.0369637 0.4564297 -0.003951847 -0.8897508 -0.06957304 -0.02410864 0.9972855 -0.245063 -0.02531248 0.9691767 0.5070452 -3.97797e-4 -0.8619195 0.09891653 -0.004299163 0.9950864 -0.5967248 0.003410637 -0.8024387 -0.8749396 0.001817524 0.4842287 -0.2484803 -0.007425367 -0.9686085 0.1280717 -0.9903157 -0.0535947 0.1118947 -0.987447 0.1114813 -0.09677052 0.9801965 0.1727726 -0.5558151 0.06785893 0.8285318 0.08709204 -0.8163037 -0.5710195 0.1604372 -0.2887669 -0.943861 0.1629869 -0.9865406 -0.01315695 -0.1112761 0.1258981 0.9857826 0.189496 -0.2970746 0.9358621 -0.8369597 0.541019 0.08244425 -0.7681742 0.6313389 -0.1063948 0.3530876 -0.2900938 -0.8894801 0.6542477 0.2176334 -0.7242898 -0.007113814 0.999974 -0.001202642 0.6707963 -0.04689127 -0.7401578 0.6707934 -0.0468918 -0.7401604 -0.9884605 -0.06523203 -0.1367143 -0.9884604 -0.06523299 -0.1367142 0.1964979 -0.02651494 0.9801458 0.1965015 -0.0265153 0.980145</float_array>
          <technique_common>
            <accessor source="#clipeus_001-mesh-normals-array" count="584" stride="3">
              <param name="X" type="float"/>
              <param name="Y" type="float"/>
              <param name="Z" type="float"/>
            </accessor>
          </technique_common>
        </source>
        <source id="clipeus_001-mesh-map-0">
          <float_array id="clipeus_001-mesh-map-0-array" count="3510">0.275696 0.777535 0.263458 0.775778 0.260171 0.761709 0.105299 0.953378 0.224412 0.913033 0.23166 0.856802 0.105299 0.953378 0.23166 0.856802 0.223206 0.771987 0.223206 0.771987 0.05355495 0.785928 0.105299 0.953378 0.105301 0.953351 0.05355596 0.785905 0.2231799 0.771972 0.105301 0.953351 0.2231799 0.771972 0.230653 0.85071 0.105301 0.953351 0.230653 0.85071 0.2245 0.913536 0.105301 0.953351 0.2245 0.913536 0.228959 0.940409 0.301314 0.770098 0.37584 0.770104 0.369953 0.862896 0.301314 0.770098 0.369953 0.862896 0.313779 0.860686 0.301314 0.770098 0.313779 0.860686 0.301211 0.859932 0.105299 0.953378 0.05355495 0.785928 2.49e-4 0.859845 0.105301 0.953351 2.49e-4 0.859834 0.05355596 0.785905 0.391723 0.94688 0.300723 0.940348 0.315888 0.916889 0.315888 0.916889 0.383933 0.913544 0.391723 0.94688 0.225054 0.778911 0.186166 0.773589 0.225054 0.773021 0.232061 0.856632 0.287749 0.859255 0.281702 0.916813 0.232061 0.856632 0.281702 0.916813 0.216205 0.914062 0.2244819 0.770089 0.301314 0.770098 0.301211 0.859932 0.2244819 0.770089 0.301211 0.859932 0.287749 0.859255 0.2244819 0.770089 0.287749 0.859255 0.232061 0.856632 0.315888 0.916889 0.300723 0.940348 0.301179 0.860715 0.301179 0.860715 0.313779 0.860686 0.315888 0.916889 0.301179 0.860715 0.300723 0.940348 0.281702 0.916813 0.281702 0.916813 0.287749 0.859255 0.301179 0.860715 0.313779 0.860686 0.369953 0.862896 0.383933 0.913544 0.383933 0.913544 0.315888 0.916889 0.313779 0.860686 0.300723 0.940348 0.208576 0.941694 0.216205 0.914062 0.216205 0.914062 0.281702 0.916813 0.300723 0.940348 0.225246 0.739414 0.219578 0.738798 0.22526 0.739084 0.301179 0.860715 0.301211 0.859932 0.313779 0.860686 0.263458 0.775778 0.225054 0.778911 0.225054 0.773021 0.256755 0.701174 0.225304 0.701171 0.192879 0.701168 0.105299 0.953378 2.49e-4 0.859845 0.001501977 0.951678 0.256755 0.701174 0.192879 0.701168 0.179562 0.708223 0.05355596 0.785905 2.49e-4 0.859834 2.49e-4 0.859845 0.19293 0.786807 0.407371 0.78683 0.37584 0.770104 2.49e-4 0.859834 0.105301 0.953351 0.001501977 0.951667 0.001501977 0.951667 0.001501977 0.951678 2.49e-4 0.859845 2.49e-4 0.859845 2.49e-4 0.859834 0.001501977 0.951667 0.854295 0.819109 0.857617 0.750411 0.857098 0.750412 0.854295 0.819109 0.857098 0.750412 0.85427 0.819109 0.857617 0.750411 0.854295 0.819109 0.847337 0.819109 0.807703 0.813513 0.819911 0.81758 0.847312 0.819109 0.807703 0.813513 0.847312 0.819109 0.857098 0.750412 0.768264 0.75292 0.857617 0.750411 0.809503 0.813604 0.768264 0.75292 0.809503 0.813604 0.758737 0.782591 0.809503 0.813604 0.857617 0.750411 0.847337 0.819109 0.809503 0.813604 0.847337 0.819109 0.820637 0.817709 0.857098 0.750412 0.751979 0.752916 0.758386 0.752915 0.751979 0.752916 0.857098 0.750412 0.857617 0.750411 0.751979 0.752916 0.857617 0.750411 0.768264 0.75292 0.757075 0.782591 0.807703 0.813513 0.857098 0.750412 0.757075 0.782591 0.857098 0.750412 0.758386 0.752915 0.751979 0.752916 0.768264 0.75292 0.758737 0.782591 0.807703 0.813513 0.757075 0.782591 0.758737 0.782591 0.807703 0.813513 0.758737 0.782591 0.809503 0.813604 0.733676 0.755645 0.736321 0.765892 0.709392 0.766599 0.733676 0.755645 0.709392 0.766599 0.706421 0.754937 0.757075 0.782591 0.709392 0.766599 0.736321 0.765892 0.757075 0.782591 0.736321 0.765892 0.758737 0.782591 0.758386 0.752915 0.751979 0.752916 0.733676 0.755645 0.733676 0.755645 0.706421 0.754937 0.716317 0.752672 0.733676 0.755645 0.716317 0.752672 0.758386 0.752915 0.758737 0.782591 0.736321 0.765892 0.733676 0.755645 0.758737 0.782591 0.733676 0.755645 0.751979 0.752916 0.758386 0.752915 0.716317 0.752672 0.709392 0.766599 0.758386 0.752915 0.709392 0.766599 0.757075 0.782591 0.807703 0.813513 0.809503 0.813604 0.820637 0.817709 0.807703 0.813513 0.820637 0.817709 0.819911 0.81758 0.847312 0.819109 0.85427 0.819109 0.857098 0.750412 0.709392 0.766599 0.716317 0.752672 0.706421 0.754937 0.857014 0.819161 0.857617 0.750411 0.857098 0.750412 0.857014 0.819161 0.857098 0.750412 0.856979 0.819161 0.857617 0.750411 0.857014 0.819161 0.847614 0.819161 0.807703 0.813513 0.811297 0.817202 0.84758 0.819161 0.807703 0.813513 0.84758 0.819161 0.857098 0.750412 0.768264 0.75292 0.857617 0.750411 0.809503 0.813604 0.768264 0.75292 0.809503 0.813604 0.758737 0.782591 0.809503 0.813604 0.857617 0.750411 0.847614 0.819161 0.809503 0.813604 0.847614 0.819161 0.812278 0.817376 0.857098 0.750412 0.751979 0.752916 0.758386 0.752915 0.751979 0.752916 0.857098 0.750412 0.857617 0.750411 0.751979 0.752916 0.857617 0.750411 0.768264 0.75292 0.757075 0.782591 0.807703 0.813513 0.857098 0.750412 0.757075 0.782591 0.857098 0.750412 0.758386 0.752915 0.751979 0.752916 0.768264 0.75292 0.758737 0.782591 0.807703 0.813513 0.757075 0.782591 0.758737 0.782591 0.807703 0.813513 0.758737 0.782591 0.809503 0.813604 0.733676 0.755646 0.736321 0.765892 0.709392 0.766599 0.733676 0.755646 0.709392 0.766599 0.706421 0.754937 0.757075 0.782591 0.709392 0.766599 0.736321 0.765892 0.757075 0.782591 0.736321 0.765892 0.758737 0.782591 0.758386 0.752915 0.751979 0.752916 0.733676 0.755646 0.733676 0.755646 0.706421 0.754937 0.716317 0.752672 0.733676 0.755646 0.716317 0.752672 0.758386 0.752915 0.758737 0.782591 0.736321 0.765892 0.733676 0.755646 0.758737 0.782591 0.733676 0.755646 0.751979 0.752916 0.758386 0.752915 0.716317 0.752672 0.709392 0.766599 0.758386 0.752915 0.709392 0.766599 0.757075 0.782591 0.807703 0.813513 0.809503 0.813604 0.812278 0.817376 0.807703 0.813513 0.812278 0.817376 0.811297 0.817202 0.84758 0.819161 0.856979 0.819161 0.857098 0.750412 0.709392 0.766599 0.716317 0.752672 0.706421 0.754937 0.5245379 0.5056756 0.5245429 0.5056647 0.527667 0.664011 0.528188 0.664402 0.5245379 0.5056756 0.527667 0.664011 0.6959299 0.5057507 0.6960899 0.5060886 0.693004 0.664658 0.693004 0.664658 0.6960899 0.5060886 0.692359 0.665641 0.6946039 0.5060936 0.693563 0.665212 0.529162 0.665067 0.6946039 0.5060936 0.529162 0.665067 0.5246419 0.5056836 0.7787489 0.5047796 0.874499 0.661325 0.776953 0.66379 0.9881629 0.5046966 0.874499 0.661325 0.7787489 0.5047796 0.9881629 0.5046966 0.997129 0.66478 0.874499 0.661325 0.937355 0.745833 0.81874 0.746472 0.878783 0.748473 0.990749 0.760849 0.941713 0.765497 0.980356 0.994333 0.941713 0.765497 0.891843 0.755978 0.893456 0.990722 0.937096 0.760924 0.890502 0.756501 0.902732 0.991067 0.985112 0.751637 0.937096 0.760924 0.986139 0.990071 0.941561 0.989134 0.893456 0.990722 0.891843 0.755978 0.891843 0.755978 0.938917 0.772077 0.941561 0.989134 0.990749 0.760849 0.980356 0.994333 0.941561 0.989134 0.938917 0.772077 0.990749 0.760849 0.941561 0.989134 0.986139 0.990071 0.942008 0.985869 0.985112 0.751637 0.942958 0.767729 0.985112 0.751637 0.942008 0.985869 0.902732 0.991067 0.890502 0.756501 0.942008 0.985869 0.890502 0.756501 0.942958 0.767729 0.942008 0.985869 0.986139 0.990071 0.937096 0.760924 0.902732 0.991067 0.980356 0.994333 0.941713 0.765497 0.893456 0.990722 2.49e-4 0.859845 0.05355495 0.785928 0.05355596 0.785905 0.776868 0.748519 0.81874 0.746472 0.7773 0.661538 0.81874 0.746472 0.937355 0.745833 0.997074 0.663987 0.997074 0.663987 0.7773 0.661538 0.81874 0.746472 0.997121 0.744885 0.997074 0.663987 0.937355 0.745833 0.81874 0.746472 0.776868 0.748519 0.878783 0.748473 0.997121 0.744885 0.997121 0.744885 0.937355 0.745833 0.937355 0.745833 0.878783 0.748473 0.997121 0.744885 0.776868 0.748519 0.776868 0.748519 0.81874 0.746472 0.996159 0.664614 0.880336 0.747832 0.88263 0.652739 0.996159 0.664614 0.999034 0.745697 0.880336 0.747832 0.776425 0.660882 0.882963 0.651931 0.878783 0.748473 0.776425 0.660882 0.878783 0.748473 0.776868 0.748519 0.847281 0.316239 0.867358 0.293134 0.873324 0.324002 0.874568 0.364873 0.85369 0.332468 0.873324 0.324002 0.770259 0.360644 0.769543 0.353557 0.735228 0.281574 0.735228 0.281574 0.769543 0.353557 0.814223 0.280062 0.770259 0.360644 0.735228 0.281574 0.735228 0.281574 0.735228 0.281574 0.81147 0.277068 0.770259 0.360644 0.874568 0.364873 0.874517 0.324012 0.769543 0.353557 0.769543 0.353557 0.874517 0.324012 0.814223 0.280062 0.814223 0.280062 0.874517 0.324012 0.867358 0.293134 0.814223 0.280062 0.867358 0.293134 0.81147 0.277068 0.867358 0.293134 0.847281 0.316239 0.81147 0.277068 0.770259 0.360644 0.874568 0.364873 0.769543 0.353557 0.85449 0.340427 0.770347 0.361767 0.874867 0.367847 0.842169 0.321431 0.878661 0.32466 0.867815 0.29768 0.874867 0.367847 0.878661 0.32466 0.85449 0.340427 0.770347 0.361767 0.735856 0.282109 0.769633 0.354659 0.735856 0.282109 0.815011 0.279979 0.769633 0.354659 0.735856 0.282109 0.735856 0.282109 0.770347 0.361767 0.770347 0.361767 0.809303 0.277004 0.735856 0.282109 0.874867 0.367847 0.769633 0.354659 0.876482 0.326748 0.769633 0.354659 0.815011 0.279979 0.876482 0.326748 0.815011 0.279979 0.867815 0.29768 0.876482 0.326748 0.773114 0.382561 0.770459 0.375807 0.77812 0.501005 0.867815 0.29768 0.809303 0.277004 0.842169 0.321431 0.770347 0.361767 0.769633 0.354659 0.874867 0.367847 0.842766 0.948123 0.855248 0.996141 0.79489 0.992309 0.842766 0.948123 0.870699 0.944777 0.855248 0.996141 0.795654 0.946921 0.794376 0.995077 0.848872 0.995574 0.855248 0.996141 0.848872 0.995574 0.794376 0.995077 0.848872 0.995574 0.870699 0.944777 0.795654 0.946921 0.79489 0.992309 0.795654 0.946921 0.842766 0.948123 0.79489 0.992309 0.794376 0.995077 0.795654 0.946921 0.870699 0.944777 0.848872 0.995574 0.855248 0.996141 0.855248 0.996141 0.794376 0.995077 0.79489 0.992309 0.842766 0.952244 0.794894 0.996429 0.855244 1.00026 0.842766 0.952244 0.855244 1.00026 0.870695 0.948896 0.795658 0.95104 0.848868 0.999693 0.794381 0.999403 0.855244 1.00026 0.794381 0.999403 0.848868 0.999693 0.848868 0.999693 0.795658 0.95104 0.870695 0.948896 0.794894 0.996429 0.842766 0.952244 0.795658 0.95104 0.794894 0.996429 0.795658 0.95104 0.794381 0.999403 0.870695 0.948896 0.855244 1.00026 0.848868 0.999693 0.855244 1.00026 0.794894 0.996429 0.794381 0.999403 0.842766 0.952244 0.870695 0.948896 0.868006 0.92024 0.842766 0.952244 0.868006 0.92024 0.840077 0.923588 0.870695 0.948896 0.795658 0.95104 0.79297 0.922384 0.870695 0.948896 0.79297 0.922384 0.868006 0.92024 0.795654 0.946921 0.870699 0.944777 0.86801 0.916121 0.795654 0.946921 0.86801 0.916121 0.792966 0.918265 0.795658 0.95104 0.842766 0.952244 0.840077 0.923588 0.795658 0.95104 0.840077 0.923588 0.79297 0.922384 0.842766 0.948123 0.795654 0.946921 0.792966 0.918265 0.842766 0.948123 0.792966 0.918265 0.840078 0.919467 0.870699 0.944777 0.842766 0.948123 0.840078 0.919467 0.870699 0.944777 0.840078 0.919467 0.86801 0.916121 0.847281 0.316239 0.85369 0.332468 0.770259 0.360644 0.847281 0.316239 0.770259 0.360644 0.81147 0.277068 0.873324 0.324002 0.85369 0.332468 0.847281 0.316239 0.85449 0.340427 0.878661 0.32466 0.842169 0.321431 0.770259 0.360644 0.85369 0.332468 0.874568 0.364873 0.770347 0.361767 0.85449 0.340427 0.842169 0.321431 0.770347 0.361767 0.842169 0.321431 0.809303 0.277004 0.944383 0.165257 0.986867 0.171214 0.949505 0.01693397 0.944383 0.165257 0.949505 0.01693397 0.958511 0.020428 0.983436 0.169003 0.951602 0.01183795 0.940608 0.163376 0.986867 0.171214 0.941063 0.165311 0.949505 0.01693397 0.944383 0.165257 0.893734 0.158386 0.888464 0.214405 0.944383 0.165257 0.888464 0.214405 0.944372 0.183275 0.891876 0.157433 0.945749 0.163587 0.946697 0.175733 0.891876 0.157433 0.946697 0.175733 0.887564 0.213335 0.945749 0.163587 0.983436 0.169003 0.978728 0.225405 0.945749 0.163587 0.978728 0.225405 0.946697 0.175733 0.941063 0.165311 0.94172 0.216148 0.888464 0.214405 0.941063 0.165311 0.888464 0.214405 0.908566 0.160411 0.893734 0.158386 0.908566 0.160411 0.888464 0.214405 0.891876 0.157433 0.887564 0.213335 0.941197 0.212916 0.891876 0.157433 0.941197 0.212916 0.940608 0.163376 0.981671 0.226745 0.94172 0.216148 0.941063 0.165311 0.981671 0.226745 0.941063 0.165311 0.986867 0.171214 0.960702 0.01534396 0.951602 0.01183795 0.983436 0.169003 0.960702 0.01534396 0.983436 0.169003 0.945749 0.163587 0.914809 0.005673944 0.960702 0.01534396 0.945749 0.163587 0.914809 0.005673944 0.945749 0.163587 0.891876 0.157433 0.978728 0.225405 0.983436 0.169003 0.940608 0.163376 0.978728 0.225405 0.940608 0.163376 0.941197 0.212916 0.914809 0.005673944 0.891876 0.157433 0.940608 0.163376 0.914809 0.005673944 0.940608 0.163376 0.951602 0.01183795 0.944372 0.183275 0.981671 0.226745 0.986867 0.171214 0.944372 0.183275 0.986867 0.171214 0.944383 0.165257 0.958511 0.020428 0.913079 0.01081997 0.893734 0.158386 0.958511 0.020428 0.893734 0.158386 0.944383 0.165257 0.949505 0.01693397 0.941063 0.165311 0.908566 0.160411 0.949505 0.01693397 0.908566 0.160411 0.893734 0.158386 0.949505 0.01693397 0.893734 0.158386 0.913079 0.01081997 0.275603 0.430076 0.337741 0.472216 0.32367 0.423707 0.238012 0.475193 0.165957 0.473263 0.284419 0.5043318 0.113677 0.5027048 0.284419 0.5043318 0.165957 0.473263 0.337741 0.472216 0.283682 0.481722 0.296955 0.5059798 0.483771 0.47987 0.429844 0.470369 0.47141 0.5043008 0.47141 0.5043008 0.429844 0.470369 0.337741 0.472216 0.47141 0.5043008 0.337741 0.472216 0.296955 0.5059798 0.293105 0.480381 0.293105 0.489199 0.306378 0.5046378 0.306378 0.5046378 0.293105 0.489199 0.305557 0.5063709 0.04390996 0.5059359 0.05544996 0.488591 0.04308795 0.5042039 0.04308795 0.5042039 0.05544996 0.488591 0.05544996 0.479773 0.165957 0.473263 0.102488 0.486406 0.113677 0.5027048 0.284419 0.5043318 0.296492 0.488201 0.238012 0.475193 0.429844 0.470369 0.490685 0.43032 0.442959 0.423699 0.490685 0.43032 0.429844 0.470369 0.483771 0.47987 0.165957 0.473263 0.248536 0.421068 0.152157 0.421062 0.248536 0.421068 0.165957 0.473263 0.238012 0.475193 0.293105 0.489199 0.283017 0.428985 0.282899 0.429093 0.283017 0.428985 0.293105 0.489199 0.293105 0.480381 0.05544996 0.479773 0.06224495 0.430331 0.06236296 0.430223 0.06224495 0.430331 0.05544996 0.479773 0.05544996 0.488591 0.102488 0.486406 0.152157 0.421062 0.09589898 0.429918 0.152157 0.421062 0.102488 0.486406 0.165957 0.473263 0.238012 0.475193 0.306388 0.429924 0.248536 0.421068 0.306388 0.429924 0.238012 0.475193 0.296492 0.488201 0.442959 0.423699 0.32367 0.423707 0.337741 0.472216 0.442959 0.423699 0.337741 0.472216 0.429844 0.470369 0.283682 0.481722 0.337741 0.472216 0.275603 0.430076 0.293105 0.480381 0.285026 0.428735 0.283017 0.428985 0.651124 0.265532 0.651124 0.265517 0.626189 0.219397 0.651124 0.265532 0.626189 0.219397 0.626184 0.219151 0.626184 0.219151 0.626189 0.219397 0.543236 0.177052 0.543236 0.177052 0.407219 0.16432 0.407214 0.164016 0.407214 0.164016 0.407219 0.16432 0.407923 0.267534 0.407214 0.164016 0.407923 0.267534 0.407918 0.267252 0.407779 0.268866 0.407781 0.268583 0.40838 0.165477 0.407779 0.268866 0.40838 0.165477 0.408377 0.165781 0.408377 0.165781 0.40838 0.165477 0.545162 0.178682 0.545162 0.178682 0.626979 0.2276909 0.626977 0.227937 0.626977 0.227937 0.626979 0.2276909 0.65114 0.264983 0.626977 0.227937 0.65114 0.264983 0.65114 0.264968 0.551857 0.2230949 0.564767 0.239398 0.570063 0.266054 0.569744 0.265284 0.565126 0.238502 0.552634 0.221877 0.552634 0.221877 0.53704 0.221759 0.524298 0.238194 0.523944 0.240127 0.551857 0.2230949 0.570063 0.266054 0.523944 0.240127 0.570063 0.266054 0.519603 0.266955 0.523944 0.240127 0.536264 0.223374 0.551857 0.2230949 0.519278 0.264904 0.569744 0.265284 0.552634 0.221877 0.519278 0.264904 0.552634 0.221877 0.524298 0.238194 0.651124 0.265517 0.570063 0.266054 0.564767 0.239398 0.651124 0.265517 0.564767 0.239398 0.626189 0.219397 0.626979 0.2276909 0.565126 0.238502 0.569744 0.265284 0.626979 0.2276909 0.569744 0.265284 0.65114 0.264983 0.545162 0.178682 0.552634 0.221877 0.565126 0.238502 0.545162 0.178682 0.565126 0.238502 0.626979 0.2276909 0.545162 0.178682 0.53704 0.221759 0.552634 0.221877 0.40838 0.165477 0.524298 0.238194 0.53704 0.221759 0.40838 0.165477 0.53704 0.221759 0.545162 0.178682 0.407781 0.268583 0.519278 0.264904 0.524298 0.238194 0.407781 0.268583 0.524298 0.238194 0.40838 0.165477 0.407219 0.16432 0.523944 0.240127 0.519603 0.266955 0.407219 0.16432 0.519603 0.266955 0.407923 0.267534 0.543236 0.177052 0.536264 0.223374 0.523944 0.240127 0.543236 0.177052 0.523944 0.240127 0.407219 0.16432 0.543236 0.177052 0.551857 0.2230949 0.536264 0.223374 0.626189 0.219397 0.564767 0.239398 0.551857 0.2230949 0.626189 0.219397 0.551857 0.2230949 0.543236 0.177052 0.256542 0.321585 0.354367 0.320342 0.361507 0.161309 0.361507 0.161309 0.304689 0.06585997 0.255955 0.037678 0.361507 0.161309 0.255955 0.037678 0.256542 0.321585 0.255563 0.320629 0.25615 0.036722 0.304739 0.065153 0.304739 0.065153 0.355177 0.160876 0.353404 0.319998 0.304739 0.065153 0.353404 0.319998 0.255563 0.320629 0.481262 0.838212 0.480073 0.838212 0.491526 0.880271 0.481262 0.838212 0.491526 0.880271 0.492639 0.880271 0.546458 0.837348 0.495738 0.837349 0.499999 0.879408 0.546458 0.837348 0.499999 0.879408 0.547451 0.879407 0.616275 0.997581 0.562792 0.952981 0.559639 0.952981 0.618419 0.837348 0.574377 0.837348 0.573571 0.879407 0.618419 0.837348 0.573571 0.879407 0.614774 0.879407 0.529555 0.838213 0.526606 0.838213 0.535061 0.880272 0.529555 0.838213 0.535061 0.880272 0.53782 0.880272 0.616275 0.997581 0.578918 0.952981 0.606889 0.952981 0.480477 0.838212 0.481538 0.838212 0.492897 0.880271 0.480477 0.838212 0.492897 0.880271 0.491905 0.880271 0.531256 0.952118 0.603403 0.996718 0.531488 0.952118 0.492244 0.838211 0.522995 0.838791 0.531683 0.880814 0.492244 0.838211 0.531683 0.880814 0.502913 0.880271 0.578918 0.952981 0.616275 0.997581 0.555316 0.953345 0.527031 0.952981 0.532349 0.952981 0.616275 0.997581 0.522995 0.838791 0.558813 0.838211 0.565193 0.88027 0.522995 0.838791 0.565193 0.88027 0.531683 0.880814 0.534341 0.838213 0.529555 0.838213 0.53782 0.880272 0.534341 0.838213 0.53782 0.880272 0.542297 0.880272 0.522995 0.838791 0.522773 0.838211 0.558813 0.838211 0.492244 0.838211 0.522773 0.838211 0.522995 0.838791 0.535052 0.952981 0.555316 0.953345 0.616275 0.997581 0.495334 0.837349 0.485339 0.837348 0.49027 0.879407 0.495334 0.837349 0.49027 0.879407 0.499621 0.879408 0.603403 0.996718 0.579544 0.952118 0.600122 0.952118 0.494688 0.837349 0.527413 0.837349 0.529632 0.879408 0.494688 0.837349 0.529632 0.879408 0.499017 0.879408 0.491224 0.837348 0.492937 0.837348 0.495334 0.837349 0.522726 0.838213 0.493878 0.838212 0.504442 0.880272 0.522726 0.838213 0.504442 0.880272 0.531431 0.880272 0.480073 0.838212 0.488142 0.838212 0.499076 0.880271 0.480073 0.838212 0.499076 0.880271 0.491526 0.880271 0.492693 0.837349 0.490791 0.837349 0.494688 0.837349 0.612789 0.952117 0.583768 0.952117 0.603403 0.996718 0.492693 0.837349 0.494688 0.837349 0.495041 0.837349 0.558813 0.838211 0.601259 0.838211 0.604904 0.88027 0.558813 0.838211 0.604904 0.88027 0.565193 0.88027 0.616275 0.997581 0.557695 0.952981 0.555138 0.952981 0.574377 0.837348 0.553016 0.837348 0.553586 0.879407 0.574377 0.837348 0.553586 0.879407 0.573571 0.879407 0.616275 0.997581 0.527298 0.952981 0.527997 0.952981 0.603403 0.996718 0.525095 0.952118 0.525074 0.952118 0.553016 0.837348 0.546458 0.837348 0.547451 0.879407 0.553016 0.837348 0.547451 0.879407 0.553586 0.879407 0.481538 0.838212 0.477397 0.838212 0.489023 0.880271 0.481538 0.838212 0.489023 0.880271 0.492897 0.880271 0.616275 0.997581 0.555138 0.952981 0.536129 0.952981 0.620483 0.838213 0.613383 0.838213 0.616246 0.880272 0.620483 0.838213 0.616246 0.880272 0.622889 0.880272 0.616275 0.997581 0.533402 0.952981 0.527298 0.952981 0.603403 0.996718 0.56537 0.952118 0.531947 0.952118 0.525095 0.952118 0.603403 0.996718 0.531681 0.952118 0.562792 0.952981 0.616275 0.997581 0.614878 0.952981 0.527031 0.952981 0.616275 0.997581 0.527815 0.952981 0.616275 0.997581 0.559639 0.952981 0.557695 0.952981 0.569691 0.952117 0.603403 0.996718 0.583768 0.952117 0.603403 0.996718 0.531256 0.952118 0.55282 0.952118 0.616275 0.997581 0.525268 0.952981 0.527815 0.952981 0.527296 0.802408 0.545617 0.802404 0.55272 0.837712 0.55272 0.837712 0.535692 0.837712 0.527296 0.802408 0.545617 0.802404 0.579202 0.802396 0.583936 0.837712 0.583936 0.837712 0.55272 0.837712 0.545617 0.802404 0.607106 0.837712 0.583936 0.837712 0.579202 0.802396 0.579202 0.802396 0.60413 0.802389 0.607106 0.837712 0.60413 0.802389 0.617394 0.802386 0.619434 0.837712 0.619434 0.837712 0.607106 0.837712 0.60413 0.802389 0.617394 0.802386 0.617394 0.802386 0.619434 0.837712 0.619434 0.837712 0.619434 0.837712 0.617394 0.802386 0.617394 0.802386 0.60413 0.802389 0.607106 0.837711 0.607106 0.837711 0.619434 0.837712 0.617394 0.802386 0.588989 0.802393 0.579202 0.802395 0.583936 0.837711 0.60413 0.802389 0.588989 0.802393 0.583936 0.837711 0.60413 0.802389 0.583936 0.837711 0.607106 0.837711 0.579202 0.802395 0.545617 0.802403 0.55272 0.837711 0.55272 0.837711 0.583936 0.837711 0.579202 0.802395 0.545617 0.802403 0.527296 0.802407 0.535692 0.837711 0.535692 0.837711 0.55272 0.837711 0.545617 0.802403 0.527296 0.802407 0.489104 0.802416 0.500194 0.837711 0.500194 0.837711 0.535692 0.837711 0.527296 0.802407 0.489104 0.802416 0.455519 0.802424 0.468978 0.837711 0.468978 0.837711 0.500194 0.837711 0.489104 0.802416 0.455519 0.802424 0.430591 0.802431 0.445808 0.837711 0.445808 0.837711 0.468978 0.837711 0.455519 0.802424 0.430591 0.802431 0.417327 0.802434 0.43348 0.837712 0.43348 0.837712 0.445808 0.837711 0.430591 0.802431 0.417327 0.802434 0.417327 0.802434 0.43348 0.837712 0.43348 0.837712 0.43348 0.837712 0.417327 0.802434 0.417327 0.802434 0.430591 0.802431 0.445808 0.837712 0.445808 0.837712 0.43348 0.837712 0.417327 0.802434 0.430591 0.802431 0.455519 0.802425 0.468978 0.837712 0.468978 0.837712 0.445808 0.837712 0.430591 0.802431 0.455519 0.802425 0.489104 0.802417 0.500194 0.837712 0.500194 0.837712 0.468978 0.837712 0.455519 0.802425 0.489104 0.802417 0.527296 0.802408 0.535692 0.837712 0.535692 0.837712 0.500194 0.837712 0.489104 0.802417 0.55272 0.837711 0.535692 0.837711 0.500194 0.837711 0.576628 0.838773 0.532881 0.838774 0.500411 0.838774 0.500411 0.838774 0.483134 0.838774 0.483134 0.838774 0.576628 0.838773 0.500411 0.838774 0.483134 0.838774 0.483134 0.838774 0.500411 0.838774 0.532881 0.838774 0.532881 0.838774 0.576628 0.838774 0.626375 0.838774 0.483134 0.838774 0.532881 0.838774 0.626375 0.838774 0.576628 0.838773 0.483134 0.838774 0.626375 0.838774 0.593303 0.839637 0.56944 0.839637 0.525693 0.839637 0.525693 0.839637 0.493223 0.839637 0.475946 0.839637 0.593303 0.839637 0.525693 0.839637 0.475946 0.839637 0.500194 0.837711 0.535692 0.837712 0.619434 0.837712 0.475946 0.839637 0.475946 0.839637 0.493223 0.839637 0.500194 0.837711 0.619434 0.837712 0.607106 0.837711 0.55272 0.837711 0.500194 0.837711 0.607106 0.837711 0.525693 0.839637 0.56944 0.839636 0.493223 0.839637 0.430591 0.802431 0.417327 0.802434 0.417327 0.802434 0.417327 0.802434 0.430591 0.802431 0.455519 0.802424 0.455519 0.802424 0.489104 0.802416 0.527296 0.802407 0.417327 0.802434 0.455519 0.802424 0.527296 0.802407 0.527296 0.802407 0.545617 0.802403 0.579202 0.802395 0.527296 0.802407 0.579202 0.802395 0.588989 0.802393 0.588989 0.802393 0.60413 0.802389 0.617394 0.802386 0.617394 0.802386 0.617394 0.802386 0.60413 0.802389 0.588989 0.802393 0.617394 0.802386 0.60413 0.802389 0.527296 0.802407 0.588989 0.802393 0.60413 0.802389 0.60413 0.802389 0.579202 0.802396 0.545617 0.802404 0.545617 0.802404 0.527296 0.802408 0.489104 0.802417 0.60413 0.802389 0.545617 0.802404 0.489104 0.802417 0.527296 0.802407 0.60413 0.802389 0.489104 0.802417 0.417327 0.802434 0.527296 0.802407 0.489104 0.802417 0.430591 0.802431 0.417327 0.802434 0.489104 0.802417 0.430591 0.802431 0.489104 0.802417 0.455519 0.802425 0.531431 0.880272 0.504442 0.880272 0.536129 0.952981 0.531431 0.880272 0.536129 0.952981 0.555138 0.952981 0.504442 0.880272 0.50057 0.880272 0.533402 0.952981 0.504442 0.880272 0.533402 0.952981 0.536129 0.952981 0.531683 0.880814 0.565193 0.88027 0.578918 0.952981 0.531683 0.880814 0.578918 0.952981 0.555316 0.953345 0.53782 0.880272 0.535061 0.880272 0.557695 0.952981 0.53782 0.880272 0.557695 0.952981 0.559639 0.952981 0.492897 0.880271 0.489023 0.880271 0.525268 0.952981 0.492897 0.880271 0.525268 0.952981 0.527997 0.952981 0.49024 0.879408 0.499347 0.879408 0.531488 0.952118 0.49024 0.879408 0.531488 0.952118 0.525074 0.952118 0.502913 0.880271 0.531683 0.880814 0.555316 0.953345 0.502913 0.880271 0.555316 0.953345 0.535052 0.952981 0.614774 0.879407 0.573571 0.879407 0.583768 0.952117 0.614774 0.879407 0.583768 0.952117 0.612789 0.952117 0.567575 0.879409 0.596789 0.879409 0.600122 0.952118 0.567575 0.879409 0.600122 0.952118 0.579544 0.952118 0.491526 0.880271 0.499076 0.880271 0.532349 0.952981 0.491526 0.880271 0.532349 0.952981 0.527031 0.952981 0.489023 0.880271 0.492639 0.880271 0.527815 0.952981 0.489023 0.880271 0.527815 0.952981 0.525268 0.952981 0.529632 0.879408 0.567575 0.879409 0.579544 0.952118 0.529632 0.879408 0.579544 0.952118 0.55282 0.952118 0.573571 0.879407 0.553586 0.879407 0.569691 0.952117 0.573571 0.879407 0.569691 0.952117 0.583768 0.952117 0.495776 0.879407 0.499621 0.879408 0.531681 0.952118 0.495776 0.879407 0.531681 0.952118 0.528973 0.952118 0.492639 0.880271 0.491526 0.880271 0.527031 0.952981 0.492639 0.880271 0.527031 0.952981 0.527815 0.952981 0.616246 0.880272 0.542297 0.880272 0.562792 0.952981 0.616246 0.880272 0.562792 0.952981 0.614878 0.952981 0.491905 0.880271 0.492897 0.880271 0.527997 0.952981 0.491905 0.880271 0.527997 0.952981 0.527298 0.952981 0.493878 0.838212 0.48974 0.838212 0.50057 0.880272 0.493878 0.838212 0.50057 0.880272 0.504442 0.880272 0.603403 0.996718 0.569691 0.952117 0.56537 0.952118 0.531488 0.952118 0.603403 0.996718 0.525074 0.952118 0.48974 0.838212 0.480477 0.838212 0.491905 0.880271 0.48974 0.838212 0.491905 0.880271 0.50057 0.880272 0.527413 0.837349 0.567968 0.83735 0.567575 0.879409 0.527413 0.837349 0.567575 0.879409 0.529632 0.879408 0.603403 0.996718 0.528973 0.952118 0.531681 0.952118 0.525268 0.952981 0.616275 0.997581 0.527997 0.952981 0.477397 0.838212 0.481262 0.838212 0.492639 0.880271 0.477397 0.838212 0.492639 0.880271 0.489023 0.880271 0.491224 0.837348 0.495334 0.837349 0.499621 0.879408 0.491224 0.837348 0.499621 0.879408 0.495776 0.879407 0.485339 0.837348 0.485307 0.837349 0.49024 0.879408 0.485339 0.837348 0.49024 0.879408 0.49027 0.879407 0.532349 0.952981 0.535052 0.952981 0.616275 0.997581 0.526606 0.838213 0.522726 0.838213 0.531431 0.880272 0.526606 0.838213 0.531431 0.880272 0.535061 0.880272 0.488142 0.838212 0.492244 0.838211 0.502913 0.880271 0.488142 0.838212 0.502913 0.880271 0.499076 0.880271 0.613383 0.838213 0.534341 0.838213 0.542297 0.880272 0.613383 0.838213 0.542297 0.880272 0.616246 0.880272 0.567968 0.83735 0.599195 0.83735 0.596789 0.879409 0.567968 0.83735 0.596789 0.879409 0.567575 0.879409 0.485307 0.837349 0.495041 0.837349 0.499347 0.879408 0.485307 0.837349 0.499347 0.879408 0.49024 0.879408 0.619556 0.952981 0.614878 0.952981 0.616275 0.997581 0.495738 0.837349 0.491224 0.837348 0.495776 0.879407 0.495738 0.837349 0.495776 0.879407 0.499999 0.879408 0.495041 0.837349 0.494688 0.837349 0.499017 0.879408 0.495041 0.837349 0.499017 0.879408 0.499347 0.879408 0.603403 0.996718 0.531947 0.952118 0.528973 0.952118 0.579544 0.952118 0.603403 0.996718 0.55282 0.952118 0.616275 0.997581 0.536129 0.952981 0.533402 0.952981 0.622889 0.880272 0.616246 0.880272 0.614878 0.952981 0.622889 0.880272 0.614878 0.952981 0.619556 0.952981 0.535061 0.880272 0.531431 0.880272 0.555138 0.952981 0.535061 0.880272 0.555138 0.952981 0.557695 0.952981 0.50057 0.880272 0.491905 0.880271 0.527298 0.952981 0.50057 0.880272 0.527298 0.952981 0.533402 0.952981 0.499347 0.879408 0.499017 0.879408 0.531256 0.952118 0.499347 0.879408 0.531256 0.952118 0.531488 0.952118 0.499076 0.880271 0.502913 0.880271 0.535052 0.952981 0.499076 0.880271 0.535052 0.952981 0.532349 0.952981 0.542297 0.880272 0.53782 0.880272 0.559639 0.952981 0.542297 0.880272 0.559639 0.952981 0.562792 0.952981 0.499017 0.879408 0.529632 0.879408 0.55282 0.952118 0.499017 0.879408 0.55282 0.952118 0.531256 0.952118 0.565193 0.88027 0.604904 0.88027 0.606889 0.952981 0.565193 0.88027 0.606889 0.952981 0.578918 0.952981 0.499621 0.879408 0.49027 0.879407 0.525095 0.952118 0.499621 0.879408 0.525095 0.952118 0.531681 0.952118 0.499999 0.879408 0.495776 0.879407 0.528973 0.952118 0.499999 0.879408 0.528973 0.952118 0.531947 0.952118 0.547451 0.879407 0.499999 0.879408 0.531947 0.952118 0.547451 0.879407 0.531947 0.952118 0.56537 0.952118 0.553586 0.879407 0.547451 0.879407 0.56537 0.952118 0.553586 0.879407 0.56537 0.952118 0.569691 0.952117 0.49027 0.879407 0.49024 0.879408 0.525074 0.952118 0.49027 0.879407 0.525074 0.952118 0.525095 0.952118 0.349051 0.5082858 0.330294 0.387286 0.242587 0.383119 0.349051 0.5082858 0.242587 0.383119 0.280512 0.5063208 0.170937 0.5062248 0.153218 0.389138 0.129674 0.385133 0.170937 0.5062248 0.129674 0.385133 0.09677696 0.5075429 0.280512 0.5063208 0.242587 0.383119 0.221087 0.387255 0.280512 0.5063208 0.221087 0.387255 0.216336 0.5073158 0.129674 0.385133 0.03736597 0.389105 0.01895898 0.5039969 0.129674 0.385133 0.01895898 0.5039969 0.09677696 0.5075429 0.668362 0.902665 0.663858 0.820687 0.703997 0.820677 0.668362 0.902665 0.725106 0.988166 0.77415 0.941389 0.774254 0.94786 0.725106 0.988166 0.668362 0.902665 0.665123 0.900995 0.66092 0.820694 0.673985 0.820692 0.665123 0.900995 0.673985 0.820692 0.774641 0.940027 0.77475 0.946489 0.738959 0.821688 0.704963 0.820704 0.77475 0.946489 0.704963 0.820704 0.665123 0.900995 0.721213 0.986794 0.665123 0.900995 0.774641 0.940027 0.721213 0.986794 0.77475 0.946489 0.665123 0.900995 0.704963 0.820704 0.66092 0.820694 0.665123 0.900995 0.675811 0.82069 0.663858 0.820687 0.668362 0.902665 0.675811 0.82069 0.668362 0.902665 0.77415 0.941389 0.673985 0.820692 0.737932 0.821656 0.774641 0.940027 0.734272 0.821678 0.675811 0.82069 0.77415 0.941389 0.774254 0.94786 0.703997 0.820677 0.735235 0.821647 0.703997 0.820677 0.774254 0.94786 0.668362 0.902665 0.556217 0.792456 0.626485 0.776012 0.499832 0.776256 0.496928 0.776239 0.583499 0.763741 0.626485 0.776012 0.496928 0.776239 0.626485 0.776012 0.556217 0.792456 0.458201 0.792326 0.556217 0.792456 0.499832 0.776256 0.458201 0.792326 0.496928 0.776239 0.556217 0.792456 0.499832 0.776256 0.583499 0.763741 0.492141 0.762678 0.496928 0.776239 0.492141 0.762678 0.583499 0.763741 0.626485 0.776012 0.583499 0.763741 0.499832 0.776256 0.870605 0.862515 0.874725 0.877818 0.786864 0.861516 0.786866 0.860888 0.877103 0.877832 0.870605 0.862515 0.786866 0.860888 0.786435 0.891167 0.877103 0.877832 0.843013 0.890991 0.877103 0.877832 0.786435 0.891167 0.786864 0.861516 0.874725 0.877818 0.786435 0.891167 0.874725 0.877818 0.843013 0.890991 0.786435 0.891167 0.786866 0.860888 0.870605 0.862515 0.786864 0.861516 0.796123 0.85718 0.790074 0.906938 0.860272 0.90357 0.796123 0.85718 0.860272 0.90357 0.859502 0.8689 0.795536 0.857164 0.796123 0.85718 0.859502 0.8689 0.795536 0.857164 0.859502 0.8689 0.858476 0.86877 0.790074 0.906938 0.795536 0.857164 0.858476 0.86877 0.790074 0.906938 0.858476 0.86877 0.860272 0.90357 0.462435 0.74092 0.440853 0.741625 0.46444 0.740845 0.44846 0.843566 0.464342 0.843041 0.46444 0.740845 0.44846 0.843566 0.46444 0.740845 0.440853 0.741625 0.464342 0.843041 0.462992 0.843092 0.462435 0.74092 0.464342 0.843041 0.462435 0.74092 0.46444 0.740845 0.462992 0.843092 0.44846 0.843566 0.440853 0.741625 0.462992 0.843092 0.440853 0.741625 0.462435 0.74092</float_array>
          <technique_common>
            <accessor source="#clipeus_001-mesh-map-0-array" count="1755" stride="2">
              <param name="S" type="float"/>
              <param name="T" type="float"/>
            </accessor>
          </technique_common>
        </source>
        <vertices id="clipeus_001-mesh-vertices">
          <input semantic="POSITION" source="#clipeus_001-mesh-positions"/>
        </vertices>
        <lines count="15">
          <input semantic="VERTEX" source="#clipeus_001-mesh-vertices" offset="0"/>
          <p>55 51 65 62 50 46 108 54 109 47 161 156 162 152 151 147 224 223 231 226 230 227 226 225 225 223 229 228 231 230</p>
        </lines>
        <triangles material="thorakitai1_Mat-material" count="141">
          <input semantic="VERTEX" source="#clipeus_001-mesh-vertices" offset="0"/>
          <input semantic="NORMAL" source="#clipeus_001-mesh-normals" offset="1"/>
          <input semantic="TEXCOORD" source="#clipeus_001-mesh-map-0" offset="2" set="0"/>
          <p>0 0 0 2 0 1 4 0 2 1 1 3 5 1 4 7 1 5 1 2 6 7 2 7 9 2 8 9 3 9 12 3 10 1 3 11 14 4 12 15 4 13 18 4 14 14 5 15 18 5 16 21 5 17 14 6 18 21 6 19 23 6 20 14 7 21 23 7 22 25 7 23 28 8 24 10 8 25 8 8 26 28 9 27 8 9 28 30 9 29 28 10 30 30 10 31 31 10 32 1 11 33 12 11 34 33 11 35 14 12 36 34 12 37 15 12 38 3 13 39 35 13 40 37 13 41 37 14 42 6 14 43 3 14 44 38 15 45 26 15 46 36 15 47 22 16 48 39 16 49 41 16 50 22 17 51 41 17 52 24 17 53 19 18 54 28 18 55 31 18 56 19 19 57 31 19 58 39 19 59 19 20 60 39 20 61 22 20 62 37 21 63 35 21 64 42 21 65 42 22 66 30 22 67 37 22 68 42 23 69 35 23 70 41 23 71 41 24 72 39 24 73 42 24 74 30 25 75 8 25 76 6 25 77 6 26 78 37 26 79 30 26 80 35 27 81 27 27 82 24 27 83 24 28 84 41 28 85 35 28 86 43 29 87 40 29 88 32 29 89 42 30 90 31 30 91 30 30 92 2 31 93 38 31 94 36 31 95 11 32 96 29 32 97 20 32 98 1 33 99 33 33 100 44 33 101 11 34 102 20 34 103 16 34 104 15 35 105 34 35 106 33 35 107 17 36 108 13 36 109 10 36 110 34 37 111 14 37 112 45 37 113 45 38 114 44 38 115 33 38 116 33 39 117 34 39 118 45 39 119 68 40 120 69 40 121 70 40 122 68 41 123 70 41 124 71 41 125 69 42 126 68 42 127 72 42 128 73 43 129 74 43 130 75 43 131 73 44 132 75 44 133 70 44 134 76 45 135 69 45 136 77 45 137 76 46 138 77 46 139 78 46 140 77 47 141 69 47 142 72 47 143 77 48 144 72 48 145 79 48 146 70 49 147 80 49 148 81 49 149 80 50 150 70 50 151 69 50 152 80 51 153 69 51 154 76 51 155 82 52 156 73 52 157 70 52 158 82 53 159 70 53 160 81 53 161 80 54 162 76 54 163 78 54 164 73 55 165 82 55 166 78 55 167 73 56 168 78 56 169 77 56 170 83 57 171 84 57 172 85 57 173 83 58 174 85 58 175 86 58 176 82 59 177 85 59 178 84 59 179 82 60 180 84 60 181 78 60 182 81 61 183 80 61 184 83 61 185 83 62 186 86 62 187 87 62 188 83 63 189 87 63 190 81 63 191 78 64 192 84 64 193 83 64 194 78 65 195 83 65 196 80 65 197 81 66 198 87 66 199 85 66 200 81 67 201 85 67 202 82 67 203 73 68 204 77 68 205 79 68 206 73 69 207 79 69 208 74 69 209 75 70 210 71 70 211 70 70 212 85 71 213 87 71 214 86 71 215 88 72 216 89 72 217 90 72 218 88 73 219 90 73 220 91 73 221 89 74 222 88 74 223 92 74 224 93 75 225 94 75 226 95 75 227 93 76 228 95 76 229 90 76 230 96 77 231 89 77 232 97 77 233 96 78 234 97 78 235 98 78 236 97 79 237 89 79 238 92 79 239 97 80 240 92 80 241 99 80 242 90 81 243 100 81 244 101 81 245 100 82 246 90 82 247 89 82 248 100 83 249 89 83 250 96 83 251 102 84 252 93 84 253 90 84 254 102 85 255 90 85 256 101 85 257 100 86 258 96 86 259 98 86 260 93 87 261 102 87 262 98 87 263 93 88 264 98 88 265 97 88 266 103 89 267 104 89 268 105 89 269 103 90 270 105 90 271 106 90 272 102 91 273 105 91 274 104 91 275 102 92 276 104 92 277 98 92 278 101 93 279 100 93 280 103 93 281 103 94 282 106 94 283 107 94 284 103 95 285 107 95 286 101 95 287 98 96 288 104 96 289 103 96 290 98 97 291 103 97 292 100 97 293 101 98 294 107 98 295 105 98 296 101 99 297 105 99 298 102 99 299 93 100 300 97 100 301 99 100 302 93 101 303 99 101 304 94 101 305 95 102 306 91 102 307 90 102 308 105 103 309 107 103 310 106 103 311 52 104 312 56 104 313 58 104 314 60 105 315 52 105 316 58 105 317 110 106 318 48 106 319 63 106 320 63 107 321 48 107 322 66 107 323 53 108 324 61 108 325 67 108 326 53 109 327 67 109 328 49 109 329 57 110 330 114 110 331 59 110 332 111 111 333 114 111 334 57 111 335 111 112 336 64 112 337 114 112 338 113 113 339 112 113 340 115 113 341 116 114 342 121 114 343 117 114 344 121 115 345 118 115 346 119 115 347 128 116 348 123 116 349 124 116 350 125 117 351 128 117 352 126 117 353 120 118 354 119 118 355 118 118 356 118 119 357 122 119 358 120 119 359 116 120 360 117 120 361 120 120 362 122 121 363 116 121 364 120 121 365 126 122 366 127 122 367 125 122 368 129 123 369 125 123 370 127 123 371 124 124 372 123 124 373 127 124 374 123 125 375 129 125 376 127 125 377 126 126 378 128 126 379 124 126 380 117 127 381 121 127 382 119 127 383 33 128 384 12 128 385 15 128 386 132 129 387 139 129 388 133 129 389 139 130 390 140 130 391 138 130 392 138 131 393 133 131 394 139 131 395 137 132 396 138 132 397 140 132 398 139 133 399 130 133 400 143 133 401 134 134 402 137 134 403 140 134 404 140 135 405 143 135 406 134 135 407 132 136 408 130 136 409 139 136 410 136 137 411 144 137 412 141 137 413 136 138 414 135 138 415 144 138 416 131 139 417 142 139 418 143 139 419 131 140 420 143 140 421 130 140 422</p>
        </triangles>
        <triangles material="thorakitai1_Mat_001-material" count="123">
          <input semantic="VERTEX" source="#clipeus_001-mesh-vertices" offset="0"/>
          <input semantic="NORMAL" source="#clipeus_001-mesh-normals" offset="1"/>
          <input semantic="TEXCOORD" source="#clipeus_001-mesh-map-0" offset="2" set="0"/>
          <p>193 141 423 199 141 424 194 141 425 201 142 426 196 142 427 194 142 428 197 143 429 198 143 430 145 143 431 145 144 432 198 144 433 146 144 434 197 145 435 145 145 436 149 145 437 149 146 438 150 146 439 197 146 440 201 147 441 203 147 442 198 147 443 198 148 444 203 148 445 146 148 446 146 149 447 203 149 448 199 149 449 146 150 450 199 150 451 150 150 452 199 151 453 193 151 454 150 151 455 197 152 456 201 152 457 198 152 458 163 153 459 164 153 460 169 153 461 165 154 462 166 154 463 171 154 464 169 155 465 166 155 466 163 155 467 164 156 468 153 156 469 168 156 470 153 157 471 154 157 472 168 157 473 158 158 474 153 158 475 164 158 476 164 159 477 159 159 478 158 159 479 169 160 480 168 160 481 174 160 482 168 161 483 154 161 484 174 161 485 154 162 486 171 162 487 174 162 488 155 163 489 160 163 490 172 163 491 171 164 492 159 164 493 165 164 494 164 165 495 168 165 496 169 165 497 210 166 498 211 166 499 212 166 500 210 167 501 213 167 502 211 167 503 214 168 504 215 168 505 216 168 506 211 169 507 216 169 508 215 169 509 216 170 510 213 170 511 214 170 512 212 171 513 214 171 514 210 171 515 212 172 516 215 172 517 214 172 518 213 173 519 216 173 520 211 173 521 211 174 522 215 174 523 212 174 524 180 175 525 181 175 526 182 175 527 180 176 528 182 176 529 183 176 530 184 177 531 185 177 532 186 177 533 182 178 534 186 178 535 185 178 536 185 179 537 184 179 538 183 179 539 181 180 540 180 180 541 184 180 542 181 181 543 184 181 544 186 181 545 183 182 546 182 182 547 185 182 548 182 183 549 181 183 550 186 183 551 180 184 552 183 184 553 187 184 554 180 185 555 187 185 556 189 185 557 183 186 558 184 186 559 191 186 560 183 187 561 191 187 562 187 187 563 214 188 564 213 188 565 217 188 566 214 189 567 217 189 568 219 189 569 184 190 570 180 190 571 189 190 572 184 191 573 189 191 574 191 191 575 210 192 576 214 192 577 219 192 578 210 193 579 219 193 580 221 193 581 213 194 582 210 194 583 221 194 584 213 195 585 221 195 586 217 195 587 193 196 588 196 196 589 197 196 590 193 197 591 197 197 592 150 197 593 194 198 594 196 198 595 193 198 596 163 199 597 166 199 598 165 199 599 197 200 600 196 200 601 201 200 602 164 201 603 163 201 604 165 201 605 164 202 606 165 202 607 159 202 608 205 203 609 206 203 610 220 203 611 205 204 612 220 204 613 218 204 614 176 205 615 192 205 616 177 205 617 206 206 618 207 206 619 220 206 620 205 207 621 208 207 622 202 207 623 205 208 624 202 208 625 195 208 626 178 209 627 179 209 628 167 209 629 178 210 630 167 210 631 170 210 632 179 211 633 176 211 634 173 211 635 179 212 636 173 212 637 167 212 638 207 213 639 204 213 640 202 213 641 207 214 642 202 214 643 209 214 644 208 215 645 209 215 646 202 215 647 178 216 648 170 216 649 175 216 650 178 217 651 175 217 652 177 217 653 200 218 654 204 218 655 207 218 656 200 219 657 207 219 658 206 219 659 188 220 660 192 220 661 176 220 662 188 221 663 176 221 664 179 221 665 190 222 666 188 222 667 179 222 668 190 223 669 179 223 670 178 223 671 173 224 672 176 224 673 177 224 674 173 225 675 177 225 676 175 225 677 190 226 678 178 226 679 177 226 680 190 227 681 177 227 682 192 227 683 195 228 684 200 228 685 206 228 686 195 229 687 206 229 688 205 229 689 218 230 690 222 230 691 208 230 692 218 231 693 208 231 694 205 231 695 220 232 696 207 232 697 209 232 698 220 233 699 209 233 700 208 233 701 220 234 702 208 234 703 222 234 704 261 235 705 238 235 706 247 235 707 241 236 708 252 236 709 232 236 710 234 237 711 232 237 712 252 237 713 238 238 714 239 238 715 263 238 716 250 239 717 249 239 718 236 239 719 236 240 720 249 240 721 238 240 722 236 241 723 238 241 724 263 241 725 240 242 726 242 242 727 264 242 728 264 243 729 242 243 730 233 243 731 235 244 732 253 244 733 237 244 734 237 245 735 253 245 736 251 245 737 252 246 738 254 246 739 234 246 740 232 247 741 243 247 742 241 247 743 249 248 744 258 248 745 260 248 746 258 249 747 249 249 748 250 249 749 252 250 750 244 250 751 255 250 752 244 251 753 252 251 754 241 251 755 242 252 756 248 252 757 245 252 758 248 253 759 242 253 760 240 253 761 251 254 762 256 254 763 259 254 764 256 255 765 251 255 766 253 255 767 254 256 768 255 256 769 257 256 770 255 257 771 254 257 772 252 257 773 241 258 774 246 258 775 244 258 776 246 259 777 241 259 778 243 259 779 260 260 780 247 260 781 238 260 782 260 261 783 238 261 784 249 261 785 239 262 786 238 262 787 261 262 788 240 263 789 262 263 790 248 263 791</p>
        </triangles>
        <triangles material="spearman-sue-material" count="321">
          <input semantic="VERTEX" source="#clipeus_001-mesh-vertices" offset="0"/>
          <input semantic="NORMAL" source="#clipeus_001-mesh-normals" offset="1"/>
          <input semantic="TEXCOORD" source="#clipeus_001-mesh-map-0" offset="2" set="0"/>
          <p>265 264 792 269 264 793 273 264 794 265 265 795 273 265 796 271 265 797 271 266 798 273 266 799 274 266 800 274 267 801 278 267 802 276 267 803 276 268 804 278 268 805 283 268 806 276 269 807 283 269 808 279 269 809 280 270 810 284 270 811 287 270 812 280 271 813 287 271 814 285 271 815 285 272 816 287 272 817 288 272 818 288 273 819 292 273 820 290 273 821 290 274 822 292 274 823 270 274 824 290 275 825 270 275 826 266 275 827 304 276 828 293 276 829 294 276 830 295 277 831 296 277 832 297 277 833 297 278 834 298 278 835 299 278 836 302 279 837 304 279 838 294 279 839 302 280 840 294 280 841 300 280 842 302 281 843 303 281 844 304 281 845 301 282 846 295 282 847 297 282 848 301 283 849 297 283 850 299 283 851 269 284 852 294 284 853 293 284 854 269 285 855 293 285 856 273 285 857 292 286 858 296 286 859 295 286 860 292 287 861 295 287 862 270 287 863 288 288 864 297 288 865 296 288 866 288 289 867 296 289 868 292 289 869 288 290 870 298 290 871 297 290 872 287 291 873 299 291 874 298 291 875 287 292 876 298 292 877 288 292 878 284 293 879 301 293 880 299 293 881 284 294 882 299 294 883 287 294 884 278 295 885 302 295 886 300 295 887 278 296 888 300 296 889 283 296 890 274 297 891 303 297 892 302 297 893 274 298 894 302 298 895 278 298 896 274 299 897 304 299 898 303 299 899 273 300 900 293 300 901 304 300 902 273 301 903 304 301 904 274 301 905 281 302 906 286 302 907 289 302 908 289 303 909 291 303 910 267 303 911 289 304 912 267 304 913 281 304 914 282 305 915 268 305 916 272 305 917 272 306 918 275 306 919 277 306 920 272 307 921 277 307 922 282 307 923 305 308 924 306 308 925 307 308 926 305 309 927 307 309 928 309 309 929 311 310 930 312 310 931 313 310 932 311 311 933 313 311 934 315 311 935 317 312 936 318 312 937 319 312 938 320 313 939 322 313 940 323 313 941 320 314 942 323 314 943 325 314 944 329 315 945 330 315 946 331 315 947 329 316 948 331 316 949 333 316 950 335 317 951 336 317 952 337 317 953 339 318 954 340 318 955 341 318 956 339 319 957 341 319 958 344 319 959 346 320 960 347 320 961 348 320 962 349 321 963 350 321 964 351 321 965 349 322 966 351 322 967 353 322 968 336 323 969 335 323 970 355 323 971 356 324 972 357 324 973 358 324 974 350 325 975 359 325 976 360 325 977 350 326 978 360 326 979 351 326 980 362 327 981 329 327 982 333 327 983 362 328 984 333 328 985 363 328 986 365 329 987 366 329 988 367 329 989 368 330 990 366 330 991 365 330 992 369 331 993 355 331 994 370 331 995 371 332 996 372 332 997 373 332 998 371 333 999 373 333 1000 375 333 1001 377 334 1002 378 334 1003 379 334 1004 381 335 1005 382 335 1006 383 335 1007 381 336 1008 383 336 1009 385 336 1010 387 337 1011 388 337 1012 389 337 1013 390 338 1014 391 338 1015 392 338 1016 390 339 1017 392 339 1018 394 339 1019 306 340 1020 396 340 1021 397 340 1022 306 341 1023 397 341 1024 307 341 1025 399 342 1026 400 342 1027 401 342 1028 338 343 1029 402 343 1030 403 343 1031 399 344 1032 401 344 1033 404 344 1034 359 345 1035 321 345 1036 326 345 1037 359 346 1038 326 346 1039 360 346 1040 405 347 1041 406 347 1042 407 347 1043 322 348 1044 408 348 1045 409 348 1046 322 349 1047 409 349 1048 323 349 1049 411 350 1050 413 350 1051 414 350 1052 415 351 1053 416 351 1054 417 351 1055 408 352 1056 311 352 1057 315 352 1058 408 353 1059 315 353 1060 409 353 1061 340 354 1062 418 354 1063 419 354 1064 340 355 1065 419 355 1066 341 355 1067 405 356 1068 407 356 1069 422 356 1070 423 357 1071 425 357 1072 426 357 1073 423 358 1074 426 358 1075 428 358 1076 432 359 1077 433 359 1078 434 359 1079 435 360 1080 436 360 1081 437 360 1082 416 361 1083 415 361 1084 438 361 1085 318 362 1086 317 362 1087 439 362 1088 440 363 1089 441 363 1090 442 363 1091 443 364 1092 319 364 1093 406 364 1094 444 365 1095 445 365 1096 402 365 1097 446 366 1098 346 366 1099 447 366 1100 412 367 1101 448 367 1102 449 367 1103 450 368 1104 452 368 1105 453 368 1106 453 369 1107 454 369 1108 450 369 1109 452 370 1110 456 370 1111 457 370 1112 457 371 1113 453 371 1114 452 371 1115 458 372 1116 457 372 1117 456 372 1118 456 373 1119 459 373 1120 458 373 1121 459 374 1122 460 374 1123 461 374 1124 461 375 1125 458 375 1126 459 375 1127 462 376 1128 463 376 1129 464 376 1130 464 377 1131 465 377 1132 462 377 1133 463 378 1134 466 378 1135 467 378 1136 467 379 1137 464 379 1138 463 379 1139 468 380 1140 469 380 1141 470 380 1142 466 381 1143 468 381 1144 470 381 1145 466 382 1146 470 382 1147 467 382 1148 469 383 1149 471 383 1150 472 383 1151 472 384 1152 470 384 1153 469 384 1154 471 385 1155 473 385 1156 475 385 1157 475 386 1158 472 386 1159 471 386 1160 474 387 1161 477 387 1162 478 387 1163 478 388 1164 476 388 1165 474 388 1166 477 389 1167 479 389 1168 480 389 1169 480 390 1170 478 390 1171 477 390 1172 479 391 1173 481 391 1174 482 391 1175 482 392 1176 480 392 1177 479 392 1178 481 393 1179 483 393 1180 484 393 1181 484 394 1182 482 394 1183 481 394 1184 485 395 1185 486 395 1186 487 395 1187 487 396 1188 488 396 1189 485 396 1190 486 397 1191 489 397 1192 490 397 1193 490 398 1194 487 398 1195 486 398 1196 489 399 1197 491 399 1198 492 399 1199 492 400 1200 490 400 1201 489 400 1202 491 401 1203 493 401 1204 494 401 1205 494 402 1206 492 402 1207 491 402 1208 493 403 1209 451 403 1210 455 403 1211 455 404 1212 494 404 1213 493 404 1214 495 405 1215 498 405 1216 499 405 1217 500 406 1218 502 406 1219 503 406 1220 503 407 1221 504 407 1222 505 407 1223 500 408 1224 503 408 1225 505 408 1226 505 409 1227 506 409 1228 507 409 1229 507 342 1230 508 342 1231 509 342 1232 505 410 1233 507 410 1234 509 410 1235 500 411 1236 505 411 1237 509 411 1238 510 412 1239 512 412 1240 513 412 1241 513 413 1242 514 413 1243 515 413 1244 510 414 1245 513 414 1246 515 414 1247 501 415 1248 511 415 1249 516 415 1250 515 416 1251 517 416 1252 518 416 1253 501 417 1254 516 417 1255 519 417 1256 496 418 1257 501 418 1258 519 418 1259 520 419 1260 497 419 1261 518 419 1262 521 420 1263 522 420 1264 523 420 1265 523 421 1266 524 421 1267 525 421 1268 525 422 1269 526 422 1270 527 422 1271 523 423 1272 525 423 1273 527 423 1274 528 424 1275 530 424 1276 531 424 1277 528 425 1278 531 425 1279 532 425 1280 532 426 1281 533 426 1282 534 426 1283 534 427 1284 535 427 1285 536 427 1286 532 428 1287 534 428 1288 536 428 1289 528 429 1290 532 429 1291 536 429 1292 536 430 1293 538 430 1294 539 430 1295 540 431 1296 542 431 1297 543 431 1298 537 432 1299 541 432 1300 544 432 1301 529 433 1302 537 433 1303 544 433 1304 523 434 1305 527 434 1306 543 434 1307 521 435 1308 523 435 1309 543 435 1310 521 436 1311 543 436 1312 545 436 1313 395 437 1314 393 437 1315 546 437 1316 395 438 1317 546 438 1318 547 438 1319 393 439 1320 548 439 1321 550 439 1322 393 440 1323 550 440 1324 546 440 1325 352 441 1326 361 441 1327 551 441 1328 352 442 1329 551 442 1330 552 442 1331 334 443 1332 332 443 1333 553 443 1334 334 444 1335 553 444 1336 554 444 1337 342 445 1338 420 445 1339 555 445 1340 342 446 1341 555 446 1342 556 446 1343 558 447 1344 561 447 1345 563 447 1346 558 448 1347 563 448 1348 564 448 1349 354 449 1350 352 449 1351 552 449 1352 354 450 1353 552 450 1354 566 450 1355 327 451 1356 324 451 1357 567 451 1358 327 452 1359 567 452 1360 568 452 1361 570 453 1362 430 453 1363 572 453 1364 570 454 1365 572 454 1366 574 454 1367 308 455 1368 398 455 1369 575 455 1370 308 456 1371 575 456 1372 576 456 1373 421 457 1374 310 457 1375 577 457 1376 420 458 1377 578 458 1378 555 458 1379 384 459 1380 570 459 1381 574 459 1382 384 460 1383 574 460 1384 579 460 1385 324 461 1386 410 461 1387 580 461 1388 324 462 1389 580 462 1390 567 462 1391 581 463 1392 376 463 1393 583 463 1394 581 464 1395 583 464 1396 584 464 1397 310 465 1398 308 465 1399 576 465 1400 310 466 1401 576 466 1402 577 466 1403 427 467 1404 364 467 1405 585 467 1406 427 468 1407 585 468 1408 586 468 1409 345 469 1410 343 469 1411 557 469 1412 345 470 1413 557 470 1414 587 470 1415 391 471 1416 588 471 1417 549 471 1418 391 472 1419 549 472 1420 392 472 1421 435 473 1422 444 473 1423 436 473 1424 348 474 1425 347 474 1426 589 474 1427 588 475 1428 339 475 1429 344 475 1430 588 476 1431 344 476 1432 549 476 1433 382 477 1434 590 477 1435 571 477 1436 382 478 1437 571 478 1438 383 478 1439 591 479 1440 592 479 1441 593 479 1442 594 480 1443 441 480 1444 595 480 1445 418 481 1446 305 481 1447 309 481 1448 418 482 1449 309 482 1450 419 482 1451 596 483 1452 371 483 1453 375 483 1454 596 484 1455 375 484 1456 582 484 1457 372 485 1458 597 485 1459 559 485 1460 372 486 1461 559 486 1462 373 486 1463 357 487 1464 369 487 1465 598 487 1466 330 488 1467 390 488 1468 394 488 1469 330 489 1470 394 489 1471 331 489 1472 396 490 1473 349 490 1474 353 490 1475 396 491 1476 353 491 1477 397 491 1478 425 492 1479 362 492 1480 363 492 1481 425 493 1482 363 493 1483 426 493 1484 590 494 1485 424 494 1486 429 494 1487 590 495 1488 429 495 1489 571 495 1490 597 496 1491 599 496 1492 562 496 1493 597 497 1494 562 497 1495 559 497 1496 380 498 1497 439 498 1498 317 498 1499 312 499 1500 596 499 1501 582 499 1502 312 500 1503 582 500 1504 313 500 1505 599 501 1506 381 501 1507 385 501 1508 599 502 1509 385 502 1510 562 502 1511 591 503 1512 600 503 1513 592 503 1514 601 504 1515 602 504 1516 603 504 1517 405 505 1518 422 505 1519 433 505 1520 431 506 1521 427 506 1522 586 506 1523 431 507 1524 586 507 1525 573 507 1526 332 508 1527 395 508 1528 547 508 1529 332 509 1530 547 509 1531 553 509 1532 548 510 1533 345 510 1534 587 510 1535 548 511 1536 587 511 1537 550 511 1538 561 512 1539 386 512 1540 604 512 1541 561 513 1542 604 513 1543 563 513 1544 398 514 1545 354 514 1546 566 514 1547 398 515 1548 566 515 1549 575 515 1550 364 516 1551 334 516 1552 554 516 1553 364 517 1554 554 517 1555 585 517 1556 386 518 1557 384 518 1558 579 518 1559 386 519 1560 579 519 1561 604 519 1562 361 520 1563 328 520 1564 569 520 1565 361 521 1566 569 521 1567 551 521 1568 376 522 1569 374 522 1570 605 522 1571 376 523 1572 605 523 1573 583 523 1574 314 524 1575 581 524 1576 584 524 1577 314 525 1578 584 525 1579 606 525 1580 316 526 1581 314 526 1582 606 526 1583 316 527 1584 606 527 1585 607 527 1586 410 528 1587 316 528 1588 607 528 1589 410 529 1590 607 529 1591 580 529 1592 374 530 1593 560 530 1594 565 530 1595 374 531 1596 565 531 1597 605 531 1598 615 532 1599 618 532 1600 619 532 1601 615 533 1602 619 533 1603 616 533 1604 608 534 1605 611 534 1606 612 534 1607 608 535 1608 612 535 1609 610 535 1610 616 536 1611 619 536 1612 617 536 1613 616 537 1614 617 537 1615 614 537 1616 612 538 1617 613 538 1618 609 538 1619 612 539 1620 609 539 1621 610 539 1622 622 540 1623 623 540 1624 624 540 1625 622 541 1626 625 541 1627 621 541 1628 620 542 1629 625 542 1630 622 542 1631 631 543 1632 632 543 1633 633 543 1634 631 544 1635 633 544 1636 630 544 1637 629 545 1638 634 545 1639 635 545 1640 629 546 1641 635 546 1642 631 546 1643 636 547 1644 631 547 1645 630 547 1646 636 548 1647 629 548 1648 631 548 1649 635 549 1650 632 549 1651 631 549 1652 627 550 1653 623 550 1654 622 550 1655 627 551 1656 622 551 1657 621 551 1658 633 552 1659 637 552 1660 630 552 1661 628 553 1662 627 553 1663 621 553 1664 620 554 1665 624 554 1666 626 554 1667 624 555 1668 620 555 1669 622 555 1670 642 556 1671 643 556 1672 639 556 1673 638 557 1674 644 557 1675 643 557 1676 638 558 1677 643 558 1678 642 558 1679 640 559 1680 642 559 1681 639 559 1682 640 560 1683 638 560 1684 642 560 1685 639 561 1686 644 561 1687 641 561 1688 638 562 1689 641 562 1690 644 562 1691 643 563 1692 644 563 1693 639 563 1694 654 564 1695 647 564 1696 652 564 1697 645 565 1698 648 565 1699 654 565 1700 645 566 1701 650 566 1702 648 566 1703 649 567 1704 648 567 1705 650 567 1706 652 568 1707 647 568 1708 650 568 1709 647 569 1710 649 569 1711 650 569 1712 645 570 1713 654 570 1714 652 570 1715 653 571 1716 651 571 1717 660 571 1718 653 572 1719 660 572 1720 658 572 1721 646 573 1722 653 573 1723 658 573 1724 646 574 1725 658 574 1726 656 574 1727 651 575 1728 646 575 1729 656 575 1730 651 576 1731 656 576 1732 660 576 1733 663 577 1734 655 577 1735 662 577 1736 661 578 1737 657 578 1738 662 578 1739 661 579 1740 662 579 1741 655 579 1742 657 580 1743 659 580 1744 663 580 1745 657 581 1746 663 581 1747 662 581 1748 659 582 1749 661 582 1750 655 582 1751 659 583 1752 655 583 1753 663 583 1754</p>
        </triangles>
      </mesh>
    </geometry>
  </library_geometries>
  <library_controllers>
    <controller id="machairophoros_argyraspis_Skin_clipeus_cheque-skin" name="machairophoros_argyraspis_Skin">
      <skin source="#clipeus_001-mesh">
        <bind_shape_matrix>1 0 0 0 0 1 0 0 0 0 1 0 0 0 0 1</bind_shape_matrix>
        <source id="machairophoros_argyraspis_Skin_clipeus_cheque-skin-joints">
          <Name_array id="machairophoros_argyraspis_Skin_clipeus_cheque-skin-joints-array" count="34">root pelvis femurleft butt-l knee-l-top knee-l-bopttom ankle_left foot_left01 femurright butt-r knee-r-top knee-r-bopttom ankleright foot_right01 lumbar rib scapula ulna carpal ammo_node_1 scapula01 ulna01 smoke_node_1 ammo_node_0 neck carpal_right skull nogginbottom plumes skulltop smoke_node_0 cloaktop cloak cloakbottom</Name_array>
          <technique_common>
            <accessor source="#machairophoros_argyraspis_Skin_clipeus_cheque-skin-joints-array" count="34" stride="1">
              <param name="JOINT" type="name"/>
            </accessor>
          </technique_common>
        </source>
        <source id="machairophoros_argyraspis_Skin_clipeus_cheque-skin-bind_poses">
          <float_array id="machairophoros_argyraspis_Skin_clipeus_cheque-skin-bind_poses-array" count="544">1 0 0 0 0 -1.19209e-7 1 -2.154822 0 -1 -1.34359e-7 1.88312e-7 0 0 0 1 1 0 0 -2.88205e-4 0 0 1 -1.989969 0 -1 0 0.05965083 0 0 0 1 1 0 0 -0.2295659 0 0 1 -1.980151 0 -1 0 0 0 0 0 1 1 0 0 -0.2300334 0 -5.28991e-7 1 -1.881625 0 -1 -5.43892e-7 0.2278663 0 0 0 1 1 0 0 -0.2579528 0 0 1 -1.492427 0 -1 0 -0.3577119 0 0 0 1 1 0 0 -0.2616621 0 -1.93715e-7 1 -1.243225 0 -1 -2.06754e-7 0.03760045 0 0 0 1 1 -7.56445e-7 2.95136e-7 -0.2703902 0 -0.368721 -0.9295402 0.1499912 8.11968e-7 0.9295393 -0.3687209 -0.04846733 0 0 0 1 1 -4.13989e-7 1.89144e-5 -0.2703908 0 -0.9997598 -0.02188259 -0.2401509 1.89189e-5 0.02188223 -0.9997606 0.02883023 0 0 0 1 1 0 0 0.2313526 0 0 1 -1.980151 0 -1 0 0 0 0 0 1 1 0 0 0.2346149 0 -6.78003e-7 1 -1.884255 0 -1 -6.92904e-7 0.2262768 0 0 0 1 1 0 0 0.1784679 0 -6.78003e-7 1 -1.491813 0 -1 -6.85453e-7 -0.3589497 0 0 0 1 1 0 0 0.2454932 0 0 1 -1.243115 0 -1 0 0.03760027 0 0 0 1 1 -6.97956e-7 2.76041e-7 0.2586691 0 -0.3687222 -0.9295397 0.1530216 7.50561e-7 0.9295418 -0.3687222 -0.04726493 0 0 0 1 1 -3.9415e-7 1.80073e-5 0.2586686 0 -0.9997624 -0.02188241 -0.2400802 1.80116e-5 0.02188307 -0.9997607 0.03209942 0 0 0 1 1 0 0 -0.004826366 0 0 1 -2.179733 0 -1 0 0.1130514 0 0 0 1 1 0 0 0.007960081 0 0 1 -2.884791 0 -1 0 -1.77204e-7 0 0 0 1 0.240509 0 0.9706468 -3.136584 -0.9706469 0 0.240509 -0.3544433 0 -1 0 0 0 0 0 1 0.240509 0 0.9706469 -3.260323 -0.9706469 0 0.240509 0.244913 0 -1 0 0 0 0 0 1 0.2405073 -1.48478e-7 0.9706474 -3.363632 -0.9706473 -2.40491e-7 0.2405074 0.8203229 1.99303e-7 -1 -2.16067e-7 -0.07377809 0 0 0 1 0.2405175 2.79024e-7 0.9706449 -3.54032 -0.001865506 -0.9999982 4.62532e-4 0.001123011 0.9706431 -0.001921951 -0.2405168 -0.584941 0 0 0 1 0.2227732 0 -0.9748702 3.151634 0.9748703 0 0.2227732 -0.2573357 0 -1 0 -3.90842e-7 0 0 0 1 0.2227731 0 -0.9748703 3.263636 0.9748703 0 0.2227731 0.3420212 0 -1 0 -3.79928e-7 0 0 0 1 0.2229656 -9.19525e-7 -0.9748263 3.375494 -0.006623327 -0.9999769 -0.001513957 -0.05561596 -0.9748038 0.006794095 -0.2229604 -1.05455 0 0 0 1 0.2227587 0 -0.9748736 3.372651 0.9748736 1.36538e-7 0.2227585 1.11086 0 -0.9999999 0 -1.617805 0 0 0 1 1 0 0 0.02165722 0 0 1 -3.354291 0 -1 -1.23112e-7 1.70677e-7 0 0 0 1 0.2227732 0 -0.9748703 3.40138 0.9748702 0 0.2227733 0.8731563 0 -1 0 -5.23008e-7 0 0 0 1 1 0 0 0.02895486 0 0 1 -3.806293 0 -1 0 0 0 0 0 1 1 2.74129e-7 0 0.02715581 0 0.04181426 0.9991254 -3.880911 2.74333e-7 -0.9991254 0.04181426 -0.4448755 0 0 0 1 1 3.4571e-7 0 0.03132402 0 0.02110123 0.9997774 -3.98341 3.45765e-7 -0.9997773 0.02110123 -0.2703227 0 0 0 1 1 0 0 0.03312313 0 0 1 -4.176582 0 -1 0 0 0 0 0 1 1 -6.32287e-6 -1.10455e-6 0.01514452 -6.32287e-6 -1 0 -0.243021 -1.10467e-6 0 -1 3.446479 0 0 0 1 1 0 0 -0.001975059 0 -1.93715e-7 1 -3.236083 0 -1 -2.08616e-7 0.198127 0 0 0 1 1 0 0 -0.006513178 0 0 1 -2.377002 0 -1 0 0.4338245 0 0 0 1 1 0 0 0.02082639 0 0 1 -1.545783 0 -1 0 0.5515337 0 0 0 1</float_array>
          <technique_common>
            <accessor source="#machairophoros_argyraspis_Skin_clipeus_cheque-skin-bind_poses-array" count="34" stride="16">
              <param name="TRANSFORM" type="float4x4"/>
            </accessor>
          </technique_common>
        </source>
        <source id="machairophoros_argyraspis_Skin_clipeus_cheque-skin-weights">
          <float_array id="machairophoros_argyraspis_Skin_clipeus_cheque-skin-weights-array" count="664">1 1 1 1 1 1 1 1 1 1 1 1 1 1 1 1 1 1 1 1 1 1 1 1 1 1 1 1 1 1 1 1 1 1 1 1 1 1 1 1 1 1 1 1 1 1 1 1 1 1 1 1 1 1 1 1 1 1 1 1 1 1 1 1 1 1 1 1 1 1 1 1 1 1 1 1 1 1 1 1 1 1 1 1 1 1 1 1 1 1 1 1 1 1 1 1 1 1 1 1 1 1 1 1 1 1 1 1 1 1 1 1 1 1 1 1 1 1 1 1 1 1 1 1 1 1 1 1 1 1 1 1 1 1 1 1 1 1 1 1 1 1 1 1 1 1 1 1 1 1 1 1 1 1 1 1 1 1 1 1 1 1 1 1 1 1 1 1 1 1 1 1 1 1 1 1 1 1 1 1 1 1 1 1 1 1 1 1 1 1 1 1 1 1 1 1 1 1 1 1 1 1 1 1 1 1 1 1 1 1 1 1 1 1 1 1 1 1 1 1 1 1 1 1 1 1 1 1 1 1 1 1 1 1 1 1 1 1 1 1 1 1 1 1 1 1 1 1 1 1 1 1 1 1 1 1 1 1 1 1 1 1 1 1 1 1 1 1 1 1 1 1 1 1 1 1 1 1 1 1 1 1 1 1 1 1 1 1 1 1 1 1 1 1 1 1 1 1 1 1 1 1 1 1 1 1 1 1 1 1 1 1 1 1 1 1 1 1 1 1 1 1 1 1 1 1 1 1 1 1 1 1 1 1 1 1 1 1 1 1 1 1 1 1 1 1 1 1 1 1 1 1 1 1 1 1 1 1 1 1 1 1 1 1 1 1 1 1 1 1 1 1 1 1 1 1 1 1 1 1 1 1 1 1 1 1 1 1 1 1 1 1 1 1 1 1 1 1 1 1 1 1 1 1 1 1 1 1 1 1 1 1 1 1 1 1 1 1 1 1 1 1 1 1 1 1 1 1 1 1 1 1 1 1 1 1 1 1 1 1 1 1 1 1 1 1 1 1 1 1 1 1 1 1 1 1 1 1 1 1 1 1 1 1 1 1 1 1 1 1 1 1 1 1 1 1 1 1 1 1 1 1 1 1 1 1 1 1 1 1 1 1 1 1 1 1 1 1 1 1 1 1 1 1 1 1 1 1 1 1 1 1 1 1 1 1 1 1 1 1 1 1 1 1 1 1 1 1 1 1 1 1 1 1 1 1 1 1 1 1 1 1 1 1 1 1 1 1 1 1 1 1 1 1 1 1 1 1 1 1 1 1 1 1 1 1 1 1 1 1 1 1 1 1 1 1 1 1 1 1 1 1 1 1 1 1 1 1 1 1 1 1 1 1 1 1 1 1 1 1 1 1 1 1 1 1 1 1 1 1 1 1 1 1 1 1 1 1 1 1 1 1 1 1 1 1 1 1 1 1 1 1 1 1 1 1 1 1 1 1 1 1 1 1 1 1 1 1 1 1 1 1 1 1 1 1 1 1 1 1 1 1 1 1</float_array>
          <technique_common>
            <accessor source="#machairophoros_argyraspis_Skin_clipeus_cheque-skin-weights-array" count="664" stride="1">
              <param name="WEIGHT" type="float"/>
            </accessor>
          </technique_common>
        </source>
        <joints>
          <input semantic="JOINT" source="#machairophoros_argyraspis_Skin_clipeus_cheque-skin-joints"/>
          <input semantic="INV_BIND_MATRIX" source="#machairophoros_argyraspis_Skin_clipeus_cheque-skin-bind_poses"/>
        </joints>
        <vertex_weights count="664">
          <input semantic="JOINT" source="#machairophoros_argyraspis_Skin_clipeus_cheque-skin-joints" offset="0"/>
          <input semantic="WEIGHT" source="#machairophoros_argyraspis_Skin_clipeus_cheque-skin-weights" offset="1"/>
          <vcount>1 1 1 1 1 1 1 1 1 1 1 1 1 1 1 1 1 1 1 1 1 1 1 1 1 1 1 1 1 1 1 1 1 1 1 1 1 1 1 1 1 1 1 1 1 1 1 1 1 1 1 1 1 1 1 1 1 1 1 1 1 1 1 1 1 1 1 1 1 1 1 1 1 1 1 1 1 1 1 1 1 1 1 1 1 1 1 1 1 1 1 1 1 1 1 1 1 1 1 1 1 1 1 1 1 1 1 1 1 1 1 1 1 1 1 1 1 1 1 1 1 1 1 1 1 1 1 1 1 1 1 1 1 1 1 1 1 1 1 1 1 1 1 1 1 1 1 1 1 1 1 1 1 1 1 1 1 1 1 1 1 1 1 1 1 1 1 1 1 1 1 1 1 1 1 1 1 1 1 1 1 1 1 1 1 1 1 1 1 1 1 1 1 1 1 1 1 1 1 1 1 1 1 1 1 1 1 1 1 1 1 1 1 1 1 1 1 1 1 1 1 1 1 1 1 1 1 1 1 1 1 1 1 1 1 1 1 1 1 1 1 1 1 1 1 1 1 1 1 1 1 1 1 1 1 1 1 1 1 1 1 1 1 1 1 1 1 1 1 1 1 1 1 1 1 1 1 1 1 1 1 1 1 1 1 1 1 1 1 1 1 1 1 1 1 1 1 1 1 1 1 1 1 1 1 1 1 1 1 1 1 1 1 1 1 1 1 1 1 1 1 1 1 1 1 1 1 1 1 1 1 1 1 1 1 1 1 1 1 1 1 1 1 1 1 1 1 1 1 1 1 1 1 1 1 1 1 1 1 1 1 1 1 1 1 1 1 1 1 1 1 1 1 1 1 1 1 1 1 1 1 1 1 1 1 1 1 1 1 1 1 1 1 1 1 1 1 1 1 1 1 1 1 1 1 1 1 1 1 1 1 1 1 1 1 1 1 1 1 1 1 1 1 1 1 1 1 1 1 1 1 1 1 1 1 1 1 1 1 1 1 1 1 1 1 1 1 1 1 1 1 1 1 1 1 1 1 1 1 1 1 1 1 1 1 1 1 1 1 1 1 1 1 1 1 1 1 1 1 1 1 1 1 1 1 1 1 1 1 1 1 1 1 1 1 1 1 1 1 1 1 1 1 1 1 1 1 1 1 1 1 1 1 1 1 1 1 1 1 1 1 1 1 1 1 1 1 1 1 1 1 1 1 1 1 1 1 1 1 1 1 1 1 1 1 1 1 1 1 1 1 1 1 1 1 1 1 1 1 1 1 1 1 1 1 1 1 1 1 1 1 1 1 1 1 1 1 1 1 1 1 1 1 1 1 1 1 1 1 1 1 1 1 1 1 1 1 1 1 1 1 1 1 1 1 1 1 1 1 1 1 1 1 1 1 1 1 1 1 1 1 1 1 1 1 1 1 1 1 1 1 1 1 1 1 1 1 1 1 1 1 1 1 1 1 1 1 1 1 1 1 1 1 1 1 1 1 1 1 1 1 1 1 1 </vcount>
          <v>24 0 24 1 24 2 24 3 24 4 24 5 24 6 24 7 24 8 24 9 24 10 24 11 24 12 24 13 24 14 24 15 24 16 24 17 24 18 24 19 24 20 24 21 24 22 24 23 24 24 24 25 24 26 24 27 24 28 24 29 24 30 24 31 24 32 24 33 24 34 24 35 24 36 24 37 24 38 24 39 24 40 24 41 24 42 24 43 24 44 24 45 1 46 1 47 1 48 1 49 1 50 1 51 1 52 1 53 1 54 1 55 1 56 1 57 15 58 15 59 15 60 15 61 15 62 15 63 15 64 15 65 15 66 15 67 5 68 6 69 6 70 5 71 5 72 5 73 5 74 5 75 7 76 5 77 7 78 5 79 7 80 7 81 7 82 7 83 7 84 7 85 7 86 7 87 11 88 12 89 12 90 11 91 11 92 11 93 11 94 11 95 13 96 11 97 13 98 11 99 13 100 13 101 13 102 13 103 13 104 13 105 13 106 13 107 1 108 1 109 1 110 1 111 15 112 15 113 15 114 15 115 5 116 2 117 5 118 2 119 2 120 5 121 2 122 11 123 8 124 11 125 8 126 8 127 11 128 8 129 15 130 15 131 15 132 15 133 15 134 15 135 15 136 15 137 15 138 15 139 15 140 15 141 15 142 15 143 15 144 15 145 15 146 15 147 15 148 15 149 15 150 15 151 15 152 15 153 15 154 15 155 15 156 15 157 15 158 15 159 15 160 15 161 15 162 16 163 16 164 16 165 16 166 16 167 16 168 17 169 17 170 17 171 17 172 17 173 17 174 17 175 17 176 17 177 17 178 16 179 17 180 17 181 17 182 17 183 17 184 17 185 17 186 17 187 17 188 17 189 17 190 17 191 17 192 20 193 20 194 20 195 20 196 20 197 20 198 21 199 21 200 21 201 21 202 21 203 21 204 20 205 21 206 21 207 21 208 21 209 21 210 21 211 21 212 21 213 21 214 21 215 21 216 21 217 21 218 21 219 21 220 21 221 21 222 15 223 15 224 15 225 15 226 15 227 15 228 15 229 15 230 15 231 1 232 1 233 1 234 1 235 1 236 1 237 2 238 2 239 2 240 3 241 2 242 2 243 3 244 3 245 3 246 2 247 2 248 8 249 8 250 8 251 9 252 8 253 8 254 9 255 9 256 9 257 8 258 8 259 8 260 2 261 2 262 1 263 1 264 17 265 17 266 17 267 17 268 17 269 17 270 17 271 17 272 17 273 17 274 17 275 17 276 17 277 17 278 17 279 17 280 17 281 17 282 17 283 17 284 17 285 17 286 17 287 17 288 17 289 17 290 17 291 17 292 17 293 17 294 17 295 17 296 17 297 17 298 17 299 17 300 17 301 17 302 17 303 17 304 24 305 24 306 24 307 24 308 24 309 24 310 24 311 24 312 24 313 24 314 24 315 24 316 24 317 24 318 24 319 24 320 24 321 24 322 24 323 24 324 24 325 24 326 24 327 24 328 24 329 24 330 24 331 24 332 24 333 24 334 24 335 24 336 24 337 24 338 24 339 24 340 24 341 24 342 24 343 24 344 24 345 24 346 24 347 24 348 24 349 24 350 24 351 24 352 24 353 24 354 24 355 24 356 24 357 24 358 24 359 24 360 24 361 24 362 24 363 24 364 24 365 24 366 24 367 24 368 24 369 24 370 24 371 24 372 24 373 24 374 24 375 24 376 24 377 24 378 24 379 24 380 24 381 24 382 24 383 24 384 24 385 24 386 24 387 24 388 24 389 24 390 24 391 24 392 24 393 24 394 24 395 24 396 24 397 24 398 24 399 24 400 24 401 24 402 24 403 24 404 24 405 24 406 24 407 24 408 24 409 24 410 24 411 24 412 24 413 24 414 24 415 24 416 24 417 24 418 24 419 24 420 24 421 24 422 24 423 24 424 24 425 24 426 24 427 24 428 24 429 24 430 24 431 24 432 24 433 24 434 24 435 24 436 24 437 24 438 24 439 24 440 24 441 24 442 24 443 24 444 24 445 24 446 24 447 24 448 24 449 24 450 24 451 24 452 24 453 24 454 24 455 24 456 24 457 24 458 24 459 24 460 24 461 24 462 24 463 24 464 24 465 24 466 24 467 24 468 24 469 24 470 24 471 24 472 24 473 24 474 24 475 24 476 24 477 24 478 24 479 24 480 24 481 24 482 24 483 24 484 24 485 24 486 24 487 24 488 24 489 24 490 24 491 24 492 24 493 24 494 24 495 24 496 24 497 24 498 24 499 24 500 24 501 24 502 24 503 24 504 24 505 24 506 24 507 24 508 24 509 24 510 24 511 24 512 24 513 24 514 24 515 24 516 24 517 24 518 24 519 24 520 24 521 24 522 24 523 24 524 24 525 24 526 24 527 24 528 24 529 24 530 24 531 24 532 24 533 24 534 24 535 24 536 24 537 24 538 24 539 24 540 24 541 24 542 24 543 24 544 24 545 24 546 24 547 24 548 24 549 24 550 24 551 24 552 24 553 24 554 24 555 24 556 24 557 24 558 24 559 24 560 24 561 24 562 24 563 24 564 24 565 24 566 24 567 24 568 24 569 24 570 24 571 24 572 24 573 24 574 24 575 24 576 24 577 24 578 24 579 24 580 24 581 24 582 24 583 24 584 24 585 24 586 24 587 24 588 24 589 24 590 24 591 24 592 24 593 24 594 24 595 24 596 24 597 24 598 24 599 24 600 24 601 24 602 24 603 24 604 24 605 24 606 24 607 5 608 5 609 2 610 5 611 5 612 5 613 11 614 11 615 8 616 11 617 11 618 11 619 5 620 5 621 5 622 5 623 5 624 2 625 5 626 5 627 5 628 11 629 11 630 11 631 11 632 11 633 11 634 11 635 8 636 11 637 22 638 22 639 22 640 22 641 22 642 22 643 22 644 22 645 22 646 22 647 22 648 22 649 22 650 22 651 22 652 22 653 22 654 22 655 22 656 22 657 22 658 22 659 22 660 22 661 22 662 22 663</v>
        </vertex_weights>
      </skin>
    </controller>
  </library_controllers>
  <library_visual_scenes>
    <visual_scene id="Scene" name="Scene">
      <node id="Camera" name="Camera" type="NODE">
        <matrix sid="transform">0.6859207 -0.3240135 0.6515582 7.481132 0.7276763 0.3054208 -0.6141704 -6.50764 0 0.8953956 0.4452714 5.343665 0 0 0 1</matrix>
        <instance_camera url="#Camera-camera"/>
      </node>
      <node id="Lamp" name="Lamp" type="NODE">
        <matrix sid="transform">-0.2908646 -0.7711008 0.5663932 4.076245 0.9551712 -0.1998834 0.2183912 1.005454 -0.05518906 0.6045247 0.7946723 5.903862 0 0 0 1</matrix>
        <instance_light url="#Lamp-light"/>
      </node>
      <node id="machairophoros_argyraspis_Skin" name="machairophoros_argyraspis_Skin" type="NODE">
        <matrix sid="transform">1 0 0 0 0 1 0 0 0 0 1 0 0 0 0 1</matrix>
        <node id="machairophoros_argyraspis_Skin_root" name="root" sid="root" type="JOINT">
          <matrix sid="transform">1 6.48974e-16 2.14247e-8 0 2.14247e-8 -1.34359e-7 -1 -1.01207e-7 2.22962e-15 1 -1.19209e-7 2.154822 0 0 0 1</matrix>
          <node id="machairophoros_argyraspis_Skin_pelvis" name="pelvis" sid="pelvis" type="JOINT">
            <matrix sid="transform">1 0 8.47148e-9 2.88204e-4 -3.15587e-16 1 3.72528e-8 -0.1648533 -8.47148e-9 -3.72528e-8 1 -0.05965076 0 0 0 1</matrix>
            <node id="machairophoros_argyraspis_Skin_femurleft" name="femurleft" sid="femurleft" type="JOINT">
              <matrix sid="transform">1 -3.05225e-15 5.03385e-9 0.2292777 0 1 0 -0.0098176 -5.03385e-9 2.48278e-10 1 0.05965088 0 0 0 1</matrix>
              <node id="machairophoros_argyraspis_Skin_butt-l" name="butt-l" sid="butt-l" type="JOINT">
                <matrix sid="transform">1 -3.54107e-15 4.2319e-9 4.67554e-4 1.89181e-15 1 -4.47035e-7 -0.098526 -4.2319e-9 4.47035e-7 1 -0.2278655 0 0 0 1</matrix>
                <extra>
                  <technique profile="blender">
                    <layer sid="layer" type="string">0</layer>
                    <roll sid="roll" type="float">0</roll>
                    <tip_x sid="tip_x" type="float">0</tip_x>
                    <tip_y sid="tip_y" type="float">0</tip_y>
                    <tip_z sid="tip_z" type="float">0.1</tip_z>
                  </technique>
                </extra>
              </node>
              <node id="machairophoros_argyraspis_Skin_knee-l-top" name="knee-l-top" sid="knee-l-top" type="JOINT">
                <matrix sid="transform">1 -3.54107e-15 7.79386e-9 0.02838683 0 0.9999999 0 -0.4877242 -7.79386e-9 0 1 0.3577119 0 0 0 1</matrix>
                <extra>
                  <technique profile="blender">
                    <layer sid="layer" type="string">0</layer>
                    <roll sid="roll" type="float">0</roll>
                    <tip_x sid="tip_x" type="float">0</tip_x>
                    <tip_y sid="tip_y" type="float">0</tip_y>
                    <tip_z sid="tip_z" type="float">0.1</tip_z>
                  </technique>
                </extra>
              </node>
              <node id="machairophoros_argyraspis_Skin_knee-l-bopttom" name="knee-l-bopttom" sid="knee-l-bopttom" type="JOINT">
                <matrix sid="transform">1 -3.54107e-15 2.84318e-8 0.03209621 3.1775e-15 1 -1.11759e-7 -0.736926 -2.84318e-8 1.11759e-7 1 -0.03760035 0 0 0 1</matrix>
                <node id="machairophoros_argyraspis_Skin_ankle_left" name="ankle left" sid="ankle_left" type="JOINT">
                  <matrix sid="transform">1 -4.17908e-8 8.65373e-7 0.008728117 2.95136e-7 -0.92954 -0.3687214 -1.121673 8.19807e-7 0.3687214 -0.9295408 -0.06275671 0 0 0 1</matrix>
                  <node id="machairophoros_argyraspis_Skin_foot_left01" name="foot left01" sid="foot_left01" type="JOINT">
                    <matrix sid="transform">1 7.49806e-7 1.86073e-5 2.68221e-7 -1.74336e-5 0.3889734 0.921249 0.216839 -6.54699e-6 -0.9212489 0.3889734 -0.2809221 0 0 0 1</matrix>
                    <extra>
                      <technique profile="blender">
                        <layer sid="layer" type="string">0</layer>
                        <roll sid="roll" type="float">1.89164e-5</roll>
                        <tip_x sid="tip_x" type="float">0</tip_x>
                        <tip_y sid="tip_y" type="float">-0.09997606</tip_y>
                        <tip_z sid="tip_z" type="float">-0.002188205</tip_z>
                      </technique>
                    </extra>
                  </node>
                  <extra>
                    <technique profile="blender">
                      <layer sid="layer" type="string">0</layer>
                      <roll sid="roll" type="float">8.11969e-7</roll>
                      <tip_x sid="tip_x" type="float">0</tip_x>
                      <tip_y sid="tip_y" type="float">-0.03687208</tip_y>
                      <tip_z sid="tip_z" type="float">-0.09295403</tip_z>
                    </technique>
                  </extra>
                </node>
                <extra>
                  <technique profile="blender">
                    <layer sid="layer" type="string">0</layer>
                    <roll sid="roll" type="float">0</roll>
                    <tip_x sid="tip_x" type="float">0</tip_x>
                    <tip_y sid="tip_y" type="float">0</tip_y>
                    <tip_z sid="tip_z" type="float">0.1</tip_z>
                  </technique>
                </extra>
              </node>
              <extra>
                <technique profile="blender">
                  <layer sid="layer" type="string">0</layer>
                  <roll sid="roll" type="float">0</roll>
                  <tip_x sid="tip_x" type="float">0</tip_x>
                  <tip_y sid="tip_y" type="float">0</tip_y>
                  <tip_z sid="tip_z" type="float">0.0999999</tip_z>
                </technique>
              </extra>
            </node>
            <node id="machairophoros_argyraspis_Skin_femurright" name="femurright" sid="femurright" type="JOINT">
              <matrix sid="transform">1 -3.05225e-15 5.03385e-9 -0.2316408 0 1 0 -0.0098176 -5.03385e-9 2.48278e-10 1 0.05965088 0 0 0 1</matrix>
              <node id="machairophoros_argyraspis_Skin_butt-r" name="butt-r" sid="butt-r" type="JOINT">
                <matrix sid="transform">1 -3.54107e-15 5.58592e-9 -0.003262356 3.32947e-15 1 -5.96046e-7 -0.09589529 -5.58592e-9 5.96046e-7 1 -0.2262757 0 0 0 1</matrix>
                <extra>
                  <technique profile="blender">
                    <layer sid="layer" type="string">0</layer>
                    <roll sid="roll" type="float">0</roll>
                    <tip_x sid="tip_x" type="float">0</tip_x>
                    <tip_y sid="tip_y" type="float">0</tip_y>
                    <tip_z sid="tip_z" type="float">0.1</tip_z>
                  </technique>
                </extra>
              </node>
              <node id="machairophoros_argyraspis_Skin_knee-r-top" name="knee-r-top" sid="knee-r-top" type="JOINT">
                <matrix sid="transform">1 -3.54107e-15 9.03824e-9 0.05288468 5.3872e-15 0.9999999 -5.96046e-7 -0.4883386 -9.03824e-9 5.96046e-7 1 0.3589506 0 0 0 1</matrix>
                <extra>
                  <technique profile="blender">
                    <layer sid="layer" type="string">0</layer>
                    <roll sid="roll" type="float">0</roll>
                    <tip_x sid="tip_x" type="float">0</tip_x>
                    <tip_y sid="tip_y" type="float">0</tip_y>
                    <tip_z sid="tip_z" type="float">0.1</tip_z>
                  </technique>
                </extra>
              </node>
              <node id="machairophoros_argyraspis_Skin_knee-r-bopttom" name="knee-r-bopttom" sid="knee-r-bopttom" type="JOINT">
                <matrix sid="transform">1 -3.54107e-15 1.35241e-8 -0.01414061 -5.03811e-16 1 3.72529e-8 -0.7370361 -1.35241e-8 -3.72529e-8 1 -0.03760032 0 0 0 1</matrix>
                <node id="machairophoros_argyraspis_Skin_ankleright" name="ankleright" sid="ankleright" type="JOINT">
                  <matrix sid="transform">1 -1.86264e-8 7.95599e-7 -0.01317592 2.76041e-7 -0.9295399 -0.3687215 -1.118303 7.4641e-7 0.3687215 -0.9295379 -0.0627568 0 0 0 1</matrix>
                  <node id="machairophoros_argyraspis_Skin_foot_right01" name="foot right01" sid="foot_right01" type="JOINT">
                    <matrix sid="transform">1 6.91747e-7 1.77204e-5 2.08616e-7 -1.65939e-5 0.3889743 0.9212486 0.2168394 -6.2555e-6 -0.9212486 0.3889744 -0.2809228 0 0 0 1</matrix>
                    <extra>
                      <technique profile="blender">
                        <layer sid="layer" type="string">0</layer>
                        <roll sid="roll" type="float">1.80154e-5</roll>
                        <tip_x sid="tip_x" type="float">0</tip_x>
                        <tip_y sid="tip_y" type="float">-0.09997606</tip_y>
                        <tip_z sid="tip_z" type="float">-0.002188265</tip_z>
                      </technique>
                    </extra>
                  </node>
                  <extra>
                    <technique profile="blender">
                      <layer sid="layer" type="string">0</layer>
                      <roll sid="roll" type="float">7.5056e-7</roll>
                      <tip_x sid="tip_x" type="float">0</tip_x>
                      <tip_y sid="tip_y" type="float">-0.03687214</tip_y>
                      <tip_z sid="tip_z" type="float">-0.09295403</tip_z>
                    </technique>
                  </extra>
                </node>
                <extra>
                  <technique profile="blender">
                    <layer sid="layer" type="string">0</layer>
                    <roll sid="roll" type="float">0</roll>
                    <tip_x sid="tip_x" type="float">0</tip_x>
                    <tip_y sid="tip_y" type="float">0</tip_y>
                    <tip_z sid="tip_z" type="float">0.1</tip_z>
                  </technique>
                </extra>
              </node>
              <extra>
                <technique profile="blender">
                  <layer sid="layer" type="string">0</layer>
                  <roll sid="roll" type="float">0</roll>
                  <tip_x sid="tip_x" type="float">0</tip_x>
                  <tip_y sid="tip_y" type="float">0</tip_y>
                  <tip_z sid="tip_z" type="float">0.0999999</tip_z>
                </technique>
              </extra>
            </node>
            <node id="machairophoros_argyraspis_Skin_lumbar" name="lumbar" sid="lumbar" type="JOINT">
              <matrix sid="transform">1 -3.05225e-15 4.81516e-9 0.004538173 0 1 3.72529e-8 0.189765 -4.81516e-9 -3.70047e-8 1 -0.05340066 0 0 0 1</matrix>
              <node id="machairophoros_argyraspis_Skin_rib" name="rib" sid="rib" type="JOINT">
                <matrix sid="transform">1 -3.34046e-15 4.25529e-9 -0.01278647 0 1 0 0.7050576 -4.25529e-9 2.48249e-10 1 0.1130516 0 0 0 1</matrix>
                <node id="machairophoros_argyraspis_Skin_scapula" name="scapula" sid="scapula" type="JOINT">
                  <matrix sid="transform">0.2405091 -0.9706469 -4.50868e-8 0.4182977 0.9706468 0.2405091 -5.05715e-8 0.2449708 5.99309e-8 -3.16004e-8 1 -4.2731e-8 0 0 0 1</matrix>
                  <node id="machairophoros_argyraspis_Skin_ulna" name="ulna" sid="ulna" type="JOINT">
                    <matrix sid="transform">0.9999999 0 2.84217e-14 0.1237388 -1.49012e-8 1 2.59348e-13 -0.5993564 -1.42109e-14 -2.59348e-13 1 -2.53087e-9 0 0 0 1</matrix>
                    <node id="machairophoros_argyraspis_Skin_carpal" name="carpal" sid="carpal" type="JOINT">
                      <matrix sid="transform">0.9999999 -1.71363e-6 -5.45276e-8 0.1033108 1.71363e-6 0.9999999 -2.23518e-7 -0.5754042 5.4528e-8 2.23517e-7 1 0.07377818 0 0 0 1</matrix>
                      <node id="machairophoros_argyraspis_Skin_ammo_node_1" name="ammo node 1" sid="ammo_node_1" type="JOINT">
                        <matrix sid="transform">1 4.47326e-7 -1.02669e-5 0.1766822 -1.01328e-5 0.001922249 -0.9999982 0.2353449 -4.26166e-7 0.9999982 0.001922251 -0.07377825 0 0 0 1</matrix>
                        <extra>
                          <technique profile="blender">
                            <layer sid="layer" type="string">0</layer>
                            <roll sid="roll" type="float">-2.29974</roll>
                            <tip_x sid="tip_x" type="float">-1.86563e-4</tip_x>
                            <tip_y sid="tip_y" type="float">-0.09999984</tip_y>
                            <tip_z sid="tip_z" type="float">4.62532e-5</tip_z>
                          </technique>
                        </extra>
                      </node>
                      <extra>
                        <technique profile="blender">
                          <layer sid="layer" type="string">0</layer>
                          <roll sid="roll" type="float">-1.327908</roll>
                          <tip_x sid="tip_x" type="float">-0.09706461</tip_x>
                          <tip_y sid="tip_y" type="float">0</tip_y>
                          <tip_z sid="tip_z" type="float">0.02405071</tip_z>
                        </technique>
                      </extra>
                    </node>
                    <extra>
                      <technique profile="blender">
                        <layer sid="layer" type="string">0</layer>
                        <roll sid="roll" type="float">-1.327906</roll>
                        <tip_x sid="tip_x" type="float">-0.09706485</tip_x>
                        <tip_y sid="tip_y" type="float">0</tip_y>
                        <tip_z sid="tip_z" type="float">0.02405095</tip_z>
                      </technique>
                    </extra>
                  </node>
                  <extra>
                    <technique profile="blender">
                      <layer sid="layer" type="string">0</layer>
                      <roll sid="roll" type="float">-1.327906</roll>
                      <tip_x sid="tip_x" type="float">-0.09706485</tip_x>
                      <tip_y sid="tip_y" type="float">0</tip_y>
                      <tip_z sid="tip_z" type="float">0.02405095</tip_z>
                    </technique>
                  </extra>
                </node>
                <node id="machairophoros_argyraspis_Skin_scapula01" name="scapula01" sid="scapula01" type="JOINT">
                  <matrix sid="transform">0.2227733 0.9748703 -1.77511e-8 -0.4432708 -0.9748703 0.2227733 7.93539e-8 0.2449708 8.13142e-8 -3.7289e-10 1 -4.2731e-8 0 0 0 1</matrix>
                  <node id="machairophoros_argyraspis_Skin_ulna01" name="ulna01" sid="ulna01" type="JOINT">
                    <matrix sid="transform">0.9999999 7.45058e-8 1.37039e-8 -0.1120017 -5.96046e-8 1 -1.19209e-7 -0.5993567 -1.37039e-8 1.19209e-7 1 -6.96164e-9 0 0 0 1</matrix>
                    <node id="machairophoros_argyraspis_Skin_carpal_right" name="carpal right" sid="carpal_right" type="JOINT">
                      <matrix sid="transform">1 -2.5332e-7 -8.71602e-8 -0.1377442 1.63913e-7 0.9999999 -1.42109e-14 -0.5311357 8.71602e-8 -3.9968e-15 1 -1.53385e-7 0 0 0 1</matrix>
                      <node id="machairophoros_argyraspis_Skin_smoke_node_1" name="smoke node 1" sid="smoke_node_1" type="JOINT">
                        <matrix sid="transform">1 5.22356e-7 1.97321e-4 0.02609444 1.97232e-4 -0.006794032 -0.9999769 -0.1824127 8.18421e-7 0.9999769 -0.006794095 0.04844671 0 0 0 1</matrix>
                        <node id="machairophoros_argyraspis_Skin_ammo_node_0" name="ammo node 0" sid="ammo_node_0" type="JOINT">
                          <matrix sid="transform">1 2.12356e-4 9.51231e-7 0.002608538 4.865e-7 -0.00679417 0.999977 1.569697 2.12312e-4 -0.9999769 -0.00679426 0.04457664 0 0 0 1</matrix>
                          <extra>
                            <technique profile="blender">
                              <layer sid="layer" type="string">0</layer>
                              <roll sid="roll" type="float">1.346153</roll>
                              <tip_x sid="tip_x" type="float">0.09809696</tip_x>
                              <tip_y sid="tip_y" type="float">-1.19209e-7</tip_y>
                              <tip_z sid="tip_z" type="float">0.02241516</tip_z>
                            </technique>
                          </extra>
                        </node>
                        <extra>
                          <technique profile="blender">
                            <layer sid="layer" type="string">0</layer>
                            <roll sid="roll" type="float">1.345963</roll>
                            <tip_x sid="tip_x" type="float">-6.62327e-4</tip_x>
                            <tip_y sid="tip_y" type="float">-0.09999769</tip_y>
                            <tip_z sid="tip_z" type="float">-1.51396e-4</tip_z>
                          </technique>
                        </extra>
                      </node>
                      <extra>
                        <technique profile="blender">
                          <layer sid="layer" type="string">0</layer>
                          <roll sid="roll" type="float">1.346138</roll>
                          <tip_x sid="tip_x" type="float">0.09748709</tip_x>
                          <tip_y sid="tip_y" type="float">0</tip_y>
                          <tip_z sid="tip_z" type="float">0.02227735</tip_z>
                        </technique>
                      </extra>
                    </node>
                    <extra>
                      <technique profile="blender">
                        <layer sid="layer" type="string">0</layer>
                        <roll sid="roll" type="float">1.346138</roll>
                        <tip_x sid="tip_x" type="float">0.09748715</tip_x>
                        <tip_y sid="tip_y" type="float">0</tip_y>
                        <tip_z sid="tip_z" type="float">0.02227735</tip_z>
                      </technique>
                    </extra>
                  </node>
                  <extra>
                    <technique profile="blender">
                      <layer sid="layer" type="string">0</layer>
                      <roll sid="roll" type="float">1.346138</roll>
                      <tip_x sid="tip_x" type="float">0.09748715</tip_x>
                      <tip_y sid="tip_y" type="float">0</tip_y>
                      <tip_z sid="tip_z" type="float">0.02227735</tip_z>
                    </technique>
                  </extra>
                </node>
                <node id="machairophoros_argyraspis_Skin_neck" name="neck" sid="neck" type="JOINT">
                  <matrix sid="transform">1 -3.59515e-15 3.75497e-9 -0.01369714 2.37534e-16 0.9999999 -6.32587e-8 0.4694993 -3.75497e-9 6.32587e-8 1 -1.35612e-7 0 0 0 1</matrix>
                  <node id="machairophoros_argyraspis_Skin_skull" name="skull" sid="skull" type="JOINT">
                    <matrix sid="transform">1 -4.05743e-15 1.18064e-9 -0.007297663 0 1 1.49009e-8 0.4520025 -1.18064e-9 -1.49009e-8 1 7.10192e-8 0 0 0 1</matrix>
                    <node id="machairophoros_argyraspis_Skin_nogginbottom" name="nogginbottom" sid="nogginbottom" type="JOINT">
                      <matrix sid="transform">1 1.16415e-9 2.30469e-7 0.001799161 -1.08001e-8 0.9991254 0.0418144 0.08982587 -2.30219e-7 -0.0418144 0.9991254 0.2822085 0 0 0 1</matrix>
                      <extra>
                        <technique profile="blender">
                          <layer sid="layer" type="string">0</layer>
                          <roll sid="roll" type="float">2.74333e-7</roll>
                          <tip_x sid="tip_x" type="float">0</tip_x>
                          <tip_y sid="tip_y" type="float">0.004181444</tip_y>
                          <tip_z sid="tip_z" type="float">0.09991264</tip_z>
                        </technique>
                      </extra>
                    </node>
                    <node id="machairophoros_argyraspis_Skin_plumes" name="plumes" sid="plumes" type="JOINT">
                      <matrix sid="transform">1 -4.16334e-15 3.01873e-7 -0.002369048 -6.36991e-9 0.9997773 0.02110134 0.1819341 -3.01805e-7 -0.02110134 0.9997773 0.1862073 0 0 0 1</matrix>
                      <extra>
                        <technique profile="blender">
                          <layer sid="layer" type="string">0</layer>
                          <roll sid="roll" type="float">3.45765e-7</roll>
                          <tip_x sid="tip_x" type="float">0</tip_x>
                          <tip_y sid="tip_y" type="float">0.002110123</tip_y>
                          <tip_z sid="tip_z" type="float">0.09997797</tip_z>
                        </technique>
                      </extra>
                    </node>
                    <node id="machairophoros_argyraspis_Skin_skulltop" name="skulltop" sid="skulltop" type="JOINT">
                      <matrix sid="transform">1 -4.18519e-15 4.3221e-9 -0.00416824 0 1 -2.4869e-13 0.3702886 -4.3221e-9 2.4869e-13 1 3.55271e-15 0 0 0 1</matrix>
                      <extra>
                        <technique profile="blender">
                          <layer sid="layer" type="string">0</layer>
                          <roll sid="roll" type="float">0</roll>
                          <tip_x sid="tip_x" type="float">0</tip_x>
                          <tip_y sid="tip_y" type="float">0</tip_y>
                          <tip_z sid="tip_z" type="float">0.0999999</tip_z>
                        </technique>
                      </extra>
                    </node>
                    <extra>
                      <technique profile="blender">
                        <layer sid="layer" type="string">0</layer>
                        <roll sid="roll" type="float">0</roll>
                        <tip_x sid="tip_x" type="float">0</tip_x>
                        <tip_y sid="tip_y" type="float">0</tip_y>
                        <tip_z sid="tip_z" type="float">0.1000001</tip_z>
                      </technique>
                    </extra>
                  </node>
                  <node id="machairophoros_argyraspis_Skin_smoke_node_0" name="smoke node 0" sid="smoke_node_0" type="JOINT">
                    <matrix sid="transform">1 -6.36559e-6 -1.10467e-6 0.00651496 -1.10467e-6 1.11759e-7 -0.9999999 0.09218764 6.36559e-6 0.9999999 2.38371e-7 0.2430202 0 0 0 1</matrix>
                    <extra>
                      <technique profile="blender">
                        <layer sid="layer" type="string">0</layer>
                        <roll sid="roll" type="float">3.141592</roll>
                        <tip_x sid="tip_x" type="float">-6.32368e-7</tip_x>
                        <tip_y sid="tip_y" type="float">-0.09999996</tip_y>
                        <tip_z sid="tip_z" type="float">0</tip_z>
                      </technique>
                    </extra>
                  </node>
                  <extra>
                    <technique profile="blender">
                      <layer sid="layer" type="string">0</layer>
                      <roll sid="roll" type="float">0</roll>
                      <tip_x sid="tip_x" type="float">0</tip_x>
                      <tip_y sid="tip_y" type="float">0</tip_y>
                      <tip_z sid="tip_z" type="float">0.1000001</tip_z>
                    </technique>
                  </extra>
                </node>
                <node id="machairophoros_argyraspis_Skin_cloaktop" name="cloaktop" sid="cloaktop" type="JOINT">
                  <matrix sid="transform">1 -3.59515e-15 6.60961e-9 0.009935168 9.8491e-16 0.9999999 -1.49012e-7 0.3512919 -6.60961e-9 1.49012e-7 1 -0.1981267 0 0 0 1</matrix>
                  <node id="machairophoros_argyraspis_Skin_cloak" name="cloak" sid="cloak" type="JOINT">
                    <matrix sid="transform">1 -4.97566e-15 1.47715e-10 0.004538156 0 1 1.49011e-7 -0.859081 -1.47715e-10 -1.48763e-7 1 -0.2356979 0 0 0 1</matrix>
                    <node id="machairophoros_argyraspis_Skin_cloakbottom" name="cloakbottom" sid="cloakbottom" type="JOINT">
                      <matrix sid="transform">1 -4.9845e-15 0 -0.02733967 0 1 0 -0.8312191 0 2.48605e-10 1 -0.1177092 0 0 0 1</matrix>
                      <extra>
                        <technique profile="blender">
                          <layer sid="layer" type="string">0</layer>
                          <roll sid="roll" type="float">0</roll>
                          <tip_x sid="tip_x" type="float">0</tip_x>
                          <tip_y sid="tip_y" type="float">0</tip_y>
                          <tip_z sid="tip_z" type="float">0.1</tip_z>
                        </technique>
                      </extra>
                    </node>
                    <extra>
                      <technique profile="blender">
                        <layer sid="layer" type="string">0</layer>
                        <roll sid="roll" type="float">0</roll>
                        <tip_x sid="tip_x" type="float">0</tip_x>
                        <tip_y sid="tip_y" type="float">0</tip_y>
                        <tip_z sid="tip_z" type="float">0.1000001</tip_z>
                      </technique>
                    </extra>
                  </node>
                  <extra>
                    <technique profile="blender">
                      <layer sid="layer" type="string">0</layer>
                      <roll sid="roll" type="float">0</roll>
                      <tip_x sid="tip_x" type="float">0</tip_x>
                      <tip_y sid="tip_y" type="float">0</tip_y>
                      <tip_z sid="tip_z" type="float">0.0999999</tip_z>
                    </technique>
                  </extra>
                </node>
                <extra>
                  <technique profile="blender">
                    <layer sid="layer" type="string">0</layer>
                    <roll sid="roll" type="float">0</roll>
                    <tip_x sid="tip_x" type="float">0</tip_x>
                    <tip_y sid="tip_y" type="float">0</tip_y>
                    <tip_z sid="tip_z" type="float">0.0999999</tip_z>
                  </technique>
                </extra>
              </node>
              <extra>
                <technique profile="blender">
                  <layer sid="layer" type="string">0</layer>
                  <roll sid="roll" type="float">0</roll>
                  <tip_x sid="tip_x" type="float">0</tip_x>
                  <tip_y sid="tip_y" type="float">0</tip_y>
                  <tip_z sid="tip_z" type="float">0.0999999</tip_z>
                </technique>
              </extra>
            </node>
            <extra>
              <technique profile="blender">
                <layer sid="layer" type="string">0</layer>
                <roll sid="roll" type="float">0</roll>
                <tip_x sid="tip_x" type="float">0</tip_x>
                <tip_y sid="tip_y" type="float">0</tip_y>
                <tip_z sid="tip_z" type="float">0.1000001</tip_z>
              </technique>
            </extra>
          </node>
          <extra>
            <technique profile="blender">
              <layer sid="layer" type="string">0</layer>
              <roll sid="roll" type="float">0</roll>
              <tip_x sid="tip_x" type="float">0</tip_x>
              <tip_y sid="tip_y" type="float">0</tip_y>
              <tip_z sid="tip_z" type="float">0.1000001</tip_z>
            </technique>
          </extra>
        </node>
      </node>
      <node id="clipeus_cheque" name="clipeus_cheque" type="NODE">
        <translate sid="location">0 0 0</translate>
        <rotate sid="rotationZ">0 0 1 0</rotate>
        <rotate sid="rotationY">0 1 0 0</rotate>
        <rotate sid="rotationX">1 0 0 0</rotate>
        <scale sid="scale">1 1 1</scale>
        <instance_controller url="#machairophoros_argyraspis_Skin_clipeus_cheque-skin">
          <skeleton>#machairophoros_argyraspis_Skin_root</skeleton>
          <bind_material>
            <technique_common>
              <instance_material symbol="thorakitai1_Mat-material" target="#thorakitai1_Mat-material"/>
              <instance_material symbol="thorakitai1_Mat_001-material" target="#thorakitai1_Mat_001-material"/>
              <instance_material symbol="spearman-sue-material" target="#spearman-sue-material"/>
              <instance_material symbol="spearman-sue_001-material" target="#spearman-sue_001-material"/>
            </technique_common>
          </bind_material>
        </instance_controller>
      </node>
    </visual_scene>
  </library_visual_scenes>
  <scene>
    <instance_visual_scene url="#Scene"/>
  </scene>
</COLLADA>