<?xml version="1.0" encoding="utf-8"?>
<COLLADA xmlns="http://www.collada.org/2005/11/COLLADASchema" version="1.4.1" xmlns:xsi="http://www.w3.org/2001/XMLSchema-instance">
  <asset>
    <contributor>
      <author>Blender User</author>
      <authoring_tool>Blender 2.79.0 commit date:2017-09-11, commit time:10:43, hash:5bd8ac9</authoring_tool>
    </contributor>
    <created>2018-11-19T11:34:23</created>
    <modified>2018-11-19T11:34:23</modified>
    <unit name="meter" meter="1"/>
    <up_axis>Z_UP</up_axis>
  </asset>
  <library_cameras>
    <camera id="Camera-camera" name="Camera">
      <optics>
        <technique_common>
          <perspective>
            <xfov sid="xfov">49.13434</xfov>
            <aspect_ratio>1.777778</aspect_ratio>
            <znear sid="znear">0.1</znear>
            <zfar sid="zfar">100</zfar>
          </perspective>
        </technique_common>
      </optics>
      <extra>
        <technique profile="blender">
          <shiftx sid="shiftx" type="float">0</shiftx>
          <shifty sid="shifty" type="float">0</shifty>
          <YF_dofdist sid="YF_dofdist" type="float">0</YF_dofdist>
        </technique>
      </extra>
    </camera>
  </library_cameras>
  <library_lights>
    <light id="LAMP_FRONT_PEACH-light" name="Lamp.002">
      <technique_common>
        <ambient>
          <color>1 1 1</color>
        </ambient>
      </technique_common>
      <extra>
        <technique profile="blender">
          <type sid="type" type="int">3</type>
          <flag sid="flag" type="int">0</flag>
          <mode sid="mode" type="int">8192</mode>
          <gamma sid="blender_gamma" type="float">1</gamma>
          <red sid="red" type="float">1</red>
          <green sid="green" type="float">1</green>
          <blue sid="blue" type="float">1</blue>
          <shadow_r sid="blender_shadow_r" type="float">0</shadow_r>
          <shadow_g sid="blender_shadow_g" type="float">0</shadow_g>
          <shadow_b sid="blender_shadow_b" type="float">0</shadow_b>
          <energy sid="blender_energy" type="float">1</energy>
          <dist sid="blender_dist" type="float">29.99998</dist>
          <spotsize sid="spotsize" type="float">75</spotsize>
          <spotblend sid="spotblend" type="float">0.15</spotblend>
          <halo_intensity sid="blnder_halo_intensity" type="float">1</halo_intensity>
          <att1 sid="att1" type="float">0</att1>
          <att2 sid="att2" type="float">1</att2>
          <falloff_type sid="falloff_type" type="int">2</falloff_type>
          <clipsta sid="clipsta" type="float">1.000799</clipsta>
          <clipend sid="clipend" type="float">30.002</clipend>
          <bias sid="bias" type="float">1</bias>
          <soft sid="soft" type="float">3</soft>
          <compressthresh sid="compressthresh" type="float">0.04999995</compressthresh>
          <bufsize sid="bufsize" type="int">2880</bufsize>
          <samp sid="samp" type="int">3</samp>
          <buffers sid="buffers" type="int">1</buffers>
          <filtertype sid="filtertype" type="int">0</filtertype>
          <bufflag sid="bufflag" type="int">0</bufflag>
          <buftype sid="buftype" type="int">2</buftype>
          <ray_samp sid="ray_samp" type="int">1</ray_samp>
          <ray_sampy sid="ray_sampy" type="int">1</ray_sampy>
          <ray_sampz sid="ray_sampz" type="int">1</ray_sampz>
          <ray_samp_type sid="ray_samp_type" type="int">0</ray_samp_type>
          <area_shape sid="area_shape" type="int">0</area_shape>
          <area_size sid="area_size" type="float">10000</area_size>
          <area_sizey sid="area_sizey" type="float">100</area_sizey>
          <area_sizez sid="area_sizez" type="float">1</area_sizez>
          <adapt_thresh sid="adapt_thresh" type="float">0.000999987</adapt_thresh>
          <ray_samp_method sid="ray_samp_method" type="int">1</ray_samp_method>
          <shadhalostep sid="shadhalostep" type="int">0</shadhalostep>
          <sun_effect_type sid="sun_effect_type" type="int">0</sun_effect_type>
          <skyblendtype sid="skyblendtype" type="int">1</skyblendtype>
          <horizon_brightness sid="horizon_brightness" type="float">1</horizon_brightness>
          <spread sid="spread" type="float">1</spread>
          <sun_brightness sid="sun_brightness" type="float">1</sun_brightness>
          <sun_size sid="sun_size" type="float">1</sun_size>
          <backscattered_light sid="backscattered_light" type="float">1</backscattered_light>
          <sun_intensity sid="sun_intensity" type="float">1</sun_intensity>
          <atm_turbidity sid="atm_turbidity" type="float">2</atm_turbidity>
          <atm_extinction_factor sid="atm_extinction_factor" type="float">1</atm_extinction_factor>
          <atm_distance_factor sid="atm_distance_factor" type="float">1</atm_distance_factor>
          <skyblendfac sid="skyblendfac" type="float">1</skyblendfac>
          <sky_exposure sid="sky_exposure" type="float">1</sky_exposure>
          <sky_colorspace sid="sky_colorspace" type="int">0</sky_colorspace>
        </technique>
      </extra>
    </light>
    <light id="Lamp_WEST-light" name="Lamp.003">
      <technique_common>
        <directional>
          <color sid="color">1 1 1</color>
        </directional>
      </technique_common>
      <extra>
        <technique profile="blender">
          <type sid="type" type="int">1</type>
          <flag sid="flag" type="int">0</flag>
          <mode sid="mode" type="int">8192</mode>
          <gamma sid="blender_gamma" type="float">1</gamma>
          <red sid="red" type="float">1</red>
          <green sid="green" type="float">1</green>
          <blue sid="blue" type="float">1</blue>
          <shadow_r sid="blender_shadow_r" type="float">0</shadow_r>
          <shadow_g sid="blender_shadow_g" type="float">0</shadow_g>
          <shadow_b sid="blender_shadow_b" type="float">0</shadow_b>
          <energy sid="blender_energy" type="float">1</energy>
          <dist sid="blender_dist" type="float">29.99998</dist>
          <spotsize sid="spotsize" type="float">75</spotsize>
          <spotblend sid="spotblend" type="float">0.15</spotblend>
          <halo_intensity sid="blnder_halo_intensity" type="float">1</halo_intensity>
          <att1 sid="att1" type="float">0</att1>
          <att2 sid="att2" type="float">1</att2>
          <falloff_type sid="falloff_type" type="int">2</falloff_type>
          <clipsta sid="clipsta" type="float">1.000799</clipsta>
          <clipend sid="clipend" type="float">30.002</clipend>
          <bias sid="bias" type="float">1</bias>
          <soft sid="soft" type="float">3</soft>
          <compressthresh sid="compressthresh" type="float">0.04999995</compressthresh>
          <bufsize sid="bufsize" type="int">2880</bufsize>
          <samp sid="samp" type="int">3</samp>
          <buffers sid="buffers" type="int">1</buffers>
          <filtertype sid="filtertype" type="int">0</filtertype>
          <bufflag sid="bufflag" type="int">0</bufflag>
          <buftype sid="buftype" type="int">2</buftype>
          <ray_samp sid="ray_samp" type="int">1</ray_samp>
          <ray_sampy sid="ray_sampy" type="int">1</ray_sampy>
          <ray_sampz sid="ray_sampz" type="int">1</ray_sampz>
          <ray_samp_type sid="ray_samp_type" type="int">0</ray_samp_type>
          <area_shape sid="area_shape" type="int">1</area_shape>
          <area_size sid="area_size" type="float">0.1</area_size>
          <area_sizey sid="area_sizey" type="float">0.1</area_sizey>
          <area_sizez sid="area_sizez" type="float">1</area_sizez>
          <adapt_thresh sid="adapt_thresh" type="float">0.000999987</adapt_thresh>
          <ray_samp_method sid="ray_samp_method" type="int">1</ray_samp_method>
          <shadhalostep sid="shadhalostep" type="int">0</shadhalostep>
          <sun_effect_type sid="sun_effect_type" type="int">0</sun_effect_type>
          <skyblendtype sid="skyblendtype" type="int">1</skyblendtype>
          <horizon_brightness sid="horizon_brightness" type="float">1</horizon_brightness>
          <spread sid="spread" type="float">1</spread>
          <sun_brightness sid="sun_brightness" type="float">1</sun_brightness>
          <sun_size sid="sun_size" type="float">1</sun_size>
          <backscattered_light sid="backscattered_light" type="float">1</backscattered_light>
          <sun_intensity sid="sun_intensity" type="float">1</sun_intensity>
          <atm_turbidity sid="atm_turbidity" type="float">2</atm_turbidity>
          <atm_extinction_factor sid="atm_extinction_factor" type="float">1</atm_extinction_factor>
          <atm_distance_factor sid="atm_distance_factor" type="float">1</atm_distance_factor>
          <skyblendfac sid="skyblendfac" type="float">1</skyblendfac>
          <sky_exposure sid="sky_exposure" type="float">1</sky_exposure>
          <sky_colorspace sid="sky_colorspace" type="int">0</sky_colorspace>
        </technique>
      </extra>
    </light>
    <light id="Lamp-light" name="Lamp">
      <technique_common>
        <point>
          <color sid="color">1 1 1</color>
          <constant_attenuation>1</constant_attenuation>
          <linear_attenuation>0</linear_attenuation>
          <quadratic_attenuation>0.00111109</quadratic_attenuation>
        </point>
      </technique_common>
      <extra>
        <technique profile="blender">
          <type sid="type" type="int">0</type>
          <flag sid="flag" type="int">0</flag>
          <mode sid="mode" type="int">8192</mode>
          <gamma sid="blender_gamma" type="float">1</gamma>
          <red sid="red" type="float">1</red>
          <green sid="green" type="float">1</green>
          <blue sid="blue" type="float">1</blue>
          <shadow_r sid="blender_shadow_r" type="float">0</shadow_r>
          <shadow_g sid="blender_shadow_g" type="float">0</shadow_g>
          <shadow_b sid="blender_shadow_b" type="float">0</shadow_b>
          <energy sid="blender_energy" type="float">1</energy>
          <dist sid="blender_dist" type="float">29.99998</dist>
          <spotsize sid="spotsize" type="float">75</spotsize>
          <spotblend sid="spotblend" type="float">0.15</spotblend>
          <halo_intensity sid="blnder_halo_intensity" type="float">1</halo_intensity>
          <att1 sid="att1" type="float">0</att1>
          <att2 sid="att2" type="float">1</att2>
          <falloff_type sid="falloff_type" type="int">2</falloff_type>
          <clipsta sid="clipsta" type="float">1.000799</clipsta>
          <clipend sid="clipend" type="float">30.002</clipend>
          <bias sid="bias" type="float">1</bias>
          <soft sid="soft" type="float">3</soft>
          <compressthresh sid="compressthresh" type="float">0.04999995</compressthresh>
          <bufsize sid="bufsize" type="int">2880</bufsize>
          <samp sid="samp" type="int">3</samp>
          <buffers sid="buffers" type="int">1</buffers>
          <filtertype sid="filtertype" type="int">0</filtertype>
          <bufflag sid="bufflag" type="int">0</bufflag>
          <buftype sid="buftype" type="int">2</buftype>
          <ray_samp sid="ray_samp" type="int">1</ray_samp>
          <ray_sampy sid="ray_sampy" type="int">1</ray_sampy>
          <ray_sampz sid="ray_sampz" type="int">1</ray_sampz>
          <ray_samp_type sid="ray_samp_type" type="int">0</ray_samp_type>
          <area_shape sid="area_shape" type="int">1</area_shape>
          <area_size sid="area_size" type="float">0.1</area_size>
          <area_sizey sid="area_sizey" type="float">0.1</area_sizey>
          <area_sizez sid="area_sizez" type="float">1</area_sizez>
          <adapt_thresh sid="adapt_thresh" type="float">0.000999987</adapt_thresh>
          <ray_samp_method sid="ray_samp_method" type="int">1</ray_samp_method>
          <shadhalostep sid="shadhalostep" type="int">0</shadhalostep>
          <sun_effect_type sid="sun_effect_type" type="int">0</sun_effect_type>
          <skyblendtype sid="skyblendtype" type="int">1</skyblendtype>
          <horizon_brightness sid="horizon_brightness" type="float">1</horizon_brightness>
          <spread sid="spread" type="float">1</spread>
          <sun_brightness sid="sun_brightness" type="float">1</sun_brightness>
          <sun_size sid="sun_size" type="float">1</sun_size>
          <backscattered_light sid="backscattered_light" type="float">1</backscattered_light>
          <sun_intensity sid="sun_intensity" type="float">1</sun_intensity>
          <atm_turbidity sid="atm_turbidity" type="float">2</atm_turbidity>
          <atm_extinction_factor sid="atm_extinction_factor" type="float">1</atm_extinction_factor>
          <atm_distance_factor sid="atm_distance_factor" type="float">1</atm_distance_factor>
          <skyblendfac sid="skyblendfac" type="float">1</skyblendfac>
          <sky_exposure sid="sky_exposure" type="float">1</sky_exposure>
          <sky_colorspace sid="sky_colorspace" type="int">0</sky_colorspace>
        </technique>
      </extra>
    </light>
  </library_lights>
  <library_images/>
  <library_effects>
    <effect id="Agema_000-effect">
      <profile_COMMON>
        <technique sid="common">
          <phong>
            <emission>
              <color sid="emission">0 0 0 1</color>
            </emission>
            <ambient>
              <color sid="ambient">0 0 0 1</color>
            </ambient>
            <diffuse>
              <color sid="diffuse">0.64 0.64 0.64 1</color>
            </diffuse>
            <specular>
              <color sid="specular">0.5 0.5 0.5 1</color>
            </specular>
            <shininess>
              <float sid="shininess">50</float>
            </shininess>
            <index_of_refraction>
              <float sid="index_of_refraction">1</float>
            </index_of_refraction>
          </phong>
        </technique>
      </profile_COMMON>
    </effect>
    <effect id="Agema_001-effect">
      <profile_COMMON>
        <technique sid="common">
          <phong>
            <emission>
              <color sid="emission">0 0 0 1</color>
            </emission>
            <ambient>
              <color sid="ambient">0 0 0 1</color>
            </ambient>
            <diffuse>
              <color sid="diffuse">0.64 0.64 0.64 1</color>
            </diffuse>
            <specular>
              <color sid="specular">0.5 0.5 0.5 1</color>
            </specular>
            <shininess>
              <float sid="shininess">50</float>
            </shininess>
            <index_of_refraction>
              <float sid="index_of_refraction">1</float>
            </index_of_refraction>
          </phong>
        </technique>
      </profile_COMMON>
    </effect>
  </library_effects>
  <library_materials>
    <material id="Agema_000-material" name="Agema_000">
      <instance_effect url="#Agema_000-effect"/>
    </material>
    <material id="Agema_001-material" name="Agema_001">
      <instance_effect url="#Agema_001-effect"/>
    </material>
  </library_materials>
  <library_geometries>
    <geometry id="hoplis-mesh" name="hoplis">
      <mesh>
        <source id="hoplis-mesh-positions">
          <float_array id="hoplis-mesh-positions-array" count="708">1.409699 0.7091655 3.307353 1.104044 0.6389361 3.342727 0.8589265 0.4421574 3.371095 0.7228971 0.1578041 3.386838 0.7228971 -0.1578042 3.386838 0.8589265 -0.4421578 3.371095 1.104044 -0.6389364 3.342727 1.409699 -0.7091659 3.307353 1.715354 -0.6389365 3.271979 1.960471 -0.4421577 3.243611 2.0965 -0.1578044 3.227868 2.0965 0.157804 3.227868 1.960471 0.4421575 3.243611 1.715354 0.638936 3.271979 1.413715 0.7091655 3.342048 1.108059 0.6389361 3.377422 0.8629422 0.4421574 3.40579 0.7269125 0.1578041 3.421533 0.7269125 -0.1578042 3.421533 0.862942 -0.4421578 3.40579 1.108059 -0.6389364 3.377422 1.413714 -0.7091659 3.342048 1.71937 -0.6389365 3.306674 1.964486 -0.4421577 3.278306 2.100516 -0.1578044 3.262563 2.100516 0.157804 3.262563 1.964486 0.4421575 3.278306 1.71937 0.638936 3.306674 1.413441 0.6011863 3.339683 1.154325 0.54165 3.369671 0.9465308 0.3748335 3.393719 0.8312137 0.1337764 3.407065 0.8312137 -0.1337767 3.407065 0.9465306 -0.3748337 3.393719 1.154325 -0.5416504 3.369671 1.413441 -0.6011866 3.339683 1.672556 -0.5416504 3.309695 1.880351 -0.3748337 3.285646 1.995668 -0.1337768 3.2723 1.995667 0.1337763 3.2723 1.88035 0.3748334 3.285646 1.672556 0.5416499 3.309695 1.406126 -1.23797e-7 3.276485 1.414414 0.6374452 3.34809 1.13967 0.5743182 3.379887 0.919343 0.3974407 3.405386 0.7970703 0.1418448 3.419537 0.7970703 -0.141845 3.419537 0.919343 -0.3974408 3.405386 1.13967 -0.5743185 3.379887 1.414414 -0.6374456 3.34809 1.689157 -0.5743185 3.316293 1.909484 -0.3974409 3.290795 2.031756 -0.1418452 3.276644 2.031756 0.1418447 3.276644 1.909484 0.3974407 3.290795 1.689157 0.5743181 3.316293 1.42115 0.3834791 3.406299 1.255868 0.3455027 3.425427 1.123322 0.2390952 3.440767 1.049765 0.08533197 3.44928 1.049764 -0.08533227 3.44928 1.123322 -0.2390955 3.440767 1.255868 -0.3455029 3.425427 1.42115 -0.3834793 3.406299 1.586432 -0.3455029 3.38717 1.718978 -0.2390954 3.37183 1.792536 -0.08533239 3.363317 1.792536 0.08533191 3.363317 1.718978 0.2390952 3.37183 1.586433 0.3455026 3.38717 1.425909 -1.69109e-7 3.447417 -0.210208 -0.02025055 3.818009 -0.190148 0.01837289 3.417439 0.2031862 -0.02025061 3.818011 0.1831331 0.01837295 3.417439 -0.1490961 -0.2802306 3.782475 -0.08518624 -0.2720103 3.391186 0.1375406 -0.2802305 3.782477 0.07363146 -0.2720104 3.391186 -0.1184927 0.1107024 3.76219 -0.00864464 0.2235763 3.69839 0.1365381 0.1107007 3.762194 0.1843195 0.02091974 3.417276 0.1293127 0.1618376 3.418015 -0.1050772 0.1628139 3.417727 -0.01626604 0.1860622 3.419478 -0.2098368 -0.1569282 3.806625 -0.1710802 -0.1988972 3.583875 -0.1171412 -0.3148342 3.556049 -0.1449835 -0.1500623 3.362259 -0.2162585 -9.34038e-4 3.617725 0.2092115 -9.46352e-4 3.617726 0.1640592 -0.1988973 3.583878 0.1379751 -0.1504717 3.359616 0.1055856 -0.3148342 3.55605 0.2028154 -0.1569283 3.806627 -0.005777537 -0.2802305 3.782476 -0.173165 -0.2304668 3.65433 0.166144 -0.2304668 3.654332 0.001334547 -0.3746699 3.58732 0.03900468 -0.3148536 3.556049 0.001336038 -0.3677041 3.629842 -0.03633594 -0.3148537 3.556049 -1.872626 0.116881 3.148462 1.847633 0.1168659 3.145485 1.847365 -0.1231876 3.202614 -1.656066 0.01647359 3.211817 -1.628626 -0.1209704 3.073231 1.589038 0.0979498 3.039273 1.631828 0.01647037 3.211358 1.602771 -0.1209575 3.073119 0.4289301 -0.1212109 1.269139 0.08205604 -0.1215824 1.248198 0.1733614 -0.4039306 0.002129733 -0.4065822 -0.1895741 2.894633 9.28307e-4 -0.1549994 3.328543 -1.615529 0.09501504 3.04045 -1.655912 0.07568651 3.211022 -0.4227682 -0.2477251 2.172206 1.602679 -0.1131589 3.072674 0.5090718 -0.04742121 3.286059 -0.02244049 -0.285131 2.893168 0.2068879 0.1830288 3.22072 0.2424283 0.3642639 1.541805 -0.209817 0.3642587 1.538782 -0.299246 -0.3030194 1.590071 0.2909345 -0.3030183 1.590104 -0.4889898 0.2708908 1.590037 0.485918 0.2708954 1.590153 -0.427114 0.2584283 2.181615 0.4193412 0.2584328 2.180704 -0.2490827 0.03670567 1.244328 -0.08205604 -0.1215824 1.256614 -0.2607011 -0.08606088 0.1930382 -0.2431453 -0.3015311 1.043155 -0.1610171 0.2084753 0.004186213 -0.1733614 -0.4039306 0.002129733 -1.61529 0.09796231 3.039223 -1.87169 -0.1232002 3.205591 -1.843368 -0.1246984 3.013355 1.816798 -0.1246855 3.010745 0.2490827 0.03670567 1.235913 0.2431453 -0.3015311 1.03474 0.2607012 -0.08606088 0.1930382 0.2471485 -0.275974 1.42852 -1.03911 0.2488247 3.108238 -1.628481 -0.1131909 3.072483 -1.042811 -0.08892083 3.1043 -1.010828 0.07976418 3.017577 -0.3949494 0.3025279 2.903848 -1.058931 -0.04379785 3.253719 0.9904885 0.2489778 3.132578 1.589338 0.09498357 3.040725 1.012008 -0.04379773 3.277954 0.9941428 -0.089055 3.128575 0.9611495 0.07980984 3.042138 0.3653563 0.2998514 2.911964 0.4150017 -0.2477208 2.171296 -0.4889898 -0.1300606 1.590036 -0.5149935 0.1372714 3.185489 -0.424343 0.02788585 3.266513 0.001026153 0.1282199 3.352591 -0.2170966 0.1821019 3.223134 0.3992861 0.02788585 3.266513 0.4871316 0.1415845 3.181174 0.4859179 -0.1300548 1.590152 -0.2471485 -0.275974 1.436936 -0.3657454 0.2103645 0.004179 -1.844449 0.09827911 3.012558 1.81787 0.09826618 3.009935 0.3850721 -0.3737065 0.002130866 0.3779784 -0.1960505 2.891643 0.5142324 0.1230345 3.311065 -0.4289301 -0.1212109 1.277554 -0.3850721 -0.3737065 0.002130866 0.3657454 0.2103645 0.004178941 0.1610172 0.2084753 0.004186213 -0.5451124 -0.04738909 3.271571 1.630196 0.07567852 3.203449 -0.5499818 0.1229509 3.296619 -0.1928476 -0.2733104 3.897286 0.1864687 -0.2636377 3.891287 -0.2056964 -0.2994202 3.722569 0.2035155 -0.2730214 3.721122 -0.2339681 0.09422069 3.647627 0.2288485 0.09422075 3.648685 -0.008983969 0.2250177 3.678846 0.01294624 -0.3518339 3.753163 0.008997499 -0.3006007 3.89958 0.2185657 -0.194855 3.875882 0.2571867 0.004978358 3.831093 0.1097975 0.178869 3.794486 -0.003835022 0.2273926 3.781241 -0.1156438 0.180305 3.794619 -0.2731629 0.005381822 3.831786 0.008978009 -0.3005223 3.899642 -0.2364509 -0.195322 3.879869 -0.03979659 0.03719413 4.152624 -0.001655936 0.03081512 4.164815 0.1693034 -0.1345446 3.986073 0.1989385 0.02169638 3.969267 0.1446745 -0.1883219 3.991849 0.03558439 0.02990162 4.153921 -0.2080144 0.0219438 3.969831 -7.50488e-4 0.05698239 4.150393 -0.001351177 0.1955926 3.950559 -0.08714538 0.1585317 3.956673 -0.002175807 -0.002083182 4.155739 -0.1463862 -0.196217 3.995584 -0.1798442 -0.1352467 3.989072 0.08584237 0.1574485 3.956447 0.008480608 -0.2171679 3.995018 0.2424283 0.4336502 0.9502386 -0.209817 0.4336438 0.9472155 -0.299246 -0.3855423 0.9985042 0.2909345 -0.3855409 0.9985375 -0.570955 0.3190203 0.9984702 0.5678831 0.3190261 0.9985862 -0.5709549 -0.1650543 0.9984701 0.5678831 -0.1650474 0.9985859 -1.707168 -1.512821 3.108371 -1.69409 -0.1897549 3.157352 -1.868385 -0.1908426 3.094246 -1.824894 -0.007678508 3.108161 -1.751955 -1.696948 3.11389 -1.683259 -0.1886817 3.103224 -1.803583 -1.513427 3.103683 -1.68664 -0.09778827 3.070654 -1.711514 -0.09832978 3.197605 -1.75204 -1.696952 3.114309 -1.752951 -1.696957 3.113898 -1.820005 -0.09887492 3.105747 -1.716403 -0.007133722 3.200019 -1.691529 -0.00659281 3.073068 -1.713013 -1.513123 3.137611</float_array>
          <technique_common>
            <accessor source="#hoplis-mesh-positions-array" count="236" stride="3">
              <param name="X" type="float"/>
              <param name="Y" type="float"/>
              <param name="Z" type="float"/>
            </accessor>
          </technique_common>
        </source>
        <source id="hoplis-mesh-normals">
          <float_array id="hoplis-mesh-normals-array" count="1206">-0.221044 0.9749282 0.02558422 -0.2210465 0.9749277 0.02558308 -0.6193536 0.7818331 0.07168185 -0.6193521 0.7818339 0.07168567 -0.8949974 0.4338775 0.1035865 -0.894993 0.4338875 0.103582 -0.9933692 0 0.1149675 -0.9933696 0 0.1149651 -0.8949972 -0.4338791 0.1035805 -0.894995 -0.4338836 0.1035814 -0.6193574 -0.7818303 0.07167959 -0.6193507 -0.7818356 0.0716784 -0.2210429 -0.9749286 0.0255807 -0.2210495 -0.9749271 0.02558064 0.2210443 -0.9749282 -0.02558338 0.2210479 -0.9749274 -0.02558273 0.619358 -0.7818297 -0.07168132 0.619354 -0.7818329 -0.07168048 0.894996 -0.4338814 -0.1035816 0.894995 -0.4338836 -0.1035814 0.9933696 0 -0.1149651 0.9933691 0 -0.11497 0.8949971 0.4338793 -0.1035807 0.8949941 0.4338845 -0.1035847 0.6193518 0.7818342 -0.0716843 0.6193544 0.7818328 -0.07167881 0.2210466 0.9749276 -0.0255835 0.2210447 0.9749283 -0.0255804 -0.04454594 -0.2879592 -0.9566062 -0.04454708 -0.2879567 -0.9566068 0.07309645 -0.2309222 -0.9702226 0.07309794 -0.2309253 -0.9702218 0.1545094 -0.1281512 -0.9796449 0.1545137 -0.1281515 -0.9796442 0.1835601 0 -0.9830085 0.183574 0 -0.9830059 0.1545124 0.1281523 -0.9796443 0.1545113 0.1281521 -0.9796445 0.07309794 0.2309253 -0.9702217 0.07309937 0.2309249 -0.9702218 -0.04454791 0.2879565 -0.9566068 -0.04454547 0.2879582 -0.9566064 -0.1751231 0.2879586 -0.9414945 -0.1751258 0.2879562 -0.9414947 -0.2927691 0.2309236 -0.9278796 -0.2927728 0.2309246 -0.9278782 -0.3741846 0.1281541 -0.9184566 -0.3741826 0.1281537 -0.9184575 -0.4032407 -1.01089e-6 -0.915094 -0.40324 0 -0.9150943 -0.3741868 -0.1281523 -0.918456 -0.3741837 -0.1281526 -0.9184571 -0.2927697 -0.2309246 -0.9278792 -0.29277 -0.2309245 -0.9278792 -0.1751254 -0.2879564 -0.9414948 -0.1751222 -0.287958 -0.9414948 -0.1381468 0.1052057 -0.9848083 -0.1811311 0.08436882 -0.9798334 -0.2108727 0.04682165 -0.9763916 -0.2214886 0 -0.9751631 -0.2108731 -0.04682147 -0.9763916 -0.1811295 -0.08436816 -0.9798337 -0.1381484 -0.1052056 -0.984808 -0.09043985 -0.1052055 -0.9903295 -0.04745918 -0.08436834 -0.9953038 -0.01771312 -0.04682022 -0.9987463 -0.007097899 -9.0335e-7 -0.9999749 -0.01771312 0.04682183 -0.9987462 -0.04745924 0.08436876 -0.9953038 -0.09043842 0.1052057 -0.9903296 0.09537994 0.08448749 0.9918491 0.09537357 0.08448702 0.9918497 0.06085997 0.06775408 0.9958441 0.06085884 0.06775474 0.9958442 0.0369656 0.03760027 0.998609 0.03697645 0.03759932 0.9986085 0.02844494 0 0.9995954 0.02844399 0 0.9995954 0.03696155 -0.03759926 0.9986091 0.03698199 -0.03759956 0.9986084 0.0608614 -0.06775242 0.9958442 0.06086134 -0.0677514 0.9958442 0.09537541 -0.08448463 0.9918498 0.09537619 -0.08448702 0.9918495 0.1336914 -0.08448797 0.9874151 0.1336863 -0.08448678 0.9874158 0.1682099 -0.06775331 0.9834201 0.1682066 -0.06775456 0.9834205 0.192101 -0.03760099 0.9806547 0.1920828 -0.03760027 0.9806582 0.200621 0 0.9796689 0.2006181 0 0.9796695 0.1920832 0.03759956 0.9806581 0.1920911 0.03759914 0.9806566 0.1682024 0.0677514 0.9834215 0.1682107 0.06775391 0.9834199 0.1336883 0.08448636 0.9874156 0.1336866 0.08448791 0.9874157 0.0609669 0.2245255 0.9725592 0.06096756 0.2245259 0.972559 -0.03076082 0.1800555 0.9831753 -0.03076285 0.1800557 0.9831753 -0.09424513 0.09992301 0.9905217 -0.09424126 0.09992271 0.9905222 -0.1168974 0 0.993144 -0.1168961 0 0.9931442 -0.09424364 -0.09992337 0.9905219 -0.09424066 -0.09992355 0.9905222 -0.03076076 -0.1800572 0.983175 -0.03076285 -0.1800559 0.9831752 0.06096696 -0.2245254 0.9725592 0.0609675 -0.224525 0.9725593 0.1627806 -0.2245254 0.9607762 0.162782 -0.2245258 0.9607759 0.2545117 -0.180056 0.9501599 0.2545096 -0.180056 0.9501605 0.3179934 -0.09992319 0.9428127 0.3179908 -0.09992331 0.9428135 0.3406471 0 0.9401913 0.340647 0 0.9401913 0.3179904 0.09992378 0.9428136 0.3179946 0.09992295 0.9428122 0.2545118 0.1800551 0.95016 0.254513 0.1800557 0.9501595 0.1627833 0.2245271 0.9607754 0.1627821 0.2245251 0.960776 0.08994084 0.1072841 0.990152 0.04611074 0.08603501 0.9952245 0.01578062 0.04774582 0.9987348 0.004952549 0 0.9999877 0.01578062 -0.04774582 0.998735 0.04611253 -0.08603608 0.9952243 0.0899409 -0.1072841 0.9901519 0.1385937 -0.1072841 0.9845212 0.182419 -0.08603453 0.9794496 0.2127565 -0.04774534 0.975938 0.2235807 0 0.9746855 0.2127544 0.04774552 0.9759385 0.182423 0.08603447 0.9794489 0.13859 0.1072841 0.9845218 0.9310542 0.3632537 0.03442502 0.888298 -0.3992539 0.226987 0.8073257 0.5881189 -0.04838913 0.876085 0.4767047 0.0723024 -0.8598782 0.5065637 -0.06326746 -0.7737677 0.6278845 0.08393198 -0.8059951 0.5891002 0.05773073 0.5802683 0.8072651 0.1077587 0.1612942 0.977507 -0.1358834 -0.6907449 0.7184582 0.08178883 -0.249076 0.9607167 -0.1224111 -0.984753 0.01178193 -0.1735588 -0.9673259 -0.219459 -0.126958 -0.8969084 -0.3535157 -0.2656728 -0.9063576 -0.3749188 -0.1948127 0.8291055 -0.5581928 -0.03170335 -0.8588097 -0.4696546 -0.2046226 -0.9746114 -0.2237653 0.007861316 -0.9664259 -0.2111951 -0.1463477 0.9686332 -0.1944977 -0.1546619 0.9746404 -0.223642 0.007765352 0.8417938 -0.4990787 -0.2056787 0.9670314 -0.2086237 -0.146036 0.8841514 -0.3810389 -0.2703441 0.892707 -0.4007954 -0.2060031 0.9847534 0.01178497 -0.1735571 0.9673269 -0.2194554 -0.1269568 7.80953e-7 -0.9678526 -0.2515181 1.10164e-6 -0.9678525 -0.2515189 3.88965e-6 -0.463299 -0.8862021 0 -0.9885231 0.1510706 -2.37617e-4 -0.9885054 0.1511855 2.8643e-4 -0.9678671 -0.2514625 -2.3168e-4 -0.9678696 -0.2514531 -9.07837e-7 -0.988523 0.151071 0.9154146 -0.3293424 0.2314081 2.83345e-4 -0.9885019 0.1512089 0.8620851 -0.5001028 0.08189511 -0.8620948 -0.5000763 0.08195304 -0.9683507 -0.1941784 -0.1568183 -0.8537915 -0.5189841 -0.04117906 -0.8972822 -0.441448 -0.002899408 0.8825294 -0.470035 0.01445806 -0.9027226 -0.3900744 0.1814771 -0.1748852 0.2272792 0.9579976 0.2583737 0.8485784 0.4616902 0.2686207 -0.002137124 -0.9632437 -0.9793102 -0.005473077 -0.2022907 0.1138855 -0.159268 -0.9806446 0.3803827 -0.617897 0.6881225 0.01458561 -0.9998443 0.009941279 0.01675033 0.991084 -0.1321821 -0.9886323 -0.03844189 -0.1453569 0.1860443 0.2272787 0.9558933 -0.2529317 0.8485844 0.4646828 -0.2798272 -0.002140045 -0.960048 0.9768733 -0.005470454 -0.2137489 -0.1253238 -0.1592707 -0.9792482 -0.3722787 -0.6179056 0.6925325 -0.0144692 -0.9998443 0.01011103 -0.01829034 0.991084 -0.1319772 0.9868628 -0.03844577 -0.1569196 -0.8212733 -0.5483627 -0.1575071 -0.8970029 -0.4098063 -0.1656641 0.7967128 -0.5736601 -0.1901654 0.9232911 -0.3762896 -0.07707005 -0.7121784 -0.7000197 0.05267262 0.6684933 -0.7425651 0.04139798 -0.0091331 0.990285 0.1387526 0.6330386 0.755993 0.1665431 -0.6743806 0.7231804 0.1490672 -0.8964618 -0.01955646 0.4426894 0.07545214 -0.5285527 0.8455407 0.8553711 0.02648991 0.5173379 -4.7263e-4 0.003348469 -0.9999943 -6.77413e-5 0.003504335 -0.9999939 -0.1875751 0.8799869 0.4363929 -0.407677 -0.7966005 0.4463489 -0.1787691 -0.08318024 0.9803686 -0.02153694 0.4696853 -0.8825712 0.02473372 0.4436995 0.8958344 -0.2626881 0.9637348 0.04701554 -0.0411359 -0.149433 -0.9879158 0.06724256 -0.466245 -0.8820965 -0.01914644 -0.5931441 0.8048687 -0.2073851 -0.9424554 0.262239 0.6619701 -0.7462252 -0.0703113 1.07944e-4 -0.9955065 0.09469437 -3.62689e-6 -0.9955193 0.09455889 0.128789 -0.1406664 0.9816447 0.4837357 -0.7452588 0.4588999 0.9367725 -0.2278816 0.2655699 0.6207059 0.728707 0.2893275 -0.999692 -0.009013056 0.0231235 -0.998811 0.0228042 0.04308956 0.9986012 -0.009527921 0.05200797 0.997128 0.02241533 0.07234287 -4.76274e-4 0.9355716 0.3531371 -2.98973e-5 0.9352956 0.3538675 0.004166245 0.9981211 -0.06113094 -6.61984e-5 0.9983996 -0.05655419 -0.2299817 -0.9289788 0.290012 -0.2402612 -0.9671335 0.08323138 -5.12401e-5 -0.9986582 -0.05178529 -0.01667875 -0.9576637 0.2874057 -0.03622698 -0.9393572 0.3410219 -0.3431528 -0.3771845 -0.8602198 -0.1895347 0.02286106 -0.9816079 -0.3067618 0.409445 -0.859216 -0.03536993 -0.1463814 0.9885958 0.06333535 0.8979379 0.4355412 -0.2193281 0.4462113 0.8676351 -0.01341277 0.4732339 -0.8808348 0.02166396 0.4459074 0.8948169 0.2559577 0.9653805 0.05026185 0.001438736 -0.1516277 -0.9884367 -0.09919804 -0.4686864 -0.8777772 0.05236399 -0.5736984 0.8173911 0.2133328 -0.9417971 0.2598218 -0.2610483 -0.1323733 0.9562066 -0.5584912 -0.6977633 0.4485689 -0.6725416 0.6999655 0.2402835 -0.8714402 -0.4771478 0.113676 0.01154971 -0.9573593 0.2886691 0.03093582 -0.9386656 0.3434385 0.388634 -0.3585278 -0.8487765 0.2293034 0.04567736 -0.9722827 0.3338788 0.3987271 -0.8541322 0.01699143 -0.1456301 0.9891932 -0.07774245 0.9004588 0.4279368 0.2077633 0.4472383 0.8699497 0.4299561 -0.7856349 0.444877 0.1904767 -0.08312088 0.9781664 0.1912811 0.881501 0.4317032 -0.67188 -0.7370981 -0.07255148 0.9926367 -2.5392e-7 0.1211299 0.9936743 -0.0105974 0.1117999 -0.9945427 -0.01046872 0.1038031 -0.9935927 -2.42542e-7 0.1130207 -0.3081045 0.9499173 0.05223751 0.3472012 0.9359396 0.05889379 0.2167409 -0.9728695 0.08092343 0.2100959 -0.9397697 0.2696161 -0.2735829 0.4157451 0.8673571 -0.1928193 0.7472859 0.6359123 1.67842e-4 0.923325 0.3840196 0.3106694 0.602316 0.7353231 0.1924182 0.4896398 0.8504282 -0.001105844 0.9865068 0.1637171 1.69702e-4 0.9867086 0.1625002 0.8207871 -0.5494591 -0.1562157 0.897517 -0.4091818 -0.1644188 -0.7962964 -0.5745805 -0.1891278 -0.9235569 -0.3758179 -0.07618218 0.7121784 -0.7000198 0.05267262 -0.6684934 -0.742565 0.0413978 0.009134471 0.990414 0.1378289 -0.6332784 0.7560342 0.1654413 0.6745218 0.7232524 0.1480758 0.8964617 -0.01955658 0.4426893 -0.07545226 -0.5285528 0.8455407 -0.855371 0.02648991 0.5173381 6.77416e-5 0.003504335 -0.9999939 4.72636e-4 0.003348529 -0.9999943 -0.8774327 -0.4607822 0.1333864 -0.95802 -0.1185078 -0.2610627 -0.9789537 -0.1941409 -0.06292152 -0.6936575 0.6769425 0.2461466 -0.720938 0.6587112 0.2152857 0.1854409 -0.7479929 0.637274 0.1721013 -0.7412877 0.6487479 -0.1337712 -0.9786432 0.1560859 -0.5073446 -0.6073786 0.6113042 -0.2625644 -0.9129536 0.3123712 0.914049 -0.0879085 0.3959628 0.8809521 -0.1177952 0.4583097 0.1584214 -0.5856441 0.7949362 0.3708103 0.9137221 0.1661679 0.3844454 0.9060795 0.176697 0.7276687 0.6577405 0.1946169 0.7361205 0.6353169 0.2334504 -0.8764515 -0.04548287 0.4793372 -0.8941378 -0.1070138 0.434817 0.2066689 -0.9755704 0.07450091 0.4074066 -0.858519 0.3113922 0.9098414 -0.3992281 0.1131615 0.9347792 -0.2394669 -0.2623802 0.9952101 -0.07979273 -0.05648154 0.7237868 0.6575312 0.2092496 0.3964408 0.9171352 -0.04120618 0.4653365 0.8757592 -0.1284834 -0.4005385 0.893939 -0.2011024 -0.5031341 0.8641924 0.00525701 -0.7126367 0.6791139 0.1759351 -0.1085921 -0.7487952 0.6538453 -0.1003721 -0.759303 0.6429499 0.8169929 -0.2667451 0.5112434 0.7810316 -0.2987914 0.5483736 -0.7559063 -0.291734 0.5860863 -0.7417838 -0.3456859 0.5746809 -0.3622971 0.9132312 0.1864125 -0.3797503 0.9081665 0.176135 0.6477777 -0.2182639 0.7298938 0.3909146 -0.4148085 0.8216568 -0.3321867 -0.2459526 0.910582 0.7455906 -0.07013547 0.6627034 -0.615707 0.5946547 0.5170018 -0.3513536 0.7556223 0.5527982 -0.2996649 0.7835006 0.5443601 0.608668 0.5601492 0.561922 0.5149359 0.74594 0.4223917 0.3058245 0.7827454 0.542016 0.143043 -0.5878732 0.7962059 0.2597606 0.4592202 0.8494947 0.2652088 -0.2603048 0.9283888 -0.1936463 0.4786944 0.8563603 -0.07815974 -0.5992369 0.7967473 -0.5942197 -0.2442343 0.7663241 -0.4389032 -0.3549367 0.8254598 -0.7329643 -0.04829537 0.6785506 0.660004 -0.7440574 0.1037948 0.6174416 -0.7755599 0.1314265 -0.9905372 -2.48918e-7 0.1372449 -0.9905372 -2.64691e-7 0.1372449 0.9905372 -2.48918e-7 0.1372451 0.9905372 -1.39958e-7 0.1372449 -0.2967785 0.9484449 0.1112436 -0.285333 0.951269 0.1169292 -6.12935e-6 -0.9904099 0.1381611 -5.48378e-6 -0.9904099 0.1381606 0.3340818 0.9345723 0.1223271 0.3155102 0.9424614 0.1105436 -0.667436 -0.7321821 0.1357889 -0.626462 -0.7719769 0.1076899 -7.90234e-4 0.9931914 0.1164919 -7.92717e-4 0.9931911 0.1164938 0.9804923 -0.01694345 0.1958258 0.9804857 -0.01694196 0.1958591 0.04849368 -0.004758179 -0.9988122 0.04859924 -0.004745304 -0.9988071 -0.3403689 -0.009967863 0.9402391 -0.3507609 -0.008952736 0.9364223 0.9745342 0.1068843 0.1971266 0.976177 0.1016402 0.1916971 -0.2371656 -0.3355122 -0.911693 0.04704082 0.09954315 -0.9939207 -0.6283215 0.2379094 0.740683 -0.3046712 -0.4318388 0.8489351 0.9801975 0.04745787 0.1922512 0.9801965 0.04746806 0.1922538 -0.2545529 0.01194536 -0.9669851 -0.254541 0.01195007 -0.9669882 -0.6450502 -0.05475789 0.7621759 -0.6450521 -0.05475556 0.7621743 0.009144306 -0.9999103 -0.009786546 -0.00740081 0.9999687 0.002810835 0.95493 -0.2263254 0.192056 0.9554997 -0.2267719 0.1886666 -0.4101326 -0.02831441 0.9115863 -0.3503263 -0.0445736 0.9355665 0.04878574 -0.04177886 -0.9979352 -0.007794141 -0.05764454 -0.9983068</float_array>
          <technique_common>
            <accessor source="#hoplis-mesh-normals-array" count="402" stride="3">
              <param name="X" type="float"/>
              <param name="Y" type="float"/>
              <param name="Z" type="float"/>
            </accessor>
          </technique_common>
        </source>
        <source id="hoplis-mesh-map-0">
          <float_array id="hoplis-mesh-map-0-array" count="2412">0.876395 0.248536 0.82296 0.238045 0.876395 0.248536 0.876395 0.248536 0.82296 0.238045 0.82296 0.238045 0.779515 0.205982 0.82296 0.238045 0.82296 0.238045 0.82296 0.238045 0.779515 0.205982 0.779515 0.205982 0.754665 0.158699 0.779515 0.205982 0.779515 0.205982 0.779515 0.205982 0.754665 0.158699 0.754665 0.158699 0.753332 0.10556 0.754665 0.158699 0.754665 0.158699 0.754665 0.158699 0.753332 0.10556 0.753332 0.10556 0.77578 0.05709099 0.753332 0.10556 0.753332 0.10556 0.753332 0.10556 0.77578 0.05709099 0.77578 0.05709099 0.817563 0.02288997 0.77578 0.05709099 0.77578 0.05709099 0.77578 0.05709099 0.817563 0.02288997 0.817563 0.02288997 0.867952 0.005194962 0.817563 0.02288997 0.817563 0.02288997 0.817563 0.02288997 0.867952 0.005194962 0.867952 0.005194962 0.92384 0.02022397 0.867952 0.005194962 0.867952 0.005194962 0.867952 0.005194962 0.92384 0.02022397 0.92384 0.02022397 0.967285 0.05228698 0.92384 0.02022397 0.92384 0.02022397 0.92384 0.02022397 0.967285 0.05228698 0.967285 0.05228698 0.992135 0.09956997 0.967285 0.05228698 0.967285 0.05228698 0.967285 0.05228698 0.992135 0.09956997 0.992135 0.09956997 0.993468 0.152709 0.992135 0.09956997 0.992135 0.09956997 0.992135 0.09956997 0.993468 0.152709 0.993468 0.152709 0.97102 0.201178 0.993468 0.152709 0.993468 0.152709 0.993468 0.152709 0.97102 0.201178 0.97102 0.201178 0.929237 0.235379 0.97102 0.201178 0.97102 0.201178 0.97102 0.201178 0.929237 0.235379 0.929237 0.235379 0.876395 0.248536 0.929237 0.235379 0.929237 0.235379 0.929237 0.235379 0.876395 0.248536 0.876395 0.248536 0.87502 0.193701 0.846125 0.188027 0.82296 0.238045 0.82296 0.238045 0.876395 0.248536 0.87502 0.193701 0.846125 0.188027 0.822632 0.17069 0.779515 0.205982 0.779515 0.205982 0.82296 0.238045 0.846125 0.188027 0.822632 0.17069 0.809194 0.145122 0.754665 0.158699 0.754665 0.158699 0.779515 0.205982 0.822632 0.17069 0.809194 0.145122 0.808474 0.116387 0.753332 0.10556 0.753332 0.10556 0.754665 0.158699 0.809194 0.145122 0.808474 0.116387 0.820612 0.09017699 0.77578 0.05709099 0.77578 0.05709099 0.753332 0.10556 0.808474 0.116387 0.820612 0.09017699 0.843206 0.07168298 0.817563 0.02288997 0.817563 0.02288997 0.77578 0.05709099 0.820612 0.09017699 0.843206 0.07168298 0.871781 0.06456798 0.867952 0.005194962 0.867952 0.005194962 0.817563 0.02288997 0.843206 0.07168298 0.871781 0.06456798 0.900675 0.07024198 0.92384 0.02022397 0.92384 0.02022397 0.867952 0.005194962 0.871781 0.06456798 0.900675 0.07024198 0.924168 0.08757895 0.967285 0.05228698 0.967285 0.05228698 0.92384 0.02022397 0.900675 0.07024198 0.924168 0.08757895 0.937606 0.113148 0.992135 0.09956997 0.992135 0.09956997 0.967285 0.05228698 0.924168 0.08757895 0.937606 0.113148 0.938327 0.141882 0.993468 0.152709 0.993468 0.152709 0.992135 0.09956997 0.937606 0.113148 0.938327 0.141882 0.926188 0.168092 0.97102 0.201178 0.97102 0.201178 0.993468 0.152709 0.938327 0.141882 0.926188 0.168092 0.903594 0.186586 0.929237 0.235379 0.929237 0.235379 0.97102 0.201178 0.926188 0.168092 0.876395 0.248536 0.903594 0.186586 0.87502 0.193701 0.876395 0.248536 0.929237 0.235379 0.903594 0.186586 0.721105 0.296768 0.728905 0.262594 0.650143 0.262595 0.69925 0.324173 0.721105 0.296768 0.650143 0.262595 0.667669 0.339381 0.69925 0.324173 0.650143 0.262595 0.632617 0.339381 0.667669 0.339381 0.650143 0.262595 0.601036 0.324173 0.632617 0.339381 0.650143 0.262595 0.579182 0.296768 0.601036 0.324173 0.650143 0.262595 0.571382 0.262594 0.579182 0.296768 0.650143 0.262595 0.720172 0.297018 0.727889 0.262826 0.649128 0.263015 0.698383 0.324475 0.720172 0.297018 0.649128 0.263015 0.666839 0.339759 0.698383 0.324475 0.649128 0.263015 0.631787 0.339844 0.666839 0.339759 0.649128 0.263015 0.600169 0.324711 0.631787 0.339844 0.649128 0.263015 0.578249 0.297359 0.600169 0.324711 0.649128 0.263015 0.570367 0.263205 0.578249 0.297359 0.649128 0.263015 0.828061 0.22703 0.876092 0.236461 0.876395 0.248536 0.876395 0.248536 0.82296 0.238045 0.828061 0.22703 0.78901 0.19821 0.828061 0.22703 0.82296 0.238045 0.82296 0.238045 0.779515 0.205982 0.78901 0.19821 0.766673 0.155709 0.78901 0.19821 0.779515 0.205982 0.779515 0.205982 0.754665 0.158699 0.766673 0.155709 0.765475 0.107944 0.766673 0.155709 0.754665 0.158699 0.754665 0.158699 0.753332 0.10556 0.765475 0.107944 0.785653 0.064377 0.765475 0.107944 0.753332 0.10556 0.753332 0.10556 0.77578 0.05709099 0.785653 0.064377 0.82321 0.03363496 0.785653 0.064377 0.77578 0.05709099 0.77578 0.05709099 0.817563 0.02288997 0.82321 0.03363496 0.870708 0.02180796 0.82321 0.03363496 0.817563 0.02288997 0.817563 0.02288997 0.867952 0.005194962 0.870708 0.02180796 0.918739 0.03123897 0.870708 0.02180796 0.867952 0.005194962 0.867952 0.005194962 0.92384 0.02022397 0.918739 0.03123897 0.95779 0.06005895 0.918739 0.03123897 0.92384 0.02022397 0.92384 0.02022397 0.967285 0.05228698 0.95779 0.06005895 0.980127 0.10256 0.95779 0.06005895 0.967285 0.05228698 0.967285 0.05228698 0.992135 0.09956997 0.980127 0.10256 0.981325 0.150325 0.980127 0.10256 0.992135 0.09956997 0.992135 0.09956997 0.993468 0.152709 0.981325 0.150325 0.961148 0.193892 0.981325 0.150325 0.993468 0.152709 0.993468 0.152709 0.97102 0.201178 0.961148 0.193892 0.92359 0.224634 0.961148 0.193892 0.97102 0.201178 0.97102 0.201178 0.929237 0.235379 0.92359 0.224634 0.876092 0.236461 0.92359 0.224634 0.929237 0.235379 0.929237 0.235379 0.876395 0.248536 0.876092 0.236461 0.846125 0.188027 0.87502 0.193701 0.876092 0.236461 0.876092 0.236461 0.828061 0.22703 0.846125 0.188027 0.822632 0.17069 0.846125 0.188027 0.828061 0.22703 0.828061 0.22703 0.78901 0.19821 0.822632 0.17069 0.809194 0.145122 0.822632 0.17069 0.78901 0.19821 0.78901 0.19821 0.766673 0.155709 0.809194 0.145122 0.808474 0.116387 0.809194 0.145122 0.766673 0.155709 0.766673 0.155709 0.765475 0.107944 0.808474 0.116387 0.820612 0.09017699 0.808474 0.116387 0.765475 0.107944 0.765475 0.107944 0.785653 0.064377 0.820612 0.09017699 0.843206 0.07168298 0.820612 0.09017699 0.785653 0.064377 0.785653 0.064377 0.82321 0.03363496 0.843206 0.07168298 0.871781 0.06456798 0.843206 0.07168298 0.82321 0.03363496 0.82321 0.03363496 0.870708 0.02180796 0.871781 0.06456798 0.900675 0.07024198 0.871781 0.06456798 0.870708 0.02180796 0.870708 0.02180796 0.918739 0.03123897 0.900675 0.07024198 0.924168 0.08757895 0.900675 0.07024198 0.918739 0.03123897 0.918739 0.03123897 0.95779 0.06005895 0.924168 0.08757895 0.937606 0.113148 0.924168 0.08757895 0.95779 0.06005895 0.95779 0.06005895 0.980127 0.10256 0.937606 0.113148 0.938327 0.141882 0.937606 0.113148 0.980127 0.10256 0.980127 0.10256 0.981325 0.150325 0.938327 0.141882 0.926188 0.168092 0.938327 0.141882 0.981325 0.150325 0.981325 0.150325 0.961148 0.193892 0.926188 0.168092 0.903594 0.186586 0.926188 0.168092 0.961148 0.193892 0.961148 0.193892 0.92359 0.224634 0.903594 0.186586 0.87502 0.193701 0.903594 0.186586 0.92359 0.224634 0.92359 0.224634 0.876092 0.236461 0.87502 0.193701 0.87502 0.193701 0.846125 0.188027 0.8734 0.129135 0.846125 0.188027 0.822632 0.17069 0.8734 0.129135 0.822632 0.17069 0.809194 0.145122 0.8734 0.129135 0.809194 0.145122 0.808474 0.116387 0.8734 0.129135 0.808474 0.116387 0.820612 0.09017699 0.8734 0.129135 0.820612 0.09017699 0.843206 0.07168298 0.8734 0.129135 0.843206 0.07168298 0.871781 0.06456798 0.8734 0.129135 0.871781 0.06456798 0.900675 0.07024198 0.8734 0.129135 0.900675 0.07024198 0.924168 0.08757895 0.8734 0.129135 0.924168 0.08757895 0.937606 0.113148 0.8734 0.129135 0.937606 0.113148 0.938327 0.141882 0.8734 0.129135 0.938327 0.141882 0.926188 0.168092 0.8734 0.129135 0.926188 0.168092 0.903594 0.186586 0.8734 0.129135 0.903594 0.186586 0.87502 0.193701 0.8734 0.129135 0.09562796 0.762672 0.05945599 0.759263 0.06900399 0.998288 0.09839099 0.763238 0.09562796 0.762672 0.06900399 0.998288 0.103049 0.881276 0.09839099 0.763238 0.06900399 0.998288 0.11534 0.996162 0.103049 0.881276 0.06900399 0.998288 0.05954694 0.759283 0.094428 0.762233 0.102252 0.879049 0.05954694 0.759283 0.102252 0.879049 0.112742 0.994188 0.06926095 0.998901 0.05954694 0.759283 0.112742 0.994188 0.00395298 0.993012 0.06900399 0.998288 0.05945599 0.759263 0.05945599 0.759263 0.001675963 0.759239 0.00395298 0.993012 0.05954694 0.759283 0.06926095 0.998901 0.005213975 0.995576 0.005213975 0.995576 0.002953946 0.761835 0.05954694 0.759283 0.151419 0.993658 0.112742 0.994188 0.1695089 0.867117 0.165862 0.869471 0.184156 0.913914 0.15237 0.997714 0.165862 0.869471 0.252523 0.756506 0.240683 0.861517 0.240683 0.861517 0.184156 0.913914 0.165862 0.869471 0.18371 0.915151 0.220775 0.988762 0.241909 0.861903 0.183863 0.761939 0.246968 0.758311 0.1695089 0.867117 0.1695089 0.867117 0.112742 0.994188 0.102252 0.879049 0.102252 0.879049 0.094428 0.762233 0.183863 0.761939 0.103049 0.881276 0.170202 0.867982 0.183656 0.762016 0.103049 0.881276 0.11534 0.996162 0.170202 0.867982 0.170202 0.867982 0.247665 0.758483 0.183656 0.762016 0.183656 0.762016 0.09839099 0.763238 0.103049 0.881276 0.241909 0.861903 0.251746 0.755762 0.165661 0.87066 0.165661 0.87066 0.18371 0.915151 0.241909 0.861903 0.170202 0.867982 0.11534 0.996162 0.153814 0.994635 0.151026 0.998675 0.18371 0.915151 0.165661 0.87066 0.365141 0.754987 0.33873 0.860329 0.283557 0.861138 0.365141 0.754987 0.283557 0.861138 0.252523 0.756506 0.310293 0.881749 0.283557 0.861138 0.33873 0.860329 0.307595 0.986535 0.219716 0.986188 0.240683 0.861517 0.307595 0.986535 0.240683 0.861517 0.283557 0.861138 0.241909 0.861903 0.278157 0.861104 0.251746 0.755762 0.240683 0.861517 0.252523 0.756506 0.283557 0.861138 0.241909 0.861903 0.220775 0.988762 0.309291 0.98731 0.307595 0.986535 0.310182 0.89441 0.33873 0.860329 0.241909 0.861903 0.309291 0.98731 0.278157 0.861104 0.310182 0.89441 0.310293 0.881749 0.33873 0.860329 0.283557 0.861138 0.310293 0.881749 0.310182 0.89441 0.102252 0.879049 0.183863 0.761939 0.1695089 0.867117 0.240683 0.861517 0.219716 0.986188 0.184156 0.913914 0.184156 0.913914 0.219716 0.986188 0.15237 0.997714 0.18371 0.915151 0.151026 0.998675 0.220775 0.988762 0.283557 0.861138 0.310182 0.89441 0.307595 0.986535 0.304794 0.03890597 0.350182 0.082915 0.235624 0.08587795 0.304794 0.03890597 0.341874 0.03743499 0.350182 0.082915 0.234457 0.041354 0.235415 0.08633697 0.341143 0.08325797 0.349609 0.08354997 0.341143 0.08325797 0.235415 0.08633697 0.341143 0.08325797 0.34043 0.03810799 0.234457 0.041354 0.235624 0.08587795 0.235875 0.04028499 0.304794 0.03890597 0.236217 0.08633697 0.234786 0.08702397 0.23584 0.042198 0.34043 0.03810799 0.341143 0.08325797 0.349609 0.08354997 0.350182 0.082915 0.23551 0.08616197 0.235624 0.08587795 0.303407 0.04221796 0.235529 0.08645999 0.349633 0.086043 0.303407 0.04221796 0.349633 0.086043 0.340455 0.0406 0.2358649 0.042777 0.341699 0.08508098 0.235509 0.08656895 0.350158 0.08540797 0.235509 0.08656895 0.341699 0.08508098 0.341699 0.08508098 0.2358649 0.042777 0.341851 0.03992694 0.235529 0.08645999 0.303407 0.04221796 0.234495 0.04384595 0.235881 0.08606296 0.233793 0.04051595 0.234452 0.08674895 0.341851 0.03992694 0.350158 0.08540797 0.341699 0.08508098 0.349633 0.086043 0.235529 0.08645999 0.235421 0.08674401 0.976582 0.929792 0.828623 0.937604 0.807541 0.980831 0.996632 0.998994 0.976582 0.929792 0.807541 0.980831 0.996463 0.996056 0.805244 0.977595 0.828448 0.934219 0.828448 0.934219 0.976407 0.926407 0.996463 0.996056 0.828623 0.937604 0.7835 0.915715 0.807541 0.980831 0.805244 0.977595 0.783712 0.918531 0.828448 0.934219 0.996639 0.999442 0.996632 0.998994 0.812692 0.986076 0.805244 0.977595 0.996463 0.996056 0.812517 0.982691 0.812692 0.986076 0.996632 0.998994 0.807541 0.980831 0.96041 0.958834 0.961042 0.880312 0.984561 0.944881 0.99962 0.880421 0.984561 0.944881 0.961042 0.880312 0.984561 0.944881 0.99962 0.880421 0.998891 0.952761 0.998588 0.891446 0.998495 0.884289 0.996632 0.998994 0.996632 0.998994 0.996639 0.999442 0.998588 0.891446 0.996772 0.697644 0.939203 0.703671 0.986101 0.609051 0.525807 0.603774 0.626476 0.682441 0.518125 0.698728 0.625021 0.643458 0.621857 0.69056 0.519635 0.698739 0.399952 0.617294 0.393885 0.601803 0.491352 0.616844 0.394374 0.581918 0.400506 0.617389 0.492669 0.616537 0.492669 0.616537 0.400506 0.617389 0.491299 0.616785 0.491352 0.616844 0.393885 0.601803 0.491421 0.55786 0.400473 0.556495 0.491421 0.55786 0.393885 0.601803 0.492669 0.616537 0.490544 0.557777 0.399688 0.556568 0.492669 0.616537 0.399688 0.556568 0.394374 0.581918 0.659668 0.402809 0.684257 0.40282 0.676096 0.485697 0.659668 0.402809 0.676096 0.485697 0.547309 0.483993 0.659668 0.402809 0.547309 0.483993 0.585254 0.401062 0.732971 0.641279 0.73181 0.6642 0.70114 0.653302 0.70114 0.653302 0.73181 0.6642 0.754634 0.686158 0.719592 0.641575 0.754747 0.629673 0.732971 0.641279 0.732971 0.641279 0.70114 0.653302 0.719592 0.641575 0.774228 0.483022 0.713649 0.484799 0.73047 0.610813 0.787638 0.609368 0.774228 0.483022 0.73047 0.610813 0.713678 0.484716 0.774815 0.484171 0.730492 0.611925 0.730492 0.611925 0.774815 0.484171 0.787628 0.61124 0.789847 0.611561 0.986101 0.609051 0.939203 0.703671 0.939203 0.703671 0.81669 0.702883 0.789847 0.611561 0.977462 0.483854 0.986141 0.60951 0.787603 0.611909 0.977462 0.483854 0.787603 0.611909 0.77449 0.483888 0.525807 0.603774 0.628388 0.609461 0.626476 0.682441 0.532894 0.483709 0.628388 0.609461 0.525807 0.603774 0.713664 0.486309 0.628388 0.609461 0.532894 0.483709 0.804538 0.665512 0.806729 0.685815 0.73181 0.6642 0.73181 0.6642 0.806729 0.685815 0.754634 0.686158 0.755376 0.68632 0.807222 0.685895 0.805147 0.649686 0.755376 0.68632 0.805147 0.649686 0.754254 0.629804 0.804371 0.660537 0.807833 0.630094 0.755029 0.628641 0.732971 0.641279 0.804538 0.665512 0.73181 0.6642 0.732196 0.65213 0.755522 0.62851 0.808188 0.630034 0.806444 0.631197 0.804538 0.665512 0.732971 0.641279 0.397828 0.617336 0.4938 0.616836 0.391036 0.602777 0.392293 0.580851 0.495302 0.616654 0.397273 0.617238 0.495302 0.616654 0.493854 0.616898 0.397273 0.617238 0.4938 0.616836 0.493034 0.557829 0.391036 0.602777 0.397021 0.556512 0.391036 0.602777 0.493034 0.557829 0.495302 0.616654 0.397807 0.556436 0.493912 0.557915 0.495302 0.616654 0.392293 0.580851 0.397807 0.556436 0.732853 0.643242 0.701244 0.655777 0.732126 0.666179 0.701244 0.655777 0.755752 0.686406 0.732126 0.666179 0.720042 0.643188 0.701244 0.655777 0.732853 0.643242 0.732853 0.643242 0.753243 0.629818 0.720042 0.643188 0.803173 0.666303 0.732126 0.666179 0.805534 0.685869 0.732126 0.666179 0.755752 0.686406 0.805534 0.685869 0.754994 0.686244 0.80339 0.648833 0.805041 0.685787 0.754994 0.686244 0.75373 0.629686 0.80339 0.648833 0.802615 0.659685 0.754505 0.628523 0.806492 0.630003 0.732853 0.643242 0.732126 0.666179 0.803173 0.666303 0.732078 0.654093 0.806137 0.630066 0.754018 0.628655 0.804393 0.631228 0.732853 0.643242 0.803173 0.666303 0.73047 0.609455 0.748124 0.700732 0.626476 0.682441 0.625021 0.643458 0.748611 0.699217 0.621857 0.69056 0.792069 0.69655 0.789847 0.611561 0.81669 0.702883 0.548697 0.402596 0.585254 0.401062 0.547309 0.483993 0.686367 0.405419 0.800661 0.410343 0.675907 0.483725 0.675907 0.483725 0.800661 0.410343 0.817154 0.484531 0.81305 0.484116 0.802442 0.410157 0.676563 0.484716 0.676563 0.484716 0.802442 0.410157 0.686081 0.403626 0.942059 0.404343 0.98336 0.413509 0.971769 0.48607 0.813828 0.484603 0.803182 0.411995 0.860182 0.406525 0.713664 0.486309 0.73047 0.609455 0.628388 0.609461 0.628388 0.609461 0.73047 0.609455 0.626476 0.682441 0.519129 0.700528 0.519635 0.698739 0.621857 0.69056 0.621857 0.69056 0.570294 0.699276 0.519129 0.700528 0.687021 0.700978 0.570294 0.699276 0.621857 0.69056 0.687021 0.700978 0.621857 0.69056 0.748611 0.699217 0.748611 0.699217 0.748313 0.699366 0.687021 0.700978 0.860182 0.406525 0.942059 0.404343 0.813828 0.484603 0.971769 0.48607 0.813828 0.484603 0.942059 0.404343 0.976582 0.929792 0.807541 0.980831 0.828623 0.937604 0.996632 0.998994 0.807541 0.980831 0.976582 0.929792 0.996463 0.996056 0.828448 0.934219 0.805244 0.977595 0.828448 0.934219 0.996463 0.996056 0.976407 0.926407 0.828623 0.937604 0.807541 0.980831 0.7835 0.915715 0.805244 0.977595 0.828448 0.934219 0.783712 0.918531 0.996639 0.999442 0.812692 0.986076 0.996632 0.998994 0.805244 0.977595 0.812517 0.982691 0.996463 0.996056 0.812692 0.986076 0.807541 0.980831 0.996632 0.998994 0.960415 0.958876 0.984574 0.945014 0.961073 0.880616 0.998916 0.879884 0.961073 0.880616 0.984574 0.945014 0.984574 0.945014 0.998895 0.952804 0.998916 0.879884 0.998588 0.891446 0.996639 0.999442 0.996632 0.998994 0.996632 0.998994 0.998495 0.884289 0.998588 0.891446 0.476414 0.858337 0.440161 0.805969 0.451895 0.859384 0.539679 0.854296 0.60699 0.806744 0.440161 0.805969 0.440161 0.805969 0.476414 0.858337 0.539679 0.854296 0.594577 0.852732 0.539679 0.854296 0.539679 0.854296 0.594577 0.852732 0.539679 0.854296 0.594577 0.852732 0.44381 0.858751 0.455415 0.858245 0.455415 0.858245 0.44381 0.858751 0.455415 0.858245 0.44381 0.858751 0.443528 0.85821 0.451895 0.859384 0.440161 0.805969 0.443508 0.858179 0.443528 0.85821 0.440161 0.805969 0.443508 0.858179 0.440161 0.805969 0.42179 0.805784 0.477047 0.857377 0.539895 0.854841 0.539895 0.854841 0.477047 0.857377 0.539895 0.854841 0.477047 0.857377 0.44381 0.858751 0.443789 0.858719 0.455415 0.858245 0.59446 0.853612 0.609846 0.852018 0.609846 0.852018 0.59446 0.853612 0.609846 0.852018 0.59446 0.853612 0.539895 0.854841 0.59446 0.853612 0.59446 0.853612 0.539895 0.854841 0.59446 0.853612 0.539895 0.854841 0.539679 0.854296 0.476414 0.858337 0.476414 0.858337 0.539679 0.854296 0.476414 0.858337 0.539679 0.854296 0.449969 0.805987 0.455415 0.858245 0.443789 0.858719 0.443789 0.858719 0.422359 0.806252 0.449969 0.805987 0.477047 0.857377 0.455415 0.858245 0.449969 0.805987 0.607558 0.808127 0.539895 0.854841 0.477047 0.857377 0.477047 0.857377 0.449969 0.805987 0.607558 0.808127 0.539895 0.854841 0.607558 0.808127 0.59446 0.853612 0.624505 0.807333 0.609846 0.852018 0.59446 0.853612 0.59446 0.853612 0.607558 0.808127 0.624505 0.807333 0.60699 0.806744 0.594577 0.852732 0.609526 0.850917 0.609526 0.850917 0.623939 0.806183 0.60699 0.806744 0.60699 0.806744 0.539679 0.854296 0.594577 0.852732 0.451895 0.859384 0.443528 0.85821 0.443528 0.85821 0.451895 0.859384 0.443528 0.85821 0.451895 0.859384 0.455415 0.858245 0.477047 0.857377 0.477047 0.857377 0.455415 0.858245 0.477047 0.857377 0.455415 0.858245 0.476414 0.858337 0.451895 0.859384 0.451895 0.859384 0.476414 0.858337 0.451895 0.859384 0.476414 0.858337 0.609526 0.850917 0.594577 0.852732 0.594577 0.852732 0.609526 0.850917 0.594577 0.852732 0.609526 0.850917 0.455415 0.858245 0.477047 0.857377 0.534187 0.926185 0.534187 0.926185 0.485137 0.924778 0.455415 0.858245 0.535091 0.959619 0.545531 0.923779 0.485218 0.924098 0.477047 0.857377 0.539895 0.854841 0.534187 0.926185 0.594577 0.852732 0.539679 0.854296 0.545531 0.923779 0.545531 0.923779 0.57597 0.922231 0.594577 0.852732 0.594577 0.852732 0.57597 0.922231 0.609526 0.850917 0.539895 0.854841 0.59446 0.853612 0.575898 0.923218 0.575898 0.923218 0.534187 0.926185 0.539895 0.854841 0.59446 0.853612 0.609846 0.852018 0.575898 0.923218 0.455415 0.858245 0.485137 0.924778 0.44381 0.858751 0.534187 0.926185 0.575898 0.923218 0.534815 0.960468 0.534187 0.926185 0.534815 0.960468 0.485137 0.924778 0.535091 0.959619 0.57597 0.922231 0.545531 0.923779 0.443528 0.85821 0.485218 0.924098 0.451895 0.859384 0.545531 0.923779 0.476414 0.858337 0.451895 0.859384 0.451895 0.859384 0.485218 0.924098 0.545531 0.923779 0.539679 0.854296 0.476414 0.858337 0.545531 0.923779 0.684257 0.40282 0.659668 0.402809 0.636503 0.341171 0.684257 0.40282 0.636503 0.341171 0.685312 0.341722 0.686081 0.403626 0.802442 0.410157 0.794931 0.343899 0.686081 0.403626 0.794931 0.343899 0.682292 0.347962 0.800661 0.410343 0.686367 0.405419 0.68501 0.341391 0.800661 0.410343 0.68501 0.341391 0.795252 0.344992 0.98336 0.413509 0.942059 0.404343 0.942179 0.340946 0.98336 0.413509 0.942179 0.340946 0.991551 0.341299 0.659668 0.402809 0.585254 0.401062 0.594003 0.342007 0.659668 0.402809 0.594003 0.342007 0.636503 0.341171 0.860182 0.406525 0.803182 0.411995 0.791391 0.342246 0.860182 0.406525 0.791391 0.342246 0.859941 0.341592 0.585254 0.401062 0.548697 0.402596 0.547051 0.341745 0.585254 0.401062 0.547051 0.341745 0.594003 0.342007 0.860182 0.406525 0.942179 0.340946 0.942059 0.404343 0.860182 0.406525 0.859941 0.341592 0.942179 0.340946 0.640773 0.762616 0.64082 0.76259 0.661711 0.756832 0.661711 0.756832 0.661664 0.756873 0.640773 0.762616 0.662755 0.758965 0.662975 0.786939 0.641948 0.782931 0.641948 0.782931 0.641767 0.763739 0.662755 0.758965 0.661664 0.756873 0.662269 0.784861 0.641172 0.78181 0.641172 0.78181 0.640773 0.762616 0.661664 0.756873 0.586341 0.762367 0.586444 0.762277 0.611312 0.777223 0.611312 0.777223 0.611209 0.77728 0.586341 0.762367 0.613369 0.779266 0.613764 0.821085 0.589197 0.827881 0.589197 0.827881 0.588718 0.766926 0.613369 0.779266 0.611209 0.77728 0.61208 0.819104 0.587659 0.823354 0.587659 0.823354 0.586341 0.762367 0.611209 0.77728 0.847787 0.70101 0.829806 0.700993 0.858035 0.626656 0.858035 0.626656 0.869488 0.627604 0.847787 0.70101 0.847811 0.700961 0.847787 0.70101 0.869488 0.627604 0.869488 0.627604 0.869512 0.627554 0.847811 0.700961 0.829806 0.700993 0.847811 0.700961 0.869512 0.627554 0.869512 0.627554 0.858035 0.626656 0.829806 0.700993 0.625294 0.772452 0.625294 0.772492 0.625294 0.772492 0.829806 0.700993 0.847787 0.70101 0.847811 0.700961 0.625076 0.772871 0.625076 0.77287 0.64082 0.76259 0.64082 0.76259 0.640773 0.762616 0.625076 0.772871 0.625077 0.77291 0.625076 0.772871 0.640773 0.762616 0.640773 0.762616 0.641172 0.78181 0.625077 0.77291 0.641767 0.763739 0.641948 0.782931 0.625294 0.772492 0.625294 0.772492 0.625294 0.772452 0.641767 0.763739</float_array>
          <technique_common>
            <accessor source="#hoplis-mesh-map-0-array" count="1206" stride="2">
              <param name="S" type="float"/>
              <param name="T" type="float"/>
            </accessor>
          </technique_common>
        </source>
        <vertices id="hoplis-mesh-vertices">
          <input semantic="POSITION" source="#hoplis-mesh-positions"/>
        </vertices>
        <triangles material="Agema_000-material" count="402">
          <input semantic="VERTEX" source="#hoplis-mesh-vertices" offset="0"/>
          <input semantic="NORMAL" source="#hoplis-mesh-normals" offset="1"/>
          <input semantic="TEXCOORD" source="#hoplis-mesh-map-0" offset="2" set="0"/>
          <p>0 0 0 15 0 1 14 0 2 0 1 3 1 1 4 15 1 5 16 2 6 15 2 7 1 2 8 1 3 9 2 3 10 16 3 11 17 4 12 16 4 13 2 4 14 2 5 15 3 5 16 17 5 17 18 6 18 17 6 19 3 6 20 3 7 21 4 7 22 18 7 23 19 8 24 18 8 25 4 8 26 4 9 27 5 9 28 19 9 29 20 10 30 19 10 31 5 10 32 5 11 33 6 11 34 20 11 35 21 12 36 20 12 37 6 12 38 6 13 39 7 13 40 21 13 41 22 14 42 21 14 43 7 14 44 7 15 45 8 15 46 22 15 47 23 16 48 22 16 49 8 16 50 8 17 51 9 17 52 23 17 53 24 18 54 23 18 55 9 18 56 9 19 57 10 19 58 24 19 59 25 20 60 24 20 61 10 20 62 10 21 63 11 21 64 25 21 65 26 22 66 25 22 67 11 22 68 11 23 69 12 23 70 26 23 71 27 24 72 26 24 73 12 24 74 12 25 75 13 25 76 27 25 77 14 26 78 27 26 79 13 26 80 13 27 81 0 27 82 14 27 83 28 28 84 29 28 85 1 28 86 1 29 87 0 29 88 28 29 89 29 30 90 30 30 91 2 30 92 2 31 93 1 31 94 29 31 95 30 32 96 31 32 97 3 32 98 3 33 99 2 33 100 30 33 101 31 34 102 32 34 103 4 34 104 4 35 105 3 35 106 31 35 107 32 36 108 33 36 109 5 36 110 5 37 111 4 37 112 32 37 113 33 38 114 34 38 115 6 38 116 6 39 117 5 39 118 33 39 119 34 40 120 35 40 121 7 40 122 7 41 123 6 41 124 34 41 125 35 42 126 36 42 127 8 42 128 8 43 129 7 43 130 35 43 131 36 44 132 37 44 133 9 44 134 9 45 135 8 45 136 36 45 137 37 46 138 38 46 139 10 46 140 10 47 141 9 47 142 37 47 143 38 48 144 39 48 145 11 48 146 11 49 147 10 49 148 38 49 149 39 50 150 40 50 151 12 50 152 12 51 153 11 51 154 39 51 155 40 52 156 41 52 157 13 52 158 13 53 159 12 53 160 40 53 161 0 54 162 41 54 163 28 54 164 0 55 165 13 55 166 41 55 167 29 56 168 28 56 169 42 56 170 30 57 171 29 57 172 42 57 173 31 58 174 30 58 175 42 58 176 32 59 177 31 59 178 42 59 179 33 60 180 32 60 181 42 60 182 34 61 183 33 61 184 42 61 185 35 62 186 34 62 187 42 62 188 36 63 189 35 63 190 42 63 191 37 64 192 36 64 193 42 64 194 38 65 195 37 65 196 42 65 197 39 66 198 38 66 199 42 66 200 40 67 201 39 67 202 42 67 203 41 68 204 40 68 205 42 68 206 28 69 207 41 69 208 42 69 209 44 70 210 43 70 211 14 70 212 14 71 213 15 71 214 44 71 215 45 72 216 44 72 217 15 72 218 15 73 219 16 73 220 45 73 221 46 74 222 45 74 223 16 74 224 16 75 225 17 75 226 46 75 227 47 76 228 46 76 229 17 76 230 17 77 231 18 77 232 47 77 233 48 78 234 47 78 235 18 78 236 18 79 237 19 79 238 48 79 239 49 80 240 48 80 241 19 80 242 19 81 243 20 81 244 49 81 245 50 82 246 49 82 247 20 82 248 20 83 249 21 83 250 50 83 251 51 84 252 50 84 253 21 84 254 21 85 255 22 85 256 51 85 257 52 86 258 51 86 259 22 86 260 22 87 261 23 87 262 52 87 263 53 88 264 52 88 265 23 88 266 23 89 267 24 89 268 53 89 269 54 90 270 53 90 271 24 90 272 24 91 273 25 91 274 54 91 275 55 92 276 54 92 277 25 92 278 25 93 279 26 93 280 55 93 281 56 94 282 55 94 283 26 94 284 26 95 285 27 95 286 56 95 287 43 96 288 56 96 289 27 96 290 27 97 291 14 97 292 43 97 293 58 98 294 57 98 295 43 98 296 43 99 297 44 99 298 58 99 299 59 100 300 58 100 301 44 100 302 44 101 303 45 101 304 59 101 305 60 102 306 59 102 307 45 102 308 45 103 309 46 103 310 60 103 311 61 104 312 60 104 313 46 104 314 46 105 315 47 105 316 61 105 317 62 106 318 61 106 319 47 106 320 47 107 321 48 107 322 62 107 323 63 108 324 62 108 325 48 108 326 48 109 327 49 109 328 63 109 329 64 110 330 63 110 331 49 110 332 49 111 333 50 111 334 64 111 335 65 112 336 64 112 337 50 112 338 50 113 339 51 113 340 65 113 341 66 114 342 65 114 343 51 114 344 51 115 345 52 115 346 66 115 347 67 116 348 66 116 349 52 116 350 52 117 351 53 117 352 67 117 353 68 118 354 67 118 355 53 118 356 53 119 357 54 119 358 68 119 359 69 120 360 68 120 361 54 120 362 54 121 363 55 121 364 69 121 365 70 122 366 69 122 367 55 122 368 55 123 369 56 123 370 70 123 371 57 124 372 70 124 373 56 124 374 56 125 375 43 125 376 57 125 377 57 126 378 58 126 379 71 126 380 58 127 381 59 127 382 71 127 383 59 128 384 60 128 385 71 128 386 60 129 387 61 129 388 71 129 389 61 130 390 62 130 391 71 130 392 62 131 393 63 131 394 71 131 395 63 132 396 64 132 397 71 132 398 64 133 399 65 133 400 71 133 401 65 134 402 66 134 403 71 134 404 66 135 405 67 135 406 71 135 407 67 136 408 68 136 409 71 136 410 68 137 411 69 137 412 71 137 413 69 138 414 70 138 415 71 138 416 70 139 417 57 139 418 71 139 419 83 140 420 84 140 421 82 140 422 75 141 423 83 141 424 82 141 425 92 142 426 75 142 427 82 142 428 74 143 429 92 143 430 82 143 431 85 144 432 73 144 433 91 144 434 85 145 435 91 145 436 72 145 437 80 146 438 85 146 439 72 146 440 81 147 441 82 147 442 84 147 443 84 148 444 86 148 445 81 148 446 85 149 447 80 149 448 81 149 449 81 150 450 86 150 451 85 150 452 87 151 453 72 151 454 88 151 455 88 152 456 98 152 457 87 152 458 88 153 459 77 153 460 89 153 461 89 154 462 98 154 463 88 154 464 99 155 465 78 155 466 95 155 467 90 156 468 77 156 469 88 156 470 88 157 471 72 157 472 91 157 473 91 158 474 73 158 475 90 158 476 92 159 477 93 159 478 94 159 479 92 160 480 74 160 481 93 160 482 93 161 483 79 161 484 94 161 485 94 162 486 75 162 487 92 162 488 95 163 489 79 163 490 93 163 491 93 164 492 99 164 493 95 164 494 93 165 495 74 165 496 96 165 497 96 166 498 99 166 499 93 166 500 79 167 501 101 167 502 103 167 503 79 168 504 103 168 505 77 168 506 100 169 507 103 169 508 101 169 509 97 170 510 76 170 511 89 170 512 97 171 513 89 171 514 103 171 515 95 172 516 101 172 517 79 172 518 89 173 519 77 173 520 103 173 521 95 174 522 78 174 523 97 174 524 97 175 525 102 175 526 101 175 527 95 176 528 97 176 529 101 176 530 102 177 531 100 177 532 101 177 533 103 178 534 100 178 535 102 178 536 91 179 537 90 179 538 88 179 539 89 180 540 76 180 541 98 180 542 98 181 543 76 181 544 87 181 545 99 182 546 96 182 547 78 182 548 103 183 549 102 183 550 97 183 551 107 184 552 104 184 553 139 184 554 107 185 555 138 185 556 104 185 557 108 186 558 140 186 559 169 186 560 104 187 561 169 187 562 140 187 563 169 188 564 138 188 565 108 188 566 139 189 567 108 189 568 107 189 569 139 190 570 140 190 571 108 190 572 138 191 573 169 191 574 104 191 575 104 192 576 140 192 577 139 192 578 110 193 579 106 193 580 105 193 581 110 194 582 105 194 583 109 194 584 111 195 585 170 195 586 141 195 587 105 196 588 141 196 589 170 196 590 170 197 591 111 197 592 109 197 593 106 198 594 110 198 595 111 198 596 106 199 597 111 199 598 141 199 599 109 200 600 105 200 601 170 200 602 105 201 603 106 201 604 141 201 605 144 202 606 143 202 607 113 202 608 177 203 609 144 203 610 113 203 611 176 204 612 112 204 613 143 204 614 143 205 615 144 205 616 176 205 617 143 206 618 145 206 619 113 206 620 112 207 621 145 207 622 143 207 623 176 208 624 177 208 625 142 208 626 112 209 627 176 209 628 142 209 629 142 210 630 177 210 631 113 210 632 177 211 633 114 211 634 144 211 635 171 212 636 144 212 637 114 212 638 144 213 639 171 213 640 176 213 641 171 214 642 114 214 643 177 214 644 177 215 645 176 215 646 171 215 647 160 216 648 163 216 649 150 216 650 115 217 651 116 217 652 161 217 653 116 218 654 162 218 655 161 218 656 146 219 657 149 219 658 117 219 659 151 220 660 146 220 661 118 220 662 118 221 663 146 221 664 117 221 665 117 222 666 149 222 667 147 222 668 148 223 669 147 223 670 149 223 671 118 224 672 147 224 673 148 224 674 118 225 675 148 225 676 151 225 677 127 226 678 166 226 679 158 226 680 127 227 681 158 227 682 119 227 683 127 228 684 119 228 685 126 228 686 180 229 687 178 229 688 161 229 689 161 230 690 178 230 691 115 230 692 160 231 693 150 231 694 180 231 695 180 232 696 161 232 697 160 232 698 130 233 699 119 233 700 115 233 701 150 234 702 130 234 703 115 234 704 158 235 705 131 235 706 172 235 707 172 236 708 131 236 709 157 236 710 157 237 711 150 237 712 163 237 713 163 238 714 123 238 715 157 238 716 130 239 717 150 239 718 157 239 719 130 240 720 157 240 721 131 240 722 115 241 723 122 241 724 116 241 725 119 242 726 122 242 727 115 242 728 158 243 729 122 243 730 119 243 731 151 244 732 148 244 733 178 244 734 178 245 735 148 245 736 115 245 737 115 246 738 148 246 739 149 246 740 115 247 741 149 247 742 150 247 743 149 248 744 146 248 745 150 248 746 180 249 747 151 249 748 178 249 749 180 250 750 150 250 751 146 250 752 146 251 753 151 251 754 180 251 755 152 252 756 153 252 757 156 252 758 154 253 759 179 253 760 152 253 761 179 254 762 153 254 763 152 254 764 153 255 765 120 255 766 156 255 767 155 256 768 156 256 769 120 256 770 179 257 771 155 257 772 120 257 773 179 258 774 154 258 775 155 258 776 173 259 777 164 259 778 121 259 779 164 260 780 172 260 781 121 260 782 165 261 783 164 261 784 173 261 785 173 262 786 157 262 787 165 262 788 154 263 789 121 263 790 155 263 791 121 264 792 172 264 793 155 264 794 172 265 795 156 265 796 155 265 797 172 266 798 157 266 799 156 266 800 156 267 801 157 267 802 152 267 803 173 268 804 121 268 805 154 268 806 173 269 807 152 269 808 157 269 809 152 270 810 173 270 811 154 270 812 172 271 813 164 271 814 116 271 815 116 272 816 164 272 817 162 272 818 165 273 819 157 273 820 123 273 821 159 274 822 126 274 823 119 274 824 166 275 825 129 275 826 158 275 827 158 276 828 129 276 829 131 276 830 130 277 831 128 277 832 119 277 833 119 278 834 128 278 835 159 278 836 125 279 837 128 279 838 130 279 839 131 280 840 129 280 841 124 280 842 158 281 843 172 281 844 122 281 845 122 282 846 172 282 847 116 282 848 160 283 849 161 283 850 162 283 851 162 284 852 163 284 853 160 284 854 123 285 855 163 285 856 162 285 857 123 286 858 162 286 859 164 286 860 164 287 861 165 287 862 123 287 863 124 288 864 125 288 865 131 288 866 130 289 867 131 289 868 125 289 869 134 290 870 133 290 871 135 290 872 136 291 873 133 291 874 134 291 875 168 292 876 135 292 877 174 292 878 135 293 879 168 293 880 134 293 881 135 294 882 133 294 883 167 294 884 174 295 885 135 295 886 167 295 887 168 296 888 132 296 889 136 296 890 174 297 891 132 297 892 168 297 893 132 298 894 133 298 895 136 298 896 136 299 897 134 299 898 137 299 899 175 300 900 137 300 901 134 300 902 134 301 903 168 301 904 175 301 905 175 302 906 168 302 907 136 302 908 136 303 909 137 303 910 175 303 911 197 304 912 183 304 913 181 304 914 195 305 915 185 305 916 183 305 917 183 306 918 197 306 919 195 306 920 194 307 921 195 307 922 204 307 923 194 308 924 204 308 925 207 308 926 196 309 927 182 309 928 202 309 929 196 310 930 202 310 931 212 310 932 196 311 933 181 311 934 183 311 935 189 312 936 196 312 937 183 312 938 189 313 939 183 313 940 188 313 941 190 314 942 191 314 943 201 314 944 190 315 945 201 315 946 200 315 947 196 316 948 189 316 949 182 316 950 192 317 951 193 317 952 206 317 953 192 318 954 206 318 955 211 318 956 191 319 957 192 319 958 211 319 959 191 320 960 211 320 961 201 320 962 195 321 963 197 321 964 210 321 965 195 322 966 210 322 967 204 322 968 184 323 969 182 323 970 189 323 971 189 324 972 188 324 973 184 324 974 190 325 975 182 325 976 184 325 977 186 326 978 191 326 979 190 326 980 190 327 981 184 327 982 186 327 983 191 328 984 186 328 985 192 328 986 187 329 987 193 329 988 192 329 989 192 330 990 186 330 991 187 330 992 185 331 993 194 331 994 193 331 995 193 332 996 187 332 997 185 332 998 185 333 999 195 333 1000 194 333 1001 181 334 1002 196 334 1003 212 334 1004 181 335 1005 212 335 1006 209 335 1007 182 336 1008 190 336 1009 200 336 1010 182 337 1011 200 337 1012 202 337 1013 197 338 1014 181 338 1015 209 338 1016 197 339 1017 209 339 1018 210 339 1019 193 340 1020 194 340 1021 207 340 1022 193 341 1023 207 341 1024 206 341 1025 202 342 1026 200 342 1027 203 342 1028 203 343 1029 208 343 1030 202 343 1031 199 344 1032 198 344 1033 208 344 1034 200 345 1035 201 345 1036 203 345 1037 207 346 1038 204 346 1039 198 346 1040 198 347 1041 205 347 1042 207 347 1043 207 348 1044 205 348 1045 206 348 1046 201 349 1047 211 349 1048 205 349 1049 205 350 1050 203 350 1051 201 350 1052 211 351 1053 206 351 1054 205 351 1055 202 352 1056 208 352 1057 212 352 1058 203 353 1059 205 353 1060 199 353 1061 203 354 1062 199 354 1063 208 354 1064 199 355 1065 205 355 1066 198 355 1067 212 356 1068 208 356 1069 209 356 1070 198 357 1071 210 357 1072 209 357 1073 209 358 1074 208 358 1075 198 358 1076 204 359 1077 210 359 1078 198 359 1079 166 360 1080 127 360 1081 216 360 1082 166 361 1083 216 361 1084 220 361 1085 159 362 1086 128 362 1087 217 362 1088 159 363 1089 217 363 1090 219 363 1091 129 364 1092 166 364 1093 220 364 1094 129 365 1095 220 365 1096 218 365 1097 128 366 1098 125 366 1099 214 366 1100 128 367 1101 214 367 1102 217 367 1103 127 368 1104 126 368 1105 215 368 1106 127 369 1107 215 369 1108 216 369 1109 124 370 1110 129 370 1111 218 370 1112 124 371 1113 218 371 1114 213 371 1115 126 372 1116 159 372 1117 219 372 1118 126 373 1119 219 373 1120 215 373 1121 124 374 1122 214 374 1123 125 374 1124 124 375 1125 213 375 1126 214 375 1127 235 376 1128 221 376 1129 226 376 1130 226 377 1131 222 377 1132 235 377 1133 223 378 1134 226 378 1135 221 378 1136 221 379 1137 227 379 1138 223 379 1139 222 380 1140 223 380 1141 227 380 1142 227 381 1143 235 381 1144 222 381 1145 222 382 1146 226 382 1147 228 382 1148 228 383 1149 229 383 1150 222 383 1151 232 384 1152 228 384 1153 226 384 1154 226 385 1155 223 385 1156 232 385 1157 229 386 1158 232 386 1159 223 386 1160 223 387 1161 222 387 1162 229 387 1163 234 388 1164 233 388 1165 229 388 1166 229 389 1167 228 389 1168 234 389 1169 224 390 1170 234 390 1171 228 390 1172 228 391 1173 232 391 1174 224 391 1175 233 392 1176 224 392 1177 232 392 1178 232 393 1179 229 393 1180 233 393 1181 231 394 1182 225 394 1183 230 394 1184 233 395 1185 234 395 1186 224 395 1187 230 396 1188 225 396 1189 221 396 1190 221 397 1191 235 397 1192 230 397 1193 231 398 1194 230 398 1195 235 398 1196 235 399 1197 227 399 1198 231 399 1199 227 400 1200 221 400 1201 225 400 1202 225 401 1203 231 401 1204 227 401 1205</p>
        </triangles>
      </mesh>
    </geometry>
  </library_geometries>
  <library_animations>
    <animation id="machairophoros_sele2_Skin_root_pose_matrix">
      <source id="machairophoros_sele2_Skin_root_pose_matrix-input">
        <float_array id="machairophoros_sele2_Skin_root_pose_matrix-input-array" count="1">0.04166662</float_array>
        <technique_common>
          <accessor source="#machairophoros_sele2_Skin_root_pose_matrix-input-array" count="1" stride="1">
            <param name="TIME" type="float"/>
          </accessor>
        </technique_common>
      </source>
      <source id="machairophoros_sele2_Skin_root_pose_matrix-output">
        <float_array id="machairophoros_sele2_Skin_root_pose_matrix-output-array" count="16">1 5.49894e-16 2.62398e-8 0 2.62398e-8 -1.34359e-7 -1 -1.01207e-7 2.97565e-15 1 -1.19209e-7 2.154822 0 0 0 1</float_array>
        <technique_common>
          <accessor source="#machairophoros_sele2_Skin_root_pose_matrix-output-array" count="1" stride="16">
            <param name="TRANSFORM" type="float4x4"/>
          </accessor>
        </technique_common>
      </source>
      <source id="machairophoros_sele2_Skin_root_pose_matrix-interpolation">
        <Name_array id="machairophoros_sele2_Skin_root_pose_matrix-interpolation-array" count="1">LINEAR</Name_array>
        <technique_common>
          <accessor source="#machairophoros_sele2_Skin_root_pose_matrix-interpolation-array" count="1" stride="1">
            <param name="INTERPOLATION" type="name"/>
          </accessor>
        </technique_common>
      </source>
      <sampler id="machairophoros_sele2_Skin_root_pose_matrix-sampler">
        <input semantic="INPUT" source="#machairophoros_sele2_Skin_root_pose_matrix-input"/>
        <input semantic="OUTPUT" source="#machairophoros_sele2_Skin_root_pose_matrix-output"/>
        <input semantic="INTERPOLATION" source="#machairophoros_sele2_Skin_root_pose_matrix-interpolation"/>
      </sampler>
      <channel source="#machairophoros_sele2_Skin_root_pose_matrix-sampler" target="machairophoros_sele2_Skin_root/transform"/>
    </animation>
    <animation id="machairophoros_sele2_Skin_pelvis_pose_matrix">
      <source id="machairophoros_sele2_Skin_pelvis_pose_matrix-input">
        <float_array id="machairophoros_sele2_Skin_pelvis_pose_matrix-input-array" count="1">0.04166662</float_array>
        <technique_common>
          <accessor source="#machairophoros_sele2_Skin_pelvis_pose_matrix-input-array" count="1" stride="1">
            <param name="TIME" type="float"/>
          </accessor>
        </technique_common>
      </source>
      <source id="machairophoros_sele2_Skin_pelvis_pose_matrix-output">
        <float_array id="machairophoros_sele2_Skin_pelvis_pose_matrix-output-array" count="16">1 0 9.28837e-9 2.88204e-4 -3.46018e-16 1 3.72528e-8 -0.1648533 -9.28837e-9 -3.72528e-8 1 -0.05965076 0 0 0 1</float_array>
        <technique_common>
          <accessor source="#machairophoros_sele2_Skin_pelvis_pose_matrix-output-array" count="1" stride="16">
            <param name="TRANSFORM" type="float4x4"/>
          </accessor>
        </technique_common>
      </source>
      <source id="machairophoros_sele2_Skin_pelvis_pose_matrix-interpolation">
        <Name_array id="machairophoros_sele2_Skin_pelvis_pose_matrix-interpolation-array" count="1">LINEAR</Name_array>
        <technique_common>
          <accessor source="#machairophoros_sele2_Skin_pelvis_pose_matrix-interpolation-array" count="1" stride="1">
            <param name="INTERPOLATION" type="name"/>
          </accessor>
        </technique_common>
      </source>
      <sampler id="machairophoros_sele2_Skin_pelvis_pose_matrix-sampler">
        <input semantic="INPUT" source="#machairophoros_sele2_Skin_pelvis_pose_matrix-input"/>
        <input semantic="OUTPUT" source="#machairophoros_sele2_Skin_pelvis_pose_matrix-output"/>
        <input semantic="INTERPOLATION" source="#machairophoros_sele2_Skin_pelvis_pose_matrix-interpolation"/>
      </sampler>
      <channel source="#machairophoros_sele2_Skin_pelvis_pose_matrix-sampler" target="machairophoros_sele2_Skin_pelvis/transform"/>
    </animation>
    <animation id="machairophoros_sele2_Skin_femurleft_pose_matrix">
      <source id="machairophoros_sele2_Skin_femurleft_pose_matrix-input">
        <float_array id="machairophoros_sele2_Skin_femurleft_pose_matrix-input-array" count="1">0.04166662</float_array>
        <technique_common>
          <accessor source="#machairophoros_sele2_Skin_femurleft_pose_matrix-input-array" count="1" stride="1">
            <param name="TIME" type="float"/>
          </accessor>
        </technique_common>
      </source>
      <source id="machairophoros_sele2_Skin_femurleft_pose_matrix-output">
        <float_array id="machairophoros_sele2_Skin_femurleft_pose_matrix-output-array" count="16">1 -3.87761e-15 5.08076e-9 0.2292777 0 1 -3.72529e-8 -0.0098176 -5.08076e-9 3.75012e-8 1 0.05965088 0 0 0 1</float_array>
        <technique_common>
          <accessor source="#machairophoros_sele2_Skin_femurleft_pose_matrix-output-array" count="1" stride="16">
            <param name="TRANSFORM" type="float4x4"/>
          </accessor>
        </technique_common>
      </source>
      <source id="machairophoros_sele2_Skin_femurleft_pose_matrix-interpolation">
        <Name_array id="machairophoros_sele2_Skin_femurleft_pose_matrix-interpolation-array" count="1">LINEAR</Name_array>
        <technique_common>
          <accessor source="#machairophoros_sele2_Skin_femurleft_pose_matrix-interpolation-array" count="1" stride="1">
            <param name="INTERPOLATION" type="name"/>
          </accessor>
        </technique_common>
      </source>
      <sampler id="machairophoros_sele2_Skin_femurleft_pose_matrix-sampler">
        <input semantic="INPUT" source="#machairophoros_sele2_Skin_femurleft_pose_matrix-input"/>
        <input semantic="OUTPUT" source="#machairophoros_sele2_Skin_femurleft_pose_matrix-output"/>
        <input semantic="INTERPOLATION" source="#machairophoros_sele2_Skin_femurleft_pose_matrix-interpolation"/>
      </sampler>
      <channel source="#machairophoros_sele2_Skin_femurleft_pose_matrix-sampler" target="machairophoros_sele2_Skin_femurleft/transform"/>
    </animation>
    <animation id="machairophoros_sele2_Skin_butt-l_pose_matrix">
      <source id="machairophoros_sele2_Skin_butt-l_pose_matrix-input">
        <float_array id="machairophoros_sele2_Skin_butt-l_pose_matrix-input-array" count="1">0.04166662</float_array>
        <technique_common>
          <accessor source="#machairophoros_sele2_Skin_butt-l_pose_matrix-input-array" count="1" stride="1">
            <param name="TIME" type="float"/>
          </accessor>
        </technique_common>
      </source>
      <source id="machairophoros_sele2_Skin_butt-l_pose_matrix-output">
        <float_array id="machairophoros_sele2_Skin_butt-l_pose_matrix-output-array" count="16">1 -4.56025e-15 4.2319e-9 4.67554e-4 6.30602e-16 1 -1.49012e-7 -0.098526 -4.2319e-9 1.49012e-7 1 -0.2278655 0 0 0 1</float_array>
        <technique_common>
          <accessor source="#machairophoros_sele2_Skin_butt-l_pose_matrix-output-array" count="1" stride="16">
            <param name="TRANSFORM" type="float4x4"/>
          </accessor>
        </technique_common>
      </source>
      <source id="machairophoros_sele2_Skin_butt-l_pose_matrix-interpolation">
        <Name_array id="machairophoros_sele2_Skin_butt-l_pose_matrix-interpolation-array" count="1">LINEAR</Name_array>
        <technique_common>
          <accessor source="#machairophoros_sele2_Skin_butt-l_pose_matrix-interpolation-array" count="1" stride="1">
            <param name="INTERPOLATION" type="name"/>
          </accessor>
        </technique_common>
      </source>
      <sampler id="machairophoros_sele2_Skin_butt-l_pose_matrix-sampler">
        <input semantic="INPUT" source="#machairophoros_sele2_Skin_butt-l_pose_matrix-input"/>
        <input semantic="OUTPUT" source="#machairophoros_sele2_Skin_butt-l_pose_matrix-output"/>
        <input semantic="INTERPOLATION" source="#machairophoros_sele2_Skin_butt-l_pose_matrix-interpolation"/>
      </sampler>
      <channel source="#machairophoros_sele2_Skin_butt-l_pose_matrix-sampler" target="machairophoros_sele2_Skin_butt-l/transform"/>
    </animation>
    <animation id="machairophoros_sele2_Skin_knee-l-top_pose_matrix">
      <source id="machairophoros_sele2_Skin_knee-l-top_pose_matrix-input">
        <float_array id="machairophoros_sele2_Skin_knee-l-top_pose_matrix-input-array" count="1">0.04166662</float_array>
        <technique_common>
          <accessor source="#machairophoros_sele2_Skin_knee-l-top_pose_matrix-input-array" count="1" stride="1">
            <param name="TIME" type="float"/>
          </accessor>
        </technique_common>
      </source>
      <source id="machairophoros_sele2_Skin_knee-l-top_pose_matrix-output">
        <float_array id="machairophoros_sele2_Skin_knee-l-top_pose_matrix-output-array" count="16">1 -4.56025e-15 7.79386e-9 0.02838683 -4.6455e-15 1 5.96047e-7 -0.4877242 -7.79386e-9 -5.96047e-7 1 0.3577119 0 0 0 1</float_array>
        <technique_common>
          <accessor source="#machairophoros_sele2_Skin_knee-l-top_pose_matrix-output-array" count="1" stride="16">
            <param name="TRANSFORM" type="float4x4"/>
          </accessor>
        </technique_common>
      </source>
      <source id="machairophoros_sele2_Skin_knee-l-top_pose_matrix-interpolation">
        <Name_array id="machairophoros_sele2_Skin_knee-l-top_pose_matrix-interpolation-array" count="1">LINEAR</Name_array>
        <technique_common>
          <accessor source="#machairophoros_sele2_Skin_knee-l-top_pose_matrix-interpolation-array" count="1" stride="1">
            <param name="INTERPOLATION" type="name"/>
          </accessor>
        </technique_common>
      </source>
      <sampler id="machairophoros_sele2_Skin_knee-l-top_pose_matrix-sampler">
        <input semantic="INPUT" source="#machairophoros_sele2_Skin_knee-l-top_pose_matrix-input"/>
        <input semantic="OUTPUT" source="#machairophoros_sele2_Skin_knee-l-top_pose_matrix-output"/>
        <input semantic="INTERPOLATION" source="#machairophoros_sele2_Skin_knee-l-top_pose_matrix-interpolation"/>
      </sampler>
      <channel source="#machairophoros_sele2_Skin_knee-l-top_pose_matrix-sampler" target="machairophoros_sele2_Skin_knee-l-top/transform"/>
    </animation>
    <animation id="machairophoros_sele2_Skin_knee-l-bopttom_pose_matrix">
      <source id="machairophoros_sele2_Skin_knee-l-bopttom_pose_matrix-input">
        <float_array id="machairophoros_sele2_Skin_knee-l-bopttom_pose_matrix-input-array" count="1">0.04166662</float_array>
        <technique_common>
          <accessor source="#machairophoros_sele2_Skin_knee-l-bopttom_pose_matrix-input-array" count="1" stride="1">
            <param name="TIME" type="float"/>
          </accessor>
        </technique_common>
      </source>
      <source id="machairophoros_sele2_Skin_knee-l-bopttom_pose_matrix-output">
        <float_array id="machairophoros_sele2_Skin_knee-l-bopttom_pose_matrix-output-array" count="16">1 -4.56025e-15 3.00215e-8 0.03209621 5.59194e-15 1 -1.86264e-7 -0.736926 -3.00215e-8 1.86264e-7 1 -0.03760032 0 0 0 1</float_array>
        <technique_common>
          <accessor source="#machairophoros_sele2_Skin_knee-l-bopttom_pose_matrix-output-array" count="1" stride="16">
            <param name="TRANSFORM" type="float4x4"/>
          </accessor>
        </technique_common>
      </source>
      <source id="machairophoros_sele2_Skin_knee-l-bopttom_pose_matrix-interpolation">
        <Name_array id="machairophoros_sele2_Skin_knee-l-bopttom_pose_matrix-interpolation-array" count="1">LINEAR</Name_array>
        <technique_common>
          <accessor source="#machairophoros_sele2_Skin_knee-l-bopttom_pose_matrix-interpolation-array" count="1" stride="1">
            <param name="INTERPOLATION" type="name"/>
          </accessor>
        </technique_common>
      </source>
      <sampler id="machairophoros_sele2_Skin_knee-l-bopttom_pose_matrix-sampler">
        <input semantic="INPUT" source="#machairophoros_sele2_Skin_knee-l-bopttom_pose_matrix-input"/>
        <input semantic="OUTPUT" source="#machairophoros_sele2_Skin_knee-l-bopttom_pose_matrix-output"/>
        <input semantic="INTERPOLATION" source="#machairophoros_sele2_Skin_knee-l-bopttom_pose_matrix-interpolation"/>
      </sampler>
      <channel source="#machairophoros_sele2_Skin_knee-l-bopttom_pose_matrix-sampler" target="machairophoros_sele2_Skin_knee-l-bopttom/transform"/>
    </animation>
    <animation id="machairophoros_sele2_Skin_ankle_left_pose_matrix">
      <source id="machairophoros_sele2_Skin_ankle_left_pose_matrix-input">
        <float_array id="machairophoros_sele2_Skin_ankle_left_pose_matrix-input-array" count="1">0.04166662</float_array>
        <technique_common>
          <accessor source="#machairophoros_sele2_Skin_ankle_left_pose_matrix-input-array" count="1" stride="1">
            <param name="TIME" type="float"/>
          </accessor>
        </technique_common>
      </source>
      <source id="machairophoros_sele2_Skin_ankle_left_pose_matrix-output">
        <float_array id="machairophoros_sele2_Skin_ankle_left_pose_matrix-output-array" count="16">1 -5.11041e-8 8.89747e-7 0.008728117 2.95466e-7 -0.9295399 -0.3687219 -1.121673 8.45897e-7 0.3687219 -0.9295423 -0.06275661 0 0 0 1</float_array>
        <technique_common>
          <accessor source="#machairophoros_sele2_Skin_ankle_left_pose_matrix-output-array" count="1" stride="16">
            <param name="TRANSFORM" type="float4x4"/>
          </accessor>
        </technique_common>
      </source>
      <source id="machairophoros_sele2_Skin_ankle_left_pose_matrix-interpolation">
        <Name_array id="machairophoros_sele2_Skin_ankle_left_pose_matrix-interpolation-array" count="1">LINEAR</Name_array>
        <technique_common>
          <accessor source="#machairophoros_sele2_Skin_ankle_left_pose_matrix-interpolation-array" count="1" stride="1">
            <param name="INTERPOLATION" type="name"/>
          </accessor>
        </technique_common>
      </source>
      <sampler id="machairophoros_sele2_Skin_ankle_left_pose_matrix-sampler">
        <input semantic="INPUT" source="#machairophoros_sele2_Skin_ankle_left_pose_matrix-input"/>
        <input semantic="OUTPUT" source="#machairophoros_sele2_Skin_ankle_left_pose_matrix-output"/>
        <input semantic="INTERPOLATION" source="#machairophoros_sele2_Skin_ankle_left_pose_matrix-interpolation"/>
      </sampler>
      <channel source="#machairophoros_sele2_Skin_ankle_left_pose_matrix-sampler" target="machairophoros_sele2_Skin_ankle_left/transform"/>
    </animation>
    <animation id="machairophoros_sele2_Skin_foot_left01_pose_matrix">
      <source id="machairophoros_sele2_Skin_foot_left01_pose_matrix-input">
        <float_array id="machairophoros_sele2_Skin_foot_left01_pose_matrix-input-array" count="1">0.04166662</float_array>
        <technique_common>
          <accessor source="#machairophoros_sele2_Skin_foot_left01_pose_matrix-input-array" count="1" stride="1">
            <param name="TIME" type="float"/>
          </accessor>
        </technique_common>
      </source>
      <source id="machairophoros_sele2_Skin_foot_left01_pose_matrix-output">
        <float_array id="machairophoros_sele2_Skin_foot_left01_pose_matrix-output-array" count="16">1 7.68619e-7 2.72728e-5 2.68221e-7 -2.54241e-5 0.3889674 0.9212515 0.2168389 -9.90015e-6 -0.9212515 0.3889675 -0.2809217 0 0 0 1</float_array>
        <technique_common>
          <accessor source="#machairophoros_sele2_Skin_foot_left01_pose_matrix-output-array" count="1" stride="16">
            <param name="TRANSFORM" type="float4x4"/>
          </accessor>
        </technique_common>
      </source>
      <source id="machairophoros_sele2_Skin_foot_left01_pose_matrix-interpolation">
        <Name_array id="machairophoros_sele2_Skin_foot_left01_pose_matrix-interpolation-array" count="1">LINEAR</Name_array>
        <technique_common>
          <accessor source="#machairophoros_sele2_Skin_foot_left01_pose_matrix-interpolation-array" count="1" stride="1">
            <param name="INTERPOLATION" type="name"/>
          </accessor>
        </technique_common>
      </source>
      <sampler id="machairophoros_sele2_Skin_foot_left01_pose_matrix-sampler">
        <input semantic="INPUT" source="#machairophoros_sele2_Skin_foot_left01_pose_matrix-input"/>
        <input semantic="OUTPUT" source="#machairophoros_sele2_Skin_foot_left01_pose_matrix-output"/>
        <input semantic="INTERPOLATION" source="#machairophoros_sele2_Skin_foot_left01_pose_matrix-interpolation"/>
      </sampler>
      <channel source="#machairophoros_sele2_Skin_foot_left01_pose_matrix-sampler" target="machairophoros_sele2_Skin_foot_left01/transform"/>
    </animation>
    <animation id="machairophoros_sele2_Skin_femurright_pose_matrix">
      <source id="machairophoros_sele2_Skin_femurright_pose_matrix-input">
        <float_array id="machairophoros_sele2_Skin_femurright_pose_matrix-input-array" count="1">0.04166662</float_array>
        <technique_common>
          <accessor source="#machairophoros_sele2_Skin_femurright_pose_matrix-input-array" count="1" stride="1">
            <param name="TIME" type="float"/>
          </accessor>
        </technique_common>
      </source>
      <source id="machairophoros_sele2_Skin_femurright_pose_matrix-output">
        <float_array id="machairophoros_sele2_Skin_femurright_pose_matrix-output-array" count="16">1 -3.87761e-15 5.08076e-9 -0.2316408 0 1 0 -0.0098176 -5.08076e-9 2.48278e-10 1 0.05965088 0 0 0 1</float_array>
        <technique_common>
          <accessor source="#machairophoros_sele2_Skin_femurright_pose_matrix-output-array" count="1" stride="16">
            <param name="TRANSFORM" type="float4x4"/>
          </accessor>
        </technique_common>
      </source>
      <source id="machairophoros_sele2_Skin_femurright_pose_matrix-interpolation">
        <Name_array id="machairophoros_sele2_Skin_femurright_pose_matrix-interpolation-array" count="1">LINEAR</Name_array>
        <technique_common>
          <accessor source="#machairophoros_sele2_Skin_femurright_pose_matrix-interpolation-array" count="1" stride="1">
            <param name="INTERPOLATION" type="name"/>
          </accessor>
        </technique_common>
      </source>
      <sampler id="machairophoros_sele2_Skin_femurright_pose_matrix-sampler">
        <input semantic="INPUT" source="#machairophoros_sele2_Skin_femurright_pose_matrix-input"/>
        <input semantic="OUTPUT" source="#machairophoros_sele2_Skin_femurright_pose_matrix-output"/>
        <input semantic="INTERPOLATION" source="#machairophoros_sele2_Skin_femurright_pose_matrix-interpolation"/>
      </sampler>
      <channel source="#machairophoros_sele2_Skin_femurright_pose_matrix-sampler" target="machairophoros_sele2_Skin_femurright/transform"/>
    </animation>
    <animation id="machairophoros_sele2_Skin_butt-r_pose_matrix">
      <source id="machairophoros_sele2_Skin_butt-r_pose_matrix-input">
        <float_array id="machairophoros_sele2_Skin_butt-r_pose_matrix-input-array" count="1">0.04166662</float_array>
        <technique_common>
          <accessor source="#machairophoros_sele2_Skin_butt-r_pose_matrix-input-array" count="1" stride="1">
            <param name="TIME" type="float"/>
          </accessor>
        </technique_common>
      </source>
      <source id="machairophoros_sele2_Skin_butt-r_pose_matrix-output">
        <float_array id="machairophoros_sele2_Skin_butt-r_pose_matrix-output-array" count="16">1 -4.37098e-15 5.58592e-9 -0.003262356 3.32947e-15 1 -5.96046e-7 -0.09589529 -5.58592e-9 5.96046e-7 1 -0.2262757 0 0 0 1</float_array>
        <technique_common>
          <accessor source="#machairophoros_sele2_Skin_butt-r_pose_matrix-output-array" count="1" stride="16">
            <param name="TRANSFORM" type="float4x4"/>
          </accessor>
        </technique_common>
      </source>
      <source id="machairophoros_sele2_Skin_butt-r_pose_matrix-interpolation">
        <Name_array id="machairophoros_sele2_Skin_butt-r_pose_matrix-interpolation-array" count="1">LINEAR</Name_array>
        <technique_common>
          <accessor source="#machairophoros_sele2_Skin_butt-r_pose_matrix-interpolation-array" count="1" stride="1">
            <param name="INTERPOLATION" type="name"/>
          </accessor>
        </technique_common>
      </source>
      <sampler id="machairophoros_sele2_Skin_butt-r_pose_matrix-sampler">
        <input semantic="INPUT" source="#machairophoros_sele2_Skin_butt-r_pose_matrix-input"/>
        <input semantic="OUTPUT" source="#machairophoros_sele2_Skin_butt-r_pose_matrix-output"/>
        <input semantic="INTERPOLATION" source="#machairophoros_sele2_Skin_butt-r_pose_matrix-interpolation"/>
      </sampler>
      <channel source="#machairophoros_sele2_Skin_butt-r_pose_matrix-sampler" target="machairophoros_sele2_Skin_butt-r/transform"/>
    </animation>
    <animation id="machairophoros_sele2_Skin_knee-r-top_pose_matrix">
      <source id="machairophoros_sele2_Skin_knee-r-top_pose_matrix-input">
        <float_array id="machairophoros_sele2_Skin_knee-r-top_pose_matrix-input-array" count="1">0.04166662</float_array>
        <technique_common>
          <accessor source="#machairophoros_sele2_Skin_knee-r-top_pose_matrix-input-array" count="1" stride="1">
            <param name="TIME" type="float"/>
          </accessor>
        </technique_common>
      </source>
      <source id="machairophoros_sele2_Skin_knee-r-top_pose_matrix-output">
        <float_array id="machairophoros_sele2_Skin_knee-r-top_pose_matrix-output-array" count="16">1 -4.37098e-15 9.03824e-9 0.05288468 5.38721e-15 0.9999999 -5.96046e-7 -0.4883386 -9.03824e-9 5.96046e-7 1 0.3589506 0 0 0 1</float_array>
        <technique_common>
          <accessor source="#machairophoros_sele2_Skin_knee-r-top_pose_matrix-output-array" count="1" stride="16">
            <param name="TRANSFORM" type="float4x4"/>
          </accessor>
        </technique_common>
      </source>
      <source id="machairophoros_sele2_Skin_knee-r-top_pose_matrix-interpolation">
        <Name_array id="machairophoros_sele2_Skin_knee-r-top_pose_matrix-interpolation-array" count="1">LINEAR</Name_array>
        <technique_common>
          <accessor source="#machairophoros_sele2_Skin_knee-r-top_pose_matrix-interpolation-array" count="1" stride="1">
            <param name="INTERPOLATION" type="name"/>
          </accessor>
        </technique_common>
      </source>
      <sampler id="machairophoros_sele2_Skin_knee-r-top_pose_matrix-sampler">
        <input semantic="INPUT" source="#machairophoros_sele2_Skin_knee-r-top_pose_matrix-input"/>
        <input semantic="OUTPUT" source="#machairophoros_sele2_Skin_knee-r-top_pose_matrix-output"/>
        <input semantic="INTERPOLATION" source="#machairophoros_sele2_Skin_knee-r-top_pose_matrix-interpolation"/>
      </sampler>
      <channel source="#machairophoros_sele2_Skin_knee-r-top_pose_matrix-sampler" target="machairophoros_sele2_Skin_knee-r-top/transform"/>
    </animation>
    <animation id="machairophoros_sele2_Skin_knee-r-bopttom_pose_matrix">
      <source id="machairophoros_sele2_Skin_knee-r-bopttom_pose_matrix-input">
        <float_array id="machairophoros_sele2_Skin_knee-r-bopttom_pose_matrix-input-array" count="1">0.04166662</float_array>
        <technique_common>
          <accessor source="#machairophoros_sele2_Skin_knee-r-bopttom_pose_matrix-input-array" count="1" stride="1">
            <param name="TIME" type="float"/>
          </accessor>
        </technique_common>
      </source>
      <source id="machairophoros_sele2_Skin_knee-r-bopttom_pose_matrix-output">
        <float_array id="machairophoros_sele2_Skin_knee-r-bopttom_pose_matrix-output-array" count="16">1 -4.37098e-15 1.55375e-8 -0.01414061 0 1 0 -0.7370361 -1.55375e-8 0 1 -0.03760032 0 0 0 1</float_array>
        <technique_common>
          <accessor source="#machairophoros_sele2_Skin_knee-r-bopttom_pose_matrix-output-array" count="1" stride="16">
            <param name="TRANSFORM" type="float4x4"/>
          </accessor>
        </technique_common>
      </source>
      <source id="machairophoros_sele2_Skin_knee-r-bopttom_pose_matrix-interpolation">
        <Name_array id="machairophoros_sele2_Skin_knee-r-bopttom_pose_matrix-interpolation-array" count="1">LINEAR</Name_array>
        <technique_common>
          <accessor source="#machairophoros_sele2_Skin_knee-r-bopttom_pose_matrix-interpolation-array" count="1" stride="1">
            <param name="INTERPOLATION" type="name"/>
          </accessor>
        </technique_common>
      </source>
      <sampler id="machairophoros_sele2_Skin_knee-r-bopttom_pose_matrix-sampler">
        <input semantic="INPUT" source="#machairophoros_sele2_Skin_knee-r-bopttom_pose_matrix-input"/>
        <input semantic="OUTPUT" source="#machairophoros_sele2_Skin_knee-r-bopttom_pose_matrix-output"/>
        <input semantic="INTERPOLATION" source="#machairophoros_sele2_Skin_knee-r-bopttom_pose_matrix-interpolation"/>
      </sampler>
      <channel source="#machairophoros_sele2_Skin_knee-r-bopttom_pose_matrix-sampler" target="machairophoros_sele2_Skin_knee-r-bopttom/transform"/>
    </animation>
    <animation id="machairophoros_sele2_Skin_ankleright_pose_matrix">
      <source id="machairophoros_sele2_Skin_ankleright_pose_matrix-input">
        <float_array id="machairophoros_sele2_Skin_ankleright_pose_matrix-input-array" count="1">0.04166662</float_array>
        <technique_common>
          <accessor source="#machairophoros_sele2_Skin_ankleright_pose_matrix-input-array" count="1" stride="1">
            <param name="TIME" type="float"/>
          </accessor>
        </technique_common>
      </source>
      <source id="machairophoros_sele2_Skin_ankleright_pose_matrix-output">
        <float_array id="machairophoros_sele2_Skin_ankleright_pose_matrix-output-array" count="16">1 -1.86264e-8 7.91425e-7 -0.01317592 2.74501e-7 -0.92954 -0.3687212 -1.118303 7.42528e-7 0.3687212 -0.9295406 -0.06275675 0 0 0 1</float_array>
        <technique_common>
          <accessor source="#machairophoros_sele2_Skin_ankleright_pose_matrix-output-array" count="1" stride="16">
            <param name="TRANSFORM" type="float4x4"/>
          </accessor>
        </technique_common>
      </source>
      <source id="machairophoros_sele2_Skin_ankleright_pose_matrix-interpolation">
        <Name_array id="machairophoros_sele2_Skin_ankleright_pose_matrix-interpolation-array" count="1">LINEAR</Name_array>
        <technique_common>
          <accessor source="#machairophoros_sele2_Skin_ankleright_pose_matrix-interpolation-array" count="1" stride="1">
            <param name="INTERPOLATION" type="name"/>
          </accessor>
        </technique_common>
      </source>
      <sampler id="machairophoros_sele2_Skin_ankleright_pose_matrix-sampler">
        <input semantic="INPUT" source="#machairophoros_sele2_Skin_ankleright_pose_matrix-input"/>
        <input semantic="OUTPUT" source="#machairophoros_sele2_Skin_ankleright_pose_matrix-output"/>
        <input semantic="INTERPOLATION" source="#machairophoros_sele2_Skin_ankleright_pose_matrix-interpolation"/>
      </sampler>
      <channel source="#machairophoros_sele2_Skin_ankleright_pose_matrix-sampler" target="machairophoros_sele2_Skin_ankleright/transform"/>
    </animation>
    <animation id="machairophoros_sele2_Skin_foot_right01_pose_matrix">
      <source id="machairophoros_sele2_Skin_foot_right01_pose_matrix-input">
        <float_array id="machairophoros_sele2_Skin_foot_right01_pose_matrix-input-array" count="1">0.04166662</float_array>
        <technique_common>
          <accessor source="#machairophoros_sele2_Skin_foot_right01_pose_matrix-input-array" count="1" stride="1">
            <param name="TIME" type="float"/>
          </accessor>
        </technique_common>
      </source>
      <source id="machairophoros_sele2_Skin_foot_right01_pose_matrix-output">
        <float_array id="machairophoros_sele2_Skin_foot_right01_pose_matrix-output-array" count="16">1 6.80213e-7 1.79848e-5 2.68221e-7 -1.68331e-5 0.388967 0.9212518 0.2168391 -6.36885e-6 -0.9212518 0.388967 -0.2809221 0 0 0 1</float_array>
        <technique_common>
          <accessor source="#machairophoros_sele2_Skin_foot_right01_pose_matrix-output-array" count="1" stride="16">
            <param name="TRANSFORM" type="float4x4"/>
          </accessor>
        </technique_common>
      </source>
      <source id="machairophoros_sele2_Skin_foot_right01_pose_matrix-interpolation">
        <Name_array id="machairophoros_sele2_Skin_foot_right01_pose_matrix-interpolation-array" count="1">LINEAR</Name_array>
        <technique_common>
          <accessor source="#machairophoros_sele2_Skin_foot_right01_pose_matrix-interpolation-array" count="1" stride="1">
            <param name="INTERPOLATION" type="name"/>
          </accessor>
        </technique_common>
      </source>
      <sampler id="machairophoros_sele2_Skin_foot_right01_pose_matrix-sampler">
        <input semantic="INPUT" source="#machairophoros_sele2_Skin_foot_right01_pose_matrix-input"/>
        <input semantic="OUTPUT" source="#machairophoros_sele2_Skin_foot_right01_pose_matrix-output"/>
        <input semantic="INTERPOLATION" source="#machairophoros_sele2_Skin_foot_right01_pose_matrix-interpolation"/>
      </sampler>
      <channel source="#machairophoros_sele2_Skin_foot_right01_pose_matrix-sampler" target="machairophoros_sele2_Skin_foot_right01/transform"/>
    </animation>
    <animation id="machairophoros_sele2_Skin_lumbar_pose_matrix">
      <source id="machairophoros_sele2_Skin_lumbar_pose_matrix-input">
        <float_array id="machairophoros_sele2_Skin_lumbar_pose_matrix-input-array" count="1">0.04166662</float_array>
        <technique_common>
          <accessor source="#machairophoros_sele2_Skin_lumbar_pose_matrix-input-array" count="1" stride="1">
            <param name="TIME" type="float"/>
          </accessor>
        </technique_common>
      </source>
      <source id="machairophoros_sele2_Skin_lumbar_pose_matrix-output">
        <float_array id="machairophoros_sele2_Skin_lumbar_pose_matrix-output-array" count="16">1 -3.87761e-15 4.81516e-9 0.004538174 0 1 3.72529e-8 0.189765 -4.81516e-9 -3.70047e-8 1 -0.05340066 0 0 0 1</float_array>
        <technique_common>
          <accessor source="#machairophoros_sele2_Skin_lumbar_pose_matrix-output-array" count="1" stride="16">
            <param name="TRANSFORM" type="float4x4"/>
          </accessor>
        </technique_common>
      </source>
      <source id="machairophoros_sele2_Skin_lumbar_pose_matrix-interpolation">
        <Name_array id="machairophoros_sele2_Skin_lumbar_pose_matrix-interpolation-array" count="1">LINEAR</Name_array>
        <technique_common>
          <accessor source="#machairophoros_sele2_Skin_lumbar_pose_matrix-interpolation-array" count="1" stride="1">
            <param name="INTERPOLATION" type="name"/>
          </accessor>
        </technique_common>
      </source>
      <sampler id="machairophoros_sele2_Skin_lumbar_pose_matrix-sampler">
        <input semantic="INPUT" source="#machairophoros_sele2_Skin_lumbar_pose_matrix-input"/>
        <input semantic="OUTPUT" source="#machairophoros_sele2_Skin_lumbar_pose_matrix-output"/>
        <input semantic="INTERPOLATION" source="#machairophoros_sele2_Skin_lumbar_pose_matrix-interpolation"/>
      </sampler>
      <channel source="#machairophoros_sele2_Skin_lumbar_pose_matrix-sampler" target="machairophoros_sele2_Skin_lumbar/transform"/>
    </animation>
    <animation id="machairophoros_sele2_Skin_rib_pose_matrix">
      <source id="machairophoros_sele2_Skin_rib_pose_matrix-input">
        <float_array id="machairophoros_sele2_Skin_rib_pose_matrix-input-array" count="1">0.04166662</float_array>
        <technique_common>
          <accessor source="#machairophoros_sele2_Skin_rib_pose_matrix-input-array" count="1" stride="1">
            <param name="TIME" type="float"/>
          </accessor>
        </technique_common>
      </source>
      <source id="machairophoros_sele2_Skin_rib_pose_matrix-output">
        <float_array id="machairophoros_sele2_Skin_rib_pose_matrix-output-array" count="16">1 -4.16581e-15 4.29795e-9 -0.01278648 0 1 0 0.7050576 -4.29795e-9 2.48249e-10 1 0.1130516 0 0 0 1</float_array>
        <technique_common>
          <accessor source="#machairophoros_sele2_Skin_rib_pose_matrix-output-array" count="1" stride="16">
            <param name="TRANSFORM" type="float4x4"/>
          </accessor>
        </technique_common>
      </source>
      <source id="machairophoros_sele2_Skin_rib_pose_matrix-interpolation">
        <Name_array id="machairophoros_sele2_Skin_rib_pose_matrix-interpolation-array" count="1">LINEAR</Name_array>
        <technique_common>
          <accessor source="#machairophoros_sele2_Skin_rib_pose_matrix-interpolation-array" count="1" stride="1">
            <param name="INTERPOLATION" type="name"/>
          </accessor>
        </technique_common>
      </source>
      <sampler id="machairophoros_sele2_Skin_rib_pose_matrix-sampler">
        <input semantic="INPUT" source="#machairophoros_sele2_Skin_rib_pose_matrix-input"/>
        <input semantic="OUTPUT" source="#machairophoros_sele2_Skin_rib_pose_matrix-output"/>
        <input semantic="INTERPOLATION" source="#machairophoros_sele2_Skin_rib_pose_matrix-interpolation"/>
      </sampler>
      <channel source="#machairophoros_sele2_Skin_rib_pose_matrix-sampler" target="machairophoros_sele2_Skin_rib/transform"/>
    </animation>
    <animation id="machairophoros_sele2_Skin_scapula_pose_matrix">
      <source id="machairophoros_sele2_Skin_scapula_pose_matrix-input">
        <float_array id="machairophoros_sele2_Skin_scapula_pose_matrix-input-array" count="1">0.04166662</float_array>
        <technique_common>
          <accessor source="#machairophoros_sele2_Skin_scapula_pose_matrix-input-array" count="1" stride="1">
            <param name="TIME" type="float"/>
          </accessor>
        </technique_common>
      </source>
      <source id="machairophoros_sele2_Skin_scapula_pose_matrix-output">
        <float_array id="machairophoros_sele2_Skin_scapula_pose_matrix-output-array" count="16">0.2021309 -0.9793586 -6.06741e-8 0.4182977 0.9793585 0.202131 -8.30224e-8 0.2449708 9.35729e-8 -4.26403e-8 1 -4.30138e-8 0 0 0 1</float_array>
        <technique_common>
          <accessor source="#machairophoros_sele2_Skin_scapula_pose_matrix-output-array" count="1" stride="16">
            <param name="TRANSFORM" type="float4x4"/>
          </accessor>
        </technique_common>
      </source>
      <source id="machairophoros_sele2_Skin_scapula_pose_matrix-interpolation">
        <Name_array id="machairophoros_sele2_Skin_scapula_pose_matrix-interpolation-array" count="1">LINEAR</Name_array>
        <technique_common>
          <accessor source="#machairophoros_sele2_Skin_scapula_pose_matrix-interpolation-array" count="1" stride="1">
            <param name="INTERPOLATION" type="name"/>
          </accessor>
        </technique_common>
      </source>
      <sampler id="machairophoros_sele2_Skin_scapula_pose_matrix-sampler">
        <input semantic="INPUT" source="#machairophoros_sele2_Skin_scapula_pose_matrix-input"/>
        <input semantic="OUTPUT" source="#machairophoros_sele2_Skin_scapula_pose_matrix-output"/>
        <input semantic="INTERPOLATION" source="#machairophoros_sele2_Skin_scapula_pose_matrix-interpolation"/>
      </sampler>
      <channel source="#machairophoros_sele2_Skin_scapula_pose_matrix-sampler" target="machairophoros_sele2_Skin_scapula/transform"/>
    </animation>
    <animation id="machairophoros_sele2_Skin_ulna_pose_matrix">
      <source id="machairophoros_sele2_Skin_ulna_pose_matrix-input">
        <float_array id="machairophoros_sele2_Skin_ulna_pose_matrix-input-array" count="1">0.04166662</float_array>
        <technique_common>
          <accessor source="#machairophoros_sele2_Skin_ulna_pose_matrix-input-array" count="1" stride="1">
            <param name="TIME" type="float"/>
          </accessor>
        </technique_common>
      </source>
      <source id="machairophoros_sele2_Skin_ulna_pose_matrix-output">
        <float_array id="machairophoros_sele2_Skin_ulna_pose_matrix-output-array" count="16">1 -5.96046e-8 1.42109e-14 0.1237378 7.45058e-8 0.9999999 -1.59872e-14 -0.5993564 -2.84217e-14 1.59872e-14 1 -7.35959e-9 0 0 0 1</float_array>
        <technique_common>
          <accessor source="#machairophoros_sele2_Skin_ulna_pose_matrix-output-array" count="1" stride="16">
            <param name="TRANSFORM" type="float4x4"/>
          </accessor>
        </technique_common>
      </source>
      <source id="machairophoros_sele2_Skin_ulna_pose_matrix-interpolation">
        <Name_array id="machairophoros_sele2_Skin_ulna_pose_matrix-interpolation-array" count="1">LINEAR</Name_array>
        <technique_common>
          <accessor source="#machairophoros_sele2_Skin_ulna_pose_matrix-interpolation-array" count="1" stride="1">
            <param name="INTERPOLATION" type="name"/>
          </accessor>
        </technique_common>
      </source>
      <sampler id="machairophoros_sele2_Skin_ulna_pose_matrix-sampler">
        <input semantic="INPUT" source="#machairophoros_sele2_Skin_ulna_pose_matrix-input"/>
        <input semantic="OUTPUT" source="#machairophoros_sele2_Skin_ulna_pose_matrix-output"/>
        <input semantic="INTERPOLATION" source="#machairophoros_sele2_Skin_ulna_pose_matrix-interpolation"/>
      </sampler>
      <channel source="#machairophoros_sele2_Skin_ulna_pose_matrix-sampler" target="machairophoros_sele2_Skin_ulna/transform"/>
    </animation>
    <animation id="machairophoros_sele2_Skin_carpal_pose_matrix">
      <source id="machairophoros_sele2_Skin_carpal_pose_matrix-input">
        <float_array id="machairophoros_sele2_Skin_carpal_pose_matrix-input-array" count="1">0.04166662</float_array>
        <technique_common>
          <accessor source="#machairophoros_sele2_Skin_carpal_pose_matrix-input-array" count="1" stride="1">
            <param name="TIME" type="float"/>
          </accessor>
        </technique_common>
      </source>
      <source id="machairophoros_sele2_Skin_carpal_pose_matrix-output">
        <float_array id="machairophoros_sele2_Skin_carpal_pose_matrix-output-array" count="16">1 -2.83122e-7 2.10839e-8 0.1033101 0 0.9999999 -7.45058e-8 -0.5754043 -2.10839e-8 7.45059e-8 1 0.07377817 0 0 0 1</float_array>
        <technique_common>
          <accessor source="#machairophoros_sele2_Skin_carpal_pose_matrix-output-array" count="1" stride="16">
            <param name="TRANSFORM" type="float4x4"/>
          </accessor>
        </technique_common>
      </source>
      <source id="machairophoros_sele2_Skin_carpal_pose_matrix-interpolation">
        <Name_array id="machairophoros_sele2_Skin_carpal_pose_matrix-interpolation-array" count="1">LINEAR</Name_array>
        <technique_common>
          <accessor source="#machairophoros_sele2_Skin_carpal_pose_matrix-interpolation-array" count="1" stride="1">
            <param name="INTERPOLATION" type="name"/>
          </accessor>
        </technique_common>
      </source>
      <sampler id="machairophoros_sele2_Skin_carpal_pose_matrix-sampler">
        <input semantic="INPUT" source="#machairophoros_sele2_Skin_carpal_pose_matrix-input"/>
        <input semantic="OUTPUT" source="#machairophoros_sele2_Skin_carpal_pose_matrix-output"/>
        <input semantic="INTERPOLATION" source="#machairophoros_sele2_Skin_carpal_pose_matrix-interpolation"/>
      </sampler>
      <channel source="#machairophoros_sele2_Skin_carpal_pose_matrix-sampler" target="machairophoros_sele2_Skin_carpal/transform"/>
    </animation>
    <animation id="machairophoros_sele2_Skin_ammo_node_1_pose_matrix">
      <source id="machairophoros_sele2_Skin_ammo_node_1_pose_matrix-input">
        <float_array id="machairophoros_sele2_Skin_ammo_node_1_pose_matrix-input-array" count="1">0.04166662</float_array>
        <technique_common>
          <accessor source="#machairophoros_sele2_Skin_ammo_node_1_pose_matrix-input-array" count="1" stride="1">
            <param name="TIME" type="float"/>
          </accessor>
        </technique_common>
      </source>
      <source id="machairophoros_sele2_Skin_ammo_node_1_pose_matrix-output">
        <float_array id="machairophoros_sele2_Skin_ammo_node_1_pose_matrix-output-array" count="16">0.9999999 2.98023e-7 -1.60784e-5 0.176682 -1.60784e-5 0.0019221 -0.9999982 0.2353449 -2.70752e-7 0.9999982 0.001922134 -0.07377825 0 0 0 1</float_array>
        <technique_common>
          <accessor source="#machairophoros_sele2_Skin_ammo_node_1_pose_matrix-output-array" count="1" stride="16">
            <param name="TRANSFORM" type="float4x4"/>
          </accessor>
        </technique_common>
      </source>
      <source id="machairophoros_sele2_Skin_ammo_node_1_pose_matrix-interpolation">
        <Name_array id="machairophoros_sele2_Skin_ammo_node_1_pose_matrix-interpolation-array" count="1">LINEAR</Name_array>
        <technique_common>
          <accessor source="#machairophoros_sele2_Skin_ammo_node_1_pose_matrix-interpolation-array" count="1" stride="1">
            <param name="INTERPOLATION" type="name"/>
          </accessor>
        </technique_common>
      </source>
      <sampler id="machairophoros_sele2_Skin_ammo_node_1_pose_matrix-sampler">
        <input semantic="INPUT" source="#machairophoros_sele2_Skin_ammo_node_1_pose_matrix-input"/>
        <input semantic="OUTPUT" source="#machairophoros_sele2_Skin_ammo_node_1_pose_matrix-output"/>
        <input semantic="INTERPOLATION" source="#machairophoros_sele2_Skin_ammo_node_1_pose_matrix-interpolation"/>
      </sampler>
      <channel source="#machairophoros_sele2_Skin_ammo_node_1_pose_matrix-sampler" target="machairophoros_sele2_Skin_ammo_node_1/transform"/>
    </animation>
    <animation id="machairophoros_sele2_Skin_scapula01_pose_matrix">
      <source id="machairophoros_sele2_Skin_scapula01_pose_matrix-input">
        <float_array id="machairophoros_sele2_Skin_scapula01_pose_matrix-input-array" count="1">0.04166662</float_array>
        <technique_common>
          <accessor source="#machairophoros_sele2_Skin_scapula01_pose_matrix-input-array" count="1" stride="1">
            <param name="TIME" type="float"/>
          </accessor>
        </technique_common>
      </source>
      <source id="machairophoros_sele2_Skin_scapula01_pose_matrix-output">
        <float_array id="machairophoros_sele2_Skin_scapula01_pose_matrix-output-array" count="16">0.190675 0.9816532 -4.37703e-8 -0.4432708 -0.9816532 0.190675 1.04477e-7 0.2449708 1.10906e-7 2.3046e-8 1 -4.30138e-8 0 0 0 1</float_array>
        <technique_common>
          <accessor source="#machairophoros_sele2_Skin_scapula01_pose_matrix-output-array" count="1" stride="16">
            <param name="TRANSFORM" type="float4x4"/>
          </accessor>
        </technique_common>
      </source>
      <source id="machairophoros_sele2_Skin_scapula01_pose_matrix-interpolation">
        <Name_array id="machairophoros_sele2_Skin_scapula01_pose_matrix-interpolation-array" count="1">LINEAR</Name_array>
        <technique_common>
          <accessor source="#machairophoros_sele2_Skin_scapula01_pose_matrix-interpolation-array" count="1" stride="1">
            <param name="INTERPOLATION" type="name"/>
          </accessor>
        </technique_common>
      </source>
      <sampler id="machairophoros_sele2_Skin_scapula01_pose_matrix-sampler">
        <input semantic="INPUT" source="#machairophoros_sele2_Skin_scapula01_pose_matrix-input"/>
        <input semantic="OUTPUT" source="#machairophoros_sele2_Skin_scapula01_pose_matrix-output"/>
        <input semantic="INTERPOLATION" source="#machairophoros_sele2_Skin_scapula01_pose_matrix-interpolation"/>
      </sampler>
      <channel source="#machairophoros_sele2_Skin_scapula01_pose_matrix-sampler" target="machairophoros_sele2_Skin_scapula01/transform"/>
    </animation>
    <animation id="machairophoros_sele2_Skin_ulna01_pose_matrix">
      <source id="machairophoros_sele2_Skin_ulna01_pose_matrix-input">
        <float_array id="machairophoros_sele2_Skin_ulna01_pose_matrix-input-array" count="1">0.04166662</float_array>
        <technique_common>
          <accessor source="#machairophoros_sele2_Skin_ulna01_pose_matrix-input-array" count="1" stride="1">
            <param name="TIME" type="float"/>
          </accessor>
        </technique_common>
      </source>
      <source id="machairophoros_sele2_Skin_ulna01_pose_matrix-output">
        <float_array id="machairophoros_sele2_Skin_ulna01_pose_matrix-output-array" count="16">0.9999999 7.45058e-8 9.36659e-9 -0.1120014 -5.96046e-8 0.9999999 -1.19209e-7 -0.5993567 -9.36659e-9 1.19209e-7 1 -2.98348e-9 0 0 0 1</float_array>
        <technique_common>
          <accessor source="#machairophoros_sele2_Skin_ulna01_pose_matrix-output-array" count="1" stride="16">
            <param name="TRANSFORM" type="float4x4"/>
          </accessor>
        </technique_common>
      </source>
      <source id="machairophoros_sele2_Skin_ulna01_pose_matrix-interpolation">
        <Name_array id="machairophoros_sele2_Skin_ulna01_pose_matrix-interpolation-array" count="1">LINEAR</Name_array>
        <technique_common>
          <accessor source="#machairophoros_sele2_Skin_ulna01_pose_matrix-interpolation-array" count="1" stride="1">
            <param name="INTERPOLATION" type="name"/>
          </accessor>
        </technique_common>
      </source>
      <sampler id="machairophoros_sele2_Skin_ulna01_pose_matrix-sampler">
        <input semantic="INPUT" source="#machairophoros_sele2_Skin_ulna01_pose_matrix-input"/>
        <input semantic="OUTPUT" source="#machairophoros_sele2_Skin_ulna01_pose_matrix-output"/>
        <input semantic="INTERPOLATION" source="#machairophoros_sele2_Skin_ulna01_pose_matrix-interpolation"/>
      </sampler>
      <channel source="#machairophoros_sele2_Skin_ulna01_pose_matrix-sampler" target="machairophoros_sele2_Skin_ulna01/transform"/>
    </animation>
    <animation id="machairophoros_sele2_Skin_carpal_right_pose_matrix">
      <source id="machairophoros_sele2_Skin_carpal_right_pose_matrix-input">
        <float_array id="machairophoros_sele2_Skin_carpal_right_pose_matrix-input-array" count="1">0.04166662</float_array>
        <technique_common>
          <accessor source="#machairophoros_sele2_Skin_carpal_right_pose_matrix-input-array" count="1" stride="1">
            <param name="TIME" type="float"/>
          </accessor>
        </technique_common>
      </source>
      <source id="machairophoros_sele2_Skin_carpal_right_pose_matrix-output">
        <float_array id="machairophoros_sele2_Skin_carpal_right_pose_matrix-output-array" count="16">1 -1.19209e-7 -2.64143e-8 -0.1377442 1.49012e-7 1 -5.63993e-13 -0.5311356 2.64143e-8 5.41345e-13 1 -1.48016e-7 0 0 0 1</float_array>
        <technique_common>
          <accessor source="#machairophoros_sele2_Skin_carpal_right_pose_matrix-output-array" count="1" stride="16">
            <param name="TRANSFORM" type="float4x4"/>
          </accessor>
        </technique_common>
      </source>
      <source id="machairophoros_sele2_Skin_carpal_right_pose_matrix-interpolation">
        <Name_array id="machairophoros_sele2_Skin_carpal_right_pose_matrix-interpolation-array" count="1">LINEAR</Name_array>
        <technique_common>
          <accessor source="#machairophoros_sele2_Skin_carpal_right_pose_matrix-interpolation-array" count="1" stride="1">
            <param name="INTERPOLATION" type="name"/>
          </accessor>
        </technique_common>
      </source>
      <sampler id="machairophoros_sele2_Skin_carpal_right_pose_matrix-sampler">
        <input semantic="INPUT" source="#machairophoros_sele2_Skin_carpal_right_pose_matrix-input"/>
        <input semantic="OUTPUT" source="#machairophoros_sele2_Skin_carpal_right_pose_matrix-output"/>
        <input semantic="INTERPOLATION" source="#machairophoros_sele2_Skin_carpal_right_pose_matrix-interpolation"/>
      </sampler>
      <channel source="#machairophoros_sele2_Skin_carpal_right_pose_matrix-sampler" target="machairophoros_sele2_Skin_carpal_right/transform"/>
    </animation>
    <animation id="machairophoros_sele2_Skin_smoke_node_1_pose_matrix">
      <source id="machairophoros_sele2_Skin_smoke_node_1_pose_matrix-input">
        <float_array id="machairophoros_sele2_Skin_smoke_node_1_pose_matrix-input-array" count="1">0.04166662</float_array>
        <technique_common>
          <accessor source="#machairophoros_sele2_Skin_smoke_node_1_pose_matrix-input-array" count="1" stride="1">
            <param name="TIME" type="float"/>
          </accessor>
        </technique_common>
      </source>
      <source id="machairophoros_sele2_Skin_smoke_node_1_pose_matrix-output">
        <float_array id="machairophoros_sele2_Skin_smoke_node_1_pose_matrix-output-array" count="16">1 7.4564e-7 -2.5183e-5 0.02609396 -2.52426e-5 -0.006773767 -0.9999772 -0.1824129 -9.16161e-7 0.9999771 -0.00677371 0.04844671 0 0 0 1</float_array>
        <technique_common>
          <accessor source="#machairophoros_sele2_Skin_smoke_node_1_pose_matrix-output-array" count="1" stride="16">
            <param name="TRANSFORM" type="float4x4"/>
          </accessor>
        </technique_common>
      </source>
      <source id="machairophoros_sele2_Skin_smoke_node_1_pose_matrix-interpolation">
        <Name_array id="machairophoros_sele2_Skin_smoke_node_1_pose_matrix-interpolation-array" count="1">LINEAR</Name_array>
        <technique_common>
          <accessor source="#machairophoros_sele2_Skin_smoke_node_1_pose_matrix-interpolation-array" count="1" stride="1">
            <param name="INTERPOLATION" type="name"/>
          </accessor>
        </technique_common>
      </source>
      <sampler id="machairophoros_sele2_Skin_smoke_node_1_pose_matrix-sampler">
        <input semantic="INPUT" source="#machairophoros_sele2_Skin_smoke_node_1_pose_matrix-input"/>
        <input semantic="OUTPUT" source="#machairophoros_sele2_Skin_smoke_node_1_pose_matrix-output"/>
        <input semantic="INTERPOLATION" source="#machairophoros_sele2_Skin_smoke_node_1_pose_matrix-interpolation"/>
      </sampler>
      <channel source="#machairophoros_sele2_Skin_smoke_node_1_pose_matrix-sampler" target="machairophoros_sele2_Skin_smoke_node_1/transform"/>
    </animation>
    <animation id="machairophoros_sele2_Skin_ammo_node_0_pose_matrix">
      <source id="machairophoros_sele2_Skin_ammo_node_0_pose_matrix-input">
        <float_array id="machairophoros_sele2_Skin_ammo_node_0_pose_matrix-input-array" count="1">0.04166662</float_array>
        <technique_common>
          <accessor source="#machairophoros_sele2_Skin_ammo_node_0_pose_matrix-input-array" count="1" stride="1">
            <param name="TIME" type="float"/>
          </accessor>
        </technique_common>
      </source>
      <source id="machairophoros_sele2_Skin_ammo_node_0_pose_matrix-output">
        <float_array id="machairophoros_sele2_Skin_ammo_node_0_pose_matrix-output-array" count="16">1 2.79546e-5 -1.20837e-6 0.002615929 1.39931e-6 -0.006773181 0.999977 1.569696 2.80589e-5 -0.9999769 -0.006772996 0.044487 0 0 0 1</float_array>
        <technique_common>
          <accessor source="#machairophoros_sele2_Skin_ammo_node_0_pose_matrix-output-array" count="1" stride="16">
            <param name="TRANSFORM" type="float4x4"/>
          </accessor>
        </technique_common>
      </source>
      <source id="machairophoros_sele2_Skin_ammo_node_0_pose_matrix-interpolation">
        <Name_array id="machairophoros_sele2_Skin_ammo_node_0_pose_matrix-interpolation-array" count="1">LINEAR</Name_array>
        <technique_common>
          <accessor source="#machairophoros_sele2_Skin_ammo_node_0_pose_matrix-interpolation-array" count="1" stride="1">
            <param name="INTERPOLATION" type="name"/>
          </accessor>
        </technique_common>
      </source>
      <sampler id="machairophoros_sele2_Skin_ammo_node_0_pose_matrix-sampler">
        <input semantic="INPUT" source="#machairophoros_sele2_Skin_ammo_node_0_pose_matrix-input"/>
        <input semantic="OUTPUT" source="#machairophoros_sele2_Skin_ammo_node_0_pose_matrix-output"/>
        <input semantic="INTERPOLATION" source="#machairophoros_sele2_Skin_ammo_node_0_pose_matrix-interpolation"/>
      </sampler>
      <channel source="#machairophoros_sele2_Skin_ammo_node_0_pose_matrix-sampler" target="machairophoros_sele2_Skin_ammo_node_0/transform"/>
    </animation>
    <animation id="machairophoros_sele2_Skin_neck_pose_matrix">
      <source id="machairophoros_sele2_Skin_neck_pose_matrix-input">
        <float_array id="machairophoros_sele2_Skin_neck_pose_matrix-input-array" count="1">0.04166662</float_array>
        <technique_common>
          <accessor source="#machairophoros_sele2_Skin_neck_pose_matrix-input-array" count="1" stride="1">
            <param name="TIME" type="float"/>
          </accessor>
        </technique_common>
      </source>
      <source id="machairophoros_sele2_Skin_neck_pose_matrix-output">
        <float_array id="machairophoros_sele2_Skin_neck_pose_matrix-output-array" count="16">1 -4.42306e-15 3.79429e-9 -0.01369714 2.32617e-16 0.9999999 -6.13072e-8 0.4694993 -3.79429e-9 6.13072e-8 1 -1.36333e-7 0 0 0 1</float_array>
        <technique_common>
          <accessor source="#machairophoros_sele2_Skin_neck_pose_matrix-output-array" count="1" stride="16">
            <param name="TRANSFORM" type="float4x4"/>
          </accessor>
        </technique_common>
      </source>
      <source id="machairophoros_sele2_Skin_neck_pose_matrix-interpolation">
        <Name_array id="machairophoros_sele2_Skin_neck_pose_matrix-interpolation-array" count="1">LINEAR</Name_array>
        <technique_common>
          <accessor source="#machairophoros_sele2_Skin_neck_pose_matrix-interpolation-array" count="1" stride="1">
            <param name="INTERPOLATION" type="name"/>
          </accessor>
        </technique_common>
      </source>
      <sampler id="machairophoros_sele2_Skin_neck_pose_matrix-sampler">
        <input semantic="INPUT" source="#machairophoros_sele2_Skin_neck_pose_matrix-input"/>
        <input semantic="OUTPUT" source="#machairophoros_sele2_Skin_neck_pose_matrix-output"/>
        <input semantic="INTERPOLATION" source="#machairophoros_sele2_Skin_neck_pose_matrix-interpolation"/>
      </sampler>
      <channel source="#machairophoros_sele2_Skin_neck_pose_matrix-sampler" target="machairophoros_sele2_Skin_neck/transform"/>
    </animation>
    <animation id="machairophoros_sele2_Skin_skull_pose_matrix">
      <source id="machairophoros_sele2_Skin_skull_pose_matrix-input">
        <float_array id="machairophoros_sele2_Skin_skull_pose_matrix-input-array" count="1">0.04166662</float_array>
        <technique_common>
          <accessor source="#machairophoros_sele2_Skin_skull_pose_matrix-input-array" count="1" stride="1">
            <param name="TIME" type="float"/>
          </accessor>
        </technique_common>
      </source>
      <source id="machairophoros_sele2_Skin_skull_pose_matrix-output">
        <float_array id="machairophoros_sele2_Skin_skull_pose_matrix-output-array" count="16">1 -4.88277e-15 1.48448e-9 -0.007297663 0 1 7.45046e-9 0.4520025 -1.48448e-9 -7.45045e-9 1 7.10192e-8 0 0 0 1</float_array>
        <technique_common>
          <accessor source="#machairophoros_sele2_Skin_skull_pose_matrix-output-array" count="1" stride="16">
            <param name="TRANSFORM" type="float4x4"/>
          </accessor>
        </technique_common>
      </source>
      <source id="machairophoros_sele2_Skin_skull_pose_matrix-interpolation">
        <Name_array id="machairophoros_sele2_Skin_skull_pose_matrix-interpolation-array" count="1">LINEAR</Name_array>
        <technique_common>
          <accessor source="#machairophoros_sele2_Skin_skull_pose_matrix-interpolation-array" count="1" stride="1">
            <param name="INTERPOLATION" type="name"/>
          </accessor>
        </technique_common>
      </source>
      <sampler id="machairophoros_sele2_Skin_skull_pose_matrix-sampler">
        <input semantic="INPUT" source="#machairophoros_sele2_Skin_skull_pose_matrix-input"/>
        <input semantic="OUTPUT" source="#machairophoros_sele2_Skin_skull_pose_matrix-output"/>
        <input semantic="INTERPOLATION" source="#machairophoros_sele2_Skin_skull_pose_matrix-interpolation"/>
      </sampler>
      <channel source="#machairophoros_sele2_Skin_skull_pose_matrix-sampler" target="machairophoros_sele2_Skin_skull/transform"/>
    </animation>
    <animation id="machairophoros_sele2_Skin_nogginbottom_pose_matrix">
      <source id="machairophoros_sele2_Skin_nogginbottom_pose_matrix-input">
        <float_array id="machairophoros_sele2_Skin_nogginbottom_pose_matrix-input-array" count="1">0.04166662</float_array>
        <technique_common>
          <accessor source="#machairophoros_sele2_Skin_nogginbottom_pose_matrix-input-array" count="1" stride="1">
            <param name="TIME" type="float"/>
          </accessor>
        </technique_common>
      </source>
      <source id="machairophoros_sele2_Skin_nogginbottom_pose_matrix-output">
        <float_array id="machairophoros_sele2_Skin_nogginbottom_pose_matrix-output-array" count="16">1 2.3283e-9 2.36499e-7 0.001799162 -1.22153e-8 0.9991254 0.0418141 0.08982587 -2.36195e-7 -0.0418141 0.9991254 0.2822085 0 0 0 1</float_array>
        <technique_common>
          <accessor source="#machairophoros_sele2_Skin_nogginbottom_pose_matrix-output-array" count="1" stride="16">
            <param name="TRANSFORM" type="float4x4"/>
          </accessor>
        </technique_common>
      </source>
      <source id="machairophoros_sele2_Skin_nogginbottom_pose_matrix-interpolation">
        <Name_array id="machairophoros_sele2_Skin_nogginbottom_pose_matrix-interpolation-array" count="1">LINEAR</Name_array>
        <technique_common>
          <accessor source="#machairophoros_sele2_Skin_nogginbottom_pose_matrix-interpolation-array" count="1" stride="1">
            <param name="INTERPOLATION" type="name"/>
          </accessor>
        </technique_common>
      </source>
      <sampler id="machairophoros_sele2_Skin_nogginbottom_pose_matrix-sampler">
        <input semantic="INPUT" source="#machairophoros_sele2_Skin_nogginbottom_pose_matrix-input"/>
        <input semantic="OUTPUT" source="#machairophoros_sele2_Skin_nogginbottom_pose_matrix-output"/>
        <input semantic="INTERPOLATION" source="#machairophoros_sele2_Skin_nogginbottom_pose_matrix-interpolation"/>
      </sampler>
      <channel source="#machairophoros_sele2_Skin_nogginbottom_pose_matrix-sampler" target="machairophoros_sele2_Skin_nogginbottom/transform"/>
    </animation>
    <animation id="machairophoros_sele2_Skin_plumes_pose_matrix">
      <source id="machairophoros_sele2_Skin_plumes_pose_matrix-input">
        <float_array id="machairophoros_sele2_Skin_plumes_pose_matrix-input-array" count="1">0.04166662</float_array>
        <technique_common>
          <accessor source="#machairophoros_sele2_Skin_plumes_pose_matrix-input-array" count="1" stride="1">
            <param name="TIME" type="float"/>
          </accessor>
        </technique_common>
      </source>
      <source id="machairophoros_sele2_Skin_plumes_pose_matrix-output">
        <float_array id="machairophoros_sele2_Skin_plumes_pose_matrix-output-array" count="16">1 2.3283e-9 3.70634e-7 -0.002369048 -1.01487e-8 0.9997773 0.02110134 0.1819341 -3.70502e-7 -0.02110134 0.9997773 0.1862073 0 0 0 1</float_array>
        <technique_common>
          <accessor source="#machairophoros_sele2_Skin_plumes_pose_matrix-output-array" count="1" stride="16">
            <param name="TRANSFORM" type="float4x4"/>
          </accessor>
        </technique_common>
      </source>
      <source id="machairophoros_sele2_Skin_plumes_pose_matrix-interpolation">
        <Name_array id="machairophoros_sele2_Skin_plumes_pose_matrix-interpolation-array" count="1">LINEAR</Name_array>
        <technique_common>
          <accessor source="#machairophoros_sele2_Skin_plumes_pose_matrix-interpolation-array" count="1" stride="1">
            <param name="INTERPOLATION" type="name"/>
          </accessor>
        </technique_common>
      </source>
      <sampler id="machairophoros_sele2_Skin_plumes_pose_matrix-sampler">
        <input semantic="INPUT" source="#machairophoros_sele2_Skin_plumes_pose_matrix-input"/>
        <input semantic="OUTPUT" source="#machairophoros_sele2_Skin_plumes_pose_matrix-output"/>
        <input semantic="INTERPOLATION" source="#machairophoros_sele2_Skin_plumes_pose_matrix-interpolation"/>
      </sampler>
      <channel source="#machairophoros_sele2_Skin_plumes_pose_matrix-sampler" target="machairophoros_sele2_Skin_plumes/transform"/>
    </animation>
    <animation id="machairophoros_sele2_Skin_skulltop_pose_matrix">
      <source id="machairophoros_sele2_Skin_skulltop_pose_matrix-input">
        <float_array id="machairophoros_sele2_Skin_skulltop_pose_matrix-input-array" count="1">0.04166662</float_array>
        <technique_common>
          <accessor source="#machairophoros_sele2_Skin_skulltop_pose_matrix-input-array" count="1" stride="1">
            <param name="TIME" type="float"/>
          </accessor>
        </technique_common>
      </source>
      <source id="machairophoros_sele2_Skin_skulltop_pose_matrix-output">
        <float_array id="machairophoros_sele2_Skin_skulltop_pose_matrix-output-array" count="16">1 -5.05157e-15 4.60018e-9 -0.00416824 0 1 3.55271e-14 0.3702886 -4.60018e-9 -3.55271e-14 1 -2.13163e-14 0 0 0 1</float_array>
        <technique_common>
          <accessor source="#machairophoros_sele2_Skin_skulltop_pose_matrix-output-array" count="1" stride="16">
            <param name="TRANSFORM" type="float4x4"/>
          </accessor>
        </technique_common>
      </source>
      <source id="machairophoros_sele2_Skin_skulltop_pose_matrix-interpolation">
        <Name_array id="machairophoros_sele2_Skin_skulltop_pose_matrix-interpolation-array" count="1">LINEAR</Name_array>
        <technique_common>
          <accessor source="#machairophoros_sele2_Skin_skulltop_pose_matrix-interpolation-array" count="1" stride="1">
            <param name="INTERPOLATION" type="name"/>
          </accessor>
        </technique_common>
      </source>
      <sampler id="machairophoros_sele2_Skin_skulltop_pose_matrix-sampler">
        <input semantic="INPUT" source="#machairophoros_sele2_Skin_skulltop_pose_matrix-input"/>
        <input semantic="OUTPUT" source="#machairophoros_sele2_Skin_skulltop_pose_matrix-output"/>
        <input semantic="INTERPOLATION" source="#machairophoros_sele2_Skin_skulltop_pose_matrix-interpolation"/>
      </sampler>
      <channel source="#machairophoros_sele2_Skin_skulltop_pose_matrix-sampler" target="machairophoros_sele2_Skin_skulltop/transform"/>
    </animation>
    <animation id="machairophoros_sele2_Skin_smoke_node_0_pose_matrix">
      <source id="machairophoros_sele2_Skin_smoke_node_0_pose_matrix-input">
        <float_array id="machairophoros_sele2_Skin_smoke_node_0_pose_matrix-input-array" count="1">0.04166662</float_array>
        <technique_common>
          <accessor source="#machairophoros_sele2_Skin_smoke_node_0_pose_matrix-input-array" count="1" stride="1">
            <param name="TIME" type="float"/>
          </accessor>
        </technique_common>
      </source>
      <source id="machairophoros_sele2_Skin_smoke_node_0_pose_matrix-output">
        <float_array id="machairophoros_sele2_Skin_smoke_node_0_pose_matrix-output-array" count="16">1 -1.268e-5 -1.10467e-6 0.006514959 -1.10467e-6 1.07102e-7 -0.9999999 0.09218764 1.268e-5 0.9999999 2.38244e-7 0.2430202 0 0 0 1</float_array>
        <technique_common>
          <accessor source="#machairophoros_sele2_Skin_smoke_node_0_pose_matrix-output-array" count="1" stride="16">
            <param name="TRANSFORM" type="float4x4"/>
          </accessor>
        </technique_common>
      </source>
      <source id="machairophoros_sele2_Skin_smoke_node_0_pose_matrix-interpolation">
        <Name_array id="machairophoros_sele2_Skin_smoke_node_0_pose_matrix-interpolation-array" count="1">LINEAR</Name_array>
        <technique_common>
          <accessor source="#machairophoros_sele2_Skin_smoke_node_0_pose_matrix-interpolation-array" count="1" stride="1">
            <param name="INTERPOLATION" type="name"/>
          </accessor>
        </technique_common>
      </source>
      <sampler id="machairophoros_sele2_Skin_smoke_node_0_pose_matrix-sampler">
        <input semantic="INPUT" source="#machairophoros_sele2_Skin_smoke_node_0_pose_matrix-input"/>
        <input semantic="OUTPUT" source="#machairophoros_sele2_Skin_smoke_node_0_pose_matrix-output"/>
        <input semantic="INTERPOLATION" source="#machairophoros_sele2_Skin_smoke_node_0_pose_matrix-interpolation"/>
      </sampler>
      <channel source="#machairophoros_sele2_Skin_smoke_node_0_pose_matrix-sampler" target="machairophoros_sele2_Skin_smoke_node_0/transform"/>
    </animation>
    <animation id="machairophoros_sele2_Skin_cloaktop_pose_matrix">
      <source id="machairophoros_sele2_Skin_cloaktop_pose_matrix-input">
        <float_array id="machairophoros_sele2_Skin_cloaktop_pose_matrix-input-array" count="1">0.04166662</float_array>
        <technique_common>
          <accessor source="#machairophoros_sele2_Skin_cloaktop_pose_matrix-input-array" count="1" stride="1">
            <param name="TIME" type="float"/>
          </accessor>
        </technique_common>
      </source>
      <source id="machairophoros_sele2_Skin_cloaktop_pose_matrix-output">
        <float_array id="machairophoros_sele2_Skin_cloaktop_pose_matrix-output-array" count="16">1 -4.42306e-15 6.60961e-9 0.009935169 9.8491e-16 0.9999999 -1.49012e-7 0.3512919 -6.60961e-9 1.49012e-7 1 -0.1981267 0 0 0 1</float_array>
        <technique_common>
          <accessor source="#machairophoros_sele2_Skin_cloaktop_pose_matrix-output-array" count="1" stride="16">
            <param name="TRANSFORM" type="float4x4"/>
          </accessor>
        </technique_common>
      </source>
      <source id="machairophoros_sele2_Skin_cloaktop_pose_matrix-interpolation">
        <Name_array id="machairophoros_sele2_Skin_cloaktop_pose_matrix-interpolation-array" count="1">LINEAR</Name_array>
        <technique_common>
          <accessor source="#machairophoros_sele2_Skin_cloaktop_pose_matrix-interpolation-array" count="1" stride="1">
            <param name="INTERPOLATION" type="name"/>
          </accessor>
        </technique_common>
      </source>
      <sampler id="machairophoros_sele2_Skin_cloaktop_pose_matrix-sampler">
        <input semantic="INPUT" source="#machairophoros_sele2_Skin_cloaktop_pose_matrix-input"/>
        <input semantic="OUTPUT" source="#machairophoros_sele2_Skin_cloaktop_pose_matrix-output"/>
        <input semantic="INTERPOLATION" source="#machairophoros_sele2_Skin_cloaktop_pose_matrix-interpolation"/>
      </sampler>
      <channel source="#machairophoros_sele2_Skin_cloaktop_pose_matrix-sampler" target="machairophoros_sele2_Skin_cloaktop/transform"/>
    </animation>
    <animation id="machairophoros_sele2_Skin_cloak_pose_matrix">
      <source id="machairophoros_sele2_Skin_cloak_pose_matrix-input">
        <float_array id="machairophoros_sele2_Skin_cloak_pose_matrix-input-array" count="1">0.04166662</float_array>
        <technique_common>
          <accessor source="#machairophoros_sele2_Skin_cloak_pose_matrix-input-array" count="1" stride="1">
            <param name="TIME" type="float"/>
          </accessor>
        </technique_common>
      </source>
      <source id="machairophoros_sele2_Skin_cloak_pose_matrix-output">
        <float_array id="machairophoros_sele2_Skin_cloak_pose_matrix-output-array" count="16">1 -5.80357e-15 1.47715e-10 0.004538156 0 1 1.49011e-7 -0.859081 -1.47715e-10 -1.48763e-7 1 -0.2356979 0 0 0 1</float_array>
        <technique_common>
          <accessor source="#machairophoros_sele2_Skin_cloak_pose_matrix-output-array" count="1" stride="16">
            <param name="TRANSFORM" type="float4x4"/>
          </accessor>
        </technique_common>
      </source>
      <source id="machairophoros_sele2_Skin_cloak_pose_matrix-interpolation">
        <Name_array id="machairophoros_sele2_Skin_cloak_pose_matrix-interpolation-array" count="1">LINEAR</Name_array>
        <technique_common>
          <accessor source="#machairophoros_sele2_Skin_cloak_pose_matrix-interpolation-array" count="1" stride="1">
            <param name="INTERPOLATION" type="name"/>
          </accessor>
        </technique_common>
      </source>
      <sampler id="machairophoros_sele2_Skin_cloak_pose_matrix-sampler">
        <input semantic="INPUT" source="#machairophoros_sele2_Skin_cloak_pose_matrix-input"/>
        <input semantic="OUTPUT" source="#machairophoros_sele2_Skin_cloak_pose_matrix-output"/>
        <input semantic="INTERPOLATION" source="#machairophoros_sele2_Skin_cloak_pose_matrix-interpolation"/>
      </sampler>
      <channel source="#machairophoros_sele2_Skin_cloak_pose_matrix-sampler" target="machairophoros_sele2_Skin_cloak/transform"/>
    </animation>
    <animation id="machairophoros_sele2_Skin_cloakbottom_pose_matrix">
      <source id="machairophoros_sele2_Skin_cloakbottom_pose_matrix-input">
        <float_array id="machairophoros_sele2_Skin_cloakbottom_pose_matrix-input-array" count="1">0.04166662</float_array>
        <technique_common>
          <accessor source="#machairophoros_sele2_Skin_cloakbottom_pose_matrix-input-array" count="1" stride="1">
            <param name="TIME" type="float"/>
          </accessor>
        </technique_common>
      </source>
      <source id="machairophoros_sele2_Skin_cloakbottom_pose_matrix-output">
        <float_array id="machairophoros_sele2_Skin_cloakbottom_pose_matrix-output-array" count="16">1 -5.81241e-15 0 -0.02733967 0 1 0 -0.8312191 0 2.48605e-10 1 -0.1177092 0 0 0 1</float_array>
        <technique_common>
          <accessor source="#machairophoros_sele2_Skin_cloakbottom_pose_matrix-output-array" count="1" stride="16">
            <param name="TRANSFORM" type="float4x4"/>
          </accessor>
        </technique_common>
      </source>
      <source id="machairophoros_sele2_Skin_cloakbottom_pose_matrix-interpolation">
        <Name_array id="machairophoros_sele2_Skin_cloakbottom_pose_matrix-interpolation-array" count="1">LINEAR</Name_array>
        <technique_common>
          <accessor source="#machairophoros_sele2_Skin_cloakbottom_pose_matrix-interpolation-array" count="1" stride="1">
            <param name="INTERPOLATION" type="name"/>
          </accessor>
        </technique_common>
      </source>
      <sampler id="machairophoros_sele2_Skin_cloakbottom_pose_matrix-sampler">
        <input semantic="INPUT" source="#machairophoros_sele2_Skin_cloakbottom_pose_matrix-input"/>
        <input semantic="OUTPUT" source="#machairophoros_sele2_Skin_cloakbottom_pose_matrix-output"/>
        <input semantic="INTERPOLATION" source="#machairophoros_sele2_Skin_cloakbottom_pose_matrix-interpolation"/>
      </sampler>
      <channel source="#machairophoros_sele2_Skin_cloakbottom_pose_matrix-sampler" target="machairophoros_sele2_Skin_cloakbottom/transform"/>
    </animation>
  </library_animations>
  <library_controllers>
    <controller id="machairophoros_sele2_Skin_hoplis-skin" name="machairophoros_sele2_Skin">
      <skin source="#hoplis-mesh">
        <bind_shape_matrix>1 0 0 0 0 1 0 0 0 0 1 0 0 0 0 1</bind_shape_matrix>
        <source id="machairophoros_sele2_Skin_hoplis-skin-joints">
          <Name_array id="machairophoros_sele2_Skin_hoplis-skin-joints-array" count="20">pelvis femurleft butt-l knee-l-top ankle_left foot_left01 femurright butt-r knee-l-bopttom knee-r-top knee-r-bopttom ankleright foot_right01 rib scapula ulna scapula01 ulna01 neck smoke_node_1</Name_array>
          <technique_common>
            <accessor source="#machairophoros_sele2_Skin_hoplis-skin-joints-array" count="20" stride="1">
              <param name="JOINT" type="name"/>
            </accessor>
          </technique_common>
        </source>
        <source id="machairophoros_sele2_Skin_hoplis-skin-bind_poses">
          <float_array id="machairophoros_sele2_Skin_hoplis-skin-bind_poses-array" count="320">1 0 0 -2.88205e-4 0 0 1 -1.989969 0 -1 0 0.05965083 0 0 0 1 1 0 0 -0.2295659 0 -1.19209e-7 1 -1.980151 0 -1 -1.34359e-7 0 0 0 0 1 1 0 0 -0.2300334 0 -2.68221e-7 1 -1.881625 0 -1 -2.83122e-7 0.2278658 0 0 0 1 1 0 0 -0.2579527 0 4.76837e-7 1 -1.492426 0 -1 4.61936e-7 -0.3577128 0 0 0 1 1 -7.75266e-7 2.95466e-7 -0.2703902 0 -0.3687207 -0.9295402 0.1499912 8.29584e-7 0.9295377 -0.3687207 -0.04846727 0 0 0 1 1 -6.03436e-7 2.75786e-5 -0.2703911 0 -0.9997583 -0.02187639 -0.2401507 2.75852e-5 0.02187538 -0.9997607 0.02882623 0 0 0 1 1 0 0 0.2313526 0 0 1 -1.980151 0 -1 0 0 0 0 0 1 1 0 0 0.2346149 0 -6.78003e-7 1 -1.884255 0 -1 -6.92904e-7 0.2262768 0 0 0 1 1 0 0 -0.2616621 0 -3.05474e-7 1 -1.243225 0 -1 -3.22238e-7 0.03760057 0 0 0 1 1 0 0 0.1784679 0 -6.78003e-7 1 -1.491813 0 -1 -6.85453e-7 -0.3589497 0 0 0 1 1 0 0 0.2454932 0 0 1 -1.243115 0 -1 0 0.03760027 0 0 0 1 1 -6.86382e-7 2.74501e-7 0.2586691 0 -0.368721 -0.9295402 0.1530215 7.39233e-7 0.9295396 -0.368721 -0.04726481 0 0 0 1 1 -3.99758e-7 1.82699e-5 0.2586684 0 -0.99976 -0.02187561 -0.2400798 1.82743e-5 0.02187538 -0.9997607 0.03209751 0 0 0 1 1 0 0 0.007960081 0 0 1 -2.884791 0 -1 0 -1.77159e-7 0 0 0 1 0.202131 -1.2833e-7 0.9793585 -3.148101 -0.9793584 0 0.2021309 -0.230754 0 -1 -1.42875e-7 1.50592e-7 0 0 0 1 0.2021312 -1.2833e-7 0.9793584 -3.271839 -0.9793584 0 0.2021308 0.3686026 0 -1 -1.42875e-7 1.57952e-7 0 0 0 1 0.190675 0 -0.9816532 3.15838 0.9816532 0 0.190675 -0.1538152 0 -1 0 -4.80885e-7 0 0 0 1 0.190675 0 -0.9816533 3.270381 0.9816533 0 0.1906749 0.4455417 0 -1 0 -5.00381e-7 0 0 0 1 1 0 0 0.02165722 0 0 1 -3.354291 0 -1 -1.2116e-7 1.64899e-7 0 0 0 1 0.1906502 8.40192e-7 -0.9816581 3.382002 -0.006649374 -0.9999771 -0.001292228 -0.05629485 -0.9816354 0.006773829 -0.1906458 -1.15882 0 0 0 1</float_array>
          <technique_common>
            <accessor source="#machairophoros_sele2_Skin_hoplis-skin-bind_poses-array" count="20" stride="16">
              <param name="TRANSFORM" type="float4x4"/>
            </accessor>
          </technique_common>
        </source>
        <source id="machairophoros_sele2_Skin_hoplis-skin-weights">
          <float_array id="machairophoros_sele2_Skin_hoplis-skin-weights-array" count="299">1 0 1 1 0 1 0 1 0 1 0 1 0 1 0 1 1 0 1 0 1 0 1 0 1 0 1 0 1 0 1 1 0 1 1 0 1 0 1 1 0 1 0 1 0 1 0 1 0 1 0 1 0 1 0 1 0 1 0 1 0 1 1 1 0 1 0 1 0 1 0 0.9999999 0 1 0 1 0 1 0 1 0 1 0 1 0 1 0 1 0 1 0 1 0 1 1 0 1 0 1 0 1 0 1 0 1 1 0 1 0 1 0 1 0 1 0 1 0 1 0 1 0 1 0 1 0 1 0 1 0 1 0 1 0 1 0 1 1 1 1 1 1 1 1 1 1 1 1 1 1 1 1 1 1 1 1 1 1 1 1 1 1 1 1 1 1 1 1 1 1 1 1 1 1 1 1 1 1 1 1 1 1 1 1 1 1 1 1 1 1 1 1 1 1 1 1 1 1 1 1 1 1 1 1 1 1 1 1 1 1 1 1 1 1 1 1 1 1 1 1 1 1 1 1 1 1 1 1 1 1 1 1 1 1 1 1 1 1 1 1 1 1 1 1 1 1 1 1 1 1 1 1 1 1 1 1 1 1 1 1 1 1 1 1 1 1 1 1 1 1 1 1 1 1 1 1 1 1 1 1 1 1 1 1 1 1 1 1 1 1 1 1 1 1 1 1 1 1 1 1</float_array>
          <technique_common>
            <accessor source="#machairophoros_sele2_Skin_hoplis-skin-weights-array" count="299" stride="1">
              <param name="WEIGHT" type="float"/>
            </accessor>
          </technique_common>
        </source>
        <joints>
          <input semantic="JOINT" source="#machairophoros_sele2_Skin_hoplis-skin-joints"/>
          <input semantic="INV_BIND_MATRIX" source="#machairophoros_sele2_Skin_hoplis-skin-bind_poses"/>
        </joints>
        <vertex_weights count="236">
          <input semantic="JOINT" source="#machairophoros_sele2_Skin_hoplis-skin-joints" offset="0"/>
          <input semantic="WEIGHT" source="#machairophoros_sele2_Skin_hoplis-skin-weights" offset="1"/>
          <vcount>2 1 2 2 2 2 2 2 1 2 2 2 2 2 2 2 1 2 1 2 2 1 2 2 2 2 2 2 2 2 2 2 2 1 1 2 2 2 2 2 2 2 2 2 2 2 2 2 2 2 1 2 2 2 2 2 1 2 2 2 2 2 2 2 2 2 2 2 2 2 2 2 1 1 1 1 1 1 1 1 1 1 1 1 1 1 1 1 1 1 1 1 1 1 1 1 1 1 1 1 1 1 1 1 1 1 1 1 1 1 1 1 1 1 1 1 1 1 1 1 1 1 1 1 1 1 1 1 1 1 1 1 1 1 1 1 1 1 1 1 1 1 1 1 1 1 1 1 1 1 1 1 1 1 1 1 1 1 1 1 1 1 1 1 1 1 1 1 1 1 1 1 1 1 1 1 1 1 1 1 1 1 1 1 1 1 1 1 1 1 1 1 1 1 1 1 1 1 1 1 1 1 1 1 1 1 1 1 1 1 1 1 1 1 1 1 1 1 1 1 1 1 1 1 1 1 1 1 1 1 1 1 1 1 1 1 </vcount>
          <v>15 0 18 1 15 2 15 3 18 4 15 5 18 6 15 7 18 8 15 9 18 10 15 11 18 12 15 13 18 14 15 15 15 16 18 17 15 18 18 19 15 20 18 21 15 22 18 23 15 24 18 25 15 26 18 27 15 28 18 29 15 30 15 31 18 32 15 33 15 34 18 35 15 36 18 37 15 38 15 39 18 40 15 41 18 42 15 43 18 44 15 45 18 46 15 47 18 48 15 49 18 50 15 51 18 52 15 53 18 54 15 55 18 56 15 57 18 58 15 59 18 60 15 61 15 62 15 63 18 64 15 65 18 66 15 67 18 68 15 69 18 70 15 71 18 72 15 73 18 74 15 75 18 76 15 77 18 78 15 79 18 80 15 81 18 82 15 83 18 84 15 85 18 86 15 87 18 88 15 89 18 90 15 91 18 92 15 93 15 94 18 95 15 96 18 97 15 98 18 99 15 100 18 101 15 102 18 103 15 104 15 105 18 106 15 107 18 108 15 109 18 110 15 111 18 112 15 113 18 114 15 115 18 116 15 117 18 118 15 119 18 120 15 121 18 122 15 123 18 124 15 125 18 126 15 127 18 128 15 129 18 130 15 131 18 132 15 133 18 134 18 135 18 136 18 137 18 138 18 139 18 140 18 141 18 142 18 143 18 144 18 145 18 146 18 147 18 148 18 149 18 150 18 151 18 152 18 153 18 154 18 155 18 156 18 157 18 158 18 159 18 160 18 161 18 162 18 163 18 164 18 165 18 166 17 167 15 168 15 169 17 170 17 171 15 172 15 173 15 174 8 175 8 176 5 177 13 178 13 179 17 180 17 181 0 182 15 183 14 184 13 185 13 186 2 187 7 188 9 189 3 190 7 191 2 192 0 193 0 194 10 195 10 196 11 197 10 198 11 199 12 200 17 201 17 202 17 203 15 204 8 205 8 206 4 207 1 208 16 209 17 210 17 211 17 212 13 213 17 214 14 215 15 216 15 217 15 218 15 219 13 220 0 221 9 222 13 223 13 224 13 225 13 226 13 227 13 228 3 229 6 230 11 231 17 232 15 233 5 234 13 235 14 236 10 237 12 238 4 239 4 240 16 241 15 242 16 243 18 244 18 245 18 246 18 247 18 248 18 249 18 250 18 251 18 252 18 253 18 254 18 255 18 256 18 257 18 258 18 259 18 260 18 261 18 262 18 263 18 264 18 265 18 266 18 267 18 268 18 269 18 270 18 271 18 272 18 273 18 274 18 275 2 276 7 277 9 278 3 279 7 280 2 281 9 282 3 283 19 284 19 285 19 286 19 287 19 288 19 289 19 290 19 291 19 292 19 293 19 294 19 295 19 296 19 297 19 298</v>
        </vertex_weights>
      </skin>
    </controller>
  </library_controllers>
  <library_visual_scenes>
    <visual_scene id="Scene" name="Scene">
      <node id="machairophoros_sele2_Skin" name="machairophoros_sele2_Skin" type="NODE">
        <translate sid="location">0 0 0</translate>
        <rotate sid="rotationZ">0 0 1 0</rotate>
        <rotate sid="rotationY">0 1 0 0</rotate>
        <rotate sid="rotationX">1 0 0 0</rotate>
        <scale sid="scale">1 1 1</scale>
        <node id="machairophoros_sele2_Skin_root" name="root" sid="root" type="JOINT">
          <matrix sid="transform">1 5.49894e-16 2.62398e-8 0 2.62398e-8 -1.34359e-7 -1 -1.01207e-7 2.97565e-15 1 -1.19209e-7 2.154822 0 0 0 1</matrix>
          <node id="machairophoros_sele2_Skin_pelvis" name="pelvis" sid="pelvis" type="JOINT">
            <matrix sid="transform">1 0 9.28837e-9 2.88204e-4 -3.46018e-16 1 3.72528e-8 -0.1648533 -9.28837e-9 -3.72528e-8 1 -0.05965076 0 0 0 1</matrix>
            <node id="machairophoros_sele2_Skin_femurleft" name="femurleft" sid="femurleft" type="JOINT">
              <matrix sid="transform">1 -3.87761e-15 5.08076e-9 0.2292777 0 1 -3.72529e-8 -0.0098176 -5.08076e-9 3.75012e-8 1 0.05965088 0 0 0 1</matrix>
              <node id="machairophoros_sele2_Skin_butt-l" name="butt-l" sid="butt-l" type="JOINT">
                <matrix sid="transform">1 -4.56025e-15 4.2319e-9 4.67554e-4 6.30602e-16 1 -1.49012e-7 -0.098526 -4.2319e-9 1.49012e-7 1 -0.2278655 0 0 0 1</matrix>
                <extra>
                  <technique profile="blender">
                    <layer sid="layer" type="string">0</layer>
                    <roll sid="roll" type="float">0</roll>
                    <tip_x sid="tip_x" type="float">0</tip_x>
                    <tip_y sid="tip_y" type="float">0</tip_y>
                    <tip_z sid="tip_z" type="float">0.1</tip_z>
                  </technique>
                </extra>
              </node>
              <node id="machairophoros_sele2_Skin_knee-l-top" name="knee-l-top" sid="knee-l-top" type="JOINT">
                <matrix sid="transform">1 -4.56025e-15 7.79386e-9 0.02838683 -4.6455e-15 1 5.96047e-7 -0.4877242 -7.79386e-9 -5.96047e-7 1 0.3577119 0 0 0 1</matrix>
                <extra>
                  <technique profile="blender">
                    <layer sid="layer" type="string">0</layer>
                    <roll sid="roll" type="float">0</roll>
                    <tip_x sid="tip_x" type="float">0</tip_x>
                    <tip_y sid="tip_y" type="float">0</tip_y>
                    <tip_z sid="tip_z" type="float">0.1</tip_z>
                  </technique>
                </extra>
              </node>
              <node id="machairophoros_sele2_Skin_knee-l-bopttom" name="knee-l-bopttom" sid="knee-l-bopttom" type="JOINT">
                <matrix sid="transform">1 -4.56025e-15 3.00215e-8 0.03209621 5.59194e-15 1 -1.86264e-7 -0.736926 -3.00215e-8 1.86264e-7 1 -0.03760032 0 0 0 1</matrix>
                <node id="machairophoros_sele2_Skin_ankle_left" name="ankle left" sid="ankle_left" type="JOINT">
                  <matrix sid="transform">1 -5.11041e-8 8.89747e-7 0.008728117 2.95466e-7 -0.9295399 -0.3687219 -1.121673 8.45897e-7 0.3687219 -0.9295423 -0.06275661 0 0 0 1</matrix>
                  <node id="machairophoros_sele2_Skin_foot_left01" name="foot left01" sid="foot_left01" type="JOINT">
                    <matrix sid="transform">1 7.68619e-7 2.72728e-5 2.68221e-7 -2.54241e-5 0.3889674 0.9212515 0.2168389 -9.90015e-6 -0.9212515 0.3889675 -0.2809217 0 0 0 1</matrix>
                    <extra>
                      <technique profile="blender">
                        <layer sid="layer" type="string">0</layer>
                        <roll sid="roll" type="float">2.7576e-5</roll>
                        <tip_x sid="tip_x" type="float">0</tip_x>
                        <tip_y sid="tip_y" type="float">-0.09997606</tip_y>
                        <tip_z sid="tip_z" type="float">-0.00218749</tip_z>
                      </technique>
                    </extra>
                  </node>
                  <extra>
                    <technique profile="blender">
                      <layer sid="layer" type="string">0</layer>
                      <roll sid="roll" type="float">8.29585e-7</roll>
                      <tip_x sid="tip_x" type="float">0</tip_x>
                      <tip_y sid="tip_y" type="float">-0.03687214</tip_y>
                      <tip_z sid="tip_z" type="float">-0.09295403</tip_z>
                    </technique>
                  </extra>
                </node>
                <extra>
                  <technique profile="blender">
                    <layer sid="layer" type="string">0</layer>
                    <roll sid="roll" type="float">0</roll>
                    <tip_x sid="tip_x" type="float">0</tip_x>
                    <tip_y sid="tip_y" type="float">0</tip_y>
                    <tip_z sid="tip_z" type="float">0.1</tip_z>
                  </technique>
                </extra>
              </node>
              <extra>
                <technique profile="blender">
                  <layer sid="layer" type="string">0</layer>
                  <roll sid="roll" type="float">0</roll>
                  <tip_x sid="tip_x" type="float">0</tip_x>
                  <tip_y sid="tip_y" type="float">0</tip_y>
                  <tip_z sid="tip_z" type="float">0.0999999</tip_z>
                </technique>
              </extra>
            </node>
            <node id="machairophoros_sele2_Skin_femurright" name="femurright" sid="femurright" type="JOINT">
              <matrix sid="transform">1 -3.87761e-15 5.08076e-9 -0.2316408 0 1 0 -0.0098176 -5.08076e-9 2.48278e-10 1 0.05965088 0 0 0 1</matrix>
              <node id="machairophoros_sele2_Skin_butt-r" name="butt-r" sid="butt-r" type="JOINT">
                <matrix sid="transform">1 -4.37098e-15 5.58592e-9 -0.003262356 3.32947e-15 1 -5.96046e-7 -0.09589529 -5.58592e-9 5.96046e-7 1 -0.2262757 0 0 0 1</matrix>
                <extra>
                  <technique profile="blender">
                    <layer sid="layer" type="string">0</layer>
                    <roll sid="roll" type="float">0</roll>
                    <tip_x sid="tip_x" type="float">0</tip_x>
                    <tip_y sid="tip_y" type="float">0</tip_y>
                    <tip_z sid="tip_z" type="float">0.1</tip_z>
                  </technique>
                </extra>
              </node>
              <node id="machairophoros_sele2_Skin_knee-r-top" name="knee-r-top" sid="knee-r-top" type="JOINT">
                <matrix sid="transform">1 -4.37098e-15 9.03824e-9 0.05288468 5.38721e-15 0.9999999 -5.96046e-7 -0.4883386 -9.03824e-9 5.96046e-7 1 0.3589506 0 0 0 1</matrix>
                <extra>
                  <technique profile="blender">
                    <layer sid="layer" type="string">0</layer>
                    <roll sid="roll" type="float">0</roll>
                    <tip_x sid="tip_x" type="float">0</tip_x>
                    <tip_y sid="tip_y" type="float">0</tip_y>
                    <tip_z sid="tip_z" type="float">0.1</tip_z>
                  </technique>
                </extra>
              </node>
              <node id="machairophoros_sele2_Skin_knee-r-bopttom" name="knee-r-bopttom" sid="knee-r-bopttom" type="JOINT">
                <matrix sid="transform">1 -4.37098e-15 1.55375e-8 -0.01414061 0 1 0 -0.7370361 -1.55375e-8 0 1 -0.03760032 0 0 0 1</matrix>
                <node id="machairophoros_sele2_Skin_ankleright" name="ankleright" sid="ankleright" type="JOINT">
                  <matrix sid="transform">1 -1.86264e-8 7.91425e-7 -0.01317592 2.74501e-7 -0.92954 -0.3687212 -1.118303 7.42528e-7 0.3687212 -0.9295406 -0.06275675 0 0 0 1</matrix>
                  <node id="machairophoros_sele2_Skin_foot_right01" name="foot right01" sid="foot_right01" type="JOINT">
                    <matrix sid="transform">1 6.80213e-7 1.79848e-5 2.68221e-7 -1.68331e-5 0.388967 0.9212518 0.2168391 -6.36885e-6 -0.9212518 0.388967 -0.2809221 0 0 0 1</matrix>
                    <extra>
                      <technique profile="blender">
                        <layer sid="layer" type="string">0</layer>
                        <roll sid="roll" type="float">1.82681e-5</roll>
                        <tip_x sid="tip_x" type="float">0</tip_x>
                        <tip_y sid="tip_y" type="float">-0.09997606</tip_y>
                        <tip_z sid="tip_z" type="float">-0.00218749</tip_z>
                      </technique>
                    </extra>
                  </node>
                  <extra>
                    <technique profile="blender">
                      <layer sid="layer" type="string">0</layer>
                      <roll sid="roll" type="float">7.39234e-7</roll>
                      <tip_x sid="tip_x" type="float">0</tip_x>
                      <tip_y sid="tip_y" type="float">-0.03687208</tip_y>
                      <tip_z sid="tip_z" type="float">-0.09295403</tip_z>
                    </technique>
                  </extra>
                </node>
                <extra>
                  <technique profile="blender">
                    <layer sid="layer" type="string">0</layer>
                    <roll sid="roll" type="float">0</roll>
                    <tip_x sid="tip_x" type="float">0</tip_x>
                    <tip_y sid="tip_y" type="float">0</tip_y>
                    <tip_z sid="tip_z" type="float">0.1</tip_z>
                  </technique>
                </extra>
              </node>
              <extra>
                <technique profile="blender">
                  <layer sid="layer" type="string">0</layer>
                  <roll sid="roll" type="float">0</roll>
                  <tip_x sid="tip_x" type="float">0</tip_x>
                  <tip_y sid="tip_y" type="float">0</tip_y>
                  <tip_z sid="tip_z" type="float">0.0999999</tip_z>
                </technique>
              </extra>
            </node>
            <node id="machairophoros_sele2_Skin_lumbar" name="lumbar" sid="lumbar" type="JOINT">
              <matrix sid="transform">1 -3.87761e-15 4.81516e-9 0.004538174 0 1 3.72529e-8 0.189765 -4.81516e-9 -3.70047e-8 1 -0.05340066 0 0 0 1</matrix>
              <node id="machairophoros_sele2_Skin_rib" name="rib" sid="rib" type="JOINT">
                <matrix sid="transform">1 -4.16581e-15 4.29795e-9 -0.01278648 0 1 0 0.7050576 -4.29795e-9 2.48249e-10 1 0.1130516 0 0 0 1</matrix>
                <node id="machairophoros_sele2_Skin_scapula" name="scapula" sid="scapula" type="JOINT">
                  <matrix sid="transform">0.2021309 -0.9793586 -6.06741e-8 0.4182977 0.9793585 0.202131 -8.30224e-8 0.2449708 9.35729e-8 -4.26403e-8 1 -4.30138e-8 0 0 0 1</matrix>
                  <node id="machairophoros_sele2_Skin_ulna" name="ulna" sid="ulna" type="JOINT">
                    <matrix sid="transform">1 -5.96046e-8 1.42109e-14 0.1237378 7.45058e-8 0.9999999 -1.59872e-14 -0.5993564 -2.84217e-14 1.59872e-14 1 -7.35959e-9 0 0 0 1</matrix>
                    <node id="machairophoros_sele2_Skin_carpal" name="carpal" sid="carpal" type="JOINT">
                      <matrix sid="transform">1 -2.83122e-7 2.10839e-8 0.1033101 0 0.9999999 -7.45058e-8 -0.5754043 -2.10839e-8 7.45059e-8 1 0.07377817 0 0 0 1</matrix>
                      <node id="machairophoros_sele2_Skin_ammo_node_1" name="ammo node 1" sid="ammo_node_1" type="JOINT">
                        <matrix sid="transform">0.9999999 2.98023e-7 -1.60784e-5 0.176682 -1.60784e-5 0.0019221 -0.9999982 0.2353449 -2.70752e-7 0.9999982 0.001922134 -0.07377825 0 0 0 1</matrix>
                        <extra>
                          <technique profile="blender">
                            <layer sid="layer" type="string">0</layer>
                            <roll sid="roll" type="float">-2.181542</roll>
                            <tip_x sid="tip_x" type="float">-1.88231e-4</tip_x>
                            <tip_y sid="tip_y" type="float">-0.09999984</tip_y>
                            <tip_z sid="tip_z" type="float">3.88622e-5</tip_z>
                          </technique>
                        </extra>
                      </node>
                      <extra>
                        <technique profile="blender">
                          <layer sid="layer" type="string">0</layer>
                          <roll sid="roll" type="float">-1.367263</roll>
                          <tip_x sid="tip_x" type="float">-0.09793579</tip_x>
                          <tip_y sid="tip_y" type="float">0</tip_y>
                          <tip_z sid="tip_z" type="float">0.02021312</tip_z>
                        </technique>
                      </extra>
                    </node>
                    <extra>
                      <technique profile="blender">
                        <layer sid="layer" type="string">0</layer>
                        <roll sid="roll" type="float">-1.367263</roll>
                        <tip_x sid="tip_x" type="float">-0.09793597</tip_x>
                        <tip_y sid="tip_y" type="float">0</tip_y>
                        <tip_z sid="tip_z" type="float">0.02021312</tip_z>
                      </technique>
                    </extra>
                  </node>
                  <extra>
                    <technique profile="blender">
                      <layer sid="layer" type="string">0</layer>
                      <roll sid="roll" type="float">-1.367263</roll>
                      <tip_x sid="tip_x" type="float">-0.09793597</tip_x>
                      <tip_y sid="tip_y" type="float">0</tip_y>
                      <tip_z sid="tip_z" type="float">0.02021312</tip_z>
                    </technique>
                  </extra>
                </node>
                <node id="machairophoros_sele2_Skin_scapula01" name="scapula01" sid="scapula01" type="JOINT">
                  <matrix sid="transform">0.190675 0.9816532 -4.37703e-8 -0.4432708 -0.9816532 0.190675 1.04477e-7 0.2449708 1.10906e-7 2.3046e-8 1 -4.30138e-8 0 0 0 1</matrix>
                  <node id="machairophoros_sele2_Skin_ulna01" name="ulna01" sid="ulna01" type="JOINT">
                    <matrix sid="transform">0.9999999 7.45058e-8 9.36659e-9 -0.1120014 -5.96046e-8 0.9999999 -1.19209e-7 -0.5993567 -9.36659e-9 1.19209e-7 1 -2.98348e-9 0 0 0 1</matrix>
                    <node id="machairophoros_sele2_Skin_carpal_right" name="carpal right" sid="carpal_right" type="JOINT">
                      <matrix sid="transform">1 -1.19209e-7 -2.64143e-8 -0.1377442 1.49012e-7 1 -5.63993e-13 -0.5311356 2.64143e-8 5.41345e-13 1 -1.48016e-7 0 0 0 1</matrix>
                      <node id="machairophoros_sele2_Skin_smoke_node_1" name="smoke node 1" sid="smoke_node_1" type="JOINT">
                        <matrix sid="transform">1 7.4564e-7 -2.5183e-5 0.02609396 -2.52426e-5 -0.006773767 -0.9999772 -0.1824129 -9.16161e-7 0.9999771 -0.00677371 0.04844671 0 0 0 1</matrix>
                        <node id="machairophoros_sele2_Skin_ammo_node_0" name="ammo node 0" sid="ammo_node_0" type="JOINT">
                          <matrix sid="transform">1 2.79546e-5 -1.20837e-6 0.002615929 1.39931e-6 -0.006773181 0.999977 1.569696 2.80589e-5 -0.9999769 -0.006772996 0.044487 0 0 0 1</matrix>
                          <extra>
                            <technique profile="blender">
                              <layer sid="layer" type="string">0</layer>
                              <roll sid="roll" type="float">1.379</roll>
                              <tip_x sid="tip_x" type="float">0.09858512</tip_x>
                              <tip_y sid="tip_y" type="float">0</tip_y>
                              <tip_z sid="tip_z" type="float">0.01914358</tip_z>
                            </technique>
                          </extra>
                        </node>
                        <extra>
                          <technique profile="blender">
                            <layer sid="layer" type="string">0</layer>
                            <roll sid="roll" type="float">1.378813</roll>
                            <tip_x sid="tip_x" type="float">-6.64949e-4</tip_x>
                            <tip_y sid="tip_y" type="float">-0.09999769</tip_y>
                            <tip_z sid="tip_z" type="float">-1.29223e-4</tip_z>
                          </technique>
                        </extra>
                      </node>
                      <extra>
                        <technique profile="blender">
                          <layer sid="layer" type="string">0</layer>
                          <roll sid="roll" type="float">1.378946</roll>
                          <tip_x sid="tip_x" type="float">0.09816539</tip_x>
                          <tip_y sid="tip_y" type="float">0</tip_y>
                          <tip_z sid="tip_z" type="float">0.01906752</tip_z>
                        </technique>
                      </extra>
                    </node>
                    <extra>
                      <technique profile="blender">
                        <layer sid="layer" type="string">0</layer>
                        <roll sid="roll" type="float">1.378947</roll>
                        <tip_x sid="tip_x" type="float">0.09816545</tip_x>
                        <tip_y sid="tip_y" type="float">0</tip_y>
                        <tip_z sid="tip_z" type="float">0.01906752</tip_z>
                      </technique>
                    </extra>
                  </node>
                  <extra>
                    <technique profile="blender">
                      <layer sid="layer" type="string">0</layer>
                      <roll sid="roll" type="float">1.378947</roll>
                      <tip_x sid="tip_x" type="float">0.09816545</tip_x>
                      <tip_y sid="tip_y" type="float">0</tip_y>
                      <tip_z sid="tip_z" type="float">0.01906752</tip_z>
                    </technique>
                  </extra>
                </node>
                <node id="machairophoros_sele2_Skin_neck" name="neck" sid="neck" type="JOINT">
                  <matrix sid="transform">1 -4.42306e-15 3.79429e-9 -0.01369714 2.32617e-16 0.9999999 -6.13072e-8 0.4694993 -3.79429e-9 6.13072e-8 1 -1.36333e-7 0 0 0 1</matrix>
                  <node id="machairophoros_sele2_Skin_skull" name="skull" sid="skull" type="JOINT">
                    <matrix sid="transform">1 -4.88277e-15 1.48448e-9 -0.007297663 0 1 7.45046e-9 0.4520025 -1.48448e-9 -7.45045e-9 1 7.10192e-8 0 0 0 1</matrix>
                    <node id="machairophoros_sele2_Skin_nogginbottom" name="nogginbottom" sid="nogginbottom" type="JOINT">
                      <matrix sid="transform">1 2.3283e-9 2.36499e-7 0.001799162 -1.22153e-8 0.9991254 0.0418141 0.08982587 -2.36195e-7 -0.0418141 0.9991254 0.2822085 0 0 0 1</matrix>
                      <extra>
                        <technique profile="blender">
                          <layer sid="layer" type="string">0</layer>
                          <roll sid="roll" type="float">2.86376e-7</roll>
                          <tip_x sid="tip_x" type="float">0</tip_x>
                          <tip_y sid="tip_y" type="float">0.004181385</tip_y>
                          <tip_z sid="tip_z" type="float">0.09991264</tip_z>
                        </technique>
                      </extra>
                    </node>
                    <node id="machairophoros_sele2_Skin_plumes" name="plumes" sid="plumes" type="JOINT">
                      <matrix sid="transform">1 2.3283e-9 3.70634e-7 -0.002369048 -1.01487e-8 0.9997773 0.02110134 0.1819341 -3.70502e-7 -0.02110134 0.9997773 0.1862073 0 0 0 1</matrix>
                      <extra>
                        <technique profile="blender">
                          <layer sid="layer" type="string">0</layer>
                          <roll sid="roll" type="float">4.20543e-7</roll>
                          <tip_x sid="tip_x" type="float">0</tip_x>
                          <tip_y sid="tip_y" type="float">0.002110123</tip_y>
                          <tip_z sid="tip_z" type="float">0.09997797</tip_z>
                        </technique>
                      </extra>
                    </node>
                    <node id="machairophoros_sele2_Skin_skulltop" name="skulltop" sid="skulltop" type="JOINT">
                      <matrix sid="transform">1 -5.05157e-15 4.60018e-9 -0.00416824 0 1 3.55271e-14 0.3702886 -4.60018e-9 -3.55271e-14 1 -2.13163e-14 0 0 0 1</matrix>
                      <extra>
                        <technique profile="blender">
                          <layer sid="layer" type="string">0</layer>
                          <roll sid="roll" type="float">0</roll>
                          <tip_x sid="tip_x" type="float">0</tip_x>
                          <tip_y sid="tip_y" type="float">0</tip_y>
                          <tip_z sid="tip_z" type="float">0.0999999</tip_z>
                        </technique>
                      </extra>
                    </node>
                    <extra>
                      <technique profile="blender">
                        <layer sid="layer" type="string">0</layer>
                        <roll sid="roll" type="float">0</roll>
                        <tip_x sid="tip_x" type="float">0</tip_x>
                        <tip_y sid="tip_y" type="float">0</tip_y>
                        <tip_z sid="tip_z" type="float">0.1000001</tip_z>
                      </technique>
                    </extra>
                  </node>
                  <node id="machairophoros_sele2_Skin_smoke_node_0" name="smoke node 0" sid="smoke_node_0" type="JOINT">
                    <matrix sid="transform">1 -1.268e-5 -1.10467e-6 0.006514959 -1.10467e-6 1.07102e-7 -0.9999999 0.09218764 1.268e-5 0.9999999 2.38244e-7 0.2430202 0 0 0 1</matrix>
                    <extra>
                      <technique profile="blender">
                        <layer sid="layer" type="string">0</layer>
                        <roll sid="roll" type="float">3.141592</roll>
                        <tip_x sid="tip_x" type="float">-1.26287e-6</tip_x>
                        <tip_y sid="tip_y" type="float">-0.09999996</tip_y>
                        <tip_z sid="tip_z" type="float">0</tip_z>
                      </technique>
                    </extra>
                  </node>
                  <extra>
                    <technique profile="blender">
                      <layer sid="layer" type="string">0</layer>
                      <roll sid="roll" type="float">0</roll>
                      <tip_x sid="tip_x" type="float">0</tip_x>
                      <tip_y sid="tip_y" type="float">0</tip_y>
                      <tip_z sid="tip_z" type="float">0.1000001</tip_z>
                    </technique>
                  </extra>
                </node>
                <node id="machairophoros_sele2_Skin_cloaktop" name="cloaktop" sid="cloaktop" type="JOINT">
                  <matrix sid="transform">1 -4.42306e-15 6.60961e-9 0.009935169 9.8491e-16 0.9999999 -1.49012e-7 0.3512919 -6.60961e-9 1.49012e-7 1 -0.1981267 0 0 0 1</matrix>
                  <node id="machairophoros_sele2_Skin_cloak" name="cloak" sid="cloak" type="JOINT">
                    <matrix sid="transform">1 -5.80357e-15 1.47715e-10 0.004538156 0 1 1.49011e-7 -0.859081 -1.47715e-10 -1.48763e-7 1 -0.2356979 0 0 0 1</matrix>
                    <node id="machairophoros_sele2_Skin_cloakbottom" name="cloakbottom" sid="cloakbottom" type="JOINT">
                      <matrix sid="transform">1 -5.81241e-15 0 -0.02733967 0 1 0 -0.8312191 0 2.48605e-10 1 -0.1177092 0 0 0 1</matrix>
                      <extra>
                        <technique profile="blender">
                          <layer sid="layer" type="string">0</layer>
                          <roll sid="roll" type="float">0</roll>
                          <tip_x sid="tip_x" type="float">0</tip_x>
                          <tip_y sid="tip_y" type="float">0</tip_y>
                          <tip_z sid="tip_z" type="float">0.1</tip_z>
                        </technique>
                      </extra>
                    </node>
                    <extra>
                      <technique profile="blender">
                        <layer sid="layer" type="string">0</layer>
                        <roll sid="roll" type="float">0</roll>
                        <tip_x sid="tip_x" type="float">0</tip_x>
                        <tip_y sid="tip_y" type="float">0</tip_y>
                        <tip_z sid="tip_z" type="float">0.1000001</tip_z>
                      </technique>
                    </extra>
                  </node>
                  <extra>
                    <technique profile="blender">
                      <layer sid="layer" type="string">0</layer>
                      <roll sid="roll" type="float">0</roll>
                      <tip_x sid="tip_x" type="float">0</tip_x>
                      <tip_y sid="tip_y" type="float">0</tip_y>
                      <tip_z sid="tip_z" type="float">0.0999999</tip_z>
                    </technique>
                  </extra>
                </node>
                <extra>
                  <technique profile="blender">
                    <layer sid="layer" type="string">0</layer>
                    <roll sid="roll" type="float">0</roll>
                    <tip_x sid="tip_x" type="float">0</tip_x>
                    <tip_y sid="tip_y" type="float">0</tip_y>
                    <tip_z sid="tip_z" type="float">0.0999999</tip_z>
                  </technique>
                </extra>
              </node>
              <extra>
                <technique profile="blender">
                  <layer sid="layer" type="string">0</layer>
                  <roll sid="roll" type="float">0</roll>
                  <tip_x sid="tip_x" type="float">0</tip_x>
                  <tip_y sid="tip_y" type="float">0</tip_y>
                  <tip_z sid="tip_z" type="float">0.0999999</tip_z>
                </technique>
              </extra>
            </node>
            <extra>
              <technique profile="blender">
                <layer sid="layer" type="string">0</layer>
                <roll sid="roll" type="float">0</roll>
                <tip_x sid="tip_x" type="float">0</tip_x>
                <tip_y sid="tip_y" type="float">0</tip_y>
                <tip_z sid="tip_z" type="float">0.1000001</tip_z>
              </technique>
            </extra>
          </node>
          <extra>
            <technique profile="blender">
              <layer sid="layer" type="string">0</layer>
              <roll sid="roll" type="float">0</roll>
              <tip_x sid="tip_x" type="float">0</tip_x>
              <tip_y sid="tip_y" type="float">0</tip_y>
              <tip_z sid="tip_z" type="float">0.1000001</tip_z>
            </technique>
          </extra>
        </node>
      </node>
      <node id="hoplis" name="hoplis" type="NODE">
        <translate sid="location">0 0 0</translate>
        <rotate sid="rotationZ">0 0 1 0</rotate>
        <rotate sid="rotationY">0 1 0 0</rotate>
        <rotate sid="rotationX">1 0 0 0</rotate>
        <scale sid="scale">1 1 1</scale>
        <instance_controller url="#machairophoros_sele2_Skin_hoplis-skin">
          <skeleton>#machairophoros_sele2_Skin_root</skeleton>
          <bind_material>
            <technique_common>
              <instance_material symbol="Agema_000-material" target="#Agema_000-material"/>
              <instance_material symbol="Agema_001-material" target="#Agema_001-material"/>
            </technique_common>
          </bind_material>
        </instance_controller>
      </node>
      <node id="LAMP_FRONT_PEACH" name="LAMP_FRONT_PEACH" type="NODE">
        <translate sid="location">0.07793808 -21.84175 55.79722</translate>
        <rotate sid="rotationZ">0 0 1 -2.191487</rotate>
        <rotate sid="rotationY">0 1 0 0.7084688</rotate>
        <rotate sid="rotationX">1 0 0 21.84979</rotate>
        <scale sid="scale">3.598536 3.598536 3.598536</scale>
        <instance_light url="#LAMP_FRONT_PEACH-light"/>
      </node>
      <node id="Lamp_WEST" name="Lamp_WEST" type="NODE">
        <translate sid="location">-28.80603 3.436447 33.30629</translate>
        <rotate sid="rotationZ">0 0 1 -101.8317</rotate>
        <rotate sid="rotationY">0 1 0 3.559017</rotate>
        <rotate sid="rotationX">1 0 0 44.99136</rotate>
        <scale sid="scale">3.598536 3.598536 3.598536</scale>
        <instance_light url="#Lamp_WEST-light"/>
      </node>
      <node id="Camera" name="Camera" type="NODE">
        <translate sid="location">7.481132 -6.50764 5.343665</translate>
        <rotate sid="rotationZ">0 0 1 46.69194</rotate>
        <rotate sid="rotationY">0 1 0 0</rotate>
        <rotate sid="rotationX">1 0 0 63.5593</rotate>
        <scale sid="scale">1 1 1</scale>
        <instance_camera url="#Camera-camera"/>
      </node>
      <node id="Lamp" name="Lamp" type="NODE">
        <translate sid="location">4.076245 1.005454 5.903862</translate>
        <rotate sid="rotationZ">0 0 1 106.9363</rotate>
        <rotate sid="rotationY">0 1 0 3.163707</rotate>
        <rotate sid="rotationX">1 0 0 37.26105</rotate>
        <scale sid="scale">1 0.9999999 1</scale>
        <instance_light url="#Lamp-light"/>
      </node>
    </visual_scene>
  </library_visual_scenes>
  <scene>
    <instance_visual_scene url="#Scene"/>
  </scene>
</COLLADA>