<?xml version="1.0" encoding="utf-8"?>
<COLLADA xmlns="http://www.collada.org/2005/11/COLLADASchema" version="1.4.1" xmlns:xsi="http://www.w3.org/2001/XMLSchema-instance">
  <asset>
    <contributor>
      <author>Blender User</author>
      <authoring_tool>Blender 2.79.0 commit date:2017-09-11, commit time:10:43, hash:5bd8ac9</authoring_tool>
    </contributor>
    <created>2018-11-19T15:06:02</created>
    <modified>2018-11-19T15:06:02</modified>
    <unit name="meter" meter="1"/>
    <up_axis>Z_UP</up_axis>
  </asset>
  <library_cameras>
    <camera id="Camera-camera" name="Camera">
      <optics>
        <technique_common>
          <perspective>
            <xfov sid="xfov">49.13434</xfov>
            <aspect_ratio>1.777778</aspect_ratio>
            <znear sid="znear">0.1</znear>
            <zfar sid="zfar">100</zfar>
          </perspective>
        </technique_common>
      </optics>
      <extra>
        <technique profile="blender">
          <shiftx sid="shiftx" type="float">0</shiftx>
          <shifty sid="shifty" type="float">0</shifty>
          <YF_dofdist sid="YF_dofdist" type="float">0</YF_dofdist>
        </technique>
      </extra>
    </camera>
  </library_cameras>
  <library_lights>
    <light id="LAMP_FRONT_PEACH-light" name="Lamp.002">
      <technique_common>
        <ambient>
          <color>1 1 1</color>
        </ambient>
      </technique_common>
      <extra>
        <technique profile="blender">
          <type sid="type" type="int">3</type>
          <flag sid="flag" type="int">0</flag>
          <mode sid="mode" type="int">8192</mode>
          <gamma sid="blender_gamma" type="float">1</gamma>
          <red sid="red" type="float">1</red>
          <green sid="green" type="float">1</green>
          <blue sid="blue" type="float">1</blue>
          <shadow_r sid="blender_shadow_r" type="float">0</shadow_r>
          <shadow_g sid="blender_shadow_g" type="float">0</shadow_g>
          <shadow_b sid="blender_shadow_b" type="float">0</shadow_b>
          <energy sid="blender_energy" type="float">1</energy>
          <dist sid="blender_dist" type="float">29.99998</dist>
          <spotsize sid="spotsize" type="float">75</spotsize>
          <spotblend sid="spotblend" type="float">0.15</spotblend>
          <halo_intensity sid="blnder_halo_intensity" type="float">1</halo_intensity>
          <att1 sid="att1" type="float">0</att1>
          <att2 sid="att2" type="float">1</att2>
          <falloff_type sid="falloff_type" type="int">2</falloff_type>
          <clipsta sid="clipsta" type="float">1.000799</clipsta>
          <clipend sid="clipend" type="float">30.002</clipend>
          <bias sid="bias" type="float">1</bias>
          <soft sid="soft" type="float">3</soft>
          <compressthresh sid="compressthresh" type="float">0.04999995</compressthresh>
          <bufsize sid="bufsize" type="int">2880</bufsize>
          <samp sid="samp" type="int">3</samp>
          <buffers sid="buffers" type="int">1</buffers>
          <filtertype sid="filtertype" type="int">0</filtertype>
          <bufflag sid="bufflag" type="int">0</bufflag>
          <buftype sid="buftype" type="int">2</buftype>
          <ray_samp sid="ray_samp" type="int">1</ray_samp>
          <ray_sampy sid="ray_sampy" type="int">1</ray_sampy>
          <ray_sampz sid="ray_sampz" type="int">1</ray_sampz>
          <ray_samp_type sid="ray_samp_type" type="int">0</ray_samp_type>
          <area_shape sid="area_shape" type="int">0</area_shape>
          <area_size sid="area_size" type="float">10000</area_size>
          <area_sizey sid="area_sizey" type="float">100</area_sizey>
          <area_sizez sid="area_sizez" type="float">1</area_sizez>
          <adapt_thresh sid="adapt_thresh" type="float">0.000999987</adapt_thresh>
          <ray_samp_method sid="ray_samp_method" type="int">1</ray_samp_method>
          <shadhalostep sid="shadhalostep" type="int">0</shadhalostep>
          <sun_effect_type sid="sun_effect_type" type="int">0</sun_effect_type>
          <skyblendtype sid="skyblendtype" type="int">1</skyblendtype>
          <horizon_brightness sid="horizon_brightness" type="float">1</horizon_brightness>
          <spread sid="spread" type="float">1</spread>
          <sun_brightness sid="sun_brightness" type="float">1</sun_brightness>
          <sun_size sid="sun_size" type="float">1</sun_size>
          <backscattered_light sid="backscattered_light" type="float">1</backscattered_light>
          <sun_intensity sid="sun_intensity" type="float">1</sun_intensity>
          <atm_turbidity sid="atm_turbidity" type="float">2</atm_turbidity>
          <atm_extinction_factor sid="atm_extinction_factor" type="float">1</atm_extinction_factor>
          <atm_distance_factor sid="atm_distance_factor" type="float">1</atm_distance_factor>
          <skyblendfac sid="skyblendfac" type="float">1</skyblendfac>
          <sky_exposure sid="sky_exposure" type="float">1</sky_exposure>
          <sky_colorspace sid="sky_colorspace" type="int">0</sky_colorspace>
        </technique>
      </extra>
    </light>
    <light id="Lamp_WEST-light" name="Lamp.003">
      <technique_common>
        <directional>
          <color sid="color">1 1 1</color>
        </directional>
      </technique_common>
      <extra>
        <technique profile="blender">
          <type sid="type" type="int">1</type>
          <flag sid="flag" type="int">0</flag>
          <mode sid="mode" type="int">8192</mode>
          <gamma sid="blender_gamma" type="float">1</gamma>
          <red sid="red" type="float">1</red>
          <green sid="green" type="float">1</green>
          <blue sid="blue" type="float">1</blue>
          <shadow_r sid="blender_shadow_r" type="float">0</shadow_r>
          <shadow_g sid="blender_shadow_g" type="float">0</shadow_g>
          <shadow_b sid="blender_shadow_b" type="float">0</shadow_b>
          <energy sid="blender_energy" type="float">1</energy>
          <dist sid="blender_dist" type="float">29.99998</dist>
          <spotsize sid="spotsize" type="float">75</spotsize>
          <spotblend sid="spotblend" type="float">0.15</spotblend>
          <halo_intensity sid="blnder_halo_intensity" type="float">1</halo_intensity>
          <att1 sid="att1" type="float">0</att1>
          <att2 sid="att2" type="float">1</att2>
          <falloff_type sid="falloff_type" type="int">2</falloff_type>
          <clipsta sid="clipsta" type="float">1.000799</clipsta>
          <clipend sid="clipend" type="float">30.002</clipend>
          <bias sid="bias" type="float">1</bias>
          <soft sid="soft" type="float">3</soft>
          <compressthresh sid="compressthresh" type="float">0.04999995</compressthresh>
          <bufsize sid="bufsize" type="int">2880</bufsize>
          <samp sid="samp" type="int">3</samp>
          <buffers sid="buffers" type="int">1</buffers>
          <filtertype sid="filtertype" type="int">0</filtertype>
          <bufflag sid="bufflag" type="int">0</bufflag>
          <buftype sid="buftype" type="int">2</buftype>
          <ray_samp sid="ray_samp" type="int">1</ray_samp>
          <ray_sampy sid="ray_sampy" type="int">1</ray_sampy>
          <ray_sampz sid="ray_sampz" type="int">1</ray_sampz>
          <ray_samp_type sid="ray_samp_type" type="int">0</ray_samp_type>
          <area_shape sid="area_shape" type="int">1</area_shape>
          <area_size sid="area_size" type="float">0.1</area_size>
          <area_sizey sid="area_sizey" type="float">0.1</area_sizey>
          <area_sizez sid="area_sizez" type="float">1</area_sizez>
          <adapt_thresh sid="adapt_thresh" type="float">0.000999987</adapt_thresh>
          <ray_samp_method sid="ray_samp_method" type="int">1</ray_samp_method>
          <shadhalostep sid="shadhalostep" type="int">0</shadhalostep>
          <sun_effect_type sid="sun_effect_type" type="int">0</sun_effect_type>
          <skyblendtype sid="skyblendtype" type="int">1</skyblendtype>
          <horizon_brightness sid="horizon_brightness" type="float">1</horizon_brightness>
          <spread sid="spread" type="float">1</spread>
          <sun_brightness sid="sun_brightness" type="float">1</sun_brightness>
          <sun_size sid="sun_size" type="float">1</sun_size>
          <backscattered_light sid="backscattered_light" type="float">1</backscattered_light>
          <sun_intensity sid="sun_intensity" type="float">1</sun_intensity>
          <atm_turbidity sid="atm_turbidity" type="float">2</atm_turbidity>
          <atm_extinction_factor sid="atm_extinction_factor" type="float">1</atm_extinction_factor>
          <atm_distance_factor sid="atm_distance_factor" type="float">1</atm_distance_factor>
          <skyblendfac sid="skyblendfac" type="float">1</skyblendfac>
          <sky_exposure sid="sky_exposure" type="float">1</sky_exposure>
          <sky_colorspace sid="sky_colorspace" type="int">0</sky_colorspace>
        </technique>
      </extra>
    </light>
    <light id="Lamp-light" name="Lamp">
      <technique_common>
        <point>
          <color sid="color">1 1 1</color>
          <constant_attenuation>1</constant_attenuation>
          <linear_attenuation>0</linear_attenuation>
          <quadratic_attenuation>0.00111109</quadratic_attenuation>
        </point>
      </technique_common>
      <extra>
        <technique profile="blender">
          <type sid="type" type="int">0</type>
          <flag sid="flag" type="int">0</flag>
          <mode sid="mode" type="int">8192</mode>
          <gamma sid="blender_gamma" type="float">1</gamma>
          <red sid="red" type="float">1</red>
          <green sid="green" type="float">1</green>
          <blue sid="blue" type="float">1</blue>
          <shadow_r sid="blender_shadow_r" type="float">0</shadow_r>
          <shadow_g sid="blender_shadow_g" type="float">0</shadow_g>
          <shadow_b sid="blender_shadow_b" type="float">0</shadow_b>
          <energy sid="blender_energy" type="float">1</energy>
          <dist sid="blender_dist" type="float">29.99998</dist>
          <spotsize sid="spotsize" type="float">75</spotsize>
          <spotblend sid="spotblend" type="float">0.15</spotblend>
          <halo_intensity sid="blnder_halo_intensity" type="float">1</halo_intensity>
          <att1 sid="att1" type="float">0</att1>
          <att2 sid="att2" type="float">1</att2>
          <falloff_type sid="falloff_type" type="int">2</falloff_type>
          <clipsta sid="clipsta" type="float">1.000799</clipsta>
          <clipend sid="clipend" type="float">30.002</clipend>
          <bias sid="bias" type="float">1</bias>
          <soft sid="soft" type="float">3</soft>
          <compressthresh sid="compressthresh" type="float">0.04999995</compressthresh>
          <bufsize sid="bufsize" type="int">2880</bufsize>
          <samp sid="samp" type="int">3</samp>
          <buffers sid="buffers" type="int">1</buffers>
          <filtertype sid="filtertype" type="int">0</filtertype>
          <bufflag sid="bufflag" type="int">0</bufflag>
          <buftype sid="buftype" type="int">2</buftype>
          <ray_samp sid="ray_samp" type="int">1</ray_samp>
          <ray_sampy sid="ray_sampy" type="int">1</ray_sampy>
          <ray_sampz sid="ray_sampz" type="int">1</ray_sampz>
          <ray_samp_type sid="ray_samp_type" type="int">0</ray_samp_type>
          <area_shape sid="area_shape" type="int">1</area_shape>
          <area_size sid="area_size" type="float">0.1</area_size>
          <area_sizey sid="area_sizey" type="float">0.1</area_sizey>
          <area_sizez sid="area_sizez" type="float">1</area_sizez>
          <adapt_thresh sid="adapt_thresh" type="float">0.000999987</adapt_thresh>
          <ray_samp_method sid="ray_samp_method" type="int">1</ray_samp_method>
          <shadhalostep sid="shadhalostep" type="int">0</shadhalostep>
          <sun_effect_type sid="sun_effect_type" type="int">0</sun_effect_type>
          <skyblendtype sid="skyblendtype" type="int">1</skyblendtype>
          <horizon_brightness sid="horizon_brightness" type="float">1</horizon_brightness>
          <spread sid="spread" type="float">1</spread>
          <sun_brightness sid="sun_brightness" type="float">1</sun_brightness>
          <sun_size sid="sun_size" type="float">1</sun_size>
          <backscattered_light sid="backscattered_light" type="float">1</backscattered_light>
          <sun_intensity sid="sun_intensity" type="float">1</sun_intensity>
          <atm_turbidity sid="atm_turbidity" type="float">2</atm_turbidity>
          <atm_extinction_factor sid="atm_extinction_factor" type="float">1</atm_extinction_factor>
          <atm_distance_factor sid="atm_distance_factor" type="float">1</atm_distance_factor>
          <skyblendfac sid="skyblendfac" type="float">1</skyblendfac>
          <sky_exposure sid="sky_exposure" type="float">1</sky_exposure>
          <sky_colorspace sid="sky_colorspace" type="int">0</sky_colorspace>
        </technique>
      </extra>
    </light>
  </library_lights>
  <library_images/>
  <library_effects>
    <effect id="Agema_003-effect">
      <profile_COMMON>
        <technique sid="common">
          <phong>
            <emission>
              <color sid="emission">0 0 0 1</color>
            </emission>
            <ambient>
              <color sid="ambient">0 0 0 1</color>
            </ambient>
            <diffuse>
              <color sid="diffuse">0.64 0.64 0.64 1</color>
            </diffuse>
            <specular>
              <color sid="specular">0.5 0.5 0.5 1</color>
            </specular>
            <shininess>
              <float sid="shininess">50</float>
            </shininess>
            <index_of_refraction>
              <float sid="index_of_refraction">1</float>
            </index_of_refraction>
          </phong>
        </technique>
      </profile_COMMON>
    </effect>
  </library_effects>
  <library_materials>
    <material id="Agema_003-material" name="Agema_003">
      <instance_effect url="#Agema_003-effect"/>
    </material>
  </library_materials>
  <library_geometries>
    <geometry id="lmt-mesh" name="lmt">
      <mesh>
        <source id="lmt-mesh-positions">
          <float_array id="lmt-mesh-positions-array" count="843">1.990242 -0.00956428 3.20592 1.4161 -0.7834925 3.288184 1.936668 0.7616772 3.213596 1.4161 0.7754561 3.288184 1.436951 -0.004018068 3.433712 1.951118 0.761648 3.251999 1.427278 0.7754561 3.366198 2.005595 -0.009593665 3.244193 1.427278 -0.7834929 3.366197 1.448129 -0.004018068 3.511725 0.8419573 0.001528263 3.370449 0.8955319 0.776497 3.362772 0.837969 0.001557469 3.411493 0.8924462 0.7765262 3.403688 1.72314 -0.8190484 3.244191 1.990242 -0.6248378 3.20592 1.842454 -0.7568531 3.236171 2.005595 -0.624867 3.244193 1.735756 -0.8190783 3.286897 1.85596 -0.7574701 3.276959 0.8419571 -0.6100181 3.370449 1.109088 -0.8058089 3.332174 0.9926852 -0.7423748 3.358037 1.108971 -0.8057359 3.376703 0.8379688 -0.6099891 3.411493 0.991174 -0.7429445 3.401001 0.4524807 0.05591601 2.149452 0.4648842 0.4103144 2.196402 0.06596589 0.5538222 2.284744 -0.4065668 0.406944 2.912847 -0.4232596 0.2051308 3.222826 -0.4496425 0.01289111 3.337093 -0.4196982 -0.330298 3.08235 -0.3553498 -0.4272066 2.851003 0.01042908 -0.4271922 2.284744 0.3785356 -0.3281866 2.196402 0.4700371 0.05591458 2.29717 0.4458498 0.4051499 2.346461 0.1737991 0.6057991 2.427586 -0.2109916 0.4589228 2.942991 -0.3073824 0.2768692 3.160982 -0.3892645 0.1699033 3.370604 -0.293002 -0.3148525 3.178784 -0.2109916 -0.4791855 2.881146 0.0830065 -0.4791691 2.427586 0.428871 -0.3127418 2.34646 0.4597091 0.05591613 2.469422 0.4569123 0.4061936 2.51637 0.1602469 0.4912707 2.587214 -0.09795868 0.4400689 2.891918 -0.2313928 0.2242591 3.29918 -0.2483502 0.006258845 3.363075 -0.186145 -0.2676021 3.041586 -0.09795892 -0.3666105 2.891918 0.1348657 -0.4271922 2.587214 0.4101908 -0.3281868 2.516369 -0.07127034 0.4406289 2.73276 -0.2048767 0.4650719 2.644755 0.00859493 0.4377941 2.766176 -0.1583757 0.4433863 2.650363 -0.08813732 -0.4791786 2.691615 -0.1889925 -0.4272001 2.593466 0.0129953 -0.3954811 2.746709 -0.210208 -0.02025055 3.818009 -0.190148 0.01837289 3.417439 0.2031862 -0.02025061 3.818011 0.1831331 0.01837295 3.417439 -0.1490961 -0.2802306 3.782475 -0.08518624 -0.2720103 3.391186 0.1375406 -0.2802305 3.782477 0.07363146 -0.2720104 3.391186 -0.1184927 0.1107024 3.76219 -0.00864464 0.2235763 3.69839 0.1365381 0.1107007 3.762194 0.1843195 0.02091974 3.417276 0.1293127 0.1618376 3.418015 -0.1050772 0.1628139 3.417727 -0.01626604 0.1860622 3.419478 -0.2098368 -0.1569282 3.806625 -0.1710802 -0.1988972 3.583875 -0.1171412 -0.3148342 3.556049 -0.1449835 -0.1500623 3.362259 -0.2162585 -9.34038e-4 3.617725 0.2092115 -9.46352e-4 3.617726 0.1640592 -0.1988973 3.583878 0.1379751 -0.1504717 3.359616 0.1055856 -0.3148342 3.55605 0.2028154 -0.1569283 3.806627 -0.005777537 -0.2802305 3.782476 -0.173165 -0.2304668 3.65433 0.166144 -0.2304668 3.654332 0.001334547 -0.3746699 3.58732 0.03900468 -0.3148536 3.556049 0.001336038 -0.3677041 3.629842 -0.03633594 -0.3148537 3.556049 -1.872302 0.116881 3.094107 1.847452 0.1168659 3.10203 1.848911 -0.1231876 3.159141 -1.658322 0.01647359 3.165694 -1.625604 -0.1209704 3.028259 1.585764 0.0979498 3.003683 1.633736 0.01647037 3.174396 1.600514 -0.1209575 3.037099 0.42893 -0.1212109 1.269139 0.08205604 -0.1215824 1.248198 0.1733614 -0.4039306 0.002129733 -0.4065822 -0.1895741 2.894633 9.28307e-4 -0.1549994 3.328543 -1.611263 0.09501504 2.996002 -1.658138 0.07568651 3.164907 -0.4227682 -0.2477251 2.172206 1.600408 -0.1131589 3.036656 0.5137506 -0.04742121 3.283003 -0.02244049 -0.285131 2.893168 0.2068879 0.1830288 3.22072 0.2424283 0.3642639 1.541805 -0.209817 0.3642586 1.538782 -0.299246 -0.3030194 1.590071 0.2909345 -0.3030183 1.590104 -0.4889898 0.2708907 1.590037 0.4859179 0.2708954 1.590153 -0.427114 0.2584283 2.181615 0.4193412 0.2584328 2.180704 -0.2490827 0.03670567 1.244328 -0.08205604 -0.1215824 1.256614 -0.2607011 -0.08606088 0.1930382 -0.2431453 -0.3015311 1.043155 -0.1610171 0.2084753 0.004186213 -0.1733614 -0.4039306 0.002129733 -1.610978 0.09796231 2.994786 -1.873551 -0.1232002 3.151229 -1.8379 -0.1246984 2.960217 1.812558 -0.1246855 2.968283 0.2490827 0.03670567 1.235913 0.2431453 -0.3015311 1.03474 0.2607012 -0.08606088 0.1930382 0.2471485 -0.275974 1.42852 -1.037857 0.2488247 3.085778 -1.62543 -0.1131909 3.027517 -1.041405 -0.08892083 3.081702 -1.006129 0.07976418 2.996265 -0.3949494 0.3025279 2.903848 -1.063226 -0.04379785 3.230395 0.9903079 0.2489778 3.11504 1.586107 0.09498357 3.005125 1.016213 -0.04379773 3.259698 0.9938403 -0.089055 3.110927 0.9582493 0.07980984 3.025528 0.3653563 0.2998514 2.911964 0.4150017 -0.2477208 2.171296 -0.4889898 -0.1300607 1.590037 -0.5149935 0.1372714 3.185489 -0.424343 0.02788585 3.266513 0.001026153 0.1282199 3.352591 -0.2170966 0.1821019 3.223134 0.3992861 0.02788585 3.266513 0.4871316 0.1415845 3.181174 0.4859179 -0.1300548 1.590153 -0.2471484 -0.275974 1.436936 -0.3657453 0.2103645 0.004179 -1.83895 0.09827911 2.959379 1.813604 0.09826618 2.967442 0.3850721 -0.3737066 0.002130866 0.3779784 -0.1960505 2.891644 0.5196647 0.1230345 3.307842 -0.4289301 -0.1212109 1.277554 -0.3850721 -0.3737065 0.002130866 0.3657454 0.2103645 0.004178941 0.1610172 0.2084753 0.004186213 -0.5504654 -0.04738909 3.267878 1.631866 0.07567852 3.166541 -0.5562887 0.1229509 3.292721 -0.1928476 -0.2733104 3.897286 0.1864687 -0.2636377 3.891287 -0.2056964 -0.2994202 3.722569 0.2035155 -0.2730214 3.721122 -0.2339681 0.09422069 3.647627 0.2288485 0.09422075 3.648685 -0.008983969 0.2250177 3.678846 0.01294624 -0.3518339 3.753163 0.008997499 -0.3006007 3.89958 0.2185657 -0.194855 3.875882 0.2571867 0.004978358 3.831093 0.1097975 0.178869 3.794486 -0.003835022 0.2273926 3.781241 -0.1156438 0.180305 3.794619 -0.2731629 0.005381822 3.831786 0.008978009 -0.3005223 3.899642 -0.2364509 -0.195322 3.879869 -0.03979659 0.03719413 4.152624 -0.001655936 0.03081512 4.164815 0.1693034 -0.1345446 3.986073 0.1989385 0.02169638 3.969267 0.1446745 -0.1883219 3.991849 0.03558439 0.02990162 4.153921 -0.2080144 0.0219438 3.969831 -7.5049e-4 0.05698239 4.150393 -0.001351177 0.1955926 3.950559 -0.08714538 0.1585317 3.956673 -0.002175807 -0.002083182 4.155739 -0.1463862 -0.196217 3.995584 -0.1798442 -0.1352467 3.989072 0.08584237 0.1574485 3.956447 0.008480608 -0.2171679 3.995018 0.2424283 0.4336502 0.9502385 -0.209817 0.4336438 0.9472155 -0.299246 -0.3855423 0.9985043 0.2909345 -0.3855409 0.9985376 -0.570955 0.3190203 0.9984702 0.5678831 0.3190261 0.9985862 -0.5709549 -0.1650543 0.9984703 0.5678831 -0.1650474 0.9985861 -2.046605 -1.255527 2.981181 -2.11068 -1.249986 2.966549 -1.94603 -1.241233 3.021381 -1.939749 -1.241202 2.995653 -2.121369 -1.191178 2.963569 -1.825452 -1.227452 3.050221 -1.819185 -1.227599 3.024487 -2.103422 -1.145668 2.968325 -1.740593 -1.244233 3.081409 -1.730543 -1.24431 3.040082 -2.078174 -1.07334 2.975034 -1.749359 -1.116424 3.078891 -1.739307 -1.116508 3.037564 -2.000432 -1.044708 2.994684 -1.872981 -1.083924 3.039539 -1.866387 -1.083937 3.013886 -2.055656 -1.228314 2.984978 -2.052631 -1.22832 2.973146 -2.048551 -1.175398 2.984401 -2.046659 -1.175404 2.977005 -2.040631 -1.140856 2.986293 -2.038834 -1.14086 2.979278 -2.019407 -1.080488 2.991848 -2.017686 -1.080525 2.985028 -1.684117 -1.27556 3.118783 -1.662329 -1.275163 3.02645 -1.761045 -1.275705 3.048427 -1.687614 -1.193002 3.120463 -1.665825 -1.192605 3.028131 -1.764542 -1.193147 3.050107 -1.690993 -0.942277 3.122419 -1.669205 -0.9418803 3.030086 -1.759649 -0.935052 3.054001 -1.688528 0.2603983 3.12546 -1.66674 0.2607951 3.033129 -1.765456 0.2602534 3.055106 0.238363 0.06478542 3.627695 0.01240944 0.2161685 3.560883 -0.1867772 0.1693282 3.586104 -0.2967548 -0.06286543 3.65424 0.1921778 0.1733981 3.590825 0.2681462 -0.05494332 3.656708 -0.2400317 -0.2406697 3.668899 0.2623682 -0.2015571 3.665214 0.0192008 -0.355059 3.73174 -0.1407999 -0.33947 3.711676 0.3257104 -0.04303801 3.889351 0.2814725 0.07242196 3.878876 0.2291185 0.2238333 3.743178 -0.2214161 0.2203595 3.738404 -0.3535283 -0.05093443 3.888446 -0.3204272 -0.2594211 3.827374 5.466e-4 0.2749714 3.712495 0.318364 -0.147475 3.860704 0.2143959 -0.3312153 3.870823 0.009182095 -0.3826327 3.890997 -0.1942558 -0.3471459 3.86917 0.1309677 0.06968659 3.915567 0.1606423 -0.03764915 3.922355 -0.1225789 -0.1081885 3.924772 0.1574221 -0.100064 3.923483 0.1805974 -0.1547009 3.911962 0.0191996 -0.148856 3.944431 -0.1408013 -0.1564019 3.938277 0.01240813 0.1119312 3.891236 -0.1321403 0.07985949 3.884441 -0.1294893 -0.03829103 3.905675 0.1921764 0.0773862 3.901922 0.1805986 -0.3239152 3.71336</float_array>
          <technique_common>
            <accessor source="#lmt-mesh-positions-array" count="281" stride="3">
              <param name="X" type="float"/>
              <param name="Y" type="float"/>
              <param name="Z" type="float"/>
            </accessor>
          </technique_common>
        </source>
        <source id="lmt-mesh-normals">
          <float_array id="lmt-mesh-normals-array" count="1392">0.2139022 0 0.9768551 0.4318037 -0.04693287 0.9007458 -0.1127351 -0.9934939 0.01614743 -0.106719 -0.9938111 0.03083115 -0.3807929 -0.01725041 -0.9244995 -0.1441809 -0.1853367 -0.9720402 0.9953123 0 0.09671342 0.9953121 -5.90883e-7 0.09671527 0.2118977 -0.2615357 0.9416466 0.2110306 -0.184848 0.9598423 0.4327392 0.02144527 0.9012642 0.213979 0.1848063 0.9591974 0.1055564 -0.01714575 -0.9942656 -0.925978 -0.06801992 0.3714003 -0.9336875 -0.06950718 0.3512782 -0.02520918 -0.9996441 0.008727788 -0.02555257 -0.9996668 0.00366193 -0.1397393 -0.1853386 -0.9726883 -0.1549592 0.171813 -0.9728659 -0.1183159 0.1852968 -0.9755339 -0.380105 0.03776109 -0.9241722 -0.2005333 8.02729e-7 -0.9796869 0.06832301 0 0.9976633 -0.1623386 -0.04729658 0.985601 0.004982173 0.098989 -0.9950761 0.1057303 0 -0.9943949 0.06908845 0.1848759 0.9803304 -0.1618739 0.02131563 0.9865812 0.05095577 -0.2758328 0.9598541 0.06110006 -0.1847652 0.9808816 0.0727573 -0.997348 0.001823604 0.06937867 -0.9975409 -0.00994724 -0.1424074 0.1853378 -0.9723014 0.1496335 -0.1252961 0.9807705 -0.001959323 -0.9999981 2.79633e-4 -0.001961171 -0.999998 5.66826e-4 0.9948543 -0.06803125 0.07507759 0.9929472 -0.0688275 0.09653306 0.6166719 -0.747156 -0.2479391 0.6204243 -0.7536953 -0.216834 -0.6610057 -0.7496464 -0.03319281 -0.6565828 -0.7515959 -0.06326669 -0.4784799 -0.8780986 1.89438e-4 -0.4747497 -0.8796638 -0.02836364 -0.9281115 -5.87294e-7 0.3723025 -0.9281104 0 0.3723053 0.4476119 -0.8795205 -0.1615154 0.4435069 -0.8865512 -0.1316393 0.9909728 -0.05110192 0.1239421 0.9894073 0.08512085 -0.1175912 0.2055739 0.8595133 -0.467949 0.6103016 0.7852543 0.1044402 -0.1029613 0.9070494 0.4082407 -0.3748223 0.9255331 -0.05382251 -0.2296672 0.8212467 0.5223093 -0.2930979 0.7936101 0.5331761 -0.9145452 0.2919284 0.2799731 -0.3832019 0.8747249 0.2966692 -0.4600469 -0.5547402 0.6932678 0.2842832 -0.3034245 0.9094595 -0.3753782 -0.8874786 0.2673444 -0.2166912 -0.8786678 0.4254269 0.401215 -0.789981 0.4636341 0.3108516 -0.9288621 0.2014608 -0.295729 -0.9358343 -0.1917254 -0.2968019 -0.9354904 -0.1917455 0.2622508 -0.964933 0.01134705 0.2967493 -0.8390103 -0.4560722 0.9726669 -0.2013823 -0.1156042 0.9424123 -0.1454985 -0.3011466 0.9948073 0.07810819 -0.06525057 0.9982073 -5.17709e-5 0.05985128 0.606171 0.6209465 0.4969731 0.270397 0.9624617 -0.02351623 0.1647775 0.9860458 0.02370947 -0.2589314 0.9657854 0.01460385 -0.06409823 0.9697664 0.2354667 0.1936877 0.7892594 0.5827133 -0.3610351 0.7881065 0.4985398 0.365906 0.7673873 0.5265261 0.654235 0.5389528 0.5305719 -0.8171048 0.2197679 0.5329557 -0.4268472 -0.4047629 0.8086832 0.5820995 -0.6332675 0.5100318 0.8044567 -0.1516662 0.5743229 0.4012137 -0.7899816 0.4636345 0.625409 -0.6667395 0.4053665 0.4266086 -0.9037493 -0.03524965 0.3728166 -0.9111455 0.1755612 0.9929071 -0.1029137 0.05953437 0.9884516 -0.1154305 0.09817981 -0.0106979 0.8320026 -0.5546684 -0.6760247 0.5935586 -0.4366679 -0.9855178 0.03686952 -0.1655157 -0.4564555 -0.7342033 -0.5025873 -0.3203752 -0.8128048 -0.4865268 -0.1676099 0.1352337 -0.9765341 -0.5147891 -0.6805179 -0.5214284 -0.7305843 -0.4210793 -0.5375304 -0.753412 0.1621741 -0.6372363 -0.7176637 0.5302531 -0.4514318 -0.2127426 -0.07809549 -0.9739825 0.2174351 0.09075361 0.9718466 0.4824163 -0.112577 0.8686777 0.7935879 -0.01002192 0.6083731 0.7626292 0.04148536 0.6455043 0.8519967 -0.03116399 0.5226188 0.9669649 -0.06857323 0.2455132 0.9468395 0.02044951 0.3210558 0.7876347 -0.3854141 0.4807156 0.03177458 0.9994559 0.008844077 0.1791424 0.9832527 0.03349864 -0.3312695 -0.8275523 -0.4532306 -0.2957287 -0.9358345 -0.1917252 -0.2951729 -0.9362208 -0.1906927 0.7935872 -0.01002192 0.6083742 0.2305382 -0.006370723 0.9730424 0.7658574 -0.021164 0.6426622 0.9310542 0.3632537 0.03442502 0.888298 -0.3992539 0.226987 0.8073257 0.5881189 -0.04838913 0.876085 0.4767047 0.0723024 -0.8598782 0.5065637 -0.06326746 -0.7737677 0.6278845 0.08393198 -0.8059951 0.5891002 0.05773073 0.5802683 0.8072651 0.1077587 0.1612942 0.977507 -0.1358834 -0.6907449 0.7184582 0.08178883 -0.249076 0.9607168 -0.1224113 -0.984753 0.01178193 -0.1735588 -0.9673259 -0.219459 -0.126958 -0.8969084 -0.3535157 -0.2656728 -0.9063576 -0.3749188 -0.1948127 0.8291055 -0.5581928 -0.03170335 -0.8588097 -0.4696546 -0.2046226 -0.9746114 -0.2237653 0.007861316 -0.9664259 -0.2111951 -0.1463477 0.9686332 -0.1944977 -0.1546619 0.9746404 -0.223642 0.007765352 0.8417938 -0.4990787 -0.2056787 0.9670314 -0.2086237 -0.146036 0.8841514 -0.3810389 -0.2703441 0.892707 -0.4007954 -0.2060031 0.9847534 0.01178497 -0.1735571 0.9673269 -0.2194554 -0.1269568 7.80953e-7 -0.9678526 -0.2515181 1.10164e-6 -0.9678525 -0.2515189 3.88965e-6 -0.463299 -0.8862021 0 -0.9885231 0.1510706 -2.37617e-4 -0.9885054 0.1511855 2.8643e-4 -0.9678671 -0.2514625 -2.3168e-4 -0.9678696 -0.2514531 -9.07837e-7 -0.988523 0.151071 0.9154146 -0.3293424 0.231408 2.83345e-4 -0.9885019 0.1512091 0.8620849 -0.5001028 0.08189564 -0.8620949 -0.5000764 0.08195251 -0.9683507 -0.1941784 -0.1568183 -0.8537915 -0.5189841 -0.04117906 -0.8972822 -0.441448 -0.002899408 0.8825294 -0.470035 0.01445806 -0.9027226 -0.3900744 0.1814773 -0.2113806 0.2272797 0.9506115 0.2405339 0.8485781 0.471231 0.3052489 -0.002137899 -0.9522703 -0.9708607 -0.005472838 -0.2395822 0.151292 -0.1592679 -0.9755739 0.3537973 -0.6178965 0.702162 0.0141949 -0.9998443 0.0104916 0.02179175 0.991084 -0.1314448 -0.9823521 -0.03844326 -0.1830477 0.2148566 0.2272794 0.949832 -0.2387697 0.8485842 0.4721164 -0.3087231 -0.002140522 -0.9511495 0.9699659 -0.005470097 -0.2431792 -0.1548704 -0.1592705 -0.9750118 -0.3511721 -0.6179058 0.7034705 -0.01415687 -0.9998443 0.0105437 -0.02227169 0.991084 -0.1313638 0.9816682 -0.03844571 -0.1866806 -0.8212735 -0.5483627 -0.1575071 -0.8970029 -0.4098063 -0.1656641 0.7967129 -0.5736601 -0.1901655 0.9232912 -0.3762894 -0.07707005 -0.7121782 -0.7000199 0.05267256 0.6684936 -0.7425649 0.04139786 -0.0091331 0.990285 0.1387525 0.6330389 0.7559929 0.1665432 -0.6743806 0.7231803 0.1490673 -0.8964617 -0.01955646 0.4426894 0.07545208 -0.5285527 0.8455408 0.8553712 0.02648985 0.5173379 -4.72621e-4 0.003348469 -0.9999943 -6.77452e-5 0.003504335 -0.9999939 -0.1875762 0.8799867 0.4363928 -0.4076779 -0.7966001 0.4463486 -0.1787681 -0.08318024 0.9803688 0.01222056 0.4696856 -0.8827493 -0.009530842 0.4436997 0.8961249 -0.2642949 0.9637343 0.03693819 -0.003336906 -0.1494331 -0.9887663 0.1009159 -0.4662457 -0.8788805 -0.04990381 -0.593145 0.8035476 -0.2172601 -0.9424552 0.2541187 0.6619701 -0.7462252 -0.07031136 1.07913e-4 -0.9955065 0.09469437 -3.45419e-6 -0.9955193 0.09455907 0.09452533 -0.1405069 0.9855571 0.457411 -0.7579514 0.4650645 0.9335821 -0.08472657 0.3482039 0.5943256 0.734745 0.3269968 -0.999692 -0.009013175 0.0231235 -0.998811 0.02280443 0.04308956 0.9986012 -0.009527921 0.05200797 0.997128 0.02241533 0.07234281 -4.76043e-4 0.9355716 0.3531371 -3.03244e-5 0.9352956 0.3538675 0.004166185 0.9981211 -0.06113088 -6.61744e-5 0.9983996 -0.05655419 -0.2299817 -0.9289788 0.290012 -0.2402611 -0.9671335 0.08323138 -5.12647e-5 -0.9986582 -0.05178529 -0.02765476 -0.9576637 0.286558 -0.04907184 -0.9395116 0.3389837 -0.3162494 -0.3751847 -0.8713339 -0.157383 0.02220737 -0.987288 -0.2800033 0.4076442 -0.8691516 -0.07314121 -0.1463794 0.9865209 0.04802602 0.899093 0.4351153 -0.2523391 0.4462115 0.8586153 -0.04003357 0.4732348 -0.8800262 0.04870331 0.4459071 0.8937533 0.2573592 0.9653807 0.04250138 -0.02844291 -0.1516286 -0.9880282 -0.125688 -0.4686871 -0.8743769 0.0770474 -0.5736989 0.8154345 0.2210918 -0.9417966 0.2532542 -0.2263608 -0.1327601 0.9649537 -0.5341238 -0.7120591 0.4557232 -0.6524444 0.7076472 0.2712043 -0.9005729 -0.3988433 0.1728944 0.02027028 -0.9573593 0.2881882 0.0412445 -0.9387229 0.3421962 0.367754 -0.3567863 -0.8587553 0.2041085 0.04526633 -0.9779012 0.3126981 0.3972672 -0.8627854 0.04688698 -0.1456319 0.9882273 -0.06577134 0.9012907 0.4281931 0.2339656 0.4472384 0.8632717 0.4299572 -0.7856345 0.4448767 0.1904757 -0.08312088 0.9781666 0.1912798 0.8815013 0.4317033 -0.6718803 -0.7370979 -0.07255142 0.9926366 -2.5392e-7 0.12113 0.9936743 -0.0105974 0.1117998 -0.9945427 -0.01046872 0.1038032 -0.9935926 -2.64889e-7 0.1130206 -0.3081045 0.9499174 0.05223745 0.3472013 0.9359396 0.05889368 0.2167409 -0.9728694 0.08092343 0.2100958 -0.9397697 0.2696161 -0.2735837 0.415745 0.867357 -0.1928179 0.7472862 0.6359125 1.67345e-4 0.923325 0.3840196 0.3106722 0.6023154 0.7353224 0.1924169 0.48964 0.8504285 -0.001106023 0.9865067 0.1637171 1.69702e-4 0.9867086 0.1625002 0.8207871 -0.5494592 -0.1562157 0.897517 -0.4091818 -0.1644188 -0.7962964 -0.5745806 -0.1891278 -0.9235569 -0.375818 -0.07618218 0.7121784 -0.7000198 0.0526725 -0.6684932 -0.7425652 0.04139798 0.009134292 0.990414 0.1378289 -0.6332783 0.7560343 0.1654413 0.6745218 0.7232524 0.1480757 0.8964618 -0.01955652 0.4426894 -0.07545226 -0.5285527 0.8455408 -0.8553711 0.02648985 0.5173381 6.78115e-5 0.003504335 -0.9999939 4.7263e-4 0.003348529 -0.9999943 -0.8774327 -0.4607822 0.1333864 -0.95802 -0.1185078 -0.2610627 -0.9789537 -0.1941409 -0.06292152 -0.6936575 0.6769425 0.2461466 -0.720938 0.6587112 0.2152857 0.1854409 -0.7479929 0.637274 0.1721013 -0.7412877 0.6487479 -0.1337712 -0.9786432 0.1560859 -0.5073446 -0.6073786 0.6113042 -0.2625644 -0.9129536 0.3123712 0.914049 -0.0879085 0.3959628 0.8809521 -0.1177952 0.4583097 0.1584209 -0.5856483 0.7949333 0.3708103 0.913722 0.166168 0.3844454 0.9060795 0.176697 0.7276687 0.6577405 0.1946169 0.7361205 0.6353169 0.2334504 -0.8764515 -0.04548287 0.4793372 -0.8941378 -0.1070138 0.434817 0.2066689 -0.9755704 0.07450067 0.4074066 -0.858519 0.3113922 0.9098414 -0.3992281 0.1131615 0.9347792 -0.2394669 -0.2623802 0.9952101 -0.07979273 -0.05648154 0.7237868 0.6575312 0.2092496 0.3964407 0.9171351 -0.04120647 0.4653365 0.8757592 -0.1284834 -0.4005385 0.893939 -0.2011022 -0.5031341 0.8641924 0.00525701 -0.7126367 0.6791139 0.1759351 -0.1085921 -0.7487952 0.6538453 -0.1003721 -0.759303 0.6429499 0.8169929 -0.2667451 0.5112434 0.7810316 -0.2987914 0.5483736 -0.7559063 -0.291734 0.5860863 -0.7417838 -0.3456859 0.5746809 -0.3622971 0.9132312 0.1864125 -0.3797503 0.9081665 0.1761347 0.6477777 -0.2182639 0.7298938 0.3909146 -0.4148085 0.8216568 -0.3321867 -0.2459527 0.910582 0.7455906 -0.07013547 0.6627034 -0.615707 0.5946547 0.5170018 -0.3513536 0.7556223 0.5527982 -0.2996649 0.7835005 0.5443601 0.608668 0.5601491 0.561922 0.5149357 0.7459401 0.4223915 0.3058244 0.7827454 0.5420159 0.143043 -0.5878732 0.7962059 0.2597607 0.4592204 0.8494947 0.2652088 -0.2603048 0.9283888 -0.1936463 0.4786944 0.8563603 -0.07815974 -0.5992369 0.7967473 -0.5942198 -0.2442343 0.7663241 -0.4389032 -0.3549367 0.8254598 -0.7329643 -0.04829537 0.6785506 0.660004 -0.7440574 0.1037948 0.6174416 -0.7755599 0.1314265 -0.9905372 0 0.137245 -0.9905372 -3.83091e-7 0.1372449 0.9905372 -2.48918e-7 0.1372451 0.9905372 0 0.1372449 -0.2967785 0.9484449 0.1112436 -0.2853332 0.9512689 0.1169294 -5.91799e-6 -0.9904099 0.138161 -5.39874e-6 -0.9904099 0.1381606 0.3340818 0.9345724 0.1223273 0.3155103 0.9424614 0.1105436 -0.6674363 -0.7321819 0.1357889 -0.6264621 -0.7719768 0.1076899 -7.904e-4 0.9931914 0.116492 -7.92783e-4 0.9931911 0.1164938 0.1287872 -0.9912105 0.03026384 -0.3312257 -0.2375602 0.9131565 0.1624187 -0.246225 -0.9555069 -0.2464419 0.1537296 0.9568876 -0.3092096 0.05187308 0.9495782 0.106238 -0.9940329 0.0247429 0.1060528 -0.993861 0.03151524 0.2006463 0.04871863 -0.9784517 0.2225008 0.08630096 -0.9711054 -0.2804329 0.01172238 0.959802 -0.3808348 -0.3008638 0.8743261 -0.1786836 -0.9831771 -0.03788042 -0.1790519 -0.9829541 -0.04173266 0.2080833 0.01719766 -0.97796 0.1455382 -0.1417619 -0.9791437 -0.3028125 -0.001989722 0.9530481 -0.3043856 0.01937752 0.9523519 0.9692489 0.07110917 0.2355847 0.9692386 0.07111984 0.2356238 0.1887973 0.02737331 -0.9816346 0.1914972 -0.006205081 -0.9814736 -0.3101742 -0.02925646 0.9502295 -0.3066409 0.08749395 0.9477955 0.2380927 0.9696297 0.05594903 0.2358465 0.969927 0.06015068 0.1883298 0.1700683 -0.9672687 0.1877266 0.01851606 -0.9820468 0.2710576 0.9600718 0.06921094 -0.2349033 -0.2105187 0.948948 0.1967044 -0.2373833 -0.9512922 -0.3366571 0.05545651 0.9399929 -0.2748018 -0.001222968 0.9615001 0.1658916 0.0530982 -0.9847135 0.1231421 -0.02788692 -0.9919971 -0.277216 0.01093351 0.9607455 -0.2756878 0.008255362 0.9612118 0.1651293 0.02744644 -0.98589 0.1695038 0.03608661 -0.9848687 -0.2757002 0.008478462 0.9612063 -0.2743415 0.006574034 0.9616099 0.166991 0.03536862 -0.9853239 0.1646295 0.03396391 -0.9857707 -0.2671253 0.06544882 0.9614368 0.180605 0.1739987 -0.9680425 0.9725843 0.03652036 0.2296653 0.9725842 0.03651517 0.2296668 -0.2173482 0.01066529 -0.9760359 -0.2173554 0.01066023 -0.9760344 -0.6741979 -0.04356288 0.737265 -0.6742017 -0.04356485 0.7372614 0.9731954 0.01132428 0.229701 0.9731949 0.0113241 0.2297031 -0.2553297 0.00410068 -0.9668453 -0.2173583 0.01884287 -0.97591 -0.7057346 0.002689838 0.7084713 -0.6747955 -0.01485019 0.7378554 0.9732673 -0.002575516 0.2296609 0.9732678 -0.002575397 0.2296593 -0.2173193 0.002914607 -0.9760963 -0.2556473 -3.48329e-4 -0.9667701 -0.6748689 -0.00396049 0.7379271 -0.7058976 -3.44319e-4 0.708314 0.004781842 -0.9999836 -0.003169655 -0.004781842 0.9999836 0.003168404 0.95311 0.1777392 -0.244929 0.9253814 0.3392097 -0.1691333 0.9263648 0.3364719 -0.1692187 0.9597711 0.09508889 -0.2641922 -0.8905656 0.3299378 -0.3131041 -0.9184942 0.3152566 -0.2387086 -0.8913525 -0.008754491 -0.4532263 -0.9266077 -0.3128107 -0.2086808 -0.2567185 0.894144 -0.3668816 -0.262301 0.8954424 -0.3596959 0.2723481 0.891806 -0.3612599 0.2482356 0.9095393 -0.3333427 0.9637773 -0.05314576 -0.2613595 0.9707517 -0.002433478 -0.2400738 0.7783915 -0.5968106 -0.1947399 0.8623976 -0.4940594 -0.1103433 0.2331565 -0.9677964 -0.09491181 0.1697453 -0.9727805 -0.1577488 -0.08699125 -0.9931563 -0.07793033 -0.1505523 -0.9724738 -0.1778447 -0.5679677 -0.7327421 -0.3748359 -0.5090637 -0.8338491 -0.2134242 0.1983815 0.1163908 0.9731897 0.2301889 0.1750451 0.9572734 -0.05927914 -0.947632 -0.3138148 -0.2393462 -0.9708967 -0.008559525 -0.2215623 -0.3063638 0.9257707 0.3629259 -0.001881003 0.9318161 0.1801239 -0.2719652 0.9452991 0.09208232 0.242706 -0.9657198 0.3259611 -0.132893 0.9359962 0.1449487 -0.1981729 0.9693903 0.184207 -0.2265053 0.9564326 -0.02040183 -0.3355035 0.9418181 -0.141161 -0.2148401 0.966394 -0.6390298 0.4217008 0.6432803 -0.4298744 -0.198635 0.880768 0.2162271 0.6920226 0.6887312 0.2359355 -0.1849747 0.9540016 -0.8112215 0.08575272 0.578417 -0.09459501 0.5166851 0.8509338 -0.08841687 0.2543804 0.9630541 -0.1909212 0.7188785 0.6684032 -0.08626908 0.6910775 0.7176138 0.09753334 0.7200845 0.6869976 0.07554155 0.7391897 0.6692474</float_array>
          <technique_common>
            <accessor source="#lmt-mesh-normals-array" count="464" stride="3">
              <param name="X" type="float"/>
              <param name="Y" type="float"/>
              <param name="Z" type="float"/>
            </accessor>
          </technique_common>
        </source>
        <source id="lmt-mesh-map-0">
          <float_array id="lmt-mesh-map-0-array" count="2784">0.588294 0.23379 0.722539 0.20824 0.698435 0.235269 0.588294 0.23379 0.588714 0.1281999 0.722539 0.20824 0.264973 0.1478 0.265794 0.187381 0.265794 0.187381 0.264973 0.1478 0.264982 0.1471019 0.265794 0.187381 0.353347 0.120017 0.352253 0.18914 0.437888 0.120562 0.436867 0.190592 0.437888 0.120562 0.352253 0.18914 0.286929 0.264507 0.350237 0.266261 0.350222 0.267321 0.286929 0.264507 0.350222 0.267321 0.286914 0.265567 0.722539 0.20824 0.728249 0.130074 0.733858 0.186836 0.722539 0.20824 0.588714 0.1281999 0.728249 0.130074 0.450365 0.222084 0.588714 0.1281999 0.588294 0.23379 0.449179 0.126326 0.588714 0.1281999 0.450365 0.222084 0.350237 0.266261 0.437538 0.26552 0.352253 0.18914 0.437888 0.120562 0.353347 0.120017 0.353362 0.118957 0.437888 0.120562 0.353362 0.118957 0.437902 0.1195999 0.711281 0.207194 0.712302 0.137163 0.712316 0.136202 0.711281 0.207194 0.712316 0.136202 0.711281 0.207194 0.437538 0.26552 0.436867 0.190592 0.352253 0.18914 0.264973 0.1478 0.352253 0.18914 0.271947 0.134972 0.264973 0.1478 0.265794 0.187381 0.352253 0.18914 0.353347 0.120017 0.271947 0.134972 0.352253 0.18914 0.353347 0.120017 0.286558 0.118872 0.271947 0.134972 0.72204 0.05181497 0.589134 0.02260994 0.698608 0.02408099 0.72204 0.05181497 0.588714 0.1281999 0.589134 0.02260994 0.286929 0.264507 0.352253 0.18914 0.272842 0.247873 0.286929 0.264507 0.350237 0.266261 0.352253 0.18914 0.450274 0.03059798 0.588714 0.1281999 0.449179 0.126326 0.589134 0.02260994 0.588714 0.1281999 0.450274 0.03059798 0.728249 0.130074 0.72204 0.05181497 0.732992 0.073457 0.728249 0.130074 0.588714 0.1281999 0.72204 0.05181497 0.698412 0.160037 0.697561 0.2085109 0.697565 0.207812 0.698412 0.160037 0.698412 0.160037 0.697561 0.2085109 0.265794 0.187381 0.272842 0.247873 0.352253 0.18914 0.265794 0.187381 0.272842 0.247873 0.264948 0.2351559 0.437538 0.26552 0.436867 0.190592 0.436867 0.190592 0.437538 0.26552 0.436867 0.190592 0.437525 0.266482 0.350237 0.266261 0.437538 0.26552 0.437525 0.266482 0.350237 0.266261 0.437525 0.266482 0.350222 0.267321 0.71919 0.09046697 0.704564 0.107628 0.719175 0.09152799 0.71919 0.09046697 0.704511 0.106804 0.704564 0.107628 0.705384 0.221352 0.719546 0.237163 0.70546 0.220529 0.705384 0.221352 0.719531 0.238224 0.719546 0.237163 0.264943 0.235854 0.272842 0.247873 0.264948 0.2351559 0.264943 0.235854 0.272766 0.248696 0.272842 0.247873 0.353347 0.120017 0.286558 0.118872 0.286573 0.117811 0.353347 0.120017 0.286573 0.117811 0.353362 0.118957 0.271894 0.134148 0.264973 0.1478 0.271947 0.134972 0.271894 0.134148 0.264982 0.1471019 0.264973 0.1478 0.66378 0.930602 0.639024 0.930749 0.638017 0.961867 0.638017 0.961867 0.662207 0.962656 0.66378 0.930602 0.852609 0.931544 0.801925 0.931249 0.801392 0.962364 0.801392 0.962364 0.851603 0.962661 0.852609 0.931544 0.854924 0.931413 0.853359 0.962497 0.88451 0.96316 0.854924 0.931413 0.88451 0.96316 0.885042 0.932046 0.832494 0.930943 0.78888 0.931193 0.789405 0.962301 0.789405 0.962301 0.832547 0.962054 0.832494 0.930943 0.78181 0.930649 0.679326 0.931296 0.680033 0.962403 0.680033 0.962403 0.782336 0.961758 0.78181 0.930649 0.679963 0.93057 0.782445 0.929924 0.782885 0.96009 0.782885 0.96009 0.680583 0.960736 0.679963 0.93057 0.687046 0.929358 0.75186 0.928973 0.751825 0.959141 0.751825 0.959141 0.687485 0.959524 0.687046 0.929358 0.842168 0.991105 0.814663 0.990528 0.810934 0.960298 0.842168 0.991105 0.810934 0.960298 0.841183 0.960942 0.813154 0.930169 0.810934 0.960298 0.789221 0.959836 0.813154 0.930169 0.789221 0.959836 0.789254 0.929668 0.802561 0.930524 0.853246 0.930818 0.852153 0.960994 0.674328 0.963633 0.64007 0.963605 0.640689 0.933433 0.63966 0.930024 0.664417 0.929877 0.662555 0.961704 0.662555 0.961704 0.638567 0.960199 0.63966 0.930024 0.662207 0.962656 0.638017 0.961867 0.63939 0.991085 0.63939 0.991085 0.664147 0.990937 0.662207 0.962656 0.851603 0.962661 0.801392 0.962364 0.802292 0.991585 0.802292 0.991585 0.852977 0.991879 0.851603 0.962661 0.832547 0.962054 0.853359 0.962497 0.854924 0.931413 0.832547 0.962054 0.854924 0.931413 0.832494 0.930943 0.853359 0.962497 0.854546 0.991733 0.885409 0.992381 0.853359 0.962497 0.885409 0.992381 0.88451 0.96316 0.832547 0.962054 0.789405 0.962301 0.789246 0.991528 0.789246 0.991528 0.832861 0.991278 0.832547 0.962054 0.782336 0.961758 0.680033 0.962403 0.679692 0.991631 0.679692 0.991631 0.782176 0.990985 0.782336 0.961758 0.782885 0.96009 0.680329 0.990906 0.680583 0.960736 0.687485 0.959524 0.751825 0.959141 0.752226 0.989307 0.752226 0.989307 0.687412 0.989693 0.687485 0.959524 0.810934 0.960298 0.814663 0.990528 0.78962 0.990002 0.810934 0.960298 0.78962 0.990002 0.789221 0.959836 0.64007 0.963605 0.674328 0.963633 0.675787 0.993793 0.675787 0.993793 0.641055 0.993768 0.64007 0.963605 0.638567 0.960199 0.662555 0.961704 0.664783 0.990212 0.664783 0.990212 0.640026 0.990358 0.638567 0.960199 0.804408 0.930075 0.775758 0.929474 0.75186 0.928973 0.804408 0.930075 0.75186 0.928973 0.687046 0.929358 0.782445 0.929924 0.679963 0.93057 0.782445 0.929924 0.789515 0.930468 0.83313 0.930218 0.85556 0.930688 0.789515 0.930468 0.85556 0.930688 0.846545 0.930973 0.801636 0.92961 0.852321 0.929904 0.855075 0.928815 0.687046 0.929358 0.756646 0.929784 0.804408 0.930075 0.687046 0.929358 0.804408 0.930075 0.803465 0.976445 0.687046 0.929358 0.687046 0.929358 0.803465 0.976445 0.804408 0.930075 0.687046 0.929358 0.803465 0.976445 0.637101 0.931849 0.637021 0.966111 0.639855 0.93076 0.804227 0.982318 0.783167 0.935006 0.779472 0.982464 0.782242 0.934092 0.803303 0.981403 0.778547 0.981551 0.729694 0.932989 0.754737 0.933514 0.751379 0.933444 0.751379 0.933444 0.729694 0.932989 0.664881 0.933375 0.751379 0.933444 0.664881 0.933375 0.729694 0.932989 0.729694 0.932989 0.640125 0.933523 0.664881 0.933375 0.752226 0.989307 0.687412 0.989693 0.662657 0.989841 0.782812 0.990259 0.680329 0.990906 0.782885 0.96009 0.832861 0.991278 0.854546 0.991733 0.853359 0.962497 0.832861 0.991278 0.853359 0.962497 0.832547 0.962054 0.846545 0.930973 0.85556 0.930688 0.885679 0.93132 0.841183 0.960942 0.810934 0.960298 0.813154 0.930169 0.841183 0.960942 0.813154 0.930169 0.841802 0.930769 0.751379 0.933444 0.754737 0.933514 0.782242 0.934092 0.782242 0.934092 0.778547 0.981551 0.782242 0.934092 0.782242 0.934092 0.782242 0.934092 0.751379 0.933444 0.09562796 0.762672 0.05945599 0.759263 0.06900399 0.998288 0.09839099 0.763238 0.09562796 0.762672 0.06900399 0.998288 0.103049 0.881276 0.09839099 0.763238 0.06900399 0.998288 0.11534 0.996162 0.103049 0.881276 0.06900399 0.998288 0.05954694 0.759283 0.094428 0.762233 0.102252 0.879049 0.05954694 0.759283 0.102252 0.879049 0.112742 0.994188 0.06926095 0.998901 0.05954694 0.759283 0.112742 0.994188 0.00395298 0.993012 0.06900399 0.998288 0.05945599 0.759263 0.05945599 0.759263 0.001675963 0.759239 0.00395298 0.993012 0.05954694 0.759283 0.06926095 0.998901 0.005213975 0.995576 0.005213975 0.995576 0.002953946 0.761835 0.05954694 0.759283 0.151419 0.993658 0.112742 0.994188 0.1695089 0.867117 0.165862 0.869471 0.184156 0.913914 0.15237 0.997714 0.165862 0.869471 0.252523 0.756506 0.240683 0.861517 0.240683 0.861517 0.184156 0.913914 0.165862 0.869471 0.18371 0.915151 0.220775 0.988762 0.241909 0.861903 0.183863 0.761939 0.246968 0.758311 0.1695089 0.867117 0.1695089 0.867117 0.112742 0.994188 0.102252 0.879049 0.102252 0.879049 0.094428 0.762233 0.183863 0.761939 0.103049 0.881276 0.170202 0.867982 0.183656 0.762016 0.103049 0.881276 0.11534 0.996162 0.170202 0.867982 0.170202 0.867982 0.247665 0.758483 0.183656 0.762016 0.183656 0.762016 0.09839099 0.763238 0.103049 0.881276 0.241909 0.861903 0.251746 0.755762 0.165661 0.87066 0.165661 0.87066 0.18371 0.915151 0.241909 0.861903 0.170202 0.867982 0.11534 0.996162 0.153814 0.994635 0.151026 0.998675 0.18371 0.915151 0.165661 0.87066 0.365141 0.754987 0.33873 0.860329 0.283557 0.861138 0.365141 0.754987 0.283557 0.861138 0.252523 0.756506 0.310293 0.881749 0.283557 0.861138 0.33873 0.860329 0.307595 0.986535 0.219716 0.986188 0.240683 0.861517 0.307595 0.986535 0.240683 0.861517 0.283557 0.861138 0.241909 0.861903 0.278157 0.861104 0.251746 0.755762 0.240683 0.861517 0.252523 0.756506 0.283557 0.861138 0.241909 0.861903 0.220775 0.988762 0.309291 0.98731 0.307595 0.986535 0.310182 0.89441 0.33873 0.860329 0.241909 0.861903 0.309291 0.98731 0.278157 0.861104 0.310182 0.89441 0.310293 0.881749 0.33873 0.860329 0.283557 0.861138 0.310293 0.881749 0.310182 0.89441 0.102252 0.879049 0.183863 0.761939 0.1695089 0.867117 0.240683 0.861517 0.219716 0.986188 0.184156 0.913914 0.184156 0.913914 0.219716 0.986188 0.15237 0.997714 0.18371 0.915151 0.151026 0.998675 0.220775 0.988762 0.283557 0.861138 0.310182 0.89441 0.307595 0.986535 0.304794 0.03890597 0.350182 0.082915 0.235624 0.08587795 0.304794 0.03890597 0.341874 0.03743499 0.350182 0.082915 0.234457 0.041354 0.235415 0.08633697 0.341143 0.08325797 0.349609 0.08354997 0.341143 0.08325797 0.235415 0.08633697 0.341143 0.08325797 0.34043 0.03810799 0.234457 0.041354 0.235624 0.08587795 0.235875 0.04028499 0.304794 0.03890597 0.236217 0.08633697 0.234786 0.08702397 0.23584 0.042198 0.34043 0.03810799 0.341143 0.08325797 0.349609 0.08354997 0.350182 0.082915 0.23551 0.08616197 0.235624 0.08587795 0.303407 0.04221796 0.235529 0.08645999 0.349633 0.086043 0.303407 0.04221796 0.349633 0.086043 0.340455 0.0406 0.2358649 0.042777 0.341699 0.08508098 0.235509 0.08656895 0.350158 0.08540797 0.235509 0.08656895 0.341699 0.08508098 0.341699 0.08508098 0.2358649 0.042777 0.341851 0.03992694 0.235529 0.08645999 0.303407 0.04221796 0.234495 0.04384595 0.235881 0.08606296 0.233793 0.04051595 0.234452 0.08674895 0.341851 0.03992694 0.350158 0.08540797 0.341699 0.08508098 0.349633 0.086043 0.235529 0.08645999 0.235421 0.08674401 0.976582 0.929792 0.828623 0.937604 0.807541 0.980831 0.996632 0.998994 0.976582 0.929792 0.807541 0.980831 0.996463 0.996056 0.805244 0.977595 0.828448 0.934219 0.828448 0.934219 0.976407 0.926407 0.996463 0.996056 0.828623 0.937604 0.7835 0.915715 0.807541 0.980831 0.805244 0.977595 0.783712 0.918531 0.828448 0.934219 0.996639 0.999442 0.996632 0.998994 0.812692 0.986076 0.805244 0.977595 0.996463 0.996056 0.812517 0.982691 0.812692 0.986076 0.996632 0.998994 0.807541 0.980831 0.96041 0.958834 0.961042 0.880312 0.984561 0.944881 0.99962 0.880421 0.984561 0.944881 0.961042 0.880312 0.984561 0.944881 0.99962 0.880421 0.998891 0.952761 0.998588 0.891446 0.998495 0.884289 0.996632 0.998994 0.996632 0.998994 0.996639 0.999442 0.998588 0.891446 0.996772 0.697644 0.939203 0.703671 0.986101 0.609051 0.525807 0.603774 0.626476 0.682441 0.518125 0.698728 0.625021 0.643458 0.621857 0.69056 0.519635 0.698739 0.399952 0.617294 0.393885 0.601803 0.491352 0.616844 0.394374 0.581918 0.400506 0.617389 0.492669 0.616537 0.492669 0.616537 0.400506 0.617389 0.491299 0.616785 0.491352 0.616844 0.393885 0.601803 0.491421 0.55786 0.400473 0.556495 0.491421 0.55786 0.393885 0.601803 0.492669 0.616537 0.490544 0.557777 0.399688 0.556568 0.492669 0.616537 0.399688 0.556568 0.394374 0.581918 0.659668 0.402809 0.684257 0.40282 0.676096 0.485697 0.659668 0.402809 0.676096 0.485697 0.547309 0.483993 0.659668 0.402809 0.547309 0.483993 0.585254 0.401062 0.732971 0.641279 0.73181 0.6642 0.70114 0.653302 0.70114 0.653302 0.73181 0.6642 0.754634 0.686158 0.719592 0.641575 0.754747 0.629673 0.732971 0.641279 0.732971 0.641279 0.70114 0.653302 0.719592 0.641575 0.774228 0.483022 0.713649 0.484799 0.73047 0.610813 0.787638 0.609368 0.774228 0.483022 0.73047 0.610813 0.713678 0.484716 0.774815 0.484171 0.730492 0.611925 0.730492 0.611925 0.774815 0.484171 0.787628 0.61124 0.789847 0.611561 0.986101 0.609051 0.939203 0.703671 0.939203 0.703671 0.81669 0.702883 0.789847 0.611561 0.977462 0.483854 0.986141 0.60951 0.787603 0.611909 0.977462 0.483854 0.787603 0.611909 0.77449 0.483888 0.525807 0.603774 0.628388 0.609461 0.626476 0.682441 0.532894 0.483709 0.628388 0.609461 0.525807 0.603774 0.713664 0.486309 0.628388 0.609461 0.532894 0.483709 0.804538 0.665512 0.806729 0.685815 0.73181 0.6642 0.73181 0.6642 0.806729 0.685815 0.754634 0.686158 0.755376 0.68632 0.807222 0.685895 0.805147 0.649686 0.755376 0.68632 0.805147 0.649686 0.754254 0.629804 0.804371 0.660537 0.807833 0.630094 0.755029 0.628641 0.732971 0.641279 0.804538 0.665512 0.73181 0.6642 0.732196 0.65213 0.755522 0.62851 0.808188 0.630034 0.806444 0.631197 0.804538 0.665512 0.732971 0.641279 0.397828 0.617336 0.4938 0.616836 0.391036 0.602777 0.392293 0.580851 0.495302 0.616654 0.397273 0.617238 0.495302 0.616654 0.493854 0.616898 0.397273 0.617238 0.4938 0.616836 0.493034 0.557829 0.391036 0.602777 0.397021 0.556512 0.391036 0.602777 0.493034 0.557829 0.495302 0.616654 0.397807 0.556436 0.493912 0.557915 0.495302 0.616654 0.392293 0.580851 0.397807 0.556436 0.732853 0.643242 0.701244 0.655777 0.732126 0.666179 0.701244 0.655777 0.755752 0.686406 0.732126 0.666179 0.720042 0.643188 0.701244 0.655777 0.732853 0.643242 0.732853 0.643242 0.753243 0.629818 0.720042 0.643188 0.803173 0.666303 0.732126 0.666179 0.805534 0.685869 0.732126 0.666179 0.755752 0.686406 0.805534 0.685869 0.754994 0.686244 0.80339 0.648833 0.805041 0.685787 0.754994 0.686244 0.75373 0.629686 0.80339 0.648833 0.802615 0.659685 0.754505 0.628523 0.806492 0.630003 0.732853 0.643242 0.732126 0.666179 0.803173 0.666303 0.732078 0.654093 0.806137 0.630066 0.754018 0.628655 0.804393 0.631228 0.732853 0.643242 0.803173 0.666303 0.73047 0.609455 0.748124 0.700732 0.626476 0.682441 0.625021 0.643458 0.748611 0.699217 0.621857 0.69056 0.792069 0.69655 0.789847 0.611561 0.81669 0.702883 0.548697 0.402596 0.585254 0.401062 0.547309 0.483993 0.686367 0.405419 0.800661 0.410343 0.675907 0.483725 0.675907 0.483725 0.800661 0.410343 0.817154 0.484531 0.81305 0.484116 0.802442 0.410157 0.676563 0.484716 0.676563 0.484716 0.802442 0.410157 0.686081 0.403626 0.942059 0.404343 0.98336 0.413509 0.971769 0.48607 0.813828 0.484603 0.803182 0.411995 0.860182 0.406525 0.713664 0.486309 0.73047 0.609455 0.628388 0.609461 0.628388 0.609461 0.73047 0.609455 0.626476 0.682441 0.519129 0.700528 0.519635 0.698739 0.621857 0.69056 0.621857 0.69056 0.570294 0.699276 0.519129 0.700528 0.687021 0.700978 0.570294 0.699276 0.621857 0.69056 0.687021 0.700978 0.621857 0.69056 0.748611 0.699217 0.748611 0.699217 0.748313 0.699366 0.687021 0.700978 0.860182 0.406525 0.942059 0.404343 0.813828 0.484603 0.971769 0.48607 0.813828 0.484603 0.942059 0.404343 0.976582 0.929792 0.807541 0.980831 0.828623 0.937604 0.996632 0.998994 0.807541 0.980831 0.976582 0.929792 0.996463 0.996056 0.828448 0.934219 0.805244 0.977595 0.828448 0.934219 0.996463 0.996056 0.976407 0.926407 0.828623 0.937604 0.807541 0.980831 0.7835 0.915715 0.805244 0.977595 0.828448 0.934219 0.783712 0.918531 0.996639 0.999442 0.812692 0.986076 0.996632 0.998994 0.805244 0.977595 0.812517 0.982691 0.996463 0.996056 0.812692 0.986076 0.807541 0.980831 0.996632 0.998994 0.960415 0.958876 0.984574 0.945014 0.961073 0.880616 0.998916 0.879884 0.961073 0.880616 0.984574 0.945014 0.984574 0.945014 0.998895 0.952804 0.998916 0.879884 0.998588 0.891446 0.996639 0.999442 0.996632 0.998994 0.996632 0.998994 0.998495 0.884289 0.998588 0.891446 0.476414 0.858337 0.440161 0.805969 0.451895 0.859384 0.539679 0.854296 0.60699 0.806744 0.440161 0.805969 0.440161 0.805969 0.476414 0.858337 0.539679 0.854296 0.594577 0.852732 0.539679 0.854296 0.539679 0.854296 0.594577 0.852732 0.539679 0.854296 0.594577 0.852732 0.44381 0.858751 0.455415 0.858245 0.455415 0.858245 0.44381 0.858751 0.455415 0.858245 0.44381 0.858751 0.443528 0.85821 0.451895 0.859384 0.440161 0.805969 0.443508 0.858179 0.443528 0.85821 0.440161 0.805969 0.443508 0.858179 0.440161 0.805969 0.42179 0.805784 0.477047 0.857377 0.539895 0.854841 0.539895 0.854841 0.477047 0.857377 0.539895 0.854841 0.477047 0.857377 0.44381 0.858751 0.443789 0.858719 0.455415 0.858245 0.59446 0.853612 0.609846 0.852018 0.609846 0.852018 0.59446 0.853612 0.609846 0.852018 0.59446 0.853612 0.539895 0.854841 0.59446 0.853612 0.59446 0.853612 0.539895 0.854841 0.59446 0.853612 0.539895 0.854841 0.539679 0.854296 0.476414 0.858337 0.476414 0.858337 0.539679 0.854296 0.476414 0.858337 0.539679 0.854296 0.449969 0.805987 0.455415 0.858245 0.443789 0.858719 0.443789 0.858719 0.422359 0.806252 0.449969 0.805987 0.477047 0.857377 0.455415 0.858245 0.449969 0.805987 0.607558 0.808127 0.539895 0.854841 0.477047 0.857377 0.477047 0.857377 0.449969 0.805987 0.607558 0.808127 0.539895 0.854841 0.607558 0.808127 0.59446 0.853612 0.624505 0.807333 0.609846 0.852018 0.59446 0.853612 0.59446 0.853612 0.607558 0.808127 0.624505 0.807333 0.60699 0.806744 0.594577 0.852732 0.609526 0.850917 0.609526 0.850917 0.623939 0.806183 0.60699 0.806744 0.60699 0.806744 0.539679 0.854296 0.594577 0.852732 0.451895 0.859384 0.443528 0.85821 0.443528 0.85821 0.451895 0.859384 0.443528 0.85821 0.451895 0.859384 0.455415 0.858245 0.477047 0.857377 0.477047 0.857377 0.455415 0.858245 0.477047 0.857377 0.455415 0.858245 0.476414 0.858337 0.451895 0.859384 0.451895 0.859384 0.476414 0.858337 0.451895 0.859384 0.476414 0.858337 0.609526 0.850917 0.594577 0.852732 0.594577 0.852732 0.609526 0.850917 0.594577 0.852732 0.609526 0.850917 0.455415 0.858245 0.477047 0.857377 0.534187 0.926185 0.534187 0.926185 0.485137 0.924778 0.455415 0.858245 0.535091 0.959619 0.545531 0.923779 0.485218 0.924098 0.477047 0.857377 0.539895 0.854841 0.534187 0.926185 0.594577 0.852732 0.539679 0.854296 0.545531 0.923779 0.545531 0.923779 0.57597 0.922231 0.594577 0.852732 0.594577 0.852732 0.57597 0.922231 0.609526 0.850917 0.539895 0.854841 0.59446 0.853612 0.575898 0.923218 0.575898 0.923218 0.534187 0.926185 0.539895 0.854841 0.59446 0.853612 0.609846 0.852018 0.575898 0.923218 0.455415 0.858245 0.485137 0.924778 0.44381 0.858751 0.534187 0.926185 0.575898 0.923218 0.534815 0.960468 0.534187 0.926185 0.534815 0.960468 0.485137 0.924778 0.535091 0.959619 0.57597 0.922231 0.545531 0.923779 0.443528 0.85821 0.485218 0.924098 0.451895 0.859384 0.545531 0.923779 0.476414 0.858337 0.451895 0.859384 0.451895 0.859384 0.485218 0.924098 0.545531 0.923779 0.539679 0.854296 0.476414 0.858337 0.545531 0.923779 0.684257 0.40282 0.659668 0.402809 0.636503 0.341171 0.684257 0.40282 0.636503 0.341171 0.685312 0.341722 0.686081 0.403626 0.802442 0.410157 0.794931 0.343899 0.686081 0.403626 0.794931 0.343899 0.682292 0.347962 0.800661 0.410343 0.686367 0.405419 0.68501 0.341391 0.800661 0.410343 0.68501 0.341391 0.795252 0.344992 0.98336 0.413509 0.942059 0.404343 0.942179 0.340946 0.98336 0.413509 0.942179 0.340946 0.991551 0.341299 0.659668 0.402809 0.585254 0.401062 0.594003 0.342007 0.659668 0.402809 0.594003 0.342007 0.636503 0.341171 0.860182 0.406525 0.803182 0.411995 0.791391 0.342246 0.860182 0.406525 0.791391 0.342246 0.859941 0.341592 0.585254 0.401062 0.548697 0.402596 0.547051 0.341745 0.585254 0.401062 0.547051 0.341745 0.594003 0.342007 0.860182 0.406525 0.942179 0.340946 0.942059 0.404343 0.860182 0.406525 0.859941 0.341592 0.942179 0.340946 0.632197 0.770059 0.635607 0.775331 0.635699 0.77563 0.632197 0.770059 0.635699 0.77563 0.634504 0.768194 0.6321 0.769743 0.634406 0.767897 0.635607 0.775331 0.635699 0.77563 0.639815 0.783291 0.642628 0.767631 0.642628 0.767631 0.634504 0.768194 0.635699 0.77563 0.635699 0.77563 0.635706 0.775645 0.639795 0.783309 0.639795 0.783309 0.639815 0.783291 0.635699 0.77563 0.635607 0.775331 0.634406 0.767897 0.64253 0.767328 0.64253 0.767328 0.639697 0.782995 0.635607 0.775331 0.647961 0.767506 0.642628 0.767631 0.639815 0.783291 0.639815 0.783291 0.638967 0.787101 0.647961 0.767506 0.639815 0.783291 0.639795 0.783309 0.638965 0.787124 0.638965 0.787124 0.638967 0.787101 0.639815 0.783291 0.639697 0.782995 0.64253 0.767328 0.647863 0.767201 0.647863 0.767201 0.638867 0.78681 0.639697 0.782995 0.647961 0.767506 0.638967 0.787101 0.650905 0.785049 0.650905 0.785049 0.653259 0.768292 0.647961 0.767506 0.638967 0.787101 0.638965 0.787124 0.650903 0.785072 0.650903 0.785072 0.650905 0.785049 0.638967 0.787101 0.647863 0.767201 0.653157 0.767987 0.650804 0.784758 0.650804 0.784758 0.638867 0.78681 0.647863 0.767201 0.653259 0.768292 0.650905 0.785049 0.653974 0.77832 0.653974 0.77832 0.658469 0.766723 0.653259 0.768292 0.650905 0.785049 0.650903 0.785072 0.653977 0.778357 0.653977 0.778357 0.653974 0.77832 0.650905 0.785049 0.653157 0.767987 0.658373 0.76643 0.653878 0.778043 0.653878 0.778043 0.650804 0.784758 0.653157 0.767987 0.653974 0.77832 0.653977 0.778357 0.65762 0.767306 0.634504 0.768194 0.633963 0.764104 0.632592 0.769342 0.633864 0.76379 0.634406 0.767897 0.6321 0.769743 0.633963 0.764104 0.634504 0.768194 0.642628 0.767631 0.642628 0.767631 0.639611 0.763019 0.633963 0.764104 0.639513 0.762706 0.64253 0.767328 0.634406 0.767897 0.634406 0.767897 0.633864 0.76379 0.639513 0.762706 0.639611 0.763019 0.642628 0.767631 0.647961 0.767506 0.647961 0.767506 0.6467 0.763361 0.639611 0.763019 0.646602 0.763047 0.647863 0.767201 0.64253 0.767328 0.64253 0.767328 0.639513 0.762706 0.646602 0.763047 0.6467 0.763361 0.647961 0.767506 0.653259 0.768292 0.653259 0.768292 0.653857 0.764193 0.6467 0.763361 0.653758 0.763879 0.653157 0.767987 0.647863 0.767201 0.647863 0.767201 0.646602 0.763047 0.653758 0.763879 0.653857 0.764193 0.653259 0.768292 0.658469 0.766723 0.653157 0.767987 0.653758 0.763879 0.658334 0.762247 0.568894 0.07409298 0.569014 0.07404595 0.594102 0.07496398 0.594102 0.07496398 0.593981 0.07501095 0.568894 0.07409298 0.566718 0.04595297 0.566554 0.073637 0.591642 0.07455497 0.591642 0.07455497 0.591805 0.04687094 0.566718 0.04595297 0.569014 0.07404595 0.569057 0.04640895 0.594145 0.04732698 0.594145 0.04732698 0.594102 0.07496398 0.569014 0.07404595 0.492703 0.07322895 0.492823 0.07318198 0.569014 0.07404595 0.569014 0.07404595 0.568894 0.07409298 0.492703 0.07322895 0.488288 0.04766994 0.490363 0.07277297 0.566554 0.073637 0.566554 0.073637 0.566718 0.04595297 0.488288 0.04766994 0.492823 0.07318198 0.490628 0.04812598 0.569057 0.04640895 0.569057 0.04640895 0.569014 0.07404595 0.492823 0.07318198 0.688042 0.908032 0.688058 0.907995 0.940581 0.908631 0.940581 0.908631 0.940565 0.90867 0.688042 0.908032 0.687167 0.885211 0.687712 0.907655 0.940235 0.908291 0.940235 0.908291 0.939436 0.887932 0.687167 0.885211 0.688058 0.907995 0.687499 0.885589 0.939767 0.888311 0.939767 0.888311 0.940581 0.908631 0.688058 0.907995 0.591805 0.04687094 0.591642 0.07455497 0.591762 0.07450795 0.688058 0.907995 0.688042 0.908032 0.687499 0.885589 0.68262 0.992698 0.772095 0.951662 0.768125 0.993076 0.772095 0.951662 0.68262 0.992698 0.68777 0.951414 0.653753 0.994277 0.749778 0.953351 0.744628 0.994635 0.749778 0.953351 0.653753 0.994277 0.646501 0.920074 0.784243 0.998859 0.645429 0.920301 0.652846 0.994522 0.645429 0.920301 0.784243 0.998859 0.783943 0.95822 0.736038 0.966589 0.635729 0.952246 0.725618 0.996839 0.631933 0.99192 0.725618 0.996839 0.635729 0.952246 0.652846 0.994522 0.631399 0.923888 0.640965 0.998344 0.631399 0.923888 0.652846 0.994522 0.645429 0.920301 0.640965 0.998344 0.646501 0.920074 0.653753 0.994277 0.646501 0.920074 0.640965 0.998344 0.631399 0.923888 0.631714 0.991948 0.715481 0.956202 0.722862 0.997099 0.715481 0.956202 0.631714 0.991948 0.635517 0.952275 0.660854 0.995161 0.746723 0.961843 0.739338 0.992425 0.746723 0.961843 0.660854 0.995161 0.653473 0.954265 0.746723 0.961843 0.760899 0.960266 0.739338 0.992425 0.748139 0.990261 0.739338 0.992425 0.760899 0.960266 0.747306 0.962281 0.739822 0.992852 0.748139 0.990261 0.748139 0.990261 0.760899 0.960266 0.747306 0.962281 0.67403 0.964652 0.66361 0.994902 0.739822 0.992852 0.739822 0.992852 0.747306 0.962281 0.67403 0.964652 0.695278 0.918265 0.784137 0.920926 0.772095 0.951662 0.772095 0.951662 0.68777 0.951414 0.695278 0.918265 0.653753 0.994277 0.749778 0.953351 0.757285 0.920203 0.635729 0.952246 0.631933 0.99192 0.724209 0.925891 0.724209 0.925891 0.635729 0.952246 0.736038 0.966589 0.647052 0.922832 0.721957 0.926206 0.715481 0.956202 0.715481 0.956202 0.635517 0.952275 0.647052 0.922832 0.65995 0.924268 0.705863 0.920439 0.746723 0.961843 0.746723 0.961843 0.653473 0.954265 0.65995 0.924268 0.746723 0.961843 0.705863 0.920439 0.760899 0.960266 0.704855 0.917202 0.760899 0.960266 0.705863 0.920439 0.747306 0.962281 0.704855 0.917202 0.706249 0.920854 0.704855 0.917202 0.747306 0.962281 0.760899 0.960266 0.67403 0.964652 0.706249 0.920854 0.662201 0.923953 0.706249 0.920854 0.67403 0.964652 0.747306 0.962281 0.749778 0.953351 0.646501 0.920074 0.753827 0.927476 0.691819 0.925538 0.695278 0.918265 0.68777 0.951414 0.784712 0.918953 0.753082 0.927738 0.645429 0.920301 0.645429 0.920301 0.783943 0.95822 0.784712 0.918953 0.724209 0.925891 0.647232 0.922798 0.635729 0.952246 0.751242 0.949325 0.741887 0.953209 0.634673 0.945636 0.634673 0.945636 0.648115 0.9422 0.751242 0.949325 0.741887 0.953209 0.751956 0.949074 0.649142 0.941983 0.649142 0.941983 0.634673 0.945636 0.741887 0.953209</float_array>
          <technique_common>
            <accessor source="#lmt-mesh-map-0-array" count="1392" stride="2">
              <param name="S" type="float"/>
              <param name="T" type="float"/>
            </accessor>
          </technique_common>
        </source>
        <vertices id="lmt-mesh-vertices">
          <input semantic="POSITION" source="#lmt-mesh-positions"/>
        </vertices>
        <triangles material="Agema_003-material" count="464">
          <input semantic="VERTEX" source="#lmt-mesh-vertices" offset="0"/>
          <input semantic="NORMAL" source="#lmt-mesh-normals" offset="1"/>
          <input semantic="TEXCOORD" source="#lmt-mesh-map-0" offset="2" set="0"/>
          <p>7 0 0 19 0 1 17 0 2 7 1 3 9 1 4 19 1 5 14 2 6 8 2 7 1 2 8 14 3 9 18 3 10 8 3 11 0 4 12 4 4 13 2 4 14 3 5 15 2 5 16 4 5 17 20 6 18 10 6 19 12 6 20 20 7 21 12 7 22 24 7 23 19 8 24 8 8 25 18 8 26 19 9 27 9 9 28 8 9 29 5 10 30 9 10 31 7 10 32 6 11 33 9 11 34 5 11 35 10 12 36 11 12 37 4 12 38 2 13 39 0 13 40 7 13 41 2 14 42 7 14 43 5 14 44 3 15 45 2 15 46 5 15 47 3 16 48 5 16 49 6 16 50 11 17 51 3 17 52 4 17 53 14 18 54 4 18 55 16 18 56 14 19 57 1 19 58 4 19 59 0 20 60 16 20 61 4 20 62 0 21 63 15 21 64 16 21 65 25 22 66 12 22 67 24 22 68 25 23 69 9 23 70 12 23 71 20 24 72 4 24 73 22 24 74 20 25 75 10 25 76 4 25 77 13 26 78 9 26 79 6 26 80 12 27 81 9 27 82 13 27 83 8 28 84 25 28 85 23 28 86 8 29 87 9 29 88 25 29 89 1 30 90 23 30 91 21 30 92 1 31 93 8 31 94 23 31 95 1 32 96 22 32 97 4 32 98 1 33 99 22 33 100 21 33 101 11 34 102 3 34 103 6 34 104 11 35 105 6 35 106 13 35 107 10 36 108 11 36 109 13 36 110 10 37 111 13 37 112 12 37 113 17 38 114 16 38 115 15 38 116 17 39 117 19 39 118 16 39 119 25 40 120 20 40 121 22 40 122 25 41 123 24 41 124 20 41 125 23 42 126 22 42 127 21 42 128 23 43 129 25 43 130 22 43 131 0 44 132 15 44 133 17 44 134 0 45 135 17 45 136 7 45 137 19 46 138 14 46 139 16 46 140 19 47 141 18 47 142 14 47 143 26 48 144 27 48 145 37 48 146 37 49 147 36 49 148 26 49 149 27 50 150 28 50 151 38 50 152 38 51 153 37 51 154 27 51 155 57 52 156 56 52 157 38 52 158 57 53 159 38 53 160 28 53 161 29 54 162 30 54 163 40 54 164 40 55 165 39 55 166 29 55 167 30 56 168 31 56 169 41 56 170 41 57 171 40 57 172 30 57 173 31 58 174 32 58 175 42 58 176 42 59 177 41 59 178 31 59 179 32 60 180 33 60 181 43 60 182 43 61 183 42 61 184 32 61 185 54 62 186 62 62 187 60 62 188 54 63 189 60 63 190 44 63 191 61 64 192 60 64 193 43 64 194 61 65 195 43 65 196 33 65 197 34 66 198 35 66 199 45 66 200 45 67 201 44 67 202 34 67 203 35 68 204 26 68 205 36 68 206 36 69 207 45 69 208 35 69 209 36 70 210 37 70 211 47 70 212 47 71 213 46 71 214 36 71 215 37 72 216 38 72 217 48 72 218 48 73 219 47 73 220 37 73 221 39 74 222 56 74 223 57 74 224 39 75 225 57 75 226 29 75 227 56 76 228 58 76 229 48 76 230 56 77 231 48 77 232 38 77 233 39 78 234 40 78 235 50 78 236 50 79 237 49 79 238 39 79 239 40 80 240 41 80 241 51 80 242 51 81 243 50 81 244 40 81 245 42 82 246 51 82 247 41 82 248 42 83 249 43 83 250 53 83 251 53 84 252 52 84 253 42 84 254 60 85 255 62 85 256 53 85 257 60 86 258 53 86 259 43 86 260 44 87 261 45 87 262 55 87 263 55 88 264 54 88 265 44 88 266 45 89 267 36 89 268 46 89 269 46 90 270 55 90 271 45 90 272 34 91 273 61 91 274 33 91 275 34 92 276 33 92 277 32 92 278 32 93 279 31 93 280 30 93 281 30 94 282 29 94 283 57 94 284 30 95 285 57 95 286 59 95 287 28 96 288 27 96 289 26 96 290 30 97 291 59 97 292 28 97 293 30 98 294 28 98 295 26 98 296 32 99 297 30 99 298 26 99 299 34 100 300 32 100 301 26 100 302 35 101 303 34 101 304 26 101 305 46 102 306 54 102 307 55 102 308 54 103 309 46 103 310 47 103 311 53 104 312 62 104 313 58 104 314 58 105 315 49 105 316 52 105 317 58 106 318 52 106 319 53 106 320 49 107 321 51 107 322 52 107 323 49 108 324 50 108 325 51 108 326 52 109 327 51 109 328 42 109 329 49 110 330 58 110 331 56 110 332 49 111 333 56 111 334 39 111 335 59 112 336 57 112 337 28 112 338 44 113 339 60 113 340 61 113 341 44 114 342 61 114 343 34 114 344 58 115 345 62 115 346 54 115 347 54 116 348 47 116 349 48 116 350 54 117 351 48 117 352 58 117 353 74 118 354 75 118 355 73 118 356 66 119 357 74 119 358 73 119 359 83 120 360 66 120 361 73 120 362 65 121 363 83 121 364 73 121 365 76 122 366 64 122 367 82 122 368 76 123 369 82 123 370 63 123 371 71 124 372 76 124 373 63 124 374 72 125 375 73 125 376 75 125 377 75 126 378 77 126 379 72 126 380 76 127 381 71 127 382 72 127 383 72 128 384 77 128 385 76 128 386 78 129 387 63 129 388 79 129 389 79 130 390 89 130 391 78 130 392 79 131 393 68 131 394 80 131 395 80 132 396 89 132 397 79 132 398 90 133 399 69 133 400 86 133 401 81 134 402 68 134 403 79 134 404 79 135 405 63 135 406 82 135 407 82 136 408 64 136 409 81 136 410 83 137 411 84 137 412 85 137 413 83 138 414 65 138 415 84 138 416 84 139 417 70 139 418 85 139 419 85 140 420 66 140 421 83 140 422 86 141 423 70 141 424 84 141 425 84 142 426 90 142 427 86 142 428 84 143 429 65 143 430 87 143 431 87 144 432 90 144 433 84 144 434 70 145 435 92 145 436 94 145 437 70 146 438 94 146 439 68 146 440 91 147 441 94 147 442 92 147 443 88 148 444 67 148 445 80 148 446 88 149 447 80 149 448 94 149 449 86 150 450 92 150 451 70 150 452 80 151 453 68 151 454 94 151 455 86 152 456 69 152 457 88 152 458 88 153 459 93 153 460 92 153 461 86 154 462 88 154 463 92 154 464 93 155 465 91 155 466 92 155 467 94 156 468 91 156 469 93 156 470 82 157 471 81 157 472 79 157 473 80 158 474 67 158 475 89 158 476 89 159 477 67 159 478 78 159 479 90 160 480 87 160 481 69 160 482 94 161 483 93 161 484 88 161 485 98 162 486 95 162 487 130 162 488 98 163 489 129 163 490 95 163 491 99 164 492 131 164 493 160 164 494 95 165 495 160 165 496 131 165 497 160 166 498 129 166 499 99 166 500 130 167 501 99 167 502 98 167 503 130 168 504 131 168 505 99 168 506 129 169 507 160 169 508 95 169 509 95 170 510 131 170 511 130 170 512 101 171 513 97 171 514 96 171 515 101 172 516 96 172 517 100 172 518 102 173 519 161 173 520 132 173 521 96 174 522 132 174 523 161 174 524 161 175 525 102 175 526 100 175 527 97 176 528 101 176 529 102 176 530 97 177 531 102 177 532 132 177 533 100 178 534 96 178 535 161 178 536 96 179 537 97 179 538 132 179 539 135 180 540 134 180 541 104 180 542 168 181 543 135 181 544 104 181 545 167 182 546 103 182 547 134 182 548 134 183 549 135 183 550 167 183 551 134 184 552 136 184 553 104 184 554 103 185 555 136 185 556 134 185 557 167 186 558 168 186 559 133 186 560 103 187 561 167 187 562 133 187 563 133 188 564 168 188 565 104 188 566 168 189 567 105 189 568 135 189 569 162 190 570 135 190 571 105 190 572 135 191 573 162 191 574 167 191 575 162 192 576 105 192 577 168 192 578 168 193 579 167 193 580 162 193 581 151 194 582 154 194 583 141 194 584 106 195 585 107 195 586 152 195 587 107 196 588 153 196 589 152 196 590 137 197 591 140 197 592 108 197 593 142 198 594 137 198 595 109 198 596 109 199 597 137 199 598 108 199 599 108 200 600 140 200 601 138 200 602 139 201 603 138 201 604 140 201 605 109 202 606 138 202 607 139 202 608 109 203 609 139 203 610 142 203 611 118 204 612 157 204 613 149 204 614 118 205 615 149 205 616 110 205 617 118 206 618 110 206 619 117 206 620 171 207 621 169 207 622 152 207 623 152 208 624 169 208 625 106 208 626 151 209 627 141 209 628 171 209 629 171 210 630 152 210 631 151 210 632 121 211 633 110 211 634 106 211 635 141 212 636 121 212 637 106 212 638 149 213 639 122 213 640 163 213 641 163 214 642 122 214 643 148 214 644 148 215 645 141 215 646 154 215 647 154 216 648 114 216 649 148 216 650 121 217 651 141 217 652 148 217 653 121 218 654 148 218 655 122 218 656 106 219 657 113 219 658 107 219 659 110 220 660 113 220 661 106 220 662 149 221 663 113 221 664 110 221 665 142 222 666 139 222 667 169 222 668 169 223 669 139 223 670 106 223 671 106 224 672 139 224 673 140 224 674 106 225 675 140 225 676 141 225 677 140 226 678 137 226 679 141 226 680 171 227 681 142 227 682 169 227 683 171 228 684 141 228 685 137 228 686 137 229 687 142 229 688 171 229 689 143 230 690 144 230 691 147 230 692 145 231 693 170 231 694 143 231 695 170 232 696 144 232 697 143 232 698 144 233 699 111 233 700 147 233 701 146 234 702 147 234 703 111 234 704 170 235 705 146 235 706 111 235 707 170 236 708 145 236 709 146 236 710 164 237 711 155 237 712 112 237 713 155 238 714 163 238 715 112 238 716 156 239 717 155 239 718 164 239 719 164 240 720 148 240 721 156 240 722 145 241 723 112 241 724 146 241 725 112 242 726 163 242 727 146 242 728 163 243 729 147 243 730 146 243 731 163 244 732 148 244 733 147 244 734 147 245 735 148 245 736 143 245 737 164 246 738 112 246 739 145 246 740 164 247 741 143 247 742 148 247 743 143 248 744 164 248 745 145 248 746 163 249 747 155 249 748 107 249 749 107 250 750 155 250 751 153 250 752 156 251 753 148 251 754 114 251 755 150 252 756 117 252 757 110 252 758 157 253 759 120 253 760 149 253 761 149 254 762 120 254 763 122 254 764 121 255 765 119 255 766 110 255 767 110 256 768 119 256 769 150 256 770 116 257 771 119 257 772 121 257 773 122 258 774 120 258 775 115 258 776 149 259 777 163 259 778 113 259 779 113 260 780 163 260 781 107 260 782 151 261 783 152 261 784 153 261 785 153 262 786 154 262 787 151 262 788 114 263 789 154 263 790 153 263 791 114 264 792 153 264 793 155 264 794 155 265 795 156 265 796 114 265 797 115 266 798 116 266 799 122 266 800 121 267 801 122 267 802 116 267 803 125 268 804 124 268 805 126 268 806 127 269 807 124 269 808 125 269 809 159 270 810 126 270 811 165 270 812 126 271 813 159 271 814 125 271 815 126 272 816 124 272 817 158 272 818 165 273 819 126 273 820 158 273 821 159 274 822 123 274 823 127 274 824 165 275 825 123 275 826 159 275 827 123 276 828 124 276 829 127 276 830 127 277 831 125 277 832 128 277 833 166 278 834 128 278 835 125 278 836 125 279 837 159 279 838 166 279 839 166 280 840 159 280 841 127 280 842 127 281 843 128 281 844 166 281 845 188 282 846 174 282 847 172 282 848 186 283 849 176 283 850 174 283 851 174 284 852 188 284 853 186 284 854 185 285 855 186 285 856 195 285 857 185 286 858 195 286 859 198 286 860 187 287 861 173 287 862 193 287 863 187 288 864 193 288 865 203 288 866 187 289 867 172 289 868 174 289 869 180 290 870 187 290 871 174 290 872 180 291 873 174 291 874 179 291 875 181 292 876 182 292 877 192 292 878 181 293 879 192 293 880 191 293 881 187 294 882 180 294 883 173 294 884 183 295 885 184 295 886 197 295 887 183 296 888 197 296 889 202 296 890 182 297 891 183 297 892 202 297 893 182 298 894 202 298 895 192 298 896 186 299 897 188 299 898 201 299 899 186 300 900 201 300 901 195 300 902 175 301 903 173 301 904 180 301 905 180 302 906 179 302 907 175 302 908 181 303 909 173 303 910 175 303 911 177 304 912 182 304 913 181 304 914 181 305 915 175 305 916 177 305 917 182 306 918 177 306 919 183 306 920 178 307 921 184 307 922 183 307 923 183 308 924 177 308 925 178 308 926 176 309 927 185 309 928 184 309 929 184 310 930 178 310 931 176 310 932 176 311 933 186 311 934 185 311 935 172 312 936 187 312 937 203 312 938 172 313 939 203 313 940 200 313 941 173 314 942 181 314 943 191 314 944 173 315 945 191 315 946 193 315 947 188 316 948 172 316 949 200 316 950 188 317 951 200 317 952 201 317 953 184 318 954 185 318 955 198 318 956 184 319 957 198 319 958 197 319 959 193 320 960 191 320 961 194 320 962 194 321 963 199 321 964 193 321 965 190 322 966 189 322 967 199 322 968 191 323 969 192 323 970 194 323 971 198 324 972 195 324 973 189 324 974 189 325 975 196 325 976 198 325 977 198 326 978 196 326 979 197 326 980 192 327 981 202 327 982 196 327 983 196 328 984 194 328 985 192 328 986 202 329 987 197 329 988 196 329 989 193 330 990 199 330 991 203 330 992 194 331 993 196 331 994 190 331 995 194 332 996 190 332 997 199 332 998 190 333 999 196 333 1000 189 333 1001 203 334 1002 199 334 1003 200 334 1004 189 335 1005 201 335 1006 200 335 1007 200 336 1008 199 336 1009 189 336 1010 195 337 1011 201 337 1012 189 337 1013 157 338 1014 118 338 1015 207 338 1016 157 339 1017 207 339 1018 211 339 1019 150 340 1020 119 340 1021 208 340 1022 150 341 1023 208 341 1024 210 341 1025 120 342 1026 157 342 1027 211 342 1028 120 343 1029 211 343 1030 209 343 1031 119 344 1032 116 344 1033 205 344 1034 119 345 1035 205 345 1036 208 345 1037 118 346 1038 117 346 1039 206 346 1040 118 347 1041 206 347 1042 207 347 1043 115 348 1044 120 348 1045 209 348 1046 115 349 1047 209 349 1048 204 349 1049 117 350 1050 150 350 1051 210 350 1052 117 351 1053 210 351 1054 206 351 1055 115 352 1056 205 352 1057 116 352 1058 115 353 1059 204 353 1060 205 353 1061 212 354 1062 215 354 1063 214 354 1064 212 355 1065 214 355 1066 228 355 1067 212 356 1068 229 356 1069 215 356 1070 214 357 1071 217 357 1072 230 357 1073 230 358 1074 228 358 1075 214 358 1076 214 359 1077 215 359 1078 218 359 1079 218 360 1080 217 360 1081 214 360 1082 215 361 1083 229 361 1084 231 361 1085 231 362 1086 218 362 1087 215 362 1088 232 363 1089 230 363 1090 217 363 1091 217 364 1092 220 364 1093 232 364 1094 217 365 1095 218 365 1096 221 365 1097 221 366 1098 220 366 1099 217 366 1100 218 367 1101 231 367 1102 233 367 1103 233 368 1104 221 368 1105 218 368 1106 232 369 1107 220 369 1108 223 369 1109 223 370 1110 234 370 1111 232 370 1112 220 371 1113 221 371 1114 224 371 1115 224 372 1116 223 372 1117 220 372 1118 233 373 1119 235 373 1120 224 373 1121 224 374 1122 221 374 1123 233 374 1124 234 375 1125 223 375 1126 226 375 1127 226 376 1128 225 376 1129 234 376 1130 223 377 1131 224 377 1132 227 377 1133 227 378 1134 226 378 1135 223 378 1136 235 379 1137 225 379 1138 227 379 1139 227 380 1140 224 380 1141 235 380 1142 226 381 1143 227 381 1144 225 381 1145 228 382 1146 213 382 1147 212 382 1148 213 383 1149 229 383 1150 212 383 1151 213 384 1152 228 384 1153 230 384 1154 230 385 1155 216 385 1156 213 385 1157 216 386 1158 231 386 1159 229 386 1160 229 387 1161 213 387 1162 216 387 1163 216 388 1164 230 388 1165 232 388 1166 232 389 1167 219 389 1168 216 389 1169 219 390 1170 233 390 1171 231 390 1172 231 391 1173 216 391 1174 219 391 1175 219 392 1176 232 392 1177 234 392 1178 234 393 1179 222 393 1180 219 393 1181 222 394 1182 235 394 1183 233 394 1184 233 395 1185 219 395 1186 222 395 1187 222 396 1188 234 396 1189 225 396 1190 235 397 1191 222 397 1192 225 397 1193 240 398 1194 239 398 1195 236 398 1196 236 399 1197 237 399 1198 240 399 1199 241 400 1200 240 400 1201 237 400 1202 237 401 1203 238 401 1204 241 401 1205 239 402 1206 241 402 1207 238 402 1208 238 403 1209 236 403 1210 239 403 1211 243 404 1212 242 404 1213 239 404 1214 239 405 1215 240 405 1216 243 405 1217 244 406 1218 243 406 1219 240 406 1220 240 407 1221 241 407 1222 244 407 1223 242 408 1224 244 408 1225 241 408 1226 241 409 1227 239 409 1228 242 409 1229 246 410 1230 245 410 1231 242 410 1232 242 411 1233 243 411 1234 246 411 1235 247 412 1236 246 412 1237 243 412 1238 243 413 1239 244 413 1240 247 413 1241 245 414 1242 247 414 1243 244 414 1244 244 415 1245 242 415 1246 245 415 1247 238 416 1248 237 416 1249 236 416 1250 245 417 1251 246 417 1252 247 417 1253 248 418 1254 258 418 1255 253 418 1256 258 419 1257 248 419 1258 259 419 1259 252 420 1260 259 420 1261 248 420 1262 259 421 1263 252 421 1264 260 421 1265 251 422 1266 261 422 1267 250 422 1268 261 423 1269 251 423 1270 262 423 1271 263 424 1272 262 424 1273 254 424 1274 251 425 1275 254 425 1276 262 425 1277 250 426 1278 264 426 1279 249 426 1280 264 427 1281 250 427 1282 261 427 1283 249 428 1284 260 428 1285 252 428 1286 260 429 1287 249 429 1288 264 429 1289 253 430 1290 265 430 1291 255 430 1292 265 431 1293 253 431 1294 258 431 1295 255 432 1296 266 432 1297 280 432 1298 266 433 1299 255 433 1300 265 433 1301 266 434 1302 267 434 1303 280 434 1304 256 435 1305 280 435 1306 267 435 1307 268 436 1308 257 436 1309 256 436 1310 256 437 1311 267 437 1312 268 437 1313 263 438 1314 254 438 1315 257 438 1316 257 439 1317 268 439 1318 263 439 1319 269 440 1320 270 440 1321 258 440 1322 258 441 1323 259 441 1324 269 441 1325 252 442 1326 259 442 1327 269 442 1328 262 443 1329 251 443 1330 271 443 1331 271 444 1332 262 444 1333 263 444 1334 270 445 1335 272 445 1336 265 445 1337 265 446 1338 258 446 1339 270 446 1340 272 447 1341 273 447 1342 266 447 1343 266 448 1344 265 448 1345 272 448 1346 266 449 1347 273 449 1348 267 449 1349 274 450 1350 267 450 1351 273 450 1352 268 451 1353 274 451 1354 275 451 1355 274 452 1356 268 452 1357 267 452 1358 263 453 1359 275 453 1360 271 453 1361 275 454 1362 263 454 1363 268 454 1364 259 455 1365 260 455 1366 279 455 1367 279 456 1368 269 456 1369 259 456 1370 278 457 1371 277 457 1372 261 457 1373 261 458 1374 262 458 1375 278 458 1376 271 459 1377 278 459 1378 262 459 1379 277 460 1380 276 460 1381 264 460 1382 264 461 1383 261 461 1384 277 461 1385 276 462 1386 279 462 1387 260 462 1388 260 463 1389 264 463 1390 276 463 1391</p>
        </triangles>
      </mesh>
    </geometry>
  </library_geometries>
  <library_animations>
    <animation id="machairophoros_sele2_Skin_root_pose_matrix">
      <source id="machairophoros_sele2_Skin_root_pose_matrix-input">
        <float_array id="machairophoros_sele2_Skin_root_pose_matrix-input-array" count="1">0.04166662</float_array>
        <technique_common>
          <accessor source="#machairophoros_sele2_Skin_root_pose_matrix-input-array" count="1" stride="1">
            <param name="TIME" type="float"/>
          </accessor>
        </technique_common>
      </source>
      <source id="machairophoros_sele2_Skin_root_pose_matrix-output">
        <float_array id="machairophoros_sele2_Skin_root_pose_matrix-output-array" count="16">1 5.49895e-16 2.62398e-8 0 2.62398e-8 -1.34359e-7 -1 -1.01207e-7 2.97565e-15 1 -1.19209e-7 2.154822 0 0 0 1</float_array>
        <technique_common>
          <accessor source="#machairophoros_sele2_Skin_root_pose_matrix-output-array" count="1" stride="16">
            <param name="TRANSFORM" type="float4x4"/>
          </accessor>
        </technique_common>
      </source>
      <source id="machairophoros_sele2_Skin_root_pose_matrix-interpolation">
        <Name_array id="machairophoros_sele2_Skin_root_pose_matrix-interpolation-array" count="1">LINEAR</Name_array>
        <technique_common>
          <accessor source="#machairophoros_sele2_Skin_root_pose_matrix-interpolation-array" count="1" stride="1">
            <param name="INTERPOLATION" type="name"/>
          </accessor>
        </technique_common>
      </source>
      <sampler id="machairophoros_sele2_Skin_root_pose_matrix-sampler">
        <input semantic="INPUT" source="#machairophoros_sele2_Skin_root_pose_matrix-input"/>
        <input semantic="OUTPUT" source="#machairophoros_sele2_Skin_root_pose_matrix-output"/>
        <input semantic="INTERPOLATION" source="#machairophoros_sele2_Skin_root_pose_matrix-interpolation"/>
      </sampler>
      <channel source="#machairophoros_sele2_Skin_root_pose_matrix-sampler" target="machairophoros_sele2_Skin_root/transform"/>
    </animation>
    <animation id="machairophoros_sele2_Skin_pelvis_pose_matrix">
      <source id="machairophoros_sele2_Skin_pelvis_pose_matrix-input">
        <float_array id="machairophoros_sele2_Skin_pelvis_pose_matrix-input-array" count="1">0.04166662</float_array>
        <technique_common>
          <accessor source="#machairophoros_sele2_Skin_pelvis_pose_matrix-input-array" count="1" stride="1">
            <param name="TIME" type="float"/>
          </accessor>
        </technique_common>
      </source>
      <source id="machairophoros_sele2_Skin_pelvis_pose_matrix-output">
        <float_array id="machairophoros_sele2_Skin_pelvis_pose_matrix-output-array" count="16">1 0 9.28837e-9 2.88204e-4 -3.46018e-16 1 3.72528e-8 -0.1648533 -9.28837e-9 -3.72528e-8 1 -0.05965076 0 0 0 1</float_array>
        <technique_common>
          <accessor source="#machairophoros_sele2_Skin_pelvis_pose_matrix-output-array" count="1" stride="16">
            <param name="TRANSFORM" type="float4x4"/>
          </accessor>
        </technique_common>
      </source>
      <source id="machairophoros_sele2_Skin_pelvis_pose_matrix-interpolation">
        <Name_array id="machairophoros_sele2_Skin_pelvis_pose_matrix-interpolation-array" count="1">LINEAR</Name_array>
        <technique_common>
          <accessor source="#machairophoros_sele2_Skin_pelvis_pose_matrix-interpolation-array" count="1" stride="1">
            <param name="INTERPOLATION" type="name"/>
          </accessor>
        </technique_common>
      </source>
      <sampler id="machairophoros_sele2_Skin_pelvis_pose_matrix-sampler">
        <input semantic="INPUT" source="#machairophoros_sele2_Skin_pelvis_pose_matrix-input"/>
        <input semantic="OUTPUT" source="#machairophoros_sele2_Skin_pelvis_pose_matrix-output"/>
        <input semantic="INTERPOLATION" source="#machairophoros_sele2_Skin_pelvis_pose_matrix-interpolation"/>
      </sampler>
      <channel source="#machairophoros_sele2_Skin_pelvis_pose_matrix-sampler" target="machairophoros_sele2_Skin_pelvis/transform"/>
    </animation>
    <animation id="machairophoros_sele2_Skin_femurleft_pose_matrix">
      <source id="machairophoros_sele2_Skin_femurleft_pose_matrix-input">
        <float_array id="machairophoros_sele2_Skin_femurleft_pose_matrix-input-array" count="1">0.04166662</float_array>
        <technique_common>
          <accessor source="#machairophoros_sele2_Skin_femurleft_pose_matrix-input-array" count="1" stride="1">
            <param name="TIME" type="float"/>
          </accessor>
        </technique_common>
      </source>
      <source id="machairophoros_sele2_Skin_femurleft_pose_matrix-output">
        <float_array id="machairophoros_sele2_Skin_femurleft_pose_matrix-output-array" count="16">1 -3.87761e-15 5.08076e-9 0.2292777 0 1 -3.72529e-8 -0.0098176 -5.08076e-9 3.75012e-8 1 0.05965088 0 0 0 1</float_array>
        <technique_common>
          <accessor source="#machairophoros_sele2_Skin_femurleft_pose_matrix-output-array" count="1" stride="16">
            <param name="TRANSFORM" type="float4x4"/>
          </accessor>
        </technique_common>
      </source>
      <source id="machairophoros_sele2_Skin_femurleft_pose_matrix-interpolation">
        <Name_array id="machairophoros_sele2_Skin_femurleft_pose_matrix-interpolation-array" count="1">LINEAR</Name_array>
        <technique_common>
          <accessor source="#machairophoros_sele2_Skin_femurleft_pose_matrix-interpolation-array" count="1" stride="1">
            <param name="INTERPOLATION" type="name"/>
          </accessor>
        </technique_common>
      </source>
      <sampler id="machairophoros_sele2_Skin_femurleft_pose_matrix-sampler">
        <input semantic="INPUT" source="#machairophoros_sele2_Skin_femurleft_pose_matrix-input"/>
        <input semantic="OUTPUT" source="#machairophoros_sele2_Skin_femurleft_pose_matrix-output"/>
        <input semantic="INTERPOLATION" source="#machairophoros_sele2_Skin_femurleft_pose_matrix-interpolation"/>
      </sampler>
      <channel source="#machairophoros_sele2_Skin_femurleft_pose_matrix-sampler" target="machairophoros_sele2_Skin_femurleft/transform"/>
    </animation>
    <animation id="machairophoros_sele2_Skin_butt-l_pose_matrix">
      <source id="machairophoros_sele2_Skin_butt-l_pose_matrix-input">
        <float_array id="machairophoros_sele2_Skin_butt-l_pose_matrix-input-array" count="1">0.04166662</float_array>
        <technique_common>
          <accessor source="#machairophoros_sele2_Skin_butt-l_pose_matrix-input-array" count="1" stride="1">
            <param name="TIME" type="float"/>
          </accessor>
        </technique_common>
      </source>
      <source id="machairophoros_sele2_Skin_butt-l_pose_matrix-output">
        <float_array id="machairophoros_sele2_Skin_butt-l_pose_matrix-output-array" count="16">1 -4.56025e-15 4.2319e-9 4.67554e-4 1.26121e-15 1 -2.98023e-7 -0.098526 -4.2319e-9 2.98023e-7 1 -0.2278655 0 0 0 1</float_array>
        <technique_common>
          <accessor source="#machairophoros_sele2_Skin_butt-l_pose_matrix-output-array" count="1" stride="16">
            <param name="TRANSFORM" type="float4x4"/>
          </accessor>
        </technique_common>
      </source>
      <source id="machairophoros_sele2_Skin_butt-l_pose_matrix-interpolation">
        <Name_array id="machairophoros_sele2_Skin_butt-l_pose_matrix-interpolation-array" count="1">LINEAR</Name_array>
        <technique_common>
          <accessor source="#machairophoros_sele2_Skin_butt-l_pose_matrix-interpolation-array" count="1" stride="1">
            <param name="INTERPOLATION" type="name"/>
          </accessor>
        </technique_common>
      </source>
      <sampler id="machairophoros_sele2_Skin_butt-l_pose_matrix-sampler">
        <input semantic="INPUT" source="#machairophoros_sele2_Skin_butt-l_pose_matrix-input"/>
        <input semantic="OUTPUT" source="#machairophoros_sele2_Skin_butt-l_pose_matrix-output"/>
        <input semantic="INTERPOLATION" source="#machairophoros_sele2_Skin_butt-l_pose_matrix-interpolation"/>
      </sampler>
      <channel source="#machairophoros_sele2_Skin_butt-l_pose_matrix-sampler" target="machairophoros_sele2_Skin_butt-l/transform"/>
    </animation>
    <animation id="machairophoros_sele2_Skin_knee-l-top_pose_matrix">
      <source id="machairophoros_sele2_Skin_knee-l-top_pose_matrix-input">
        <float_array id="machairophoros_sele2_Skin_knee-l-top_pose_matrix-input-array" count="1">0.04166662</float_array>
        <technique_common>
          <accessor source="#machairophoros_sele2_Skin_knee-l-top_pose_matrix-input-array" count="1" stride="1">
            <param name="TIME" type="float"/>
          </accessor>
        </technique_common>
      </source>
      <source id="machairophoros_sele2_Skin_knee-l-top_pose_matrix-output">
        <float_array id="machairophoros_sele2_Skin_knee-l-top_pose_matrix-output-array" count="16">1 -4.56025e-15 7.79386e-9 0.02838683 0 1 0 -0.4877242 -7.79386e-9 0 1 0.357712 0 0 0 1</float_array>
        <technique_common>
          <accessor source="#machairophoros_sele2_Skin_knee-l-top_pose_matrix-output-array" count="1" stride="16">
            <param name="TRANSFORM" type="float4x4"/>
          </accessor>
        </technique_common>
      </source>
      <source id="machairophoros_sele2_Skin_knee-l-top_pose_matrix-interpolation">
        <Name_array id="machairophoros_sele2_Skin_knee-l-top_pose_matrix-interpolation-array" count="1">LINEAR</Name_array>
        <technique_common>
          <accessor source="#machairophoros_sele2_Skin_knee-l-top_pose_matrix-interpolation-array" count="1" stride="1">
            <param name="INTERPOLATION" type="name"/>
          </accessor>
        </technique_common>
      </source>
      <sampler id="machairophoros_sele2_Skin_knee-l-top_pose_matrix-sampler">
        <input semantic="INPUT" source="#machairophoros_sele2_Skin_knee-l-top_pose_matrix-input"/>
        <input semantic="OUTPUT" source="#machairophoros_sele2_Skin_knee-l-top_pose_matrix-output"/>
        <input semantic="INTERPOLATION" source="#machairophoros_sele2_Skin_knee-l-top_pose_matrix-interpolation"/>
      </sampler>
      <channel source="#machairophoros_sele2_Skin_knee-l-top_pose_matrix-sampler" target="machairophoros_sele2_Skin_knee-l-top/transform"/>
    </animation>
    <animation id="machairophoros_sele2_Skin_knee-l-bopttom_pose_matrix">
      <source id="machairophoros_sele2_Skin_knee-l-bopttom_pose_matrix-input">
        <float_array id="machairophoros_sele2_Skin_knee-l-bopttom_pose_matrix-input-array" count="1">0.04166662</float_array>
        <technique_common>
          <accessor source="#machairophoros_sele2_Skin_knee-l-bopttom_pose_matrix-input-array" count="1" stride="1">
            <param name="TIME" type="float"/>
          </accessor>
        </technique_common>
      </source>
      <source id="machairophoros_sele2_Skin_knee-l-bopttom_pose_matrix-output">
        <float_array id="machairophoros_sele2_Skin_knee-l-bopttom_pose_matrix-output-array" count="16">1 -4.56025e-15 3.00215e-8 0.03209621 3.35516e-15 1 -1.11759e-7 -0.736926 -3.00215e-8 1.11759e-7 1 -0.03760031 0 0 0 1</float_array>
        <technique_common>
          <accessor source="#machairophoros_sele2_Skin_knee-l-bopttom_pose_matrix-output-array" count="1" stride="16">
            <param name="TRANSFORM" type="float4x4"/>
          </accessor>
        </technique_common>
      </source>
      <source id="machairophoros_sele2_Skin_knee-l-bopttom_pose_matrix-interpolation">
        <Name_array id="machairophoros_sele2_Skin_knee-l-bopttom_pose_matrix-interpolation-array" count="1">LINEAR</Name_array>
        <technique_common>
          <accessor source="#machairophoros_sele2_Skin_knee-l-bopttom_pose_matrix-interpolation-array" count="1" stride="1">
            <param name="INTERPOLATION" type="name"/>
          </accessor>
        </technique_common>
      </source>
      <sampler id="machairophoros_sele2_Skin_knee-l-bopttom_pose_matrix-sampler">
        <input semantic="INPUT" source="#machairophoros_sele2_Skin_knee-l-bopttom_pose_matrix-input"/>
        <input semantic="OUTPUT" source="#machairophoros_sele2_Skin_knee-l-bopttom_pose_matrix-output"/>
        <input semantic="INTERPOLATION" source="#machairophoros_sele2_Skin_knee-l-bopttom_pose_matrix-interpolation"/>
      </sampler>
      <channel source="#machairophoros_sele2_Skin_knee-l-bopttom_pose_matrix-sampler" target="machairophoros_sele2_Skin_knee-l-bopttom/transform"/>
    </animation>
    <animation id="machairophoros_sele2_Skin_ankle_left_pose_matrix">
      <source id="machairophoros_sele2_Skin_ankle_left_pose_matrix-input">
        <float_array id="machairophoros_sele2_Skin_ankle_left_pose_matrix-input-array" count="1">0.04166662</float_array>
        <technique_common>
          <accessor source="#machairophoros_sele2_Skin_ankle_left_pose_matrix-input-array" count="1" stride="1">
            <param name="TIME" type="float"/>
          </accessor>
        </technique_common>
      </source>
      <source id="machairophoros_sele2_Skin_ankle_left_pose_matrix-output">
        <float_array id="machairophoros_sele2_Skin_ankle_left_pose_matrix-output-array" count="16">1 -5.11042e-8 8.89745e-7 0.008728147 2.95467e-7 -0.9295395 -0.3687225 -1.121673 8.45896e-7 0.3687225 -0.9295393 -0.0627567 0 0 0 1</float_array>
        <technique_common>
          <accessor source="#machairophoros_sele2_Skin_ankle_left_pose_matrix-output-array" count="1" stride="16">
            <param name="TRANSFORM" type="float4x4"/>
          </accessor>
        </technique_common>
      </source>
      <source id="machairophoros_sele2_Skin_ankle_left_pose_matrix-interpolation">
        <Name_array id="machairophoros_sele2_Skin_ankle_left_pose_matrix-interpolation-array" count="1">LINEAR</Name_array>
        <technique_common>
          <accessor source="#machairophoros_sele2_Skin_ankle_left_pose_matrix-interpolation-array" count="1" stride="1">
            <param name="INTERPOLATION" type="name"/>
          </accessor>
        </technique_common>
      </source>
      <sampler id="machairophoros_sele2_Skin_ankle_left_pose_matrix-sampler">
        <input semantic="INPUT" source="#machairophoros_sele2_Skin_ankle_left_pose_matrix-input"/>
        <input semantic="OUTPUT" source="#machairophoros_sele2_Skin_ankle_left_pose_matrix-output"/>
        <input semantic="INTERPOLATION" source="#machairophoros_sele2_Skin_ankle_left_pose_matrix-interpolation"/>
      </sampler>
      <channel source="#machairophoros_sele2_Skin_ankle_left_pose_matrix-sampler" target="machairophoros_sele2_Skin_ankle_left/transform"/>
    </animation>
    <animation id="machairophoros_sele2_Skin_foot_left01_pose_matrix">
      <source id="machairophoros_sele2_Skin_foot_left01_pose_matrix-input">
        <float_array id="machairophoros_sele2_Skin_foot_left01_pose_matrix-input-array" count="1">0.04166662</float_array>
        <technique_common>
          <accessor source="#machairophoros_sele2_Skin_foot_left01_pose_matrix-input-array" count="1" stride="1">
            <param name="TIME" type="float"/>
          </accessor>
        </technique_common>
      </source>
      <source id="machairophoros_sele2_Skin_foot_left01_pose_matrix-output">
        <float_array id="machairophoros_sele2_Skin_foot_left01_pose_matrix-output-array" count="16">1 7.68617e-7 2.72736e-5 2.68221e-7 -2.54248e-5 0.3889679 0.9212513 0.2168392 -9.90046e-6 -0.9212513 0.3889679 -0.2809223 0 0 0 1</float_array>
        <technique_common>
          <accessor source="#machairophoros_sele2_Skin_foot_left01_pose_matrix-output-array" count="1" stride="16">
            <param name="TRANSFORM" type="float4x4"/>
          </accessor>
        </technique_common>
      </source>
      <source id="machairophoros_sele2_Skin_foot_left01_pose_matrix-interpolation">
        <Name_array id="machairophoros_sele2_Skin_foot_left01_pose_matrix-interpolation-array" count="1">LINEAR</Name_array>
        <technique_common>
          <accessor source="#machairophoros_sele2_Skin_foot_left01_pose_matrix-interpolation-array" count="1" stride="1">
            <param name="INTERPOLATION" type="name"/>
          </accessor>
        </technique_common>
      </source>
      <sampler id="machairophoros_sele2_Skin_foot_left01_pose_matrix-sampler">
        <input semantic="INPUT" source="#machairophoros_sele2_Skin_foot_left01_pose_matrix-input"/>
        <input semantic="OUTPUT" source="#machairophoros_sele2_Skin_foot_left01_pose_matrix-output"/>
        <input semantic="INTERPOLATION" source="#machairophoros_sele2_Skin_foot_left01_pose_matrix-interpolation"/>
      </sampler>
      <channel source="#machairophoros_sele2_Skin_foot_left01_pose_matrix-sampler" target="machairophoros_sele2_Skin_foot_left01/transform"/>
    </animation>
    <animation id="machairophoros_sele2_Skin_femurright_pose_matrix">
      <source id="machairophoros_sele2_Skin_femurright_pose_matrix-input">
        <float_array id="machairophoros_sele2_Skin_femurright_pose_matrix-input-array" count="1">0.04166662</float_array>
        <technique_common>
          <accessor source="#machairophoros_sele2_Skin_femurright_pose_matrix-input-array" count="1" stride="1">
            <param name="TIME" type="float"/>
          </accessor>
        </technique_common>
      </source>
      <source id="machairophoros_sele2_Skin_femurright_pose_matrix-output">
        <float_array id="machairophoros_sele2_Skin_femurright_pose_matrix-output-array" count="16">1 -3.87761e-15 5.08076e-9 -0.2316408 0 1 0 -0.0098176 -5.08076e-9 2.48278e-10 1 0.05965088 0 0 0 1</float_array>
        <technique_common>
          <accessor source="#machairophoros_sele2_Skin_femurright_pose_matrix-output-array" count="1" stride="16">
            <param name="TRANSFORM" type="float4x4"/>
          </accessor>
        </technique_common>
      </source>
      <source id="machairophoros_sele2_Skin_femurright_pose_matrix-interpolation">
        <Name_array id="machairophoros_sele2_Skin_femurright_pose_matrix-interpolation-array" count="1">LINEAR</Name_array>
        <technique_common>
          <accessor source="#machairophoros_sele2_Skin_femurright_pose_matrix-interpolation-array" count="1" stride="1">
            <param name="INTERPOLATION" type="name"/>
          </accessor>
        </technique_common>
      </source>
      <sampler id="machairophoros_sele2_Skin_femurright_pose_matrix-sampler">
        <input semantic="INPUT" source="#machairophoros_sele2_Skin_femurright_pose_matrix-input"/>
        <input semantic="OUTPUT" source="#machairophoros_sele2_Skin_femurright_pose_matrix-output"/>
        <input semantic="INTERPOLATION" source="#machairophoros_sele2_Skin_femurright_pose_matrix-interpolation"/>
      </sampler>
      <channel source="#machairophoros_sele2_Skin_femurright_pose_matrix-sampler" target="machairophoros_sele2_Skin_femurright/transform"/>
    </animation>
    <animation id="machairophoros_sele2_Skin_butt-r_pose_matrix">
      <source id="machairophoros_sele2_Skin_butt-r_pose_matrix-input">
        <float_array id="machairophoros_sele2_Skin_butt-r_pose_matrix-input-array" count="1">0.04166662</float_array>
        <technique_common>
          <accessor source="#machairophoros_sele2_Skin_butt-r_pose_matrix-input-array" count="1" stride="1">
            <param name="TIME" type="float"/>
          </accessor>
        </technique_common>
      </source>
      <source id="machairophoros_sele2_Skin_butt-r_pose_matrix-output">
        <float_array id="machairophoros_sele2_Skin_butt-r_pose_matrix-output-array" count="16">1 -4.37098e-15 5.58592e-9 -0.003262356 4.16184e-15 1 -7.45058e-7 -0.09589529 -5.58592e-9 7.45058e-7 1 -0.2262758 0 0 0 1</float_array>
        <technique_common>
          <accessor source="#machairophoros_sele2_Skin_butt-r_pose_matrix-output-array" count="1" stride="16">
            <param name="TRANSFORM" type="float4x4"/>
          </accessor>
        </technique_common>
      </source>
      <source id="machairophoros_sele2_Skin_butt-r_pose_matrix-interpolation">
        <Name_array id="machairophoros_sele2_Skin_butt-r_pose_matrix-interpolation-array" count="1">LINEAR</Name_array>
        <technique_common>
          <accessor source="#machairophoros_sele2_Skin_butt-r_pose_matrix-interpolation-array" count="1" stride="1">
            <param name="INTERPOLATION" type="name"/>
          </accessor>
        </technique_common>
      </source>
      <sampler id="machairophoros_sele2_Skin_butt-r_pose_matrix-sampler">
        <input semantic="INPUT" source="#machairophoros_sele2_Skin_butt-r_pose_matrix-input"/>
        <input semantic="OUTPUT" source="#machairophoros_sele2_Skin_butt-r_pose_matrix-output"/>
        <input semantic="INTERPOLATION" source="#machairophoros_sele2_Skin_butt-r_pose_matrix-interpolation"/>
      </sampler>
      <channel source="#machairophoros_sele2_Skin_butt-r_pose_matrix-sampler" target="machairophoros_sele2_Skin_butt-r/transform"/>
    </animation>
    <animation id="machairophoros_sele2_Skin_knee-r-top_pose_matrix">
      <source id="machairophoros_sele2_Skin_knee-r-top_pose_matrix-input">
        <float_array id="machairophoros_sele2_Skin_knee-r-top_pose_matrix-input-array" count="1">0.04166662</float_array>
        <technique_common>
          <accessor source="#machairophoros_sele2_Skin_knee-r-top_pose_matrix-input-array" count="1" stride="1">
            <param name="TIME" type="float"/>
          </accessor>
        </technique_common>
      </source>
      <source id="machairophoros_sele2_Skin_knee-r-top_pose_matrix-output">
        <float_array id="machairophoros_sele2_Skin_knee-r-top_pose_matrix-output-array" count="16">1 -4.37098e-15 9.03824e-9 0.05288468 5.38721e-15 0.9999999 -5.96046e-7 -0.4883385 -9.03824e-9 5.96046e-7 1 0.3589506 0 0 0 1</float_array>
        <technique_common>
          <accessor source="#machairophoros_sele2_Skin_knee-r-top_pose_matrix-output-array" count="1" stride="16">
            <param name="TRANSFORM" type="float4x4"/>
          </accessor>
        </technique_common>
      </source>
      <source id="machairophoros_sele2_Skin_knee-r-top_pose_matrix-interpolation">
        <Name_array id="machairophoros_sele2_Skin_knee-r-top_pose_matrix-interpolation-array" count="1">LINEAR</Name_array>
        <technique_common>
          <accessor source="#machairophoros_sele2_Skin_knee-r-top_pose_matrix-interpolation-array" count="1" stride="1">
            <param name="INTERPOLATION" type="name"/>
          </accessor>
        </technique_common>
      </source>
      <sampler id="machairophoros_sele2_Skin_knee-r-top_pose_matrix-sampler">
        <input semantic="INPUT" source="#machairophoros_sele2_Skin_knee-r-top_pose_matrix-input"/>
        <input semantic="OUTPUT" source="#machairophoros_sele2_Skin_knee-r-top_pose_matrix-output"/>
        <input semantic="INTERPOLATION" source="#machairophoros_sele2_Skin_knee-r-top_pose_matrix-interpolation"/>
      </sampler>
      <channel source="#machairophoros_sele2_Skin_knee-r-top_pose_matrix-sampler" target="machairophoros_sele2_Skin_knee-r-top/transform"/>
    </animation>
    <animation id="machairophoros_sele2_Skin_knee-r-bopttom_pose_matrix">
      <source id="machairophoros_sele2_Skin_knee-r-bopttom_pose_matrix-input">
        <float_array id="machairophoros_sele2_Skin_knee-r-bopttom_pose_matrix-input-array" count="1">0.04166662</float_array>
        <technique_common>
          <accessor source="#machairophoros_sele2_Skin_knee-r-bopttom_pose_matrix-input-array" count="1" stride="1">
            <param name="TIME" type="float"/>
          </accessor>
        </technique_common>
      </source>
      <source id="machairophoros_sele2_Skin_knee-r-bopttom_pose_matrix-output">
        <float_array id="machairophoros_sele2_Skin_knee-r-bopttom_pose_matrix-output-array" count="16">1 -4.37098e-15 1.55375e-8 -0.01414061 0 1 0 -0.7370361 -1.55375e-8 0 1 -0.03760032 0 0 0 1</float_array>
        <technique_common>
          <accessor source="#machairophoros_sele2_Skin_knee-r-bopttom_pose_matrix-output-array" count="1" stride="16">
            <param name="TRANSFORM" type="float4x4"/>
          </accessor>
        </technique_common>
      </source>
      <source id="machairophoros_sele2_Skin_knee-r-bopttom_pose_matrix-interpolation">
        <Name_array id="machairophoros_sele2_Skin_knee-r-bopttom_pose_matrix-interpolation-array" count="1">LINEAR</Name_array>
        <technique_common>
          <accessor source="#machairophoros_sele2_Skin_knee-r-bopttom_pose_matrix-interpolation-array" count="1" stride="1">
            <param name="INTERPOLATION" type="name"/>
          </accessor>
        </technique_common>
      </source>
      <sampler id="machairophoros_sele2_Skin_knee-r-bopttom_pose_matrix-sampler">
        <input semantic="INPUT" source="#machairophoros_sele2_Skin_knee-r-bopttom_pose_matrix-input"/>
        <input semantic="OUTPUT" source="#machairophoros_sele2_Skin_knee-r-bopttom_pose_matrix-output"/>
        <input semantic="INTERPOLATION" source="#machairophoros_sele2_Skin_knee-r-bopttom_pose_matrix-interpolation"/>
      </sampler>
      <channel source="#machairophoros_sele2_Skin_knee-r-bopttom_pose_matrix-sampler" target="machairophoros_sele2_Skin_knee-r-bopttom/transform"/>
    </animation>
    <animation id="machairophoros_sele2_Skin_ankleright_pose_matrix">
      <source id="machairophoros_sele2_Skin_ankleright_pose_matrix-input">
        <float_array id="machairophoros_sele2_Skin_ankleright_pose_matrix-input-array" count="1">0.04166662</float_array>
        <technique_common>
          <accessor source="#machairophoros_sele2_Skin_ankleright_pose_matrix-input-array" count="1" stride="1">
            <param name="TIME" type="float"/>
          </accessor>
        </technique_common>
      </source>
      <source id="machairophoros_sele2_Skin_ankleright_pose_matrix-output">
        <float_array id="machairophoros_sele2_Skin_ankleright_pose_matrix-output-array" count="16">1 -1.86264e-8 7.91425e-7 -0.01317592 2.74501e-7 -0.92954 -0.3687213 -1.118303 7.42529e-7 0.3687213 -0.9295409 -0.06275676 0 0 0 1</float_array>
        <technique_common>
          <accessor source="#machairophoros_sele2_Skin_ankleright_pose_matrix-output-array" count="1" stride="16">
            <param name="TRANSFORM" type="float4x4"/>
          </accessor>
        </technique_common>
      </source>
      <source id="machairophoros_sele2_Skin_ankleright_pose_matrix-interpolation">
        <Name_array id="machairophoros_sele2_Skin_ankleright_pose_matrix-interpolation-array" count="1">LINEAR</Name_array>
        <technique_common>
          <accessor source="#machairophoros_sele2_Skin_ankleright_pose_matrix-interpolation-array" count="1" stride="1">
            <param name="INTERPOLATION" type="name"/>
          </accessor>
        </technique_common>
      </source>
      <sampler id="machairophoros_sele2_Skin_ankleright_pose_matrix-sampler">
        <input semantic="INPUT" source="#machairophoros_sele2_Skin_ankleright_pose_matrix-input"/>
        <input semantic="OUTPUT" source="#machairophoros_sele2_Skin_ankleright_pose_matrix-output"/>
        <input semantic="INTERPOLATION" source="#machairophoros_sele2_Skin_ankleright_pose_matrix-interpolation"/>
      </sampler>
      <channel source="#machairophoros_sele2_Skin_ankleright_pose_matrix-sampler" target="machairophoros_sele2_Skin_ankleright/transform"/>
    </animation>
    <animation id="machairophoros_sele2_Skin_foot_right01_pose_matrix">
      <source id="machairophoros_sele2_Skin_foot_right01_pose_matrix-input">
        <float_array id="machairophoros_sele2_Skin_foot_right01_pose_matrix-input-array" count="1">0.04166662</float_array>
        <technique_common>
          <accessor source="#machairophoros_sele2_Skin_foot_right01_pose_matrix-input-array" count="1" stride="1">
            <param name="TIME" type="float"/>
          </accessor>
        </technique_common>
      </source>
      <source id="machairophoros_sele2_Skin_foot_right01_pose_matrix-output">
        <float_array id="machairophoros_sele2_Skin_foot_right01_pose_matrix-output-array" count="16">1 6.80214e-7 1.7985e-5 2.68221e-7 -1.68333e-5 0.3889671 0.9212517 0.2168391 -6.36892e-6 -0.9212515 0.3889672 -0.2809219 0 0 0 1</float_array>
        <technique_common>
          <accessor source="#machairophoros_sele2_Skin_foot_right01_pose_matrix-output-array" count="1" stride="16">
            <param name="TRANSFORM" type="float4x4"/>
          </accessor>
        </technique_common>
      </source>
      <source id="machairophoros_sele2_Skin_foot_right01_pose_matrix-interpolation">
        <Name_array id="machairophoros_sele2_Skin_foot_right01_pose_matrix-interpolation-array" count="1">LINEAR</Name_array>
        <technique_common>
          <accessor source="#machairophoros_sele2_Skin_foot_right01_pose_matrix-interpolation-array" count="1" stride="1">
            <param name="INTERPOLATION" type="name"/>
          </accessor>
        </technique_common>
      </source>
      <sampler id="machairophoros_sele2_Skin_foot_right01_pose_matrix-sampler">
        <input semantic="INPUT" source="#machairophoros_sele2_Skin_foot_right01_pose_matrix-input"/>
        <input semantic="OUTPUT" source="#machairophoros_sele2_Skin_foot_right01_pose_matrix-output"/>
        <input semantic="INTERPOLATION" source="#machairophoros_sele2_Skin_foot_right01_pose_matrix-interpolation"/>
      </sampler>
      <channel source="#machairophoros_sele2_Skin_foot_right01_pose_matrix-sampler" target="machairophoros_sele2_Skin_foot_right01/transform"/>
    </animation>
    <animation id="machairophoros_sele2_Skin_lumbar_pose_matrix">
      <source id="machairophoros_sele2_Skin_lumbar_pose_matrix-input">
        <float_array id="machairophoros_sele2_Skin_lumbar_pose_matrix-input-array" count="1">0.04166662</float_array>
        <technique_common>
          <accessor source="#machairophoros_sele2_Skin_lumbar_pose_matrix-input-array" count="1" stride="1">
            <param name="TIME" type="float"/>
          </accessor>
        </technique_common>
      </source>
      <source id="machairophoros_sele2_Skin_lumbar_pose_matrix-output">
        <float_array id="machairophoros_sele2_Skin_lumbar_pose_matrix-output-array" count="16">1 -3.87761e-15 4.81516e-9 0.004538174 0 1 3.72529e-8 0.189765 -4.81516e-9 -3.70047e-8 1 -0.05340066 0 0 0 1</float_array>
        <technique_common>
          <accessor source="#machairophoros_sele2_Skin_lumbar_pose_matrix-output-array" count="1" stride="16">
            <param name="TRANSFORM" type="float4x4"/>
          </accessor>
        </technique_common>
      </source>
      <source id="machairophoros_sele2_Skin_lumbar_pose_matrix-interpolation">
        <Name_array id="machairophoros_sele2_Skin_lumbar_pose_matrix-interpolation-array" count="1">LINEAR</Name_array>
        <technique_common>
          <accessor source="#machairophoros_sele2_Skin_lumbar_pose_matrix-interpolation-array" count="1" stride="1">
            <param name="INTERPOLATION" type="name"/>
          </accessor>
        </technique_common>
      </source>
      <sampler id="machairophoros_sele2_Skin_lumbar_pose_matrix-sampler">
        <input semantic="INPUT" source="#machairophoros_sele2_Skin_lumbar_pose_matrix-input"/>
        <input semantic="OUTPUT" source="#machairophoros_sele2_Skin_lumbar_pose_matrix-output"/>
        <input semantic="INTERPOLATION" source="#machairophoros_sele2_Skin_lumbar_pose_matrix-interpolation"/>
      </sampler>
      <channel source="#machairophoros_sele2_Skin_lumbar_pose_matrix-sampler" target="machairophoros_sele2_Skin_lumbar/transform"/>
    </animation>
    <animation id="machairophoros_sele2_Skin_rib_pose_matrix">
      <source id="machairophoros_sele2_Skin_rib_pose_matrix-input">
        <float_array id="machairophoros_sele2_Skin_rib_pose_matrix-input-array" count="1">0.04166662</float_array>
        <technique_common>
          <accessor source="#machairophoros_sele2_Skin_rib_pose_matrix-input-array" count="1" stride="1">
            <param name="TIME" type="float"/>
          </accessor>
        </technique_common>
      </source>
      <source id="machairophoros_sele2_Skin_rib_pose_matrix-output">
        <float_array id="machairophoros_sele2_Skin_rib_pose_matrix-output-array" count="16">1 -4.16581e-15 4.29795e-9 -0.01278648 3.20222e-16 1 -7.45059e-8 0.7050576 -4.29795e-9 7.47541e-8 1 0.1130516 0 0 0 1</float_array>
        <technique_common>
          <accessor source="#machairophoros_sele2_Skin_rib_pose_matrix-output-array" count="1" stride="16">
            <param name="TRANSFORM" type="float4x4"/>
          </accessor>
        </technique_common>
      </source>
      <source id="machairophoros_sele2_Skin_rib_pose_matrix-interpolation">
        <Name_array id="machairophoros_sele2_Skin_rib_pose_matrix-interpolation-array" count="1">LINEAR</Name_array>
        <technique_common>
          <accessor source="#machairophoros_sele2_Skin_rib_pose_matrix-interpolation-array" count="1" stride="1">
            <param name="INTERPOLATION" type="name"/>
          </accessor>
        </technique_common>
      </source>
      <sampler id="machairophoros_sele2_Skin_rib_pose_matrix-sampler">
        <input semantic="INPUT" source="#machairophoros_sele2_Skin_rib_pose_matrix-input"/>
        <input semantic="OUTPUT" source="#machairophoros_sele2_Skin_rib_pose_matrix-output"/>
        <input semantic="INTERPOLATION" source="#machairophoros_sele2_Skin_rib_pose_matrix-interpolation"/>
      </sampler>
      <channel source="#machairophoros_sele2_Skin_rib_pose_matrix-sampler" target="machairophoros_sele2_Skin_rib/transform"/>
    </animation>
    <animation id="machairophoros_sele2_Skin_scapula_pose_matrix">
      <source id="machairophoros_sele2_Skin_scapula_pose_matrix-input">
        <float_array id="machairophoros_sele2_Skin_scapula_pose_matrix-input-array" count="1">0.04166662</float_array>
        <technique_common>
          <accessor source="#machairophoros_sele2_Skin_scapula_pose_matrix-input-array" count="1" stride="1">
            <param name="TIME" type="float"/>
          </accessor>
        </technique_common>
      </source>
      <source id="machairophoros_sele2_Skin_scapula_pose_matrix-output">
        <float_array id="machairophoros_sele2_Skin_scapula_pose_matrix-output-array" count="16">0.231645 -0.9728004 -3.42903e-7 0.4182977 0.9728003 0.231645 -1.19558e-6 0.2449708 1.2425e-6 -5.66253e-8 1 -5.3815e-8 0 0 0 1</float_array>
        <technique_common>
          <accessor source="#machairophoros_sele2_Skin_scapula_pose_matrix-output-array" count="1" stride="16">
            <param name="TRANSFORM" type="float4x4"/>
          </accessor>
        </technique_common>
      </source>
      <source id="machairophoros_sele2_Skin_scapula_pose_matrix-interpolation">
        <Name_array id="machairophoros_sele2_Skin_scapula_pose_matrix-interpolation-array" count="1">LINEAR</Name_array>
        <technique_common>
          <accessor source="#machairophoros_sele2_Skin_scapula_pose_matrix-interpolation-array" count="1" stride="1">
            <param name="INTERPOLATION" type="name"/>
          </accessor>
        </technique_common>
      </source>
      <sampler id="machairophoros_sele2_Skin_scapula_pose_matrix-sampler">
        <input semantic="INPUT" source="#machairophoros_sele2_Skin_scapula_pose_matrix-input"/>
        <input semantic="OUTPUT" source="#machairophoros_sele2_Skin_scapula_pose_matrix-output"/>
        <input semantic="INTERPOLATION" source="#machairophoros_sele2_Skin_scapula_pose_matrix-interpolation"/>
      </sampler>
      <channel source="#machairophoros_sele2_Skin_scapula_pose_matrix-sampler" target="machairophoros_sele2_Skin_scapula/transform"/>
    </animation>
    <animation id="machairophoros_sele2_Skin_ulna_pose_matrix">
      <source id="machairophoros_sele2_Skin_ulna_pose_matrix-input">
        <float_array id="machairophoros_sele2_Skin_ulna_pose_matrix-input-array" count="1">0.04166662</float_array>
        <technique_common>
          <accessor source="#machairophoros_sele2_Skin_ulna_pose_matrix-input-array" count="1" stride="1">
            <param name="TIME" type="float"/>
          </accessor>
        </technique_common>
      </source>
      <source id="machairophoros_sele2_Skin_ulna_pose_matrix-output">
        <float_array id="machairophoros_sele2_Skin_ulna_pose_matrix-output-array" count="16">1 7.45058e-8 1.13687e-13 0.1237385 -5.96046e-8 1 2.84217e-13 -0.5993564 -2.27374e-13 -2.84217e-13 1 -1.58308e-7 0 0 0 1</float_array>
        <technique_common>
          <accessor source="#machairophoros_sele2_Skin_ulna_pose_matrix-output-array" count="1" stride="16">
            <param name="TRANSFORM" type="float4x4"/>
          </accessor>
        </technique_common>
      </source>
      <source id="machairophoros_sele2_Skin_ulna_pose_matrix-interpolation">
        <Name_array id="machairophoros_sele2_Skin_ulna_pose_matrix-interpolation-array" count="1">LINEAR</Name_array>
        <technique_common>
          <accessor source="#machairophoros_sele2_Skin_ulna_pose_matrix-interpolation-array" count="1" stride="1">
            <param name="INTERPOLATION" type="name"/>
          </accessor>
        </technique_common>
      </source>
      <sampler id="machairophoros_sele2_Skin_ulna_pose_matrix-sampler">
        <input semantic="INPUT" source="#machairophoros_sele2_Skin_ulna_pose_matrix-input"/>
        <input semantic="OUTPUT" source="#machairophoros_sele2_Skin_ulna_pose_matrix-output"/>
        <input semantic="INTERPOLATION" source="#machairophoros_sele2_Skin_ulna_pose_matrix-interpolation"/>
      </sampler>
      <channel source="#machairophoros_sele2_Skin_ulna_pose_matrix-sampler" target="machairophoros_sele2_Skin_ulna/transform"/>
    </animation>
    <animation id="machairophoros_sele2_Skin_carpal_pose_matrix">
      <source id="machairophoros_sele2_Skin_carpal_pose_matrix-input">
        <float_array id="machairophoros_sele2_Skin_carpal_pose_matrix-input-array" count="1">0.04166662</float_array>
        <technique_common>
          <accessor source="#machairophoros_sele2_Skin_carpal_pose_matrix-input-array" count="1" stride="1">
            <param name="TIME" type="float"/>
          </accessor>
        </technique_common>
      </source>
      <source id="machairophoros_sele2_Skin_carpal_pose_matrix-output">
        <float_array id="machairophoros_sele2_Skin_carpal_pose_matrix-output-array" count="16">1 -2.83122e-6 2.18475e-6 0.1033113 2.5332e-6 1 -1.49006e-7 -0.5754042 -2.18475e-6 1.49012e-7 1 0.07377805 0 0 0 1</float_array>
        <technique_common>
          <accessor source="#machairophoros_sele2_Skin_carpal_pose_matrix-output-array" count="1" stride="16">
            <param name="TRANSFORM" type="float4x4"/>
          </accessor>
        </technique_common>
      </source>
      <source id="machairophoros_sele2_Skin_carpal_pose_matrix-interpolation">
        <Name_array id="machairophoros_sele2_Skin_carpal_pose_matrix-interpolation-array" count="1">LINEAR</Name_array>
        <technique_common>
          <accessor source="#machairophoros_sele2_Skin_carpal_pose_matrix-interpolation-array" count="1" stride="1">
            <param name="INTERPOLATION" type="name"/>
          </accessor>
        </technique_common>
      </source>
      <sampler id="machairophoros_sele2_Skin_carpal_pose_matrix-sampler">
        <input semantic="INPUT" source="#machairophoros_sele2_Skin_carpal_pose_matrix-input"/>
        <input semantic="OUTPUT" source="#machairophoros_sele2_Skin_carpal_pose_matrix-output"/>
        <input semantic="INTERPOLATION" source="#machairophoros_sele2_Skin_carpal_pose_matrix-interpolation"/>
      </sampler>
      <channel source="#machairophoros_sele2_Skin_carpal_pose_matrix-sampler" target="machairophoros_sele2_Skin_carpal/transform"/>
    </animation>
    <animation id="machairophoros_sele2_Skin_ammo_node_1_pose_matrix">
      <source id="machairophoros_sele2_Skin_ammo_node_1_pose_matrix-input">
        <float_array id="machairophoros_sele2_Skin_ammo_node_1_pose_matrix-input-array" count="1">0.04166662</float_array>
        <technique_common>
          <accessor source="#machairophoros_sele2_Skin_ammo_node_1_pose_matrix-input-array" count="1" stride="1">
            <param name="TIME" type="float"/>
          </accessor>
        </technique_common>
      </source>
      <source id="machairophoros_sele2_Skin_ammo_node_1_pose_matrix-output">
        <float_array id="machairophoros_sele2_Skin_ammo_node_1_pose_matrix-output-array" count="16">0.9999998 -4.47151e-7 -5.58272e-4 0.1766822 -5.58302e-4 0.001923144 -0.9999979 0.2353448 1.52003e-6 0.9999981 0.001923204 -0.07377808 0 0 0 1</float_array>
        <technique_common>
          <accessor source="#machairophoros_sele2_Skin_ammo_node_1_pose_matrix-output-array" count="1" stride="16">
            <param name="TRANSFORM" type="float4x4"/>
          </accessor>
        </technique_common>
      </source>
      <source id="machairophoros_sele2_Skin_ammo_node_1_pose_matrix-interpolation">
        <Name_array id="machairophoros_sele2_Skin_ammo_node_1_pose_matrix-interpolation-array" count="1">LINEAR</Name_array>
        <technique_common>
          <accessor source="#machairophoros_sele2_Skin_ammo_node_1_pose_matrix-interpolation-array" count="1" stride="1">
            <param name="INTERPOLATION" type="name"/>
          </accessor>
        </technique_common>
      </source>
      <sampler id="machairophoros_sele2_Skin_ammo_node_1_pose_matrix-sampler">
        <input semantic="INPUT" source="#machairophoros_sele2_Skin_ammo_node_1_pose_matrix-input"/>
        <input semantic="OUTPUT" source="#machairophoros_sele2_Skin_ammo_node_1_pose_matrix-output"/>
        <input semantic="INTERPOLATION" source="#machairophoros_sele2_Skin_ammo_node_1_pose_matrix-interpolation"/>
      </sampler>
      <channel source="#machairophoros_sele2_Skin_ammo_node_1_pose_matrix-sampler" target="machairophoros_sele2_Skin_ammo_node_1/transform"/>
    </animation>
    <animation id="machairophoros_sele2_Skin_scapula01_pose_matrix">
      <source id="machairophoros_sele2_Skin_scapula01_pose_matrix-input">
        <float_array id="machairophoros_sele2_Skin_scapula01_pose_matrix-input-array" count="1">0.04166662</float_array>
        <technique_common>
          <accessor source="#machairophoros_sele2_Skin_scapula01_pose_matrix-input-array" count="1" stride="1">
            <param name="TIME" type="float"/>
          </accessor>
        </technique_common>
      </source>
      <source id="machairophoros_sele2_Skin_scapula01_pose_matrix-output">
        <float_array id="machairophoros_sele2_Skin_scapula01_pose_matrix-output-array" count="16">0.2280664 0.9736456 1.51774e-7 -0.4432708 -0.9736455 0.2280664 -6.84821e-7 0.2449708 -7.01387e-7 8.41105e-9 1 -5.3815e-8 0 0 0 1</float_array>
        <technique_common>
          <accessor source="#machairophoros_sele2_Skin_scapula01_pose_matrix-output-array" count="1" stride="16">
            <param name="TRANSFORM" type="float4x4"/>
          </accessor>
        </technique_common>
      </source>
      <source id="machairophoros_sele2_Skin_scapula01_pose_matrix-interpolation">
        <Name_array id="machairophoros_sele2_Skin_scapula01_pose_matrix-interpolation-array" count="1">LINEAR</Name_array>
        <technique_common>
          <accessor source="#machairophoros_sele2_Skin_scapula01_pose_matrix-interpolation-array" count="1" stride="1">
            <param name="INTERPOLATION" type="name"/>
          </accessor>
        </technique_common>
      </source>
      <sampler id="machairophoros_sele2_Skin_scapula01_pose_matrix-sampler">
        <input semantic="INPUT" source="#machairophoros_sele2_Skin_scapula01_pose_matrix-input"/>
        <input semantic="OUTPUT" source="#machairophoros_sele2_Skin_scapula01_pose_matrix-output"/>
        <input semantic="INTERPOLATION" source="#machairophoros_sele2_Skin_scapula01_pose_matrix-interpolation"/>
      </sampler>
      <channel source="#machairophoros_sele2_Skin_scapula01_pose_matrix-sampler" target="machairophoros_sele2_Skin_scapula01/transform"/>
    </animation>
    <animation id="machairophoros_sele2_Skin_ulna01_pose_matrix">
      <source id="machairophoros_sele2_Skin_ulna01_pose_matrix-input">
        <float_array id="machairophoros_sele2_Skin_ulna01_pose_matrix-input-array" count="1">0.04166662</float_array>
        <technique_common>
          <accessor source="#machairophoros_sele2_Skin_ulna01_pose_matrix-input-array" count="1" stride="1">
            <param name="TIME" type="float"/>
          </accessor>
        </technique_common>
      </source>
      <source id="machairophoros_sele2_Skin_ulna01_pose_matrix-output">
        <float_array id="machairophoros_sele2_Skin_ulna01_pose_matrix-output-array" count="16">0.9999999 7.45058e-8 -9.20186e-8 -0.1120021 -7.45058e-8 1 -1.19209e-7 -0.5993564 9.20185e-8 1.19209e-7 1 -1.02406e-7 0 0 0 1</float_array>
        <technique_common>
          <accessor source="#machairophoros_sele2_Skin_ulna01_pose_matrix-output-array" count="1" stride="16">
            <param name="TRANSFORM" type="float4x4"/>
          </accessor>
        </technique_common>
      </source>
      <source id="machairophoros_sele2_Skin_ulna01_pose_matrix-interpolation">
        <Name_array id="machairophoros_sele2_Skin_ulna01_pose_matrix-interpolation-array" count="1">LINEAR</Name_array>
        <technique_common>
          <accessor source="#machairophoros_sele2_Skin_ulna01_pose_matrix-interpolation-array" count="1" stride="1">
            <param name="INTERPOLATION" type="name"/>
          </accessor>
        </technique_common>
      </source>
      <sampler id="machairophoros_sele2_Skin_ulna01_pose_matrix-sampler">
        <input semantic="INPUT" source="#machairophoros_sele2_Skin_ulna01_pose_matrix-input"/>
        <input semantic="OUTPUT" source="#machairophoros_sele2_Skin_ulna01_pose_matrix-output"/>
        <input semantic="INTERPOLATION" source="#machairophoros_sele2_Skin_ulna01_pose_matrix-interpolation"/>
      </sampler>
      <channel source="#machairophoros_sele2_Skin_ulna01_pose_matrix-sampler" target="machairophoros_sele2_Skin_ulna01/transform"/>
    </animation>
    <animation id="machairophoros_sele2_Skin_carpal_right_pose_matrix">
      <source id="machairophoros_sele2_Skin_carpal_right_pose_matrix-input">
        <float_array id="machairophoros_sele2_Skin_carpal_right_pose_matrix-input-array" count="1">0.04166662</float_array>
        <technique_common>
          <accessor source="#machairophoros_sele2_Skin_carpal_right_pose_matrix-input-array" count="1" stride="1">
            <param name="TIME" type="float"/>
          </accessor>
        </technique_common>
      </source>
      <source id="machairophoros_sele2_Skin_carpal_right_pose_matrix-output">
        <float_array id="machairophoros_sele2_Skin_carpal_right_pose_matrix-output-array" count="16">1 -4.76837e-7 0 -0.1377439 2.83122e-7 1 0 -0.5311353 -5.68434e-14 -1.27898e-13 1 -2.56324e-7 0 0 0 1</float_array>
        <technique_common>
          <accessor source="#machairophoros_sele2_Skin_carpal_right_pose_matrix-output-array" count="1" stride="16">
            <param name="TRANSFORM" type="float4x4"/>
          </accessor>
        </technique_common>
      </source>
      <source id="machairophoros_sele2_Skin_carpal_right_pose_matrix-interpolation">
        <Name_array id="machairophoros_sele2_Skin_carpal_right_pose_matrix-interpolation-array" count="1">LINEAR</Name_array>
        <technique_common>
          <accessor source="#machairophoros_sele2_Skin_carpal_right_pose_matrix-interpolation-array" count="1" stride="1">
            <param name="INTERPOLATION" type="name"/>
          </accessor>
        </technique_common>
      </source>
      <sampler id="machairophoros_sele2_Skin_carpal_right_pose_matrix-sampler">
        <input semantic="INPUT" source="#machairophoros_sele2_Skin_carpal_right_pose_matrix-input"/>
        <input semantic="OUTPUT" source="#machairophoros_sele2_Skin_carpal_right_pose_matrix-output"/>
        <input semantic="INTERPOLATION" source="#machairophoros_sele2_Skin_carpal_right_pose_matrix-interpolation"/>
      </sampler>
      <channel source="#machairophoros_sele2_Skin_carpal_right_pose_matrix-sampler" target="machairophoros_sele2_Skin_carpal_right/transform"/>
    </animation>
    <animation id="machairophoros_sele2_Skin_smoke_node_1_pose_matrix">
      <source id="machairophoros_sele2_Skin_smoke_node_1_pose_matrix-input">
        <float_array id="machairophoros_sele2_Skin_smoke_node_1_pose_matrix-input-array" count="1">0.04166662</float_array>
        <technique_common>
          <accessor source="#machairophoros_sele2_Skin_smoke_node_1_pose_matrix-input-array" count="1" stride="1">
            <param name="TIME" type="float"/>
          </accessor>
        </technique_common>
      </source>
      <source id="machairophoros_sele2_Skin_smoke_node_1_pose_matrix-output">
        <float_array id="machairophoros_sele2_Skin_smoke_node_1_pose_matrix-output-array" count="16">0.9999999 -1.85799e-7 4.46543e-4 0.02609396 4.46394e-4 -0.00677168 -0.9999769 -0.1824128 3.20953e-6 0.9999771 -0.006771802 0.04844674 0 0 0 1</float_array>
        <technique_common>
          <accessor source="#machairophoros_sele2_Skin_smoke_node_1_pose_matrix-output-array" count="1" stride="16">
            <param name="TRANSFORM" type="float4x4"/>
          </accessor>
        </technique_common>
      </source>
      <source id="machairophoros_sele2_Skin_smoke_node_1_pose_matrix-interpolation">
        <Name_array id="machairophoros_sele2_Skin_smoke_node_1_pose_matrix-interpolation-array" count="1">LINEAR</Name_array>
        <technique_common>
          <accessor source="#machairophoros_sele2_Skin_smoke_node_1_pose_matrix-interpolation-array" count="1" stride="1">
            <param name="INTERPOLATION" type="name"/>
          </accessor>
        </technique_common>
      </source>
      <sampler id="machairophoros_sele2_Skin_smoke_node_1_pose_matrix-sampler">
        <input semantic="INPUT" source="#machairophoros_sele2_Skin_smoke_node_1_pose_matrix-input"/>
        <input semantic="OUTPUT" source="#machairophoros_sele2_Skin_smoke_node_1_pose_matrix-output"/>
        <input semantic="INTERPOLATION" source="#machairophoros_sele2_Skin_smoke_node_1_pose_matrix-interpolation"/>
      </sampler>
      <channel source="#machairophoros_sele2_Skin_smoke_node_1_pose_matrix-sampler" target="machairophoros_sele2_Skin_smoke_node_1/transform"/>
    </animation>
    <animation id="machairophoros_sele2_Skin_ammo_node_0_pose_matrix">
      <source id="machairophoros_sele2_Skin_ammo_node_0_pose_matrix-input">
        <float_array id="machairophoros_sele2_Skin_ammo_node_0_pose_matrix-input-array" count="1">0.04166662</float_array>
        <technique_common>
          <accessor source="#machairophoros_sele2_Skin_ammo_node_0_pose_matrix-input-array" count="1" stride="1">
            <param name="TIME" type="float"/>
          </accessor>
        </technique_common>
      </source>
      <source id="machairophoros_sele2_Skin_ammo_node_0_pose_matrix-output">
        <float_array id="machairophoros_sele2_Skin_ammo_node_0_pose_matrix-output-array" count="16">0.9999998 5.00038e-4 4.21542e-6 0.002595186 -8.30274e-7 -0.006772012 0.999977 1.569697 5.00083e-4 -0.9999768 -0.006772053 0.04449141 0 0 0 1</float_array>
        <technique_common>
          <accessor source="#machairophoros_sele2_Skin_ammo_node_0_pose_matrix-output-array" count="1" stride="16">
            <param name="TRANSFORM" type="float4x4"/>
          </accessor>
        </technique_common>
      </source>
      <source id="machairophoros_sele2_Skin_ammo_node_0_pose_matrix-interpolation">
        <Name_array id="machairophoros_sele2_Skin_ammo_node_0_pose_matrix-interpolation-array" count="1">LINEAR</Name_array>
        <technique_common>
          <accessor source="#machairophoros_sele2_Skin_ammo_node_0_pose_matrix-interpolation-array" count="1" stride="1">
            <param name="INTERPOLATION" type="name"/>
          </accessor>
        </technique_common>
      </source>
      <sampler id="machairophoros_sele2_Skin_ammo_node_0_pose_matrix-sampler">
        <input semantic="INPUT" source="#machairophoros_sele2_Skin_ammo_node_0_pose_matrix-input"/>
        <input semantic="OUTPUT" source="#machairophoros_sele2_Skin_ammo_node_0_pose_matrix-output"/>
        <input semantic="INTERPOLATION" source="#machairophoros_sele2_Skin_ammo_node_0_pose_matrix-interpolation"/>
      </sampler>
      <channel source="#machairophoros_sele2_Skin_ammo_node_0_pose_matrix-sampler" target="machairophoros_sele2_Skin_ammo_node_0/transform"/>
    </animation>
    <animation id="machairophoros_sele2_Skin_neck_pose_matrix">
      <source id="machairophoros_sele2_Skin_neck_pose_matrix-input">
        <float_array id="machairophoros_sele2_Skin_neck_pose_matrix-input-array" count="1">0.04166662</float_array>
        <technique_common>
          <accessor source="#machairophoros_sele2_Skin_neck_pose_matrix-input-array" count="1" stride="1">
            <param name="TIME" type="float"/>
          </accessor>
        </technique_common>
      </source>
      <source id="machairophoros_sele2_Skin_neck_pose_matrix-output">
        <float_array id="machairophoros_sele2_Skin_neck_pose_matrix-output-array" count="16">1 -4.74328e-15 3.79429e-9 -0.01369714 0 0.9999999 1.31986e-8 0.4694993 -3.79429e-9 -1.31986e-8 1 -1.63863e-7 0 0 0 1</float_array>
        <technique_common>
          <accessor source="#machairophoros_sele2_Skin_neck_pose_matrix-output-array" count="1" stride="16">
            <param name="TRANSFORM" type="float4x4"/>
          </accessor>
        </technique_common>
      </source>
      <source id="machairophoros_sele2_Skin_neck_pose_matrix-interpolation">
        <Name_array id="machairophoros_sele2_Skin_neck_pose_matrix-interpolation-array" count="1">LINEAR</Name_array>
        <technique_common>
          <accessor source="#machairophoros_sele2_Skin_neck_pose_matrix-interpolation-array" count="1" stride="1">
            <param name="INTERPOLATION" type="name"/>
          </accessor>
        </technique_common>
      </source>
      <sampler id="machairophoros_sele2_Skin_neck_pose_matrix-sampler">
        <input semantic="INPUT" source="#machairophoros_sele2_Skin_neck_pose_matrix-input"/>
        <input semantic="OUTPUT" source="#machairophoros_sele2_Skin_neck_pose_matrix-output"/>
        <input semantic="INTERPOLATION" source="#machairophoros_sele2_Skin_neck_pose_matrix-interpolation"/>
      </sampler>
      <channel source="#machairophoros_sele2_Skin_neck_pose_matrix-sampler" target="machairophoros_sele2_Skin_neck/transform"/>
    </animation>
    <animation id="machairophoros_sele2_Skin_skull_pose_matrix">
      <source id="machairophoros_sele2_Skin_skull_pose_matrix-input">
        <float_array id="machairophoros_sele2_Skin_skull_pose_matrix-input-array" count="1">0.04166662</float_array>
        <technique_common>
          <accessor source="#machairophoros_sele2_Skin_skull_pose_matrix-input-array" count="1" stride="1">
            <param name="TIME" type="float"/>
          </accessor>
        </technique_common>
      </source>
      <source id="machairophoros_sele2_Skin_skull_pose_matrix-output">
        <float_array id="machairophoros_sele2_Skin_skull_pose_matrix-output-array" count="16">1 -4.65667e-10 1.48448e-9 -0.007297667 0 1 7.45047e-9 0.4520025 -1.48448e-9 -7.45045e-9 1 7.10192e-8 0 0 0 1</float_array>
        <technique_common>
          <accessor source="#machairophoros_sele2_Skin_skull_pose_matrix-output-array" count="1" stride="16">
            <param name="TRANSFORM" type="float4x4"/>
          </accessor>
        </technique_common>
      </source>
      <source id="machairophoros_sele2_Skin_skull_pose_matrix-interpolation">
        <Name_array id="machairophoros_sele2_Skin_skull_pose_matrix-interpolation-array" count="1">LINEAR</Name_array>
        <technique_common>
          <accessor source="#machairophoros_sele2_Skin_skull_pose_matrix-interpolation-array" count="1" stride="1">
            <param name="INTERPOLATION" type="name"/>
          </accessor>
        </technique_common>
      </source>
      <sampler id="machairophoros_sele2_Skin_skull_pose_matrix-sampler">
        <input semantic="INPUT" source="#machairophoros_sele2_Skin_skull_pose_matrix-input"/>
        <input semantic="OUTPUT" source="#machairophoros_sele2_Skin_skull_pose_matrix-output"/>
        <input semantic="INTERPOLATION" source="#machairophoros_sele2_Skin_skull_pose_matrix-interpolation"/>
      </sampler>
      <channel source="#machairophoros_sele2_Skin_skull_pose_matrix-sampler" target="machairophoros_sele2_Skin_skull/transform"/>
    </animation>
    <animation id="machairophoros_sele2_Skin_nogginbottom_pose_matrix">
      <source id="machairophoros_sele2_Skin_nogginbottom_pose_matrix-input">
        <float_array id="machairophoros_sele2_Skin_nogginbottom_pose_matrix-input-array" count="1">0.04166662</float_array>
        <technique_common>
          <accessor source="#machairophoros_sele2_Skin_nogginbottom_pose_matrix-input-array" count="1" stride="1">
            <param name="TIME" type="float"/>
          </accessor>
        </technique_common>
      </source>
      <source id="machairophoros_sele2_Skin_nogginbottom_pose_matrix-output">
        <float_array id="machairophoros_sele2_Skin_nogginbottom_pose_matrix-output-array" count="16">1 2.3283e-9 2.36499e-7 0.001799162 -1.22153e-8 0.9991254 0.0418141 0.08982587 -2.36195e-7 -0.0418141 0.9991254 0.2822085 0 0 0 1</float_array>
        <technique_common>
          <accessor source="#machairophoros_sele2_Skin_nogginbottom_pose_matrix-output-array" count="1" stride="16">
            <param name="TRANSFORM" type="float4x4"/>
          </accessor>
        </technique_common>
      </source>
      <source id="machairophoros_sele2_Skin_nogginbottom_pose_matrix-interpolation">
        <Name_array id="machairophoros_sele2_Skin_nogginbottom_pose_matrix-interpolation-array" count="1">LINEAR</Name_array>
        <technique_common>
          <accessor source="#machairophoros_sele2_Skin_nogginbottom_pose_matrix-interpolation-array" count="1" stride="1">
            <param name="INTERPOLATION" type="name"/>
          </accessor>
        </technique_common>
      </source>
      <sampler id="machairophoros_sele2_Skin_nogginbottom_pose_matrix-sampler">
        <input semantic="INPUT" source="#machairophoros_sele2_Skin_nogginbottom_pose_matrix-input"/>
        <input semantic="OUTPUT" source="#machairophoros_sele2_Skin_nogginbottom_pose_matrix-output"/>
        <input semantic="INTERPOLATION" source="#machairophoros_sele2_Skin_nogginbottom_pose_matrix-interpolation"/>
      </sampler>
      <channel source="#machairophoros_sele2_Skin_nogginbottom_pose_matrix-sampler" target="machairophoros_sele2_Skin_nogginbottom/transform"/>
    </animation>
    <animation id="machairophoros_sele2_Skin_plumes_pose_matrix">
      <source id="machairophoros_sele2_Skin_plumes_pose_matrix-input">
        <float_array id="machairophoros_sele2_Skin_plumes_pose_matrix-input-array" count="1">0.04166662</float_array>
        <technique_common>
          <accessor source="#machairophoros_sele2_Skin_plumes_pose_matrix-input-array" count="1" stride="1">
            <param name="TIME" type="float"/>
          </accessor>
        </technique_common>
      </source>
      <source id="machairophoros_sele2_Skin_plumes_pose_matrix-output">
        <float_array id="machairophoros_sele2_Skin_plumes_pose_matrix-output-array" count="16">1 2.3283e-9 3.70634e-7 -0.002369048 -1.01487e-8 0.9997773 0.02110148 0.1819341 -3.70502e-7 -0.02110148 0.9997773 0.1862074 0 0 0 1</float_array>
        <technique_common>
          <accessor source="#machairophoros_sele2_Skin_plumes_pose_matrix-output-array" count="1" stride="16">
            <param name="TRANSFORM" type="float4x4"/>
          </accessor>
        </technique_common>
      </source>
      <source id="machairophoros_sele2_Skin_plumes_pose_matrix-interpolation">
        <Name_array id="machairophoros_sele2_Skin_plumes_pose_matrix-interpolation-array" count="1">LINEAR</Name_array>
        <technique_common>
          <accessor source="#machairophoros_sele2_Skin_plumes_pose_matrix-interpolation-array" count="1" stride="1">
            <param name="INTERPOLATION" type="name"/>
          </accessor>
        </technique_common>
      </source>
      <sampler id="machairophoros_sele2_Skin_plumes_pose_matrix-sampler">
        <input semantic="INPUT" source="#machairophoros_sele2_Skin_plumes_pose_matrix-input"/>
        <input semantic="OUTPUT" source="#machairophoros_sele2_Skin_plumes_pose_matrix-output"/>
        <input semantic="INTERPOLATION" source="#machairophoros_sele2_Skin_plumes_pose_matrix-interpolation"/>
      </sampler>
      <channel source="#machairophoros_sele2_Skin_plumes_pose_matrix-sampler" target="machairophoros_sele2_Skin_plumes/transform"/>
    </animation>
    <animation id="machairophoros_sele2_Skin_skulltop_pose_matrix">
      <source id="machairophoros_sele2_Skin_skulltop_pose_matrix-input">
        <float_array id="machairophoros_sele2_Skin_skulltop_pose_matrix-input-array" count="1">0.04166662</float_array>
        <technique_common>
          <accessor source="#machairophoros_sele2_Skin_skulltop_pose_matrix-input-array" count="1" stride="1">
            <param name="TIME" type="float"/>
          </accessor>
        </technique_common>
      </source>
      <source id="machairophoros_sele2_Skin_skulltop_pose_matrix-output">
        <float_array id="machairophoros_sele2_Skin_skulltop_pose_matrix-output-array" count="16">1 -5.37179e-15 4.60018e-9 -0.00416824 0 1 3.55271e-14 0.3702886 -4.60018e-9 -3.55271e-14 1 -5.68434e-14 0 0 0 1</float_array>
        <technique_common>
          <accessor source="#machairophoros_sele2_Skin_skulltop_pose_matrix-output-array" count="1" stride="16">
            <param name="TRANSFORM" type="float4x4"/>
          </accessor>
        </technique_common>
      </source>
      <source id="machairophoros_sele2_Skin_skulltop_pose_matrix-interpolation">
        <Name_array id="machairophoros_sele2_Skin_skulltop_pose_matrix-interpolation-array" count="1">LINEAR</Name_array>
        <technique_common>
          <accessor source="#machairophoros_sele2_Skin_skulltop_pose_matrix-interpolation-array" count="1" stride="1">
            <param name="INTERPOLATION" type="name"/>
          </accessor>
        </technique_common>
      </source>
      <sampler id="machairophoros_sele2_Skin_skulltop_pose_matrix-sampler">
        <input semantic="INPUT" source="#machairophoros_sele2_Skin_skulltop_pose_matrix-input"/>
        <input semantic="OUTPUT" source="#machairophoros_sele2_Skin_skulltop_pose_matrix-output"/>
        <input semantic="INTERPOLATION" source="#machairophoros_sele2_Skin_skulltop_pose_matrix-interpolation"/>
      </sampler>
      <channel source="#machairophoros_sele2_Skin_skulltop_pose_matrix-sampler" target="machairophoros_sele2_Skin_skulltop/transform"/>
    </animation>
    <animation id="machairophoros_sele2_Skin_smoke_node_0_pose_matrix">
      <source id="machairophoros_sele2_Skin_smoke_node_0_pose_matrix-input">
        <float_array id="machairophoros_sele2_Skin_smoke_node_0_pose_matrix-input-array" count="1">0.04166662</float_array>
        <technique_common>
          <accessor source="#machairophoros_sele2_Skin_smoke_node_0_pose_matrix-input-array" count="1" stride="1">
            <param name="TIME" type="float"/>
          </accessor>
        </technique_common>
      </source>
      <source id="machairophoros_sele2_Skin_smoke_node_0_pose_matrix-output">
        <float_array id="machairophoros_sele2_Skin_smoke_node_0_pose_matrix-output-array" count="16">1 -1.26893e-5 -1.1042e-6 0.006514958 -1.10467e-6 1.07102e-7 -1 0.09218764 1.26893e-5 1 1.19034e-7 0.2430202 0 0 0 1</float_array>
        <technique_common>
          <accessor source="#machairophoros_sele2_Skin_smoke_node_0_pose_matrix-output-array" count="1" stride="16">
            <param name="TRANSFORM" type="float4x4"/>
          </accessor>
        </technique_common>
      </source>
      <source id="machairophoros_sele2_Skin_smoke_node_0_pose_matrix-interpolation">
        <Name_array id="machairophoros_sele2_Skin_smoke_node_0_pose_matrix-interpolation-array" count="1">LINEAR</Name_array>
        <technique_common>
          <accessor source="#machairophoros_sele2_Skin_smoke_node_0_pose_matrix-interpolation-array" count="1" stride="1">
            <param name="INTERPOLATION" type="name"/>
          </accessor>
        </technique_common>
      </source>
      <sampler id="machairophoros_sele2_Skin_smoke_node_0_pose_matrix-sampler">
        <input semantic="INPUT" source="#machairophoros_sele2_Skin_smoke_node_0_pose_matrix-input"/>
        <input semantic="OUTPUT" source="#machairophoros_sele2_Skin_smoke_node_0_pose_matrix-output"/>
        <input semantic="INTERPOLATION" source="#machairophoros_sele2_Skin_smoke_node_0_pose_matrix-interpolation"/>
      </sampler>
      <channel source="#machairophoros_sele2_Skin_smoke_node_0_pose_matrix-sampler" target="machairophoros_sele2_Skin_smoke_node_0/transform"/>
    </animation>
    <animation id="machairophoros_sele2_Skin_cloaktop_pose_matrix">
      <source id="machairophoros_sele2_Skin_cloaktop_pose_matrix-input">
        <float_array id="machairophoros_sele2_Skin_cloaktop_pose_matrix-input-array" count="1">0.04166662</float_array>
        <technique_common>
          <accessor source="#machairophoros_sele2_Skin_cloaktop_pose_matrix-input-array" count="1" stride="1">
            <param name="TIME" type="float"/>
          </accessor>
        </technique_common>
      </source>
      <source id="machairophoros_sele2_Skin_cloaktop_pose_matrix-output">
        <float_array id="machairophoros_sele2_Skin_cloaktop_pose_matrix-output-array" count="16">1 -4.74328e-15 6.60961e-9 0.009935169 0 0.9999999 1.42109e-14 0.3512919 -6.60961e-9 0 1 -0.1981268 0 0 0 1</float_array>
        <technique_common>
          <accessor source="#machairophoros_sele2_Skin_cloaktop_pose_matrix-output-array" count="1" stride="16">
            <param name="TRANSFORM" type="float4x4"/>
          </accessor>
        </technique_common>
      </source>
      <source id="machairophoros_sele2_Skin_cloaktop_pose_matrix-interpolation">
        <Name_array id="machairophoros_sele2_Skin_cloaktop_pose_matrix-interpolation-array" count="1">LINEAR</Name_array>
        <technique_common>
          <accessor source="#machairophoros_sele2_Skin_cloaktop_pose_matrix-interpolation-array" count="1" stride="1">
            <param name="INTERPOLATION" type="name"/>
          </accessor>
        </technique_common>
      </source>
      <sampler id="machairophoros_sele2_Skin_cloaktop_pose_matrix-sampler">
        <input semantic="INPUT" source="#machairophoros_sele2_Skin_cloaktop_pose_matrix-input"/>
        <input semantic="OUTPUT" source="#machairophoros_sele2_Skin_cloaktop_pose_matrix-output"/>
        <input semantic="INTERPOLATION" source="#machairophoros_sele2_Skin_cloaktop_pose_matrix-interpolation"/>
      </sampler>
      <channel source="#machairophoros_sele2_Skin_cloaktop_pose_matrix-sampler" target="machairophoros_sele2_Skin_cloaktop/transform"/>
    </animation>
    <animation id="machairophoros_sele2_Skin_cloak_pose_matrix">
      <source id="machairophoros_sele2_Skin_cloak_pose_matrix-input">
        <float_array id="machairophoros_sele2_Skin_cloak_pose_matrix-input-array" count="1">0.04166662</float_array>
        <technique_common>
          <accessor source="#machairophoros_sele2_Skin_cloak_pose_matrix-input-array" count="1" stride="1">
            <param name="TIME" type="float"/>
          </accessor>
        </technique_common>
      </source>
      <source id="machairophoros_sele2_Skin_cloak_pose_matrix-output">
        <float_array id="machairophoros_sele2_Skin_cloak_pose_matrix-output-array" count="16">1 -5.63134e-15 1.47715e-10 0.004538157 0 1 1.49011e-7 -0.859081 -1.47715e-10 -1.48763e-7 1 -0.2356979 0 0 0 1</float_array>
        <technique_common>
          <accessor source="#machairophoros_sele2_Skin_cloak_pose_matrix-output-array" count="1" stride="16">
            <param name="TRANSFORM" type="float4x4"/>
          </accessor>
        </technique_common>
      </source>
      <source id="machairophoros_sele2_Skin_cloak_pose_matrix-interpolation">
        <Name_array id="machairophoros_sele2_Skin_cloak_pose_matrix-interpolation-array" count="1">LINEAR</Name_array>
        <technique_common>
          <accessor source="#machairophoros_sele2_Skin_cloak_pose_matrix-interpolation-array" count="1" stride="1">
            <param name="INTERPOLATION" type="name"/>
          </accessor>
        </technique_common>
      </source>
      <sampler id="machairophoros_sele2_Skin_cloak_pose_matrix-sampler">
        <input semantic="INPUT" source="#machairophoros_sele2_Skin_cloak_pose_matrix-input"/>
        <input semantic="OUTPUT" source="#machairophoros_sele2_Skin_cloak_pose_matrix-output"/>
        <input semantic="INTERPOLATION" source="#machairophoros_sele2_Skin_cloak_pose_matrix-interpolation"/>
      </sampler>
      <channel source="#machairophoros_sele2_Skin_cloak_pose_matrix-sampler" target="machairophoros_sele2_Skin_cloak/transform"/>
    </animation>
    <animation id="machairophoros_sele2_Skin_cloakbottom_pose_matrix">
      <source id="machairophoros_sele2_Skin_cloakbottom_pose_matrix-input">
        <float_array id="machairophoros_sele2_Skin_cloakbottom_pose_matrix-input-array" count="1">0.04166662</float_array>
        <technique_common>
          <accessor source="#machairophoros_sele2_Skin_cloakbottom_pose_matrix-input-array" count="1" stride="1">
            <param name="TIME" type="float"/>
          </accessor>
        </technique_common>
      </source>
      <source id="machairophoros_sele2_Skin_cloakbottom_pose_matrix-output">
        <float_array id="machairophoros_sele2_Skin_cloakbottom_pose_matrix-output-array" count="16">1 -5.62917e-15 0 -0.02733967 0 1 0 -0.8312191 0 2.48534e-10 1 -0.1177093 0 0 0 1</float_array>
        <technique_common>
          <accessor source="#machairophoros_sele2_Skin_cloakbottom_pose_matrix-output-array" count="1" stride="16">
            <param name="TRANSFORM" type="float4x4"/>
          </accessor>
        </technique_common>
      </source>
      <source id="machairophoros_sele2_Skin_cloakbottom_pose_matrix-interpolation">
        <Name_array id="machairophoros_sele2_Skin_cloakbottom_pose_matrix-interpolation-array" count="1">LINEAR</Name_array>
        <technique_common>
          <accessor source="#machairophoros_sele2_Skin_cloakbottom_pose_matrix-interpolation-array" count="1" stride="1">
            <param name="INTERPOLATION" type="name"/>
          </accessor>
        </technique_common>
      </source>
      <sampler id="machairophoros_sele2_Skin_cloakbottom_pose_matrix-sampler">
        <input semantic="INPUT" source="#machairophoros_sele2_Skin_cloakbottom_pose_matrix-input"/>
        <input semantic="OUTPUT" source="#machairophoros_sele2_Skin_cloakbottom_pose_matrix-output"/>
        <input semantic="INTERPOLATION" source="#machairophoros_sele2_Skin_cloakbottom_pose_matrix-interpolation"/>
      </sampler>
      <channel source="#machairophoros_sele2_Skin_cloakbottom_pose_matrix-sampler" target="machairophoros_sele2_Skin_cloakbottom/transform"/>
    </animation>
  </library_animations>
  <library_controllers>
    <controller id="machairophoros_sele2_Skin_lmt-skin" name="machairophoros_sele2_Skin">
      <skin source="#lmt-mesh">
        <bind_shape_matrix>1 0 0 0 0 1 0 0 0 0 1 0 0 0 0 1</bind_shape_matrix>
        <source id="machairophoros_sele2_Skin_lmt-skin-joints">
          <Name_array id="machairophoros_sele2_Skin_lmt-skin-joints-array" count="21">pelvis femurleft butt-l knee-l-top ankle_left foot_left01 femurright butt-r knee-l-bopttom knee-r-top knee-r-bopttom ankleright foot_right01 rib scapula ulna scapula01 ulna01 smoke_node_1 neck lumbar</Name_array>
          <technique_common>
            <accessor source="#machairophoros_sele2_Skin_lmt-skin-joints-array" count="21" stride="1">
              <param name="JOINT" type="name"/>
            </accessor>
          </technique_common>
        </source>
        <source id="machairophoros_sele2_Skin_lmt-skin-bind_poses">
          <float_array id="machairophoros_sele2_Skin_lmt-skin-bind_poses-array" count="336">1 0 0 -2.88205e-4 0 0 1 -1.989969 0 -1 0 0.05965083 0 0 0 1 1 0 0 -0.2295659 0 -1.19209e-7 1 -1.980151 0 -1 -1.34359e-7 0 0 0 0 1 1 0 0 -0.2300334 0 -4.17233e-7 1 -1.881625 0 -1 -4.32134e-7 0.2278661 0 0 0 1 1 0 0 -0.2579528 0 -1.19209e-7 1 -1.492427 0 -1 -1.3411e-7 -0.3577119 0 0 0 1 1 -7.75266e-7 2.95467e-7 -0.2703902 0 -0.3687224 -0.9295396 0.1499912 8.29585e-7 0.9295397 -0.3687224 -0.04846733 0 0 0 1 1 -6.03446e-7 2.75793e-5 -0.2703911 0 -0.9997609 -0.02187508 -0.2401514 2.75859e-5 0.02187508 -0.9997608 0.02882629 0 0 0 1 1 0 0 0.2313526 0 0 1 -1.980151 0 -1 0 0 0 0 0 1 1 0 0 0.2346149 0 -8.27014e-7 1 -1.884255 0 -1 -8.41916e-7 0.2262771 0 0 0 1 1 0 0 -0.2616621 0 -2.30968e-7 1 -1.243225 0 -1 -2.45869e-7 0.03760051 0 0 0 1 1 0 0 0.1784679 0 -6.78003e-7 1 -1.491813 0 -1 -7.00355e-7 -0.3589497 0 0 0 1 1 0 0 0.2454932 0 0 1 -1.243115 0 -1 0 0.03760027 0 0 0 1 1 -6.86382e-7 2.74501e-7 0.2586691 0 -0.3687208 -0.9295402 0.1530215 7.39234e-7 0.9295393 -0.3687208 -0.04726481 0 0 0 1 1 -3.99763e-7 1.82701e-5 0.2586684 0 -0.9997599 -0.02187585 -0.2400797 1.82744e-5 0.0218755 -0.9997607 0.03209751 0 0 0 1 1 0 0 0.007960081 0 -1.19209e-7 1 -2.884791 0 -1 -1.34359e-7 0 0 0 0 1 0.231645 -1.34812e-6 0.9728004 -3.139687 -0.9728004 0 0.2316451 -0.3258174 -2.98262e-7 -1 -1.32994e-6 3.98164e-6 0 0 0 1 0.2316454 -1.34812e-6 0.9728003 -3.263425 -0.9728003 0 0.2316451 0.2735387 -2.98263e-7 -1 -1.32994e-6 4.13995e-6 0 0 0 1 0.2280664 8.27636e-7 -0.9736455 3.15019 0.9736456 0 0.2280664 -0.2744548 1.96415e-7 -1 -8.1918e-7 2.31085e-6 0 0 0 1 0.2280662 7.35618e-7 -0.9736456 3.262192 0.9736456 0 0.2280663 0.3249019 0 -1 -7.56774e-7 2.07435e-6 0 0 0 1 0.2285013 -2.4732e-6 -0.9735436 3.374305 -0.006593286 -0.999977 -0.001544952 -0.05547606 -0.9735212 0.006771743 -0.228496 -1.036591 0 0 0 1 1 0 0 0.02165722 0 0 1 -3.354291 0 -1 -1.2116e-7 1.64899e-7 0 0 0 1 1 0 0 -0.004826366 0 0 1 -2.179733 0 -1 0 0.1130514 0 0 0 1</float_array>
          <technique_common>
            <accessor source="#machairophoros_sele2_Skin_lmt-skin-bind_poses-array" count="21" stride="16">
              <param name="TRANSFORM" type="float4x4"/>
            </accessor>
          </technique_common>
        </source>
        <source id="machairophoros_sele2_Skin_lmt-skin-weights">
          <float_array id="machairophoros_sele2_Skin_lmt-skin-weights-array" count="281">1 1 1 1 1 1 1 1 1 1 1 1 1 1 1 1 1 1 1 1 1 1 1 1 1 1 1 1 1 1 1 1 1 1 1 1 1 1 1 1 1 1 1 1 1 1 1 1 1 1 1 1 1 1 1 1 1 1 1 1 1 1 1 1 1 1 1 1 1 1 1 1 1 1 1 1 1 1 1 1 1 1 1 1 1 1 1 1 1 1 1 1 1 1 1 1 1 1 1 1 1 1 1 1 1 1 1 1 1 1 1 1 1 1 1 1 1 1 1 1 1 1 1 1 1 1 1 1 1 1 1 1 1 1 1 1 1 1 1 1 1 1 1 1 1 1 1 1 1 1 1 1 1 1 1 1 1 1 1 1 1 1 1 1 1 1 1 1 1 1 1 1 1 1 1 1 1 1 1 1 1 1 1 1 1 1 1 1 1 1 1 1 1 1 1 1 1 1 1 1 1 1 1 1 1 1 1 1 1 1 1 1 1 1 1 1 1 1 1 1 1 1 1 1 1 1 1 1 1 1 1 1 1 1 1 1 1 1 1 1 1 1 1 1 1 1 1 1 1 1 1 1 1 1 1 1 1 1 1 1 1 1 1 1 1 1 1 1 1 1 1 1 1 1 1 1 1 1 1 1 1</float_array>
          <technique_common>
            <accessor source="#machairophoros_sele2_Skin_lmt-skin-weights-array" count="281" stride="1">
              <param name="WEIGHT" type="float"/>
            </accessor>
          </technique_common>
        </source>
        <joints>
          <input semantic="JOINT" source="#machairophoros_sele2_Skin_lmt-skin-joints"/>
          <input semantic="INV_BIND_MATRIX" source="#machairophoros_sele2_Skin_lmt-skin-bind_poses"/>
        </joints>
        <vertex_weights count="281">
          <input semantic="JOINT" source="#machairophoros_sele2_Skin_lmt-skin-joints" offset="0"/>
          <input semantic="WEIGHT" source="#machairophoros_sele2_Skin_lmt-skin-weights" offset="1"/>
          <vcount>1 1 1 1 1 1 1 1 1 1 1 1 1 1 1 1 1 1 1 1 1 1 1 1 1 1 1 1 1 1 1 1 1 1 1 1 1 1 1 1 1 1 1 1 1 1 1 1 1 1 1 1 1 1 1 1 1 1 1 1 1 1 1 1 1 1 1 1 1 1 1 1 1 1 1 1 1 1 1 1 1 1 1 1 1 1 1 1 1 1 1 1 1 1 1 1 1 1 1 1 1 1 1 1 1 1 1 1 1 1 1 1 1 1 1 1 1 1 1 1 1 1 1 1 1 1 1 1 1 1 1 1 1 1 1 1 1 1 1 1 1 1 1 1 1 1 1 1 1 1 1 1 1 1 1 1 1 1 1 1 1 1 1 1 1 1 1 1 1 1 1 1 1 1 1 1 1 1 1 1 1 1 1 1 1 1 1 1 1 1 1 1 1 1 1 1 1 1 1 1 1 1 1 1 1 1 1 1 1 1 1 1 1 1 1 1 1 1 1 1 1 1 1 1 1 1 1 1 1 1 1 1 1 1 1 1 1 1 1 1 1 1 1 1 1 1 1 1 1 1 1 1 1 1 1 1 1 1 1 1 1 1 1 1 1 1 1 1 1 1 1 1 1 1 1 1 1 1 1 1 1 </vcount>
          <v>15 0 15 1 15 2 15 3 15 4 15 5 15 6 15 7 15 8 15 9 15 10 15 11 15 12 15 13 15 14 15 15 15 16 15 17 15 18 15 19 15 20 15 21 15 22 15 23 15 24 15 25 0 26 0 27 0 28 13 29 13 30 13 31 13 32 13 33 0 34 0 35 0 36 0 37 0 38 13 39 13 40 13 41 13 42 13 43 0 44 0 45 20 46 20 47 13 48 13 49 13 50 13 51 13 52 13 53 13 54 20 55 13 56 13 57 13 58 13 59 13 60 13 61 13 62 19 63 19 64 19 65 19 66 19 67 19 68 19 69 19 70 19 71 19 72 19 73 19 74 19 75 19 76 19 77 19 78 19 79 19 80 19 81 19 82 19 83 19 84 19 85 19 86 19 87 19 88 19 89 19 90 19 91 19 92 19 93 19 94 17 95 15 96 15 97 17 98 17 99 15 100 15 101 15 102 8 103 8 104 5 105 13 106 13 107 17 108 17 109 0 110 15 111 14 112 13 113 13 114 2 115 7 116 9 117 3 118 7 119 2 120 0 121 0 122 10 123 10 124 11 125 10 126 11 127 12 128 17 129 17 130 17 131 15 132 8 133 8 134 4 135 1 136 16 137 17 138 17 139 17 140 13 141 17 142 14 143 15 144 15 145 15 146 15 147 13 148 0 149 9 150 13 151 13 152 13 153 13 154 13 155 13 156 3 157 6 158 11 159 17 160 15 161 5 162 13 163 14 164 10 165 12 166 4 167 4 168 16 169 15 170 16 171 19 172 19 173 19 174 19 175 19 176 19 177 19 178 19 179 19 180 19 181 19 182 19 183 19 184 19 185 19 186 19 187 19 188 19 189 19 190 19 191 19 192 19 193 19 194 19 195 19 196 19 197 19 198 19 199 19 200 19 201 19 202 19 203 2 204 7 205 9 206 3 207 7 208 2 209 9 210 3 211 18 212 18 213 18 214 18 215 18 216 18 217 18 218 18 219 18 220 18 221 18 222 18 223 18 224 18 225 18 226 18 227 18 228 18 229 18 230 18 231 18 232 18 233 18 234 18 235 18 236 18 237 18 238 18 239 18 240 18 241 18 242 18 243 18 244 18 245 18 246 18 247 19 248 19 249 19 250 19 251 19 252 19 253 19 254 19 255 19 256 19 257 19 258 19 259 19 260 19 261 19 262 19 263 19 264 19 265 19 266 19 267 19 268 19 269 19 270 19 271 19 272 19 273 19 274 19 275 19 276 19 277 19 278 19 279 19 280</v>
        </vertex_weights>
      </skin>
    </controller>
  </library_controllers>
  <library_visual_scenes>
    <visual_scene id="Scene" name="Scene">
      <node id="machairophoros_sele2_Skin" name="machairophoros_sele2_Skin" type="NODE">
        <translate sid="location">0 0 0</translate>
        <rotate sid="rotationZ">0 0 1 0</rotate>
        <rotate sid="rotationY">0 1 0 0</rotate>
        <rotate sid="rotationX">1 0 0 0</rotate>
        <scale sid="scale">1 1 1</scale>
        <node id="machairophoros_sele2_Skin_root" name="root" sid="root" type="JOINT">
          <matrix sid="transform">1 5.49895e-16 2.62398e-8 0 2.62398e-8 -1.34359e-7 -1 -1.01207e-7 2.97565e-15 1 -1.19209e-7 2.154822 0 0 0 1</matrix>
          <node id="machairophoros_sele2_Skin_pelvis" name="pelvis" sid="pelvis" type="JOINT">
            <matrix sid="transform">1 0 9.28837e-9 2.88204e-4 -3.46018e-16 1 3.72528e-8 -0.1648533 -9.28837e-9 -3.72528e-8 1 -0.05965076 0 0 0 1</matrix>
            <node id="machairophoros_sele2_Skin_femurleft" name="femurleft" sid="femurleft" type="JOINT">
              <matrix sid="transform">1 -3.87761e-15 5.08076e-9 0.2292777 0 1 -3.72529e-8 -0.0098176 -5.08076e-9 3.75012e-8 1 0.05965088 0 0 0 1</matrix>
              <node id="machairophoros_sele2_Skin_butt-l" name="butt-l" sid="butt-l" type="JOINT">
                <matrix sid="transform">1 -4.56025e-15 4.2319e-9 4.67554e-4 1.26121e-15 1 -2.98023e-7 -0.098526 -4.2319e-9 2.98023e-7 1 -0.2278655 0 0 0 1</matrix>
                <extra>
                  <technique profile="blender">
                    <layer sid="layer" type="string">0</layer>
                    <roll sid="roll" type="float">0</roll>
                    <tip_x sid="tip_x" type="float">0</tip_x>
                    <tip_y sid="tip_y" type="float">0</tip_y>
                    <tip_z sid="tip_z" type="float">0.1</tip_z>
                  </technique>
                </extra>
              </node>
              <node id="machairophoros_sele2_Skin_knee-l-top" name="knee-l-top" sid="knee-l-top" type="JOINT">
                <matrix sid="transform">1 -4.56025e-15 7.79386e-9 0.02838683 0 1 0 -0.4877242 -7.79386e-9 0 1 0.357712 0 0 0 1</matrix>
                <extra>
                  <technique profile="blender">
                    <layer sid="layer" type="string">0</layer>
                    <roll sid="roll" type="float">0</roll>
                    <tip_x sid="tip_x" type="float">0</tip_x>
                    <tip_y sid="tip_y" type="float">0</tip_y>
                    <tip_z sid="tip_z" type="float">0.1</tip_z>
                  </technique>
                </extra>
              </node>
              <node id="machairophoros_sele2_Skin_knee-l-bopttom" name="knee-l-bopttom" sid="knee-l-bopttom" type="JOINT">
                <matrix sid="transform">1 -4.56025e-15 3.00215e-8 0.03209621 3.35516e-15 1 -1.11759e-7 -0.736926 -3.00215e-8 1.11759e-7 1 -0.03760031 0 0 0 1</matrix>
                <node id="machairophoros_sele2_Skin_ankle_left" name="ankle left" sid="ankle_left" type="JOINT">
                  <matrix sid="transform">1 -5.11042e-8 8.89745e-7 0.008728147 2.95467e-7 -0.9295395 -0.3687225 -1.121673 8.45896e-7 0.3687225 -0.9295393 -0.0627567 0 0 0 1</matrix>
                  <node id="machairophoros_sele2_Skin_foot_left01" name="foot left01" sid="foot_left01" type="JOINT">
                    <matrix sid="transform">1 7.68617e-7 2.72736e-5 2.68221e-7 -2.54248e-5 0.3889679 0.9212513 0.2168392 -9.90046e-6 -0.9212513 0.3889679 -0.2809223 0 0 0 1</matrix>
                    <extra>
                      <technique profile="blender">
                        <layer sid="layer" type="string">0</layer>
                        <roll sid="roll" type="float">2.7577e-5</roll>
                        <tip_x sid="tip_x" type="float">0</tip_x>
                        <tip_y sid="tip_y" type="float">-0.09997606</tip_y>
                        <tip_z sid="tip_z" type="float">-0.00218749</tip_z>
                      </technique>
                    </extra>
                  </node>
                  <extra>
                    <technique profile="blender">
                      <layer sid="layer" type="string">0</layer>
                      <roll sid="roll" type="float">8.29585e-7</roll>
                      <tip_x sid="tip_x" type="float">0</tip_x>
                      <tip_y sid="tip_y" type="float">-0.03687214</tip_y>
                      <tip_z sid="tip_z" type="float">-0.09295386</tip_z>
                    </technique>
                  </extra>
                </node>
                <extra>
                  <technique profile="blender">
                    <layer sid="layer" type="string">0</layer>
                    <roll sid="roll" type="float">0</roll>
                    <tip_x sid="tip_x" type="float">0</tip_x>
                    <tip_y sid="tip_y" type="float">0</tip_y>
                    <tip_z sid="tip_z" type="float">0.1</tip_z>
                  </technique>
                </extra>
              </node>
              <extra>
                <technique profile="blender">
                  <layer sid="layer" type="string">0</layer>
                  <roll sid="roll" type="float">0</roll>
                  <tip_x sid="tip_x" type="float">0</tip_x>
                  <tip_y sid="tip_y" type="float">0</tip_y>
                  <tip_z sid="tip_z" type="float">0.0999999</tip_z>
                </technique>
              </extra>
            </node>
            <node id="machairophoros_sele2_Skin_femurright" name="femurright" sid="femurright" type="JOINT">
              <matrix sid="transform">1 -3.87761e-15 5.08076e-9 -0.2316408 0 1 0 -0.0098176 -5.08076e-9 2.48278e-10 1 0.05965088 0 0 0 1</matrix>
              <node id="machairophoros_sele2_Skin_butt-r" name="butt-r" sid="butt-r" type="JOINT">
                <matrix sid="transform">1 -4.37098e-15 5.58592e-9 -0.003262356 4.16184e-15 1 -7.45058e-7 -0.09589529 -5.58592e-9 7.45058e-7 1 -0.2262758 0 0 0 1</matrix>
                <extra>
                  <technique profile="blender">
                    <layer sid="layer" type="string">0</layer>
                    <roll sid="roll" type="float">0</roll>
                    <tip_x sid="tip_x" type="float">0</tip_x>
                    <tip_y sid="tip_y" type="float">0</tip_y>
                    <tip_z sid="tip_z" type="float">0.1</tip_z>
                  </technique>
                </extra>
              </node>
              <node id="machairophoros_sele2_Skin_knee-r-top" name="knee-r-top" sid="knee-r-top" type="JOINT">
                <matrix sid="transform">1 -4.37098e-15 9.03824e-9 0.05288468 5.38721e-15 0.9999999 -5.96046e-7 -0.4883385 -9.03824e-9 5.96046e-7 1 0.3589506 0 0 0 1</matrix>
                <extra>
                  <technique profile="blender">
                    <layer sid="layer" type="string">0</layer>
                    <roll sid="roll" type="float">0</roll>
                    <tip_x sid="tip_x" type="float">0</tip_x>
                    <tip_y sid="tip_y" type="float">0</tip_y>
                    <tip_z sid="tip_z" type="float">0.1</tip_z>
                  </technique>
                </extra>
              </node>
              <node id="machairophoros_sele2_Skin_knee-r-bopttom" name="knee-r-bopttom" sid="knee-r-bopttom" type="JOINT">
                <matrix sid="transform">1 -4.37098e-15 1.55375e-8 -0.01414061 0 1 0 -0.7370361 -1.55375e-8 0 1 -0.03760032 0 0 0 1</matrix>
                <node id="machairophoros_sele2_Skin_ankleright" name="ankleright" sid="ankleright" type="JOINT">
                  <matrix sid="transform">1 -1.86264e-8 7.91425e-7 -0.01317592 2.74501e-7 -0.92954 -0.3687213 -1.118303 7.42529e-7 0.3687213 -0.9295409 -0.06275676 0 0 0 1</matrix>
                  <node id="machairophoros_sele2_Skin_foot_right01" name="foot right01" sid="foot_right01" type="JOINT">
                    <matrix sid="transform">1 6.80214e-7 1.7985e-5 2.68221e-7 -1.68333e-5 0.3889671 0.9212517 0.2168391 -6.36892e-6 -0.9212515 0.3889672 -0.2809219 0 0 0 1</matrix>
                    <extra>
                      <technique profile="blender">
                        <layer sid="layer" type="string">0</layer>
                        <roll sid="roll" type="float">1.8277e-5</roll>
                        <tip_x sid="tip_x" type="float">0</tip_x>
                        <tip_y sid="tip_y" type="float">-0.099976</tip_y>
                        <tip_z sid="tip_z" type="float">-0.00218749</tip_z>
                      </technique>
                    </extra>
                  </node>
                  <extra>
                    <technique profile="blender">
                      <layer sid="layer" type="string">0</layer>
                      <roll sid="roll" type="float">7.39234e-7</roll>
                      <tip_x sid="tip_x" type="float">0</tip_x>
                      <tip_y sid="tip_y" type="float">-0.03687208</tip_y>
                      <tip_z sid="tip_z" type="float">-0.09295397</tip_z>
                    </technique>
                  </extra>
                </node>
                <extra>
                  <technique profile="blender">
                    <layer sid="layer" type="string">0</layer>
                    <roll sid="roll" type="float">0</roll>
                    <tip_x sid="tip_x" type="float">0</tip_x>
                    <tip_y sid="tip_y" type="float">0</tip_y>
                    <tip_z sid="tip_z" type="float">0.1</tip_z>
                  </technique>
                </extra>
              </node>
              <extra>
                <technique profile="blender">
                  <layer sid="layer" type="string">0</layer>
                  <roll sid="roll" type="float">0</roll>
                  <tip_x sid="tip_x" type="float">0</tip_x>
                  <tip_y sid="tip_y" type="float">0</tip_y>
                  <tip_z sid="tip_z" type="float">0.0999999</tip_z>
                </technique>
              </extra>
            </node>
            <node id="machairophoros_sele2_Skin_lumbar" name="lumbar" sid="lumbar" type="JOINT">
              <matrix sid="transform">1 -3.87761e-15 4.81516e-9 0.004538174 0 1 3.72529e-8 0.189765 -4.81516e-9 -3.70047e-8 1 -0.05340066 0 0 0 1</matrix>
              <node id="machairophoros_sele2_Skin_rib" name="rib" sid="rib" type="JOINT">
                <matrix sid="transform">1 -4.16581e-15 4.29795e-9 -0.01278648 3.20222e-16 1 -7.45059e-8 0.7050576 -4.29795e-9 7.47541e-8 1 0.1130516 0 0 0 1</matrix>
                <node id="machairophoros_sele2_Skin_scapula" name="scapula" sid="scapula" type="JOINT">
                  <matrix sid="transform">0.231645 -0.9728004 -3.42903e-7 0.4182977 0.9728003 0.231645 -1.19558e-6 0.2449708 1.2425e-6 -5.66253e-8 1 -5.3815e-8 0 0 0 1</matrix>
                  <node id="machairophoros_sele2_Skin_ulna" name="ulna" sid="ulna" type="JOINT">
                    <matrix sid="transform">1 7.45058e-8 1.13687e-13 0.1237385 -5.96046e-8 1 2.84217e-13 -0.5993564 -2.27374e-13 -2.84217e-13 1 -1.58308e-7 0 0 0 1</matrix>
                    <node id="machairophoros_sele2_Skin_carpal" name="carpal" sid="carpal" type="JOINT">
                      <matrix sid="transform">1 -2.83122e-6 2.18475e-6 0.1033113 2.5332e-6 1 -1.49006e-7 -0.5754042 -2.18475e-6 1.49012e-7 1 0.07377805 0 0 0 1</matrix>
                      <node id="machairophoros_sele2_Skin_ammo_node_1" name="ammo node 1" sid="ammo_node_1" type="JOINT">
                        <matrix sid="transform">0.9999998 -4.47151e-7 -5.58272e-4 0.1766822 -5.58302e-4 0.001923144 -0.9999979 0.2353448 1.52003e-6 0.9999981 0.001923204 -0.07377808 0 0 0 1</matrix>
                        <extra>
                          <technique profile="blender">
                            <layer sid="layer" type="string">0</layer>
                            <roll sid="roll" type="float">-2.273122</roll>
                            <tip_x sid="tip_x" type="float">-1.87039e-4</tip_x>
                            <tip_y sid="tip_y" type="float">-0.09999984</tip_y>
                            <tip_z sid="tip_z" type="float">4.45843e-5</tip_z>
                          </technique>
                        </extra>
                      </node>
                      <extra>
                        <technique profile="blender">
                          <layer sid="layer" type="string">0</layer>
                          <roll sid="roll" type="float">-1.337029</roll>
                          <tip_x sid="tip_x" type="float">-0.09728002</tip_x>
                          <tip_y sid="tip_y" type="float">0</tip_y>
                          <tip_z sid="tip_z" type="float">0.02316427</tip_z>
                        </technique>
                      </extra>
                    </node>
                    <extra>
                      <technique profile="blender">
                        <layer sid="layer" type="string">0</layer>
                        <roll sid="roll" type="float">-1.337029</roll>
                        <tip_x sid="tip_x" type="float">-0.09728008</tip_x>
                        <tip_y sid="tip_y" type="float">0</tip_y>
                        <tip_z sid="tip_z" type="float">0.02316451</tip_z>
                      </technique>
                    </extra>
                  </node>
                  <extra>
                    <technique profile="blender">
                      <layer sid="layer" type="string">0</layer>
                      <roll sid="roll" type="float">-1.337029</roll>
                      <tip_x sid="tip_x" type="float">-0.09728008</tip_x>
                      <tip_y sid="tip_y" type="float">0</tip_y>
                      <tip_z sid="tip_z" type="float">0.02316451</tip_z>
                    </technique>
                  </extra>
                </node>
                <node id="machairophoros_sele2_Skin_scapula01" name="scapula01" sid="scapula01" type="JOINT">
                  <matrix sid="transform">0.2280664 0.9736456 1.51774e-7 -0.4432708 -0.9736455 0.2280664 -6.84821e-7 0.2449708 -7.01387e-7 8.41105e-9 1 -5.3815e-8 0 0 0 1</matrix>
                  <node id="machairophoros_sele2_Skin_ulna01" name="ulna01" sid="ulna01" type="JOINT">
                    <matrix sid="transform">0.9999999 7.45058e-8 -9.20186e-8 -0.1120021 -7.45058e-8 1 -1.19209e-7 -0.5993564 9.20185e-8 1.19209e-7 1 -1.02406e-7 0 0 0 1</matrix>
                    <node id="machairophoros_sele2_Skin_carpal_right" name="carpal right" sid="carpal_right" type="JOINT">
                      <matrix sid="transform">1 -4.76837e-7 0 -0.1377439 2.83122e-7 1 0 -0.5311353 -5.68434e-14 -1.27898e-13 1 -2.56324e-7 0 0 0 1</matrix>
                      <node id="machairophoros_sele2_Skin_smoke_node_1" name="smoke node 1" sid="smoke_node_1" type="JOINT">
                        <matrix sid="transform">0.9999999 -1.85799e-7 4.46543e-4 0.02609396 4.46394e-4 -0.00677168 -0.9999769 -0.1824128 3.20953e-6 0.9999771 -0.006771802 0.04844674 0 0 0 1</matrix>
                        <node id="machairophoros_sele2_Skin_ammo_node_0" name="ammo node 0" sid="ammo_node_0" type="JOINT">
                          <matrix sid="transform">0.9999998 5.00038e-4 4.21542e-6 0.002595186 -8.30274e-7 -0.006772012 0.999977 1.569697 5.00083e-4 -0.9999768 -0.006772053 0.04449141 0 0 0 1</matrix>
                          <extra>
                            <technique profile="blender">
                              <layer sid="layer" type="string">0</layer>
                              <roll sid="roll" type="float">1.34076</roll>
                              <tip_x sid="tip_x" type="float">0.09778094</tip_x>
                              <tip_y sid="tip_y" type="float">0</tip_y>
                              <tip_z sid="tip_z" type="float">0.02289867</tip_z>
                            </technique>
                          </extra>
                        </node>
                        <extra>
                          <technique profile="blender">
                            <layer sid="layer" type="string">0</layer>
                            <roll sid="roll" type="float">1.34134</roll>
                            <tip_x sid="tip_x" type="float">-6.59347e-4</tip_x>
                            <tip_y sid="tip_y" type="float">-0.09999769</tip_y>
                            <tip_z sid="tip_z" type="float">-1.54495e-4</tip_z>
                          </technique>
                        </extra>
                      </node>
                      <extra>
                        <technique profile="blender">
                          <layer sid="layer" type="string">0</layer>
                          <roll sid="roll" type="float">1.340706</roll>
                          <tip_x sid="tip_x" type="float">0.09736454</tip_x>
                          <tip_y sid="tip_y" type="float">0</tip_y>
                          <tip_z sid="tip_z" type="float">0.02280664</tip_z>
                        </technique>
                      </extra>
                    </node>
                    <extra>
                      <technique profile="blender">
                        <layer sid="layer" type="string">0</layer>
                        <roll sid="roll" type="float">1.340706</roll>
                        <tip_x sid="tip_x" type="float">0.09736454</tip_x>
                        <tip_y sid="tip_y" type="float">0</tip_y>
                        <tip_z sid="tip_z" type="float">0.02280664</tip_z>
                      </technique>
                    </extra>
                  </node>
                  <extra>
                    <technique profile="blender">
                      <layer sid="layer" type="string">0</layer>
                      <roll sid="roll" type="float">1.340706</roll>
                      <tip_x sid="tip_x" type="float">0.09736454</tip_x>
                      <tip_y sid="tip_y" type="float">0</tip_y>
                      <tip_z sid="tip_z" type="float">0.02280664</tip_z>
                    </technique>
                  </extra>
                </node>
                <node id="machairophoros_sele2_Skin_neck" name="neck" sid="neck" type="JOINT">
                  <matrix sid="transform">1 -4.74328e-15 3.79429e-9 -0.01369714 0 0.9999999 1.31986e-8 0.4694993 -3.79429e-9 -1.31986e-8 1 -1.63863e-7 0 0 0 1</matrix>
                  <node id="machairophoros_sele2_Skin_skull" name="skull" sid="skull" type="JOINT">
                    <matrix sid="transform">1 -4.65667e-10 1.48448e-9 -0.007297667 0 1 7.45047e-9 0.4520025 -1.48448e-9 -7.45045e-9 1 7.10192e-8 0 0 0 1</matrix>
                    <node id="machairophoros_sele2_Skin_nogginbottom" name="nogginbottom" sid="nogginbottom" type="JOINT">
                      <matrix sid="transform">1 2.3283e-9 2.36499e-7 0.001799162 -1.22153e-8 0.9991254 0.0418141 0.08982587 -2.36195e-7 -0.0418141 0.9991254 0.2822085 0 0 0 1</matrix>
                      <extra>
                        <technique profile="blender">
                          <layer sid="layer" type="string">0</layer>
                          <roll sid="roll" type="float">2.86376e-7</roll>
                          <tip_x sid="tip_x" type="float">0</tip_x>
                          <tip_y sid="tip_y" type="float">0.004181385</tip_y>
                          <tip_z sid="tip_z" type="float">0.09991264</tip_z>
                        </technique>
                      </extra>
                    </node>
                    <node id="machairophoros_sele2_Skin_plumes" name="plumes" sid="plumes" type="JOINT">
                      <matrix sid="transform">1 2.3283e-9 3.70634e-7 -0.002369048 -1.01487e-8 0.9997773 0.02110148 0.1819341 -3.70502e-7 -0.02110148 0.9997773 0.1862074 0 0 0 1</matrix>
                      <extra>
                        <technique profile="blender">
                          <layer sid="layer" type="string">0</layer>
                          <roll sid="roll" type="float">4.20543e-7</roll>
                          <tip_x sid="tip_x" type="float">0</tip_x>
                          <tip_y sid="tip_y" type="float">0.002110123</tip_y>
                          <tip_z sid="tip_z" type="float">0.09997797</tip_z>
                        </technique>
                      </extra>
                    </node>
                    <node id="machairophoros_sele2_Skin_skulltop" name="skulltop" sid="skulltop" type="JOINT">
                      <matrix sid="transform">1 -5.37179e-15 4.60018e-9 -0.00416824 0 1 3.55271e-14 0.3702886 -4.60018e-9 -3.55271e-14 1 -5.68434e-14 0 0 0 1</matrix>
                      <extra>
                        <technique profile="blender">
                          <layer sid="layer" type="string">0</layer>
                          <roll sid="roll" type="float">0</roll>
                          <tip_x sid="tip_x" type="float">0</tip_x>
                          <tip_y sid="tip_y" type="float">0</tip_y>
                          <tip_z sid="tip_z" type="float">0.0999999</tip_z>
                        </technique>
                      </extra>
                    </node>
                    <extra>
                      <technique profile="blender">
                        <layer sid="layer" type="string">0</layer>
                        <roll sid="roll" type="float">0</roll>
                        <tip_x sid="tip_x" type="float">0</tip_x>
                        <tip_y sid="tip_y" type="float">0</tip_y>
                        <tip_z sid="tip_z" type="float">0.1000001</tip_z>
                      </technique>
                    </extra>
                  </node>
                  <node id="machairophoros_sele2_Skin_smoke_node_0" name="smoke node 0" sid="smoke_node_0" type="JOINT">
                    <matrix sid="transform">1 -1.26893e-5 -1.1042e-6 0.006514958 -1.10467e-6 1.07102e-7 -1 0.09218764 1.26893e-5 1 1.19034e-7 0.2430202 0 0 0 1</matrix>
                    <extra>
                      <technique profile="blender">
                        <layer sid="layer" type="string">0</layer>
                        <roll sid="roll" type="float">3.141592</roll>
                        <tip_x sid="tip_x" type="float">-1.2638e-6</tip_x>
                        <tip_y sid="tip_y" type="float">-0.09999996</tip_y>
                        <tip_z sid="tip_z" type="float">0</tip_z>
                      </technique>
                    </extra>
                  </node>
                  <extra>
                    <technique profile="blender">
                      <layer sid="layer" type="string">0</layer>
                      <roll sid="roll" type="float">0</roll>
                      <tip_x sid="tip_x" type="float">0</tip_x>
                      <tip_y sid="tip_y" type="float">0</tip_y>
                      <tip_z sid="tip_z" type="float">0.1000001</tip_z>
                    </technique>
                  </extra>
                </node>
                <node id="machairophoros_sele2_Skin_cloaktop" name="cloaktop" sid="cloaktop" type="JOINT">
                  <matrix sid="transform">1 -4.74328e-15 6.60961e-9 0.009935169 0 0.9999999 1.42109e-14 0.3512919 -6.60961e-9 0 1 -0.1981268 0 0 0 1</matrix>
                  <node id="machairophoros_sele2_Skin_cloak" name="cloak" sid="cloak" type="JOINT">
                    <matrix sid="transform">1 -5.63134e-15 1.47715e-10 0.004538157 0 1 1.49011e-7 -0.859081 -1.47715e-10 -1.48763e-7 1 -0.2356979 0 0 0 1</matrix>
                    <node id="machairophoros_sele2_Skin_cloakbottom" name="cloakbottom" sid="cloakbottom" type="JOINT">
                      <matrix sid="transform">1 -5.62917e-15 0 -0.02733967 0 1 0 -0.8312191 0 2.48534e-10 1 -0.1177093 0 0 0 1</matrix>
                      <extra>
                        <technique profile="blender">
                          <layer sid="layer" type="string">0</layer>
                          <roll sid="roll" type="float">0</roll>
                          <tip_x sid="tip_x" type="float">0</tip_x>
                          <tip_y sid="tip_y" type="float">0</tip_y>
                          <tip_z sid="tip_z" type="float">0.1</tip_z>
                        </technique>
                      </extra>
                    </node>
                    <extra>
                      <technique profile="blender">
                        <layer sid="layer" type="string">0</layer>
                        <roll sid="roll" type="float">0</roll>
                        <tip_x sid="tip_x" type="float">0</tip_x>
                        <tip_y sid="tip_y" type="float">0</tip_y>
                        <tip_z sid="tip_z" type="float">0.1000001</tip_z>
                      </technique>
                    </extra>
                  </node>
                  <extra>
                    <technique profile="blender">
                      <layer sid="layer" type="string">0</layer>
                      <roll sid="roll" type="float">0</roll>
                      <tip_x sid="tip_x" type="float">0</tip_x>
                      <tip_y sid="tip_y" type="float">0</tip_y>
                      <tip_z sid="tip_z" type="float">0.0999999</tip_z>
                    </technique>
                  </extra>
                </node>
                <extra>
                  <technique profile="blender">
                    <layer sid="layer" type="string">0</layer>
                    <roll sid="roll" type="float">0</roll>
                    <tip_x sid="tip_x" type="float">0</tip_x>
                    <tip_y sid="tip_y" type="float">0</tip_y>
                    <tip_z sid="tip_z" type="float">0.0999999</tip_z>
                  </technique>
                </extra>
              </node>
              <extra>
                <technique profile="blender">
                  <layer sid="layer" type="string">0</layer>
                  <roll sid="roll" type="float">0</roll>
                  <tip_x sid="tip_x" type="float">0</tip_x>
                  <tip_y sid="tip_y" type="float">0</tip_y>
                  <tip_z sid="tip_z" type="float">0.0999999</tip_z>
                </technique>
              </extra>
            </node>
            <extra>
              <technique profile="blender">
                <layer sid="layer" type="string">0</layer>
                <roll sid="roll" type="float">0</roll>
                <tip_x sid="tip_x" type="float">0</tip_x>
                <tip_y sid="tip_y" type="float">0</tip_y>
                <tip_z sid="tip_z" type="float">0.1000001</tip_z>
              </technique>
            </extra>
          </node>
          <extra>
            <technique profile="blender">
              <layer sid="layer" type="string">0</layer>
              <roll sid="roll" type="float">0</roll>
              <tip_x sid="tip_x" type="float">0</tip_x>
              <tip_y sid="tip_y" type="float">0</tip_y>
              <tip_z sid="tip_z" type="float">0.1000001</tip_z>
            </technique>
          </extra>
        </node>
      </node>
      <node id="lmt" name="lmt" type="NODE">
        <translate sid="location">0 0 0</translate>
        <rotate sid="rotationZ">0 0 1 0</rotate>
        <rotate sid="rotationY">0 1 0 0</rotate>
        <rotate sid="rotationX">1 0 0 0</rotate>
        <scale sid="scale">1 1 1</scale>
        <instance_controller url="#machairophoros_sele2_Skin_lmt-skin">
          <skeleton>#machairophoros_sele2_Skin_root</skeleton>
          <bind_material>
            <technique_common>
              <instance_material symbol="Agema_003-material" target="#Agema_003-material"/>
            </technique_common>
          </bind_material>
        </instance_controller>
      </node>
      <node id="LAMP_FRONT_PEACH" name="LAMP_FRONT_PEACH" type="NODE">
        <translate sid="location">0.07793808 -21.84175 55.79722</translate>
        <rotate sid="rotationZ">0 0 1 -2.26178</rotate>
        <rotate sid="rotationY">0 1 0 2.618239</rotate>
        <rotate sid="rotationX">1 0 0 20.30057</rotate>
        <scale sid="scale">3.598536 3.598536 3.598536</scale>
        <instance_light url="#LAMP_FRONT_PEACH-light"/>
      </node>
      <node id="Lamp_WEST" name="Lamp_WEST" type="NODE">
        <translate sid="location">-28.80603 3.436447 33.30629</translate>
        <rotate sid="rotationZ">0 0 1 82.37506</rotate>
        <rotate sid="rotationY">0 1 0 -0.7803906</rotate>
        <rotate sid="rotationX">1 0 0 -41.8746</rotate>
        <scale sid="scale">3.598536 3.598536 3.598536</scale>
        <instance_light url="#Lamp_WEST-light"/>
      </node>
      <node id="Camera" name="Camera" type="NODE">
        <translate sid="location">7.481132 -6.50764 5.343665</translate>
        <rotate sid="rotationZ">0 0 1 46.69194</rotate>
        <rotate sid="rotationY">0 1 0 0</rotate>
        <rotate sid="rotationX">1 0 0 63.5593</rotate>
        <scale sid="scale">1 1 1</scale>
        <instance_camera url="#Camera-camera"/>
      </node>
      <node id="Lamp" name="Lamp" type="NODE">
        <translate sid="location">6.320361 1.005454 8.128572</translate>
        <rotate sid="rotationZ">0 0 1 106.9363</rotate>
        <rotate sid="rotationY">0 1 0 3.163707</rotate>
        <rotate sid="rotationX">1 0 0 37.26105</rotate>
        <scale sid="scale">1 0.9999999 1</scale>
        <instance_light url="#Lamp-light"/>
      </node>
    </visual_scene>
  </library_visual_scenes>
  <scene>
    <instance_visual_scene url="#Scene"/>
  </scene>
</COLLADA>