<?xml version="1.0" encoding="utf-8"?>
<COLLADA xmlns="http://www.collada.org/2005/11/COLLADASchema" version="1.4.1" xmlns:xsi="http://www.w3.org/2001/XMLSchema-instance">
  <asset>
    <contributor>
      <author>Blender User</author>
      <authoring_tool>Blender 2.79.0 commit date:2017-09-11, commit time:10:43, hash:5bd8ac9</authoring_tool>
    </contributor>
    <created>2019-02-04T12:00:27</created>
    <modified>2019-02-04T12:00:27</modified>
    <unit name="meter" meter="1"/>
    <up_axis>Z_UP</up_axis>
  </asset>
  <library_cameras>
    <camera id="Camera-camera" name="Camera">
      <optics>
        <technique_common>
          <perspective>
            <xfov sid="xfov">49.13434</xfov>
            <aspect_ratio>1.777778</aspect_ratio>
            <znear sid="znear">0.1</znear>
            <zfar sid="zfar">100</zfar>
          </perspective>
        </technique_common>
      </optics>
      <extra>
        <technique profile="blender">
          <shiftx sid="shiftx" type="float">0</shiftx>
          <shifty sid="shifty" type="float">0</shifty>
          <YF_dofdist sid="YF_dofdist" type="float">0</YF_dofdist>
        </technique>
      </extra>
    </camera>
  </library_cameras>
  <library_lights>
    <light id="Lamp-light" name="Lamp">
      <technique_common>
        <point>
          <color sid="color">1 1 1</color>
          <constant_attenuation>1</constant_attenuation>
          <linear_attenuation>0</linear_attenuation>
          <quadratic_attenuation>0.00111109</quadratic_attenuation>
        </point>
      </technique_common>
      <extra>
        <technique profile="blender">
          <type sid="type" type="int">0</type>
          <flag sid="flag" type="int">0</flag>
          <mode sid="mode" type="int">8192</mode>
          <gamma sid="blender_gamma" type="float">1</gamma>
          <red sid="red" type="float">1</red>
          <green sid="green" type="float">1</green>
          <blue sid="blue" type="float">1</blue>
          <shadow_r sid="blender_shadow_r" type="float">0</shadow_r>
          <shadow_g sid="blender_shadow_g" type="float">0</shadow_g>
          <shadow_b sid="blender_shadow_b" type="float">0</shadow_b>
          <energy sid="blender_energy" type="float">1</energy>
          <dist sid="blender_dist" type="float">29.99998</dist>
          <spotsize sid="spotsize" type="float">75</spotsize>
          <spotblend sid="spotblend" type="float">0.15</spotblend>
          <halo_intensity sid="blnder_halo_intensity" type="float">1</halo_intensity>
          <att1 sid="att1" type="float">0</att1>
          <att2 sid="att2" type="float">1</att2>
          <falloff_type sid="falloff_type" type="int">2</falloff_type>
          <clipsta sid="clipsta" type="float">1.000799</clipsta>
          <clipend sid="clipend" type="float">30.002</clipend>
          <bias sid="bias" type="float">1</bias>
          <soft sid="soft" type="float">3</soft>
          <compressthresh sid="compressthresh" type="float">0.04999995</compressthresh>
          <bufsize sid="bufsize" type="int">2880</bufsize>
          <samp sid="samp" type="int">3</samp>
          <buffers sid="buffers" type="int">1</buffers>
          <filtertype sid="filtertype" type="int">0</filtertype>
          <bufflag sid="bufflag" type="int">0</bufflag>
          <buftype sid="buftype" type="int">2</buftype>
          <ray_samp sid="ray_samp" type="int">1</ray_samp>
          <ray_sampy sid="ray_sampy" type="int">1</ray_sampy>
          <ray_sampz sid="ray_sampz" type="int">1</ray_sampz>
          <ray_samp_type sid="ray_samp_type" type="int">0</ray_samp_type>
          <area_shape sid="area_shape" type="int">1</area_shape>
          <area_size sid="area_size" type="float">0.1</area_size>
          <area_sizey sid="area_sizey" type="float">0.1</area_sizey>
          <area_sizez sid="area_sizez" type="float">1</area_sizez>
          <adapt_thresh sid="adapt_thresh" type="float">0.000999987</adapt_thresh>
          <ray_samp_method sid="ray_samp_method" type="int">1</ray_samp_method>
          <shadhalostep sid="shadhalostep" type="int">0</shadhalostep>
          <sun_effect_type sid="sun_effect_type" type="int">0</sun_effect_type>
          <skyblendtype sid="skyblendtype" type="int">1</skyblendtype>
          <horizon_brightness sid="horizon_brightness" type="float">1</horizon_brightness>
          <spread sid="spread" type="float">1</spread>
          <sun_brightness sid="sun_brightness" type="float">1</sun_brightness>
          <sun_size sid="sun_size" type="float">1</sun_size>
          <backscattered_light sid="backscattered_light" type="float">1</backscattered_light>
          <sun_intensity sid="sun_intensity" type="float">1</sun_intensity>
          <atm_turbidity sid="atm_turbidity" type="float">2</atm_turbidity>
          <atm_extinction_factor sid="atm_extinction_factor" type="float">1</atm_extinction_factor>
          <atm_distance_factor sid="atm_distance_factor" type="float">1</atm_distance_factor>
          <skyblendfac sid="skyblendfac" type="float">1</skyblendfac>
          <sky_exposure sid="sky_exposure" type="float">1</sky_exposure>
          <sky_colorspace sid="sky_colorspace" type="int">0</sky_colorspace>
        </technique>
      </extra>
    </light>
  </library_lights>
  <library_images/>
  <library_effects>
    <effect id="Material-effect">
      <profile_COMMON>
        <technique sid="common">
          <phong>
            <emission>
              <color sid="emission">0 0 0 1</color>
            </emission>
            <ambient>
              <color sid="ambient">0 0 0 1</color>
            </ambient>
            <diffuse>
              <color sid="diffuse">0.64 0.64 0.64 1</color>
            </diffuse>
            <specular>
              <color sid="specular">0.5 0.5 0.5 1</color>
            </specular>
            <shininess>
              <float sid="shininess">50</float>
            </shininess>
            <index_of_refraction>
              <float sid="index_of_refraction">1</float>
            </index_of_refraction>
          </phong>
        </technique>
      </profile_COMMON>
    </effect>
  </library_effects>
  <library_materials>
    <material id="Material-material" name="Material">
      <instance_effect url="#Material-effect"/>
    </material>
  </library_materials>
  <library_geometries>
    <geometry id="clipeus_000-mesh" name="clipeus.000">
      <mesh>
        <source id="clipeus_000-mesh-positions">
          <float_array id="clipeus_000-mesh-positions-array" count="1911">-0.3943767 0.1711317 1.83284 -0.2307814 -0.2338632 1.811186 -1.768657 -0.179949 3.116614 -1.757117 -0.1796236 3.057979 -1.673133 -0.1767137 3.105549 -1.788495 -0.1805568 3.082116 -1.641021 -1.306304 3.109503 -1.748752 -1.862595 3.070673 -1.835093 -1.405578 3.070489 -1.833338 -0.1881766 3.048258 -1.833338 -0.1881766 3.048258 -1.76548 -0.179949 3.101582 -1.753941 -0.1796236 3.042947 -1.669956 -0.09573519 3.090517 -1.630818 -0.1820357 3.122845 -1.630818 -0.1820357 3.122845 -1.826719 -0.1879906 3.104734 -1.826719 -0.1879906 3.104734 -1.785318 -0.1805568 3.067085 -1.663237 0.1554668 3.107856 -1.749993 -0.08675289 3.046904 -1.749993 -0.08675289 3.046904 -1.759148 -0.0867365 3.122149 -1.759148 -0.0867365 3.122149 -1.683018 -0.08621144 3.105599 -1.683018 -0.08621144 3.105599 -1.762702 0.1546627 3.020687 -1.776298 0.154687 3.132435 1.344942 0.9832027 3.299573 1.344942 0.9832027 3.299573 1.344942 0.9832027 3.299573 1.344942 0.9832027 3.299573 1.348407 0.9832027 3.318684 1.348407 0.9832027 3.318684 1.523541 0.8113131 3.302996 1.523541 0.8113131 3.302996 1.527005 0.8113131 3.322107 1.706728 0.3983328 3.294577 1.706728 0.3983328 3.294577 1.956379 -0.7210025 3.200873 1.956379 -0.7210025 3.200873 1.957269 -0.7210025 3.220591 1.339603 -0.7408108 3.300833 1.339603 -0.7408108 3.300833 1.339603 -0.7408108 3.300833 1.339603 -0.7408108 3.300833 1.340492 -0.7408107 3.320551 1.340492 -0.7408107 3.320551 0.7228265 -0.7210023 3.400793 0.7228265 -0.7210023 3.400793 0.7237156 -0.7210023 3.420511 0.9657381 0.3983329 3.321965 0.9657381 0.3983329 3.321965 1.166344 0.8113132 3.29615 1.166344 0.8113132 3.29615 1.169808 0.8113132 3.315261 1.464055 0.5425263 3.395753 1.351371 0.5765658 3.399918 1.351371 0.5765658 3.399918 1.238687 0.5425266 3.404083 1.169044 0.4534099 3.406657 1.169044 0.3432559 3.406657 1.238686 0.2541394 3.404083 1.351371 0.2201 3.399918 1.351371 0.2201 3.399918 1.465984 0.2541396 3.403928 1.533698 0.3432559 3.393178 1.533698 0.4534099 3.393178 1.592825 0.1655822 3.186555 1.750424 -0.1645811 3.121954 1.530591 0.1564476 3.171076 0.2349765 0.05540716 3.653548 0.2349765 0.05540716 3.653548 0.1770124 -0.1988036 3.645224 0.1770124 -0.1988036 3.645224 0.1614422 -0.219994 3.578592 0.1614422 -0.219994 3.578592 0.1614422 -0.219994 3.578592 0.1334986 -0.1520496 3.477353 0.1334986 -0.1520496 3.477353 0.1452645 -0.1012184 3.291876 0.1452645 -0.1012184 3.291876 0.1452645 -0.1012184 3.291876 0.2082904 0.1343844 3.325309 0.2082904 0.1343844 3.325309 -0.2470483 0.05540412 3.653493 -0.2203457 0.1343831 3.325262 -0.2203457 0.1343831 3.325262 -0.2203457 0.1343831 3.325262 -0.1572761 -0.1011645 3.291846 -0.1572761 -0.1011645 3.291846 -0.1572761 -0.1011645 3.291846 -0.1421279 -0.1499786 3.464833 -0.1421279 -0.1499786 3.464833 -0.1738213 -0.2201735 3.579625 -0.1738213 -0.2201735 3.579625 -0.1890702 -0.2293395 3.634858 -0.1890702 -0.2293395 3.634858 -0.1890702 -0.2293395 3.634858 -0.003700137 -0.1644286 3.291862 -0.003700137 -0.1644286 3.291862 0.02121353 -0.243848 3.472935 -0.003906905 -0.2435989 3.471429 -0.003906905 -0.2435989 3.471429 0.07742631 0.215745 3.461306 -0.1011502 0.215745 3.461283 -0.004882574 -0.2288889 3.632167 -0.004882574 -0.2288889 3.632167 0.02543061 -0.2353535 3.585277 -0.004882752 -0.2521788 3.660064 -0.03081667 -0.2433747 3.470076 -0.03081667 -0.2433747 3.470076 -0.04290187 -0.235691 3.585126 -0.003971695 -0.3202056 3.472994 -0.003971695 -0.3202056 3.472994 0.08713465 0.213833 3.650055 -0.1124482 0.213833 3.650032 -0.03386825 0.2406923 3.718701 -0.05539715 0.2427182 3.718701 -0.05811876 0.223202 3.815209 -0.05811876 0.223202 3.815209 -0.03797715 0.2213066 3.815209 -0.03797715 0.2213066 3.815209 -0.2024517 -0.1247016 3.718699 -0.1299785 -0.2410822 3.718701 -0.1278943 -0.231306 3.815208 -0.1278943 -0.231306 3.815208 -0.1956973 -0.1224247 3.815207 -0.1956973 -0.1224247 3.815207 -0.01685428 0.005961596 4.084383 0.1122813 0.1017711 3.982046 0.1080501 0.1071441 3.982046 -0.2711395 0.03622579 3.718699 -0.2711395 0.03622579 3.718699 -0.2282535 -0.06063932 3.718699 -0.2198366 -0.0624904 3.815206 -0.2198366 -0.0624904 3.815206 -0.2599591 0.03205353 3.815206 -0.2599591 0.03205353 3.815206 -0.2599591 0.03205353 3.815206 -0.2599591 0.03205353 3.815206 0.1826858 0.1584038 3.718703 0.1834077 0.1634291 3.718703 0.165298 0.1490221 3.815209 0.165298 0.1490221 3.815209 0.1646226 0.1443206 3.815209 0.1646226 0.1443206 3.815209 -0.01685428 0.005961596 4.084383 -0.1642661 0.09167855 3.982045 -0.1758193 0.02749913 3.982045 -0.1758193 0.02749913 3.982045 0.04253983 0.2420293 3.718701 0.02290964 0.240222 3.718701 0.01514208 0.2208666 3.815209 0.01514208 0.2208666 3.815209 0.01514208 0.2208666 3.815209 0.03350734 0.2225574 3.815209 0.03350734 0.2225574 3.815209 0.05356955 -0.1595848 3.982046 -0.01685428 0.005961596 4.084383 0.03825396 -0.1590515 3.982046 -0.1623339 0.2219799 3.718699 -0.2103801 0.169581 3.72003 -0.2031149 0.1547777 3.816453 -0.2031149 0.1547777 3.816453 -0.1581647 0.2038001 3.815208 -0.1581647 0.2038001 3.815208 -0.1378141 0.1145095 3.98288 -0.04087162 0.1627042 3.982046 -0.08437788 0.153644 3.982046 -0.01685428 0.005961596 4.084383 -0.2526692 0.1085504 3.718699 -0.2426789 0.09767973 3.815207 -0.2426789 0.09767973 3.815207 0.1894502 0.15025 3.718703 0.1709511 0.1366922 3.815209 0.1709511 0.1366922 3.815209 -0.2103801 0.169581 3.72003 -0.2105163 0.1699607 3.718699 -0.2526692 0.1085504 3.718699 -0.1623339 0.2219799 3.718699 -0.107761 0.1490384 3.982046 -0.01685428 0.005961596 4.084383 -0.1079299 -0.2420091 3.718701 -0.08854091 -0.2649431 3.718699 -0.08912682 -0.2536293 3.815207 -0.08912682 -0.2536293 3.815207 -0.1072664 -0.2321732 3.815208 -0.1072664 -0.2321732 3.815208 -0.01685428 0.005961596 4.084383 0.1480126 -0.04878365 3.982046 0.1625702 -0.001567602 3.982046 0.1625702 -0.001567602 3.982046 0.09558707 -0.2434904 3.718701 0.1996927 -0.1684026 3.718703 0.1805335 -0.1633097 3.815209 0.1805335 -0.1633097 3.815209 0.08313637 -0.233559 3.815209 0.08313637 -0.233559 3.815209 -0.1133943 -0.251439 3.718699 -0.1086568 -0.2475089 3.718699 -0.1079299 -0.2420091 3.718701 0.1834431 0.1700407 3.718703 0.1506382 0.2191954 3.718701 0.1346401 0.201195 3.815209 0.1346401 0.201195 3.815209 0.1653311 0.1552076 3.815209 0.1653311 0.1552076 3.815209 -0.1249511 0.2289692 3.718701 -0.1231908 0.2103388 3.815209 -0.1231908 0.2103388 3.815209 0.07284963 -0.2480686 3.718701 0.07922625 -0.2524323 3.718701 0.09558707 -0.2434904 3.718701 -0.1489939 -0.03909283 3.982045 -0.01685428 0.005961596 4.084383 0.07110184 -0.2426811 3.718701 -0.01685428 0.005961596 4.084383 0.1085017 0.1104556 3.982046 0.1085239 0.1148124 3.982046 -0.205096 -0.109654 3.718699 -0.1981714 -0.1083468 3.815206 -0.1981714 -0.1083468 3.815206 -0.01685428 0.005961596 4.084383 -0.01685428 0.005961596 4.084383 0.0203883 0.1622502 3.982046 0.008109569 0.1610593 3.982046 -0.01685428 0.005961596 4.084383 -0.06160318 -0.1737213 3.982046 0.02634078 -0.1737694 3.982046 -0.004493415 0.2472782 3.718701 -0.01049518 0.2274681 3.815209 -0.01049518 0.2274681 3.815209 -0.01049518 0.2274681 3.815209 0.08800429 0.1472035 3.982046 0.2698478 -0.003693342 3.718703 0.2698478 -0.003693342 3.718703 0.2654966 0.01259815 3.718703 0.2420973 0.006027758 3.815211 0.2420973 0.006027758 3.815211 0.2461681 -0.009213984 3.815211 0.2461681 -0.009213984 3.815211 0.2461681 -0.009213984 3.815211 0.2461681 -0.009213984 3.815211 -0.01685428 0.005961596 4.084383 0.06218099 0.15185 3.982046 0.0203883 0.1622502 3.982046 -0.01685428 0.005961596 4.084383 -0.1328548 -0.08130747 3.982046 -0.08752256 -0.1579979 3.982046 -0.07373106 -0.1586087 3.982046 0.1598486 0.00916785 3.982046 -0.04087162 0.1627042 3.982046 -0.01685428 0.005961596 4.084383 -0.0274052 0.1613692 3.982046 -0.01685428 0.005961596 4.084383 -0.1345089 -0.0713917 3.982045 -0.01685428 0.005961596 4.084383 -0.01685428 0.005961596 4.084383 0.118688 -0.1101048 3.982046 -0.009031116 0.165709 3.982046 -0.0274052 0.1613692 3.982046 0.3057227 0.04340368 3.627036 0.3057227 0.04340368 3.627036 0.2874351 0.0882982 3.542701 0.2573829 0.09044384 3.721972 0.2739198 0.04978156 3.721972 0.2739198 0.04978156 3.721972 0.2347781 0.1705974 3.536377 0.2097671 0.1649851 3.721972 0.1368156 0.2203117 3.721972 0.1541031 0.2316822 3.531683 0.05514037 0.2641847 3.529186 0.04732728 0.2497503 3.721971 0.05514037 0.2641847 3.529186 -0.05017352 0.2641847 3.529185 -0.04790419 0.2497503 3.721971 0.04732728 0.2497503 3.721971 -0.1491362 0.231682 3.531681 -0.1373925 0.2203117 3.721971 -0.198137 0.19458 3.534532 -0.2298113 0.1705972 3.536375 -0.210344 0.164985 3.721971 -0.2824681 0.0882979 3.542697 -0.2579597 0.09044378 3.721969 -0.3007559 0.04340374 3.627032 -0.3007559 0.04340374 3.627032 -0.2744966 0.04978138 3.721969 -0.2744966 0.04978138 3.721969 -0.2824682 -0.07594519 3.634224 -0.2579597 -0.05547642 3.721969 -0.2298113 -0.1867721 3.640547 -0.210344 -0.155856 3.721971 -0.1491361 -0.2690307 3.645241 -0.1373925 -0.2303605 3.721971 -0.05017328 -0.3127996 3.64774 -0.04790389 -0.2700037 3.721971 -0.05017328 -0.3127996 3.64774 0.05514043 -0.3127996 3.64774 0.04732733 -0.2700035 3.721971 -0.04790389 -0.2700037 3.721971 0.1541031 -0.2690305 3.645243 0.1368157 -0.2303605 3.721972 0.2347782 -0.1867718 3.64055 0.2097673 -0.1558559 3.721972 0.2874351 -0.07594484 3.634227 0.257383 -0.05547618 3.721972 -0.2579597 0.09044378 3.721969 -0.2579597 0.09044378 3.721969 -0.2579597 0.09044378 3.721969 -0.2744966 0.04978138 3.721969 -0.2579597 -0.05547642 3.721969 -0.2579597 -0.05547642 3.721969 -0.2579597 -0.05547642 3.721969 -0.210344 -0.155856 3.721971 -0.1373925 -0.2303605 3.721971 -0.04790389 -0.2700037 3.721971 0.04732733 -0.2700035 3.721971 0.1368157 -0.2303605 3.721972 0.2097673 -0.1558559 3.721972 0.257383 -0.05547618 3.721972 0.2739198 0.04978156 3.721972 0.2739198 0.04978156 3.721972 0.2739198 0.04978156 3.721972 0.2573829 0.09044384 3.721972 0.2097671 0.1649851 3.721972 0.1368156 0.2203117 3.721972 0.04732728 0.2497503 3.721971 0.04732728 0.2497503 3.721971 -0.04790419 0.2497503 3.721971 -0.1373925 0.2203117 3.721971 -0.1373925 0.2203117 3.721971 -0.210344 0.164985 3.721971 0.1541031 -0.2690305 3.645243 0.05514043 -0.3127996 3.64774 -0.05017328 -0.3127996 3.64774 -0.1491361 -0.2690307 3.645241 -0.2298113 -0.1867721 3.640547 -0.2824682 -0.07594519 3.634224 -0.3007559 0.04340374 3.627032 -0.3007559 0.04340374 3.627032 -0.3007559 0.04340374 3.627032 -0.2824681 0.0882979 3.542697 -0.2298113 0.1705972 3.536375 -0.198137 0.19458 3.534532 -0.1491362 0.231682 3.531681 -0.05017352 0.2641847 3.529185 0.05514037 0.2641847 3.529186 0.1541031 0.2316822 3.531683 0.1541031 0.2316822 3.531683 0.2347781 0.1705974 3.536377 0.2874351 0.0882982 3.542701 0.2874351 0.0882982 3.542701 0.2874351 0.0882982 3.542701 0.3057227 0.04340368 3.627036 0.2874351 -0.07594484 3.634227 0.2874351 -0.07594484 3.634227 0.2347782 -0.1867718 3.64055 0.08800429 0.1472035 3.982046 0.1085239 0.1148124 3.982046 0.0960164 0.2077918 3.815209 0.0960164 0.2077918 3.815209 0.06218099 0.15185 3.982046 -0.1642661 0.09167855 3.982045 -0.1378141 0.1145095 3.98288 0.1085017 0.1104556 3.982046 0.1080501 0.1071441 3.982046 -0.009031116 0.165709 3.982046 0.008109569 0.1610593 3.982046 0.008109569 0.1610593 3.982046 0.04241043 -0.2536975 3.815209 0.04241043 -0.2536975 3.815209 0.04241043 -0.2536975 3.815209 0.06022888 -0.2328018 3.815209 0.06022888 -0.2328018 3.815209 0.03825396 -0.1590515 3.982046 0.02634078 -0.1737694 3.982046 0.02634078 -0.1737694 3.982046 -0.107761 0.1490384 3.982046 -0.1489939 -0.03909283 3.982045 -0.1758193 0.02749913 3.982045 -0.1758193 0.02749913 3.982045 0.2243943 -0.076249 3.815211 0.2243943 -0.076249 3.815211 0.1625702 -0.001567602 3.982046 0.1625702 -0.001567602 3.982046 0.1480126 -0.04878365 3.982046 -0.08437788 0.153644 3.982046 -0.04087162 0.1627042 3.982046 -0.0274052 0.1613692 3.982046 -0.0274052 0.1613692 3.982046 0.118688 -0.1101048 3.982046 -0.1345089 -0.0713917 3.982045 -0.1123787 -0.2409954 3.815207 -0.1123787 -0.2409954 3.815207 -0.07373106 -0.1586087 3.982046 -0.07714903 -0.1648226 3.982046 0.1122813 0.1017711 3.982046 0.1598486 0.00916785 3.982046 0.0203883 0.1622502 3.982046 0.1093543 0.2262466 3.718701 0.02634078 -0.1737694 3.982046 0.2465744 -0.07534551 3.718703 -0.01685428 0.005961596 4.084383 -0.07714903 -0.1648226 3.982046 -0.07373106 -0.1586087 3.982046 -0.009031116 0.165709 3.982046 0.008109569 0.1610593 3.982046 -0.1133943 -0.251439 3.718699 0.05205613 -0.2650159 3.718701 -0.01685428 0.005961596 4.084383 0.07110184 -0.2426811 3.718701 -0.08752256 -0.1579979 3.982046 0.1480126 -0.04878365 3.982046 -0.01685428 0.005961596 4.084383 0.118688 -0.1101048 3.982046 0.05356955 -0.1595848 3.982046 -0.06160318 -0.1737213 3.982046 -0.08752256 -0.1579979 3.982046 -0.1328548 -0.08130747 3.982046 -0.3726112 0.3078263 2.186185 -0.3726112 0.3078263 2.186185 0.3579004 0.3078317 2.185374 0.3579004 0.3078317 2.185374 0.3579004 0.3078317 2.185374 -0.3688605 -0.2971251 2.177803 -0.3688605 -0.2971251 2.177803 -0.3688605 -0.2971251 2.177803 0.3541554 -0.2971198 2.176993 0.3541554 -0.2971198 2.176993 -0.008786916 -0.3740374 1.537674 -0.3688605 -0.2971251 2.177803 -0.3688605 -0.2971251 2.177803 -0.3726112 0.3078263 2.186185 -0.3726112 0.3078263 2.186185 -0.3726112 0.3078263 2.186185 0.3579004 0.3078317 2.185374 0.3579004 0.3078317 2.185374 0.3541554 -0.2971198 2.176993 0.3541554 -0.2971198 2.176993 -0.3688605 -0.2971251 2.177803 -0.39705 0.3024834 2.824388 -0.39705 0.3024834 2.824388 -0.408681 -0.1895464 2.815667 -0.408681 -0.1895464 2.815667 0.363144 0.2998071 2.832069 0.363144 0.2998071 2.832069 0.363144 0.2998071 2.832069 0.3757645 -0.1960215 2.812836 -0.408681 -0.1895464 2.815667 -0.408681 -0.1895464 2.815667 -0.39705 0.3024834 2.824388 -0.39705 0.3024834 2.824388 -0.408681 -0.1895464 2.815667 -0.408681 -0.1895464 2.815667 -0.39705 0.3024834 2.824388 0.3757645 -0.1960215 2.812836 -0.408681 -0.1895464 2.815667 -0.39705 0.3024834 2.824388 0.3757645 -0.1960215 2.812836 0.3757645 -0.1960215 2.812836 0.363144 0.2998071 2.832069 0.363144 0.2998071 2.832069 0.3757645 -0.1960215 2.812836 0.363144 0.2998071 2.832069 0.3757645 -0.1960215 2.812836 0.363144 0.2998071 2.832069 0.3757645 -0.1960215 2.812836 0.3757645 -0.1960215 2.812836 -0.001131653 0.1282119 3.291614 -0.4264591 0.02788311 3.210139 -0.001229465 -0.15499 3.268851 0.3970872 0.02788311 3.210139 -0.02459567 -0.3679922 2.81428 -0.02459567 -0.3679922 2.81428 -0.5170869 0.1181954 3.076543 -0.2192623 0.1631375 3.112186 0.2047436 0.1640643 3.109901 0.4849755 0.1226118 3.07247 -0.4264591 0.02788311 3.210139 -0.5170869 0.1181954 3.076543 0.3970872 0.02788311 3.210139 0.4849755 0.1226118 3.07247 -0.001131653 0.1282119 3.291614 -0.4264591 0.02788311 3.210139 0.3970872 0.02788311 3.210139 1.199603 0.1978639 3.064649 1.168273 0.02869588 2.974943 1.168273 0.02869588 2.974943 1.225641 0.01714617 3.209259 1.225641 0.01714617 3.209259 1.202915 -0.1401689 3.060598 0.6045094 0.1230344 3.285747 0.6045094 0.1230344 3.285747 0.5986462 -0.04742133 3.260896 0.5986462 -0.04742133 3.260896 1.199603 0.1978639 3.064649 1.202915 -0.1401689 3.060598 1.202915 -0.1401689 3.060598 1.225641 0.01714617 3.209259 1.202915 -0.1401689 3.060598 1.168273 0.02869588 2.974943 1.168273 0.02869588 2.974943 1.199603 0.1978639 3.064649 1.199603 0.1978639 3.064649 1.597406 0.09794986 3.003427 1.597406 0.09794986 3.003427 1.644654 0.01647043 3.174326 1.644654 0.01647043 3.174326 1.611742 -0.1209574 3.036955 1.846825 0.1168659 3.105161 1.848781 -0.1231876 3.16213 1.812361 -0.1246854 2.971306 1.813346 0.09826624 2.970482 1.597406 0.09794986 3.003427 1.611742 -0.1209574 3.036955 1.644654 0.01647043 3.174326 1.597406 0.09794986 3.003427 1.611742 -0.1209574 3.036955 1.846825 0.1168659 3.105161 1.597406 0.09794986 3.003427 1.611742 -0.1209574 3.036955 1.812361 -0.1246854 2.971306 -0.6340268 -0.04731887 3.253715 -0.6340268 -0.04731887 3.253715 -1.220058 0.02862387 2.966186 -1.220058 0.02862387 2.966186 -1.249274 0.1973637 3.056371 -1.271912 0.01710349 3.201183 -1.271912 0.01710349 3.201183 -1.252682 -0.1398134 3.052409 -0.6393056 0.1227709 3.278643 -0.6393056 0.1227709 3.278643 -1.249274 0.1973637 3.056371 -1.252682 -0.1398134 3.052409 -1.252682 -0.1398134 3.052409 -1.271912 0.01710349 3.201183 -1.220058 0.02862387 2.966186 -1.252682 -0.1398134 3.052409 -1.249274 0.1973637 3.056371 -1.249274 0.1973637 3.056371 -1.625754 0.09795904 3.017556 -1.625754 0.09795904 3.017556 -1.668986 0.01647192 3.189532 -1.668986 0.01647192 3.189532 -1.639302 -0.1209691 3.051414 -1.873342 -0.1231993 3.182119 -1.625754 0.09795904 3.017556 -1.639302 -0.1209691 3.051414 -1.668986 0.01647192 3.189532 -1.625754 0.09795904 3.017556 -1.639302 -0.1209691 3.051414 -1.625754 0.09795904 3.017556 -1.639302 -0.1209691 3.051414 -1.872722 0.1168811 3.125115 -1.842407 0.09827917 2.989673 -1.841403 -0.124698 2.990474 -1.872722 0.1168811 3.125115 -1.841403 -0.124698 2.990474 0.182002 0.393703 1.580246 -0.1541718 0.3936967 1.565252 0.4688695 -0.1051481 1.61353 0.2180588 -0.3729047 1.613496 0.4688695 0.2864365 1.61353 0.2390295 0.1611827 1.026794 0.3943448 0.1617738 1.732257 -0.01450264 0.1614313 1.709725 0.006457567 0.1707834 1.710463 0.2367851 -0.1800947 1.30788 0.2327533 -0.1703394 1.699813 0.4688695 -0.1051481 1.61353 0.182002 0.393703 1.580246 0.4688695 0.2864365 1.61353 0.2390295 0.1611827 1.026794 -0.01450264 0.1614313 1.709725 0.2367851 -0.1800947 1.30788 0.3943448 0.1617738 1.732257 0.006457567 0.1707834 1.710463 0.2390295 0.1611827 1.026794 0.3943448 0.1617738 1.732257 0.4476835 0.035887 1.114064 0.04524976 0.03556859 1.094243 0.04524976 0.03556859 1.094243 0.4476835 0.035887 1.114064 0.04524976 0.03556859 1.094243 0.4476835 0.035887 1.114064 0.4476835 0.035887 1.114064 0.04524976 0.03556859 1.094243 0.2525087 -0.01224321 0.2236564 0.232141 -0.1187108 0.892201 0.2525087 -0.01224321 0.2236564 0.4138398 0.2330511 0.001451551 0.1230962 0.2310684 0.001459002 0.4412869 -0.3168615 -9.22465e-4 0.1406266 -0.3485808 -9.22918e-4 0.1230962 0.2310684 0.001459002 0.4138398 0.2330511 0.001451551 0.4412869 -0.3168615 -9.22465e-4 0.1406266 -0.3485808 -9.22918e-4 -0.5069267 -0.1051529 1.613451 -0.2206484 -0.3729058 1.613474 -0.5069265 0.2864308 1.61345 -0.236507 0.1705075 1.022595 -0.3943766 0.1711318 1.732087 -0.2121686 -0.1920218 1.303679 -0.2307814 -0.1816594 1.699648 -0.5069267 -0.1051529 1.613451 -0.5069265 0.2864308 1.61345 -0.5069265 0.2864308 1.61345 -0.236507 0.1705075 1.022595 -0.2121686 -0.1920218 1.303679 -0.3943766 0.1711318 1.732087 -0.236507 0.1705075 1.022595 -0.3943766 0.1711318 1.732087 -0.4256046 0.03740715 1.109863 -0.04064673 0.03707277 1.090071 -0.04064673 0.03707277 1.090071 -0.4256046 0.03740715 1.109863 -0.04064673 0.03707277 1.090071 -0.4256046 0.03740715 1.109863 -0.4256046 0.03740715 1.109863 -0.04064673 0.03707277 1.090071 -0.2295093 -0.1268166 0.8879998 -0.4049183 0.2466529 -0.003528833 -0.1104678 0.2445311 -0.003521323 -0.2538364 -0.01679164 0.215286 -0.4327065 -0.3374651 -0.005903244 -0.1282125 -0.3711566 -0.005902826 -0.4049183 0.2466529 -0.003528833 -0.1104678 0.2445311 -0.003521323 -0.2538364 -0.01679164 0.215286 -0.4327065 -0.3374651 -0.005903244 -0.1282125 -0.3711566 -0.005902826 -0.1474366 -0.1500622 3.253163 -0.1474366 -0.1500622 3.253163 0.135522 -0.1504717 3.250066 0.135522 -0.1504717 3.250066</float_array>
          <technique_common>
            <accessor source="#clipeus_000-mesh-positions-array" count="637" stride="3">
              <param name="X" type="float"/>
              <param name="Y" type="float"/>
              <param name="Z" type="float"/>
            </accessor>
          </technique_common>
        </source>
        <source id="clipeus_000-mesh-normals">
          <float_array id="clipeus_000-mesh-normals-array" count="1410">0.3628479 -0.005225121 -0.9318338 -0.1545104 -0.02879101 0.9875716 -0.2024445 -0.02912032 0.9788607 0.4925312 0.01095497 -0.8702259 0.1148399 0.006741762 0.9933612 -0.6100142 0.03071928 -0.7917948 -0.8667517 0.0282436 0.4979397 -0.03878754 -0.007729828 -0.9992176 0.1271781 -0.9903154 -0.05568611 0.1137059 -0.9874469 0.1096349 -0.09392845 0.9801961 0.1743361 -0.5421642 0.0678569 0.8375282 0.07772612 -0.8162959 -0.5723807 0.1449518 -0.2887671 -0.9463628 0.1627483 -0.9865408 -0.01582515 -0.09511429 0.1259014 0.9874727 0.2047963 -0.2970745 0.9326336 -0.8354954 0.5410211 0.09614437 -0.7698124 0.6313407 -0.09379774 0.3384705 -0.2900949 -0.895144 0.6422945 0.2176292 -0.7349117 -0.007132649 0.999974 -0.001085579 0.6585789 -0.04689049 -0.7510494 0.6585766 -0.04689103 -0.7510514 -0.9905672 -0.06523269 -0.1205049 -0.9905674 -0.06523305 -0.1205033 0.2125313 -0.02651548 0.9767945 0.2125362 -0.02651607 0.9767934 0.6892452 0.713674 -0.1249421 0.6892446 0.7136765 -0.124932 0.9006059 0.4028165 -0.1632419 0.974287 0.2209795 -0.04396408 0.03186684 -0.9994911 -0.001439392 0.03186744 -0.9994911 -0.001439452 -0.03186684 -0.9994911 0.001439392 -0.03186583 -0.9994912 0.00143969 -0.9756604 0.2148294 0.04399079 -0.8839032 0.4393707 0.1602149 -0.6892409 0.7136794 0.124935 -0.6892584 0.7136617 0.1249397 0.03692764 -7.5218e-6 0.999318 0.03693509 3.39691e-6 0.9993177 0.03693556 0 0.9993177 0.0595653 0.03358215 0.9976595 -0.03497493 0 0.9993883 0.1567861 0 0.9876327 0.03693807 0 0.9993177 0.03694683 6.7192e-7 0.9993172 0.09518176 0.1956772 0.9760383 0.191016 0.2175279 0.9571805 -0.05555206 0.3004193 0.9521881 -0.2017192 0.1904582 0.9607472 -0.4407619 0.3680944 0.8186792 -0.3783131 0.2016057 0.9034569 -0.3845432 0 0.9231071 0.03489875 -0.001594543 0.9993897 -0.3435812 0.1558225 0.9261055 0.01193642 -0.08244299 0.9965243 0.1575409 -0.06659871 0.9852643 0.01784378 -0.176054 0.9842188 0.1620258 -0.08304893 0.9832856 0.5438911 -0.3196801 0.7758784 0.3990663 0.0287466 0.9164714 0.4951087 0 0.8688312 0.2804502 0.1920015 0.9404696 0.528901 0.174807 0.8304855 -0.1609638 -0.03453087 -0.9863561 0.1460481 -0.132228 -0.9804008 -0.05810296 -5.49427e-4 -0.9983105 0.0184037 -7.87474e-4 -0.9998304 0.2732523 0.1406081 -0.9516105 -0.1605854 0.02040606 -0.9868111 0.9639881 -0.2146641 -0.1569917 0.9227365 -0.1497104 -0.3551682 0.9138918 -0.4025682 -0.0523529 0.9617577 -0.2380552 -0.1354695 -0.9616912 -0.2382676 -0.1355682 -0.9044241 -0.4246942 -0.04064249 -0.9248473 -0.1523385 -0.3484975 -0.9416949 -0.1728525 -0.2886742 0.3809026 -0.89761 -0.2218328 0.5918071 -0.7050787 -0.390677 0.01511937 -0.914914 -0.4033657 0.6207565 0.7722338 0.1353381 -0.6535905 0.7462216 0.1263842 0.1432092 -0.9636746 0.2254381 0.121225 -0.9537731 0.2749933 -0.007486164 -0.7676256 -0.6408548 -0.642231 -0.7663382 -0.0162813 -0.07717776 -0.8409672 -0.5355538 -0.3526151 -0.8560895 -0.3778536 0.02545315 -0.7725288 -0.6344695 -0.6301492 -0.7599644 -0.1592679 0.5075129 -0.7461295 0.430954 0.9496048 -0.3132216 -0.01196312 -0.4163081 -0.7896828 0.4506537 -0.9403473 -0.3314717 -0.07663905 0.5343103 -0.6262267 -0.5677611 0.1153603 -0.9908125 0.07058751 2.17625e-5 -0.986509 -0.1637073 -0.1241972 -0.9628929 0.2396087 0.05004554 -0.02044427 -0.9985377 0.05963677 -0.02044165 -0.9980109 0.1704389 -0.7564151 -0.6314957 1.01254e-4 -1.90012e-5 -1 0.7311005 0.6815788 -0.03069967 1.24223e-4 0.1404912 -0.990082 6.69892e-5 0.8581659 -0.5133726 1.07523e-4 0.1404689 -0.9900851 -0.7619299 0.6464807 -0.03905832 -1.18662e-6 0.9999488 0.01012939 -1.5196e-6 0.9999488 0.01012921 5.35097e-5 0.8581758 -0.513356 0.09179151 0.9755152 0.1998611 0.09179788 0.9755146 0.1998614 -0.8466818 -0.5272473 0.07169646 -0.8466808 -0.527249 0.07169628 0.421981 0.3322685 0.8435223 -0.9120304 -0.4037893 0.07179743 -0.9168505 -0.3890933 0.08939701 0.9767085 -0.1403121 0.1623358 0.9767099 -0.1403044 0.162335 -0.5296707 0.09534901 0.8428272 -0.09002947 0.977866 0.1888729 -0.09002941 0.9778659 0.1888731 -0.01851141 -0.5314123 0.846911 -0.7258641 0.6695663 0.1574873 -0.7258666 0.669564 0.1574859 -0.3621887 0.3886302 0.8472225 -0.1106506 0.5313892 0.8398703 -0.8144701 0.5611388 0.1475188 -0.8144676 0.5611428 0.1475179 0.7488549 0.6212391 0.2308211 0.7488538 0.6212407 0.2308201 -0.8006243 0.5495276 0.2387894 -0.7082802 0.6563587 0.2598702 -0.3892848 0.3593027 0.8481503 -0.7617366 -0.6439989 0.07087302 -0.7617401 -0.6439948 0.07087248 0.4851207 -0.149572 0.8615604 0.577727 -0.8009954 0.1569653 0.5777277 -0.8009952 0.1569635 3.21176e-4 -3.89512e-4 0.9999999 0.808544 0.5396128 0.2346798 0.8085477 0.5396064 0.2346819 -0.1904104 0.9632562 0.1894242 -0.1904103 0.9632562 0.1894235 0 0 1 -0.548907 -0.2211184 0.8061067 -1.07047e-5 0 1 -0.9616629 0.2455891 0.1220267 -0.9591166 0.2525467 0.1277328 0.6340246 -0.003228604 0.7733061 -0.9019176 -0.4261178 0.07048702 -0.9019167 -0.4261195 0.07048773 -0.0538904 0.5559685 0.8294547 -2.65244e-4 -0.4948512 0.8689777 -0.9822921 -0.1726256 0.07282078 -0.9822925 -0.1726227 0.07282096 0.2438236 0.9469134 0.2095357 0.2438236 0.9469133 0.2095363 0.4468821 0.2830963 0.8486183 0.9368862 0.2502261 0.2441948 0.9368863 0.2502258 0.244195 0.1297324 0.5213494 0.8434241 -0.498067 -0.2944106 0.8156296 -0.4448797 -0.3570062 0.8213579 0.4821761 0.24768 0.8403338 0.0546469 0.551736 0.8322266 0.6745648 -0.09199213 0.7324615 -0.5409638 -0.2426035 0.8052962 0.3061651 -0.402933 0.862501 -0.1273993 0.5394406 0.8323301 0.8099628 0.572134 0.1289305 0.890851 0.3622971 0.2740899 0.8308669 0.5414691 0.1283422 0.8351793 0.5334992 0.1336201 0.6009387 0.7923758 0.1049442 0.5967474 0.7959488 0.1017748 0.3090444 0.9473788 0.08345812 0.3113654 0.9464952 0.08484381 -1.46378e-6 0.9972088 0.07466328 -4.0469e-7 0.9972087 0.07466417 -0.3094133 0.9479069 0.07573556 -0.3116214 0.947274 0.07459241 -0.5981541 0.7966631 0.08683121 -0.5981566 0.7966613 0.08683079 -0.6021107 0.7939182 0.08459788 -0.8336921 0.5416672 0.1074903 -0.8381586 0.5353991 0.1041052 -0.7610703 0.6264215 0.1684284 -0.9194922 0.3739488 0.1212288 -0.9471881 -0.1274042 0.2942836 -0.9503836 -0.1493131 0.2729042 -0.8535407 -0.3855481 0.3504583 -0.8521569 -0.4042225 0.3323147 -0.6610136 -0.6245508 0.4159295 -0.6548529 -0.6412069 0.4000266 -0.3663114 -0.8012282 0.4731273 -0.3589423 -0.8102602 0.4632914 0 -0.8663343 0.4994648 0 -0.8663349 0.4994635 0.364284 -0.7960757 0.4832811 0.3519178 -0.7944113 0.4950401 0.6549401 -0.6174756 0.4356346 0.6355913 -0.6223434 0.4568505 0.8444648 -0.3796744 0.3777918 0.8269092 -0.3922486 0.4029421 0.9383066 -0.1243332 0.3226797 0.9251208 -0.1453428 0.3507519 3.15763e-5 2.30354e-5 1 -1.73439e-6 6.0141e-6 1 -1.08274e-6 6.9558e-6 1 -3.15765e-5 2.30355e-5 1 -9.1415e-6 2.93225e-6 1 -6.52145e-6 -2.72076e-7 1 -1.06305e-5 -3.10204e-5 1 -4.48975e-6 -5.76058e-6 1 -6.40861e-6 3.05563e-7 1 0 -8.09883e-6 1 4.08731e-6 -4.03969e-6 1 -1.35518e-5 0 1 0 -3.10204e-5 1 1.9073e-6 -0.05696117 -0.9983765 1.29099e-5 -0.05695027 -0.9983771 -0.009961724 -0.06166082 -0.9980475 -0.001454114 -0.05905938 -0.9982534 0.8336825 -0.5416671 -0.1075658 0.4748123 -0.6708529 -0.5696576 2.85846e-5 -0.07663631 -0.9970591 1.30215e-5 -0.07656323 -0.9970647 3.1233e-6 -0.0766043 -0.9970617 0.05075734 -0.5460938 -0.836185 1.73621e-5 -0.07659083 -0.9970627 0.9429916 -0.1620088 -0.2907233 -0.411347 -0.4436905 -0.7961987 -0.05706983 -0.3378916 -0.9394532 5.06897e-4 -0.05767965 -0.998335 -3.54139e-6 -0.05695736 -0.9983766 0 -0.05695456 -0.9983768 0.7690217 0.5132291 0.3810534 0.7796273 0.4938877 0.3850408 0.1581712 0.9260717 0.3425977 0.1661884 0.9236378 0.3453618 -0.7647534 0.5216536 0.3781931 -0.6051105 0.6863228 0.4034879 0.9470161 -0.1360487 0.2909489 0.9475004 -0.1291952 0.2924921 0.2349028 0.9122367 0.3356261 0.2465634 0.9089334 0.3362244 0.7096126 -0.6051117 0.3609567 0.7274743 -0.5888553 0.3521799 -0.6664068 0.6215106 0.4118575 -0.6845963 0.6056441 0.4056146 -0.8408159 -0.3568253 0.4070683 -0.8434587 -0.3397696 0.4160938 0.8538214 -0.2773303 0.4405416 0.8594812 -0.264994 0.4371162 -0.1813655 0.9174997 0.3539785 -0.1908307 0.9163384 0.3520053 -0.205548 0.9167983 0.3423902 -0.2161167 0.9150269 0.3406164 0.8041933 -0.4051575 0.4348799 0.8158343 -0.3901494 0.4268463 -0.8277087 -0.3910571 0.4024582 -0.8336819 -0.3738829 0.4064311 0.8642701 -0.5008172 0.04711025 0.8756641 -0.4816507 0.03500324 0.08838701 0.9393155 0.3314726 0.09307813 0.9388868 0.3314036 0.8129031 0.4426254 0.3785122 0.8171916 0.4197623 0.3949652 -0.08645254 0.9389712 0.3329552 -0.0910573 0.9388059 0.332193 0.164709 0.96434 0.2071696 0.164708 0.9643402 0.2071698 -0.6137006 -0.1022986 0.7828835 0.444783 -0.3600442 0.8200832 0.2246209 0.9509082 0.2128829 0.224618 0.9509091 0.2128815 0.875549 -0.4410978 0.1970957 0.875548 -0.4410992 0.1970973 0.8419769 -0.4630964 0.2767972 0.1434736 0.5288479 0.8365018 -0.2150523 0.9592041 0.1835216 -0.2150509 0.9592044 0.1835218 0.8643445 -0.5008732 0.04510641 0.864342 -0.5008777 0.045107 -5.15371e-4 -0.9931987 0.1164312 -5.15894e-4 -0.9931986 0.1164323 -0.1050886 0.5335059 0.8392426 0.982973 -0.00525701 0.1836747 0.9829736 -0.005269348 0.1836714 -0.1804488 0.9651367 0.1896038 -0.1804513 0.9651358 0.1896053 0.8519551 0.4706731 0.2294327 0.8529226 0.464413 0.2384192 0.9297057 -0.3019794 0.2108454 0.9297062 -0.3019786 0.210845 0.7522534 -0.6414743 0.1504188 0.7522546 -0.6414729 0.1504182 0.4954867 0.1256154 0.8594846 -0.5271896 -0.8442042 0.09690433 -0.5271919 -0.8442028 0.09690386 -0.03287231 -0.9946322 0.09811431 -0.03287649 -0.994632 0.09811484 -0.2764877 -0.4202623 0.8642535 0.460586 -0.2202681 0.8598503 0.09644621 0.5360433 0.8386632 0.8738892 0.2334018 0.4264286 0.8757651 0.2220224 0.4286509 0.9469908 -0.005069673 0.3212207 0.9469773 -0.004829049 0.321264 0.2156136 0.912782 0.3469005 0.2261579 0.9088091 0.3505976 -0.03027695 -0.9157258 0.4006614 -0.03188431 -0.9157037 0.4005873 -0.1719063 0.9194197 0.3537171 -0.1807462 0.9176573 0.3538869 0.7137881 0.5921491 0.3739866 0.7280039 0.5732685 0.3759967 0.5282981 -0.73246 0.4294223 0.5495903 -0.7232874 0.4180982 -0.8667942 0.2282335 0.4433706 -0.8910726 0.1604067 0.4245694 -0.7002088 -0.5919995 0.3990542 -0.7157738 -0.574405 0.3971484 -0.473913 -0.7589336 0.4465717 -0.4915902 -0.7471896 0.4472659 -0.7776444 -0.4842547 0.4009571 -0.7851284 -0.4640958 0.4101082 -0.9101244 -0.1599288 0.3822255 -0.9117403 -0.1520555 0.3815873 -4.72756e-4 -0.9018644 0.4320192 -4.91174e-4 -0.9018595 0.4320293 -0.1879594 0.8334475 0.5196503 -0.4063627 -0.8078249 0.4269523 -0.1695654 -0.07889723 0.9823558 -0.03213214 0.4667882 -0.8837852 -0.02382415 0.6279254 0.7779088 -0.272704 0.8941584 0.3551242 -0.1482225 -0.1421809 -0.9786801 -0.01976299 -0.4525434 -0.8915234 -0.03652232 -0.7122828 0.7009418 -0.02015608 -0.689188 0.7243022 -0.1899828 0.2272734 0.9551195 0.2678393 0.8428779 0.4667109 0.2887303 -0.002136647 -0.9574081 -0.975994 -0.005179226 -0.217736 -0.006365656 0.9898018 0.1423094 1.44995e-4 0.9905658 0.1370388 0.7272483 -0.6812114 -0.08402973 1.56624e-4 -0.9910821 0.1332535 0.1257854 -0.159217 -0.9791976 0.3911728 -0.608956 0.690041 0.01531976 -0.9998289 0.01037198 0.01845127 0.9910797 -0.1319878 0.2495031 -0.1328369 0.9592198 0.3862338 -0.8003466 0.4585509 0.4617505 0.8480359 0.260042 0.8481193 0.1448619 0.5096163 -0.9980984 -0.005337297 -0.06140899 -0.9989806 0.02428913 -0.03805088 0.9994372 -0.005729019 -0.03305482 0.9996382 0.0257461 -0.007786035 4.03075e-4 0.8984035 0.439171 -0.00124216 0.8997484 0.4364073 0.003434419 0.999958 0.00850284 6.5208e-6 0.9999231 0.01240748 -0.3834769 -0.8285626 0.4079578 -0.4176301 -0.8998808 0.1256971 -1.16751e-4 -0.9938654 -0.1105967 -0.9857879 -0.03639465 -0.1640045 -0.1283608 -0.6905749 0.7117794 0.03550416 -0.9450143 0.3250961 -0.2694969 -0.3969386 -0.8773888 -0.1767333 0.02161979 -0.9840213 -0.2862865 0.4126098 -0.8647505 -0.09594327 -0.1472533 0.9844346 -0.01708447 0.9328219 0.3599326 -0.1971382 0.6289234 0.7520584 -0.01745849 0.4709358 -0.8819947 0.06558281 0.6291867 0.7744824 0.2784807 0.8945866 0.3495186 0.08882504 -0.1451097 -0.9854205 -0.02993136 -0.4570467 -0.8889389 0.07381993 -0.7138206 0.6964271 0.05901807 -0.6901251 0.7212796 0.2122862 0.2272785 0.95041 -0.2567975 0.8428876 0.472859 -0.3110393 -0.00213766 -0.9503947 0.9706202 -0.005177736 -0.2405611 -0.1486659 -0.1592187 -0.9759856 -0.3748708 -0.6089622 0.6990257 -0.01507002 -0.9998289 0.01072418 -0.02151799 0.9910796 -0.1315224 -0.2870612 -0.1285179 0.9492519 -0.4101936 -0.7849231 0.4643674 -0.4806518 0.8350405 0.2677336 -0.8706417 0.06323391 0.4878365 0.9816721 -0.03639763 -0.18707 0.1297218 -0.6908636 0.7112523 -0.03526532 -0.9431975 0.3303557 0.28856 -0.3853881 -0.8764755 0.188537 0.04285699 -0.9811305 0.2904171 0.4057603 -0.8666121 0.09619849 -0.1468357 0.984472 0.01483911 0.9343098 0.3561531 0.1997855 0.6295799 0.7508095 0.4285969 -0.7967522 0.426017 0.1807124 -0.07885855 0.9803695 0.1924422 0.8339645 0.5171744 -0.68083 -0.7279425 -0.08105766 0.04658281 -0.9883414 0.1449532 -0.02943164 -0.9942556 0.1029058 0.9798988 1.32355e-7 0.1994953 0.9815886 -0.00872004 0.1908086 -0.9734682 -0.009203076 0.2286376 -0.9713541 5.45753e-7 0.2376373 -0.2868409 0.9574602 0.03150111 0.3467753 0.9373947 0.03222143 0.3916448 -0.9106733 0.1314857 0.3663327 -0.8496643 0.3793035 -0.1832651 0.8989893 0.3977843 -0.2898164 0.6901179 0.6631318 -0.001108467 0.9813234 0.1923623 0.1953908 0.745236 0.6375311 0.30666 0.8059002 0.5064431 0.5478035 0.827767 -0.1212985 -0.5830153 0.7830222 -0.2167245 -0.6116111 0.7792461 -0.1367757 0.599056 0.7721584 -0.2119046 -0.7117922 -0.6899588 -0.1315631 -0.8035714 -0.5733512 -0.1598168 0.6729321 -0.7245692 -0.148869 0.8032925 -0.5914894 -0.06972342 -0.6941814 -0.7131584 -0.09755742 0.6557881 -0.7457525 -0.117453 -0.800386 -0.5978276 0.04454916 -0.751916 -0.6592019 0.008672833 0.8801702 -0.4445123 0.1664615 0.7261931 -0.6870516 0.024571 0.7283923 -0.6714935 -0.136166 0.8026518 -0.5745215 -0.1602345 -0.7242038 -0.6751543 -0.1403406 -0.8451724 -0.5315134 -0.05636739 0.7282031 -0.6717816 -0.1357564 -0.6935426 -0.7155815 -0.08331686 0.8273716 -0.5586943 0.0575934 0.8226414 -0.5660398 0.05348187 -0.8938426 -0.4270538 0.1366398 -0.7252603 -0.688287 -0.01607906 0.007184565 0.9973187 0.07282853 -0.006801307 0.9976097 0.06876498 0.4657928 0.8736448 0.1406484 -0.5115684 0.8513939 0.1158724 -0.5226317 0.8396002 0.1480802 0.5286863 0.8394884 0.1254996 -0.8770265 -0.02849483 0.4795963 0.05992394 -0.568019 0.820831 0.7889487 0.03672999 0.6133603 -0.06017202 -0.5438052 0.8370515 0.8503826 -0.02654147 0.5254951 -0.8017584 0.03571695 0.5965802 8.31787e-4 0.9999994 -6.94835e-4 -8.01235e-4 0.9999995 -6.61493e-4 4.28102e-4 0.003855586 -0.9999925 5.46204e-5 0.004062354 -0.9999918 -5.51701e-5 0.004314303 -0.9999908 -4.30644e-4 0.004096269 -0.9999916</float_array>
          <technique_common>
            <accessor source="#clipeus_000-mesh-normals-array" count="470" stride="3">
              <param name="X" type="float"/>
              <param name="Y" type="float"/>
              <param name="Z" type="float"/>
            </accessor>
          </technique_common>
        </source>
        <source id="clipeus_000-mesh-map-0">
          <float_array id="clipeus_000-mesh-map-0-array" count="2838">0.3918876 0.5803405 0.4621556 0.5638965 0.3355026 0.5641406 0.3325986 0.5641235 0.4191696 0.5516255 0.4621556 0.5638965 0.3325986 0.5641235 0.4621556 0.5638965 0.3918876 0.5803405 0.2938716 0.5802105 0.3918876 0.5803405 0.3355026 0.5641406 0.2938716 0.5802105 0.3325986 0.5641235 0.3918876 0.5803405 0.3355026 0.5641406 0.4191696 0.5516255 0.3278117 0.5505625 0.3325986 0.5641235 0.3278117 0.5505625 0.4191696 0.5516255 0.4621556 0.5638965 0.4191696 0.5516255 0.3355026 0.5641406 0.6127659 0.8152719 0.6168859 0.8305749 0.5290249 0.8142729 0.5290268 0.813645 0.6192638 0.830589 0.6127659 0.8152719 0.5290268 0.813645 0.5285959 0.843924 0.6192638 0.830589 0.5851739 0.8437479 0.6192638 0.830589 0.5285959 0.843924 0.5290249 0.8142729 0.6168859 0.8305749 0.5285959 0.843924 0.6168859 0.8305749 0.5851739 0.8437479 0.5285959 0.843924 0.5290268 0.813645 0.6127659 0.8152719 0.5290249 0.8142729 0.5382839 0.809937 0.5322349 0.859695 0.6024328 0.856327 0.5382839 0.809937 0.6024328 0.856327 0.6016629 0.821657 0.5376969 0.809921 0.5382839 0.809937 0.6016629 0.821657 0.5376969 0.809921 0.6016629 0.821657 0.6006368 0.821527 0.5322349 0.859695 0.5376969 0.809921 0.6006368 0.821527 0.5322349 0.859695 0.6006368 0.821527 0.6024328 0.856327 0.3020288 0.6733702 0.2663738 0.6729696 0.305342 0.6733917 0.2715379 0.8416922 0.297776 0.8419767 0.305342 0.6733917 0.2715379 0.8416922 0.305342 0.6733917 0.2663738 0.6729696 0.297776 0.8419767 0.2955453 0.8419631 0.3020288 0.6733702 0.297776 0.8419767 0.3020288 0.6733702 0.305342 0.6733917 0.2955453 0.8419631 0.2715379 0.8416922 0.2663738 0.6729696 0.2955453 0.8419631 0.2663738 0.6729696 0.3020288 0.6733702 0.08927136 0.1498438 0.08927136 0.1498225 0.1246199 0.08444023 0.08927136 0.1498438 0.1246199 0.08444023 0.1246255 0.08409291 0.1246255 0.08409291 0.1246199 0.08444023 0.242216 0.02441239 0.242216 0.02441239 0.4350355 0.006363213 0.435044 0.005932271 0.435044 0.005932271 0.4350355 0.006363213 0.4340389 0.1526818 0.435044 0.005932271 0.4340389 0.1526818 0.434046 0.1522821 0.434243 0.1545687 0.4342402 0.1541689 0.4333911 0.008003413 0.434243 0.1545687 0.4333911 0.008003413 0.4333938 0.008434355 0.4333938 0.008434355 0.4333911 0.008003413 0.2394842 0.02672171 0.2394842 0.02672171 0.1234999 0.09619945 0.1235027 0.09654819 0.1235027 0.09654819 0.1234999 0.09619945 0.08924871 0.1490654 0.1235027 0.09654819 0.08924871 0.1490654 0.08924871 0.1490442 0.2299946 0.08968406 0.2116931 0.1127942 0.2041854 0.1505838 0.2046376 0.1494922 0.2111828 0.1115254 0.2288917 0.08795738 0.2288917 0.08795738 0.2509996 0.08779007 0.2690616 0.1110888 0.2695634 0.1138276 0.2299946 0.08968406 0.2041854 0.1505838 0.2695634 0.1138276 0.2041854 0.1505838 0.2757173 0.1518611 0.2695634 0.1138276 0.2520983 0.09007817 0.2299946 0.08968406 0.2761794 0.1489521 0.2046376 0.1494922 0.2288917 0.08795738 0.2761794 0.1489521 0.2288917 0.08795738 0.2690616 0.1110888 0.08927136 0.1498225 0.2041854 0.1505838 0.2116931 0.1127942 0.08927136 0.1498225 0.2116931 0.1127942 0.1246199 0.08444023 0.1234999 0.09619945 0.2111828 0.1115254 0.2046376 0.1494922 0.1234999 0.09619945 0.2046376 0.1494922 0.08924871 0.1490654 0.2394842 0.02672171 0.2288917 0.08795738 0.2111828 0.1115254 0.2394842 0.02672171 0.2111828 0.1115254 0.1234999 0.09619945 0.2394842 0.02672171 0.2509996 0.08779007 0.2288917 0.08795738 0.4333911 0.008003413 0.2690616 0.1110888 0.2509996 0.08779007 0.4333911 0.008003413 0.2509996 0.08779007 0.2394842 0.02672171 0.4342402 0.1541689 0.2761794 0.1489521 0.2690616 0.1110888 0.4342402 0.1541689 0.2690616 0.1110888 0.4333911 0.008003413 0.4350355 0.006363213 0.2695634 0.1138276 0.2757173 0.1518611 0.4350355 0.006363213 0.2757173 0.1518611 0.4340389 0.1526818 0.242216 0.02441239 0.2520983 0.09007817 0.2695634 0.1138276 0.242216 0.02441239 0.2695634 0.1138276 0.4350355 0.006363213 0.242216 0.02441239 0.2299946 0.08968406 0.2520983 0.09007817 0.1246199 0.08444023 0.2116931 0.1127942 0.2299946 0.08968406 0.1246199 0.08444023 0.2299946 0.08968406 0.242216 0.02441239 0.7941973 0.3671558 0.6964064 0.3642899 0.6825948 0.5228828 0.6825948 0.5228828 0.7353547 0.6206335 0.7828623 0.650837 0.6825948 0.5228828 0.7828623 0.650837 0.7941973 0.3671558 0.7951353 0.368152 0.7826273 0.651784 0.735275 0.6213378 0.735275 0.6213378 0.6889011 0.5235812 0.6973542 0.364674 0.735275 0.6213378 0.6973542 0.364674 0.7951353 0.368152 0.8422192 0.0363512 0.8299812 0.03459417 0.8266941 0.02052509 0.6718222 0.2121942 0.7909352 0.1718491 0.7981833 0.1156181 0.6718222 0.2121942 0.7981833 0.1156181 0.7897292 0.0308032 0.2317902 0.6631245 0.1448992 0.558041 0.05858248 0.6687625 0.05860114 0.6687513 0.1449148 0.558031 0.2317881 0.6631006 0.6718241 0.2121672 0.7897033 0.03078818 0.7971763 0.1095262 0.6718241 0.2121672 0.7971763 0.1095262 0.7910231 0.1723522 0.6718241 0.2121672 0.7910231 0.1723522 0.7954823 0.1992252 0.8678373 0.02891409 0.9423632 0.02892017 0.9364761 0.1217122 0.8678373 0.02891409 0.9364761 0.1217122 0.8803023 0.1195022 0.8678373 0.02891409 0.8803023 0.1195022 0.8677343 0.1187482 0.05858248 0.6687625 0.1448992 0.558041 0.07190734 0.5568831 0.05860114 0.6687513 0.07191455 0.556878 0.1449148 0.558031 0.9582461 0.2056961 0.8672463 0.1991642 0.8824111 0.1757052 0.8824111 0.1757052 0.9504563 0.1723602 0.9582461 0.2056961 0.7915772 0.03772711 0.7526893 0.03240513 0.7915772 0.0318371 0.7985841 0.1154481 0.8542723 0.1180712 0.8482252 0.1756291 0.7985841 0.1154481 0.8482252 0.1756291 0.7827283 0.1728782 0.7910053 0.02890515 0.8678373 0.02891409 0.8677343 0.1187482 0.7910053 0.02890515 0.8677343 0.1187482 0.8542723 0.1180712 0.7910053 0.02890515 0.8542723 0.1180712 0.7985841 0.1154481 0.8824111 0.1757052 0.8672463 0.1991642 0.8677021 0.1195312 0.8677021 0.1195312 0.8803023 0.1195022 0.8824111 0.1757052 0.8677021 0.1195312 0.8672463 0.1991642 0.8482252 0.1756291 0.8482252 0.1756291 0.8542723 0.1180712 0.8677021 0.1195312 0.8803023 0.1195022 0.9364761 0.1217122 0.9504563 0.1723602 0.9504563 0.1723602 0.8824111 0.1757052 0.8803023 0.1195022 0.8672463 0.1991642 0.7750992 0.2005102 0.7827283 0.1728782 0.7827283 0.1728782 0.8482252 0.1756291 0.8672463 0.1991642 -0.8372692 0.53222 -0.8429371 0.5316041 -0.8372551 0.53189 0.8677021 0.1195312 0.8677343 0.1187482 0.8803023 0.1195022 0.8299812 0.03459417 0.7915772 0.03772711 0.7915772 0.0318371 -0.80576 0.4939801 -0.8372113 0.493977 -0.8696362 0.493974 0.05858248 0.6687625 0.07190734 0.5568831 0.01214164 0.5997827 -0.80576 0.4939801 -0.8696362 0.493974 -0.8829531 0.501029 0.1449148 0.558031 0.07191455 0.556878 0.07190734 0.5568831 0.7594532 0.04562318 0.9738942 0.04564619 0.9423632 0.02892017 0.07191455 0.556878 0.05860114 0.6687513 0.01214885 0.5997777 0.01214885 0.5997777 0.01214164 0.5997827 0.07190734 0.5568831 0.07190734 0.5568831 0.07191455 0.556878 0.01214885 0.5997777 0.07190734 0.5568831 0.1448992 0.558041 0.1449148 0.558031 0.3838311 0.5557499 0.3829108 0.5557499 0.3917755 0.5883041 0.3838311 0.5557499 0.3917755 0.5883041 0.3926371 0.5883041 0.4342936 0.5550811 0.3950358 0.555082 0.3983338 0.5876361 0.4342936 0.5550811 0.3983338 0.5876361 0.4350622 0.5876353 0.4790574 0.6664956 0.4469363 0.6445824 0.4444958 0.6445824 0.4899922 0.5550811 0.4559032 0.5550811 0.4552793 0.5876353 0.4899922 0.5550811 0.4552793 0.5876353 0.4871709 0.5876353 0.4212105 0.5557507 0.418928 0.5557507 0.4254723 0.5883048 0.4212105 0.5557507 0.4254723 0.5883048 0.4276077 0.5883048 0.4790574 0.6664956 0.4594179 0.6445824 0.4810678 0.6445824 0.3832236 0.5557499 0.3840448 0.5557499 0.3928368 0.5883041 0.3832236 0.5557499 0.3928368 0.5883041 0.3920689 0.5883041 0.422527 0.6439145 0.4752433 0.6662399 0.4227066 0.6439145 0.3923313 0.5557492 0.4161329 0.5561981 0.4228575 0.5887244 0.3923313 0.5557492 0.4228575 0.5887244 0.4005892 0.5883041 0.4594179 0.6445824 0.4790574 0.6664956 0.4411497 0.6448642 0.4192568 0.6445824 0.4233729 0.6445824 0.4790574 0.6664956 0.4161329 0.5561981 0.4438565 0.5557492 0.4487946 0.5883033 0.4161329 0.5561981 0.4487946 0.5883033 0.4228575 0.5887244 0.424915 0.5557507 0.4212105 0.5557507 0.4276077 0.5883048 0.424915 0.5557507 0.4276077 0.5883048 0.431073 0.5883048 0.4161329 0.5561981 0.4159612 0.5557492 0.4438565 0.5557492 0.3923313 0.5557492 0.4159612 0.5557492 0.4161329 0.5561981 0.4254652 0.6445824 0.4411497 0.6448642 0.4790574 0.6664956 0.3947229 0.555082 0.3869867 0.5550811 0.3908033 0.5876353 0.3947229 0.555082 0.3908033 0.5876353 0.3980413 0.5876361 0.4752433 0.6662399 0.4599025 0.6439145 0.4758301 0.6439145 0.394223 0.555082 0.4195526 0.555082 0.42127 0.5876361 0.394223 0.555082 0.42127 0.5876361 0.3975737 0.5876361 0.3915418 0.5550811 0.3928678 0.5550811 0.3947229 0.555082 0.4159248 0.5557507 0.3935962 0.5557499 0.4017727 0.5883048 0.4159248 0.5557507 0.4017727 0.5883048 0.4226624 0.5883048 0.3829108 0.5557499 0.3891564 0.5557499 0.3976195 0.5883041 0.3829108 0.5557499 0.3976195 0.5883041 0.3917755 0.5883041 0.3926788 0.555082 0.3912068 0.555082 0.394223 0.555082 0.4856345 0.6439138 0.4631719 0.6439138 0.4752433 0.6662399 0.3926788 0.555082 0.394223 0.555082 0.3944963 0.555082 0.4438565 0.5557492 0.4767102 0.5557492 0.4795314 0.5883033 0.4438565 0.5557492 0.4795314 0.5883033 0.4487946 0.5883033 0.4790574 0.6664956 0.4429911 0.6445824 0.441012 0.6445824 0.4559032 0.5550811 0.4393695 0.5550811 0.4398107 0.5876353 0.4559032 0.5550811 0.4398107 0.5876353 0.4552793 0.5876353 0.4790574 0.6664956 0.4194635 0.6445824 0.4200046 0.6445824 0.4752433 0.6662399 0.4177584 0.6439145 0.4177421 0.6439145 0.4393695 0.5550811 0.4342936 0.5550811 0.4350622 0.5876353 0.4393695 0.5550811 0.4350622 0.5876353 0.4398107 0.5876353 0.3840448 0.5557499 0.3808395 0.5557499 0.3898382 0.5883041 0.3840448 0.5557499 0.3898382 0.5883041 0.3928368 0.5883041 0.4790574 0.6664956 0.441012 0.6445824 0.4262988 0.6445824 0.4915897 0.5557507 0.4860943 0.5557507 0.4883102 0.5883048 0.4915897 0.5557507 0.4883102 0.5883048 0.493452 0.5883048 0.4790574 0.6664956 0.424188 0.6445824 0.4194635 0.6445824 0.4752433 0.6662399 0.4489317 0.6439145 0.4230618 0.6439145 0.4177584 0.6439145 0.4752433 0.6662399 0.422856 0.6439145 0.4469363 0.6445824 0.4790574 0.6664956 0.4872514 0.6445824 0.4192568 0.6445824 0.4790574 0.6664956 0.4198638 0.6445824 0.4790574 0.6664956 0.4444958 0.6445824 0.4429911 0.6445824 0.4522761 0.6439138 0.4752433 0.6662399 0.4631719 0.6439138 0.4752433 0.6662399 0.422527 0.6439145 0.4392178 0.6439145 0.4790574 0.6664956 0.4178923 0.6445824 0.4198638 0.6445824 0.419462 0.5280372 0.4336425 0.5280342 0.4391405 0.5553629 0.4391405 0.5553629 0.4259606 0.5553629 0.419462 0.5280372 0.4336425 0.5280342 0.4596377 0.528028 0.463302 0.5553629 0.463302 0.5553629 0.4391405 0.5553629 0.4336425 0.5280342 0.4812358 0.5553629 0.463302 0.5553629 0.4596377 0.528028 0.4596377 0.528028 0.4789323 0.5280225 0.4812358 0.5553629 0.4789323 0.5280225 0.4891988 0.5280202 0.4907778 0.5553629 0.4907778 0.5553629 0.4812358 0.5553629 0.4789323 0.5280225 0.4891988 0.5280202 0.4891988 0.5280202 0.4907778 0.5553629 0.4907778 0.5553629 0.4907778 0.5553629 0.4891988 0.5280202 0.4891988 0.5280202 0.4789323 0.5280225 0.4812358 0.5553621 0.4812358 0.5553621 0.4907778 0.5553629 0.4891988 0.5280202 0.467213 0.5280257 0.4596377 0.5280271 0.463302 0.5553621 0.4789323 0.5280225 0.467213 0.5280257 0.463302 0.5553621 0.4789323 0.5280225 0.463302 0.5553621 0.4812358 0.5553621 0.4596377 0.5280271 0.4336425 0.5280333 0.4391405 0.5553621 0.4391405 0.5553621 0.463302 0.5553621 0.4596377 0.5280271 0.4336425 0.5280333 0.419462 0.5280365 0.4259606 0.5553621 0.4259606 0.5553621 0.4391405 0.5553621 0.4336425 0.5280333 0.419462 0.5280365 0.3899009 0.5280435 0.3984848 0.5553621 0.3984848 0.5553621 0.4259606 0.5553621 0.419462 0.5280365 0.3899009 0.5280435 0.3639057 0.5280497 0.3743231 0.5553621 0.3743231 0.5553621 0.3984848 0.5553621 0.3899009 0.5280435 0.3639057 0.5280497 0.3446111 0.528055 0.3563893 0.5553621 0.3563893 0.5553621 0.3743231 0.5553621 0.3639057 0.5280497 0.3446111 0.528055 0.3343447 0.5280574 0.3468474 0.5553629 0.3468474 0.5553629 0.3563893 0.5553621 0.3446111 0.528055 0.3343447 0.5280574 0.3343447 0.5280574 0.3468474 0.5553629 0.3468474 0.5553629 0.3468474 0.5553629 0.3343447 0.5280574 0.3343447 0.5280574 0.3446111 0.528055 0.3563893 0.5553629 0.3563893 0.5553629 0.3468474 0.5553629 0.3343447 0.5280574 0.3446111 0.528055 0.3639057 0.5280504 0.3743231 0.5553629 0.3743231 0.5553629 0.3563893 0.5553629 0.3446111 0.528055 0.3639057 0.5280504 0.3899009 0.5280442 0.3984848 0.5553629 0.3984848 0.5553629 0.3743231 0.5553629 0.3639057 0.5280504 0.3899009 0.5280442 0.419462 0.5280372 0.4259606 0.5553629 0.4259606 0.5553629 0.3984848 0.5553629 0.3899009 0.5280442 0.4391405 0.5553621 0.4259606 0.5553621 0.3984848 0.5553621 0.4576455 0.5561841 0.4237849 0.556185 0.3986527 0.556185 0.3986527 0.556185 0.3852801 0.556185 0.3852801 0.556185 0.4576455 0.5561841 0.3986527 0.556185 0.3852801 0.556185 0.3852801 0.556185 0.3986527 0.556185 0.4237849 0.556185 0.4237849 0.556185 0.4576455 0.556185 0.4961502 0.556185 0.3852801 0.556185 0.4237849 0.556185 0.4961502 0.556185 0.4576455 0.5561841 0.3852801 0.556185 0.4961502 0.556185 0.4705521 0.5568529 0.4520819 0.5568529 0.4182212 0.5568529 0.4182212 0.5568529 0.3930891 0.5568529 0.3797165 0.5568529 0.4705521 0.5568529 0.4182212 0.5568529 0.3797165 0.5568529 0.3984848 0.5553621 0.4259606 0.5553629 0.4907778 0.5553629 0.3797165 0.5568529 0.3797165 0.5568529 0.3930891 0.5568529 0.3984848 0.5553621 0.4907778 0.5553629 0.4812358 0.5553621 0.4391405 0.5553621 0.3984848 0.5553621 0.4812358 0.5553621 0.4182212 0.5568529 0.4520819 0.5568522 0.3930891 0.5568529 0.3446111 0.528055 0.3343447 0.5280574 0.3343447 0.5280574 0.3343447 0.5280574 0.3446111 0.528055 0.3639057 0.5280497 0.3639057 0.5280497 0.3899009 0.5280435 0.419462 0.5280365 0.3343447 0.5280574 0.3639057 0.5280497 0.419462 0.5280365 0.419462 0.5280365 0.4336425 0.5280333 0.4596377 0.5280271 0.419462 0.5280365 0.4596377 0.5280271 0.467213 0.5280257 0.467213 0.5280257 0.4789323 0.5280225 0.4891988 0.5280202 0.4891988 0.5280202 0.4891988 0.5280202 0.4789323 0.5280225 0.467213 0.5280257 0.4891988 0.5280202 0.4789323 0.5280225 0.419462 0.5280365 0.467213 0.5280257 0.4789323 0.5280225 0.4789323 0.5280225 0.4596377 0.528028 0.4336425 0.5280342 0.4336425 0.5280342 0.419462 0.5280372 0.3899009 0.5280442 0.4789323 0.5280225 0.4336425 0.5280342 0.3899009 0.5280442 0.419462 0.5280365 0.4789323 0.5280225 0.3899009 0.5280442 0.3343447 0.5280574 0.419462 0.5280365 0.3899009 0.5280442 0.3446111 0.528055 0.3343447 0.5280574 0.3899009 0.5280442 0.3446111 0.528055 0.3899009 0.5280442 0.3639057 0.5280504 0.4226624 0.5883048 0.4017727 0.5883048 0.4262988 0.6445824 0.4226624 0.5883048 0.4262988 0.6445824 0.441012 0.6445824 0.4017727 0.5883048 0.3987758 0.5883048 0.424188 0.6445824 0.4017727 0.5883048 0.424188 0.6445824 0.4262988 0.6445824 0.4228575 0.5887244 0.4487946 0.5883033 0.4594179 0.6445824 0.4228575 0.5887244 0.4594179 0.6445824 0.4411497 0.6448642 0.4276077 0.5883048 0.4254723 0.5883048 0.4429911 0.6445824 0.4276077 0.5883048 0.4429911 0.6445824 0.4444958 0.6445824 0.3928368 0.5883041 0.3898382 0.5883041 0.4178923 0.6445824 0.3928368 0.5883041 0.4178923 0.6445824 0.4200046 0.6445824 0.3907803 0.5876361 0.3978291 0.5876361 0.4227066 0.6439145 0.3907803 0.5876361 0.4227066 0.6439145 0.4177421 0.6439145 0.4005892 0.5883041 0.4228575 0.5887244 0.4411497 0.6448642 0.4005892 0.5883041 0.4411497 0.6448642 0.4254652 0.6445824 0.4871709 0.5876353 0.4552793 0.5876353 0.4631719 0.6439138 0.4871709 0.5876353 0.4631719 0.6439138 0.4856345 0.6439138 0.4506384 0.5876369 0.4732503 0.5876369 0.4758301 0.6439145 0.4506384 0.5876369 0.4758301 0.6439145 0.4599025 0.6439145 0.3917755 0.5883041 0.3976195 0.5883041 0.4233729 0.6445824 0.3917755 0.5883041 0.4233729 0.6445824 0.4192568 0.6445824 0.3898382 0.5883041 0.3926371 0.5883041 0.4198638 0.6445824 0.3898382 0.5883041 0.4198638 0.6445824 0.4178923 0.6445824 0.42127 0.5876361 0.4506384 0.5876369 0.4599025 0.6439145 0.42127 0.5876361 0.4599025 0.6439145 0.4392178 0.6439145 0.4552793 0.5876353 0.4398107 0.5876353 0.4522761 0.6439138 0.4552793 0.5876353 0.4522761 0.6439138 0.4631719 0.6439138 0.3950651 0.5876353 0.3980413 0.5876361 0.422856 0.6439145 0.3950651 0.5876353 0.422856 0.6439145 0.4207599 0.6439145 0.3926371 0.5883041 0.3917755 0.5883041 0.4192568 0.6445824 0.3926371 0.5883041 0.4192568 0.6445824 0.4198638 0.6445824 0.4883102 0.5883048 0.431073 0.5883048 0.4469363 0.6445824 0.4883102 0.5883048 0.4469363 0.6445824 0.4872514 0.6445824 0.3920689 0.5883041 0.3928368 0.5883041 0.4200046 0.6445824 0.3920689 0.5883041 0.4200046 0.6445824 0.4194635 0.6445824 0.3935962 0.5557499 0.3903933 0.5557499 0.3987758 0.5883048 0.3935962 0.5557499 0.3987758 0.5883048 0.4017727 0.5883048 0.4752433 0.6662399 0.4522761 0.6439138 0.4489317 0.6439145 0.4227066 0.6439145 0.4752433 0.6662399 0.4177421 0.6439145 0.3903933 0.5557499 0.3832236 0.5557499 0.3920689 0.5883041 0.3903933 0.5557499 0.3920689 0.5883041 0.3987758 0.5883048 0.4195526 0.555082 0.4509426 0.5550827 0.4506384 0.5876369 0.4195526 0.555082 0.4506384 0.5876369 0.42127 0.5876361 0.4752433 0.6662399 0.4207599 0.6439145 0.422856 0.6439145 0.4178923 0.6445824 0.4790574 0.6664956 0.4200046 0.6445824 0.3808395 0.5557499 0.3838311 0.5557499 0.3926371 0.5883041 0.3808395 0.5557499 0.3926371 0.5883041 0.3898382 0.5883041 0.3915418 0.5550811 0.3947229 0.555082 0.3980413 0.5876361 0.3915418 0.5550811 0.3980413 0.5876361 0.3950651 0.5876353 0.3869867 0.5550811 0.386962 0.555082 0.3907803 0.5876361 0.3869867 0.5550811 0.3907803 0.5876361 0.3908033 0.5876353 0.4233729 0.6445824 0.4254652 0.6445824 0.4790574 0.6664956 0.418928 0.5557507 0.4159248 0.5557507 0.4226624 0.5883048 0.418928 0.5557507 0.4226624 0.5883048 0.4254723 0.5883048 0.3891564 0.5557499 0.3923313 0.5557492 0.4005892 0.5883041 0.3891564 0.5557499 0.4005892 0.5883041 0.3976195 0.5883041 0.4860943 0.5557507 0.424915 0.5557507 0.431073 0.5883048 0.4860943 0.5557507 0.431073 0.5883048 0.4883102 0.5883048 0.4509426 0.5550827 0.4751126 0.5550827 0.4732503 0.5876369 0.4509426 0.5550827 0.4732503 0.5876369 0.4506384 0.5876369 0.386962 0.555082 0.3944963 0.555082 0.3978291 0.5876361 0.386962 0.555082 0.3978291 0.5876361 0.3907803 0.5876361 0.4908722 0.6445824 0.4872514 0.6445824 0.4790574 0.6664956 0.3950358 0.555082 0.3915418 0.5550811 0.3950651 0.5876353 0.3950358 0.555082 0.3950651 0.5876353 0.3983338 0.5876361 0.3944963 0.555082 0.394223 0.555082 0.3975737 0.5876361 0.3944963 0.555082 0.3975737 0.5876361 0.3978291 0.5876361 0.4752433 0.6662399 0.4230618 0.6439145 0.4207599 0.6439145 0.4599025 0.6439145 0.4752433 0.6662399 0.4392178 0.6439145 0.4790574 0.6664956 0.4262988 0.6445824 0.424188 0.6445824 0.493452 0.5883048 0.4883102 0.5883048 0.4872514 0.6445824 0.493452 0.5883048 0.4872514 0.6445824 0.4908722 0.6445824 0.4254723 0.5883048 0.4226624 0.5883048 0.441012 0.6445824 0.4254723 0.5883048 0.441012 0.6445824 0.4429911 0.6445824 0.3987758 0.5883048 0.3920689 0.5883041 0.4194635 0.6445824 0.3987758 0.5883048 0.4194635 0.6445824 0.424188 0.6445824 0.3978291 0.5876361 0.3975737 0.5876361 0.422527 0.6439145 0.3978291 0.5876361 0.422527 0.6439145 0.4227066 0.6439145 0.3976195 0.5883041 0.4005892 0.5883041 0.4254652 0.6445824 0.3976195 0.5883041 0.4254652 0.6445824 0.4233729 0.6445824 0.431073 0.5883048 0.4276077 0.5883048 0.4444958 0.6445824 0.431073 0.5883048 0.4444958 0.6445824 0.4469363 0.6445824 0.3975737 0.5876361 0.42127 0.5876361 0.4392178 0.6439145 0.3975737 0.5876361 0.4392178 0.6439145 0.422527 0.6439145 0.4487946 0.5883033 0.4795314 0.5883033 0.4810678 0.6445824 0.4487946 0.5883033 0.4810678 0.6445824 0.4594179 0.6445824 0.3980413 0.5876361 0.3908033 0.5876353 0.4177584 0.6439145 0.3980413 0.5876361 0.4177584 0.6439145 0.422856 0.6439145 0.3983338 0.5876361 0.3950651 0.5876353 0.4207599 0.6439145 0.3983338 0.5876361 0.4207599 0.6439145 0.4230618 0.6439145 0.4350622 0.5876353 0.3983338 0.5876361 0.4230618 0.6439145 0.4350622 0.5876353 0.4230618 0.6439145 0.4489317 0.6439145 0.4398107 0.5876353 0.4350622 0.5876353 0.4489317 0.6439145 0.4398107 0.5876353 0.4489317 0.6439145 0.4522761 0.6439138 0.3908033 0.5876353 0.3907803 0.5876361 0.4177421 0.6439145 0.3908033 0.5876353 0.4177421 0.6439145 0.4177584 0.6439145 0.03701496 0.617915 0.114907 0.627237 0.06840896 0.551967 0.06536698 0.549686 0.17193 0.66821 0.06071799 0.652855 0.17193 0.66821 0.171956 0.674163 0.06071799 0.652855 0.258394 0.56792 0.263476 0.651621 0.07430899 0.56627 0.263818 0.652885 0.258566 0.563515 0.07356399 0.654158 0.07356399 0.654158 0.258566 0.563515 0.07494896 0.564022 0.07184797 0.56627 0.258554 0.577798 0.07455599 0.648652 0.256334 0.651759 0.07455599 0.648652 0.258554 0.577798 0.06864196 0.580335 0.07563698 0.646454 0.256463 0.650868 0.06864196 0.580335 0.256463 0.650868 0.258896 0.579062 0.717415 0.698022 0.774199 0.740019 0.772211 0.636448 0.717415 0.698022 0.715257 0.733243 0.774199 0.740019 0.719265 0.63732 0.775867 0.635169 0.774705 0.731433 0.775027 0.73946 0.774705 0.731433 0.775867 0.635169 0.09416198 0.559308 0.06320399 0.553957 0.146852 0.738671 0.004358947 0.737339 0.146852 0.738671 0.06320399 0.553957 0.238168 0.567736 0.286608 0.567745 0.279778 0.736171 0.279778 0.736171 0.06892699 0.733919 0.238168 0.567736 0.774705 0.731433 0.716139 0.731857 0.719265 0.63732 0.772211 0.636448 0.717869 0.638691 0.717415 0.698022 0.772211 0.636448 0.774472 0.635749 0.717869 0.638691 0.716139 0.731857 0.774705 0.731433 0.775027 0.73946 0.7499242 0.9784727 0.7497753 0.9717085 0.8106923 0.9215052 0.8106923 0.9215052 0.7497753 0.9717085 0.7058596 0.9191403 0.7499242 0.9784727 0.8106923 0.9215052 0.7757664 0.9463637 0.7757664 0.9463637 0.7081053 0.9160002 0.7499242 0.9784727 0.393068 0.736056 0.280253 0.734965 0.283685 0.836306 0.386822 0.838134 0.393068 0.736056 0.283685 0.836306 0.280254 0.734867 0.39307 0.735875 0.282328 0.835713 0.282328 0.835713 0.39307 0.735875 0.386261 0.839745 0.114907 0.627237 0.225799 0.626639 0.267227 0.553976 0.267227 0.553976 0.06840896 0.551967 0.114907 0.627237 0.139672 0.738735 0.1372269 0.834089 0.008893966 0.83421 0.139672 0.738735 0.008893966 0.83421 0.008986949 0.738054 0.06536698 0.549686 0.165819 0.549324 0.17193 0.66821 0.08791697 0.735093 0.185194 0.833719 0.104761 0.831592 0.280816 0.738299 0.185194 0.833719 0.08791697 0.735093 0.774199 0.740019 0.774472 0.635749 0.772211 0.636448 0.6386767 0.96258 0.6369863 0.9941391 0.7546377 0.9688618 0.7546377 0.9688618 0.6369863 0.9941391 0.7324734 0.9893639 0.7324734 0.9893639 0.6369863 0.9941391 0.639055 0.9602572 0.7324734 0.9893639 0.639055 0.9602572 0.7321437 0.9201726 0.639055 0.9602572 0.6362972 0.926423 0.7321437 0.9201726 0.7540988 0.9449534 0.6386767 0.96258 0.7546377 0.9688618 0.7540988 0.9449534 0.7321437 0.9201726 0.6362972 0.926423 0.6362972 0.926423 0.6386767 0.96258 0.7540988 0.9449534 0.260568 0.563542 0.07219099 0.563994 0.265879 0.647207 0.265407 0.657401 0.06999498 0.65625 0.260399 0.568003 0.06999498 0.65625 0.07154798 0.566168 0.260399 0.568003 0.06972998 0.563994 0.07287698 0.646407 0.260957 0.573383 0.256871 0.650874 0.260957 0.573383 0.07287698 0.646407 0.06507396 0.582426 0.256742 0.651776 0.07179296 0.64853 0.06507396 0.582426 0.260485 0.583578 0.256742 0.651776 0.721722 0.696625 0.776836 0.635812 0.77826 0.739422 0.721722 0.696625 0.77826 0.739422 0.719371 0.73182 0.721102 0.638621 0.777066 0.731917 0.777704 0.635678 0.777433 0.739936 0.777704 0.635678 0.777066 0.731917 0.777066 0.731917 0.721102 0.638621 0.718489 0.733161 0.776836 0.635812 0.721722 0.696625 0.722497 0.637295 0.776836 0.635812 0.722497 0.637295 0.779098 0.635144 0.718489 0.733161 0.777433 0.739936 0.777066 0.731917 0.7457705 0.9322277 0.8090242 0.9864936 0.7459229 0.939006 0.8090242 0.9864936 0.703673 0.9945271 0.7459229 0.939006 0.7719508 0.9639822 0.8090242 0.9864936 0.7457705 0.9322277 0.7457705 0.9322277 0.7088548 0.9977633 0.7719508 0.9639822 0.77826 0.739422 0.776836 0.635812 0.779098 0.635144 0.6412699 0.9625129 0.7546456 0.968877 0.6395673 0.9941529 0.7546456 0.968877 0.732096 0.9902826 0.6395673 0.9941529 0.732096 0.9902826 0.6416242 0.9601854 0.6395673 0.9941529 0.732096 0.9902826 0.7332315 0.9205244 0.6416242 0.9601854 0.6416242 0.9601854 0.7332315 0.9205244 0.6388744 0.9262639 0.7541067 0.9449162 0.7546456 0.968877 0.6412699 0.9625129 0.7541067 0.9449162 0.6388744 0.9262639 0.7332315 0.9205244 0.6388744 0.9262639 0.7541067 0.9449162 0.6412699 0.9625129 0.270527 0.548946 0.276104 0.652855 0.17193 0.66821 0.17193 0.66821 0.276104 0.652855 0.171956 0.674163 0.29909 0.616849 0.267227 0.553976 0.225799 0.626639 0.05439597 0.567724 0.126963 0.56773 0.08481597 0.72268 0.08481597 0.72268 0.126963 0.56773 0.1777369 0.564629 0.1777369 0.564629 0.238168 0.567736 0.06892699 0.733919 0.079737 0.557835 0.001693964 0.557835 0.131542 0.737727 0.131542 0.737727 0.001693964 0.557835 0.003435969 0.739501 0.003436982 0.739673 0.001694977 0.557819 0.131543 0.737898 0.131543 0.737898 0.001694977 0.557819 0.07973796 0.557819 0.004358947 0.737339 0.06320399 0.553957 0.003238976 0.563074 0.146852 0.738671 0.151741 0.567745 0.09416198 0.559308 0.280816 0.738299 0.274333 0.83491 0.185194 0.833719 0.165819 0.549324 0.270527 0.548946 0.17193 0.66821 0.171956 0.674163 0.114907 0.627237 0.03701496 0.617915 0.03701496 0.617915 0.06071799 0.652855 0.171956 0.674163 0.225799 0.626639 0.114907 0.627237 0.171956 0.674163 0.276104 0.652855 0.29909 0.616849 0.225799 0.626639 0.225799 0.626639 0.171956 0.674163 0.276104 0.652855 0.339259 0.479727 0.359274 0.507051 0.295069 0.510912 0.359274 0.507051 0.343652 0.479551 0.300064 0.510717 0.360255 0.509097 0.340198 0.480042 0.295156 0.512987 0.344586 0.479863 0.360255 0.509097 0.29995 0.512795 0.532588 0.430241 0.387642 0.44427 0.343652 0.479551 0.587025 0.517128 0.532588 0.430241 0.343652 0.479551 0.587037 0.517567 0.339259 0.479727 0.387642 0.44427 0.387642 0.44427 0.532588 0.430241 0.587037 0.517567 0.387642 0.44427 0.295136 0.432855 0.343652 0.479551 0.339259 0.479727 0.295136 0.432855 0.387642 0.44427 0.300508 0.437091 0.300064 0.510717 0.343652 0.479551 0.343652 0.479551 0.295136 0.432855 0.300508 0.437091 0.339259 0.479727 0.295069 0.510912 0.300508 0.437091 0.295136 0.432855 0.339259 0.479727 0.300508 0.437091 0.388531 0.44245 0.53442 0.429188 0.344586 0.479863 0.53442 0.429188 0.588201 0.520087 0.344586 0.479863 0.340198 0.480042 0.588213 0.520557 0.388531 0.44245 0.53442 0.429188 0.388531 0.44245 0.588213 0.520557 0.296004 0.430188 0.388531 0.44245 0.344586 0.479863 0.296004 0.430188 0.340198 0.480042 0.388531 0.44245 0.29995 0.512795 0.300484 0.434579 0.344586 0.479863 0.296004 0.430188 0.344586 0.479863 0.300484 0.434579 0.295156 0.512987 0.340198 0.480042 0.300484 0.434579 0.340198 0.480042 0.296004 0.430188 0.300484 0.434579 0.588201 0.520087 0.588213 0.520557 0.360255 0.509097 0.587037 0.517567 0.587025 0.517128 0.359274 0.507051 0.339259 0.479727 0.587037 0.517567 0.359274 0.507051 0.359274 0.507051 0.587025 0.517128 0.343652 0.479551 0.360255 0.509097 0.588213 0.520557 0.340198 0.480042 0.344586 0.479863 0.588201 0.520087 0.360255 0.509097 0.587025 0.517128 0.586038 0.427325 0.532588 0.430241 0.586206 0.43436 0.532588 0.430241 0.586038 0.427325 0.532588 0.430241 0.586206 0.43436 0.587037 0.517567 0.587201 0.429764 0.587023 0.422293 0.53442 0.429188 0.588201 0.520087 0.53442 0.429188 0.587023 0.422293 0.588213 0.520557 0.587201 0.429764 0.53442 0.429188 0.29995 0.512795 0.360255 0.509097 0.295156 0.512987 0.295069 0.510912 0.359274 0.507051 0.300064 0.510717 0.588201 0.520087 0.587023 0.422293 0.587201 0.429764 0.587201 0.429764 0.588213 0.520557 0.588201 0.520087 0.587025 0.517128 0.587037 0.517567 0.586206 0.43436 0.586206 0.43436 0.586038 0.427325 0.587025 0.517128</float_array>
          <technique_common>
            <accessor source="#clipeus_000-mesh-map-0-array" count="1419" stride="2">
              <param name="S" type="float"/>
              <param name="T" type="float"/>
            </accessor>
          </technique_common>
        </source>
        <vertices id="clipeus_000-mesh-vertices">
          <input semantic="POSITION" source="#clipeus_000-mesh-positions"/>
        </vertices>
        <lines count="3">
          <input semantic="VERTEX" source="#clipeus_000-mesh-vertices" offset="0"/>
          <p>1 0 69 68 70 68</p>
        </lines>
        <triangles material="Material-material" count="473">
          <input semantic="VERTEX" source="#clipeus_000-mesh-vertices" offset="0"/>
          <input semantic="NORMAL" source="#clipeus_000-mesh-normals" offset="1"/>
          <input semantic="TEXCOORD" source="#clipeus_000-mesh-map-0" offset="2" set="0"/>
          <p>6 0 0 7 0 1 3 0 2 2 1 3 8 1 4 7 1 5 2 2 6 7 2 7 6 2 8 4 3 9 6 3 10 3 3 11 4 4 12 2 4 13 6 4 14 3 5 15 8 5 16 5 5 17 2 6 18 5 6 19 8 6 20 7 7 21 8 7 22 3 7 23 18 8 24 11 8 25 16 8 26 9 9 27 12 9 28 18 9 29 9 10 30 14 10 31 12 10 32 13 11 33 12 11 34 14 11 35 16 12 36 11 12 37 14 12 38 11 13 39 13 13 40 14 13 41 9 14 42 18 14 43 16 14 44 17 15 45 15 15 46 24 15 47 17 16 48 24 16 49 22 16 50 10 17 51 17 17 52 22 17 53 10 18 54 22 18 55 20 18 56 15 19 57 10 19 58 20 19 59 15 20 60 20 20 61 24 20 62 27 21 63 19 21 64 26 21 65 25 22 66 21 22 67 26 22 68 25 23 69 26 23 70 19 23 71 21 24 72 23 24 73 27 24 74 21 25 75 27 25 76 26 25 77 23 26 78 25 26 79 19 26 80 23 27 81 19 27 82 27 27 83 28 28 84 32 28 85 36 28 86 28 29 87 36 29 88 34 29 89 34 30 90 36 30 91 37 30 92 37 31 93 41 31 94 39 31 95 39 32 96 41 32 97 46 32 98 39 33 99 46 33 100 42 33 101 43 34 102 47 34 103 50 34 104 43 35 105 50 35 106 48 35 107 48 36 108 50 36 109 51 36 110 51 37 111 55 37 112 53 37 113 53 38 114 55 38 115 33 38 116 53 39 117 33 39 118 29 39 119 67 40 120 56 40 121 57 40 122 58 41 123 59 41 124 60 41 125 60 42 126 61 42 127 62 42 128 65 43 129 67 43 130 57 43 131 65 44 132 57 44 133 63 44 134 65 45 135 66 45 136 67 45 137 64 46 138 58 46 139 60 46 140 64 47 141 60 47 142 62 47 143 32 48 144 57 48 145 56 48 146 32 49 147 56 49 148 36 49 149 55 50 150 59 50 151 58 50 152 55 51 153 58 51 154 33 51 155 51 52 156 60 52 157 59 52 158 51 53 159 59 53 160 55 53 161 51 54 162 61 54 163 60 54 164 50 55 165 62 55 166 61 55 167 50 56 168 61 56 169 51 56 170 47 57 171 64 57 172 62 57 173 47 58 174 62 58 175 50 58 176 41 59 177 65 59 178 63 59 179 41 60 180 63 60 181 46 60 182 37 61 183 66 61 184 65 61 185 37 62 186 65 62 187 41 62 188 37 63 189 67 63 190 66 63 191 36 64 192 56 64 193 67 64 194 36 65 195 67 65 196 37 65 197 44 66 198 49 66 199 52 66 200 52 67 201 54 67 202 30 67 203 52 68 204 30 68 205 44 68 206 45 69 207 31 69 208 35 69 209 35 70 210 38 70 211 40 70 212 35 71 213 40 71 214 45 71 215 71 72 216 73 72 217 75 72 218 72 73 219 76 73 220 78 73 221 72 74 222 78 74 223 80 74 224 80 75 225 83 75 226 72 75 227 85 76 228 86 76 229 89 76 230 85 77 231 89 77 232 92 77 233 85 78 234 92 78 235 94 78 236 85 79 237 94 79 238 96 79 239 99 80 240 81 80 241 79 80 242 99 81 243 79 81 244 101 81 245 99 82 246 101 82 247 102 82 248 72 83 249 83 83 250 104 83 251 85 84 252 105 84 253 86 84 254 74 85 255 106 85 256 108 85 257 108 86 258 77 86 259 74 86 260 109 87 261 97 87 262 107 87 263 93 88 264 110 88 265 112 88 266 93 89 267 112 89 268 95 89 269 90 90 270 99 90 271 102 90 272 90 91 273 102 91 274 110 91 275 90 92 276 110 92 277 93 92 278 108 93 279 106 93 280 113 93 281 113 94 282 101 94 283 108 94 284 113 95 285 106 95 286 112 95 287 112 96 288 110 96 289 113 96 290 101 97 291 79 97 292 77 97 293 77 98 294 108 98 295 101 98 296 106 99 297 98 99 298 95 99 299 95 100 300 112 100 301 106 100 302 114 101 303 111 101 304 103 101 305 113 102 306 102 102 307 101 102 308 73 103 309 109 103 310 107 103 311 82 104 312 100 104 313 91 104 314 72 105 315 104 105 316 115 105 317 82 106 318 91 106 319 87 106 320 86 107 321 105 107 322 104 107 323 88 108 324 84 108 325 81 108 326 105 109 327 85 109 328 116 109 329 116 110 330 115 110 331 104 110 332 104 111 333 105 111 334 116 111 335 104 112 336 83 112 337 86 112 338 117 113 339 118 113 340 119 113 341 117 114 342 119 114 343 121 114 344 123 115 345 124 115 346 125 115 347 123 116 348 125 116 349 127 116 350 129 117 351 130 117 352 131 117 353 132 118 354 134 118 355 135 118 356 132 119 357 135 119 358 137 119 359 141 120 360 142 120 361 143 120 362 141 121 363 143 121 364 145 121 365 147 122 366 148 122 367 149 122 368 151 123 369 152 123 370 153 123 371 151 124 372 153 124 373 156 124 374 158 125 375 159 125 376 160 125 377 161 126 378 162 126 379 163 126 380 161 127 381 163 127 382 165 127 383 148 128 384 147 128 385 167 128 386 168 129 387 169 129 388 170 129 389 162 130 390 171 130 391 172 130 392 162 131 393 172 131 394 163 131 395 174 132 396 141 132 397 145 132 398 174 133 399 145 133 400 175 133 401 177 134 402 178 134 403 179 134 404 180 135 405 178 135 406 177 135 407 181 136 408 167 136 409 182 136 410 183 137 411 184 137 412 185 137 413 183 138 414 185 138 415 187 138 416 189 139 417 190 139 418 191 139 419 193 140 420 194 140 421 195 140 422 193 141 423 195 141 424 197 141 425 199 142 426 200 142 427 201 142 428 202 143 429 203 143 430 204 143 431 202 144 432 204 144 433 206 144 434 118 145 435 208 145 436 209 145 437 118 146 438 209 146 439 119 146 440 211 147 441 212 147 442 213 147 443 150 148 444 214 148 445 215 148 446 211 149 447 213 149 448 216 149 449 171 150 450 133 150 451 138 150 452 171 151 453 138 151 454 172 151 455 217 152 456 218 152 457 219 152 458 134 153 459 220 153 460 221 153 461 134 154 462 221 154 463 135 154 464 223 155 465 225 155 466 226 155 467 227 156 468 228 156 469 229 156 470 220 157 471 123 157 472 127 157 473 220 158 474 127 158 475 221 158 476 152 159 477 230 159 478 231 159 479 152 160 480 231 160 481 153 160 482 217 161 483 219 161 484 234 161 485 235 162 486 237 162 487 238 162 488 235 163 489 238 163 490 240 163 491 244 164 492 245 164 493 246 164 494 247 165 495 248 165 496 249 165 497 228 166 498 227 166 499 250 166 500 130 167 501 129 167 502 251 167 503 252 168 504 253 168 505 254 168 506 255 169 507 131 169 508 218 169 509 256 170 510 257 170 511 214 170 512 258 171 513 158 171 514 259 171 515 224 172 516 260 172 517 261 172 518 262 173 519 264 173 520 265 173 521 265 174 522 266 174 523 262 174 524 264 175 525 268 175 526 269 175 527 269 176 528 265 176 529 264 176 530 270 177 531 269 177 532 268 177 533 268 178 534 271 178 535 270 178 536 271 179 537 272 179 538 273 179 539 273 180 540 270 180 541 271 180 542 274 181 543 275 181 544 276 181 545 276 182 546 277 182 547 274 182 548 275 183 549 278 183 550 279 183 551 279 184 552 276 184 553 275 184 554 280 185 555 281 185 556 282 185 557 278 186 558 280 186 559 282 186 560 278 187 561 282 187 562 279 187 563 281 188 564 283 188 565 284 188 566 284 189 567 282 189 568 281 189 569 283 190 570 285 190 571 287 190 572 287 191 573 284 191 574 283 191 575 286 192 576 289 192 577 290 192 578 290 193 579 288 193 580 286 193 581 289 194 582 291 194 583 292 194 584 292 195 585 290 195 586 289 195 587 291 196 588 293 196 589 294 196 590 294 197 591 292 197 592 291 197 593 293 198 594 295 198 595 296 198 596 296 199 597 294 199 598 293 199 599 297 200 600 298 200 601 299 200 602 299 201 603 300 201 604 297 201 605 298 202 606 301 202 607 302 202 608 302 203 609 299 203 610 298 203 611 301 204 612 303 204 613 304 204 614 304 205 615 302 205 616 301 205 617 303 206 618 305 206 619 306 206 620 306 207 621 304 207 622 303 207 623 305 208 624 263 208 625 267 208 626 267 209 627 306 209 628 305 209 629 307 147 630 310 147 631 311 147 632 312 210 633 314 210 634 315 210 635 315 211 636 316 211 637 317 211 638 312 212 639 315 212 640 317 212 641 317 213 642 318 213 643 319 213 644 319 147 645 320 147 646 321 147 647 317 214 648 319 214 649 321 214 650 312 215 651 317 215 652 321 215 653 322 147 654 324 147 655 325 147 656 325 216 657 326 216 658 327 216 659 322 217 660 325 217 661 327 217 662 313 218 663 323 218 664 328 218 665 327 219 666 329 219 667 330 219 668 313 220 669 328 220 670 331 220 671 308 221 672 313 221 673 331 221 674 332 222 675 309 222 676 330 222 677 333 223 678 334 223 679 335 223 680 335 224 681 336 224 682 337 224 683 337 225 684 338 225 685 339 225 686 335 226 687 337 226 688 339 226 689 340 227 690 342 227 691 343 227 692 340 228 693 343 228 694 344 228 695 344 229 696 345 229 697 346 229 698 346 230 699 347 230 700 348 230 701 344 231 702 346 231 703 348 231 704 340 232 705 344 232 706 348 232 707 348 233 708 350 233 709 351 233 710 352 234 711 354 234 712 355 234 713 349 235 714 353 235 715 356 235 716 341 236 717 349 236 718 356 236 719 335 237 720 339 237 721 355 237 722 333 238 723 335 238 724 355 238 725 333 239 726 355 239 727 357 239 728 207 240 729 205 240 730 358 240 731 207 241 732 358 241 733 359 241 734 205 242 735 360 242 736 362 242 737 205 243 738 362 243 739 358 243 740 164 244 741 173 244 742 363 244 743 164 245 744 363 245 745 364 245 746 146 246 747 144 246 748 365 246 749 146 247 750 365 247 751 366 247 752 154 248 753 232 248 754 367 248 755 154 249 756 367 249 757 368 249 758 370 250 759 373 250 760 375 250 761 370 251 762 375 251 763 376 251 764 166 252 765 164 252 766 364 252 767 166 253 768 364 253 769 378 253 770 139 254 771 136 254 772 379 254 773 139 255 774 379 255 775 380 255 776 382 256 777 242 256 778 384 256 779 382 257 780 384 257 781 386 257 782 120 258 783 210 258 784 387 258 785 120 259 786 387 259 787 388 259 788 233 260 789 122 260 790 389 260 791 232 261 792 390 261 793 367 261 794 196 262 795 382 262 796 386 262 797 196 263 798 386 263 799 391 263 800 136 264 801 222 264 802 392 264 803 136 265 804 392 265 805 379 265 806 393 266 807 188 266 808 395 266 809 393 267 810 395 267 811 396 267 812 122 268 813 120 268 814 388 268 815 122 269 816 388 269 817 389 269 818 239 270 819 176 270 820 397 270 821 239 271 822 397 271 823 398 271 824 157 272 825 155 272 826 369 272 827 157 273 828 369 273 829 399 273 830 203 274 831 400 274 832 361 274 833 203 275 834 361 275 835 204 275 836 247 276 837 256 276 838 248 276 839 160 277 840 159 277 841 401 277 842 400 278 843 151 278 844 156 278 845 400 279 846 156 279 847 361 279 848 194 280 849 402 280 850 383 280 851 194 281 852 383 281 853 195 281 854 403 282 855 404 282 856 405 282 857 406 283 858 253 283 859 407 283 860 230 284 861 117 284 862 121 284 863 230 285 864 121 285 865 231 285 866 408 286 867 183 286 868 187 286 869 408 287 870 187 287 871 394 287 872 184 288 873 409 288 874 371 288 875 184 289 876 371 289 877 185 289 878 169 290 879 181 290 880 410 290 881 142 291 882 202 291 883 206 291 884 142 292 885 206 292 886 143 292 887 208 293 888 161 293 889 165 293 890 208 294 891 165 294 892 209 294 893 237 295 894 174 295 895 175 295 896 237 296 897 175 296 898 238 296 899 402 297 900 236 297 901 241 297 902 402 298 903 241 298 904 383 298 905 409 299 906 411 299 907 374 299 908 409 300 909 374 300 910 371 300 911 192 301 912 251 301 913 129 301 914 124 302 915 408 302 916 394 302 917 124 303 918 394 303 919 125 303 920 411 304 921 193 304 922 197 304 923 411 305 924 197 305 925 374 305 926 403 306 927 412 306 928 404 306 929 413 307 930 414 307 931 415 307 932 217 308 933 234 308 934 245 308 935 243 309 936 239 309 937 398 309 938 243 310 939 398 310 940 385 310 941 144 311 942 207 311 943 359 311 944 144 312 945 359 312 946 365 312 947 360 313 948 157 313 949 399 313 950 360 314 951 399 314 952 362 314 953 373 315 954 198 315 955 416 315 956 373 316 957 416 316 958 375 316 959 210 317 960 166 317 961 378 317 962 210 318 963 378 318 964 387 318 965 176 319 966 146 319 967 366 319 968 176 320 969 366 320 970 397 320 971 198 321 972 196 321 973 391 321 974 198 322 975 391 322 976 416 322 977 173 323 978 140 323 979 381 323 980 173 324 981 381 324 982 363 324 983 188 325 984 186 325 985 417 325 986 188 326 987 417 326 988 395 326 989 126 327 990 393 327 991 396 327 992 126 328 993 396 328 994 418 328 995 128 329 996 126 329 997 418 329 998 128 330 999 418 330 1000 419 330 1001 222 331 1002 128 331 1003 419 331 1004 222 332 1005 419 332 1006 392 332 1007 186 333 1008 372 333 1009 377 333 1010 186 334 1011 377 334 1012 417 334 1013 475 335 1014 476 335 1015 441 335 1016 443 336 1017 471 336 1018 470 336 1019 471 337 1020 469 337 1021 470 337 1022 527 338 1023 525 338 1024 541 338 1025 528 339 1026 533 339 1027 543 339 1028 543 340 1029 533 340 1030 547 340 1031 542 341 1032 526 341 1033 545 341 1034 530 342 1035 545 342 1036 526 342 1037 544 343 1038 548 343 1039 534 343 1040 544 344 1041 534 344 1042 529 344 1043 549 345 1044 554 345 1045 546 345 1046 549 346 1047 550 346 1048 554 346 1049 551 347 1050 556 347 1051 555 347 1052 557 348 1053 555 348 1054 556 348 1055 559 349 1056 560 349 1057 422 349 1058 420 350 1059 422 350 1060 560 350 1061 562 351 1062 561 351 1063 428 351 1064 428 352 1065 425 352 1066 562 352 1067 555 353 1068 552 353 1069 551 353 1070 546 354 1071 553 354 1072 549 354 1073 546 355 1074 558 355 1075 553 355 1076 552 356 1077 555 356 1078 557 356 1079 531 357 1080 523 357 1081 479 357 1082 479 358 1083 523 358 1084 449 358 1085 531 359 1086 479 359 1087 480 359 1088 480 360 1089 451 360 1090 531 360 1091 433 361 1092 431 361 1093 453 361 1094 455 362 1095 435 362 1096 454 362 1097 438 363 1098 436 363 1099 448 363 1100 456 364 1101 423 364 1102 445 364 1103 476 365 1104 477 365 1105 446 365 1106 446 366 1107 441 366 1108 476 366 1109 421 367 1110 442 367 1111 447 367 1112 421 368 1113 447 368 1114 424 368 1115 443 369 1116 473 369 1117 471 369 1118 426 370 1119 474 370 1120 444 370 1121 429 371 1122 474 371 1123 426 371 1124 554 372 1125 558 372 1126 546 372 1127 536 373 1128 535 373 1129 524 373 1130 524 374 1131 535 374 1132 450 374 1133 457 375 1134 538 375 1135 537 375 1136 457 376 1137 537 376 1138 458 376 1139 537 377 1140 539 377 1141 458 377 1142 532 378 1143 536 378 1144 524 378 1145 532 379 1146 452 379 1147 540 379 1148 540 380 1149 536 380 1150 532 380 1151 486 381 1152 505 381 1153 487 381 1154 489 382 1155 507 382 1156 496 382 1157 507 383 1158 514 383 1159 496 383 1160 506 384 1161 509 384 1162 488 384 1163 491 385 1164 488 385 1165 509 385 1166 508 386 1167 497 386 1168 515 386 1169 508 387 1170 490 387 1171 497 387 1172 516 388 1173 511 388 1174 510 388 1175 516 389 1176 510 389 1177 517 389 1178 518 390 1179 513 390 1180 512 390 1181 519 391 1182 512 391 1183 513 391 1184 513 392 1185 518 392 1186 520 392 1187 511 393 1188 516 393 1189 521 393 1190 511 394 1191 521 394 1192 522 394 1193 520 395 1194 519 395 1195 513 395 1196 492 396 1197 472 396 1198 494 396 1199 472 397 1200 459 397 1201 494 397 1202 478 398 1203 472 398 1204 492 398 1205 492 399 1206 461 399 1207 478 399 1208 510 400 1209 511 400 1210 522 400 1211 499 401 1212 495 401 1213 498 401 1214 495 402 1215 460 402 1216 498 402 1217 463 403 1218 501 403 1219 500 403 1220 465 404 1221 464 404 1222 502 404 1223 501 405 1224 466 405 1225 503 405 1226 493 406 1227 495 406 1228 499 406 1229 493 407 1230 504 407 1231 462 407 1232 504 408 1233 493 408 1234 499 408 1235 467 409 1236 481 409 1237 471 409 1238 471 410 1239 481 410 1240 469 410 1241 482 411 1242 446 411 1243 477 411 1244 599 412 1245 600 412 1246 427 412 1247 427 413 1248 600 413 1249 430 413 1250 430 414 1251 562 414 1252 425 414 1253 570 415 1254 563 415 1255 439 415 1256 439 416 1257 563 416 1258 437 416 1259 434 417 1260 601 417 1261 432 417 1262 440 418 1263 607 418 1264 606 418 1265 420 419 1266 560 419 1267 608 419 1268 422 420 1269 572 420 1270 571 420 1271 429 421 1272 468 421 1273 474 421 1274 473 422 1275 467 422 1276 471 422 1277 483 423 1278 476 423 1279 475 423 1280 475 424 1281 484 424 1282 483 424 1283 477 425 1284 476 425 1285 483 425 1286 485 426 1287 482 426 1288 477 426 1289 477 427 1290 483 427 1291 485 427 1292 580 428 1293 564 428 1294 565 428 1295 573 429 1296 581 429 1297 566 429 1298 602 430 1299 614 430 1300 603 430 1301 615 431 1302 609 431 1303 567 431 1304 588 432 1305 589 432 1306 582 432 1307 592 433 1308 588 433 1309 582 433 1310 591 434 1311 583 434 1312 589 434 1313 589 435 1314 588 435 1315 591 435 1316 589 436 1317 568 436 1318 582 436 1319 583 437 1320 568 437 1321 589 437 1322 569 438 1323 574 438 1324 584 438 1325 584 439 1326 575 439 1327 569 439 1328 585 440 1329 576 440 1330 569 440 1331 575 441 1332 585 441 1333 569 441 1334 622 442 1335 625 442 1336 616 442 1337 625 443 1338 624 443 1339 616 443 1340 617 444 1341 623 444 1342 622 444 1343 625 445 1344 622 445 1345 623 445 1346 604 446 1347 622 446 1348 616 446 1349 604 447 1350 617 447 1351 622 447 1352 577 448 1353 605 448 1354 618 448 1355 610 449 1356 618 449 1357 605 449 1358 611 450 1359 619 450 1360 605 450 1361 619 451 1362 610 451 1363 605 451 1364 629 452 1365 628 452 1366 612 452 1367 596 453 1368 595 453 1369 578 453 1370 586 454 1371 596 454 1372 578 454 1373 578 455 1374 595 455 1375 587 455 1376 612 456 1377 628 456 1378 620 456 1379 621 457 1380 629 457 1381 612 457 1382 592 458 1383 594 458 1384 588 458 1385 593 459 1386 588 459 1387 594 459 1388 590 460 1389 597 460 1390 596 460 1391 626 461 1392 627 461 1393 625 461 1394 624 462 1395 625 462 1396 627 462 1397 628 463 1398 631 463 1399 630 463 1400 567 464 1401 609 464 1402 613 464 1403 579 465 1404 573 465 1405 566 465 1406 629 466 1407 632 466 1408 631 466 1409 631 467 1410 628 467 1411 629 467 1412 595 468 1413 596 468 1414 597 468 1415 597 469 1416 598 469 1417 595 469 1418</p>
        </triangles>
      </mesh>
    </geometry>
  </library_geometries>
  <library_controllers>
    <controller id="swordsmen_european2_Skin_clipeus_cheque_001-skin" name="swordsmen_european2_Skin">
      <skin source="#clipeus_000-mesh">
        <bind_shape_matrix>1 0 0 0 0 1 0 0 0 0 1 0 0 0 0 1</bind_shape_matrix>
        <source id="swordsmen_european2_Skin_clipeus_cheque_001-skin-joints">
          <Name_array id="swordsmen_european2_Skin_clipeus_cheque_001-skin-joints-array" count="34">root pelvis femurleft butt-l knee-l-top knee-l-bopttom ankle_left foot_left01 femurright butt-r knee-r-top knee-r-bopttom ankleright foot_right01 lumbar rib scapula ulna carpal ammo_node_1 scapula01 ulna01 smoke_node_1 ammo_node_0 neck carpal_right skull nogginbottom plumes skulltop smoke_node_0 cloaktop cloak cloakbottom</Name_array>
          <technique_common>
            <accessor source="#swordsmen_european2_Skin_clipeus_cheque_001-skin-joints-array" count="34" stride="1">
              <param name="JOINT" type="name"/>
            </accessor>
          </technique_common>
        </source>
        <source id="swordsmen_european2_Skin_clipeus_cheque_001-skin-bind_poses">
          <float_array id="swordsmen_european2_Skin_clipeus_cheque_001-skin-bind_poses-array" count="544">1 0 0 0 0 -1.19209e-7 1 -2.154822 0 -1 -1.34359e-7 1.88312e-7 0 0 0 1 1 0 0 -2.88205e-4 0 0 1 -1.989969 0 -1 0 0.05965083 0 0 0 1 1 0 0 -0.2295659 0 0 1 -1.980151 0 -1 0 0 0 0 0 1 1 0 0 -0.2300334 0 -5.28991e-7 1 -1.881625 0 -1 -5.43892e-7 0.2278663 0 0 0 1 1 0 0 -0.2579528 0 0 1 -1.492427 0 -1 0 -0.3577119 0 0 0 1 1 0 0 -0.2616621 0 -2.30968e-7 1 -1.243225 0 -1 -2.45869e-7 0.03760051 0 0 0 1 1 -7.76049e-7 2.97676e-7 -0.2703902 0 -0.3687211 -0.92954 0.1499912 8.31127e-7 0.9295384 -0.3687211 -0.04846727 0 0 0 1 1 -6.27088e-7 2.86643e-5 -0.2703911 0 -0.9997593 -0.02187252 -0.2401509 2.86712e-5 0.02187174 -0.9997608 0.0288251 0 0 0 1 1 0 0 0.2313526 0 -1.19209e-7 1 -1.980151 0 -1 -1.34359e-7 0 0 0 0 1 1 0 0 0.2346149 0 -4.17233e-7 1 -1.884255 0 -1 -4.32134e-7 0.2262763 0 0 0 1 1 0 0 0.1784679 0 -1.19209e-7 1 -1.491812 0 -1 -1.3411e-7 -0.3589505 0 0 0 1 1 0 0 0.2454932 0 -1.56462e-7 1 -1.243115 0 -1 -1.73226e-7 0.03760039 0 0 0 1 1 -7.39211e-7 2.98068e-7 0.2586691 0 -0.3687221 -0.9295397 0.1530216 7.97032e-7 0.9295421 -0.3687222 -0.04726493 0 0 0 1 1 -5.1976e-7 2.37586e-5 0.2586683 0 -0.999763 -0.02187055 -0.2400806 2.37643e-5 0.02187144 -0.9997608 0.03209805 0 0 0 1 1 0 0 -0.004826366 0 0 1 -2.179733 0 -1 0 0.1130514 0 0 0 1 1 0 0 0.007960081 0 0 1 -2.884791 0 -1 0 -1.77121e-7 0 0 0 1 0.2296326 -1.55295e-7 0.9732773 -3.140354 -0.9732775 0 0.2296327 -0.3193234 0 -1 -1.65901e-7 2.3354e-7 0 0 0 1 0.2296321 0 0.9732776 -3.264092 -0.9732775 0 0.2296322 0.2800348 0 -1 0 0 0 0 0 1 0.2296331 -2.01251e-7 0.9732773 -3.367402 -0.9732773 0 0.2296332 0.8554356 0 -1 -2.29105e-7 -0.07377779 0 0 0 1 0.2296524 -2.39301e-7 0.9732728 -3.544096 -0.001870274 -0.9999982 4.41048e-4 0.001191973 0.9732709 -0.001921534 -0.2296521 -0.620019 0 0 0 1 0.2067753 0 -0.9783886 3.155427 0.9783885 0 0.2067754 -0.2056788 0 -1 0 -3.5364e-7 0 0 0 1 0.2067755 -1.38201e-7 -0.9783886 3.267429 0.9783885 0 0.2067756 0.3936771 -1.36961e-7 -1 0 -7.89237e-7 0 0 0 1 0.206895 -9.50436e-7 -0.9783632 3.379215 -0.006610751 -0.9999772 -0.001397013 -0.05592733 -0.978341 0.006756842 -0.2068905 -1.10646 0 0 0 1 0.2067458 -2.28673e-7 -0.9783948 3.376427 0.9783949 3.13196e-6 0.2067457 1.162492 3.03239e-6 -1 8.64267e-7 -1.617804 0 0 0 1 1 0 0 0.02165722 0 0 1 -3.354291 0 -1 -1.20185e-7 1.62026e-7 0 0 0 1 0.2067756 0 -0.9783884 3.405173 0.9783885 0 0.2067756 0.9248127 -1.26177e-7 -1 0 -4.78775e-7 0 0 0 1 1 0 0 0.02895486 0 0 1 -3.806293 0 -1 0 0 0 0 0 1 1 2.92726e-7 0 0.02715581 0 0.04181396 0.9991254 -3.880911 2.92966e-7 -0.9991254 0.04181396 -0.4448743 0 0 0 1 1 4.8292e-7 0 0.03132402 0 0.02110123 0.9997774 -3.98341 4.8306e-7 -0.9997773 0.02110117 -0.2703227 0 0 0 1 1 0 0 0.03312313 0 0 1 -4.176582 0 -1 0 0 0 0 0 1 1 -2.52741e-5 -1.10455e-6 0.01513987 -2.52741e-5 -1 1.19209e-7 -0.2430213 -1.10467e-6 0 -1 3.446479 0 0 0 1 1 0 0 -0.001975059 0 -1.93715e-7 1 -3.236083 0 -1 -2.08616e-7 0.198127 0 0 0 1 1 0 0 -0.006513178 0 0 1 -2.377002 0 -1 0 0.4338245 0 0 0 1 1 0 0 0.02082639 0 0 1 -1.545783 0 -1 0 0.5515337 0 0 0 1</float_array>
          <technique_common>
            <accessor source="#swordsmen_european2_Skin_clipeus_cheque_001-skin-bind_poses-array" count="34" stride="16">
              <param name="TRANSFORM" type="float4x4"/>
            </accessor>
          </technique_common>
        </source>
        <source id="swordsmen_european2_Skin_clipeus_cheque_001-skin-weights">
          <float_array id="swordsmen_european2_Skin_clipeus_cheque_001-skin-weights-array" count="637">1 1 1 1 1 1 1 1 1 1 1 1 1 1 1 1 1 1 1 1 1 1 1 1 1 1 1 1 1 1 1 1 1 1 1 1 1 1 1 1 1 1 1 1 1 1 1 1 1 1 1 1 1 1 1 1 1 1 1 1 1 1 1 1 1 1 1 1 1 1 1 1 1 1 1 1 1 1 1 1 1 1 1 1 1 1 1 1 1 1 1 1 1 1 1 1 1 1 1 1 1 1 1 1 1 1 1 1 1 1 1 1 1 1 1 1 1 1 1 1 1 1 1 1 1 1 1 1 1 1 1 1 1 1 1 1 1 1 1 1 1 1 1 1 1 1 1 1 1 1 1 1 1 1 1 1 1 1 1 1 1 1 1 1 1 1 1 1 1 1 1 1 1 1 1 1 1 1 1 1 1 1 1 1 1 1 1 1 1 1 1 1 1 1 1 1 1 1 1 1 1 1 1 1 1 1 1 1 1 1 1 1 1 1 1 1 1 1 1 1 1 1 1 1 1 1 1 1 1 1 1 1 1 1 1 1 1 1 1 1 1 1 1 1 1 1 1 1 1 1 1 1 1 1 1 1 1 1 1 1 1 1 1 1 1 1 1 1 1 1 1 1 1 1 1 1 1 1 1 1 1 1 1 1 1 1 1 1 1 1 1 1 1 1 1 1 1 1 1 1 1 1 1 1 1 1 1 1 1 1 1 1 1 1 1 1 1 1 1 1 1 1 1 1 1 1 1 1 1 1 1 1 1 1 1 1 1 1 1 1 1 1 1 1 1 1 1 1 1 1 1 1 1 1 1 1 1 1 1 1 1 1 1 1 1 1 1 1 1 1 1 1 1 1 1 1 1 1 1 1 1 1 1 1 1 1 1 1 1 1 1 1 1 1 1 1 1 1 1 1 1 1 1 1 1 1 1 1 1 1 1 1 1 1 1 1 1 1 1 1 1 1 1 1 1 1 1 1 1 1 1 1 1 1 1 1 1 1 1 1 1 1 1 1 1 1 1 1 1 1 1 1 1 1 1 1 1 1 1 1 1 1 1 1 1 1 1 1 1 1 1 1 1 1 1 1 1 1 1 1 1 1 1 1 1 1 1 1 1 1 1 1 1 1 1 1 1 1 1 1 1 1 1 1 1 1 1 1 1 1 1 1 1 1 1 1 1 1 1 1 1 1 1 1 1 1 1 1 1 1 1 1 1 1 1 1 1 1 1 1 1 1 1 1 1 1 1 1 1 1 1 1 1 1 1 1 1 1 1 1 1 1 1 1 1 1 1 1 1 1 1 1 1 1 1 1 1 1 1 1 1 1 1 1 1 1 1 1 1 1 1 1 1 1 1 1 1 1 1 1 1 1 1 1 1 1 1 1 1 1 1 1 1 1 1 1 1 1 1 1 1 1 1 1 1 1 1 1 1 1 1 1 1 1 1 1 1</float_array>
          <technique_common>
            <accessor source="#swordsmen_european2_Skin_clipeus_cheque_001-skin-weights-array" count="637" stride="1">
              <param name="WEIGHT" type="float"/>
            </accessor>
          </technique_common>
        </source>
        <joints>
          <input semantic="JOINT" source="#swordsmen_european2_Skin_clipeus_cheque_001-skin-joints"/>
          <input semantic="INV_BIND_MATRIX" source="#swordsmen_european2_Skin_clipeus_cheque_001-skin-bind_poses"/>
        </joints>
        <vertex_weights count="637">
          <input semantic="JOINT" source="#swordsmen_european2_Skin_clipeus_cheque_001-skin-joints" offset="0"/>
          <input semantic="WEIGHT" source="#swordsmen_european2_Skin_clipeus_cheque_001-skin-weights" offset="1"/>
          <vcount>1 1 1 1 1 1 1 1 1 1 1 1 1 1 1 1 1 1 1 1 1 1 1 1 1 1 1 1 1 1 1 1 1 1 1 1 1 1 1 1 1 1 1 1 1 1 1 1 1 1 1 1 1 1 1 1 1 1 1 1 1 1 1 1 1 1 1 1 1 1 1 1 1 1 1 1 1 1 1 1 1 1 1 1 1 1 1 1 1 1 1 1 1 1 1 1 1 1 1 1 1 1 1 1 1 1 1 1 1 1 1 1 1 1 1 1 1 1 1 1 1 1 1 1 1 1 1 1 1 1 1 1 1 1 1 1 1 1 1 1 1 1 1 1 1 1 1 1 1 1 1 1 1 1 1 1 1 1 1 1 1 1 1 1 1 1 1 1 1 1 1 1 1 1 1 1 1 1 1 1 1 1 1 1 1 1 1 1 1 1 1 1 1 1 1 1 1 1 1 1 1 1 1 1 1 1 1 1 1 1 1 1 1 1 1 1 1 1 1 1 1 1 1 1 1 1 1 1 1 1 1 1 1 1 1 1 1 1 1 1 1 1 1 1 1 1 1 1 1 1 1 1 1 1 1 1 1 1 1 1 1 1 1 1 1 1 1 1 1 1 1 1 1 1 1 1 1 1 1 1 1 1 1 1 1 1 1 1 1 1 1 1 1 1 1 1 1 1 1 1 1 1 1 1 1 1 1 1 1 1 1 1 1 1 1 1 1 1 1 1 1 1 1 1 1 1 1 1 1 1 1 1 1 1 1 1 1 1 1 1 1 1 1 1 1 1 1 1 1 1 1 1 1 1 1 1 1 1 1 1 1 1 1 1 1 1 1 1 1 1 1 1 1 1 1 1 1 1 1 1 1 1 1 1 1 1 1 1 1 1 1 1 1 1 1 1 1 1 1 1 1 1 1 1 1 1 1 1 1 1 1 1 1 1 1 1 1 1 1 1 1 1 1 1 1 1 1 1 1 1 1 1 1 1 1 1 1 1 1 1 1 1 1 1 1 1 1 1 1 1 1 1 1 1 1 1 1 1 1 1 1 1 1 1 1 1 1 1 1 1 1 1 1 1 1 1 1 1 1 1 1 1 1 1 1 1 1 1 1 1 1 1 1 1 1 1 1 1 1 1 1 1 1 1 1 1 1 1 1 1 1 1 1 1 1 1 1 1 1 1 1 1 1 1 1 1 1 1 1 1 1 1 1 1 1 1 1 1 1 1 1 1 1 1 1 1 1 1 1 1 1 1 1 1 1 1 1 1 1 1 1 1 1 1 1 1 1 1 1 1 1 1 1 1 1 1 1 1 1 1 1 1 1 1 1 1 1 1 1 1 1 1 1 1 1 1 1 1 1 1 1 1 1 1 1 1 1 1 1 1 1 1 1 1 1 1 1 1 1 1 1 1 1 1 1 1 1 1 1 1 1 1 1 1 1 1 1 </vcount>
          <v>8 0 10 1 22 2 22 3 22 4 22 5 22 6 22 7 22 8 22 9 22 10 22 11 22 12 22 13 22 14 22 15 22 16 22 17 22 18 22 19 22 20 22 21 22 22 22 23 22 24 22 25 22 26 22 27 17 28 17 29 17 30 17 31 17 32 17 33 17 34 17 35 17 36 17 37 17 38 17 39 17 40 17 41 17 42 17 43 17 44 17 45 17 46 17 47 17 48 17 49 17 50 17 51 17 52 17 53 17 54 17 55 17 56 17 57 17 58 17 59 17 60 17 61 17 62 17 63 17 64 17 65 17 66 17 67 17 68 17 69 17 70 24 71 24 72 24 73 24 74 24 75 24 76 24 77 24 78 24 79 24 80 24 81 24 82 24 83 24 84 24 85 24 86 24 87 24 88 24 89 24 90 24 91 24 92 24 93 24 94 24 95 24 96 24 97 24 98 15 99 15 100 24 101 24 102 24 103 24 104 24 105 24 106 24 107 24 108 24 109 24 110 24 111 24 112 24 113 24 114 24 115 24 116 24 117 24 118 24 119 24 120 24 121 24 122 24 123 24 124 24 125 24 126 24 127 24 128 24 129 24 130 24 131 24 132 24 133 24 134 24 135 24 136 24 137 24 138 24 139 24 140 24 141 24 142 24 143 24 144 24 145 24 146 24 147 24 148 24 149 24 150 24 151 24 152 24 153 24 154 24 155 24 156 24 157 24 158 24 159 24 160 24 161 24 162 24 163 24 164 24 165 24 166 24 167 24 168 24 169 24 170 24 171 24 172 24 173 24 174 24 175 24 176 24 177 24 178 24 179 24 180 24 181 24 182 24 183 24 184 24 185 24 186 24 187 24 188 24 189 24 190 24 191 24 192 24 193 24 194 24 195 24 196 24 197 24 198 24 199 24 200 24 201 24 202 24 203 24 204 24 205 24 206 24 207 24 208 24 209 24 210 24 211 24 212 24 213 24 214 24 215 24 216 24 217 24 218 24 219 24 220 24 221 24 222 24 223 24 224 24 225 24 226 24 227 24 228 24 229 24 230 24 231 24 232 24 233 24 234 24 235 24 236 24 237 24 238 24 239 24 240 24 241 24 242 24 243 24 244 24 245 24 246 24 247 24 248 24 249 24 250 24 251 24 252 24 253 24 254 24 255 24 256 24 257 24 258 24 259 24 260 24 261 24 262 24 263 24 264 24 265 24 266 24 267 24 268 24 269 24 270 24 271 24 272 24 273 24 274 24 275 24 276 24 277 24 278 24 279 24 280 24 281 24 282 24 283 24 284 24 285 24 286 24 287 24 288 24 289 24 290 24 291 24 292 24 293 24 294 24 295 24 296 24 297 24 298 24 299 24 300 24 301 24 302 24 303 24 304 24 305 24 306 24 307 24 308 24 309 24 310 24 311 24 312 24 313 24 314 24 315 24 316 24 317 24 318 24 319 24 320 24 321 24 322 24 323 24 324 24 325 24 326 24 327 24 328 24 329 24 330 24 331 24 332 24 333 24 334 24 335 24 336 24 337 24 338 24 339 24 340 24 341 24 342 24 343 24 344 24 345 24 346 24 347 24 348 24 349 24 350 24 351 24 352 24 353 24 354 24 355 24 356 24 357 24 358 24 359 24 360 24 361 24 362 24 363 24 364 24 365 24 366 24 367 24 368 24 369 24 370 24 371 24 372 24 373 24 374 24 375 24 376 24 377 24 378 24 379 24 380 24 381 24 382 24 383 24 384 24 385 24 386 24 387 24 388 24 389 24 390 24 391 24 392 24 393 24 394 24 395 24 396 24 397 24 398 24 399 24 400 24 401 24 402 24 403 24 404 24 405 24 406 24 407 24 408 24 409 24 410 24 411 24 412 24 413 24 414 24 415 24 416 24 417 24 418 24 419 1 420 1 421 1 422 1 423 1 424 1 425 1 426 1 427 1 428 1 429 10 430 1 431 1 432 1 433 1 434 1 435 1 436 1 437 1 438 1 439 1 440 15 441 15 442 15 443 15 444 15 445 15 446 15 447 15 448 15 449 15 450 15 451 15 452 15 453 15 454 15 455 15 456 15 457 15 458 15 459 15 460 15 461 15 462 15 463 15 464 15 465 15 466 15 467 15 468 15 469 15 470 15 471 15 472 15 473 15 474 15 475 15 476 15 477 15 478 15 479 15 480 15 481 15 482 15 483 15 484 15 485 16 486 16 487 16 488 17 489 17 490 17 491 16 492 16 493 16 494 16 495 16 496 17 497 17 498 17 499 17 500 16 501 16 502 16 503 16 504 17 505 17 506 17 507 17 508 17 509 17 510 17 511 17 512 17 513 17 514 17 515 17 516 17 517 17 518 17 519 17 520 17 521 17 522 20 523 20 524 20 525 20 526 20 527 21 528 21 529 21 530 20 531 20 532 20 533 21 534 21 535 21 536 20 537 21 538 20 539 20 540 21 541 21 542 21 543 21 544 21 545 21 546 21 547 21 548 21 549 21 550 21 551 21 552 21 553 21 554 21 555 21 556 21 557 21 558 3 559 9 560 2 561 4 562 2 563 2 564 2 565 2 566 8 567 5 568 2 569 2 570 3 571 2 572 2 573 2 574 5 575 2 576 8 577 2 578 2 579 5 580 5 581 5 582 5 583 5 584 5 585 5 586 5 587 5 588 5 589 5 590 5 591 5 592 5 593 5 594 5 595 5 596 5 597 5 598 8 599 10 600 9 601 8 602 8 603 11 604 8 605 8 606 9 607 9 608 8 609 11 610 8 611 8 612 8 613 11 614 11 615 11 616 11 617 11 618 11 619 11 620 11 621 11 622 11 623 11 624 11 625 11 626 11 627 11 628 11 629 11 630 11 631 11 632 24 633 24 634 24 635 24 636</v>
        </vertex_weights>
      </skin>
    </controller>
  </library_controllers>
  <library_visual_scenes>
    <visual_scene id="Scene" name="Scene">
      <node id="Camera" name="Camera" type="NODE">
        <matrix sid="transform">0.6859207 -0.3240135 0.6515582 7.481132 0.7276763 0.3054208 -0.6141704 -6.50764 0 0.8953956 0.4452714 5.343665 0 0 0 1</matrix>
        <instance_camera url="#Camera-camera"/>
      </node>
      <node id="Lamp" name="Lamp" type="NODE">
        <matrix sid="transform">-0.2908646 -0.7711008 0.5663932 4.076245 0.9551712 -0.1998834 0.2183912 1.005454 -0.05518906 0.6045247 0.7946723 5.903862 0 0 0 1</matrix>
        <instance_light url="#Lamp-light"/>
      </node>
      <node id="swordsmen_european2_Skin" name="swordsmen_european2_Skin" type="NODE">
        <matrix sid="transform">1 0 0 0 0 1 0 0 0 0 1 0 0 0 0 1</matrix>
        <node id="swordsmen_european2_Skin_root" name="root" sid="root" type="JOINT">
          <matrix sid="transform">1 -3.00295e-16 3.02992e-8 0 3.02992e-8 -1.34359e-7 -1 -1.01207e-7 4.37125e-15 1 -1.19209e-7 2.154822 0 0 0 1</matrix>
          <node id="swordsmen_european2_Skin_pelvis" name="pelvis" sid="pelvis" type="JOINT">
            <matrix sid="transform">1 0 1.00065e-8 2.88204e-4 -3.72772e-16 1 3.72528e-8 -0.1648533 -1.00065e-8 -3.72528e-8 1 -0.05965076 0 0 0 1</matrix>
            <node id="swordsmen_european2_Skin_femurleft" name="femurleft" sid="femurleft" type="JOINT">
              <matrix sid="transform">1 -5.34294e-15 5.09124e-9 0.2292777 0 1 0 -0.0098176 -5.09124e-9 2.48278e-10 1 0.05965088 0 0 0 1</matrix>
              <node id="swordsmen_european2_Skin_butt-l" name="butt-l" sid="butt-l" type="JOINT">
                <matrix sid="transform">1 -5.83733e-15 4.2319e-9 4.67554e-4 1.89181e-15 1 -4.47035e-7 -0.098526 -4.2319e-9 4.47035e-7 1 -0.2278655 0 0 0 1</matrix>
                <extra>
                  <technique profile="blender">
                    <layer sid="layer" type="string">0</layer>
                    <roll sid="roll" type="float">0</roll>
                    <tip_x sid="tip_x" type="float">0</tip_x>
                    <tip_y sid="tip_y" type="float">0</tip_y>
                    <tip_z sid="tip_z" type="float">0.1</tip_z>
                  </technique>
                </extra>
              </node>
              <node id="swordsmen_european2_Skin_knee-l-top" name="knee-l-top" sid="knee-l-top" type="JOINT">
                <matrix sid="transform">1 -5.83733e-15 7.79386e-9 0.0283868 0 0.9999999 0 -0.4877242 -7.79386e-9 0 1 0.3577119 0 0 0 1</matrix>
                <extra>
                  <technique profile="blender">
                    <layer sid="layer" type="string">0</layer>
                    <roll sid="roll" type="float">0</roll>
                    <tip_x sid="tip_x" type="float">0</tip_x>
                    <tip_y sid="tip_y" type="float">0</tip_y>
                    <tip_z sid="tip_z" type="float">0.1</tip_z>
                  </technique>
                </extra>
              </node>
              <node id="swordsmen_european2_Skin_knee-l-bopttom" name="knee-l-bopttom" sid="knee-l-bopttom" type="JOINT">
                <matrix sid="transform">1 -5.83733e-15 3.00215e-8 0.03209621 4.47355e-15 1 -1.49012e-7 -0.736926 -3.00215e-8 1.49012e-7 1 -0.03760034 0 0 0 1</matrix>
                <node id="swordsmen_european2_Skin_ankle_left" name="ankle left" sid="ankle_left" type="JOINT">
                  <matrix sid="transform">1 -5.11041e-8 8.95739e-7 0.008728117 2.97676e-7 -0.9295398 -0.3687219 -1.121673 8.51467e-7 0.3687219 -0.9295413 -0.0627567 0 0 0 1</matrix>
                  <node id="swordsmen_european2_Skin_foot_left01" name="foot left01" sid="foot_left01" type="JOINT">
                    <matrix sid="transform">1 7.69353e-7 2.83566e-5 2.68221e-7 -2.64228e-5 0.3889642 0.9212528 0.216839 -1.03209e-5 -0.9212528 0.3889643 -0.2809218 0 0 0 1</matrix>
                    <extra>
                      <technique profile="blender">
                        <layer sid="layer" type="string">0</layer>
                        <roll sid="roll" type="float">2.86794e-5</roll>
                        <tip_x sid="tip_x" type="float">0</tip_x>
                        <tip_y sid="tip_y" type="float">-0.09997606</tip_y>
                        <tip_z sid="tip_z" type="float">-0.002187132</tip_z>
                      </technique>
                    </extra>
                  </node>
                  <extra>
                    <technique profile="blender">
                      <layer sid="layer" type="string">0</layer>
                      <roll sid="roll" type="float">8.31128e-7</roll>
                      <tip_x sid="tip_x" type="float">0</tip_x>
                      <tip_y sid="tip_y" type="float">-0.03687214</tip_y>
                      <tip_z sid="tip_z" type="float">-0.09295403</tip_z>
                    </technique>
                  </extra>
                </node>
                <extra>
                  <technique profile="blender">
                    <layer sid="layer" type="string">0</layer>
                    <roll sid="roll" type="float">0</roll>
                    <tip_x sid="tip_x" type="float">0</tip_x>
                    <tip_y sid="tip_y" type="float">0</tip_y>
                    <tip_z sid="tip_z" type="float">0.1</tip_z>
                  </technique>
                </extra>
              </node>
              <extra>
                <technique profile="blender">
                  <layer sid="layer" type="string">0</layer>
                  <roll sid="roll" type="float">0</roll>
                  <tip_x sid="tip_x" type="float">0</tip_x>
                  <tip_y sid="tip_y" type="float">0</tip_y>
                  <tip_z sid="tip_z" type="float">0.0999999</tip_z>
                </technique>
              </extra>
            </node>
            <node id="swordsmen_european2_Skin_femurright" name="femurright" sid="femurright" type="JOINT">
              <matrix sid="transform">1 -5.34294e-15 5.09125e-9 -0.2316408 0 1 -3.72529e-8 -0.0098176 -5.09125e-9 3.75012e-8 1 0.05965087 0 0 0 1</matrix>
              <node id="swordsmen_european2_Skin_butt-r" name="butt-r" sid="butt-r" type="JOINT">
                <matrix sid="transform">1 -6.027e-15 5.58592e-9 -0.003262356 1.66473e-15 1 -2.98023e-7 -0.09589529 -5.58592e-9 2.98023e-7 1 -0.2262757 0 0 0 1</matrix>
                <extra>
                  <technique profile="blender">
                    <layer sid="layer" type="string">0</layer>
                    <roll sid="roll" type="float">0</roll>
                    <tip_x sid="tip_x" type="float">0</tip_x>
                    <tip_y sid="tip_y" type="float">0</tip_y>
                    <tip_z sid="tip_z" type="float">0.1</tip_z>
                  </technique>
                </extra>
              </node>
              <node id="swordsmen_european2_Skin_knee-r-top" name="knee-r-top" sid="knee-r-top" type="JOINT">
                <matrix sid="transform">1 -6.027e-15 9.03824e-9 0.05288468 0 1 0 -0.4883386 -9.03824e-9 0 1 0.3589506 0 0 0 1</matrix>
                <extra>
                  <technique profile="blender">
                    <layer sid="layer" type="string">0</layer>
                    <roll sid="roll" type="float">0</roll>
                    <tip_x sid="tip_x" type="float">0</tip_x>
                    <tip_y sid="tip_y" type="float">0</tip_y>
                    <tip_z sid="tip_z" type="float">0.1</tip_z>
                  </technique>
                </extra>
              </node>
              <node id="swordsmen_european2_Skin_knee-r-bopttom" name="knee-r-bopttom" sid="knee-r-bopttom" type="JOINT">
                <matrix sid="transform">1 -6.027e-15 1.73331e-8 -0.01414061 6.45708e-16 1 -3.72529e-8 -0.7370361 -1.73331e-8 3.72529e-8 1 -0.0376003 0 0 0 1</matrix>
                <node id="swordsmen_european2_Skin_ankleright" name="ankleright" sid="ankleright" type="JOINT">
                  <matrix sid="transform">1 -1.86265e-8 8.55338e-7 -0.01317592 2.98068e-7 -0.9295399 -0.3687214 -1.118303 8.01941e-7 0.3687214 -0.9295375 -0.06275666 0 0 0 1</matrix>
                  <node id="swordsmen_european2_Skin_foot_right01" name="foot right01" sid="foot_right01" type="JOINT">
                    <matrix sid="transform">1 7.32514e-7 2.34501e-5 2.68221e-7 -2.18884e-5 0.3889635 0.9212532 0.2168394 -8.4464e-6 -0.9212532 0.3889635 -0.2809228 0 0 0 1</matrix>
                    <extra>
                      <technique profile="blender">
                        <layer sid="layer" type="string">0</layer>
                        <roll sid="roll" type="float">2.37727e-5</roll>
                        <tip_x sid="tip_x" type="float">0</tip_x>
                        <tip_y sid="tip_y" type="float">-0.09997606</tip_y>
                        <tip_z sid="tip_z" type="float">-0.002187132</tip_z>
                      </technique>
                    </extra>
                  </node>
                  <extra>
                    <technique profile="blender">
                      <layer sid="layer" type="string">0</layer>
                      <roll sid="roll" type="float">7.9703e-7</roll>
                      <tip_x sid="tip_x" type="float">0</tip_x>
                      <tip_y sid="tip_y" type="float">-0.03687214</tip_y>
                      <tip_z sid="tip_z" type="float">-0.09295403</tip_z>
                    </technique>
                  </extra>
                </node>
                <extra>
                  <technique profile="blender">
                    <layer sid="layer" type="string">0</layer>
                    <roll sid="roll" type="float">0</roll>
                    <tip_x sid="tip_x" type="float">0</tip_x>
                    <tip_y sid="tip_y" type="float">0</tip_y>
                    <tip_z sid="tip_z" type="float">0.1</tip_z>
                  </technique>
                </extra>
              </node>
              <extra>
                <technique profile="blender">
                  <layer sid="layer" type="string">0</layer>
                  <roll sid="roll" type="float">0</roll>
                  <tip_x sid="tip_x" type="float">0</tip_x>
                  <tip_y sid="tip_y" type="float">0</tip_y>
                  <tip_z sid="tip_z" type="float">0.0999999</tip_z>
                </technique>
              </extra>
            </node>
            <node id="swordsmen_european2_Skin_lumbar" name="lumbar" sid="lumbar" type="JOINT">
              <matrix sid="transform">1 -5.34294e-15 4.81516e-9 0.004538173 0 1 3.72529e-8 0.189765 -4.81516e-9 -3.70047e-8 1 -0.05340066 0 0 0 1</matrix>
              <node id="swordsmen_european2_Skin_rib" name="rib" sid="rib" type="JOINT">
                <matrix sid="transform">1 -5.63114e-15 4.30758e-9 -0.01278647 0 1 0 0.7050576 -4.30758e-9 2.48249e-10 1 0.1130516 0 0 0 1</matrix>
                <node id="swordsmen_european2_Skin_scapula" name="scapula" sid="scapula" type="JOINT">
                  <matrix sid="transform">0.2296327 -0.9732773 -8.67569e-8 0.4182977 0.9732773 0.2296326 -1.06048e-7 0.2449708 1.23136e-7 -6.00865e-8 1 -4.31553e-8 0 0 0 1</matrix>
                  <node id="swordsmen_european2_Skin_ulna" name="ulna" sid="ulna" type="JOINT">
                    <matrix sid="transform">0.9999999 -4.32134e-7 6.48554e-8 0.1237378 4.47035e-7 1 2.13163e-14 -0.5993568 -6.48554e-8 1.06581e-14 1 -9.88243e-9 0 0 0 1</matrix>
                    <node id="swordsmen_european2_Skin_carpal" name="carpal" sid="carpal" type="JOINT">
                      <matrix sid="transform">1 1.05798e-6 -1.10812e-7 0.1033099 -9.68575e-7 1 -7.45058e-8 -0.575404 1.10812e-7 7.4506e-8 1 0.07377816 0 0 0 1</matrix>
                      <node id="swordsmen_european2_Skin_ammo_node_1" name="ammo node 1" sid="ammo_node_1" type="JOINT">
                        <matrix sid="transform">0.9999999 1.16415e-10 -1.99229e-5 0.176682 -1.98632e-5 0.001921653 -0.9999982 0.2353451 3.72781e-8 0.9999982 0.001921656 -0.07377826 0 0 0 1</matrix>
                        <extra>
                          <technique profile="blender">
                            <layer sid="layer" type="string">0</layer>
                            <roll sid="roll" type="float">-2.265691</roll>
                            <tip_x sid="tip_x" type="float">-1.87039e-4</tip_x>
                            <tip_y sid="tip_y" type="float">-0.09999984</tip_y>
                            <tip_z sid="tip_z" type="float">4.41074e-5</tip_z>
                          </technique>
                        </extra>
                      </node>
                      <extra>
                        <technique profile="blender">
                          <layer sid="layer" type="string">0</layer>
                          <roll sid="roll" type="float">-1.339096</roll>
                          <tip_x sid="tip_x" type="float">-0.09732758</tip_x>
                          <tip_y sid="tip_y" type="float">0</tip_y>
                          <tip_z sid="tip_z" type="float">0.02296328</tip_z>
                        </technique>
                      </extra>
                    </node>
                    <extra>
                      <technique profile="blender">
                        <layer sid="layer" type="string">0</layer>
                        <roll sid="roll" type="float">-1.339096</roll>
                        <tip_x sid="tip_x" type="float">-0.09732788</tip_x>
                        <tip_y sid="tip_y" type="float">0</tip_y>
                        <tip_z sid="tip_z" type="float">0.02296328</tip_z>
                      </technique>
                    </extra>
                  </node>
                  <extra>
                    <technique profile="blender">
                      <layer sid="layer" type="string">0</layer>
                      <roll sid="roll" type="float">-1.339096</roll>
                      <tip_x sid="tip_x" type="float">-0.09732782</tip_x>
                      <tip_y sid="tip_y" type="float">0</tip_y>
                      <tip_z sid="tip_z" type="float">0.02296328</tip_z>
                    </technique>
                  </extra>
                </node>
                <node id="swordsmen_european2_Skin_scapula01" name="scapula01" sid="scapula01" type="JOINT">
                  <matrix sid="transform">0.2067754 0.9783884 -4.4832e-8 -0.4432708 -0.9783883 0.2067753 6.37253e-8 0.2449708 7.16183e-8 3.06863e-8 1 -4.31553e-8 0 0 0 1</matrix>
                  <node id="swordsmen_european2_Skin_ulna01" name="ulna01" sid="ulna01" type="JOINT">
                    <matrix sid="transform">1 -1.78814e-7 -1.20541e-7 -0.1120021 1.49012e-7 0.9999999 -1.19209e-7 -0.5993565 1.20541e-7 1.19209e-7 1 -5.19205e-9 0 0 0 1</matrix>
                    <node id="swordsmen_european2_Skin_carpal_right" name="carpal right" sid="carpal_right" type="JOINT">
                      <matrix sid="transform">1 -1.49012e-8 5.21541e-8 -0.1377444 0 1 -4.23661e-13 -0.5311357 -5.21541e-8 3.96128e-13 1 -1.32868e-7 0 0 0 1</matrix>
                      <node id="swordsmen_european2_Skin_smoke_node_1" name="smoke node 1" sid="smoke_node_1" type="JOINT">
                        <matrix sid="transform">0.9999999 -3.79514e-8 1.221e-4 0.0260942 1.22175e-4 -0.006756781 -0.9999771 -0.1824127 8.6292e-7 0.9999771 -0.006756663 0.04844671 0 0 0 1</matrix>
                        <node id="swordsmen_european2_Skin_ammo_node_0" name="ammo node 0" sid="ammo_node_0" type="JOINT">
                          <matrix sid="transform">0.9999999 1.52722e-4 7.22241e-7 0.002612114 3.1176e-7 -0.006760021 0.9999772 1.569697 1.52767e-4 -0.9999772 -0.006760025 0.04455304 0 0 0 1</matrix>
                          <extra>
                            <technique profile="blender">
                              <layer sid="layer" type="string">0</layer>
                              <roll sid="roll" type="float">1.362549</roll>
                              <tip_x sid="tip_x" type="float">0.09839642</tip_x>
                              <tip_y sid="tip_y" type="float">2.38419e-7</tip_y>
                              <tip_z sid="tip_z" type="float">0.02079224</tip_z>
                            </technique>
                          </extra>
                        </node>
                        <extra>
                          <technique profile="blender">
                            <layer sid="layer" type="string">0</layer>
                            <roll sid="roll" type="float">1.362631</roll>
                            <tip_x sid="tip_x" type="float">-6.61135e-4</tip_x>
                            <tip_y sid="tip_y" type="float">-0.09999769</tip_y>
                            <tip_z sid="tip_z" type="float">-1.39713e-4</tip_z>
                          </technique>
                        </extra>
                      </node>
                      <extra>
                        <technique profile="blender">
                          <layer sid="layer" type="string">0</layer>
                          <roll sid="roll" type="float">1.362518</roll>
                          <tip_x sid="tip_x" type="float">0.09783887</tip_x>
                          <tip_y sid="tip_y" type="float">0</tip_y>
                          <tip_z sid="tip_z" type="float">0.02067756</tip_z>
                        </technique>
                      </extra>
                    </node>
                    <extra>
                      <technique profile="blender">
                        <layer sid="layer" type="string">0</layer>
                        <roll sid="roll" type="float">1.362518</roll>
                        <tip_x sid="tip_x" type="float">0.09783899</tip_x>
                        <tip_y sid="tip_y" type="float">0</tip_y>
                        <tip_z sid="tip_z" type="float">0.02067756</tip_z>
                      </technique>
                    </extra>
                  </node>
                  <extra>
                    <technique profile="blender">
                      <layer sid="layer" type="string">0</layer>
                      <roll sid="roll" type="float">1.362518</roll>
                      <tip_x sid="tip_x" type="float">0.09783893</tip_x>
                      <tip_y sid="tip_y" type="float">0</tip_y>
                      <tip_z sid="tip_z" type="float">0.02067756</tip_z>
                    </technique>
                  </extra>
                </node>
                <node id="swordsmen_european2_Skin_neck" name="neck" sid="neck" type="JOINT">
                  <matrix sid="transform">1 -5.88897e-15 3.80323e-9 -0.01369714 2.29456e-16 0.9999999 -6.03318e-8 0.4694993 -3.80323e-9 6.03318e-8 1 -1.36693e-7 0 0 0 1</matrix>
                  <node id="swordsmen_european2_Skin_skull" name="skull" sid="skull" type="JOINT">
                    <matrix sid="transform">1 -6.34606e-15 1.55353e-9 -0.007297663 0 1 3.72494e-9 0.4520025 -1.55353e-9 -3.72494e-9 1 7.10192e-8 0 0 0 1</matrix>
                    <node id="swordsmen_european2_Skin_nogginbottom" name="nogginbottom" sid="nogginbottom" type="JOINT">
                      <matrix sid="transform">1 2.3283e-9 2.38229e-7 0.001799162 -1.22876e-8 0.9991254 0.0418141 0.08982587 -2.37923e-7 -0.0418141 0.9991254 0.2822085 0 0 0 1</matrix>
                      <extra>
                        <technique profile="blender">
                          <layer sid="layer" type="string">0</layer>
                          <roll sid="roll" type="float">2.92966e-7</roll>
                          <tip_x sid="tip_x" type="float">0</tip_x>
                          <tip_y sid="tip_y" type="float">0.004181385</tip_y>
                          <tip_z sid="tip_z" type="float">0.09991264</tip_z>
                        </technique>
                      </extra>
                    </node>
                    <node id="swordsmen_european2_Skin_plumes" name="plumes" sid="plumes" type="JOINT">
                      <matrix sid="transform">1 2.32829e-9 4.28287e-7 -0.002369052 -1.13652e-8 0.9997773 0.02110134 0.1819341 -4.28143e-7 -0.02110134 0.9997773 0.1862074 0 0 0 1</matrix>
                      <extra>
                        <technique profile="blender">
                          <layer sid="layer" type="string">0</layer>
                          <roll sid="roll" type="float">4.8306e-7</roll>
                          <tip_x sid="tip_x" type="float">0</tip_x>
                          <tip_y sid="tip_y" type="float">0.002110123</tip_y>
                          <tip_z sid="tip_z" type="float">0.09997797</tip_z>
                        </technique>
                      </extra>
                    </node>
                    <node id="swordsmen_european2_Skin_skulltop" name="skulltop" sid="skulltop" type="JOINT">
                      <matrix sid="transform">1 -6.52698e-15 4.6638e-9 -0.00416824 0 1 -2.84217e-13 0.3702886 -4.6638e-9 2.84217e-13 1 7.10543e-15 0 0 0 1</matrix>
                      <extra>
                        <technique profile="blender">
                          <layer sid="layer" type="string">0</layer>
                          <roll sid="roll" type="float">0</roll>
                          <tip_x sid="tip_x" type="float">0</tip_x>
                          <tip_y sid="tip_y" type="float">0</tip_y>
                          <tip_z sid="tip_z" type="float">0.0999999</tip_z>
                        </technique>
                      </extra>
                    </node>
                    <extra>
                      <technique profile="blender">
                        <layer sid="layer" type="string">0</layer>
                        <roll sid="roll" type="float">0</roll>
                        <tip_x sid="tip_x" type="float">0</tip_x>
                        <tip_y sid="tip_y" type="float">0</tip_y>
                        <tip_z sid="tip_z" type="float">0.1000001</tip_z>
                      </technique>
                    </extra>
                  </node>
                  <node id="swordsmen_european2_Skin_smoke_node_0" name="smoke node 0" sid="smoke_node_0" type="JOINT">
                    <matrix sid="transform">1 -2.53273e-5 -1.10467e-6 0.00651496 -1.10467e-6 1.02446e-7 -0.9999999 0.09218764 2.53273e-5 0.9999999 2.37749e-7 0.2430202 0 0 0 1</matrix>
                    <extra>
                      <technique profile="blender">
                        <layer sid="layer" type="string">0</layer>
                        <roll sid="roll" type="float">3.141592</roll>
                        <tip_x sid="tip_x" type="float">-2.52761e-6</tip_x>
                        <tip_y sid="tip_y" type="float">-0.09999996</tip_y>
                        <tip_z sid="tip_z" type="float">0</tip_z>
                      </technique>
                    </extra>
                  </node>
                  <extra>
                    <technique profile="blender">
                      <layer sid="layer" type="string">0</layer>
                      <roll sid="roll" type="float">0</roll>
                      <tip_x sid="tip_x" type="float">0</tip_x>
                      <tip_y sid="tip_y" type="float">0</tip_y>
                      <tip_z sid="tip_z" type="float">0.1000001</tip_z>
                    </technique>
                  </extra>
                </node>
                <node id="swordsmen_european2_Skin_cloaktop" name="cloaktop" sid="cloaktop" type="JOINT">
                  <matrix sid="transform">1 -5.88897e-15 6.60961e-9 0.009935169 9.8491e-16 0.9999999 -1.49012e-7 0.3512919 -6.60961e-9 1.49012e-7 1 -0.1981267 0 0 0 1</matrix>
                  <node id="swordsmen_european2_Skin_cloak" name="cloak" sid="cloak" type="JOINT">
                    <matrix sid="transform">1 -7.26948e-15 1.47715e-10 0.004538156 0 1 1.49011e-7 -0.859081 -1.47715e-10 -1.48763e-7 1 -0.2356979 0 0 0 1</matrix>
                    <node id="swordsmen_european2_Skin_cloakbottom" name="cloakbottom" sid="cloakbottom" type="JOINT">
                      <matrix sid="transform">1 -7.27832e-15 0 -0.02733967 0 1 0 -0.8312191 0 2.48605e-10 1 -0.1177092 0 0 0 1</matrix>
                      <extra>
                        <technique profile="blender">
                          <layer sid="layer" type="string">0</layer>
                          <roll sid="roll" type="float">0</roll>
                          <tip_x sid="tip_x" type="float">0</tip_x>
                          <tip_y sid="tip_y" type="float">0</tip_y>
                          <tip_z sid="tip_z" type="float">0.1</tip_z>
                        </technique>
                      </extra>
                    </node>
                    <extra>
                      <technique profile="blender">
                        <layer sid="layer" type="string">0</layer>
                        <roll sid="roll" type="float">0</roll>
                        <tip_x sid="tip_x" type="float">0</tip_x>
                        <tip_y sid="tip_y" type="float">0</tip_y>
                        <tip_z sid="tip_z" type="float">0.1000001</tip_z>
                      </technique>
                    </extra>
                  </node>
                  <extra>
                    <technique profile="blender">
                      <layer sid="layer" type="string">0</layer>
                      <roll sid="roll" type="float">0</roll>
                      <tip_x sid="tip_x" type="float">0</tip_x>
                      <tip_y sid="tip_y" type="float">0</tip_y>
                      <tip_z sid="tip_z" type="float">0.0999999</tip_z>
                    </technique>
                  </extra>
                </node>
                <extra>
                  <technique profile="blender">
                    <layer sid="layer" type="string">0</layer>
                    <roll sid="roll" type="float">0</roll>
                    <tip_x sid="tip_x" type="float">0</tip_x>
                    <tip_y sid="tip_y" type="float">0</tip_y>
                    <tip_z sid="tip_z" type="float">0.0999999</tip_z>
                  </technique>
                </extra>
              </node>
              <extra>
                <technique profile="blender">
                  <layer sid="layer" type="string">0</layer>
                  <roll sid="roll" type="float">0</roll>
                  <tip_x sid="tip_x" type="float">0</tip_x>
                  <tip_y sid="tip_y" type="float">0</tip_y>
                  <tip_z sid="tip_z" type="float">0.0999999</tip_z>
                </technique>
              </extra>
            </node>
            <extra>
              <technique profile="blender">
                <layer sid="layer" type="string">0</layer>
                <roll sid="roll" type="float">0</roll>
                <tip_x sid="tip_x" type="float">0</tip_x>
                <tip_y sid="tip_y" type="float">0</tip_y>
                <tip_z sid="tip_z" type="float">0.1000001</tip_z>
              </technique>
            </extra>
          </node>
          <extra>
            <technique profile="blender">
              <layer sid="layer" type="string">0</layer>
              <roll sid="roll" type="float">0</roll>
              <tip_x sid="tip_x" type="float">0</tip_x>
              <tip_y sid="tip_y" type="float">0</tip_y>
              <tip_z sid="tip_z" type="float">0.1000001</tip_z>
            </technique>
          </extra>
        </node>
      </node>
      <node id="clipeus_cheque_001" name="clipeus_cheque_001" type="NODE">
        <translate sid="location">0 0 0</translate>
        <rotate sid="rotationZ">0 0 1 0</rotate>
        <rotate sid="rotationY">0 1 0 0</rotate>
        <rotate sid="rotationX">1 0 0 0</rotate>
        <scale sid="scale">1 1 1</scale>
        <instance_controller url="#swordsmen_european2_Skin_clipeus_cheque_001-skin">
          <skeleton>#swordsmen_european2_Skin_root</skeleton>
          <bind_material>
            <technique_common>
              <instance_material symbol="Material-material" target="#Material-material"/>
            </technique_common>
          </bind_material>
        </instance_controller>
      </node>
    </visual_scene>
  </library_visual_scenes>
  <scene>
    <instance_visual_scene url="#Scene"/>
  </scene>
</COLLADA>