<?xml version="1.0" encoding="utf-8"?>
<COLLADA xmlns="http://www.collada.org/2005/11/COLLADASchema" version="1.4.1" xmlns:xsi="http://www.w3.org/2001/XMLSchema-instance">
  <asset>
    <contributor>
      <author>Blender User</author>
      <authoring_tool>Blender 2.79.0 commit date:2017-09-11, commit time:10:43, hash:5bd8ac9</authoring_tool>
    </contributor>
    <created>2019-02-03T08:50:59</created>
    <modified>2019-02-03T08:50:59</modified>
    <unit name="meter" meter="1"/>
    <up_axis>Z_UP</up_axis>
  </asset>
  <library_cameras>
    <camera id="Camera-camera" name="Camera">
      <optics>
        <technique_common>
          <perspective>
            <xfov sid="xfov">49.13434</xfov>
            <aspect_ratio>1.777778</aspect_ratio>
            <znear sid="znear">0.1</znear>
            <zfar sid="zfar">100</zfar>
          </perspective>
        </technique_common>
      </optics>
      <extra>
        <technique profile="blender">
          <shiftx sid="shiftx" type="float">0</shiftx>
          <shifty sid="shifty" type="float">0</shifty>
          <YF_dofdist sid="YF_dofdist" type="float">0</YF_dofdist>
        </technique>
      </extra>
    </camera>
  </library_cameras>
  <library_lights>
    <light id="Lamp-light" name="Lamp">
      <technique_common>
        <point>
          <color sid="color">1 1 1</color>
          <constant_attenuation>1</constant_attenuation>
          <linear_attenuation>0</linear_attenuation>
          <quadratic_attenuation>0.00111109</quadratic_attenuation>
        </point>
      </technique_common>
      <extra>
        <technique profile="blender">
          <type sid="type" type="int">0</type>
          <flag sid="flag" type="int">0</flag>
          <mode sid="mode" type="int">8192</mode>
          <gamma sid="blender_gamma" type="float">1</gamma>
          <red sid="red" type="float">1</red>
          <green sid="green" type="float">1</green>
          <blue sid="blue" type="float">1</blue>
          <shadow_r sid="blender_shadow_r" type="float">0</shadow_r>
          <shadow_g sid="blender_shadow_g" type="float">0</shadow_g>
          <shadow_b sid="blender_shadow_b" type="float">0</shadow_b>
          <energy sid="blender_energy" type="float">1</energy>
          <dist sid="blender_dist" type="float">29.99998</dist>
          <spotsize sid="spotsize" type="float">75</spotsize>
          <spotblend sid="spotblend" type="float">0.15</spotblend>
          <halo_intensity sid="blnder_halo_intensity" type="float">1</halo_intensity>
          <att1 sid="att1" type="float">0</att1>
          <att2 sid="att2" type="float">1</att2>
          <falloff_type sid="falloff_type" type="int">2</falloff_type>
          <clipsta sid="clipsta" type="float">1.000799</clipsta>
          <clipend sid="clipend" type="float">30.002</clipend>
          <bias sid="bias" type="float">1</bias>
          <soft sid="soft" type="float">3</soft>
          <compressthresh sid="compressthresh" type="float">0.04999995</compressthresh>
          <bufsize sid="bufsize" type="int">2880</bufsize>
          <samp sid="samp" type="int">3</samp>
          <buffers sid="buffers" type="int">1</buffers>
          <filtertype sid="filtertype" type="int">0</filtertype>
          <bufflag sid="bufflag" type="int">0</bufflag>
          <buftype sid="buftype" type="int">2</buftype>
          <ray_samp sid="ray_samp" type="int">1</ray_samp>
          <ray_sampy sid="ray_sampy" type="int">1</ray_sampy>
          <ray_sampz sid="ray_sampz" type="int">1</ray_sampz>
          <ray_samp_type sid="ray_samp_type" type="int">0</ray_samp_type>
          <area_shape sid="area_shape" type="int">1</area_shape>
          <area_size sid="area_size" type="float">0.1</area_size>
          <area_sizey sid="area_sizey" type="float">0.1</area_sizey>
          <area_sizez sid="area_sizez" type="float">1</area_sizez>
          <adapt_thresh sid="adapt_thresh" type="float">0.000999987</adapt_thresh>
          <ray_samp_method sid="ray_samp_method" type="int">1</ray_samp_method>
          <shadhalostep sid="shadhalostep" type="int">0</shadhalostep>
          <sun_effect_type sid="sun_effect_type" type="int">0</sun_effect_type>
          <skyblendtype sid="skyblendtype" type="int">1</skyblendtype>
          <horizon_brightness sid="horizon_brightness" type="float">1</horizon_brightness>
          <spread sid="spread" type="float">1</spread>
          <sun_brightness sid="sun_brightness" type="float">1</sun_brightness>
          <sun_size sid="sun_size" type="float">1</sun_size>
          <backscattered_light sid="backscattered_light" type="float">1</backscattered_light>
          <sun_intensity sid="sun_intensity" type="float">1</sun_intensity>
          <atm_turbidity sid="atm_turbidity" type="float">2</atm_turbidity>
          <atm_extinction_factor sid="atm_extinction_factor" type="float">1</atm_extinction_factor>
          <atm_distance_factor sid="atm_distance_factor" type="float">1</atm_distance_factor>
          <skyblendfac sid="skyblendfac" type="float">1</skyblendfac>
          <sky_exposure sid="sky_exposure" type="float">1</sky_exposure>
          <sky_colorspace sid="sky_colorspace" type="int">0</sky_colorspace>
        </technique>
      </extra>
    </light>
  </library_lights>
  <library_images/>
  <library_effects>
    <effect id="thorakitai1_Mat-effect">
      <profile_COMMON>
        <technique sid="common">
          <phong>
            <emission>
              <color sid="emission">0 0 0 1</color>
            </emission>
            <ambient>
              <color sid="ambient">0 0 0 1</color>
            </ambient>
            <diffuse>
              <color sid="diffuse">0.64 0.64 0.64 1</color>
            </diffuse>
            <specular>
              <color sid="specular">0.5 0.5 0.5 1</color>
            </specular>
            <shininess>
              <float sid="shininess">50</float>
            </shininess>
            <index_of_refraction>
              <float sid="index_of_refraction">1</float>
            </index_of_refraction>
          </phong>
        </technique>
      </profile_COMMON>
    </effect>
  </library_effects>
  <library_materials>
    <material id="thorakitai1_Mat-material" name="thorakitai1_Mat">
      <instance_effect url="#thorakitai1_Mat-effect"/>
    </material>
  </library_materials>
  <library_geometries>
    <geometry id="battersea_001-mesh" name="battersea.001">
      <mesh>
        <source id="battersea_001-mesh-positions">
          <float_array id="battersea_001-mesh-positions-array" count="1953">1.393504 -0.999232 3.257162 1.393504 -0.999232 3.257162 0.7831416 -0.2682103 3.39688 1.445824 -0.3277162 3.43446 1.445824 -0.3277162 3.43446 2.012228 -0.2682097 3.146729 0.7831416 0.2719405 3.39688 1.445824 0.3314469 3.43446 1.445824 0.3314469 3.43446 2.012228 0.2719405 3.146728 1.393502 0.9961708 3.257162 1.393502 0.9961708 3.257162 0.8020737 -0.6657006 3.393027 1.093913 -0.989056 3.318287 1.419665 -0.6572974 3.34581 1.419665 -0.6572974 3.34581 0.9970954 -0.3319184 3.43657 1.693095 -0.9890561 3.196038 1.993297 -0.6657008 3.150583 1.842269 -0.3319177 3.255041 0.7762063 0.001865029 3.398291 1.445824 0.001865148 3.43446 1.445824 0.001865148 3.43446 0.9970968 0.3356485 3.43657 2.019163 0.001865029 3.145317 1.842268 0.3356485 3.255042 0.8020732 0.6694315 3.393027 1.419665 0.6610285 3.345811 1.419665 0.6610285 3.345811 1.093911 0.9884758 3.318287 1.993296 0.6694319 3.150582 1.693094 0.9884757 3.196037 0.8665633 -0.9397612 3.416517 1.946591 -0.9397613 3.18646 0.9744759 0.001864731 3.441429 1.864888 0.001864671 3.250183 0.8665619 0.9511988 3.416518 1.946591 0.9511985 3.186459 1.387303 -0.999232 3.235621 0.7769406 -0.2682103 3.375339 1.439623 -0.3277162 3.412919 2.006027 -0.2682097 3.125188 0.7769406 0.2719405 3.375339 1.439623 0.3314469 3.412919 2.006027 0.2719405 3.125188 1.387301 0.9961708 3.235621 0.7958727 -0.6657006 3.371486 1.087712 -0.989056 3.296746 1.413464 -0.6572974 3.324269 0.9908943 -0.3319184 3.415029 1.686894 -0.9890561 3.174498 1.987096 -0.6657008 3.129042 1.836068 -0.3319177 3.2335 0.7700052 0.001865029 3.37675 0.7700052 0.001865029 3.37675 1.439623 0.001865148 3.412919 1.439623 0.001865148 3.412919 0.9908958 0.3356485 3.415029 2.012961 0.001865029 3.123776 2.012961 0.001865029 3.123776 1.836068 0.3356485 3.233501 0.7958725 0.6694315 3.371486 1.413464 0.6610285 3.32427 1.08771 0.9884758 3.296746 1.987095 0.6694319 3.129041 1.686893 0.9884757 3.174496 0.8603625 -0.9397612 3.394976 1.944602 -0.9397613 3.179552 0.9682751 0.001864731 3.419888 0.9682751 0.001864731 3.419888 1.858687 0.001864671 3.228642 1.858687 0.001864671 3.228642 0.8603609 0.9511988 3.394977 1.944602 0.9511985 3.179551 0.4272251 0.326781 2.208365 -0.432852 0.3267754 2.209225 0.4228161 -0.3160669 2.199459 -0.4284363 -0.3160719 2.200319 0.4228161 -0.3160669 2.199459 0.4272251 0.326781 2.208365 -0.432852 0.3267754 2.209225 -0.4284363 -0.3160719 2.200319 -0.432852 0.3267754 2.209225 -0.4284363 -0.3160719 2.200319 0.4228161 -0.3160669 2.199459 0.4272251 0.326781 2.208365 -0.432852 0.3267754 2.209225 0.4272251 0.326781 2.208365 -0.4284363 -0.3160719 2.200319 0.4228161 -0.3160669 2.199459 0.2041632 -0.3458907 1.696373 0.5178012 -0.09560841 1.696407 0.3152159 -0.3633401 1.251024 0.5178012 -0.09560841 1.696407 0.6107794 -0.1132615 1.252491 0.6107794 -0.1132615 1.252491 0.1704596 0.3706853 1.642647 0.5178018 0.2704194 1.696408 0.5178018 0.2704194 1.696408 0.2660761 0.3528285 1.219201 0.6114344 0.2525628 1.253923 0.6114344 0.2525628 1.253923 -0.5187621 -0.09561306 1.696324 -0.2059121 -0.3458916 1.696349 -0.3036381 -0.3638656 1.250921 -0.5187621 -0.09561306 1.696324 -0.595807 -0.1132664 1.252407 -0.595807 -0.1132664 1.252407 -0.1437743 0.3706796 1.640658 -0.5187626 0.2704138 1.696325 -0.5187626 0.2704138 1.696325 -0.2496107 0.3528227 1.219118 -0.5951516 0.2525548 1.253841 -0.5951516 0.2525548 1.253841 -0.469674 0.1183341 3.249619 -0.2170963 0.1422637 3.274194 -0.3949369 0.3025182 2.930658 -0.4065695 -0.1895675 2.921937 9.1963e-4 -0.1549522 3.375122 -0.469674 0.02788621 3.249619 9.1963e-4 -0.1549522 3.375122 0.001017093 0.1281813 3.397884 -0.469674 0.02788621 3.249619 -0.469674 0.02788621 3.249619 -0.4065695 -0.1895675 2.921937 -0.4065695 -0.1895675 2.921937 -0.4065695 -0.1895675 2.921937 -0.469674 0.1183341 3.249619 -0.3949369 0.3025182 2.930658 -0.3949369 0.3025182 2.930658 -0.3949369 0.3025182 2.930658 -0.4065695 -0.1895675 2.921937 -0.3949369 0.3025182 2.930658 0.3779656 -0.1960437 2.919106 0.3653438 0.2998414 2.938339 0.206888 0.1431903 3.271909 0.3653438 0.2998414 2.938339 -0.02243888 -0.3679625 2.92055 0.4432091 0.02788639 3.247575 0.3779656 -0.1960437 2.919106 0.3779656 -0.1960437 2.919106 0.3779656 -0.1960437 2.919106 0.4432091 0.1226122 3.247575 0.3653438 0.2998414 2.938339 0.3653438 0.2998414 2.938339 0.3653438 0.2998414 2.938339 0.3779656 -0.1960437 2.919106 0.4432091 0.02788639 3.247575 0.4432091 0.02788639 3.247575 0.4432091 0.1226122 3.247575 -0.2170963 0.1422637 3.274194 -0.469674 0.02788621 3.249619 0.001017093 0.1281813 3.397884 0.206888 0.1431903 3.271909 -0.2170963 0.1422637 3.274194 0.001017093 0.1281813 3.397884 0.4432091 0.02788639 3.247575 0.4432091 0.02788639 3.247575 -0.469674 0.1183341 3.249619 -0.469674 0.02788621 3.249619 -0.2170963 0.1422637 3.274194 1.085634 0.1292759 3.216315 0.5103307 0.1230348 3.307603 0.5103307 0.1230348 3.307603 1.185854 0.01761823 3.296517 1.097744 0.02869617 3.039605 1.185854 0.01761823 3.296517 1.085634 0.1292759 3.216315 0.5032673 -0.04742085 3.283066 0.5032673 -0.04742085 3.283066 1.154206 -0.08854711 3.154132 1.097744 0.02869617 3.039605 1.097744 0.02869617 3.039605 1.154206 -0.08854711 3.154132 1.030145 0.1722081 3.157406 1.103316 0.2191771 3.167151 1.030145 0.1722081 3.157406 1.721152 0.01647073 3.173674 1.837642 -0.1231874 3.112372 1.841502 0.05287319 3.085374 1.674801 0.09795004 3.047962 1.691506 -0.1209571 3.083382 1.822826 0.03427326 3.026482 1.830929 -0.1246849 3.057692 1.587849 0.09010696 3.048113 1.632693 0.008627653 3.16859 1.601049 -0.1288002 3.071357 1.587849 0.09010696 3.048113 1.601049 -0.1288002 3.071357 1.632693 0.008627653 3.16859 -1.109132 0.02859693 2.97034 -1.180082 0.01758474 3.238005 -1.180082 0.01759481 3.238005 -1.180082 0.01759481 3.238005 -1.180082 0.01758474 3.238005 -0.5425825 0.1226564 3.294295 -0.5425825 0.1226564 3.294295 -0.5361593 -0.04727494 3.269661 -0.5361593 -0.04727494 3.269661 -1.180082 0.01758474 3.238005 -1.109132 0.02859693 2.97034 -1.109132 0.02859693 2.97034 -1.045457 0.1715239 3.084234 -1.234452 0.2191874 3.07846 -1.077011 0.1292759 3.13803 -1.077011 0.1292759 3.13803 -1.145921 -0.08855301 3.09672 -1.145921 -0.08855301 3.09672 -1.045457 0.1715239 3.084234 -1.728687 0.01647287 3.132978 -1.851272 0.05288517 3.047796 -1.846715 -0.1231992 3.074686 -1.68559 0.09796035 3.006096 -1.701377 -0.120969 3.041938 -1.840835 -0.1246978 3.020004 -1.834122 0.03428369 2.988444 -1.598795 0.09011733 3.004508 -1.611326 -0.1288121 3.027835 -1.640194 0.008629798 3.124867 -1.145921 -0.08855301 3.09672 -1.611326 -0.1288121 3.027835 -1.598795 0.09011733 3.004508 -1.640194 0.008629798 3.124867 -1.077011 0.1292759 3.13803 -0.1472293 -0.04772502 3.426717 -0.1365234 0.02494102 3.426724 -0.1315665 -0.02412194 3.426701 0.3878091 -0.1997393 2.946845 0.443273 -0.1478058 3.02422 -0.03029751 -0.2866664 3.281536 -0.03029751 -0.2866664 3.281536 -0.03029751 -0.2866664 3.281536 -0.03029751 -0.2866664 3.281536 -0.03029751 -0.2866664 3.281536 0.08377045 -0.3342221 2.918908 0.2251961 -0.2747215 2.896711 0.398292 -0.2327721 2.945755 -0.4111077 -0.1997394 2.946845 -0.4665714 -0.1478058 3.02422 -0.2494288 -0.2747216 2.896711 -0.108003 -0.3342224 2.918908 -0.4215906 -0.2327721 2.945755 0.2190914 -0.2455599 2.89879 0.4578191 -0.1671618 3.034597 -0.4111077 -0.1997394 2.946845 -0.2433241 -0.2455599 2.89879 -0.4811176 -0.1671618 3.034597 0.1034004 -0.1855675 3.274911 0.4298704 -0.1068763 3.155523 0.5007231 0.1934652 3.234878 0.5007231 0.1934652 3.234878 0.5007231 0.1934652 3.234878 -0.01211631 0.1466535 3.369931 -0.01211631 0.1466535 3.369931 0.1485932 -0.1069599 3.357281 0.4544607 -0.01533162 3.250371 0.1738564 0.02019619 3.372352 0.1738564 0.02019619 3.372352 0.4630415 0.04879438 3.261107 0.4630415 0.04879438 3.261107 0.398292 -0.2327721 2.945755 0.3878091 -0.1997393 2.946845 0.443273 -0.1478058 3.02422 0.4578191 -0.1671618 3.034597 0.4578191 -0.1671618 3.034597 0.443273 -0.1478058 3.02422 0.4157443 -0.09308576 3.143195 0.4157443 -0.09308576 3.143195 0.4298704 -0.1068763 3.155523 0.4298704 -0.1068763 3.155523 0.2251961 -0.2747215 2.896711 0.09284973 -0.3107697 2.914998 0.08377045 -0.3342221 2.918908 0.2190914 -0.2455599 2.89879 0.438829 -0.007146298 3.226037 0.4544607 -0.01533162 3.250371 0.5007231 0.1934652 3.234878 0.5007231 0.1934652 3.234878 0.4834765 0.1898665 3.213934 0.4834765 0.1898665 3.213934 0.4630415 0.04879438 3.261107 0.4468843 0.05062305 3.23506 -0.127633 -0.1855675 3.274911 -0.4526584 -0.1068763 3.155523 -0.5265168 0.1934652 3.234878 -0.5265168 0.1934652 3.234878 -0.5265168 0.1934652 3.234878 -0.01211631 0.1466535 3.369931 -0.01211631 0.1466535 3.369931 -0.1728259 -0.1069599 3.357281 -0.4772487 -0.01533162 3.250371 -0.1980891 0.02019619 3.372352 -0.1980891 0.02019619 3.372352 -0.4858295 0.04879438 3.261107 -0.4858295 0.04879438 3.261107 -0.4215906 -0.2327721 2.945755 -0.4665714 -0.1478058 3.02422 -0.4111077 -0.1997394 2.946845 -0.4811176 -0.1671618 3.034597 -0.4811176 -0.1671618 3.034597 -0.4811176 -0.1671618 3.034597 -0.4385322 -0.09308576 3.143195 -0.4385322 -0.09308576 3.143195 -0.4526584 -0.1068763 3.155523 -0.2494288 -0.2747216 2.896711 -0.108003 -0.3342224 2.918908 -0.1170824 -0.3107697 2.914998 -0.2433241 -0.2455599 2.89879 -0.461617 -0.007146298 3.226037 -0.4772487 -0.01533162 3.250371 -0.5092703 0.1898665 3.213934 -0.5092703 0.1898665 3.213934 -0.5265168 0.1934652 3.234878 -0.5265168 0.1934652 3.234878 -0.4696723 0.05062305 3.23506 -0.4858295 0.04879438 3.261107 9.19632e-4 -0.1549522 3.34153 0.001017093 0.1281813 3.364291 -0.4877328 0.03070288 3.19371 0.4626209 0.03070306 3.192185 -0.2170963 0.1422637 3.240602 -0.4877328 0.03070288 3.19371 0.001017093 0.1281813 3.364291 0.206888 0.1431903 3.238317 -0.2170963 0.1422637 3.240602 0.001017093 0.1281813 3.364291 0.4626209 0.03070306 3.192185 -0.4877328 0.1243135 3.19371 -0.4877328 0.03070288 3.19371 -0.2170963 0.1422637 3.240602 0.5397761 0.4973111 3.265473 0.5397761 0.4973111 3.265473 -0.01675665 0.474251 3.381896 -0.01675665 0.474251 3.381896 0.5397761 0.4973111 3.265473 0.5397761 0.4973111 3.265473 0.5229352 0.5020645 3.244975 0.5229352 0.5020645 3.244975 -0.01675665 0.474251 3.381896 -0.01675665 0.474251 3.381896 -0.5743075 0.4973111 3.265472 -0.5743075 0.4973111 3.265472 -0.5743075 0.4973111 3.265472 -0.5743075 0.4973111 3.265472 -0.5574666 0.5020645 3.244975 -0.5574666 0.5020645 3.244975 0 0.7527754 3.325454 0 0.7527754 3.325454 0.5524794 0.6662409 3.227588 0.5524794 0.6662409 3.227588 0.5389464 0.6464918 3.209695 0.5389464 0.6464918 3.209695 0.5524794 0.6662409 3.227588 0.5524794 0.6662409 3.227588 -0.587011 0.6662409 3.227588 -0.587011 0.6662409 3.227588 -0.5658428 1.213823 3.05757 -0.5658428 1.213823 3.05757 -0.5734778 0.6464918 3.209695 -0.5734778 0.6464918 3.209695 -0.5793871 1.224096 3.079835 -0.5793871 1.224096 3.079835 -0.587011 0.6662409 3.227588 -0.587011 0.6662409 3.227588 0 0.7527754 3.325454 0 0.7527754 3.325454 0 1.315148 3.175616 0 1.315148 3.175616 0.5610469 1.224099 3.079833 0.5610469 1.224099 3.079833 0 1.315148 3.175616 0 1.315148 3.175616 0 1.25931 3.032497 0 1.25931 3.032497 0 0.696938 3.182334 0 0.696938 3.182334 0 1.25931 3.032497 0 1.25931 3.032497 0.5475028 1.204351 3.061941 0.5475028 1.204351 3.061941 0.7178708 1.882143 2.87056 0 1.835625 3.067621 0 1.764468 2.885233 -0.6267597 1.856976 2.847759 0.7178708 1.882143 2.87056 0.7017096 1.856976 2.847759 -0.642921 1.882143 2.87056 0 1.835625 3.067621 -0.642921 1.882143 2.87056 0 1.764468 2.885233 -0.2036803 -0.01424968 3.746665 -0.210004 -0.2378957 3.734499 -0.2248994 -0.1856777 3.594469 -0.1472117 -0.2598309 3.461245 -0.2427983 0.0206269 3.405641 -0.2051217 0.06168359 3.450324 -0.1500449 0.2006691 3.638208 -0.2075922 0.1182761 3.676998 0.2326326 -0.1856777 3.594473 0.2114119 -0.01424968 3.746671 0.1923955 0.1182761 3.677 0.2128902 0.06168478 3.450326 0.2085258 0.02062624 3.405642 0.1549643 -0.2598309 3.461246 -0.1500449 0.2006691 3.638208 0.2136842 -0.2299984 3.749581 -0.2038798 -0.2588399 3.697351 -0.2069661 0.04766142 3.772456 -0.1167732 -0.3156061 3.338809 -0.218255 0.0909515 3.427331 0.2011729 0.09095162 3.427331 0.1898838 0.04766148 3.772456 0.09969121 -0.3156061 3.338809 0.1867981 -0.2588398 3.697351 -0.1167732 -0.3156061 3.338809 0.09969121 -0.3156061 3.338809 -0.2038798 -0.2588399 3.697351 -0.2038798 -0.2588399 3.697351 0.09969121 -0.3156061 3.338809 0.1867981 -0.2588398 3.697351 -0.008529305 0.2354971 3.456675 -0.218255 0.0909515 3.427331 -0.2069661 0.04766142 3.772456 -0.008540987 0.2529194 3.751923 -0.2069661 0.04766142 3.772456 -0.008529305 0.2354971 3.456675 -0.008540987 0.2529194 3.751923 0.1898838 0.04766148 3.772456 0.1898838 0.04766148 3.772456 0.2011729 0.09095162 3.427331 -0.008529305 0.2354971 3.456675 0.02906829 0.2355306 3.774986 0.2118309 0.07534742 3.773667 0.2664584 0.08679509 3.688344 0.03348904 0.2876384 3.716164 0.2118308 -0.198939 3.769026 -0.00671631 -0.3867171 3.692928 0.2664583 -0.1905479 3.692902 -0.3090326 0.08679485 3.688344 -0.2497418 0.07534247 3.773803 -0.07298195 0.2344471 3.775008 -0.0558471 0.2877259 3.716169 -0.3090328 -0.1905481 3.692901 -0.00671631 -0.3867171 3.692928 -0.01947969 -0.3364641 3.771334 -0.01947969 -0.3364641 3.771334 -0.2497419 -0.1989427 3.769162 -0.01977449 -0.1484442 4.091294 -0.01937156 -0.3278367 3.948229 0.211939 -0.2136042 3.94639 -0.2496338 -0.2136083 3.946499 -0.01937156 -0.3278367 3.948229 -0.01977449 -0.1484442 4.091294 -0.2496337 0.08086609 3.950195 -0.07502025 0.07381695 4.073924 -0.07287383 0.2329815 3.951154 0.03519636 0.07366555 4.074149 0.211939 0.08087164 3.950086 0.02917641 0.2340382 3.951137 -0.01977443 -0.01943624 4.091859 -0.01977449 -0.1484442 4.091294 -0.01977443 -0.01943624 4.091859 -0.06791913 0.02824258 4.075639 -0.06791913 0.02824258 4.075639 -0.01977449 -0.1484442 4.091294 -0.01977443 -0.01943624 4.091859 0.03519636 0.07366555 4.074149 -0.07502025 0.07381695 4.073924 -0.01977443 -0.01943624 4.091859 -0.0558471 0.2877259 3.716169 -0.07298195 0.2344471 3.775008 0.02906829 0.2355306 3.774986 0.03348904 0.2876384 3.716164 0.03519636 0.07366555 4.074149 0.02917641 0.2340382 3.951137 0.02917641 0.2340382 3.951137 0.2552152 0.1398115 3.68859 0.02224582 0.393507 3.643062 -0.06709039 0.3935946 3.643063 -0.3202759 0.1398112 3.68859 -0.3090326 0.08679485 3.688344 -0.06709039 0.3935946 3.643063 -0.0558471 0.2877259 3.716169 -0.0558471 0.2877259 3.716169 -0.003696262 -0.4183772 3.634177 0.2694783 -0.2679159 3.63376 -0.3060126 -0.2679162 3.63376 -0.003696262 -0.4183772 3.634177 -0.00671631 -0.3867171 3.692928 -0.00671631 -0.3867171 3.692928 0.2118309 0.07534742 3.773667 0.02906829 0.2355306 3.774986 0.02912801 0.264293 3.835911 0.2118907 0.08249074 3.834144 -0.07298195 0.2344471 3.775008 -0.2497418 0.07534247 3.773803 -0.2496821 0.08248519 3.834327 -0.07292222 0.2630633 3.835939 -0.01947969 -0.3364641 3.771334 0.2118308 -0.198939 3.769026 0.2118906 -0.2124174 3.827934 -0.01942008 -0.3436849 3.831023 -0.01947969 -0.3364641 3.771334 -0.2497419 -0.1989427 3.769162 -0.01947969 -0.3364641 3.771334 -0.01942008 -0.3436849 3.831023 -0.01942008 -0.3436849 3.831023 -0.2496822 -0.2124215 3.828118 0.02906829 0.2355306 3.774986 0.02912801 0.264293 3.835911 0.02906829 0.2355306 3.774986 -0.01942008 -0.3436849 3.831023 -0.01937156 -0.3278367 3.948229 -0.01937156 -0.3278367 3.948229 0.02912801 0.264293 3.835911 0.02917641 0.2340382 3.951137 0.02912801 0.264293 3.835911 0.4476837 0.001962006 1.252539 0.3943449 0.161774 1.832953 0.04524976 0.0016433 1.232718 0.0323807 0.1614313 1.817913 0.04524976 0.0016433 1.232718 0.04524976 0.0016433 1.232718 0.4476837 0.001962006 1.252539 0.4476837 0.001962006 1.252539 0.2327533 -0.2225432 1.811297 0.2327533 -0.2225432 1.811297 0.3943449 0.161774 1.832953 0.2525087 -0.01224297 0.2271173 0.2510321 -0.03943878 0.3254607 0.2322385 -0.01088488 0.3254663 0.1704182 0.2421756 0.002054572 0.1375218 0.1789597 0.3254938 0.3743781 0.2437953 0.002051591 0.3933345 0.1812587 0.32542 0.3339164 0.09613031 0.3254369 0.2510321 -0.03943878 0.3254607 0.2525087 -0.01224297 0.2271173 0.1156281 -0.348581 0.006905555 0.3685376 -0.2578483 0.006905734 0.2525087 -0.01224297 0.2271173 0.1156281 -0.348581 0.006905555 0.3685376 -0.2578483 0.006905734 0.3743781 0.2437953 0.002051591 0.3685376 -0.2578483 0.006905734 0.3413465 0.2091447 0.3342625 0.3413465 0.2091447 0.3342625 0.248162 0.111393 1.27145 0.248162 0.111393 1.27145 0.2397299 -0.2476036 1.078211 0.2397299 -0.2476036 1.078211 0.2413823 -0.07826173 0.2498072 0.3476607 0.09557163 0.2497766 0.2397299 -0.2476036 1.078211 0.2397299 -0.2476036 1.078211 0.236785 -0.2532688 1.298222 0.236785 -0.2532688 1.298222 0.236785 -0.2532688 1.298222 0.236785 -0.2532688 1.298222 0.4238495 0.2047276 0.2497549 0.3571878 0.2404844 0.2610933 0.248162 0.111393 1.27145 0.2172842 -0.0416485 0.2498143 0.2413823 -0.07826173 0.2498072 0.09583371 0.2017797 0.2498496 0.3571878 0.2404844 0.2610933 0.248162 0.111393 1.27145 -0.4256047 0.003482043 1.248339 -0.3943767 0.1711317 1.83284 -0.04064673 0.003147363 1.228546 -0.04696041 0.209053 1.828691 -0.04064673 0.003147363 1.228546 -0.04064673 0.003147363 1.228546 -0.4256047 0.003482043 1.248339 -0.4256047 0.003482043 1.248339 -0.2307813 -0.2338632 1.811186 -0.2307813 -0.2338632 1.811186 -0.3943767 0.1711317 1.83284 -0.2510623 -0.01371753 0.2250735 -0.1674992 0.2531742 1.08901e-5 -0.1338834 0.1869172 0.3255721 -0.2299832 -0.01202803 0.3255999 -0.2510623 -0.01371753 0.2250735 -0.2482635 -0.04262065 0.3256052 -0.3298709 0.09941303 0.3256287 -0.3744874 0.2549075 7.83858e-6 -0.359957 -0.2784513 0.004416882 -0.1032139 -0.3711563 0.004417061 -0.2510623 -0.01371753 0.2250735 -0.1032139 -0.3711563 0.004417061 -0.359957 -0.2784513 0.004416882 -0.359957 -0.2784513 0.004416882 -0.3744874 0.2549075 7.83858e-6 -0.2482635 -0.04262065 0.3256052 -0.3878217 0.1893211 0.3256453 -0.3378285 0.2199346 0.3352621 -0.3378285 0.2199346 0.3352621 -0.2360191 0.1228075 1.266335 -0.2360191 0.1228075 1.266335 -0.2274532 -0.2575259 1.073095 -0.2274532 -0.2575259 1.073095 -0.2379575 -0.08725947 0.249827 -0.2140457 -0.0472424 0.2498202 -0.4205083 0.2161347 0.2498796 -0.344705 0.09852939 0.2498579 -0.2274532 -0.2575259 1.073095 -0.2274532 -0.2575259 1.073095 -0.2121686 -0.265196 1.294021 -0.2121686 -0.265196 1.294021 -0.2121686 -0.265196 1.294021 -0.2121686 -0.265196 1.294021 -0.08834117 0.2129903 0.2497838 -0.3551141 0.2561791 0.262459 -0.2360191 0.1228075 1.266335 -0.2360191 0.1228075 1.266335 -0.3551141 0.2561791 0.262459 -0.2379575 -0.08725947 0.249827 -1.722909 -2.46085 3.101485 -1.699081 -2.460228 3.01085 -1.693593 -2.201335 3.023773 -1.711744 -2.201807 3.092488 -1.699081 -2.460228 3.01085 -1.846709 -2.461483 3.017264 -1.853039 -2.20229 3.016283 -1.693593 -2.201335 3.023773 -1.846709 -2.461483 3.017264 -1.853039 -2.20229 3.016283 -1.734514 -2.080235 3.023695 -1.74909 -2.080617 3.079137 -1.824819 -2.081003 3.027619 -1.734514 -2.080235 3.023695 -1.824819 -2.081003 3.027619 -1.74909 -2.080617 3.079137 -1.74909 -2.080617 3.079137 -1.734514 -2.080235 3.023695 -1.737707 1.835028 3.024376 -1.737707 1.835028 3.024376 -1.752282 1.834646 3.079817 -1.824819 -2.081003 3.027619 -1.828011 1.834259 3.0283 -1.828011 1.834259 3.0283 -1.824819 -2.081003 3.027619 -1.74909 -2.080617 3.079137 -1.752282 1.834646 3.079817 -1.828011 1.834259 3.0283 -1.782988 -2.984149 3.034341 -1.781827 -2.984138 3.034291 -1.782015 -2.984144 3.035002 -1.782015 -2.984144 3.035002 -1.781827 -2.984138 3.034291 -1.782988 -2.984149 3.034341</float_array>
          <technique_common>
            <accessor source="#battersea_001-mesh-positions-array" count="651" stride="3">
              <param name="X" type="float"/>
              <param name="Y" type="float"/>
              <param name="Z" type="float"/>
            </accessor>
          </technique_common>
        </source>
        <source id="battersea_001-mesh-normals">
          <float_array id="battersea_001-mesh-normals-array" count="1479">0.3004152 -0.3679819 0.879966 0.1845608 -0.2598544 0.9478466 0.1600428 -0.06685817 0.9848434 0.006978332 -0.2602538 0.965515 -0.2549636 0.02286154 0.9666804 -0.1876727 -0.0184589 0.9820582 0.1012353 -0.3388407 0.9353814 0.2014964 -0.2602277 0.9442886 0.580298 0.007711946 0.8143678 0.5420451 -0.01766848 0.8401638 0.2569251 -0.06469941 0.9642633 0.3949015 -0.2677312 0.8788475 -0.2125059 -0.02861976 0.9767407 -0.185231 -0.009891033 0.9826453 0.01478016 -0.0135526 0.999799 0.004702806 -7.2418e-7 0.999989 0.01478141 0.01355183 0.999799 0.004700839 -1.45481e-6 0.999989 -0.2125075 0.02861988 0.9767403 -0.1852306 0.009891986 0.9826453 0.4024945 -0.01395434 0.9153161 0.4123115 -5.95722e-7 0.9110429 0.5619711 -0.02604997 0.8267466 0.5399255 -0.009464502 0.8416597 0.5619695 0.02604854 0.8267478 0.5399278 0.009465873 0.8416581 0.4024949 0.01395195 0.915316 -0.4123108 1.66239e-6 -0.9110432 -0.2542489 -0.02241992 0.966879 -0.1876748 0.01845806 0.9820578 0.1605911 0.0661354 0.9848028 0.006976127 0.260254 0.9655151 0.3124792 0.3838967 0.8688959 0.1862401 0.2648056 0.9461463 0.2564228 0.06399697 0.9644438 0.3949022 0.2677329 0.8788466 0.5800827 -0.007559716 0.8145226 0.5420503 0.017672 0.8401603 0.08713859 0.3532795 0.9314509 0.1992924 0.265098 0.9434012 -0.1845622 0.2598541 -0.9478463 -0.3004157 0.3679819 -0.8799657 -0.006977438 0.2602536 -0.9655151 -0.1600428 0.06685811 -0.9848433 0.1876764 0.0184589 -0.9820575 0.2549591 -0.02286136 -0.9666817 -0.2014957 0.2602276 -0.9442887 -0.05337882 0.3739979 -0.9258921 -0.5420433 0.01766836 -0.8401649 -0.6327534 -0.04436987 -0.7730812 -0.3949024 0.2677312 -0.8788471 -0.2413101 0.04295814 -0.9694969 0.1852285 0.009892046 -0.9826458 0.2125102 0.02861934 -0.9767397 -0.004704058 7.21579e-7 -0.999989 -0.01478147 0.0135526 -0.999799 -0.004700243 1.45466e-6 -0.999989 -0.0147829 -0.01355111 -0.999799 0.1852296 -0.00989288 -0.9826455 0.2125087 -0.02861893 -0.9767401 -0.4123093 4.15599e-7 -0.911044 -0.4024954 0.01395475 -0.9153157 -0.5399208 0.009463131 -0.8416628 -0.5619718 0.02605074 -0.8267461 -0.5399255 -0.009464442 -0.8416597 -0.5619703 -0.02604848 -0.8267473 -0.4123104 2.06387e-6 -0.9110434 -0.4024956 -0.01395249 -0.9153156 0.1876769 -0.01845824 -0.9820574 0.2542493 0.02241986 -0.9668789 -0.006975233 -0.2602542 -0.965515 -0.1605919 -0.06613588 -0.9848027 -0.1862381 -0.2648054 -0.9461467 -0.3124788 -0.3838967 -0.8688961 -0.3949022 -0.2677331 -0.8788466 -0.2409724 -0.04249125 -0.9696014 -0.5420463 -0.01767289 -0.8401628 -0.631585 0.04351741 -0.7740845 -0.1992915 -0.2650978 -0.9434013 -0.03822213 -0.3890779 -0.9204117 -5.09576e-4 0.996984 0.07760548 7.06425e-5 0.9970292 0.07702541 0.6085727 -0.7625946 -0.2192918 6.55842e-5 -0.9982492 0.05914932 -0.6088376 -0.7610733 -0.2237949 8.41727e-4 -0.999194 0.04013484 0 -0.9992334 0.03915172 -1.22357e-6 -0.9982541 0.05906528 0.9826371 -1.74948e-6 0.1855385 0.984492 -0.009178936 0.1751891 -0.9860568 -0.009075164 0.1661612 -0.9843171 -1.5505e-6 0.1764081 -0.2662825 0.9619562 -0.06110531 0.2847682 0.9570187 -0.0549767 0.6367746 -0.7535508 0.1633384 0.613193 -0.7684399 0.1830148 -0.640974 -0.7483124 0.1708244 -0.6187106 -0.7733793 0.1381368 -4.41293e-6 0.9991041 -0.04232186 2.47934e-4 0.9991143 -0.04207706 0.9783122 -0.002562165 0.2071203 0.9787617 -1.7185e-6 0.2050013 -0.9852777 0.001094996 0.1709583 -0.9854233 -1.67719e-6 0.1701205 -0.2778168 0.9605902 0.009191393 -0.2550408 0.9666548 0.0230847 0.2767063 0.9607034 0.02196848 0.2745325 0.9613842 0.01929575 -0.1286078 0.8715482 0.4731424 -0.4248425 -0.7898414 0.442334 -0.2846469 -0.07672083 0.9555575 0.1677674 0.5675739 -0.8060484 0.6996727 0 0.7144635 0.0672962 0.6302761 0.773449 -0.9723716 0 -0.2334388 0.4047791 -0.1161827 0.9070036 0.7179748 -0.5082793 0.4755674 0.5224829 0 0.8526498 0.3689527 0.7648369 0.5281084 -0.999475 -0.007302641 0.03156673 -0.9983253 0.02265638 0.05322891 0.997953 -0.007723808 0.06348359 0.9961152 0.02204734 0.08525604 3.13593e-4 0.9050989 0.4252012 -0.001085996 0.90603 0.423212 0.00318104 0.9994358 0.03343755 3.04566e-5 0.9993197 0.03688234 -0.3833445 -0.828612 0.407982 -0.4146221 -0.8941051 0.1693066 -6.67242e-5 -0.9974174 -0.07182353 -0.1098202 -0.8072624 0.5798855 -0.04067909 -0.9299646 0.3653918 -0.2561975 -0.6705832 -0.6961905 -0.06279414 0.01916891 -0.9978424 -0.2956041 0.6724269 -0.6785724 -0.06319606 -0.1455166 0.9873355 0.112994 0.6445577 0.75616 -0.2427045 0.5446419 -0.8027825 -0.1344207 0.4956718 0.8580447 -0.5889053 -0.09119325 0.8030408 -0.7907086 -0.4212353 0.4442305 -0.6666221 0 0.7453959 -0.4736759 0.7073547 0.5246719 0.06531226 -0.8068716 0.5871054 0.01537168 -0.9275192 0.3734594 0.3081874 -0.5846583 -0.7504634 0.1521446 0.04217267 -0.9874582 0.342963 0.6872155 -0.6403993 -0.005952596 -0.1422357 0.9898149 0.4485371 -0.7774363 0.4409165 0.3053125 -0.07641136 0.9491816 0.1244673 0.8740608 0.4696018 0.3889721 -0.9044584 0.1750883 0.3661993 -0.8497017 0.3793487 -0.3523076 0.6291185 0.6928848 -0.00154674 0.9932698 0.1158133 0.1024305 0 0.9947402 0.3747005 0.6230643 0.6865788 -0.096843 0 0.9952997 -0.5441626 0.1128733 0.8313524 -0.102927 0.8524799 0.5125272 0.1574524 -0.1986796 -0.967334 -0.9617468 -0.01370549 -0.2735969 0.1886036 -0.1718934 -0.9668927 0.1960301 -0.5141463 0.8350005 0.02203887 -0.9993143 0.02975612 -0.3291693 0.8697398 -0.3676958 -0.9935175 -0.0418483 -0.105697 0.5653446 0.1129034 0.8170914 0.1161253 0.8524733 0.5097101 -0.1827343 -0.1983799 -0.9629401 0.9540814 -0.01014029 -0.299376 -0.213496 -0.1718975 -0.9617021 -0.1744367 -0.5141249 0.8397902 -0.02119672 -0.999326 0.0299713 0.3195757 0.8697477 -0.3760457 0.9918761 -0.04025024 -0.1206721 -0.07338488 0.8243265 0.5613383 -0.104942 0.8052108 0.583629 0.1428861 -0.1474512 -0.978694 0.007767558 -0.1051244 -0.9944288 -0.0324335 -0.1591994 -0.9867135 -0.1621261 -0.09536641 -0.9821509 6.50618e-4 -0.5492016 0.8356897 -0.05999696 -0.5672911 0.821329 0.08438926 -0.5385541 0.8383543 0.02427107 -0.5731642 0.8190811 0.1241024 0.8152139 0.5657076 0.08390778 0.8115102 0.5782826 -0.05536043 0.5566502 -0.8289004 0.0302543 -0.1037377 -0.9941444 -0.1873887 -0.7310886 -0.656045 0.1601455 -0.7467205 -0.6455711 -0.08186966 -0.1009577 -0.9915165 0.09548413 -0.5894927 0.8021106 0.1469416 -0.8083522 0.5700657 -0.9503145 0 0.3112916 -0.3777113 0.8218467 0.4265001 -0.2062795 0.5724085 0.7935976 0.2329829 0.5910574 0.7722501 0.3306275 0.8342967 0.441174 -0.01910501 -0.8015951 0.5975621 -0.1814953 -0.5923209 0.784994 0.001415669 0.4941256 -0.8693894 -0.1518113 0.8186433 0.5538741 -0.08480644 0.9063743 0.4138764 0.1630312 0.7272273 0.6667543 -0.420456 0.4975977 0.7586919 -0.1793864 0.7428573 0.6449679 0.07646232 0.8386936 0.5392094 0.03562819 0.9067463 0.4201689 -0.001413583 3.19444e-4 -0.999999 0.4099133 -0.8657193 0.2872301 0.4083576 -0.8796586 0.2438131 0.2056373 -0.9728345 0.1063306 -0.4321798 -0.86101 0.2681093 -0.4066694 -0.8905241 0.2039288 -0.2114439 -0.9732197 0.09019422 0.2465773 -0.9674596 0.05676007 0.3907195 -0.8459407 0.3629361 0.2533397 0.9666626 -0.03718388 -0.4127618 -0.8426656 0.3457493 0.4754649 -0.5857666 0.6563617 0.3678485 -0.795464 0.4815855 0.2081074 -0.1244342 0.9701585 0.2572318 -0.03163337 0.9658319 0.3757693 -0.7646514 0.5235513 0.4126152 -0.7065311 0.5749456 0.2121736 0.3296432 0.9199554 0.3512495 0.07767707 0.9330543 0.3725613 -0.1818735 0.9100111 0.3689624 -0.2012857 0.9073868 0.1939866 0.1836156 0.9636672 0.2011794 0.1999266 0.958935 0.7025894 0.2450144 -0.6680839 0.7353906 0.2066656 -0.6453605 0.8160288 0.5731517 -0.074795 0.7532585 0.6413933 -0.1456587 0.1023464 0.1249165 0.9868744 0.1473501 -0.03961253 0.9882909 0.77941 0.31351 -0.5424313 0.8506804 0.2503964 -0.4622173 0.774476 -0.03594732 -0.6315811 0.7683978 -0.03357321 -0.6390913 0.8003711 -0.3023265 -0.5176918 0.7628886 -0.2882839 -0.5786998 0.2436998 0.1196312 -0.9624442 0.2446804 0.1094402 -0.9634076 0.7224821 -0.2386047 -0.6489126 0.8671624 -0.1701761 -0.4680488 0.8361756 -0.03106665 -0.5475813 0.8487323 -0.02513283 -0.5282253 -0.8526527 -0.1245815 -0.5074079 -0.8712983 -0.1144862 -0.4772129 -0.5177714 -0.4508544 0.7270786 -0.3695564 -0.793945 0.4827831 -0.2078226 -0.1303018 0.9694489 -0.2570559 -0.03891026 0.965613 -0.377111 -0.7645567 0.522724 -0.4142147 -0.7061954 0.5742076 -0.2116894 0.3289381 0.9203191 -0.3536996 0.06963771 0.9327633 -0.3741537 -0.1821067 0.9093108 -0.3705626 -0.2013874 0.9067119 -0.1922631 0.200957 0.9605473 -0.1903904 0.2059689 0.9598586 -0.7025899 0.2450146 -0.6680833 -0.7353903 0.2066684 -0.6453598 -0.8154923 0.5742797 -0.07193917 -0.7525504 0.6427491 -0.1433236 -0.1023351 0.1249155 0.9868757 -0.147343 -0.03961247 0.9882919 -0.7794183 0.3135048 -0.5424224 -0.8506739 0.2503991 -0.4622274 -0.7755477 -0.05869251 -0.6285548 -0.7652899 -0.05437397 -0.6413851 -0.795732 -0.3173199 -0.5158668 -0.7604866 -0.3033757 -0.5741285 0.2448748 -0.1198542 0.9621182 0.2458478 -0.1098 0.9630694 -0.722475 -0.2386055 -0.6489201 -0.8671629 -0.170176 -0.4680476 -0.8361659 -0.03106808 -0.547596 -0.8487406 -0.02513217 -0.5282119 -0.1953303 0.2535924 0.9473843 -0.1963064 0.2524466 0.9474886 0.2423447 0.2411078 0.9397532 0.1962411 0.1992158 0.9601054 -0.02003914 -0.2798142 -0.959845 0.01122671 -0.309157 -0.9509447 -0.0221163 -0.2573927 -0.9660538 -0.02332383 -0.2586286 -0.9656953 0.02611309 -0.2573679 -0.9659606 0.02506393 -0.2563105 -0.9662695 0.2064572 0.2475514 0.9466223 0.2024658 0.2521238 0.9462776 0.8590093 -0.1433488 -0.4914817 0.8588239 -0.143443 -0.4917783 -0.2644039 0.2690048 0.9261356 -0.1902562 0.1994553 0.9612597 -0.8751128 -0.2229939 -0.4294781 -0.8924709 -0.2126839 -0.3978207 0.8911245 -0.3170853 -0.3245833 0.9028949 -0.3099125 -0.2978844 0.02352845 -0.2797929 -0.9597721 -0.009949207 -0.3096833 -0.9507877 -0.3150348 -0.07594501 0.9460368 0.3342877 -0.07563751 0.9394311 -0.3682655 0.5920848 0.7168098 0.3882055 0.5933879 0.7051151 -0.1707241 0 0.985319 0.9932602 -0.02189308 -0.1138201 0.8789087 0.3612956 0.3114244 0.2640125 -0.8108036 0.5223935 0.8354673 -0.5426298 0.0868743 0.9924662 -0.02388322 -0.1201688 -0.9907619 -0.134908 0.01381123 -0.9824761 0.1748104 -0.06466913 -0.8898293 0.1746353 0.4215521 -0.2640173 0.8108026 -0.5223925 -0.9937993 0.02732312 0.1077796 -0.8354673 0.5426298 -0.08687424 0.9921245 0.01212978 0.1246677 0.9915258 0.114691 0.06101459 -0.9686866 0.04984742 -0.243231 -0.9701625 -0.2424524 0.00132209 0.9701626 -0.2424522 0.001322627 0.9686863 0.04984956 -0.2432324 -3.79268e-7 -0.9876975 0.1563769 4.20285e-7 -0.9876974 0.1563774 -0.5747215 0.8094539 0.1203311 -0.720412 0.6923404 -0.0408827 0.720412 0.6923437 -0.04082596 0.5747646 0.8094236 0.1203292 0.5857137 0.6644574 0.4641506 0.5761014 0.5898687 0.5658288 0.554086 -0.7715485 0.312573 -0.5843248 0.6454489 0.4918947 -0.5866808 0.6779085 0.4429963 -0.4965929 -0.7652429 0.4096327 0.4357296 -0.7238942 0.534899 -0.492348 -0.8197597 0.2925534 0.2995109 -0.5944685 0.7462576 -0.3007888 -0.5950419 0.745286 -0.4708814 0.5427815 0.695456 0.464765 0.5498068 0.6940505 0.8119131 0.009593665 0.5836997 0.8427008 -0.009108722 0.538305 -0.7899801 -0.01037347 0.6130449 -0.8210006 0.00938183 0.5708503 0.5280333 -0.0106585 0.8491567 0.5697317 -0.1840232 0.8009628 0.5230786 -0.003733098 0.8522764 -0.3229629 -0.004145085 0.9464026 -0.5184372 -0.06572288 0.8525864 -0.5323873 -0.05116313 0.8449534 -0.5784033 -0.01023876 0.8156868 -0.001750409 0.1878709 0.9821922 -0.3339009 -0.01657283 0.9424625 7.60588e-4 0.7411526 0.6713362 -0.007810771 0.748808 0.6627411 -7.75995e-4 0.6085969 0.7934793 -0.006195247 0.6107991 0.7917615 0.4483979 0.5396336 0.7125552 0.1397957 0.02505469 0.9898634 0.1503441 0.02729707 0.9882568 -0.4573509 0.4719145 0.7537419 5.60109e-4 0.5682639 0.8228462 6.0161e-4 0.5682434 0.8228604 0.3144093 -0.568732 0.7600597 0.5283871 -0.7357526 0.4236453 -0.4053481 -0.8132915 0.4174324 -0.3717998 -0.5728834 0.7304584 0.6195222 0.709615 -0.3356172 0.7023318 0.7068544 -0.08418375 -0.6661645 0.7407413 -0.08676016 -0.6775292 0.6659871 -0.3121144 0.499941 -0.8441323 -0.1936485 0.4897577 -0.8654899 -0.1051896 -0.5093186 -0.8544098 -0.1028526 -0.4839258 -0.8532036 -0.194575 0.9999996 1.63143e-5 -9.90205e-4 0.9999996 2.11275e-5 -0.001010775 -0.9999995 -1.68672e-5 0.001008391 -0.9999996 -2.04003e-5 9.89196e-4 -0.009699881 0.9051082 -0.4250705 -0.01101374 0.9042402 -0.4268822 0.4934489 -0.8697291 -0.008915305 0.4403544 -0.8897514 0.1201271 -0.4929636 -0.8621764 0.1167849 -0.4443325 -0.8958188 -0.008799433 -0.7146315 0.6994287 0.01007193 -0.6404677 0.7430096 0.194263 0.6942809 0.6961802 0.1825022 0.6423203 0.7663655 0.01043426 1 8.60462e-6 -4.16936e-4 1 4.912e-6 -4.08282e-4 -1 -8.21476e-6 4.08761e-4 -1 -4.80315e-6 4.17641e-4 -0.01158839 0.9674985 0.2526111 -0.009971559 0.9671659 0.2539502 -0.8242357 -0.5424628 -0.1623876 -0.8809374 -0.439489 -0.175496 -0.8809372 -0.4394893 -0.1754962 0.8098512 -0.5652925 -0.1567973 0.8859655 -0.4279875 -0.1785828 0.8859655 -0.4279875 -0.1785829 -0.8609949 -0.4946764 -0.1182504 -0.8609949 -0.4946762 -0.1182505 0.845893 -0.517186 -0.1303213 0.8458934 -0.5171855 -0.1303212 -0.9002059 0.08699399 0.4266865 0.2132568 -0.594437 0.775349 0.8820509 -0.005710601 0.4711196 -0.2074661 -0.574568 0.7917257 0.8912601 0.09489971 0.443452 -0.8866627 -0.0203365 0.4619696 -0.002645909 -0.007329642 -0.9999697 -5.44913e-5 -0.00826776 -0.9999659 6.23549e-5 -0.009676754 -0.9999532 0.003048002 -0.00849384 -0.9999594 -0.1515932 0.9728767 0.1747297 -0.007897138 0.9946541 0.1029604 0.846075 -0.5055939 -0.1689141 -0.8320136 -0.5362536 -0.1420759 0.4863105 0.862765 0.1383429 -0.5368628 0.8310464 0.1453965 0.1655347 0.9695945 0.1802359 0.008327662 0.9946621 0.10285 0.4570731 0.8673786 -0.196821 -0.4240441 0.8712457 -0.2472198 -0.5059392 0.8359247 -0.2127336 0.4603162 0.841183 -0.2837612 0.8485128 -0.518783 -0.1043567 -0.7959477 -0.6047971 -0.02622717 0.7703277 -0.637619 -0.006107747 -0.8807398 -0.4614409 0.1066285 -0.8027352 -0.5956124 0.02936053 0.9011486 -0.3896117 0.1900897 0.7739809 -0.6316848 0.04391056 0.8525941 -0.50948 -0.1162478 0.8396964 -0.5292862 -0.121517 -0.8345826 -0.5379148 -0.1188253 -0.8277236 -0.5483165 -0.1192598 0.8315153 -0.5501912 -0.07662898 -0.7852972 -0.6182461 0.03286594 0.9123401 -0.3842325 0.1414254 0.8477805 -0.5266613 0.06241953 -0.9127799 -0.3771023 0.1569292 -0.7837504 -0.6210045 0.009416818 0.1658226 0.9658689 0.1989982 0.5286416 0.8473794 0.04986453 0.4876911 0.8578778 0.1618738 0.4862927 0.8586138 0.1621785 -0.5383563 0.8246783 0.1734318 -0.5363482 0.8260359 0.1731922 -0.8634327 -0.4960815 -0.09158176 -0.109145 0.987382 -0.1147357 0.002800345 0.9959298 -0.09008914 -0.8299381 -0.5462259 -0.1133147 -0.8170742 -0.5642951 -0.1181555 0.8920934 -0.4309416 -0.1358634 -0.8865467 -0.4422935 -0.1356886 0.8126006 -0.5672065 -0.1340045 0.8053941 -0.5773407 -0.1342318 -0.1518163 0.9700322 0.1897092 -0.4836495 0.873245 0.05938309 0.9666614 -0.03316617 0.2539014 0.9663742 -0.03279519 0.2550402 -0.04336345 -0.004839718 -0.9990476 0.0465759 0.04881507 -0.9977214 -0.5618717 0.05288726 0.825532 -0.4746579 -0.008262276 0.8801317 0.9185106 0.3105387 0.2447531 0.9189546 0.3100355 0.243722 0.04627448 0.08227956 -0.9955345 -0.04327505 -0.01526874 -0.9989465 -0.4739885 -0.04920691 0.879155 -0.5618532 0.05357527 0.8255003 0.9671357 7.44483e-4 0.25426 0.9671362 7.4441e-4 0.2542583 -0.04341775 1.38296e-4 -0.999057 -0.0434072 1.38349e-4 -0.9990575 -0.5624704 -6.0237e-4 0.8268173 -0.5624711 -6.02368e-4 0.8268167 0.009019732 -0.9999489 -0.004563331 -0.008303523 0.9999546 0.004696488 0.9578406 -0.1400593 0.2508485 0.9575592 -0.1400078 0.251949 -0.5618467 -0.04150402 0.8261996 -0.5621887 -0.04143899 0.8259702 -0.04305082 -0.03786838 -0.998355 -0.04273617 -0.03782296 -0.9983702</float_array>
          <technique_common>
            <accessor source="#battersea_001-mesh-normals-array" count="493" stride="3">
              <param name="X" type="float"/>
              <param name="Y" type="float"/>
              <param name="Z" type="float"/>
            </accessor>
          </technique_common>
        </source>
        <source id="battersea_001-mesh-map-0">
          <float_array id="battersea_001-mesh-map-0-array" count="2964">0.173934 0.369989 0.129863 0.306827 0.227792 0.352056 0.129863 0.306827 0.173934 0.369989 0.129918 0.36764 0.129863 0.306827 0.211088 0.245587 0.227792 0.352056 0.211088 0.245587 0.129863 0.306827 0.129808 0.2460139 0.211088 0.245587 0.2485229 0.335309 0.227792 0.352056 0.2485229 0.335309 0.211088 0.245587 0.2478899 0.233851 0.127079 0.309487 0.171043 0.372603 0.22497 0.354641 0.171043 0.372603 0.127079 0.309487 0.1270239 0.370301 0.244828 0.338518 0.208241 0.24819 0.22497 0.354641 0.208241 0.24819 0.244828 0.338518 0.244857 0.236416 0.208241 0.24819 0.127079 0.309487 0.22497 0.354641 0.127079 0.309487 0.208241 0.24819 0.127134 0.248674 0.248942 0.184017 0.211088 0.245587 0.214018 0.183999 0.211088 0.245587 0.248942 0.184017 0.2478899 0.233851 0.211088 0.245587 0.12984 0.185199 0.214018 0.183999 0.12984 0.185199 0.211088 0.245587 0.129808 0.2460139 0.12984 0.185199 0.211153 0.122409 0.214018 0.183999 0.211153 0.122409 0.12984 0.185199 0.129872 0.124386 0.211153 0.122409 0.248942 0.184017 0.214018 0.183999 0.248942 0.184017 0.211153 0.122409 0.247943 0.134184 0.127102 0.18786 0.208241 0.24819 0.211106 0.1866 0.208241 0.24819 0.127102 0.18786 0.127134 0.248674 0.208241 0.24819 0.245856 0.186581 0.211106 0.1866 0.245856 0.186581 0.208241 0.24819 0.244857 0.236416 0.245856 0.186581 0.208177 0.125012 0.211106 0.1866 0.208177 0.125012 0.245856 0.186581 0.244805 0.136749 0.208177 0.125012 0.127102 0.18786 0.211106 0.1866 0.127102 0.18786 0.12707 0.127046 0.208177 0.125012 0.248684 0.02742999 0.211153 0.122409 0.227968 0.01595699 0.211153 0.122409 0.248684 0.02742999 0.247943 0.134184 0.211153 0.122409 0.1299909 0.063573 0.227968 0.01595699 0.1299909 0.063573 0.211153 0.122409 0.129872 0.124386 0.1299909 0.063573 0.174129 4.56e-4 0.227968 0.01595699 0.174129 4.56e-4 0.1299909 0.063573 0.13011 0.002759993 0.126951 0.06623297 0.208177 0.125012 0.224793 0.018543 0.208177 0.125012 0.126951 0.06623297 0.12707 0.127046 0.208177 0.125012 0.244666 0.03063899 0.224793 0.018543 0.244666 0.03063899 0.208177 0.125012 0.244805 0.136749 0.170848 0.003069996 0.126951 0.06623297 0.224793 0.018543 0.126951 0.06623297 0.170848 0.003069996 0.126832 0.005419969 0.369369 0.1669189 0.330242 0.193675 0.367669 0.193994 0.330242 0.193675 0.369369 0.1669189 0.359241 0.09764599 0.330242 0.193675 0.293621 0.107308 0.292816 0.193357 0.293621 0.107308 0.330242 0.193675 0.359241 0.09764599 0.293621 0.107308 0.331731 0.07080996 0.286611 0.06863898 0.331731 0.07080996 0.293621 0.107308 0.359241 0.09764599 0.330242 0.193675 0.368831 0.221098 0.367669 0.193994 0.368831 0.221098 0.330242 0.193675 0.359347 0.272334 0.329695 0.301951 0.293931 0.261422 0.28454 0.303224 0.293931 0.261422 0.329695 0.301951 0.359347 0.272334 0.293931 0.261422 0.330242 0.193675 0.292816 0.193357 0.330242 0.193675 0.293931 0.261422 0.359347 0.272334 0.255948 0.067703 0.293621 0.107308 0.286611 0.06863898 0.293621 0.107308 0.255948 0.067703 0.255736 0.105148 0.293621 0.107308 0.25539 0.1929849 0.292816 0.193357 0.25539 0.1929849 0.293621 0.107308 0.255736 0.105148 0.255248 0.194637 0.293479 0.108961 0.292674 0.1950089 0.293479 0.108961 0.255248 0.194637 0.255594 0.106801 0.293479 0.108961 0.255806 0.06935596 0.286469 0.07029098 0.255806 0.06935596 0.293479 0.108961 0.255594 0.106801 0.25539 0.1929849 0.293931 0.261422 0.292816 0.193357 0.293931 0.261422 0.25539 0.1929849 0.256011 0.262828 0.293931 0.261422 0.253866 0.30355 0.28454 0.303224 0.253866 0.30355 0.293931 0.261422 0.256011 0.262828 0.253724 0.305202 0.29379 0.263075 0.284398 0.304877 0.29379 0.263075 0.253724 0.305202 0.255869 0.264481 0.29379 0.263075 0.255248 0.194637 0.292674 0.1950089 0.255248 0.194637 0.29379 0.263075 0.255869 0.264481 0.331589 0.07246297 0.293479 0.108961 0.286469 0.07029098 0.293479 0.108961 0.331589 0.07246297 0.3591 0.099298 0.293479 0.108961 0.3301 0.1953279 0.292674 0.1950089 0.3301 0.1953279 0.293479 0.108961 0.3591 0.099298 0.3301 0.1953279 0.369227 0.1685709 0.367527 0.195647 0.369227 0.1685709 0.3301 0.1953279 0.3591 0.099298 0.3301 0.1953279 0.29379 0.263075 0.292674 0.1950089 0.29379 0.263075 0.3301 0.1953279 0.359205 0.273987 0.29379 0.263075 0.329553 0.303604 0.284398 0.304877 0.329553 0.303604 0.29379 0.263075 0.359205 0.273987 0.368688 0.222751 0.3301 0.1953279 0.367527 0.195647 0.3301 0.1953279 0.368688 0.222751 0.359205 0.273987 0.09760797 0.441695 0.148901 0.441402 0.04064095 0.517229 0.213436 0.517542 0.04064095 0.517229 0.148901 0.441402 0.41556 0.441856 0.474423 0.441029 0.471598 0.516303 0.471598 0.516303 0.301915 0.517938 0.41556 0.441856 0.283625 0.441336 0.341875 0.441979 0.301915 0.517938 0.432164 0.390235 0.341875 0.441979 0.323913 0.391903 0.432164 0.390235 0.41556 0.441856 0.341875 0.441979 0.41556 0.441856 0.301915 0.517938 0.341875 0.441979 0.285311 0.443157 0.213114 0.448469 0.303008 0.517473 0.303008 0.517473 0.213114 0.448469 0.214102 0.516514 0.211543 0.51503 0.210514 0.447118 0.302299 0.517061 0.302299 0.517061 0.210514 0.447118 0.282712 0.441821 0.148901 0.441402 0.211946 0.447616 0.213436 0.517542 0.04064095 0.517229 0.03820097 0.44746 0.09760797 0.441695 0.474423 0.441029 0.432164 0.390235 0.477674 0.395776 0.432164 0.390235 0.474423 0.441029 0.41556 0.441856 0.341875 0.441979 0.273376 0.388514 0.323913 0.391903 0.273376 0.388514 0.341875 0.441979 0.283625 0.441336 0.148901 0.441402 0.07972395 0.387099 0.166163 0.387172 0.07972395 0.387099 0.148901 0.441402 0.09760797 0.441695 0.213114 0.448469 0.275354 0.388068 0.218769 0.387935 0.275354 0.388068 0.213114 0.448469 0.285311 0.443157 0.282712 0.441821 0.218002 0.38778 0.273482 0.387663 0.218002 0.38778 0.282712 0.441821 0.210514 0.447118 0.211946 0.447616 0.166163 0.387172 0.21776 0.388015 0.166163 0.387172 0.211946 0.447616 0.148901 0.441402 0.09760797 0.441695 0.03523796 0.389991 0.07972395 0.387099 0.03523796 0.389991 0.09760797 0.441695 0.03820097 0.44746 0.015365 0.700323 0.07992595 0.711329 0.04329997 0.656467 0.49102 0.65664 0.402124 0.725511 0.49059 0.745386 0.401331 0.726079 0.400232 0.754004 0.492234 0.745526 0.437646 0.005012989 0.473632 0.03862398 0.42049 0.240075 0.477373 0.03867495 0.444976 0.008504986 0.47737 0.03867495 0.47737 0.03867495 0.444976 0.008504986 0.42049 0.240075 0.47737 0.03867495 0.513095 0.03589099 0.477373 0.03867495 0.794833 0.304913 0.738989 0.304917 0.76369 0.359741 0.76369 0.359741 0.738989 0.304917 0.692229 0.252057 0.794833 0.304913 0.76369 0.359741 0.793414 0.359741 0.793414 0.359741 0.853941 0.254922 0.794833 0.304913 0.418403 0.522414 0.500075 0.523882 0.500498 0.666687 0.439226 0.66355 0.418403 0.522414 0.500498 0.666687 0.305645 0.512585 0.208768 0.52154 0.307755 0.658947 0.307755 0.658947 0.208768 0.52154 0.199914 0.657474 0.07992595 0.711329 0.168358 0.710854 0.201864 0.657816 0.201864 0.657816 0.04329997 0.656467 0.07992595 0.711329 0.034702 0.526774 0.04329997 0.656467 0.201864 0.657816 0.034702 0.526774 0.201864 0.657816 0.214085 0.526532 0.49102 0.65664 0.403404 0.654981 0.402124 0.725511 0.486917 0.521398 0.403404 0.654981 0.49102 0.65664 0.309323 0.519226 0.403404 0.654981 0.486917 0.521398 0.854449 0.775984 0.847399 0.757987 0.642441 0.770152 0.642441 0.770152 0.847399 0.757987 0.642558 0.753136 0.642558 0.753136 0.847399 0.757987 0.85501 0.777923 0.920997 0.942349 0.954864 0.878987 0.998028 0.943714 0.85501 0.777923 0.849911 0.808276 0.643194 0.810805 0.643015 0.790057 0.854449 0.775984 0.642441 0.770152 0.853393 0.798476 0.643006 0.790101 0.857978 0.774511 0.437508 0.00525999 0.408918 0.03799998 0.473895 0.04153996 0.47808 0.04572796 0.408918 0.03799998 0.444739 0.01232397 0.794959 0.304942 0.76369 0.359071 0.738941 0.304942 0.76369 0.359071 0.690101 0.251125 0.738941 0.304942 0.79482 0.359071 0.76369 0.359071 0.794959 0.304942 0.794959 0.304942 0.853062 0.257446 0.79482 0.359071 0.857978 0.774511 0.642432 0.770135 0.852011 0.756055 0.642432 0.770135 0.642868 0.752367 0.852011 0.756055 0.642868 0.752367 0.856474 0.777328 0.852011 0.756055 0.919983 0.941905 0.997609 0.944916 0.95488 0.880988 0.856474 0.777328 0.642286 0.810517 0.850198 0.80829 0.643006 0.790101 0.642432 0.770135 0.857978 0.774511 0.312761 0.655148 0.31106 0.746571 0.402124 0.725511 0.401331 0.726079 0.311154 0.746863 0.400232 0.754004 0.2213799 0.704823 0.201864 0.657816 0.168358 0.710854 0.309323 0.519226 0.312761 0.655148 0.403404 0.654981 0.403404 0.654981 0.312761 0.655148 0.402124 0.725511 0.07528901 0.71083 5.3e-5 0.755669 0.128443 0.756682 0.171551 0.712221 0.08085 0.711707 0.126533 0.754245 0.254462 0.746709 0.2213799 0.704823 0.168358 0.710854 0.171551 0.712221 0.126533 0.754245 0.25459 0.746532 0.01609498 0.700358 0.001518964 0.75725 0.074364 0.710452 0.92809 0.821239 0.992365 0.836338 0.985373 0.756156 0.92809 0.821239 0.924514 0.858505 0.992365 0.836338 0.925012 0.758597 0.98904 0.755386 0.99141 0.827873 0.992365 0.836338 0.99141 0.827873 0.98904 0.755386 0.99141 0.827873 0.924514 0.858505 0.925012 0.758597 0.985373 0.756156 0.925012 0.758597 0.92809 0.821239 0.985373 0.756156 0.98904 0.755386 0.925012 0.758597 0.924514 0.858505 0.99141 0.827873 0.992365 0.836338 0.992365 0.836338 0.98904 0.755386 0.985373 0.756156 0.933571 0.821108 0.990855 0.756032 0.997845 0.836203 0.933571 0.821108 0.997845 0.836203 0.929994 0.858371 0.930492 0.758473 0.99689 0.827739 0.994795 0.755256 0.997845 0.836203 0.994795 0.755256 0.99689 0.827739 0.99689 0.827739 0.930492 0.758473 0.929994 0.858371 0.990855 0.756032 0.933571 0.821108 0.930492 0.758473 0.990855 0.756032 0.930492 0.758473 0.994795 0.755256 0.929994 0.858371 0.997845 0.836203 0.99689 0.827739 0.997845 0.836203 0.990855 0.756032 0.994795 0.755256 0.933571 0.821108 0.929994 0.858371 0.910387 0.856081 0.933571 0.821108 0.910387 0.856081 0.913964 0.818818 0.929994 0.858371 0.930492 0.758473 0.910885 0.756183 0.929994 0.858371 0.910885 0.756183 0.910387 0.856081 0.925012 0.758597 0.924514 0.858505 0.904907 0.856215 0.925012 0.758597 0.904907 0.856215 0.905405 0.756307 0.930492 0.758473 0.933571 0.821108 0.913964 0.818818 0.930492 0.758473 0.913964 0.818818 0.910885 0.756183 0.92809 0.821239 0.925012 0.758597 0.905405 0.756307 0.92809 0.821239 0.905405 0.756307 0.908483 0.818948 0.924514 0.858505 0.92809 0.821239 0.908483 0.818948 0.924514 0.858505 0.908483 0.818948 0.904907 0.856215 0.408918 0.03799998 0.416018 0.359993 0.473895 0.04153996 0.473895 0.04153996 0.416018 0.359993 0.508919 0.368436 0.473895 0.04153996 0.508919 0.368436 0.514032 0.04511398 0.473632 0.03862398 0.513095 0.03589099 0.509242 0.363327 0.473632 0.03862398 0.509242 0.363327 0.416332 0.354884 0.514032 0.04511398 0.508919 0.368436 0.450401 0.366298 0.514032 0.04511398 0.450401 0.366298 0.47808 0.04572796 0.477373 0.03867495 0.47737 0.03867495 0.42049 0.240075 0.42049 0.240075 0.416332 0.354884 0.450717 0.361187 0.42049 0.240075 0.450717 0.361187 0.477373 0.03867495 0.408918 0.03799998 0.47808 0.04572796 0.450401 0.366298 0.408918 0.03799998 0.450401 0.366298 0.416018 0.359993 0.509242 0.363327 0.513095 0.03589099 0.477373 0.03867495 0.509242 0.363327 0.477373 0.03867495 0.450717 0.361187 0.42049 0.240075 0.473632 0.03862398 0.416332 0.354884 0.849911 0.808276 0.84979 0.799986 0.643015 0.790057 0.849911 0.808276 0.643015 0.790057 0.643194 0.810805 0.42049 0.240075 0.444976 0.008504986 0.437646 0.005012989 0.444739 0.01232397 0.408918 0.03799998 0.437508 0.00525999 0.643015 0.790057 0.84979 0.799986 0.854449 0.775984 0.643006 0.790101 0.853393 0.798476 0.850198 0.80829 0.643006 0.790101 0.850198 0.80829 0.642286 0.810517 0.686913 0.01528698 0.656113 0.01528698 0.676913 0.01528698 0.760232 0.359134 0.749392 0.348627 0.787722 0.330248 0.890965 0.326522 0.861685 0.307849 0.871903 0.291088 0.891713 0.28539 0.890965 0.326522 0.871903 0.291088 0.740104 0.37671 0.766265 0.336042 0.729609 0.366339 0.888574 0.325506 0.868406 0.289602 0.858261 0.306945 0.888571 0.283399 0.868406 0.289602 0.888574 0.325506 0.760232 0.359134 0.787722 0.330248 0.778828 0.368949 0.891713 0.28539 0.907676 0.284288 0.890965 0.326522 0.759873 0.341689 0.787577 0.370512 0.778467 0.331757 0.888571 0.283399 0.888574 0.325506 0.904965 0.282037 0.904923 0.330771 0.890965 0.326522 0.907676 0.284288 0.904923 0.330771 0.907676 0.284288 0.918847 0.28465 0.907225 0.286552 0.954289 0.286891 0.949796 0.373756 0.717284 0.286064 0.759855 0.373268 0.702824 0.373634 0.920401 0.331805 0.904923 0.330771 0.918847 0.28465 0.920401 0.331805 0.918847 0.28465 0.936121 0.284509 0.774404 0.285816 0.760668 0.369 0.746985 0.331478 0.774404 0.285816 0.746985 0.331478 0.757204 0.284847 0.936927 0.331966 0.920401 0.331805 0.936121 0.284509 0.936927 0.331966 0.936121 0.284509 0.947146 0.285335 0.808821 0.373158 0.759855 0.373268 0.764348 0.286403 0.808821 0.373158 0.764348 0.286403 0.799864 0.283754 0.740504 0.355967 0.742101 0.359544 0.731487 0.369738 0.740504 0.355967 0.731487 0.369738 0.728527 0.368339 0.727894 0.370964 0.730936 0.369543 0.726287 0.359249 0.727894 0.370964 0.726287 0.359249 0.722942 0.359999 0.758271 0.333637 0.775286 0.328028 0.776344 0.324907 0.758271 0.333637 0.759298 0.337364 0.775286 0.328028 0.779778 0.356048 0.782956 0.355336 0.773079 0.327485 0.779778 0.356048 0.773079 0.327485 0.768402 0.326641 0.954652 0.28593 0.911953 0.303228 0.915802 0.305483 0.954652 0.28593 0.915802 0.305483 0.954959 0.28664 0.778895 0.301657 0.769516 0.318424 0.774162 0.320114 0.778895 0.301657 0.774162 0.320114 0.782551 0.303799 0.740504 0.355967 0.758271 0.333637 0.759298 0.337364 0.740504 0.355967 0.759298 0.337364 0.742101 0.359544 0.764711 0.285442 0.765018 0.286152 0.799989 0.283751 0.764711 0.285442 0.799989 0.283751 0.80017 0.28338 0.768402 0.326641 0.773079 0.327485 0.774162 0.320114 0.768402 0.326641 0.774162 0.320114 0.769516 0.318424 0.775914 0.195226 0.874482 0.194426 0.775734 0.195587 0.775914 0.195226 0.874482 0.194426 0.874482 0.194426 0.902938 0.329593 0.904965 0.282037 0.888574 0.325506 0.902938 0.329593 0.916443 0.282267 0.904965 0.282037 0.905952 0.282888 0.949926 0.373262 0.954221 0.285705 0.716011 0.2824 0.702353 0.372172 0.759985 0.372774 0.918796 0.330363 0.916443 0.282267 0.902938 0.329593 0.918796 0.330363 0.934275 0.281927 0.916443 0.282267 0.773194 0.282336 0.745768 0.329731 0.76022 0.367612 0.773194 0.282336 0.755563 0.282134 0.745768 0.329731 0.93571 0.330219 0.934275 0.281927 0.918796 0.330363 0.93571 0.330219 0.945504 0.282622 0.934275 0.281927 0.759985 0.372774 0.799986 0.283101 0.76428 0.285217 0.759985 0.372774 0.808712 0.373139 0.799986 0.283101 0.739739 0.358944 0.730602 0.373195 0.741417 0.362606 0.739739 0.358944 0.727545 0.371785 0.730602 0.373195 0.726622 0.3677 0.725161 0.356235 0.729609 0.366339 0.783274 0.363364 0.778774 0.353139 0.781886 0.352473 0.757942 0.336155 0.776441 0.327 0.775384 0.330219 0.757942 0.336155 0.775384 0.330219 0.760011 0.352674 0.778774 0.353139 0.772361 0.324896 0.781886 0.352473 0.778774 0.353139 0.767799 0.324026 0.772361 0.324896 0.954293 0.28549 0.914942 0.303263 0.911207 0.301022 0.954293 0.28549 0.954588 0.286185 0.914942 0.303263 0.778186 0.299561 0.773489 0.317704 0.768965 0.31601 0.778186 0.299561 0.781734 0.30169 0.773489 0.317704 0.739739 0.358944 0.757942 0.336155 0.760011 0.352674 0.739739 0.358944 0.760011 0.352674 0.741417 0.362606 0.764352 0.285002 0.799727 0.28356 0.764647 0.285697 0.764352 0.285002 0.799907 0.283199 0.799727 0.28356 0.767799 0.324026 0.773489 0.317704 0.772361 0.324896 0.767799 0.324026 0.768965 0.31601 0.773489 0.317704 0.784719 0.285166 0.874482 0.194426 0.775993 0.195128 0.784719 0.285166 0.871853 0.285347 0.874482 0.194426 0.898475 0.282399 0.987906 0.285252 0.988514 0.373621 0.898475 0.282399 0.988514 0.373621 0.895179 0.37339 0.898475 0.282399 0.988591 0.373536 0.895266 0.373365 0.898475 0.282399 0.987785 0.284336 0.988591 0.373536 0.784897 0.285152 0.874482 0.194426 0.871273 0.285392 0.784897 0.285152 0.775734 0.195587 0.874482 0.194426 0.784789 0.2852 0.871942 0.285373 0.874482 0.194426 0.784789 0.2852 0.874482 0.194426 0.775996 0.195778 0.784828 0.285185 0.775871 0.195781 0.874482 0.194426 0.784828 0.285185 0.874482 0.194426 0.871186 0.285417 0.776177 0.195407 0.775996 0.195778 0.874482 0.194426 0.776177 0.195407 0.874482 0.194426 0.874482 0.194426 0.898475 0.282399 0.988884 0.373554 0.987474 0.284852 0.898475 0.282399 0.895846 0.37332 0.988884 0.373554 0.898475 0.282399 0.987785 0.284336 0.898475 0.282399 0.898475 0.282399 0.98763 0.284648 0.987785 0.284336 0.898475 0.282399 0.898475 0.282399 0.987215 0.284905 0.898475 0.282399 0.987215 0.284905 0.987062 0.285225 0.898475 0.282399 0.895935 0.373346 0.988963 0.373642 0.898475 0.282399 0.988963 0.373642 0.987215 0.284905 0.829949 0.205202 0.827768 0.229944 0.993955 0.239301 0.829949 0.205202 0.682043 0.222227 0.827768 0.229944 0.807376 0.233336 0.932703 0.286533 0.732845 0.284491 0.810748 0.234114 0.673401 0.233336 0.73363 0.28189 0.810748 0.234114 0.73363 0.28189 0.936493 0.286071 0.887706 0.22632 0.931782 0.286338 0.808776 0.232763 0.85991 0.06627398 0.857563 0.120941 0.783126 0.130414 0.783126 0.130414 0.801837 0.03393399 0.807188 0.01323497 0.807188 0.01323497 0.816507 0.01495796 0.834402 0.01301395 0.807188 0.01323497 0.834402 0.01301395 0.843497 0.03341799 0.783126 0.130414 0.807188 0.01323497 0.843497 0.03341799 0.782139 0.129312 0.859745 0.06649899 0.843824 0.03340095 0.817248 0.01436799 0.807955 0.01250594 0.802294 0.03312397 0.782139 0.129312 0.817248 0.01436799 0.802294 0.03312397 0.834402 0.01301395 0.816507 0.01495796 0.807188 0.01323497 0.783126 0.130414 0.85991 0.06627398 0.843497 0.03341799 0.834402 0.01301395 0.807188 0.01323497 0.843497 0.03341799 0.859745 0.06649899 0.864453 0.119204 0.782139 0.129312 0.817248 0.01436799 0.843824 0.03340095 0.782139 0.129312 0.1853049 0.969045 0.096758 0.968179 0.239783 0.780905 0.096758 0.968179 0.101874 0.771188 0.239783 0.780905 0.103188 0.771256 0.097081 0.968179 0.24105 0.782514 0.18699 0.973108 0.24105 0.782514 0.097081 0.968179 0.240202 0.778552 0.379288 0.773332 0.183736 0.973108 0.183736 0.973108 0.379288 0.773332 0.4354 0.973108 0.01621496 0.771957 0.103299 0.771882 0.09741699 0.967209 0.02008098 0.969722 0.01621496 0.771957 0.09741699 0.967209 0.01464897 0.771957 0.01444196 0.969722 0.09632599 0.967209 0.09632599 0.967209 0.101645 0.771882 0.01464897 0.771957 0.828402 0.02992796 0.827027 0.05757498 0.800063 0.053909 0.800063 0.053909 0.820779 0.020585 0.828402 0.02992796 0.824347 0.104901 0.810637 0.1329039 0.797881 0.103038 0.800149 0.05311298 0.82713 0.05677998 0.828482 0.02931898 0.828482 0.02931898 0.820866 0.01977396 0.800149 0.05311298 0.797966 0.102242 0.810713 0.132382 0.823719 0.127861 0.823644 0.128383 0.810637 0.1329039 0.824347 0.104901 0.797966 0.102242 0.823719 0.127861 0.82445 0.104107 0.626912 0.121646 0.60998 0.080994 0.629359 0.09125298 0.63009 0.091762 0.610724 0.08148598 0.627654 0.122137 0.679265 0.119624 0.666634 0.139777 0.704754 0.133857 0.665845 0.13931 0.678533 0.119116 0.70419 0.1334609 0.824347 0.104901 0.797881 0.103038 0.800063 0.053909 0.800063 0.053909 0.827027 0.05757498 0.824347 0.104901 0.797966 0.102242 0.82445 0.104107 0.82713 0.05677998 0.82713 0.05677998 0.800149 0.05311298 0.797966 0.102242 0.626912 0.121646 0.629359 0.09125298 0.678533 0.119116 0.678533 0.119116 0.665845 0.13931 0.648552 0.133675 0.648552 0.133675 0.626912 0.121646 0.678533 0.119116 0.799606 0.09197199 0.800773 0.06955796 0.798349 0.06113898 0.658812 0.13585 0.63009 0.091762 0.627654 0.122137 0.63009 0.091762 0.658812 0.13585 0.666634 0.139777 0.666634 0.139777 0.679265 0.119624 0.63009 0.091762 0.800773 0.06955796 0.798467 0.05323296 0.798429 0.05320495 0.798429 0.05320495 0.798349 0.06113898 0.800773 0.06955796 0.820779 0.020585 0.82078 0.02056998 0.828397 0.03011494 0.828482 0.02931898 0.828488 0.02913194 0.820864 0.01978898 0.666634 0.139777 0.666588 0.1398 0.704934 0.133952 0.704934 0.133952 0.704754 0.133857 0.666634 0.139777 0.800493 0.04475694 0.7929 0.005750954 0.820779 0.020585 0.820779 0.020585 0.800063 0.053909 0.800493 0.04475694 0.792902 0.005735993 0.800493 0.04475694 0.800063 0.053909 0.800149 0.05311298 0.820866 0.01977396 0.792986 0.004939973 0.7929 0.005750954 0.792902 0.005735993 0.82078 0.02056998 0.82078 0.02056998 0.820779 0.020585 0.7929 0.005750954 0.788564 0.1356469 0.789979 0.114826 0.797881 0.103038 0.797881 0.103038 0.810637 0.1329039 0.788564 0.1356469 0.790064 0.11403 0.78864 0.135125 0.810713 0.132382 0.810713 0.132382 0.797966 0.102242 0.790064 0.11403 0.675052 0.04088795 0.737752 0.090321 0.735244 0.125557 0.735244 0.125557 0.695598 0.103242 0.675052 0.04088795 0.738314 0.09069895 0.675788 0.04137897 0.696544 0.103922 0.696544 0.103922 0.735939 0.126055 0.738314 0.09069895 0.606706 0.002884984 0.629577 0.015073 0.631692 0.066311 0.631692 0.066311 0.60254 0.05115497 0.606706 0.002884984 0.630311 0.01556396 0.607185 0.003213942 0.603508 0.05179494 0.603508 0.05179494 0.632637 0.06699097 0.630311 0.01556396 0.629577 0.015073 0.675052 0.04088795 0.695598 0.103242 0.695598 0.103242 0.631692 0.066311 0.629577 0.015073 0.675788 0.04137897 0.630311 0.01556396 0.632637 0.06699097 0.632637 0.06699097 0.696544 0.103922 0.675788 0.04137897 0.738497 0.09079599 0.738314 0.09069895 0.735939 0.126055 0.735939 0.126055 0.736212 0.126197 0.738497 0.09079599 0.60254 0.05115497 0.631692 0.066311 0.629359 0.09125298 0.629359 0.09125298 0.60998 0.080994 0.60254 0.05115497 0.632637 0.06699097 0.603508 0.05179494 0.610724 0.08148598 0.610724 0.08148598 0.63009 0.091762 0.632637 0.06699097 0.735939 0.126055 0.696544 0.103922 0.679265 0.119624 0.679265 0.119624 0.704754 0.133857 0.735939 0.126055 0.695598 0.103242 0.735244 0.125557 0.70419 0.1334609 0.70419 0.1334609 0.678533 0.119116 0.695598 0.103242 0.631692 0.066311 0.695598 0.103242 0.678533 0.119116 0.678533 0.119116 0.629359 0.09125298 0.631692 0.066311 0.696544 0.103922 0.632637 0.06699097 0.63009 0.091762 0.63009 0.091762 0.679265 0.119624 0.696544 0.103922 0.736212 0.126197 0.735939 0.126055 0.704754 0.133857 0.704754 0.133857 0.704934 0.133952 0.736212 0.126197 0.959672 0.09670597 0.936373 0.08990496 0.936274 0.096695 0.997669 0.1486009 0.959672 0.09670597 0.936274 0.096695 0.997669 0.1486009 0.936274 0.096695 0.935626 0.141854 0.997664 0.148986 0.935636 0.1424 0.935919 0.122152 0.960163 0.09636199 0.998118 0.151225 0.93558 0.143746 0.960163 0.09636199 0.93558 0.143746 0.936247 0.09642398 0.960163 0.09636199 0.936348 0.08914697 0.935863 0.122931 0.960163 0.09636199 0.935863 0.122931 0.998113 0.151637 0.935919 0.122152 0.936373 0.08990496 0.959672 0.09670597 0.935919 0.122152 0.959672 0.09670597 0.997664 0.148986 0.997669 0.1486009 0.998512 0.008065998 0.959672 0.09670597 0.998206 0.029648 0.959672 0.09670597 0.998512 0.008065998 0.959672 0.09670597 0.998206 0.029648 0.997664 0.148986 0.998868 0.024755 0.99918 0.002703964 0.960163 0.09636199 0.998118 0.151225 0.960163 0.09636199 0.99918 0.002703964 0.998113 0.151637 0.998868 0.024755 0.960163 0.09636199 0.998118 0.151225 0.99918 0.002703964 0.998868 0.024755 0.998868 0.024755 0.998113 0.151637 0.998118 0.151225 0.997669 0.1486009 0.997664 0.148986 0.998206 0.029648 0.998206 0.029648 0.998512 0.008065998 0.997669 0.1486009 0.997669 0.1486009 0.935626 0.141854 0.933438 0.149003 0.997669 0.1486009 0.933438 0.149003 0.997664 0.148986 0.936247 0.09642398 0.936348 0.08914697 0.960163 0.09636199 0.935863 0.122931 0.935554 0.144317 0.998113 0.151637 0.933438 0.149003 0.935636 0.1424 0.997664 0.148986 0.935554 0.144317 0.933164 0.151567 0.998113 0.151637 0.933164 0.151567 0.93558 0.143746 0.998118 0.151225 0.933164 0.151567 0.998118 0.151225 0.998113 0.151637 0.659697 0.78542 0.66601 0.763304 0.856821 0.759719 0.66601 0.763304 0.657918 0.785503 0.855388 0.759795 0.66552 0.762293 0.659315 0.785295 0.856783 0.758827 0.657539 0.785379 0.66552 0.762293 0.856277 0.755225 0.836296 0.805518 0.642339 0.805917 0.642182 0.779909 0.644725 0.808309 0.664498 0.808215 0.657918 0.785503 0.659697 0.78542 0.664498 0.808215 0.644725 0.808309 0.857649 0.809698 0.855388 0.759795 0.657918 0.785503 0.657918 0.785503 0.664498 0.808215 0.857649 0.809698 0.659697 0.78542 0.856821 0.759719 0.857649 0.809698 0.664498 0.808215 0.659697 0.78542 0.857649 0.809698 0.835837 0.806479 0.642364 0.806725 0.642577 0.792735 0.835837 0.806479 0.642577 0.792735 0.849898 0.781179 0.851783 0.78109 0.643064 0.75673 0.642182 0.779644 0.851783 0.78109 0.642182 0.779644 0.835837 0.806479 0.664154 0.809298 0.644292 0.809214 0.657539 0.785379 0.664154 0.809298 0.659315 0.785295 0.644292 0.809214 0.856277 0.755225 0.857671 0.810778 0.657539 0.785379 0.664154 0.809298 0.657539 0.785379 0.857671 0.810778 0.856783 0.758827 0.659315 0.785295 0.857671 0.810778 0.659315 0.785295 0.664154 0.809298 0.857671 0.810778 0.849898 0.781179 0.643064 0.757012 0.644084 0.7531 0.849898 0.781179 0.644084 0.7531 0.858369 0.756674 0.852188 0.781223 0.643084 0.757755 0.644004 0.754513 0.852188 0.781223 0.644004 0.754513 0.85889 0.757747 0.858369 0.756674 0.644084 0.7531 0.643064 0.75673 0.858369 0.756674 0.643064 0.75673 0.851783 0.78109 0.642182 0.779644 0.642364 0.806725 0.835837 0.806479 0.856277 0.755225 0.66552 0.762293 0.856783 0.758827 0.856821 0.759719 0.66601 0.763304 0.855388 0.759795 0.642561 0.792232 0.642339 0.805917 0.836296 0.805518 0.642561 0.792232 0.836296 0.805518 0.8503 0.78131 0.642577 0.792735 0.643064 0.757012 0.849898 0.781179 0.643101 0.75802 0.642561 0.792232 0.8503 0.78131 0.642182 0.779909 0.643084 0.757755 0.852188 0.781223 0.642182 0.779909 0.852188 0.781223 0.836296 0.805518 0.644004 0.754513 0.643101 0.75802 0.8503 0.78131 0.644004 0.754513 0.8503 0.78131 0.85889 0.757747 0.870516 0.01230198 0.870634 0.01258897 0.873451 0.07911396 0.870516 0.01230198 0.873451 0.07911396 0.873323 0.07889795 0.870634 0.01258897 0.799644 0.01408797 0.795525 0.080922 0.795525 0.080922 0.873451 0.07911396 0.870634 0.01258897 0.799644 0.01408797 0.870516 0.01230198 0.873323 0.07889795 0.873323 0.07889795 0.795525 0.080922 0.799644 0.01408797 0.873323 0.07889795 0.873451 0.07911396 0.853974 0.136294 0.853974 0.136294 0.853901 0.136119 0.873323 0.07889795 0.873451 0.07911396 0.795525 0.080922 0.813833 0.136913 0.813833 0.136913 0.853974 0.136294 0.873451 0.07911396 0.795525 0.080922 0.873323 0.07889795 0.853901 0.136119 0.853901 0.136119 0.813833 0.136913 0.795525 0.080922 0.279901 0.311786 0.280411 0.270092 0.333176 0.269713 0.401409 0.368837 0.401387 0.368777 0.40745 0.008129954 0.280411 0.270092 0.280375 0.270092 0.333139 0.269712 0.333139 0.269712 0.333176 0.269713 0.280411 0.270092 0.386598 0.009706974 0.40745 0.008129954 0.401387 0.368777 0.401387 0.368777 0.380535 0.370354 0.386598 0.009706974 0.836955 1.29e-4 0.837471 1.21e-4 0.837469 1.18e-4 0.401387 0.368777 0.401409 0.368837 0.380535 0.370354 0.870634 0.01258897 0.870516 0.01230198 0.837469 1.18e-4 0.837469 1.18e-4 0.837471 1.21e-4 0.870634 0.01258897 0.870516 0.01230198 0.799644 0.01408797 0.836955 1.29e-4 0.870516 0.01230198 0.836955 1.29e-4 0.837469 1.18e-4 0.799644 0.01408797 0.870634 0.01258897 0.837471 1.21e-4 0.837471 1.21e-4 0.836955 1.29e-4 0.799644 0.01408797</float_array>
          <technique_common>
            <accessor source="#battersea_001-mesh-map-0-array" count="1482" stride="2">
              <param name="S" type="float"/>
              <param name="T" type="float"/>
            </accessor>
          </technique_common>
        </source>
        <vertices id="battersea_001-mesh-vertices">
          <input semantic="POSITION" source="#battersea_001-mesh-positions"/>
        </vertices>
        <triangles material="thorakitai1_Mat-material" count="494">
          <input semantic="VERTEX" source="#battersea_001-mesh-vertices" offset="0"/>
          <input semantic="NORMAL" source="#battersea_001-mesh-normals" offset="1"/>
          <input semantic="TEXCOORD" source="#battersea_001-mesh-map-0" offset="2" set="0"/>
          <p>13 0 0 14 0 1 32 0 2 14 1 3 13 1 4 0 1 5 14 2 6 16 2 7 32 2 8 16 3 9 14 3 10 3 3 11 16 4 12 12 4 13 32 4 14 12 5 15 16 5 16 2 5 17 15 6 18 17 6 19 33 6 20 17 7 21 15 7 22 1 7 23 18 8 24 19 8 25 33 8 26 19 9 27 18 9 28 5 9 29 19 10 30 15 10 31 33 10 32 15 11 33 19 11 34 4 11 35 20 12 36 16 12 37 34 12 38 16 13 39 20 13 40 2 13 41 16 14 42 21 14 43 34 14 44 21 15 45 16 15 46 3 15 47 21 16 48 23 16 49 34 16 50 23 17 51 21 17 52 7 17 53 23 18 54 20 18 55 34 18 56 20 19 57 23 19 58 6 19 59 22 20 60 19 20 61 35 20 62 19 21 63 22 21 64 4 21 65 19 22 66 24 22 67 35 22 68 24 23 69 19 23 70 5 23 71 24 24 72 25 24 73 35 24 74 25 25 75 24 25 76 9 25 77 25 26 78 22 26 79 35 26 80 22 27 81 8 27 82 25 27 83 26 28 84 23 28 85 36 28 86 23 29 87 26 29 88 6 29 89 23 30 90 27 30 91 36 30 92 27 31 93 23 31 94 7 31 95 27 32 96 29 32 97 36 32 98 29 33 99 27 33 100 10 33 101 28 34 102 25 34 103 37 34 104 25 35 105 28 35 106 8 35 107 25 36 108 30 36 109 37 36 110 30 37 111 25 37 112 9 37 113 31 38 114 28 38 115 37 38 116 28 39 117 31 39 118 11 39 119 47 40 120 48 40 121 38 40 122 48 41 123 47 41 124 66 41 125 48 42 126 49 42 127 40 42 128 49 43 129 48 43 130 66 43 131 49 44 132 46 44 133 39 44 134 46 45 135 49 45 136 66 45 137 48 46 138 50 46 139 38 46 140 50 47 141 48 47 142 67 47 143 51 48 144 52 48 145 41 48 146 52 49 147 51 49 148 67 49 149 52 50 150 48 50 151 40 50 152 48 51 153 52 51 154 67 51 155 53 52 156 49 52 157 39 52 158 49 53 159 53 53 160 68 53 161 49 54 162 55 54 163 40 54 164 55 55 165 49 55 166 68 55 167 56 56 168 57 56 169 43 56 170 57 57 171 56 57 172 69 57 173 57 58 174 54 58 175 42 58 176 54 59 177 57 59 178 69 59 179 55 60 180 52 60 181 40 60 182 52 61 183 55 61 184 70 61 185 52 62 186 58 62 187 41 62 188 58 63 189 52 63 190 70 63 191 59 64 192 60 64 193 44 64 194 60 65 195 59 65 196 71 65 197 60 66 198 56 66 199 43 66 200 56 67 201 60 67 202 71 67 203 61 68 204 57 68 205 42 68 206 57 69 207 61 69 208 72 69 209 57 70 210 62 70 211 43 70 212 62 71 213 57 71 214 72 71 215 62 72 216 63 72 217 45 72 218 63 73 219 62 73 220 72 73 221 62 74 222 60 74 223 43 74 224 60 75 225 62 75 226 73 75 227 60 76 228 64 76 229 44 76 230 64 77 231 60 77 232 73 77 233 65 78 234 62 78 235 45 78 236 62 79 237 65 79 238 73 79 239 96 80 240 108 80 241 74 80 242 75 81 243 74 81 244 108 81 245 90 82 246 91 82 247 76 82 248 76 83 249 77 83 250 90 83 251 102 84 252 103 84 253 77 84 254 92 85 255 103 85 256 104 85 257 92 86 258 90 86 259 103 86 260 90 87 261 77 87 262 103 87 263 93 88 264 97 88 265 78 88 266 78 89 267 97 89 268 79 89 269 80 90 270 109 90 271 81 90 272 81 91 273 109 91 274 105 91 275 108 92 276 110 92 277 75 92 278 74 93 279 98 93 280 96 93 281 91 94 282 92 94 283 94 94 284 92 95 285 91 95 286 90 95 287 103 96 288 106 96 289 104 96 290 106 97 291 103 97 292 102 97 293 108 98 294 99 98 295 111 98 296 99 99 297 108 99 298 96 99 299 97 100 300 95 100 301 100 100 302 95 101 303 97 101 304 93 101 305 105 102 306 112 102 307 107 102 308 112 103 309 105 103 310 109 103 311 110 104 312 111 104 313 113 104 314 111 105 315 110 105 316 108 105 317 96 106 318 101 106 319 99 106 320 101 107 321 96 107 322 98 107 323 114 108 324 115 108 325 116 108 326 117 109 327 118 109 328 119 109 329 120 110 330 121 110 331 122 110 332 202 111 333 190 111 334 203 111 335 191 112 336 204 112 337 192 112 338 192 113 339 205 113 340 203 113 341 193 114 342 206 114 343 194 114 344 195 115 345 197 115 346 123 115 347 123 116 348 197 116 349 124 116 350 195 117 351 123 117 352 127 117 353 127 118 354 128 118 355 195 118 356 82 119 357 83 119 358 131 119 359 132 120 360 82 120 361 131 120 362 84 121 363 85 121 364 133 121 365 133 122 366 85 122 367 134 122 368 115 123 369 135 123 370 136 123 371 136 124 372 116 124 373 115 124 374 86 125 375 116 125 376 136 125 377 86 126 378 136 126 379 87 126 380 117 127 381 137 127 382 118 127 383 88 128 384 137 128 385 117 128 386 89 129 387 137 129 388 88 129 389 199 130 390 207 130 391 198 130 392 198 131 393 207 131 394 125 131 395 125 132 396 207 132 397 200 132 398 126 133 399 201 133 400 129 133 401 200 134 402 208 134 403 130 134 404 196 135 405 199 135 406 198 135 407 161 136 408 162 136 409 164 136 410 174 137 411 175 137 412 165 137 413 166 138 414 175 138 415 167 138 416 163 139 417 138 139 418 168 139 419 138 140 420 139 140 421 168 140 422 142 141 423 138 141 424 163 141 425 163 142 426 143 142 427 142 142 428 164 143 429 169 143 430 170 143 431 169 144 432 140 144 433 170 144 434 140 145 435 171 145 436 170 145 437 141 146 438 144 146 439 172 146 440 171 147 441 145 147 442 176 147 443 162 148 444 169 148 445 164 148 446 146 149 447 147 149 448 118 149 449 120 150 450 148 150 451 121 150 452 149 151 453 136 151 454 135 151 455 89 152 456 146 152 457 137 152 458 137 153 459 146 153 460 118 153 461 150 154 462 151 154 463 152 154 464 153 155 465 154 155 466 155 155 467 156 156 468 149 156 469 135 156 470 153 157 471 155 157 472 157 157 473 158 158 474 159 158 475 160 158 476 209 159 477 210 159 478 211 159 479 209 160 480 212 160 481 210 160 482 213 161 483 214 161 484 215 161 485 210 162 486 215 162 487 214 162 488 215 163 489 212 163 490 213 163 491 211 164 492 213 164 493 209 164 494 211 165 495 214 165 496 213 165 497 212 166 498 215 166 499 210 166 500 210 167 501 214 167 502 211 167 503 177 168 504 178 168 505 179 168 506 177 169 507 179 169 508 180 169 509 181 170 510 182 170 511 183 170 512 179 171 513 183 171 514 182 171 515 182 172 516 181 172 517 180 172 518 178 173 519 177 173 520 181 173 521 178 174 522 181 174 523 183 174 524 180 175 525 179 175 526 182 175 527 179 176 528 178 176 529 183 176 530 177 177 531 180 177 532 184 177 533 177 178 534 184 178 535 185 178 536 180 179 537 181 179 538 186 179 539 180 180 540 186 180 541 184 180 542 213 181 543 212 181 544 216 181 545 213 182 546 216 182 547 217 182 548 181 183 549 177 183 550 185 183 551 181 184 552 185 184 553 186 184 554 209 185 555 213 185 556 217 185 557 209 186 558 217 186 559 218 186 560 212 187 561 209 187 562 218 187 563 212 188 564 218 188 565 216 188 566 175 189 567 187 189 568 165 189 569 165 190 570 187 190 571 188 190 572 165 191 573 188 191 574 173 191 575 190 192 576 219 192 577 220 192 578 190 193 579 220 193 580 221 193 581 173 194 582 188 194 583 189 194 584 173 195 585 189 195 586 166 195 587 191 196 588 192 196 589 203 196 590 203 197 591 221 197 592 222 197 593 203 198 594 222 198 595 191 198 596 175 199 597 166 199 598 189 199 599 175 200 600 189 200 601 187 200 602 220 201 603 219 201 604 191 201 605 220 202 606 191 202 607 222 202 608 203 203 609 190 203 610 221 203 611 208 204 612 223 204 613 196 204 614 208 205 615 196 205 616 130 205 617 203 206 618 205 206 619 202 206 620 167 207 621 175 207 622 174 207 623 196 208 624 223 208 625 199 208 626 162 209 627 161 209 628 176 209 629 162 210 630 176 210 631 145 210 632 224 211 633 225 211 634 226 211 635 227 212 636 228 212 637 229 212 638 230 213 639 234 213 640 235 213 641 236 214 642 230 214 643 235 214 644 237 215 645 231 215 646 238 215 647 232 216 648 239 216 649 240 216 650 241 217 651 239 217 652 232 217 653 227 218 654 229 218 655 242 218 656 236 219 657 243 219 658 230 219 659 244 220 660 233 220 661 245 220 662 241 221 663 232 221 664 246 221 665 247 222 666 230 222 667 243 222 668 247 223 669 243 223 670 248 223 671 249 224 672 330 224 673 332 224 674 250 225 675 333 225 676 252 225 677 254 226 678 247 226 679 248 226 680 254 227 681 248 227 682 255 227 683 251 228 684 253 228 685 256 228 686 251 229 687 256 229 688 258 229 689 257 230 690 254 230 691 255 230 692 257 231 693 255 231 694 259 231 695 346 232 696 333 232 697 331 232 698 346 233 699 331 233 700 348 233 701 260 234 702 261 234 703 262 234 704 260 235 705 262 235 706 263 235 707 264 236 708 265 236 709 266 236 710 264 237 711 266 237 712 268 237 713 270 238 714 271 238 715 272 238 716 270 239 717 273 239 718 271 239 719 269 240 720 267 240 721 274 240 722 269 241 723 274 241 724 275 241 725 334 242 726 276 242 727 278 242 728 334 243 729 278 243 730 336 243 731 277 244 732 280 244 733 281 244 734 277 245 735 281 245 736 279 245 737 260 246 738 270 246 739 273 246 740 260 247 741 273 247 742 261 247 743 335 248 744 337 248 745 350 248 746 335 249 747 350 249 748 352 249 749 275 250 750 274 250 751 281 250 752 275 251 753 281 251 754 280 251 755 354 252 756 356 252 757 358 252 758 354 253 759 360 253 760 356 253 761 282 254 762 246 254 763 232 254 764 282 255 765 283 255 766 246 255 767 284 256 768 338 256 769 340 256 770 285 257 771 287 257 772 339 257 773 289 258 774 283 258 775 282 258 776 289 259 777 290 259 778 283 259 779 286 260 780 291 260 781 288 260 782 286 261 783 293 261 784 291 261 785 292 262 786 290 262 787 289 262 788 292 263 789 294 263 790 290 263 791 339 264 792 362 264 793 341 264 794 339 265 795 364 265 796 362 265 797 295 266 798 296 266 799 297 266 800 295 267 801 298 267 802 296 267 803 299 268 804 301 268 805 238 268 806 300 269 807 303 269 808 302 269 809 304 270 810 305 270 811 306 270 812 304 271 813 306 271 814 307 271 815 303 272 816 308 272 817 302 272 818 303 273 819 309 273 820 308 273 821 342 274 822 310 274 823 312 274 824 342 275 825 344 275 826 310 275 827 313 276 828 314 276 829 315 276 830 313 277 831 311 277 832 314 277 833 295 278 834 304 278 835 307 278 836 295 279 837 307 279 838 297 279 839 343 280 840 359 280 841 345 280 842 343 281 843 355 281 844 359 281 845 309 282 846 314 282 847 308 282 848 309 283 849 315 283 850 314 283 851 365 284 852 360 284 853 363 284 854 365 285 855 366 285 856 360 285 857 368 286 858 380 286 859 381 286 860 368 287 861 381 287 862 370 287 863 357 288 864 382 288 865 372 288 866 357 289 867 383 289 868 382 289 869 374 290 870 356 290 871 373 290 872 374 291 873 358 291 874 356 291 875 375 292 876 376 292 877 378 292 878 375 293 879 378 293 880 351 293 881 347 294 882 349 294 883 369 294 884 347 295 885 369 295 886 371 295 887 353 296 888 351 296 889 378 296 890 353 297 891 378 297 892 369 297 893 361 298 894 387 298 895 388 298 896 361 299 897 367 299 898 387 299 899 361 300 900 383 300 901 357 300 902 361 301 903 386 301 904 383 301 905 368 302 906 379 302 907 385 302 908 368 303 909 385 303 910 384 303 911 379 304 912 377 304 913 389 304 914 379 305 915 389 305 916 385 305 917 316 306 918 317 306 919 318 306 920 316 307 921 319 307 922 317 307 923 320 308 924 321 308 925 322 308 926 323 155 927 324 155 928 325 155 929 323 309 930 325 309 931 326 309 932 327 310 933 328 310 934 329 310 935 390 311 936 391 311 937 392 311 938 392 312 939 393 312 940 394 312 941 394 313 942 395 313 943 396 313 944 394 314 945 396 314 946 397 314 947 392 315 948 394 315 949 397 315 950 398 316 951 399 316 952 400 316 953 401 317 954 402 317 955 403 317 956 398 318 957 401 318 958 403 318 959 404 319 960 395 319 961 394 319 962 392 320 963 390 320 964 397 320 965 404 321 966 394 321 967 397 321 968 399 322 969 405 322 970 398 322 971 401 323 972 400 323 973 398 323 974 406 324 975 407 324 976 408 324 977 407 325 978 409 325 979 408 325 980 410 326 981 411 326 982 412 326 983 413 327 984 412 327 985 411 327 986 414 328 987 415 328 988 416 328 989 417 329 990 418 329 991 419 329 992 420 330 993 421 330 994 422 330 995 423 331 996 420 331 997 424 331 998 425 332 999 426 332 1000 427 332 1001 428 333 1002 429 333 1003 430 333 1004 431 334 1005 432 334 1006 433 334 1007 433 335 1008 434 335 1009 431 335 1010 435 336 1011 436 336 1012 437 336 1013 438 337 1014 439 337 1015 440 337 1016 440 338 1017 441 338 1018 438 338 1019 442 339 1020 443 339 1021 444 339 1022 445 340 1023 436 340 1024 435 340 1025 442 341 1026 444 341 1027 446 341 1028 447 342 1029 448 342 1030 449 342 1031 450 343 1032 451 343 1033 452 343 1034 453 344 1035 454 344 1036 455 344 1037 456 345 1038 457 345 1039 458 345 1040 435 346 1041 437 346 1042 433 346 1043 433 347 1044 432 347 1045 435 347 1046 442 348 1047 446 348 1048 439 348 1049 439 349 1050 438 349 1051 442 349 1052 447 350 1053 449 350 1054 457 350 1055 457 351 1056 456 351 1057 459 351 1058 459 352 1059 447 352 1060 457 352 1061 460 353 1062 461 353 1063 462 353 1064 463 354 1065 450 354 1066 464 354 1067 450 355 1068 463 355 1069 454 355 1070 454 356 1071 453 356 1072 450 356 1073 465 357 1074 466 357 1075 467 357 1076 467 358 1077 462 358 1078 468 358 1079 434 359 1080 469 359 1081 470 359 1082 440 360 1083 471 360 1084 472 360 1085 454 361 1086 473 361 1087 474 361 1088 475 362 1089 455 362 1090 454 362 1091 476 363 1092 477 363 1093 434 363 1094 434 364 1095 433 364 1096 476 364 1097 478 365 1098 479 365 1099 480 365 1100 438 366 1101 441 366 1102 481 366 1103 477 367 1104 478 367 1105 482 367 1106 483 368 1107 434 368 1108 477 368 1109 484 369 1110 485 369 1111 437 369 1112 437 370 1113 436 370 1114 484 370 1115 486 371 1116 487 371 1117 488 371 1118 489 372 1119 442 372 1120 486 372 1121 490 373 1122 491 373 1123 492 373 1124 492 374 1125 493 374 1126 490 374 1127 494 375 1128 495 375 1129 496 375 1130 496 376 1131 497 376 1132 494 376 1133 498 377 1134 499 377 1135 500 377 1136 500 378 1137 501 378 1138 502 378 1139 503 379 1140 504 379 1141 505 379 1142 506 380 1143 507 380 1144 503 380 1145 499 381 1146 490 381 1147 493 381 1148 493 382 1149 500 382 1150 499 382 1151 495 383 1152 503 383 1153 507 383 1154 507 384 1155 496 384 1156 495 384 1157 508 385 1158 494 385 1159 497 385 1160 497 386 1161 509 386 1162 510 386 1163 501 387 1164 500 387 1165 449 387 1166 449 388 1167 448 388 1168 501 388 1169 507 389 1170 511 389 1171 512 389 1172 513 390 1173 450 390 1174 507 390 1175 497 391 1176 496 391 1177 453 391 1178 453 392 1179 455 392 1180 497 392 1181 493 393 1182 492 393 1183 458 393 1184 458 394 1185 457 394 1186 493 394 1187 500 395 1188 493 395 1189 457 395 1190 457 396 1191 449 396 1192 500 396 1193 496 397 1194 507 397 1195 450 397 1196 450 398 1197 453 398 1198 496 398 1199 514 399 1200 497 399 1201 455 399 1202 455 400 1203 515 400 1204 516 400 1205 528 401 1206 529 401 1207 530 401 1208 531 402 1209 528 402 1210 530 402 1211 531 403 1212 530 403 1213 532 403 1214 533 404 1215 534 404 1216 535 404 1217 578 405 1218 579 405 1219 580 405 1220 578 406 1221 580 406 1222 581 406 1223 582 407 1224 583 407 1225 584 407 1226 582 408 1227 584 408 1228 585 408 1229 535 409 1230 536 409 1231 537 409 1232 535 410 1233 537 410 1234 533 410 1235 531 411 1236 538 411 1237 528 411 1238 539 412 1239 540 412 1240 541 412 1241 537 413 1242 542 413 1243 533 413 1244 586 414 1245 587 414 1246 588 414 1247 579 415 1248 578 415 1249 589 415 1250 585 416 1251 590 416 1252 582 416 1253 579 417 1254 589 417 1255 591 417 1256 591 418 1257 592 418 1258 579 418 1259 531 419 1260 543 419 1261 544 419 1262 544 420 1263 538 420 1264 531 420 1265 531 421 1266 532 421 1267 545 421 1268 531 422 1269 545 422 1270 543 422 1271 581 423 1272 593 423 1273 578 423 1274 584 424 1275 594 424 1276 585 424 1277 546 425 1278 534 425 1279 533 425 1280 594 426 1281 595 426 1282 585 426 1283 596 427 1284 580 427 1285 579 427 1286 596 428 1287 579 428 1288 592 428 1289 517 429 1290 547 429 1291 518 429 1292 548 430 1293 519 430 1294 520 430 1295 597 431 1296 567 431 1297 568 431 1298 569 432 1299 598 432 1300 570 432 1301 549 433 1302 551 433 1303 552 433 1304 553 434 1305 555 434 1306 521 434 1307 523 435 1308 556 435 1309 550 435 1310 525 436 1311 520 436 1312 519 436 1313 519 437 1314 557 437 1315 525 437 1316 517 438 1317 518 438 1318 526 438 1319 558 439 1320 517 439 1321 526 439 1322 599 440 1323 601 440 1324 602 440 1325 599 441 1326 602 441 1327 571 441 1328 573 442 1329 603 442 1330 604 442 1331 573 443 1332 604 443 1333 605 443 1334 607 444 1335 600 444 1336 572 444 1337 608 445 1338 574 445 1339 606 445 1340 570 446 1341 575 446 1342 569 446 1343 609 447 1344 569 447 1345 575 447 1346 568 448 1347 567 448 1348 576 448 1349 567 449 1350 610 449 1351 576 449 1352 571 450 1353 611 450 1354 612 450 1355 571 451 1356 612 451 1357 613 451 1358 524 452 1359 559 452 1360 560 452 1361 524 453 1362 560 453 1363 561 453 1364 614 454 1365 615 454 1366 603 454 1367 614 455 1368 603 455 1369 573 455 1370 604 456 1371 616 456 1372 605 456 1373 570 457 1374 598 457 1375 577 457 1376 527 458 1377 548 458 1378 520 458 1379 562 459 1380 563 459 1381 554 459 1382 562 460 1383 554 460 1384 522 460 1385 602 461 1386 611 461 1387 571 461 1388 564 462 1389 562 462 1390 522 462 1391 552 463 1392 559 463 1393 524 463 1394 552 464 1395 524 464 1396 549 464 1397 565 465 1398 564 465 1399 522 465 1400 565 466 1401 522 466 1402 566 466 1403 617 467 1404 618 467 1405 619 467 1406 617 468 1407 619 468 1408 620 468 1409 621 469 1410 622 469 1411 623 469 1412 623 470 1413 624 470 1414 621 470 1415 625 471 1416 617 471 1417 620 471 1418 620 472 1419 626 472 1420 625 472 1421 620 473 1422 619 473 1423 627 473 1424 627 474 1425 628 474 1426 620 474 1427 624 475 1428 623 475 1429 629 475 1430 629 476 1431 630 476 1432 624 476 1433 626 477 1434 620 477 1435 628 477 1436 628 478 1437 631 478 1438 626 478 1439 632 479 1440 634 479 1441 635 479 1442 636 480 1443 637 480 1444 633 480 1445 634 481 1446 638 481 1447 639 481 1448 639 482 1449 635 482 1450 634 482 1451 641 483 1452 642 483 1453 643 483 1454 643 484 1455 644 484 1456 641 484 1457 645 485 1458 646 485 1459 647 485 1460 637 486 1461 636 486 1462 640 486 1463 618 487 1464 617 487 1465 648 487 1466 648 488 1467 649 488 1468 618 488 1469 617 489 1470 625 489 1471 650 489 1472 617 490 1473 650 490 1474 648 490 1475 622 491 1476 621 491 1477 646 491 1478 646 492 1479 645 492 1480 622 492 1481</p>
        </triangles>
      </mesh>
    </geometry>
  </library_geometries>
  <library_controllers>
    <controller id="Dorkim_b_hurim_Skin_battersea-skin" name="Dorkim b'hurim_Skin">
      <skin source="#battersea_001-mesh">
        <bind_shape_matrix>1 0 0 0 0 1 0 0 0 0 1 0 0 0 0 1</bind_shape_matrix>
        <source id="Dorkim_b_hurim_Skin_battersea-skin-joints">
          <Name_array id="Dorkim_b_hurim_Skin_battersea-skin-joints-array" count="22">pelvis femurleft butt-l knee-l-top knee-l-bopttom ankle_left foot_left01 femurright butt-r knee-r-top knee-r-bopttom ankleright foot_right01 rib scapula ulna scapula01 ulna01 smoke_node_1 neck cloaktop cloak</Name_array>
          <technique_common>
            <accessor source="#Dorkim_b_hurim_Skin_battersea-skin-joints-array" count="22" stride="1">
              <param name="JOINT" type="name"/>
            </accessor>
          </technique_common>
        </source>
        <source id="Dorkim_b_hurim_Skin_battersea-skin-bind_poses">
          <float_array id="Dorkim_b_hurim_Skin_battersea-skin-bind_poses-array" count="352">1 0 0 -2.88205e-4 0 0 1 -1.989969 0 -1 0 0.05965083 0 0 0 1 1 0 0 -0.229566 0 0 1 -1.980152 0 -1 0 0 0 0 0 1 1 0 0 -0.2300335 0 -5.28991e-7 1 -1.881625 0 -1 -5.43892e-7 0.2278664 0 0 0 1 1 0 0 -0.2579528 0 0 1 -1.492427 0 -1 0 -0.357712 0 0 0 1 1 0 0 -0.2616622 0 -1.93715e-7 1 -1.243225 0 -1 -2.10479e-7 0.03760045 0 0 0 1 1 -8.23292e-7 3.22031e-7 -0.2703903 0 -0.3687208 -0.9295402 0.1499912 8.84021e-7 0.9295377 -0.3687207 -0.04846727 0 0 0 1 1 -8.53136e-7 3.90107e-5 -0.2703915 0 -0.9997586 -0.02186501 -0.240151 3.90201e-5 0.02186405 -0.9997609 0.02882039 0 0 0 1 1 0 0 0.2313526 0 0 1 -1.980152 0 -1 0 0 0 0 0 1 1 0 0 0.234615 0 -6.78003e-7 1 -1.884256 0 -1 -6.92904e-7 0.2262768 0 0 0 1 1 0 0 0.1784679 0 -6.78002e-7 1 -1.491813 0 -1 -7.00355e-7 -0.3589498 0 0 0 1 1 0 0 0.2454932 0 0 1 -1.243115 0 -1 0 0.03760033 0 0 0 1 1 -7.66611e-7 3.04765e-7 0.2586692 0 -0.3687213 -0.92954 0.1530215 8.24969e-7 0.9295406 -0.3687213 -0.04726493 0 0 0 1 1 -7.26598e-7 3.32393e-5 0.2586681 0 -0.9997618 -0.02185428 -0.2400807 3.32472e-5 0.02185434 -0.9997613 0.03209614 0 0 0 1 1 0 0 0.007960081 0 0 1 -2.884792 0 -1 0 -1.77028e-7 0 0 0 1 0.2766326 0 0.9609758 -3.121139 -0.9609758 0 0.2766326 -0.4714699 0 -1 0 0 0 0 0 1 0.2766326 0 0.9609758 -3.244877 -0.9609758 0 0.2766326 0.1278871 0 -1 0 0 0 0 0 1 0.2517797 0 -0.9677845 3.142547 0.9677845 0 0.2517797 -0.3513165 0 -1 0 -3.31777e-7 0 0 0 1 0.2517794 0 -0.9677846 3.254549 0.9677845 -1.3283e-7 0.2517797 0.2480402 -1.24418e-7 -1 0 -2.6453e-7 0 0 0 1 0.2518051 1.38726e-7 -0.9677779 3.366226 -0.006487786 -0.9999776 -0.001688182 -0.05489093 -0.9677563 0.006703853 -0.2517995 -0.9611537 0 0 0 1 1 0 0 0.02165722 0 0 1 -3.354292 0 -1 -1.19331e-7 1.59571e-7 0 0 0 1 1 0 0 -0.001975238 0 -0.9080123 0.4189437 -1.175836 0 -0.4189438 -0.9080122 3.021408 0 0 0 1 1 0 0 -0.006513416 0 -0.908012 0.4189443 -0.3167567 0 -0.4189443 -0.9080119 3.257105 0 0 0 1</float_array>
          <technique_common>
            <accessor source="#Dorkim_b_hurim_Skin_battersea-skin-bind_poses-array" count="22" stride="16">
              <param name="TRANSFORM" type="float4x4"/>
            </accessor>
          </technique_common>
        </source>
        <source id="Dorkim_b_hurim_Skin_battersea-skin-weights">
          <float_array id="Dorkim_b_hurim_Skin_battersea-skin-weights-array" count="651">1 1 1 1 1 1 1 1 1 1 1 1 1 1 1 1 1 1 1 1 1 1 1 1 1 1 1 1 1 1 1 1 1 1 1 1 1 1 1 1 1 1 1 1 1 1 1 1 1 1 1 1 1 1 1 1 1 1 1 1 1 1 1 1 1 1 1 1 1 1 1 1 1 1 1 1 1 1 1 1 1 1 1 1 1 1 1 1 1 1 1 1 1 1 1 1 1 1 1 1 1 1 1 1 1 1 1 1 1 1 1 1 1 1 1 1 1 1 1 1 1 1 1 1 1 1 1 1 1 1 1 1 1 1 1 1 1 1 1 1 1 1 1 1 1 1 1 1 1 1 1 1 1 1 1 1 1 1 1 1 1 1 1 1 1 1 1 1 1 1 1 1 1 1 1 1 1 1 1 1 1 1 1 1 1 1 1 1 1 1 1 1 1 1 1 1 1 1 1 1 1 1 1 1 1 1 1 1 1 1 1 1 1 1 1 1 1 1 1 1 1 1 1 1 1 1 1 1 1 1 1 1 1 1 1 1 1 1 1 1 1 1 1 1 1 1 1 1 1 1 1 1 1 1 1 1 1 1 1 1 1 1 1 1 1 1 1 1 1 1 1 1 1 1 1 1 1 1 1 1 1 1 1 1 1 1 1 1 1 1 1 1 1 1 1 1 1 1 1 1 1 1 1 1 1 1 1 1 1 1 1 1 1 1 1 1 1 1 1 1 1 1 1 1 1 1 1 1 1 1 1 1 1 1 1 1 1 1 1 1 1 1 1 1 1 1 1 1 1 1 1 1 1 1 1 1 1 1 1 1 1 1 1 1 1 1 1 1 1 1 1 1 1 1 1 1 1 1 1 1 1 1 1 1 1 1 1 1 1 1 1 1 1 1 1 1 1 1 1 1 1 1 1 1 1 1 1 1 1 1 1 1 1 1 1 1 1 1 1 1 1 1 1 1 1 1 1 1 1 1 1 1 1 1 1 1 1 1 1 1 1 1 1 1 1 1 1 1 1 1 1 1 1 1 1 1 1 1 1 1 1 1 1 1 1 1 1 1 1 1 1 1 1 1 1 1 1 1 1 1 1 1 1 1 1 1 1 1 1 1 1 1 1 1 1 1 1 1 1 1 1 1 1 1 1 1 1 1 1 1 1 1 1 1 1 1 1 1 1 1 1 1 1 1 1 1 1 1 1 1 1 1 1 1 1 1 1 1 1 1 1 1 1 1 1 1 1 1 1 1 1 1 1 1 1 1 1 1 1 1 1 1 1 1 1 1 1 1 1 1 1 1 1 1 1 1 1 1 1 1 1 1 1 1 1 1 1 1 1 1 1 1 1 1 1 1 1 1 1 1 1 1 1 1 1 1 1 1 1 1 1 1 1 1 1 1 1 1 1 1 1 1 1 1 1 1 1 1 1 1 1 1 1 1 1 1 1 1 1 1 1 1 1 1 1 1 1 1 1 1 1</float_array>
          <technique_common>
            <accessor source="#Dorkim_b_hurim_Skin_battersea-skin-weights-array" count="651" stride="1">
              <param name="WEIGHT" type="float"/>
            </accessor>
          </technique_common>
        </source>
        <joints>
          <input semantic="JOINT" source="#Dorkim_b_hurim_Skin_battersea-skin-joints"/>
          <input semantic="INV_BIND_MATRIX" source="#Dorkim_b_hurim_Skin_battersea-skin-bind_poses"/>
        </joints>
        <vertex_weights count="651">
          <input semantic="JOINT" source="#Dorkim_b_hurim_Skin_battersea-skin-joints" offset="0"/>
          <input semantic="WEIGHT" source="#Dorkim_b_hurim_Skin_battersea-skin-weights" offset="1"/>
          <vcount>1 1 1 1 1 1 1 1 1 1 1 1 1 1 1 1 1 1 1 1 1 1 1 1 1 1 1 1 1 1 1 1 1 1 1 1 1 1 1 1 1 1 1 1 1 1 1 1 1 1 1 1 1 1 1 1 1 1 1 1 1 1 1 1 1 1 1 1 1 1 1 1 1 1 1 1 1 1 1 1 1 1 1 1 1 1 1 1 1 1 1 1 1 1 1 1 1 1 1 1 1 1 1 1 1 1 1 1 1 1 1 1 1 1 1 1 1 1 1 1 1 1 1 1 1 1 1 1 1 1 1 1 1 1 1 1 1 1 1 1 1 1 1 1 1 1 1 1 1 1 1 1 1 1 1 1 1 1 1 1 1 1 1 1 1 1 1 1 1 1 1 1 1 1 1 1 1 1 1 1 1 1 1 1 1 1 1 1 1 1 1 1 1 1 1 1 1 1 1 1 1 1 1 1 1 1 1 1 1 1 1 1 1 1 1 1 1 1 1 1 1 1 1 1 1 1 1 1 1 1 1 1 1 1 1 1 1 1 1 1 1 1 1 1 1 1 1 1 1 1 1 1 1 1 1 1 1 1 1 1 1 1 1 1 1 1 1 1 1 1 1 1 1 1 1 1 1 1 1 1 1 1 1 1 1 1 1 1 1 1 1 1 1 1 1 1 1 1 1 1 1 1 1 1 1 1 1 1 1 1 1 1 1 1 1 1 1 1 1 1 1 1 1 1 1 1 1 1 1 1 1 1 1 1 1 1 1 1 1 1 1 1 1 1 1 1 1 1 1 1 1 1 1 1 1 1 1 1 1 1 1 1 1 1 1 1 1 1 1 1 1 1 1 1 1 1 1 1 1 1 1 1 1 1 1 1 1 1 1 1 1 1 1 1 1 1 1 1 1 1 1 1 1 1 1 1 1 1 1 1 1 1 1 1 1 1 1 1 1 1 1 1 1 1 1 1 1 1 1 1 1 1 1 1 1 1 1 1 1 1 1 1 1 1 1 1 1 1 1 1 1 1 1 1 1 1 1 1 1 1 1 1 1 1 1 1 1 1 1 1 1 1 1 1 1 1 1 1 1 1 1 1 1 1 1 1 1 1 1 1 1 1 1 1 1 1 1 1 1 1 1 1 1 1 1 1 1 1 1 1 1 1 1 1 1 1 1 1 1 1 1 1 1 1 1 1 1 1 1 1 1 1 1 1 1 1 1 1 1 1 1 1 1 1 1 1 1 1 1 1 1 1 1 1 1 1 1 1 1 1 1 1 1 1 1 1 1 1 1 1 1 1 1 1 1 1 1 1 1 1 1 1 1 1 1 1 1 1 1 1 1 1 1 1 1 1 1 1 1 1 1 1 1 1 1 1 1 1 1 1 1 1 1 1 1 1 1 1 1 1 1 1 1 1 1 1 1 1 1 1 1 1 1 1 1 1 1 1 1 1 1 1 1 1 1 1 1 1 1 1 1 </vcount>
          <v>15 0 15 1 15 2 15 3 15 4 15 5 15 6 15 7 15 8 15 9 15 10 15 11 15 12 15 13 15 14 15 15 15 16 15 17 15 18 15 19 15 20 15 21 15 22 15 23 15 24 15 25 15 26 15 27 15 28 15 29 15 30 15 31 15 32 15 33 15 34 15 35 15 36 15 37 15 38 15 39 15 40 15 41 15 42 15 43 15 44 15 45 15 46 15 47 15 48 15 49 15 50 15 51 15 52 15 53 15 54 15 55 15 56 15 57 15 58 15 59 15 60 15 61 15 62 15 63 15 64 15 65 15 66 15 67 15 68 15 69 15 70 15 71 15 72 15 73 0 74 0 75 0 76 0 77 0 78 0 79 0 80 0 81 0 82 0 83 0 84 0 85 0 86 0 87 0 88 0 89 1 90 1 91 3 92 1 93 3 94 3 95 2 96 2 97 2 98 2 99 2 100 2 101 7 102 7 103 9 104 7 105 9 106 9 107 8 108 8 109 8 110 8 111 8 112 8 113 13 114 13 115 13 116 13 117 13 118 13 119 13 120 13 121 13 122 13 123 13 124 13 125 13 126 13 127 13 128 13 129 13 130 13 131 13 132 13 133 13 134 13 135 13 136 13 137 13 138 13 139 13 140 13 141 13 142 13 143 13 144 13 145 13 146 13 147 13 148 13 149 13 150 13 151 13 152 13 153 13 154 13 155 13 156 13 157 13 158 13 159 13 160 14 161 14 162 14 163 15 164 15 165 15 166 14 167 14 168 14 169 15 170 15 171 15 172 15 173 14 174 14 175 14 176 15 177 15 178 15 179 15 180 15 181 15 182 15 183 15 184 15 185 15 186 15 187 15 188 15 189 17 190 17 191 17 192 17 193 17 194 16 195 16 196 16 197 16 198 17 199 17 200 17 201 16 202 16 203 16 204 16 205 17 206 17 207 16 208 17 209 17 210 17 211 17 212 17 213 17 214 17 215 17 216 17 217 17 218 17 219 17 220 17 221 17 222 16 223 19 224 19 225 19 226 13 227 13 228 13 229 13 230 13 231 13 232 13 233 13 234 13 235 13 236 13 237 13 238 13 239 13 240 13 241 13 242 13 243 13 244 13 245 13 246 13 247 13 248 13 249 13 250 13 251 13 252 13 253 13 254 13 255 13 256 13 257 13 258 13 259 13 260 13 261 13 262 13 263 13 264 13 265 13 266 13 267 13 268 13 269 13 270 13 271 13 272 13 273 13 274 13 275 13 276 13 277 13 278 13 279 13 280 13 281 13 282 13 283 13 284 13 285 13 286 13 287 13 288 13 289 13 290 13 291 13 292 13 293 13 294 13 295 13 296 13 297 13 298 13 299 13 300 13 301 13 302 13 303 13 304 13 305 13 306 13 307 13 308 13 309 13 310 13 311 13 312 13 313 13 314 13 315 13 316 13 317 13 318 13 319 13 320 13 321 13 322 13 323 13 324 13 325 13 326 13 327 13 328 13 329 20 330 20 331 20 332 20 333 20 334 20 335 20 336 20 337 20 338 20 339 20 340 20 341 20 342 20 343 20 344 20 345 20 346 20 347 20 348 20 349 20 350 20 351 20 352 20 353 20 354 20 355 21 356 21 357 20 358 20 359 21 360 21 361 20 362 20 363 20 364 20 365 21 366 21 367 21 368 21 369 21 370 21 371 21 372 21 373 20 374 20 375 21 376 21 377 21 378 21 379 21 380 21 381 21 382 21 383 21 384 21 385 21 386 21 387 21 388 21 389 19 390 19 391 19 392 19 393 19 394 19 395 19 396 19 397 19 398 19 399 19 400 19 401 19 402 19 403 19 404 19 405 19 406 19 407 19 408 19 409 19 410 19 411 19 412 19 413 19 414 19 415 19 416 19 417 19 418 19 419 19 420 19 421 19 422 19 423 19 424 19 425 19 426 19 427 19 428 19 429 19 430 19 431 19 432 19 433 19 434 19 435 19 436 19 437 19 438 19 439 19 440 19 441 19 442 19 443 19 444 19 445 19 446 19 447 19 448 19 449 19 450 19 451 19 452 19 453 19 454 19 455 19 456 19 457 19 458 19 459 19 460 19 461 19 462 19 463 19 464 19 465 19 466 19 467 19 468 19 469 19 470 19 471 19 472 19 473 19 474 19 475 19 476 19 477 19 478 19 479 19 480 19 481 19 482 19 483 19 484 19 485 19 486 19 487 19 488 19 489 19 490 19 491 19 492 19 493 19 494 19 495 19 496 19 497 19 498 19 499 19 500 19 501 19 502 19 503 19 504 19 505 19 506 19 507 19 508 19 509 19 510 19 511 19 512 19 513 19 514 19 515 19 516 4 517 1 518 4 519 1 520 4 521 4 522 4 523 4 524 1 525 1 526 1 527 4 528 4 529 4 530 5 531 4 532 5 533 4 534 4 535 4 536 4 537 6 538 6 539 4 540 6 541 6 542 5 543 6 544 4 545 4 546 4 547 4 548 4 549 4 550 4 551 4 552 4 553 4 554 1 555 1 556 1 557 1 558 4 559 4 560 4 561 4 562 4 563 4 564 4 565 4 566 10 567 7 568 10 569 7 570 10 571 10 572 10 573 10 574 7 575 7 576 7 577 10 578 11 579 10 580 10 581 10 582 10 583 10 584 11 585 12 586 12 587 10 588 12 589 12 590 12 591 11 592 10 593 10 594 10 595 10 596 10 597 10 598 10 599 10 600 10 601 10 602 10 603 10 604 10 605 10 606 7 607 7 608 7 609 7 610 10 611 10 612 10 613 10 614 10 615 10 616 18 617 18 618 18 619 18 620 18 621 18 622 18 623 18 624 18 625 18 626 18 627 18 628 18 629 18 630 18 631 18 632 18 633 18 634 18 635 18 636 18 637 18 638 18 639 18 640 18 641 18 642 18 643 18 644 18 645 18 646 18 647 18 648 18 649 18 650</v>
        </vertex_weights>
      </skin>
    </controller>
  </library_controllers>
  <library_visual_scenes>
    <visual_scene id="Scene" name="Scene">
      <node id="Camera" name="Camera" type="NODE">
        <matrix sid="transform">0.6859207 -0.3240135 0.6515582 7.481132 0.7276763 0.3054208 -0.6141704 -6.50764 0 0.8953956 0.4452714 5.343665 0 0 0 1</matrix>
        <instance_camera url="#Camera-camera"/>
      </node>
      <node id="Lamp" name="Lamp" type="NODE">
        <matrix sid="transform">-0.2908646 -0.7711008 0.5663932 6.320361 0.9551712 -0.1998834 0.2183912 1.005454 -0.05518906 0.6045247 0.7946723 8.128572 0 0 0 1</matrix>
        <instance_light url="#Lamp-light"/>
      </node>
      <node id="Dorkim_b_hurim_Skin" name="Dorkim_b_hurim_Skin" type="NODE">
        <matrix sid="transform">1 0 0 0 0 1 0 0 0 0 1 0 0 0 0 1</matrix>
        <node id="Dorkim_b_hurim_Skin_root" name="root" sid="root" type="JOINT">
          <matrix sid="transform">1 1.87196e-15 4.0082e-8 0 4.0082e-8 -1.34359e-7 -1 -1.01207e-7 3.51342e-15 1 -1.19209e-7 2.154822 0 0 0 1</matrix>
          <node id="Dorkim_b_hurim_Skin_pelvis" name="pelvis" sid="pelvis" type="JOINT">
            <matrix sid="transform">1 0 1.18083e-8 2.88204e-4 -4.39893e-16 1 3.72529e-8 -0.1648533 -1.18083e-8 -3.72529e-8 1 -0.05965078 0 0 0 1</matrix>
            <node id="Dorkim_b_hurim_Skin_femurleft" name="femurleft" sid="femurleft" type="JOINT">
              <matrix sid="transform">1 -4.66008e-15 5.09433e-9 0.2292778 0 1 0 -0.0098176 -5.09433e-9 2.48583e-10 1 0.05965089 0 0 0 1</matrix>
              <node id="Dorkim_b_hurim_Skin_butt-l" name="butt-l" sid="butt-l" type="JOINT">
                <matrix sid="transform">1 -5.15477e-15 4.2319e-9 4.67524e-4 1.89181e-15 1 -4.47035e-7 -0.09852624 -4.2319e-9 4.47035e-7 1 -0.2278656 0 0 0 1</matrix>
                <extra>
                  <technique profile="blender">
                    <layer sid="layer" type="string">0</layer>
                    <roll sid="roll" type="float">0</roll>
                    <tip_x sid="tip_x" type="float">0</tip_x>
                    <tip_y sid="tip_y" type="float">0</tip_y>
                    <tip_z sid="tip_z" type="float">0.1</tip_z>
                  </technique>
                </extra>
              </node>
              <node id="Dorkim_b_hurim_Skin_knee-l-top" name="knee-l-top" sid="knee-l-top" type="JOINT">
                <matrix sid="transform">1 -5.15477e-15 7.79386e-9 0.02838679 0 0.9999999 0 -0.4877245 -7.79386e-9 0 1 0.357712 0 0 0 1</matrix>
                <extra>
                  <technique profile="blender">
                    <layer sid="layer" type="string">0</layer>
                    <roll sid="roll" type="float">0</roll>
                    <tip_x sid="tip_x" type="float">0</tip_x>
                    <tip_y sid="tip_y" type="float">0</tip_y>
                    <tip_z sid="tip_z" type="float">0.1</tip_z>
                  </technique>
                </extra>
              </node>
              <node id="Dorkim_b_hurim_Skin_knee-l-bopttom" name="knee-l-bopttom" sid="knee-l-bopttom" type="JOINT">
                <matrix sid="transform">1 -5.15477e-15 3.25892e-8 0.03209619 3.64212e-15 1 -1.11759e-7 -0.7369263 -3.25892e-8 1.11759e-7 1 -0.03760035 0 0 0 1</matrix>
                <node id="Dorkim_b_hurim_Skin_ankle_left" name="ankle left" sid="ankle_left" type="JOINT">
                  <matrix sid="transform">1 -3.72529e-8 9.67287e-7 0.008728176 3.22031e-7 -0.9295399 -0.3687219 -1.121673 9.12866e-7 0.3687219 -0.9295423 -0.06275672 0 0 0 1</matrix>
                  <node id="Dorkim_b_hurim_Skin_foot_left01" name="foot left01" sid="foot_left01" type="JOINT">
                    <matrix sid="transform">1 8.16057e-7 3.86801e-5 2.98023e-7 -3.59517e-5 0.3889571 0.9212559 0.216839 -1.42931e-5 -0.9212558 0.3889571 -0.2809216 0 0 0 1</matrix>
                    <extra>
                      <technique profile="blender">
                        <layer sid="layer" type="string">0</layer>
                        <roll sid="roll" type="float">3.9048e-5</roll>
                        <tip_x sid="tip_x" type="float">0</tip_x>
                        <tip_y sid="tip_y" type="float">-0.09997618</tip_y>
                        <tip_z sid="tip_z" type="float">-0.002186357</tip_z>
                      </technique>
                    </extra>
                  </node>
                  <extra>
                    <technique profile="blender">
                      <layer sid="layer" type="string">0</layer>
                      <roll sid="roll" type="float">8.84022e-7</roll>
                      <tip_x sid="tip_x" type="float">0</tip_x>
                      <tip_y sid="tip_y" type="float">-0.03687214</tip_y>
                      <tip_z sid="tip_z" type="float">-0.09295403</tip_z>
                    </technique>
                  </extra>
                </node>
                <extra>
                  <technique profile="blender">
                    <layer sid="layer" type="string">0</layer>
                    <roll sid="roll" type="float">0</roll>
                    <tip_x sid="tip_x" type="float">0</tip_x>
                    <tip_y sid="tip_y" type="float">0</tip_y>
                    <tip_z sid="tip_z" type="float">0.1</tip_z>
                  </technique>
                </extra>
              </node>
              <extra>
                <technique profile="blender">
                  <layer sid="layer" type="string">0</layer>
                  <roll sid="roll" type="float">0</roll>
                  <tip_x sid="tip_x" type="float">0</tip_x>
                  <tip_y sid="tip_y" type="float">0</tip_y>
                  <tip_z sid="tip_z" type="float">0.1000001</tip_z>
                </technique>
              </extra>
            </node>
            <node id="Dorkim_b_hurim_Skin_femurright" name="femurright" sid="femurright" type="JOINT">
              <matrix sid="transform">1 -4.66008e-15 5.09434e-9 -0.2316408 0 1 0 -0.0098176 -5.09434e-9 2.48583e-10 1 0.05965089 0 0 0 1</matrix>
              <node id="Dorkim_b_hurim_Skin_butt-r" name="butt-r" sid="butt-r" type="JOINT">
                <matrix sid="transform">1 -5.15477e-15 5.58592e-9 -0.003262326 3.32947e-15 1 -5.96046e-7 -0.09589553 -5.58592e-9 5.96046e-7 1 -0.2262758 0 0 0 1</matrix>
                <extra>
                  <technique profile="blender">
                    <layer sid="layer" type="string">0</layer>
                    <roll sid="roll" type="float">0</roll>
                    <tip_x sid="tip_x" type="float">0</tip_x>
                    <tip_y sid="tip_y" type="float">0</tip_y>
                    <tip_z sid="tip_z" type="float">0.1</tip_z>
                  </technique>
                </extra>
              </node>
              <node id="Dorkim_b_hurim_Skin_knee-r-top" name="knee-r-top" sid="knee-r-top" type="JOINT">
                <matrix sid="transform">1 -5.15477e-15 9.03823e-9 0.05288471 5.3872e-15 0.9999999 -5.96046e-7 -0.4883389 -9.03824e-9 5.96046e-7 1 0.3589507 0 0 0 1</matrix>
                <extra>
                  <technique profile="blender">
                    <layer sid="layer" type="string">0</layer>
                    <roll sid="roll" type="float">0</roll>
                    <tip_x sid="tip_x" type="float">0</tip_x>
                    <tip_y sid="tip_y" type="float">0</tip_y>
                    <tip_z sid="tip_z" type="float">0.1</tip_z>
                  </technique>
                </extra>
              </node>
              <node id="Dorkim_b_hurim_Skin_knee-r-bopttom" name="knee-r-bopttom" sid="knee-r-bopttom" type="JOINT">
                <matrix sid="transform">1 -5.15477e-15 2.04881e-8 -0.01414061 0 1 0 -0.7370366 -2.04881e-8 0 1 -0.03760033 0 0 0 1</matrix>
                <node id="Dorkim_b_hurim_Skin_ankleright" name="ankleright" sid="ankleright" type="JOINT">
                  <matrix sid="transform">1 -2.79396e-8 8.96982e-7 -0.0131759 3.04766e-7 -0.92954 -0.3687211 -1.118303 8.44083e-7 0.3687211 -0.9295394 -0.06275684 0 0 0 1</matrix>
                  <node id="Dorkim_b_hurim_Skin_foot_right01" name="foot right01" sid="foot_right01" type="JOINT">
                    <matrix sid="transform">1 7.59765e-7 3.29258e-5 2.08616e-7 -3.06287e-5 0.3889474 0.9212598 0.2168394 -1.21065e-5 -0.9212599 0.3889476 -0.2809223 0 0 0 1</matrix>
                    <extra>
                      <technique profile="blender">
                        <layer sid="layer" type="string">0</layer>
                        <roll sid="roll" type="float">3.32472e-5</roll>
                        <tip_x sid="tip_x" type="float">0</tip_x>
                        <tip_y sid="tip_y" type="float">-0.09997612</tip_y>
                        <tip_z sid="tip_z" type="float">-0.002185404</tip_z>
                      </technique>
                    </extra>
                  </node>
                  <extra>
                    <technique profile="blender">
                      <layer sid="layer" type="string">0</layer>
                      <roll sid="roll" type="float">8.24969e-7</roll>
                      <tip_x sid="tip_x" type="float">0</tip_x>
                      <tip_y sid="tip_y" type="float">-0.03687208</tip_y>
                      <tip_z sid="tip_z" type="float">-0.09295403</tip_z>
                    </technique>
                  </extra>
                </node>
                <extra>
                  <technique profile="blender">
                    <layer sid="layer" type="string">0</layer>
                    <roll sid="roll" type="float">0</roll>
                    <tip_x sid="tip_x" type="float">0</tip_x>
                    <tip_y sid="tip_y" type="float">0</tip_y>
                    <tip_z sid="tip_z" type="float">0.1</tip_z>
                  </technique>
                </extra>
              </node>
              <extra>
                <technique profile="blender">
                  <layer sid="layer" type="string">0</layer>
                  <roll sid="roll" type="float">0</roll>
                  <tip_x sid="tip_x" type="float">0</tip_x>
                  <tip_y sid="tip_y" type="float">0</tip_y>
                  <tip_z sid="tip_z" type="float">0.1000001</tip_z>
                </technique>
              </extra>
            </node>
            <node id="Dorkim_b_hurim_Skin_lumbar" name="lumbar" sid="lumbar" type="JOINT">
              <matrix sid="transform">1 -4.66008e-15 4.81516e-9 0.004538175 0 1 3.72529e-8 0.189765 -4.81516e-9 -3.70044e-8 1 -0.05340067 0 0 0 1</matrix>
              <node id="Dorkim_b_hurim_Skin_rib" name="rib" sid="rib" type="JOINT">
                <matrix sid="transform">1 -4.94828e-15 4.31043e-9 -0.01278648 0 1 3.55271e-15 0.7050579 -4.31043e-9 2.48548e-10 1 0.1130517 0 0 0 1</matrix>
                <node id="Dorkim_b_hurim_Skin_scapula" name="scapula" sid="scapula" type="JOINT">
                  <matrix sid="transform">0.2766326 -0.9609758 -5.84713e-8 0.4182978 0.9609758 0.2766326 -1.13442e-8 0.2449713 2.70766e-8 -5.30513e-8 1 -4.32791e-8 0 0 0 1</matrix>
                  <node id="Dorkim_b_hurim_Skin_ulna" name="ulna" sid="ulna" type="JOINT">
                    <matrix sid="transform">1 -5.96046e-8 -3.55271e-15 0.1237378 5.96046e-8 1 3.55271e-15 -0.5993568 0 -1.77636e-15 1 -3.41885e-10 0 0 0 1</matrix>
                    <node id="Dorkim_b_hurim_Skin_carpal" name="carpal" sid="carpal" type="JOINT">
                      <matrix sid="transform">1 1.60933e-6 -2.86394e-8 0.1033099 -1.63913e-6 0.9999999 -7.45056e-8 -0.5754045 2.86393e-8 7.45057e-8 1 0.07377819 0 0 0 1</matrix>
                      <node id="Dorkim_b_hurim_Skin_ammo_node_1" name="ammo node 1" sid="ammo_node_1" type="JOINT">
                        <matrix sid="transform">1 2.97558e-7 -3.07262e-5 0.1766818 -3.09646e-5 0.001921653 -0.9999982 0.2353451 -2.35926e-7 0.9999982 0.001921656 -0.07377826 0 0 0 1</matrix>
                        <extra>
                          <technique profile="blender">
                            <layer sid="layer" type="string">0</layer>
                            <roll sid="roll" type="float">-2.411805</roll>
                            <tip_x sid="tip_x" type="float">-1.84655e-4</tip_x>
                            <tip_y sid="tip_y" type="float">-0.09999984</tip_y>
                            <tip_z sid="tip_z" type="float">5.31673e-5</tip_z>
                          </technique>
                        </extra>
                      </node>
                      <extra>
                        <technique profile="blender">
                          <layer sid="layer" type="string">0</layer>
                          <roll sid="roll" type="float">-1.290507</roll>
                          <tip_x sid="tip_x" type="float">-0.0960977</tip_x>
                          <tip_y sid="tip_y" type="float">0</tip_y>
                          <tip_z sid="tip_z" type="float">0.02766346</tip_z>
                        </technique>
                      </extra>
                    </node>
                    <extra>
                      <technique profile="blender">
                        <layer sid="layer" type="string">0</layer>
                        <roll sid="roll" type="float">-1.290508</roll>
                        <tip_x sid="tip_x" type="float">-0.09609746</tip_x>
                        <tip_y sid="tip_y" type="float">0</tip_y>
                        <tip_z sid="tip_z" type="float">0.02766323</tip_z>
                      </technique>
                    </extra>
                  </node>
                  <extra>
                    <technique profile="blender">
                      <layer sid="layer" type="string">0</layer>
                      <roll sid="roll" type="float">-1.290508</roll>
                      <tip_x sid="tip_x" type="float">-0.09609746</tip_x>
                      <tip_y sid="tip_y" type="float">0</tip_y>
                      <tip_z sid="tip_z" type="float">0.02766323</tip_z>
                    </technique>
                  </extra>
                </node>
                <node id="Dorkim_b_hurim_Skin_scapula01" name="scapula01" sid="scapula01" type="JOINT">
                  <matrix sid="transform">0.2517797 0.9677846 -7.70318e-8 -0.4432709 -0.9677846 0.2517797 5.21668e-8 0.2449713 6.98813e-8 6.14157e-8 1 -4.32791e-8 0 0 0 1</matrix>
                  <node id="Dorkim_b_hurim_Skin_ulna01" name="ulna01" sid="ulna01" type="JOINT">
                    <matrix sid="transform">0.9999999 5.96046e-8 2.767e-8 -0.1120026 -4.47035e-8 0.9999999 -1.1921e-7 -0.5993565 -2.767e-8 1.1921e-7 1 -6.76258e-9 0 0 0 1</matrix>
                    <node id="Dorkim_b_hurim_Skin_smoke_node_1" name="smoke node 1" sid="smoke_node_1" type="JOINT">
                      <matrix sid="transform">1 2.99653e-7 2.65241e-5 -0.1116507 2.62707e-5 -0.006703732 -0.9999775 -0.7135483 -1.21821e-7 0.9999775 -0.006703734 0.04844657 0 0 0 1</matrix>
                      <node id="Dorkim_b_hurim_Skin_ammo_node_0" name="ammo node 0" sid="ammo_node_0" type="JOINT">
                        <matrix sid="transform">1 7.54893e-5 1.19179e-6 0.002615213 -6.86035e-7 -0.006703642 0.9999776 1.569697 7.55042e-5 -0.9999776 -0.006703621 0.04454881 0 0 0 1</matrix>
                        <extra>
                          <technique profile="blender">
                            <layer sid="layer" type="string">0</layer>
                            <roll sid="roll" type="float">1.316328</roll>
                            <tip_x sid="tip_x" type="float">0.09732317</tip_x>
                            <tip_y sid="tip_y" type="float">1.19209e-7</tip_y>
                            <tip_z sid="tip_z" type="float">0.02531456</tip_z>
                          </technique>
                        </extra>
                      </node>
                      <extra>
                        <technique profile="blender">
                          <layer sid="layer" type="string">0</layer>
                          <roll sid="roll" type="float">1.3163</roll>
                          <tip_x sid="tip_x" type="float">-6.48737e-4</tip_x>
                          <tip_y sid="tip_y" type="float">-0.09999775</tip_y>
                          <tip_z sid="tip_z" type="float">-1.688e-4</tip_z>
                        </technique>
                      </extra>
                    </node>
                    <extra>
                      <technique profile="blender">
                        <layer sid="layer" type="string">0</layer>
                        <roll sid="roll" type="float">1.316277</roll>
                        <tip_x sid="tip_x" type="float">0.09677839</tip_x>
                        <tip_y sid="tip_y" type="float">0</tip_y>
                        <tip_z sid="tip_z" type="float">0.02517795</tip_z>
                      </technique>
                    </extra>
                  </node>
                  <extra>
                    <technique profile="blender">
                      <layer sid="layer" type="string">0</layer>
                      <roll sid="roll" type="float">1.316277</roll>
                      <tip_x sid="tip_x" type="float">0.09677839</tip_x>
                      <tip_y sid="tip_y" type="float">0</tip_y>
                      <tip_z sid="tip_z" type="float">0.02517795</tip_z>
                    </technique>
                  </extra>
                </node>
                <node id="Dorkim_b_hurim_Skin_neck" name="neck" sid="neck" type="JOINT">
                  <matrix sid="transform">1 -5.20627e-15 3.8059e-9 -0.01369714 2.26367e-16 1 -5.94782e-8 0.4694998 -3.8059e-9 5.94782e-8 1 -1.37009e-7 0 0 0 1</matrix>
                  <node id="Dorkim_b_hurim_Skin_skull" name="skull" sid="skull" type="JOINT">
                    <matrix sid="transform">1 -5.66044e-15 1.57418e-9 -0.007297663 0 1 4.66265e-10 0.4520023 -1.57418e-9 -4.66258e-10 1 7.1019e-8 0 0 0 1</matrix>
                    <node id="Dorkim_b_hurim_Skin_nogginbottom" name="nogginbottom" sid="nogginbottom" type="JOINT">
                      <matrix sid="transform">1 2.3283e-9 2.44542e-7 0.001799159 -1.25515e-8 0.9991255 0.04181381 0.08982563 -2.44231e-7 -0.04181381 0.9991254 0.2822085 0 0 0 1</matrix>
                      <extra>
                        <technique profile="blender">
                          <layer sid="layer" type="string">0</layer>
                          <roll sid="roll" type="float">3.1088e-7</roll>
                          <tip_x sid="tip_x" type="float">0</tip_x>
                          <tip_y sid="tip_y" type="float">0.004181385</tip_y>
                          <tip_z sid="tip_z" type="float">0.09991264</tip_z>
                        </technique>
                      </extra>
                    </node>
                    <node id="Dorkim_b_hurim_Skin_plumes" name="plumes" sid="plumes" type="JOINT">
                      <matrix sid="transform">1 2.32829e-9 4.80287e-7 -0.002369054 -1.24625e-8 0.9997773 0.02110134 0.1819341 -4.80131e-7 -0.02110134 0.9997773 0.1862074 0 0 0 1</matrix>
                      <extra>
                        <technique profile="blender">
                          <layer sid="layer" type="string">0</layer>
                          <roll sid="roll" type="float">5.46668e-7</roll>
                          <tip_x sid="tip_x" type="float">0</tip_x>
                          <tip_y sid="tip_y" type="float">0.002110123</tip_y>
                          <tip_z sid="tip_z" type="float">0.09997797</tip_z>
                        </technique>
                      </extra>
                    </node>
                    <node id="Dorkim_b_hurim_Skin_skulltop" name="skulltop" sid="skulltop" type="JOINT">
                      <matrix sid="transform">1 -5.84755e-15 4.68295e-9 -0.004168242 0 1 0 0.3702886 -4.68295e-9 0 1 2.20268e-13 0 0 0 1</matrix>
                      <extra>
                        <technique profile="blender">
                          <layer sid="layer" type="string">0</layer>
                          <roll sid="roll" type="float">0</roll>
                          <tip_x sid="tip_x" type="float">0</tip_x>
                          <tip_y sid="tip_y" type="float">0</tip_y>
                          <tip_z sid="tip_z" type="float">0.1000003</tip_z>
                        </technique>
                      </extra>
                    </node>
                    <extra>
                      <technique profile="blender">
                        <layer sid="layer" type="string">0</layer>
                        <roll sid="roll" type="float">0</roll>
                        <tip_x sid="tip_x" type="float">0</tip_x>
                        <tip_y sid="tip_y" type="float">0</tip_y>
                        <tip_z sid="tip_z" type="float">0.1000001</tip_z>
                      </technique>
                    </extra>
                  </node>
                  <node id="Dorkim_b_hurim_Skin_smoke_node_0" name="smoke node 0" sid="smoke_node_0" type="JOINT">
                    <matrix sid="transform">1 -2.02302e-4 -1.10464e-6 0.006514963 -1.1046e-6 1.07102e-7 -1 0.0921874 2.02302e-4 1 7.80598e-8 0.2430203 0 0 0 1</matrix>
                    <extra>
                      <technique profile="blender">
                        <layer sid="layer" type="string">0</layer>
                        <roll sid="roll" type="float">3.141592</roll>
                        <tip_x sid="tip_x" type="float">-2.02237e-5</tip_x>
                        <tip_y sid="tip_y" type="float">-0.1</tip_y>
                        <tip_z sid="tip_z" type="float">0</tip_z>
                      </technique>
                    </extra>
                  </node>
                  <extra>
                    <technique profile="blender">
                      <layer sid="layer" type="string">0</layer>
                      <roll sid="roll" type="float">0</roll>
                      <tip_x sid="tip_x" type="float">0</tip_x>
                      <tip_y sid="tip_y" type="float">0</tip_y>
                      <tip_z sid="tip_z" type="float">0.0999999</tip_z>
                    </technique>
                  </extra>
                </node>
                <node id="Dorkim_b_hurim_Skin_cloaktop" name="cloaktop" sid="cloaktop" type="JOINT">
                  <matrix sid="transform">1 -5.58793e-8 4.40811e-8 0.009935169 6.34364e-8 0.4189438 -0.9080122 0.3512921 3.22716e-8 0.9080122 0.4189437 -0.1981268 0 0 0 1</matrix>
                  <node id="Dorkim_b_hurim_Skin_cloak" name="cloak" sid="cloak" type="JOINT">
                    <matrix sid="transform">1 2.12594e-11 1.41679e-10 0.004538157 0 1 7.45058e-7 -0.8590813 -1.42819e-10 -7.45058e-7 1 -0.2356977 0 0 0 1</matrix>
                    <node id="Dorkim_b_hurim_Skin_cloakbottom" name="cloakbottom" sid="cloakbottom" type="JOINT">
                      <matrix sid="transform">1 1.84017e-8 -2.28241e-10 -0.02733968 -1.86264e-8 1 -8.64267e-7 -0.8312196 -1.42109e-14 7.45058e-7 0.9999999 -0.1177092 0 0 0 1</matrix>
                      <extra>
                        <technique profile="blender">
                          <layer sid="layer" type="string">0</layer>
                          <roll sid="roll" type="float">0</roll>
                          <tip_x sid="tip_x" type="float">0</tip_x>
                          <tip_y sid="tip_y" type="float">-0.09080135</tip_y>
                          <tip_z sid="tip_z" type="float">0.04189443</tip_z>
                        </technique>
                      </extra>
                    </node>
                    <extra>
                      <technique profile="blender">
                        <layer sid="layer" type="string">0</layer>
                        <roll sid="roll" type="float">0</roll>
                        <tip_x sid="tip_x" type="float">0</tip_x>
                        <tip_y sid="tip_y" type="float">-0.09080111</tip_y>
                        <tip_z sid="tip_z" type="float">0.04189443</tip_z>
                      </technique>
                    </extra>
                  </node>
                  <extra>
                    <technique profile="blender">
                      <layer sid="layer" type="string">0</layer>
                      <roll sid="roll" type="float">0</roll>
                      <tip_x sid="tip_x" type="float">0</tip_x>
                      <tip_y sid="tip_y" type="float">-0.09080129</tip_y>
                      <tip_z sid="tip_z" type="float">0.04189443</tip_z>
                    </technique>
                  </extra>
                </node>
                <extra>
                  <technique profile="blender">
                    <layer sid="layer" type="string">0</layer>
                    <roll sid="roll" type="float">0</roll>
                    <tip_x sid="tip_x" type="float">0</tip_x>
                    <tip_y sid="tip_y" type="float">0</tip_y>
                    <tip_z sid="tip_z" type="float">0.1000001</tip_z>
                  </technique>
                </extra>
              </node>
              <extra>
                <technique profile="blender">
                  <layer sid="layer" type="string">0</layer>
                  <roll sid="roll" type="float">0</roll>
                  <tip_x sid="tip_x" type="float">0</tip_x>
                  <tip_y sid="tip_y" type="float">0</tip_y>
                  <tip_z sid="tip_z" type="float">0.0999999</tip_z>
                </technique>
              </extra>
            </node>
            <extra>
              <technique profile="blender">
                <layer sid="layer" type="string">0</layer>
                <roll sid="roll" type="float">0</roll>
                <tip_x sid="tip_x" type="float">0</tip_x>
                <tip_y sid="tip_y" type="float">0</tip_y>
                <tip_z sid="tip_z" type="float">0.0999999</tip_z>
              </technique>
            </extra>
          </node>
          <extra>
            <technique profile="blender">
              <layer sid="layer" type="string">0</layer>
              <roll sid="roll" type="float">0</roll>
              <tip_x sid="tip_x" type="float">0</tip_x>
              <tip_y sid="tip_y" type="float">0</tip_y>
              <tip_z sid="tip_z" type="float">0.0999999</tip_z>
            </technique>
          </extra>
        </node>
      </node>
      <node id="battersea" name="battersea" type="NODE">
        <translate sid="location">0 0 0</translate>
        <rotate sid="rotationZ">0 0 1 0</rotate>
        <rotate sid="rotationY">0 1 0 0</rotate>
        <rotate sid="rotationX">1 0 0 0</rotate>
        <scale sid="scale">1 1 1</scale>
        <instance_controller url="#Dorkim_b_hurim_Skin_battersea-skin">
          <skeleton>#Dorkim_b_hurim_Skin_root</skeleton>
          <bind_material>
            <technique_common>
              <instance_material symbol="thorakitai1_Mat-material" target="#thorakitai1_Mat-material"/>
            </technique_common>
          </bind_material>
        </instance_controller>
      </node>
    </visual_scene>
  </library_visual_scenes>
  <scene>
    <instance_visual_scene url="#Scene"/>
  </scene>
</COLLADA>