<?xml version="1.0" encoding="utf-8"?>
<COLLADA xmlns="http://www.collada.org/2005/11/COLLADASchema" version="1.4.1" xmlns:xsi="http://www.w3.org/2001/XMLSchema-instance">
  <asset>
    <contributor>
      <author>Blender User</author>
      <authoring_tool>Blender 2.79.0 commit date:2017-09-11, commit time:10:43, hash:5bd8ac9</authoring_tool>
    </contributor>
    <created>2019-02-03T10:56:28</created>
    <modified>2019-02-03T10:56:28</modified>
    <unit name="meter" meter="1"/>
    <up_axis>Z_UP</up_axis>
  </asset>
  <library_lights>
    <light id="Lamp-light" name="Lamp">
      <technique_common>
        <point>
          <color sid="color">1 1 1</color>
          <constant_attenuation>1</constant_attenuation>
          <linear_attenuation>0</linear_attenuation>
          <quadratic_attenuation>0.00111109</quadratic_attenuation>
        </point>
      </technique_common>
      <extra>
        <technique profile="blender">
          <type sid="type" type="int">0</type>
          <flag sid="flag" type="int">0</flag>
          <mode sid="mode" type="int">8192</mode>
          <gamma sid="blender_gamma" type="float">1</gamma>
          <red sid="red" type="float">1</red>
          <green sid="green" type="float">1</green>
          <blue sid="blue" type="float">1</blue>
          <shadow_r sid="blender_shadow_r" type="float">0</shadow_r>
          <shadow_g sid="blender_shadow_g" type="float">0</shadow_g>
          <shadow_b sid="blender_shadow_b" type="float">0</shadow_b>
          <energy sid="blender_energy" type="float">1</energy>
          <dist sid="blender_dist" type="float">29.99998</dist>
          <spotsize sid="spotsize" type="float">75</spotsize>
          <spotblend sid="spotblend" type="float">0.15</spotblend>
          <halo_intensity sid="blnder_halo_intensity" type="float">1</halo_intensity>
          <att1 sid="att1" type="float">0</att1>
          <att2 sid="att2" type="float">1</att2>
          <falloff_type sid="falloff_type" type="int">2</falloff_type>
          <clipsta sid="clipsta" type="float">1.000799</clipsta>
          <clipend sid="clipend" type="float">30.002</clipend>
          <bias sid="bias" type="float">1</bias>
          <soft sid="soft" type="float">3</soft>
          <compressthresh sid="compressthresh" type="float">0.04999995</compressthresh>
          <bufsize sid="bufsize" type="int">2880</bufsize>
          <samp sid="samp" type="int">3</samp>
          <buffers sid="buffers" type="int">1</buffers>
          <filtertype sid="filtertype" type="int">0</filtertype>
          <bufflag sid="bufflag" type="int">0</bufflag>
          <buftype sid="buftype" type="int">2</buftype>
          <ray_samp sid="ray_samp" type="int">1</ray_samp>
          <ray_sampy sid="ray_sampy" type="int">1</ray_sampy>
          <ray_sampz sid="ray_sampz" type="int">1</ray_sampz>
          <ray_samp_type sid="ray_samp_type" type="int">0</ray_samp_type>
          <area_shape sid="area_shape" type="int">1</area_shape>
          <area_size sid="area_size" type="float">0.1</area_size>
          <area_sizey sid="area_sizey" type="float">0.1</area_sizey>
          <area_sizez sid="area_sizez" type="float">1</area_sizez>
          <adapt_thresh sid="adapt_thresh" type="float">0.000999987</adapt_thresh>
          <ray_samp_method sid="ray_samp_method" type="int">1</ray_samp_method>
          <shadhalostep sid="shadhalostep" type="int">0</shadhalostep>
          <sun_effect_type sid="sun_effect_type" type="int">0</sun_effect_type>
          <skyblendtype sid="skyblendtype" type="int">1</skyblendtype>
          <horizon_brightness sid="horizon_brightness" type="float">1</horizon_brightness>
          <spread sid="spread" type="float">1</spread>
          <sun_brightness sid="sun_brightness" type="float">1</sun_brightness>
          <sun_size sid="sun_size" type="float">1</sun_size>
          <backscattered_light sid="backscattered_light" type="float">1</backscattered_light>
          <sun_intensity sid="sun_intensity" type="float">1</sun_intensity>
          <atm_turbidity sid="atm_turbidity" type="float">2</atm_turbidity>
          <atm_extinction_factor sid="atm_extinction_factor" type="float">1</atm_extinction_factor>
          <atm_distance_factor sid="atm_distance_factor" type="float">1</atm_distance_factor>
          <skyblendfac sid="skyblendfac" type="float">1</skyblendfac>
          <sky_exposure sid="sky_exposure" type="float">1</sky_exposure>
          <sky_colorspace sid="sky_colorspace" type="int">0</sky_colorspace>
        </technique>
      </extra>
    </light>
    <light id="LAMP_FRONT_PEACH-light" name="Lamp.002">
      <technique_common>
        <ambient>
          <color>1 1 1</color>
        </ambient>
      </technique_common>
      <extra>
        <technique profile="blender">
          <type sid="type" type="int">3</type>
          <flag sid="flag" type="int">0</flag>
          <mode sid="mode" type="int">8192</mode>
          <gamma sid="blender_gamma" type="float">1</gamma>
          <red sid="red" type="float">1</red>
          <green sid="green" type="float">1</green>
          <blue sid="blue" type="float">1</blue>
          <shadow_r sid="blender_shadow_r" type="float">0</shadow_r>
          <shadow_g sid="blender_shadow_g" type="float">0</shadow_g>
          <shadow_b sid="blender_shadow_b" type="float">0</shadow_b>
          <energy sid="blender_energy" type="float">1</energy>
          <dist sid="blender_dist" type="float">29.99998</dist>
          <spotsize sid="spotsize" type="float">75</spotsize>
          <spotblend sid="spotblend" type="float">0.15</spotblend>
          <halo_intensity sid="blnder_halo_intensity" type="float">1</halo_intensity>
          <att1 sid="att1" type="float">0</att1>
          <att2 sid="att2" type="float">1</att2>
          <falloff_type sid="falloff_type" type="int">2</falloff_type>
          <clipsta sid="clipsta" type="float">1.000799</clipsta>
          <clipend sid="clipend" type="float">30.002</clipend>
          <bias sid="bias" type="float">1</bias>
          <soft sid="soft" type="float">3</soft>
          <compressthresh sid="compressthresh" type="float">0.04999995</compressthresh>
          <bufsize sid="bufsize" type="int">2880</bufsize>
          <samp sid="samp" type="int">3</samp>
          <buffers sid="buffers" type="int">1</buffers>
          <filtertype sid="filtertype" type="int">0</filtertype>
          <bufflag sid="bufflag" type="int">0</bufflag>
          <buftype sid="buftype" type="int">2</buftype>
          <ray_samp sid="ray_samp" type="int">1</ray_samp>
          <ray_sampy sid="ray_sampy" type="int">1</ray_sampy>
          <ray_sampz sid="ray_sampz" type="int">1</ray_sampz>
          <ray_samp_type sid="ray_samp_type" type="int">0</ray_samp_type>
          <area_shape sid="area_shape" type="int">0</area_shape>
          <area_size sid="area_size" type="float">10000</area_size>
          <area_sizey sid="area_sizey" type="float">100</area_sizey>
          <area_sizez sid="area_sizez" type="float">1</area_sizez>
          <adapt_thresh sid="adapt_thresh" type="float">0.000999987</adapt_thresh>
          <ray_samp_method sid="ray_samp_method" type="int">1</ray_samp_method>
          <shadhalostep sid="shadhalostep" type="int">0</shadhalostep>
          <sun_effect_type sid="sun_effect_type" type="int">0</sun_effect_type>
          <skyblendtype sid="skyblendtype" type="int">1</skyblendtype>
          <horizon_brightness sid="horizon_brightness" type="float">1</horizon_brightness>
          <spread sid="spread" type="float">1</spread>
          <sun_brightness sid="sun_brightness" type="float">1</sun_brightness>
          <sun_size sid="sun_size" type="float">1</sun_size>
          <backscattered_light sid="backscattered_light" type="float">1</backscattered_light>
          <sun_intensity sid="sun_intensity" type="float">1</sun_intensity>
          <atm_turbidity sid="atm_turbidity" type="float">2</atm_turbidity>
          <atm_extinction_factor sid="atm_extinction_factor" type="float">1</atm_extinction_factor>
          <atm_distance_factor sid="atm_distance_factor" type="float">1</atm_distance_factor>
          <skyblendfac sid="skyblendfac" type="float">1</skyblendfac>
          <sky_exposure sid="sky_exposure" type="float">1</sky_exposure>
          <sky_colorspace sid="sky_colorspace" type="int">0</sky_colorspace>
        </technique>
      </extra>
    </light>
    <light id="Lamp_WEST-light" name="Lamp.003">
      <technique_common>
        <directional>
          <color sid="color">1 1 1</color>
        </directional>
      </technique_common>
      <extra>
        <technique profile="blender">
          <type sid="type" type="int">1</type>
          <flag sid="flag" type="int">0</flag>
          <mode sid="mode" type="int">8192</mode>
          <gamma sid="blender_gamma" type="float">1</gamma>
          <red sid="red" type="float">1</red>
          <green sid="green" type="float">1</green>
          <blue sid="blue" type="float">1</blue>
          <shadow_r sid="blender_shadow_r" type="float">0</shadow_r>
          <shadow_g sid="blender_shadow_g" type="float">0</shadow_g>
          <shadow_b sid="blender_shadow_b" type="float">0</shadow_b>
          <energy sid="blender_energy" type="float">1</energy>
          <dist sid="blender_dist" type="float">29.99998</dist>
          <spotsize sid="spotsize" type="float">75</spotsize>
          <spotblend sid="spotblend" type="float">0.15</spotblend>
          <halo_intensity sid="blnder_halo_intensity" type="float">1</halo_intensity>
          <att1 sid="att1" type="float">0</att1>
          <att2 sid="att2" type="float">1</att2>
          <falloff_type sid="falloff_type" type="int">2</falloff_type>
          <clipsta sid="clipsta" type="float">1.000799</clipsta>
          <clipend sid="clipend" type="float">30.002</clipend>
          <bias sid="bias" type="float">1</bias>
          <soft sid="soft" type="float">3</soft>
          <compressthresh sid="compressthresh" type="float">0.04999995</compressthresh>
          <bufsize sid="bufsize" type="int">2880</bufsize>
          <samp sid="samp" type="int">3</samp>
          <buffers sid="buffers" type="int">1</buffers>
          <filtertype sid="filtertype" type="int">0</filtertype>
          <bufflag sid="bufflag" type="int">0</bufflag>
          <buftype sid="buftype" type="int">2</buftype>
          <ray_samp sid="ray_samp" type="int">1</ray_samp>
          <ray_sampy sid="ray_sampy" type="int">1</ray_sampy>
          <ray_sampz sid="ray_sampz" type="int">1</ray_sampz>
          <ray_samp_type sid="ray_samp_type" type="int">0</ray_samp_type>
          <area_shape sid="area_shape" type="int">1</area_shape>
          <area_size sid="area_size" type="float">0.1</area_size>
          <area_sizey sid="area_sizey" type="float">0.1</area_sizey>
          <area_sizez sid="area_sizez" type="float">1</area_sizez>
          <adapt_thresh sid="adapt_thresh" type="float">0.000999987</adapt_thresh>
          <ray_samp_method sid="ray_samp_method" type="int">1</ray_samp_method>
          <shadhalostep sid="shadhalostep" type="int">0</shadhalostep>
          <sun_effect_type sid="sun_effect_type" type="int">0</sun_effect_type>
          <skyblendtype sid="skyblendtype" type="int">1</skyblendtype>
          <horizon_brightness sid="horizon_brightness" type="float">1</horizon_brightness>
          <spread sid="spread" type="float">1</spread>
          <sun_brightness sid="sun_brightness" type="float">1</sun_brightness>
          <sun_size sid="sun_size" type="float">1</sun_size>
          <backscattered_light sid="backscattered_light" type="float">1</backscattered_light>
          <sun_intensity sid="sun_intensity" type="float">1</sun_intensity>
          <atm_turbidity sid="atm_turbidity" type="float">2</atm_turbidity>
          <atm_extinction_factor sid="atm_extinction_factor" type="float">1</atm_extinction_factor>
          <atm_distance_factor sid="atm_distance_factor" type="float">1</atm_distance_factor>
          <skyblendfac sid="skyblendfac" type="float">1</skyblendfac>
          <sky_exposure sid="sky_exposure" type="float">1</sky_exposure>
          <sky_colorspace sid="sky_colorspace" type="int">0</sky_colorspace>
        </technique>
      </extra>
    </light>
  </library_lights>
  <library_images/>
  <library_effects>
    <effect id="Lukhata_001-effect">
      <profile_COMMON>
        <technique sid="common">
          <phong>
            <emission>
              <color sid="emission">0 0 0 1</color>
            </emission>
            <ambient>
              <color sid="ambient">0 0 0 1</color>
            </ambient>
            <diffuse>
              <color sid="diffuse">0.64 0.64 0.64 1</color>
            </diffuse>
            <specular>
              <color sid="specular">0.5 0.5 0.5 1</color>
            </specular>
            <shininess>
              <float sid="shininess">50</float>
            </shininess>
            <index_of_refraction>
              <float sid="index_of_refraction">1</float>
            </index_of_refraction>
          </phong>
        </technique>
      </profile_COMMON>
    </effect>
    <effect id="lukhata-effect">
      <profile_COMMON>
        <technique sid="common">
          <phong>
            <emission>
              <color sid="emission">0 0 0 1</color>
            </emission>
            <ambient>
              <color sid="ambient">0 0 0 1</color>
            </ambient>
            <diffuse>
              <color sid="diffuse">0.64 0.64 0.64 1</color>
            </diffuse>
            <specular>
              <color sid="specular">0.5 0.5 0.5 1</color>
            </specular>
            <shininess>
              <float sid="shininess">50</float>
            </shininess>
            <index_of_refraction>
              <float sid="index_of_refraction">1</float>
            </index_of_refraction>
          </phong>
        </technique>
      </profile_COMMON>
    </effect>
    <effect id="Material__2_001-effect">
      <profile_COMMON>
        <technique sid="common">
          <phong>
            <emission>
              <color sid="emission">0 0 0 1</color>
            </emission>
            <ambient>
              <color sid="ambient">0 0 0 1</color>
            </ambient>
            <diffuse>
              <color sid="diffuse">0.8 0 0 1</color>
            </diffuse>
            <specular>
              <color sid="specular">0.4490196 0.4490196 0.4490196 1</color>
            </specular>
            <shininess>
              <float sid="shininess">50</float>
            </shininess>
            <index_of_refraction>
              <float sid="index_of_refraction">1</float>
            </index_of_refraction>
          </phong>
        </technique>
      </profile_COMMON>
    </effect>
  </library_effects>
  <library_materials>
    <material id="Lukhata_001-material" name="Lukhata_001">
      <instance_effect url="#Lukhata_001-effect"/>
    </material>
    <material id="lukhata-material" name="lukhata">
      <instance_effect url="#lukhata-effect"/>
    </material>
    <material id="Material__2_001-material" name="Material__2_001">
      <instance_effect url="#Material__2_001-effect"/>
    </material>
  </library_materials>
  <library_geometries>
    <geometry id="flap01-mesh" name="flap01">
      <mesh>
        <source id="flap01-mesh-positions">
          <float_array id="flap01-mesh-positions-array" count="1107">-0.5553417 0.2864304 1.710313 -0.5553417 0.2864304 1.710313 -0.008786678 -0.3740702 1.478681 0.6530645 -0.124033 1.319851 0.6530645 -0.124033 1.319851 -0.3251972 -0.3921341 1.31847 -0.01483929 -0.3915725 1.318549 -0.0155158 -0.342931 1.318411 0.001017093 0.1281813 3.36429 0.001017093 0.1281813 3.36429 0.001017093 0.1281813 3.36429 -0.9774416 0.1715238 3.104174 -1.077451 -0.08855301 3.119884 -1.077451 -0.08855301 3.119884 0.923373 0.1722081 3.121565 0.9942675 0.02869617 3.005718 1.146843 0.2191771 3.094581 1.047477 -0.08854705 3.121792 -0.02243888 -0.3679624 2.886957 -0.02243888 -0.3679624 2.886957 -0.4696738 0.118334 3.216025 -0.4696738 0.118334 3.216025 -0.4696738 0.118334 3.216025 0.206888 0.1431903 3.238316 0.206888 0.1431903 3.238316 0.4432089 0.1226122 3.213982 0.4432089 0.1226122 3.213982 -0.1541717 0.3936967 1.661341 -0.2673976 0.374593 1.290491 -0.4284361 -0.3160718 2.263731 -0.4284361 -0.3160718 2.263731 -0.4284361 -0.3160718 2.263731 -0.4284361 -0.3160718 2.263731 0.422816 -0.3160669 2.262871 0.422816 -0.3160669 2.262871 0.422816 -0.3160669 2.262871 0.422816 -0.3160669 2.262871 -0.4328519 0.3267754 2.272637 -0.4328519 0.3267754 2.272637 -0.4328519 0.3267754 2.272637 -0.4328519 0.3267754 2.272637 0.5535953 0.2864364 1.710387 0.5535953 0.2864364 1.710387 0.2180587 -0.3729043 1.710356 0.336865 -0.3915719 1.31856 -0.2206481 -0.3729052 1.710335 -0.637064 0.2673246 1.321038 -0.637064 0.2673246 1.321038 0.2842943 0.3745991 1.290564 0.1820019 0.3937028 1.663091 9.19628e-4 -0.1549522 3.341528 9.19628e-4 -0.1549522 3.341528 -1.107053 0.01759481 3.262195 -1.107053 0.01759481 3.262195 -1.166525 0.2191874 3.104481 -0.4065693 -0.1895675 2.888344 -0.4065693 -0.1895675 2.888344 -0.4065693 -0.1895675 2.888344 -0.4065693 -0.1895675 2.888344 -0.4696738 0.02788621 3.216025 -0.4696738 0.02788621 3.216025 -0.4696738 0.02788621 3.216025 -0.4696738 0.02788621 3.216025 -0.4696738 0.02788621 3.216025 0.3653438 0.2998412 2.904747 0.3653438 0.2998412 2.904747 0.3653438 0.2998412 2.904747 -0.5643816 -0.04727488 3.264911 -1.044747 0.02859693 2.992386 -1.107053 0.01758474 3.262195 -1.107053 0.01758474 3.262195 -0.5700095 0.1226564 3.289739 -0.3949368 0.3025181 2.897066 -0.3949368 0.3025181 2.897066 -0.3949368 0.3025181 2.897066 1.075096 0.01761823 3.265013 0.5314372 -0.04742085 3.277246 0.3779655 -0.1960436 2.885513 0.3779655 -0.1960436 2.885513 0.3779655 -0.1960436 2.885513 0.3779655 -0.1960436 2.885513 0.5378056 0.1230348 3.301973 0.4272249 0.3267809 2.271776 0.4272249 0.3267809 2.271776 0.4272249 0.3267809 2.271776 0.4272249 0.3267809 2.271776 -0.2170963 0.1422636 3.240601 -0.2170963 0.1422636 3.240601 -0.2170963 0.1422636 3.240601 -0.2170963 0.1422636 3.240601 0.4432089 0.02788633 3.213982 0.4432089 0.02788633 3.213982 0.4432089 0.02788633 3.213982 0.4432089 0.02788633 3.213982 0.4432089 0.02788633 3.213982 0.5535946 -0.1051474 1.710387 0.5535946 -0.1051474 1.710387 -0.6377651 -0.1240382 1.319777 -0.6377651 -0.1240382 1.319777 -0.555341 -0.1051523 1.710314 -0.555341 -0.1051523 1.710314 0.6537653 0.267333 1.321111 0.6537653 0.267333 1.321111 -1.848949 -0.1246977 3.048718 1.665583 0.09794998 3.005948 1.681282 -0.1209571 3.041825 1.831163 0.05287313 3.048046 1.826544 -0.1231874 3.074924 1.821375 -0.1246849 3.020077 -1.733226 0.01647281 3.158027 -1.708859 -0.1209689 3.066155 -1.858487 0.05288517 3.076831 -1.853068 -0.1231992 3.10356 -1.694232 0.09796035 3.029824 -1.843255 0.03428369 3.016958 1.70837 0.01647067 3.132917 1.814155 0.03427326 2.988651 -1.619307 -0.128812 3.049163 -1.619307 -0.128812 3.049163 -1.64504 0.008629798 3.147074 -1.64504 0.008629798 3.147074 1.62009 0.008627593 3.12534 1.62009 0.008627593 3.12534 1.591201 -0.1288002 3.027254 1.591201 -0.1288002 3.027254 -1.607532 0.09011727 3.025446 -1.607532 0.09011727 3.025446 1.578662 0.0901069 3.003646 1.578662 0.0901069 3.003646 -1.007249 0.1292759 3.158956 -1.007249 0.1292759 3.158956 -1.007249 0.1292759 3.158956 0.9771783 0.1292759 3.182016 -0.2849531 0.07040709 3.836685 -0.2849531 0.07040709 3.836685 -0.2849531 0.07040709 3.836685 -0.224029 0.1090698 3.436121 -0.224029 0.1090698 3.436121 -0.224029 0.1090698 3.436121 0.2735815 0.07040709 3.8367 0.2735815 0.07040709 3.8367 0.2735815 0.07040709 3.8367 0.2126964 0.1090698 3.436121 0.2126964 0.1090698 3.436121 -0.2089411 -0.2027977 3.813919 -0.2089411 -0.2027977 3.813919 -0.2089411 -0.2027977 3.813919 -0.2089411 -0.2027977 3.813919 -0.1183006 -0.2866898 3.368422 -0.1183006 -0.2866898 3.368422 0.1975699 -0.2027977 3.813929 0.1975699 -0.2027977 3.813929 0.1975699 -0.2027977 3.813929 0.1975699 -0.2027977 3.813929 0.1975699 -0.2027977 3.813929 0.1069362 -0.2866898 3.368428 0.1069362 -0.2866898 3.368428 -8.33508e-4 0.2817124 3.849066 -8.33508e-4 0.2817124 3.849066 -8.33508e-4 0.2817124 3.849066 -8.33508e-4 0.2817124 3.849066 -0.3439253 0.3291573 3.231304 -0.3439253 0.3291573 3.231304 -0.3439253 0.3291573 3.231304 -0.1532543 -0.1394973 3.948172 -0.1532543 -0.1394973 3.948172 -0.1532543 -0.1394973 3.948172 -0.1532543 -0.1394973 3.948172 -0.2084425 0.05886226 3.964702 -0.2084425 0.05886226 3.964702 0.1970788 0.05886226 3.964714 0.1970788 0.05886226 3.964714 0.1970788 0.05886226 3.964714 0.1418911 -0.1394973 3.94818 0.1418911 -0.1394973 3.94818 0.1418911 -0.1394973 3.94818 0.1418911 -0.1394973 3.94818 -8.3017e-4 0.2122787 3.97369 -8.3017e-4 0.2122787 3.97369 -8.3017e-4 0.2122787 3.97369 -8.3017e-4 0.2122787 3.97369 -0.005678057 0.007487475 4.021192 -0.005678057 0.007487475 4.021192 -0.005678057 0.007487475 4.021192 -0.005678057 0.007487475 4.021192 -0.1401367 0.2012886 3.78087 -0.1401367 0.2012886 3.78087 -0.03418278 0.2961006 3.812973 -0.03418278 0.2961006 3.812973 -0.03418278 0.2961006 3.812973 0.1580765 0.201287 3.78088 0.1580765 0.201287 3.78088 0.3326051 0.3291481 3.231302 0.3326051 0.3291481 3.231302 0.3326051 0.3291481 3.231302 0.03329962 0.2952385 3.813818 0.214084 0.1116165 3.435958 0.214084 0.1116165 3.435958 0.2203626 0.279213 3.436771 0.2203626 0.279213 3.436771 0.2203626 0.279213 3.436771 0.2203626 0.279213 3.436771 0.1056203 0.3172112 3.436534 0.1056203 0.3172112 3.436534 0.1056203 0.3172112 3.436534 0.1056203 0.3172112 3.436534 -0.1951332 0.2806923 3.436335 -0.1951332 0.2806923 3.436335 -0.1951332 0.2806923 3.436335 -0.1951332 0.2806923 3.436335 -0.1105417 0.3177414 3.435893 -0.1105417 0.3177414 3.435893 -0.1105417 0.3177414 3.435893 1.200786 0.4804328 3.296465 1.427817 0.5332405 3.251894 1.427817 0.5332405 3.251894 1.01872 0.3324692 3.332208 0.9176817 0.1186556 3.352044 0.9176817 -0.1186596 3.352044 1.01872 -0.3324733 3.332208 1.200785 -0.4804369 3.296465 1.427817 -0.5332446 3.251894 1.427817 -0.5332446 3.251894 1.654849 -0.4804369 3.207323 1.836914 -0.3324733 3.17158 1.937952 -0.1186597 3.151744 1.937952 0.1186555 3.151744 1.836914 0.3324693 3.17158 1.654849 0.4804328 3.207323 1.845309 0.3324693 3.214341 1.946347 0.1186555 3.194505 1.663244 0.4804328 3.250084 1.663243 -0.4804369 3.250084 1.946347 -0.1186597 3.194505 1.845309 -0.3324733 3.214341 1.436212 -0.5332446 3.294655 1.436212 -0.5332446 3.294655 1.20918 -0.4804369 3.339226 1.027115 -0.3324733 3.374969 0.9260764 -0.1186596 3.394805 0.9260764 0.1186556 3.394805 1.436212 0.5332405 3.294655 1.436212 0.5332405 3.294655 1.027115 0.3324692 3.374969 1.209181 0.4804328 3.339226 1.45545 -2.06255e-6 3.392646 1.45545 -2.06255e-6 3.392646 1.435941 -5.3334e-6 3.293296 -1.662618 -2.666103 3.058478 -1.662618 -2.666103 3.058478 -1.788774 -2.665562 3.029849 -1.788774 -2.665562 3.029849 -1.788774 -2.665562 3.029849 -1.743828 -2.666648 3.102576 -1.743828 -2.666648 3.102576 -1.743828 -2.666648 3.102576 -1.743828 -2.666648 3.102576 -1.656681 -2.267079 3.04727 -1.656681 -2.267079 3.04727 -1.782827 -2.266539 3.018594 -1.782827 -2.266539 3.018594 -1.744044 -2.267627 3.118584 -1.744044 -2.267627 3.118584 -1.674607 -2.140332 3.055201 -1.674607 -2.140332 3.055201 -1.674607 -2.140332 3.055201 -1.762902 -2.139791 3.035087 -1.762902 -2.139791 3.035087 -1.762902 -2.139791 3.035087 -1.741194 -2.140877 3.129148 -1.741194 -2.140877 3.129148 -1.741194 -2.140877 3.129148 -1.673024 1.875886 3.058674 -1.761317 1.876427 3.03856 -1.739611 1.875341 3.132621 -1.73948 -2.981084 3.08424 -1.73948 -2.981084 3.08424 -1.73948 -2.981084 3.08424 -1.736253 -2.981088 3.074572 -1.736253 -2.981088 3.074572 -1.736253 -2.981088 3.074572 -1.736891 -2.981093 3.074917 -1.736891 -2.981093 3.074917 -0.1874737 -0.3874691 0.06123656 -0.1874737 -0.3874691 0.06123656 -0.1800042 -0.3874691 -0.00692594 -0.1800042 -0.3874691 -0.00692594 0.1830325 -0.3874691 -0.00281161 0.1830325 -0.3874691 -0.00281161 0.192069 -0.3874691 0.06821018 0.192069 -0.3874691 0.06821018 0.3400044 -0.352003 0.06821036 0.3400044 -0.352003 0.06821036 0.3914904 -0.3262225 -0.002791941 0.3914904 -0.3262225 -0.002791941 -0.3915317 -0.3262225 -0.006907999 -0.3915317 -0.3262225 -0.006907999 -0.3414228 -0.352003 0.06123638 -0.3414228 -0.352003 0.06123638 0.4072237 0.03588783 1.26237 0.374378 0.2428811 0.006848454 0.374378 0.2428811 0.006848454 0.374378 0.2428811 0.006848454 0.08570969 0.03556907 1.24255 0.1368584 0.2412615 0.006854176 0.1368584 0.2412615 0.006854176 0.1368584 0.2412615 0.006854176 0.0069651 0.2139245 1.99465 -0.3871088 0.03740781 1.25817 -0.07914251 0.03707313 1.238377 -0.1339393 0.25226 0.002764523 -0.1339393 0.25226 0.002764523 -0.1339393 0.25226 0.002764523 -0.01501017 0.2232764 1.995144 0.2525086 -0.01224303 0.1856067 0.2525086 -0.01224303 0.1856067 0.2525086 -0.01224303 0.1856067 -0.2307813 -0.1816589 1.987924 0.2319262 -0.1187103 1.086758 0.2319262 -0.1187103 1.086758 0.236785 -0.1800942 1.407347 0.2327533 -0.1703389 1.988034 -0.2284536 -0.1268163 1.086758 -0.2284536 -0.1268163 1.086758 -0.2121686 -0.1920213 1.404123 -0.3744873 0.2539933 0.002758383 -0.3744873 0.2539933 0.002758383 -0.3744873 0.2539933 0.002758383 -0.2510623 -0.01371759 0.1815162 -0.2510623 -0.01371759 0.1815162 -0.2510623 -0.01371759 0.1815162 -0.4440861 0.2236248 2.009577 0.4422898 0.2142671 2.00969 0.4387058 0.07396972 1.09605 0.4387058 0.07396972 1.09605 -0.07981628 0.07189881 1.09605 -0.07981628 0.07189881 1.09605 0.08417916 0.06960707 1.096058 0.08417916 0.06960707 1.096058 -0.4195121 0.07886826 1.09605 -0.4195121 0.07886826 1.09605 -0.3543571 0.1609956 1.113446 -0.3543571 0.1609956 1.113446 -0.09839487 0.1605626 1.113555 -0.09839487 0.1605626 1.113555 0.103447 0.150978 1.115963 0.103447 0.150978 1.115963 0.3522942 0.1513472 1.115892 0.3522942 0.1513472 1.115892 0.1477568 -0.2930747 0.005373716 0.1477568 -0.2930747 0.005373716 0.1550478 -0.2930747 0.07639557 0.1550478 -0.2930747 0.07639557 -0.3417106 -0.2576086 0.06942176 -0.3417106 -0.2576086 0.06942176 -0.3918195 -0.231828 0.001277327 -0.3918195 -0.231828 0.001277327 -0.1511796 -0.2930747 0.06942194 -0.1511796 -0.2930747 0.06942194 -0.1451529 -0.2930747 0.001259386 -0.1451529 -0.2930747 0.001259386 0.3397166 -0.2576086 0.07639575 0.3397166 -0.2576086 0.07639575 0.3912026 -0.231828 0.005393385 0.3912026 -0.231828 0.005393385 -0.3229748 0.1780498 1.320328 -0.1292576 0.1778392 1.307877 0.1448736 0.1763393 1.312476 0.3770452 0.1765695 1.326789</float_array>
          <technique_common>
            <accessor source="#flap01-mesh-positions-array" count="369" stride="3">
              <param name="X" type="float"/>
              <param name="Y" type="float"/>
              <param name="Z" type="float"/>
            </accessor>
          </technique_common>
        </source>
        <source id="flap01-mesh-normals">
          <float_array id="flap01-mesh-normals-array" count="1035">-5.88415e-4 0.9939844 0.1095206 1.02542e-4 0.9940559 0.1088707 0.6167797 -0.7728922 -0.1490656 1.09131e-4 -0.9947547 0.1022903 -0.6173749 -0.7717355 -0.1525542 -0.0453791 -0.997745 0.04945445 0.175813 -0.9703828 0.1656717 0.9731093 -1.3405e-6 0.2303441 0.9753918 -0.009740889 0.2202634 -0.9768975 -0.009667932 0.2134894 -0.9747018 -1.43049e-6 0.2235095 -0.2597353 0.9655964 -0.01270097 0.2780917 0.960533 -0.006429791 0.6327461 -0.7487838 0.1973708 0.6083347 -0.7623516 0.2207918 -0.6365429 -0.743139 0.2062949 -0.6159037 -0.7698705 0.1672188 0 -0.9988669 0.04759246 -0.1093949 -0.9876587 0.1120851 0.1538762 -0.9687227 -0.1946751 0.03722578 -0.998543 0.03906691 -4.14101e-6 0.9986759 -0.05144357 2.48071e-4 0.9986912 -0.05114585 0.9684175 -0.002536535 0.2493213 0.9690612 -1.88849e-6 0.2468208 -0.9784558 0.001087963 0.2064541 -0.9786663 -1.59351e-6 0.2054561 -0.2778113 0.9605708 0.01117694 -0.2550081 0.9665315 0.02806872 0.2766742 0.9605925 0.02671152 0.2745081 0.9612985 0.02346241 -0.1286088 0.8715477 0.4731433 -0.424842 -0.7898413 0.442335 -0.2846486 -0.07672321 0.9555569 0.1417558 0.5675756 -0.811026 0.7106903 0 0.703505 0.09213179 0.6302754 0.7708858 0.9790441 0 0.2036488 0.5214604 -0.1064234 0.8466128 0.6828346 -0.5412595 0.4906884 0.5920723 0 0.8058849 0.4181615 0.7407678 0.5257415 -0.9993073 -0.007369458 0.03647679 -0.9978557 0.0224989 0.06146341 0.9972753 -0.007855772 0.0733506 0.9949358 0.02151578 0.09818363 3.13211e-4 0.9050985 0.4252018 -0.001085579 0.9060298 0.4232125 0.003127932 0.9992488 0.03862792 3.6156e-5 0.9990954 0.04252564 -0.3833444 -0.8286116 0.4079828 0.3870679 -0.8998023 0.2013312 -0.4125692 -0.8898814 0.194673 -0.09941571 -0.8074352 0.5815197 -0.02211016 -0.9382444 0.3452661 -0.3335313 -0.6500154 -0.6828154 -0.1538248 0.0211445 -0.987872 -0.3773401 0.6742274 -0.6348479 -0.02231222 -0.1452571 0.9891424 0.1828762 0.6847512 0.7054588 -0.2128487 0.5479075 -0.8090073 0.06412446 0.6309452 0.7731729 -0.6292234 -0.08850246 0.7721692 -0.7432411 -0.4748104 0.4713255 -0.681081 0 0.7322081 -0.4896777 0.6975634 0.523088 0.1097335 -0.8085084 0.5781634 0.02903467 -0.9382959 0.3446127 0.3530787 -0.5724237 -0.740045 0.1762636 0.04262989 -0.9834195 0.3942474 0.6872611 -0.6101158 0.03958022 -0.1448936 0.9886553 0.448536 -0.7774369 0.4409169 0.3053126 -0.07641375 0.9491813 0.124466 0.8740609 0.469602 -7.79283e-5 -0.9965559 -0.08292359 0.3661985 -0.8497015 0.3793497 -0.3523079 0.6291177 0.6928853 -0.00154674 0.9932699 0.1158131 0.1024306 0 0.9947402 0.3746981 0.6230678 0.686577 -0.09684562 0 0.9952995 -0.5171452 0.1128725 0.8484225 -0.08638966 0.8524796 0.5155731 0.1262627 -0.1986783 -0.9718975 -0.9700461 -0.0137062 -0.2425339 0.1574078 -0.1718929 -0.9724586 0.2227852 -0.5141468 0.8282631 0.02298474 -0.9993143 0.02903288 -0.3408192 0.8697398 -0.3569242 -0.9964024 -0.04185169 -0.07369405 0.5420762 0.1129015 0.8327105 0.1016989 0.8524742 0.5127817 -0.1555021 -0.1983788 -0.9677112 0.9621467 -0.01014089 -0.2723435 -0.1862941 -0.171898 -0.9673395 -0.1980539 -0.5141254 0.8345357 -0.02203363 -0.999326 0.0293616 0.330054 0.8697482 -0.3668822 0.9948847 -0.04024899 -0.09265244 -0.08917802 0.8243283 0.5590441 -0.1213576 0.8052096 0.5804394 0.1704328 -0.1474511 -0.9742745 0.03580915 -0.1051236 -0.9938142 -0.06415075 -0.1591986 -0.9851601 -0.1936225 -0.09536647 -0.9764301 -0.02291047 -0.5492043 0.8353741 -0.08313858 -0.5672895 0.8193112 0.1113096 -0.5385532 0.8352069 0.05059927 -0.5731659 0.8178757 0.1422272 0.8152149 0.5614234 0.1024613 0.8115107 0.5752844 -0.05101627 0.4554928 -0.8887766 0.007695376 -0.1067808 -0.9942529 -0.1690527 -0.7311121 -0.6609814 0.140335 -0.7467419 -0.6501405 -0.06962257 -0.1037402 -0.9921647 0.09541946 -0.591499 0.8006398 0.1336197 -0.8083025 0.5734046 -0.922436 0 0.38615 -0.3242781 0.8290917 0.4554675 -0.1806759 0.5724013 0.7998207 0.2101317 0.5865737 0.7821611 0.3409709 0.8306895 0.4401066 -0.01801973 -0.8032695 0.5953432 -0.1591356 -0.5924081 0.7897648 0.005133688 0.5093895 -0.8605208 -0.152179 0.8209647 0.5503259 -0.06767588 0.918161 0.3903848 0.1843881 0.7272267 0.6611675 -0.08696097 0.7740448 0.6271304 -0.1793065 0.7493827 0.6373969 0.1240046 0.8577841 0.4988281 0.06183367 0.921538 0.3833333 -0.9560695 -0.2537735 -0.1467323 -0.9591934 -0.2275387 -0.167852 0.9591871 -0.2276331 -0.1677601 0.9560725 -0.2537708 -0.1467172 -4.67e-6 -0.9827277 0.1850575 -4.85161e-6 -0.9827276 0.185058 -0.7872098 0.1317915 0.6024382 -0.5800212 0.763212 0.2847505 0.9847723 -0.03771483 0.1697092 0.8556718 -0.4498245 0.255898 0.7598176 0.6479769 -0.05294561 -0.836543 -0.2723625 0.47541 -0.8365465 -0.2723611 0.4754045 0.8365583 -0.2723721 0.4753775 0.8365584 -0.272372 0.4753775 -1.08665e-5 -0.9044993 0.4264752 -1.08849e-5 -0.904499 0.4264758 -0.5582833 0.727269 0.3992489 -0.5546564 0.7268715 0.4049867 0.5704827 0.7174763 0.3997218 0.5713779 0.7133424 0.4057955 -0.3028056 -0.1625047 0.9390959 0.3027637 -0.1625156 0.9391075 -2.21488e-5 -0.4448906 0.8955851 -0.2079702 0.2256845 0.9517432 0.2107821 0.2161414 0.9533383 -0.3559439 0.8180944 0.4516919 -0.9773654 0.1647222 -0.1327543 -0.5864015 0.7638244 0.2696404 0.6235506 0.7305675 0.2783087 0.3120818 0.9431002 0.1147473 0.01199507 0.9981005 0.0604279 0.8806288 -0.03528225 0.4724915 0.2909808 0.8809953 0.373065 0.002291798 0.9985862 0.0531063 1.37177e-5 0.998312 0.05808007 -0.6863322 0.6770578 0.2655956 -0.5813845 0.4121719 0.7015029 -0.3970659 0.9081716 0.132526 0.002280533 0.998381 0.05683577 0.007334351 0.9311962 0.3644444 0.5378729 0.4686916 0.700729 0.5509166 0.6877951 0.4726826 0.1926326 0 0.981271 0.1926441 0 0.9812688 0.1926423 -2.41561e-7 0.9812691 0.1926455 -2.74415e-6 0.9812684 0.1926425 1.0882e-6 0.9812691 -0.147992 -0.1839102 -0.9717383 -0.07377278 -0.1474846 -0.9863093 -0.02241098 -0.08184677 -0.996393 -0.004077374 0 -0.9999918 -0.02240961 0.08184784 -0.996393 -0.07377094 0.1474841 -0.9863094 -0.1479957 0.1839101 -0.9717378 -0.2303733 0.1839101 -0.9555655 -0.3045942 0.1474841 -0.9409947 -0.3559616 0.08184754 -0.9309095 -0.3742911 0 -0.9273114 -0.3559585 -0.08184665 -0.9309108 -0.304596 -0.1474842 -0.940994 -0.2303751 -0.1839102 -0.955565 0.6118102 0.7818325 -0.1201093 0.6118065 0.781835 -0.120112 0.9812697 0 -0.1926396 0.9812699 0 -0.1926383 -0.9812692 0 0.1926418 -0.9812685 0 0.1926453 -0.218351 -0.9749284 0.04286682 -0.2183552 -0.9749274 0.042867 0.6118092 -0.7818327 -0.1201134 0.6118147 -0.7818294 -0.1201071 -0.6118076 0.7818342 0.1201116 -0.6118134 0.78183 0.1201094 0.218351 0.9749284 -0.04286789 0.2183525 0.9749281 -0.04286557 -0.8840919 -0.4338855 0.1735656 -0.8840948 -0.4338805 0.1735633 0.8840943 0.433882 -0.1735621 0.8840939 0.4338821 -0.1735633 0.884093 -0.4338845 -0.1735627 0.8840931 -0.4338842 -0.1735631 0.2183524 -0.9749282 -0.04286664 0.2183524 -0.974928 -0.042867 -0.8840939 0.4338814 0.1735653 -0.88409 0.4338886 0.1735672 -0.2183528 0.974928 0.04286611 -0.2183534 0.9749279 0.04286664 -0.6118084 -0.7818337 0.1201108 -0.6118077 -0.7818344 0.1201108 0.1926468 -1.52453e-6 0.9812682 0.1926423 7.85074e-7 0.9812691 0.1926417 -1.08819e-6 0.9812691 0.1926467 0 0.9812682 0.1926423 0 0.9812691 0.1911099 -0.125895 0.9734616 0.09286129 0 0.9956791 0.2904641 0 0.956886 0.1911105 0.1258922 0.9734619 0.2214317 -0.03067243 -0.9746934 0.2210808 -0.03078818 -0.9747694 -0.9319663 0.02409321 0.3617435 -0.8506063 -0.02153867 0.5253618 0.6321802 -0.03071844 0.7742124 0.4770308 0.0175842 0.8787106 0.2217102 0.09210246 -0.9707531 0.2211039 0.09158194 -0.9709407 -0.9667079 0.1227597 0.2245127 -0.9323194 -0.009169697 0.3615196 0.7414425 -0.07227212 0.6671131 0.6316756 0.04089993 0.7741532 0.2221118 7.55443e-4 -0.975021 0.2221251 7.55524e-4 -0.9750179 -0.9743909 1.89993e-4 0.2248612 -0.9743895 1.89873e-4 0.2248671 0.743129 -8.717e-4 0.6691476 0.7431262 -8.71621e-4 0.6691507 -0.00945878 0.9999485 -0.003689825 0.003689229 0.999936 0.01069647 -0.9296573 -0.1987264 -0.3102339 0.2197677 -0.1009516 -0.9703149 0.475309 -0.06635934 0.8773128 0.4764769 -0.06659889 0.876661 0.9635103 -0.002287268 0.2676616 -0.8501768 -0.04235613 0.5247909 0.01959085 0.07919251 -0.9966669 0.02494353 0.08643907 -0.9959449 -0.8139216 -0.05265307 0.5785839 -0.8139215 -0.05265456 0.5785839 0.9303105 -0.3523198 0.1019467 0.9278338 -0.363861 0.08203482 -0.9297093 -0.3557126 0.09544271 -0.9210494 -0.3713952 0.1171909 0.01543438 -0.08037048 0.9966456 0.02069044 -0.08630943 0.9960535 -0.01829153 -0.07939338 0.9966756 -0.01608896 -0.08642798 0.9961283 -0.2199824 -0.9548873 -0.1994942 -0.2779941 -0.9600996 -0.03046452 0.2790292 -0.9496536 -0.142481 0.2330316 -0.9720171 -0.02964967 -0.8615643 0.4736297 -0.1827071 -0.8637796 0.4624338 -0.2001002 0.8761762 -0.4667187 -0.1203705 0.7993227 -0.5934865 -0.09411203 -0.7829462 -0.6077011 -0.1330221 -0.8864936 -0.4567515 -0.07421094 -0.7828963 -0.6076328 -0.1336252 -0.7330183 -0.6796606 -0.0273053 -0.7736647 -0.624354 -0.1078206 0.7297856 -0.6693505 -0.1392224 0.9526001 0.2765846 0.1267042 0.9795071 0.1966599 0.04348295 -0.7906998 -0.6120361 -0.01434546 -0.882786 -0.4672285 0.04885119 -0.7325552 -0.6774668 -0.06634527 -0.8717585 -0.476894 -0.112291 0.795295 -0.5879714 -0.1476336 0.6817225 -0.7282096 -0.07046437 0.8570403 -0.4990934 -0.1280149 0.7989199 -0.5797353 -0.1601061 -0.7625799 -0.6402589 -0.09241563 -0.8204287 -0.5717355 0.003908634 -0.8615657 -0.5067609 0.02996921 -0.9661842 0.1847948 0.1798307 -0.9333639 0.3473458 0.09045922 0.007178187 0.9964982 0.08330661 0.001650512 0.9966129 0.08221906 -0.006794512 0.9966968 0.08092826 -0.001455247 0.9966127 0.08222556 0.8124067 -0.5746191 0.09903675 0.8777118 -0.4789805 0.01414072 0.07366257 -0.383561 0.9205731 -0.8004942 0.02673321 0.5987442 -0.804089 0.02587771 0.5939455 6.09492e-4 0.002747416 -0.9999961 4.73274e-5 0.00304687 -0.9999954 -0.07331568 -0.3938627 0.9162407 0.8016322 0.04749864 0.5959275 0.9959003 -0.02072143 0.08805304 0.8054258 0.02265143 0.5922638 0.8077239 0.02682209 0.5889505 -0.9945615 -0.02056819 0.1021001 -0.8050731 0.04952377 0.5911048 0.6821445 -0.7302253 -0.03807693 -0.7884333 0.6116229 0.06550073 0.9780817 0.2077401 -0.01414859 -0.9724691 0.2328025 -0.01034456 0.6746424 0.7344212 0.07404851 0.8167473 -0.04737401 0.5750475 0.8167474 -0.04737472 0.5750474 -6.13203e-4 0.002758085 -0.999996 -4.49781e-5 0.003063619 -0.9999953 -0.02163237 0.08630478 -0.996034 -0.02279645 0.0779094 -0.9966999 0.9519783 0.270169 -0.1440353 0.6750161 0.6810722 0.2837144 -0.788617 0.6109715 0.06926155 -0.9167066 0.3028225 0.2606674 -0.001417696 0.9978036 -0.0662266 -0.003122031 0.9978509 -0.06545203 0.001722812 0.9960936 -0.08828634 -0.004156589 0.9966624 -0.0815289 0.8967332 0.4061071 -0.1759169 0.001106858 0.9984974 -0.05478954 0.002422273 0.9984642 -0.05534875 0.9612091 0.2546835 -0.1058934 -0.001507103 0.9929441 -0.1185745 0.00699675 0.9915623 -0.1294427 0.8772545 -0.4780699 0.04328662 0.881672 -0.4704522 0.03645998</float_array>
          <technique_common>
            <accessor source="#flap01-mesh-normals-array" count="345" stride="3">
              <param name="X" type="float"/>
              <param name="Y" type="float"/>
              <param name="Z" type="float"/>
            </accessor>
          </technique_common>
        </source>
        <source id="flap01-mesh-map-0">
          <float_array id="flap01-mesh-map-0-array" count="2070">0.405767 0.381595 0.350809 0.381281 0.466763 0.471016 0.283825 0.469817 0.466763 0.471016 0.350809 0.381281 0.07822495 0.391167 0.01439499 0.392171 0.01807296 0.474748 0.01807296 0.474748 0.206474 0.472821 0.07822495 0.391167 0.236577 0.389367 0.157176 0.391298 0.206474 0.472821 0.206474 0.472821 0.119331 0.356394 0.07822495 0.391167 0.119331 0.356394 0.206474 0.472821 0.157176 0.391298 0.234771 0.391318 0.282008 0.388852 0.204753 0.472088 0.204753 0.472088 0.282008 0.388852 0.283895 0.469926 0.283624 0.470083 0.284794 0.387405 0.205869 0.471439 0.205869 0.471439 0.284794 0.387405 0.237555 0.389886 0.350809 0.381281 0.28326 0.387939 0.283825 0.469817 0.466763 0.471016 0.46942 0.387772 0.405767 0.381595 0.01439499 0.392171 0.05617296 0.333919 0.009020984 0.333049 0.05617296 0.333919 0.01439499 0.392171 0.07822495 0.391167 0.157176 0.391298 0.247014 0.33466 0.1753219 0.334125 0.247014 0.33466 0.157176 0.391298 0.236577 0.389367 0.07822495 0.391167 0.119467 0.334025 0.05617296 0.333919 0.119467 0.334025 0.07822495 0.391167 0.119331 0.356394 0.119331 0.356394 0.1753219 0.334125 0.1193529 0.332599 0.1753219 0.334125 0.119331 0.356394 0.157176 0.391298 0.350809 0.381281 0.423477 0.332401 0.332614 0.33423 0.423477 0.332401 0.350809 0.381281 0.405767 0.381595 0.282008 0.388852 0.244075 0.333997 0.274583 0.334069 0.244075 0.333997 0.282008 0.388852 0.234771 0.391318 0.237555 0.389886 0.277363 0.333508 0.246857 0.333394 0.277363 0.333508 0.237555 0.389886 0.284794 0.387405 0.28326 0.387939 0.332614 0.33423 0.27824 0.334361 0.332614 0.33423 0.28326 0.387939 0.350809 0.381281 0.405767 0.381595 0.477711 0.33331 0.423477 0.332401 0.477711 0.33331 0.405767 0.381595 0.46942 0.387772 0.472887 0.642867 0.419724 0.647207 0.45708 0.591251 0.01279896 0.602717 0.09969896 0.669829 0.01162099 0.682382 0.100507 0.670409 0.100039 0.687849 0.009944975 0.682525 0.863927 0.1518149 0.896534 0.182856 0.864734 0.2103649 0.898006 0.183068 0.88788 0.164901 0.898005 0.183068 0.898005 0.183068 0.887224 0.165455 0.864734 0.2103649 0.996486 -0.532043 0.996532 -0.532131 0.99466 -0.533778 0.880058 0.01696497 0.911453 0.01696795 0.917156 0.002187967 0.917156 0.002187967 0.911453 0.01696795 0.929722 0.04129898 0.880058 0.01696497 0.917156 0.002187967 0.878173 0.002484977 0.878173 0.002484977 0.863787 0.03824895 0.880058 0.01696497 0.28002 0.470094 0.200785 0.468265 0.195073 0.597222 0.292494 0.596345 0.28002 0.470094 0.195073 0.597222 0.2038249 0.470639 0.280631 0.470098 0.197735 0.59968 0.197735 0.59968 0.280631 0.470098 0.294397 0.594362 0.419724 0.647207 0.329528 0.646723 0.295354 0.592627 0.295354 0.592627 0.45708 0.591251 0.419724 0.647207 0.461104 0.468875 0.45708 0.591251 0.295354 0.592627 0.461104 0.468875 0.295354 0.592627 0.281168 0.469594 0.01279896 0.602717 0.102334 0.597892 0.09969896 0.669829 0.201808 0.472831 0.19569 0.597023 0.103259 0.597295 0.01466697 0.603757 0.01830196 0.473768 0.103259 0.597295 0.898006 0.183068 0.926261 0.183364 0.911453 0.01696795 0.911453 0.01696795 0.926261 0.183364 0.929722 0.04129898 0.929722 0.04129898 0.926261 0.183364 0.896534 0.182856 0.929722 0.04129898 0.896534 0.182856 0.863787 0.03824895 0.896534 0.182856 0.863927 0.1518149 0.863787 0.03824895 0.880058 0.01696497 0.898006 0.183068 0.911453 0.01696795 0.881614 0.1550289 0.880027 0.01695597 0.898003 0.183007 0.86388 0.143383 0.864513 0.218246 0.89657 0.181141 0.898003 0.183007 0.864513 0.218246 0.881614 0.1550289 0.880027 0.01695597 0.917148 0.002461969 0.911465 0.01696199 0.917148 0.002461969 0.930579 0.04170399 0.911465 0.01696199 0.877591 0.002741992 0.917148 0.002461969 0.880027 0.01695597 0.880027 0.01695597 0.864176 0.03722995 0.877591 0.002741992 0.898003 0.183007 0.911465 0.01696199 0.926237 0.18417 0.911465 0.01696199 0.930579 0.04170399 0.926237 0.18417 0.930579 0.04170399 0.89657 0.181141 0.926237 0.18417 0.930579 0.04170399 0.864176 0.03722995 0.89657 0.181141 0.89657 0.181141 0.864176 0.03722995 0.86388 0.143383 0.880027 0.01695597 0.911465 0.01696199 0.898003 0.183007 0.197227 0.599527 0.202666 0.683043 0.09969896 0.669829 0.100507 0.670409 0.202571 0.683341 0.100039 0.687849 0.275449 0.640572 0.295354 0.592627 0.329528 0.646723 0.103259 0.597295 0.01830196 0.473768 0.201808 0.472831 0.102334 0.597892 0.197227 0.599527 0.09969896 0.669829 0.328543 0.647593 0.257048 0.698804 0.378743 0.682048 0.326271 0.648117 0.418781 0.647593 0.378214 0.680297 0.254626 0.698673 0.275449 0.640572 0.329528 0.646723 0.326271 0.648117 0.378214 0.680297 0.254495 0.698493 0.274437 0.642867 0.257668 0.698673 0.3276 0.647207 0.84734 0.937256 0.863328 0.991766 0.794116 0.989521 0.84734 0.937256 0.879188 0.932435 0.863328 0.991766 0.793381 0.937551 0.793626 0.992708 0.85601 0.991343 0.863328 0.991766 0.85601 0.991343 0.793626 0.992708 0.85601 0.991343 0.879188 0.932435 0.793381 0.937551 0.794116 0.989521 0.793381 0.937551 0.84734 0.937256 0.794116 0.989521 0.793626 0.992708 0.793381 0.937551 0.879188 0.932435 0.85601 0.991343 0.863328 0.991766 0.863328 0.991766 0.793626 0.992708 0.794116 0.989521 0.847485 0.941971 0.794267 0.994236 0.863469 0.99648 0.847485 0.941971 0.863469 0.99648 0.87933 0.937149 0.793531 0.942265 0.856152 0.996057 0.793785 0.997658 0.863469 0.99648 0.793785 0.997658 0.856152 0.996057 0.856152 0.996057 0.793531 0.942265 0.87933 0.937149 0.794267 0.994236 0.847485 0.941971 0.793531 0.942265 0.794267 0.994236 0.793531 0.942265 0.793785 0.997658 0.87933 0.937149 0.863469 0.99648 0.856152 0.996057 0.863469 0.99648 0.794267 0.994236 0.793785 0.997658 0.847485 0.941971 0.87933 0.937149 0.879235 0.911524 0.847485 0.941971 0.879235 0.911524 0.846468 0.91204 0.87933 0.937149 0.793531 0.942265 0.792206 0.911718 0.87933 0.937149 0.792206 0.911718 0.879235 0.911524 0.793381 0.937551 0.879188 0.932435 0.879093 0.911424 0.793381 0.937551 0.879093 0.911424 0.793286 0.911926 0.793531 0.942265 0.847485 0.941971 0.846468 0.91204 0.793531 0.942265 0.846468 0.91204 0.792206 0.911718 0.84734 0.937256 0.793381 0.937551 0.793286 0.911926 0.84734 0.937256 0.793286 0.911926 0.847245 0.911631 0.879188 0.932435 0.84734 0.937256 0.847245 0.911631 0.879188 0.932435 0.847245 0.911631 0.879093 0.911424 0.864513 0.218246 0.862876 0.328981 0.89657 0.181141 0.89657 0.181141 0.862876 0.328981 0.928863 0.327814 0.89657 0.181141 0.928863 0.327814 0.926237 0.18417 0.896534 0.182856 0.926261 0.183364 0.928877 0.327358 0.896534 0.182856 0.928877 0.327358 0.862885 0.328641 0.926237 0.18417 0.928863 0.327814 0.899358 0.327713 0.926237 0.18417 0.899358 0.327713 0.898003 0.183007 0.898006 0.183068 0.898005 0.183068 0.864734 0.2103649 0.864734 0.2103649 0.862885 0.328641 0.899362 0.327584 0.864734 0.2103649 0.899362 0.327584 0.898006 0.183068 0.864513 0.218246 0.898003 0.183007 0.899358 0.327713 0.864513 0.218246 0.899358 0.327713 0.862876 0.328981 0.928877 0.327358 0.926261 0.183364 0.898006 0.183068 0.928877 0.327358 0.898006 0.183068 0.899362 0.327584 0.864734 0.2103649 0.896534 0.182856 0.862885 0.328641 0.863927 0.1518149 0.887882 0.164902 0.880058 0.01696497 0.863927 0.1518149 0.880058 0.01696497 0.863787 0.03824895 0.864734 0.2103649 0.887224 0.165455 0.863927 0.1518149 0.881614 0.1550289 0.864513 0.218246 0.86388 0.143383 0.880058 0.01696497 0.887882 0.164902 0.898006 0.183068 0.880027 0.01695597 0.881614 0.1550289 0.86388 0.143383 0.880027 0.01695597 0.86388 0.143383 0.864176 0.03722995 0.01047396 0.859542 0.01117795 0.789631 0.164753 0.896497 0.1578159 0.799441 0.164753 0.896497 0.01117795 0.789631 0.1578159 0.799441 0.01117795 0.789631 0.164753 0.896497 0.01047396 0.859542 0.164753 0.896497 0.01117795 0.789631 0.163214 0.884129 0.163164 0.971775 0.02433997 0.859326 0.02433997 0.859326 0.163164 0.971775 0.02907794 0.997324 0.03412896 0.723664 0.049205 0.723293 0.01822495 0.737643 0.03088599 0.762874 0.120864 0.780767 0.004626989 0.809649 0.123414 0.757729 0.07106995 0.756032 0.03088694 0.762874 0.123689 0.757728 0.123414 0.757729 0.03088694 0.762874 0.120864 0.780767 0.123689 0.757728 0.03088694 0.762874 0.428012 0.751737 0.445461 0.955503 0.498795 0.978434 0.498795 0.978434 0.497352 0.719686 0.428012 0.751737 0.449437 0.955479 0.428251 0.752951 0.505121 0.718734 0.505121 0.718734 0.468199 0.974311 0.440824 0.975165 0.444136 0.980988 0.425071 0.719664 0.505303 0.751181 0.505303 0.751181 0.50515 0.952731 0.444136 0.980988 0.44219 0.956795 0.428012 0.751737 0.497352 0.719686 0.497352 0.719686 0.504511 0.98138 0.44219 0.956795 0.428251 0.752951 0.442471 0.947021 0.499911 0.983024 0.499911 0.983024 0.505121 0.718734 0.428251 0.752951 0.220396 0.775331 0.197088 0.714418 0.266062 0.724392 0.06364995 0.733199 0.01686096 0.756892 0.1964139 0.739432 0.06681597 0.798486 0.144173 0.713976 0.144541 0.803337 0.301801 0.78035 0.220396 0.775331 0.266062 0.724392 0.328582 0.722189 0.196591 0.73928 0.206032 0.730638 0.153739 0.748422 0.248314 0.727451 0.172965 0.715683 0.07182699 0.755903 0.123689 0.757728 0.120864 0.780767 0.120864 0.780767 0.03088599 0.762874 0.07182699 0.755903 0.3001 0.745922 0.266918 0.776751 0.220833 0.754835 0.3001 0.745922 0.220833 0.754835 0.243151 0.741128 0.310609 0.726759 0.3001 0.745922 0.243151 0.741128 0.01774495 0.738068 0.04903095 0.723297 0.03413397 0.723664 0.172865 0.712777 0.243381 0.735932 0.154428 0.742981 0.3121 0.753983 0.273159 0.73645 0.19085 0.733827 0.19085 0.733827 0.145939 0.751261 0.3121 0.753983 0.22373 0.746873 0.268758 0.770874 0.29892 0.745469 0.268758 0.770874 0.004626989 0.809649 0.29892 0.745469 0.22373 0.746873 0.29892 0.745469 0.2408969 0.741602 0.297999 0.744979 0.237081 0.728341 0.2408969 0.741602 0.3001 0.745922 0.310609 0.726759 0.004626989 0.809649 0.266918 0.776751 0.3001 0.745922 0.004626989 0.809649 0.03088694 0.762874 0.009444952 0.805011 0.120864 0.780767 0.564624 0.312352 0.531904 0.327856 0.495828 0.327368 0.564624 0.312352 0.495828 0.327368 0.46354 0.310986 0.587223 0.28386 0.564341 0.312284 0.46354 0.310986 0.46354 0.310986 0.441435 0.281953 0.427837 0.245941 0.46354 0.310986 0.427837 0.245941 0.587223 0.28386 0.587505 0.283928 0.602093 0.248297 0.514955 0.247117 0.564624 0.312352 0.587505 0.283928 0.514955 0.247117 0.531904 0.327856 0.564624 0.312352 0.514955 0.247117 0.495828 0.327368 0.531904 0.327856 0.514955 0.247117 0.46354 0.310986 0.495828 0.327368 0.514955 0.247117 0.441435 0.281953 0.46354 0.310986 0.514955 0.247117 0.427837 0.245941 0.441435 0.281953 0.514955 0.247117 0.587223 0.28386 0.60179 0.248224 0.514672 0.247048 0.564341 0.312284 0.587223 0.28386 0.514672 0.247048 0.531622 0.327788 0.564341 0.312284 0.514672 0.247048 0.495546 0.3273 0.531622 0.327788 0.514672 0.247048 0.463258 0.310917 0.495546 0.3273 0.514672 0.247048 0.441153 0.281885 0.463258 0.310917 0.514672 0.247048 0.427534 0.245868 0.441153 0.281885 0.514672 0.247048 0.441435 0.281953 0.46354 0.310986 0.46354 0.310986 0.441435 0.281953 0.46354 0.310986 0.441435 0.281953 0.495828 0.327368 0.531904 0.327856 0.531904 0.327856 0.495828 0.327368 0.531904 0.327856 0.495828 0.327368 0.495546 0.3273 0.531622 0.327788 0.531622 0.327788 0.495546 0.3273 0.531622 0.327788 0.495546 0.3273 0.427534 0.245868 0.441153 0.281885 0.441153 0.281885 0.427534 0.245868 0.441153 0.281885 0.427534 0.245868 0.564624 0.312352 0.587505 0.283928 0.587505 0.283928 0.564624 0.312352 0.587505 0.283928 0.564624 0.312352 0.564341 0.312284 0.587223 0.28386 0.587223 0.28386 0.564341 0.312284 0.587223 0.28386 0.564341 0.312284 0.427837 0.245941 0.441435 0.281953 0.441435 0.281953 0.427837 0.245941 0.441435 0.281953 0.427837 0.245941 0.463258 0.310917 0.495546 0.3273 0.495546 0.3273 0.463258 0.310917 0.495546 0.3273 0.463258 0.310917 0.46354 0.310986 0.495828 0.327368 0.495828 0.327368 0.46354 0.310986 0.495828 0.327368 0.46354 0.310986 0.531904 0.327856 0.564624 0.312352 0.564624 0.312352 0.531904 0.327856 0.564624 0.312352 0.531904 0.327856 0.587505 0.283928 0.602093 0.248297 0.602093 0.248297 0.587505 0.283928 0.602093 0.248297 0.587505 0.283928 0.531622 0.327788 0.564341 0.312284 0.564341 0.312284 0.531622 0.327788 0.564341 0.312284 0.531622 0.327788 0.587223 0.28386 0.60179 0.248224 0.60179 0.248224 0.587223 0.28386 0.60179 0.248224 0.587223 0.28386 0.441153 0.281885 0.463258 0.310917 0.463258 0.310917 0.441153 0.281885 0.463258 0.310917 0.441153 0.281885 0.427534 0.245868 0.587505 0.283928 0.564624 0.312352 0.564624 0.312352 0.463258 0.310917 0.441153 0.281885 0.564624 0.312352 0.441153 0.281885 0.427534 0.245868 0.564341 0.312284 0.531622 0.327788 0.495546 0.3273 0.564341 0.312284 0.495546 0.3273 0.463258 0.310917 0.564341 0.312284 0.463399 0.310951 0.46354 0.310986 0.46354 0.310986 0.463399 0.310951 0.564624 0.312352 0.463399 0.310951 0.564341 0.312284 0.463258 0.310917 0.564624 0.312352 0.463399 0.310951 0.463258 0.310917 0.644624 0.791049 0.647045 0.757583 0.553409 0.759778 0.553409 0.759778 0.554393 0.789248 0.644624 0.791049 0.6465 0.759272 0.646024 0.789908 0.553702 0.788862 0.553702 0.788862 0.554726 0.76206 0.6465 0.759272 0.645507 0.756352 0.645366 0.786984 0.552667 0.786563 0.552667 0.786563 0.553409 0.759778 0.645507 0.756352 0.68613 0.788681 0.685454 0.758904 0.647045 0.757583 0.647045 0.757583 0.644624 0.791049 0.68613 0.788681 0.686453 0.761354 0.685429 0.788156 0.646024 0.789908 0.646024 0.789908 0.6465 0.759272 0.686453 0.761354 0.685147 0.75952 0.684405 0.786305 0.645366 0.786984 0.645366 0.786984 0.645507 0.756352 0.685147 0.75952 0.998815 0.79629 0.998677 0.820593 0.511079 0.821794 0.511079 0.821794 0.511217 0.797492 0.998815 0.79629 0.998632 0.79629 0.998815 0.79629 0.511217 0.797492 0.511217 0.797492 0.511033 0.797491 0.998632 0.79629 0.998677 0.820593 0.998632 0.79629 0.511033 0.797491 0.511033 0.797491 0.511079 0.821794 0.998677 0.820593 0.516879 0.77434 0.517163 0.774115 0.516876 0.774298 0.998677 0.820593 0.998815 0.79629 0.998632 0.79629 0.51682 0.773928 0.516819 0.773928 0.55347 0.759718 0.554393 0.789248 0.553409 0.759778 0.51682 0.773928 0.517021 0.77417 0.517024 0.774212 0.553996 0.761248 0.553996 0.761248 0.553906 0.787989 0.517021 0.77417 0.517163 0.774115 0.516879 0.77434 0.554277 0.761514 0.554726 0.76206 0.553702 0.788862 0.516685 0.774337 0.674396 0.974296 0.674736 0.983489 0.674036 0.997702 0.674396 0.974296 0.674036 0.997702 0.673696 0.988509 0.615251 0.919956 0.604879 0.916468 0.604179 0.930681 0.615251 0.919956 0.604179 0.930681 0.614551 0.934169 0.614749 0.939492 0.604519 0.939873 0.605219 0.92566 0.614749 0.939492 0.605219 0.92566 0.615449 0.925279 0.616496 0.92524 0.605837 0.925637 0.605137 0.93985 0.616496 0.92524 0.605137 0.93985 0.615796 0.939453 0.616046 0.919417 0.666933 0.922251 0.661173 0.940237 0.616046 0.919417 0.661173 0.940237 0.617737 0.938513 0.61679 0.938834 0.661098 0.940193 0.667714 0.921817 0.61679 0.938834 0.667714 0.921817 0.615964 0.926424 0.614749 0.939492 0.614551 0.934169 0.604179 0.930681 0.614749 0.939492 0.604179 0.930681 0.604519 0.939873 0.605137 0.93985 0.604796 0.930658 0.615597 0.93413 0.605137 0.93985 0.615597 0.93413 0.615796 0.939453 0.985876 0.826412 0.859079 0.826367 0.847416 0.855355 0.845082 0.855719 0.98369 0.827952 0.857911 0.826667 0.643049 0.88387 0.607846 0.824315 0.794978 0.850317 0.643049 0.88387 0.794978 0.850317 0.790904 0.905863 0.794227 0.850268 0.790094 0.904253 0.845082 0.855719 0.608117 0.824966 0.643655 0.883626 0.790859 0.904646 0.608117 0.824966 0.790859 0.904646 0.794992 0.850661 0.794174 0.848878 0.790139 0.905469 0.847416 0.855355 0.790094 0.904253 0.870332 0.903919 0.845082 0.855719 0.848055 0.85556 0.870332 0.903919 0.790094 0.904253 0.79951 0.827049 0.857212 0.826468 0.844448 0.855516 0.79951 0.827049 0.844448 0.855516 0.794213 0.849924 0.847416 0.855355 0.869915 0.905727 0.987849 0.904406 0.847416 0.855355 0.987849 0.904406 0.985876 0.826412 0.643049 0.88387 0.790904 0.905863 0.794939 0.849271 0.643049 0.88387 0.794939 0.849271 0.607842 0.824211 0.790139 0.905469 0.794213 0.849924 0.844448 0.855516 0.794966 0.850007 0.790859 0.904646 0.643655 0.883626 0.794966 0.850007 0.643655 0.883626 0.608112 0.824869 0.869915 0.905727 0.790139 0.905469 0.844448 0.855516 0.869915 0.905727 0.847416 0.855355 0.790139 0.905469 0.845082 0.855719 0.870332 0.903919 0.987803 0.902706 0.845082 0.855719 0.987803 0.902706 0.98369 0.827952 0.857911 0.826667 0.799925 0.828474 0.794227 0.850268 0.857911 0.826667 0.794227 0.850268 0.845082 0.855719 0.607846 0.824315 0.607842 0.824211 0.797498 0.825243 0.607846 0.824315 0.797498 0.825243 0.797516 0.825308 0.608112 0.824869 0.608117 0.824966 0.797931 0.826733 0.608112 0.824869 0.797931 0.826733 0.797919 0.826678 0.870332 0.903919 0.848055 0.85556 0.985945 0.827816 0.870332 0.903919 0.985945 0.827816 0.987803 0.902706 0.616046 0.919417 0.645202 0.882017 0.666933 0.922251 0.609098 0.824344 0.604879 0.916468 0.615251 0.919956 0.609098 0.824344 0.615251 0.919956 0.646189 0.884204 0.67862 0.882276 0.674736 0.983489 0.674396 0.974296 0.67862 0.882276 0.674396 0.974296 0.678615 0.882172 0.615964 0.926424 0.667714 0.921817 0.645013 0.887576 0.609102 0.824448 0.646189 0.884204 0.615449 0.925279 0.609102 0.824448 0.615449 0.925279 0.605219 0.92566 0.646795 0.88396 0.616297 0.919917 0.605497 0.916445 0.646795 0.88396 0.605497 0.916445 0.609369 0.825002 0.609373 0.825099 0.605837 0.925637 0.616496 0.92524 0.609373 0.825099 0.616496 0.92524 0.646795 0.88396 0.790094 0.904253 0.794201 0.849613 0.848055 0.85556 0.794939 0.849271 0.797498 0.825243 0.607842 0.824211 0.797516 0.825308 0.794978 0.850317 0.607846 0.824315 0.794992 0.850661 0.797931 0.826733 0.608117 0.824966 0.797919 0.826678 0.794966 0.850007 0.608112 0.824869 0.605497 0.916445 0.616297 0.919917 0.615597 0.93413 0.605497 0.916445 0.615597 0.93413 0.604796 0.930658 0.675014 0.974273 0.675354 0.983466 0.67889 0.882928 0.675014 0.974273 0.67889 0.882928 0.678886 0.88283 0.675354 0.983466 0.675014 0.974273 0.674314 0.988486 0.675354 0.983466 0.674314 0.988486 0.674654 0.997679 0.799912 0.828419 0.860057 0.826553 0.848055 0.85556 0.799912 0.828419 0.848055 0.85556 0.794201 0.849613 0.859079 0.826367 0.799491 0.826984 0.794174 0.848878 0.859079 0.826367 0.794174 0.848878 0.847416 0.855355 0.859079 0.826367 0.985876 0.826412 0.983711 0.826545 0.859079 0.826367 0.983711 0.826545 0.857212 0.826468 0.857212 0.826468 0.79951 0.827049 0.799491 0.826984 0.857212 0.826468 0.799491 0.826984 0.859079 0.826367 0.857212 0.826468 0.983711 0.826545 0.844448 0.855516 0.857911 0.826667 0.98369 0.827952 0.985945 0.827816 0.857911 0.826667 0.985945 0.827816 0.860057 0.826553 0.860057 0.826553 0.985945 0.827816 0.848055 0.85556 0.860057 0.826553 0.799912 0.828419 0.799925 0.828474 0.860057 0.826553 0.799925 0.828474 0.857911 0.826667 0.869915 0.905727 0.844448 0.855516 0.983711 0.826545 0.869915 0.905727 0.983711 0.826545 0.987849 0.904406</float_array>
          <technique_common>
            <accessor source="#flap01-mesh-map-0-array" count="1035" stride="2">
              <param name="S" type="float"/>
              <param name="T" type="float"/>
            </accessor>
          </technique_common>
        </source>
        <vertices id="flap01-mesh-vertices">
          <input semantic="POSITION" source="#flap01-mesh-positions"/>
        </vertices>
        <triangles material="Lukhata_001-material" count="345">
          <input semantic="VERTEX" source="#flap01-mesh-vertices" offset="0"/>
          <input semantic="NORMAL" source="#flap01-mesh-normals" offset="1"/>
          <input semantic="TEXCOORD" source="#flap01-mesh-map-0" offset="2" set="0"/>
          <p>49 0 0 27 0 1 82 0 2 37 1 3 82 1 4 27 1 5 43 2 6 95 2 7 33 2 8 33 3 9 29 3 10 43 3 11 99 4 12 45 4 13 29 4 14 29 5 15 2 5 16 43 5 17 2 6 18 29 6 19 45 6 20 96 7 21 41 7 22 34 7 23 34 8 24 41 8 25 83 8 26 38 9 27 0 9 28 30 9 29 30 10 30 0 10 31 100 10 32 27 11 33 1 11 34 37 11 35 82 12 36 42 12 37 49 12 38 95 13 39 44 13 40 3 13 41 44 14 42 95 14 43 43 14 44 45 15 45 97 15 46 5 15 47 97 16 48 45 16 49 99 16 50 43 17 51 6 17 52 44 17 53 6 18 54 43 18 55 2 18 56 2 19 57 5 19 58 7 19 59 5 20 60 2 20 61 45 20 62 27 21 63 48 21 64 28 21 65 48 22 66 27 22 67 49 22 68 41 23 69 4 23 70 101 23 71 4 24 72 41 24 73 96 24 74 100 25 75 46 25 76 98 25 77 46 26 78 100 26 79 0 26 80 1 27 81 28 27 82 47 27 83 28 28 84 1 28 85 27 28 86 49 29 87 102 29 88 48 29 89 102 30 90 49 30 91 42 30 92 20 31 93 86 31 94 72 31 95 55 32 96 50 32 97 59 32 98 51 33 99 8 33 100 60 33 101 11 34 102 68 34 103 54 34 104 69 35 105 129 35 106 52 35 107 52 36 108 130 36 109 54 36 110 53 37 111 70 37 112 12 37 113 71 38 114 67 38 115 61 38 116 61 39 117 67 39 118 56 39 119 71 40 120 61 40 121 21 40 122 21 41 123 73 41 124 71 41 125 39 42 126 31 42 127 57 42 128 74 43 129 39 43 130 57 43 131 35 44 132 84 44 133 77 44 134 77 45 135 84 45 136 64 45 137 86 46 138 23 46 139 65 46 140 65 47 141 72 47 142 86 47 143 40 48 144 72 48 145 65 48 146 40 49 147 65 49 148 85 49 149 55 50 150 18 50 151 50 50 152 36 51 153 78 51 154 19 51 155 58 52 156 32 52 157 19 52 158 69 53 159 13 53 160 67 53 161 67 54 162 13 54 163 56 54 164 56 55 165 13 55 166 68 55 167 56 56 168 68 56 169 73 56 170 68 57 171 11 57 172 73 57 173 71 58 174 69 58 175 67 58 176 132 59 177 81 59 178 75 59 179 14 60 180 16 60 181 15 60 182 75 61 183 16 61 184 132 61 185 81 62 186 90 62 187 76 62 188 90 63 189 79 63 190 76 63 191 25 64 192 90 64 193 81 64 194 81 65 195 66 65 196 25 65 197 75 66 198 76 66 199 17 66 200 76 67 201 79 67 202 17 67 203 79 68 204 15 68 205 17 68 206 79 69 207 66 69 208 15 69 209 15 70 210 66 70 211 14 70 212 81 71 213 76 71 214 75 71 215 80 72 216 91 72 217 50 72 218 51 73 219 92 73 220 8 73 221 26 74 222 65 74 223 23 74 224 19 75 225 32 75 226 36 75 227 18 76 228 80 76 229 50 76 230 87 77 231 62 77 232 9 77 233 24 78 234 88 78 235 10 78 236 93 79 237 26 79 238 23 79 239 24 80 240 10 80 241 94 80 242 22 81 243 63 81 244 89 81 245 109 82 246 111 82 247 112 82 248 109 83 249 113 83 250 111 83 251 110 84 252 103 84 253 114 84 254 111 85 255 114 85 256 103 85 257 114 86 258 113 86 259 110 86 260 112 87 261 110 87 262 109 87 263 112 88 264 103 88 265 110 88 266 113 89 267 114 89 268 111 89 269 111 90 270 103 90 271 112 90 272 115 91 273 107 91 274 106 91 275 115 92 276 106 92 277 104 92 278 105 93 279 116 93 280 108 93 281 106 94 282 108 94 283 116 94 284 116 95 285 105 95 286 104 95 287 107 96 288 115 96 289 105 96 290 107 97 291 105 97 292 108 97 293 104 98 294 106 98 295 116 98 296 106 99 297 107 99 298 108 99 299 115 100 300 104 100 301 127 100 302 115 101 303 127 101 304 121 101 305 104 102 306 105 102 307 123 102 308 104 103 309 123 103 310 127 103 311 110 104 312 113 104 313 125 104 314 110 105 315 125 105 316 117 105 317 105 106 318 115 106 319 121 106 320 105 107 321 121 107 322 123 107 323 109 108 324 110 108 325 117 108 326 109 109 327 117 109 328 119 109 329 113 110 330 109 110 331 119 110 332 113 111 333 119 111 334 125 111 335 16 112 336 128 112 337 15 112 338 15 113 339 128 113 340 124 113 341 15 114 342 124 114 343 17 114 344 68 115 345 13 115 346 118 115 347 68 116 348 118 116 349 126 116 350 17 117 351 124 117 352 122 117 353 17 118 354 122 118 355 75 118 356 69 119 357 52 119 358 54 119 359 54 120 360 126 120 361 120 120 362 54 121 363 120 121 364 69 121 365 16 122 366 75 122 367 122 122 368 16 123 369 122 123 370 128 123 371 118 124 372 13 124 373 69 124 374 118 125 375 69 125 376 120 125 377 54 126 378 68 126 379 126 126 380 11 127 381 131 127 382 71 127 383 11 128 384 71 128 385 73 128 386 54 129 387 130 129 388 11 129 389 132 130 390 16 130 391 14 130 392 71 131 393 131 131 394 69 131 395 81 132 396 132 132 397 14 132 398 81 133 399 14 133 400 66 133 401 144 134 402 133 134 403 148 134 404 136 135 405 148 135 406 133 135 407 142 136 408 139 136 409 155 136 410 150 137 411 155 137 412 139 137 413 149 138 414 156 138 415 145 138 416 145 139 417 156 139 418 151 139 419 161 140 420 137 140 421 206 140 422 185 141 423 134 141 424 157 141 425 196 142 426 198 142 427 190 142 428 143 143 429 196 143 430 190 143 431 140 144 432 143 144 433 190 144 434 135 145 435 146 145 436 164 145 437 164 146 438 168 146 439 135 146 440 152 147 441 141 147 442 170 147 443 170 148 444 173 148 445 153 148 446 147 149 447 154 149 448 174 149 449 174 150 450 165 150 451 147 150 452 158 151 453 135 151 454 168 151 455 168 152 456 177 152 457 158 152 458 141 153 459 159 153 460 178 153 461 178 154 462 170 154 463 141 154 464 169 155 465 166 155 466 181 155 467 175 156 468 171 156 469 182 156 470 167 157 471 176 157 472 183 157 473 179 158 474 169 158 475 181 158 476 172 159 477 180 159 478 184 159 479 162 160 480 207 160 481 210 160 482 208 161 483 138 161 484 134 161 485 134 162 486 185 162 487 208 162 488 195 163 489 191 163 490 199 163 491 195 164 492 199 164 493 202 164 494 187 165 495 195 165 496 202 165 497 200 166 498 197 166 499 192 166 500 203 167 501 201 167 502 193 167 503 163 168 504 211 168 505 204 168 506 204 169 507 194 169 508 163 169 509 209 170 510 186 170 511 188 170 512 186 171 513 157 171 514 188 171 515 209 172 516 188 172 517 212 172 518 189 173 519 205 173 520 212 173 521 195 174 522 187 174 523 157 174 524 191 175 525 195 175 526 157 175 527 190 176 528 160 176 529 140 176 530 216 177 531 217 177 532 218 177 533 216 178 534 218 178 535 219 178 536 223 179 537 224 179 538 219 179 539 219 180 540 220 180 541 221 180 542 219 181 543 221 181 544 223 181 545 244 182 546 241 182 547 245 182 548 243 183 549 244 183 550 245 183 551 240 184 552 243 184 553 245 184 554 239 185 555 240 185 556 245 185 557 238 186 558 239 186 559 245 186 560 237 187 561 238 187 562 245 187 563 235 188 564 237 188 565 245 188 566 232 189 567 236 189 568 246 189 569 234 190 570 232 190 571 246 190 572 233 191 573 234 191 574 246 191 575 230 192 576 233 192 577 246 192 578 229 193 579 230 193 580 246 193 581 231 194 582 229 194 583 246 194 584 242 195 585 231 195 586 246 195 587 220 196 588 219 196 589 238 196 590 220 197 591 238 197 592 237 197 593 218 198 594 217 198 595 240 198 596 218 199 597 240 199 598 239 199 599 226 200 600 225 200 601 233 200 602 226 201 603 233 201 604 230 201 605 214 202 606 228 202 607 231 202 608 214 203 609 231 203 610 242 203 611 216 204 612 213 204 613 244 204 614 216 205 615 244 205 616 243 205 617 224 206 618 223 206 619 232 206 620 224 207 621 232 207 622 234 207 623 221 208 624 220 208 625 237 208 626 221 209 627 237 209 628 235 209 629 227 210 630 226 210 631 230 210 632 227 211 633 230 211 634 229 211 635 219 212 636 218 212 637 239 212 638 219 213 639 239 213 640 238 213 641 217 214 642 216 214 643 243 214 644 217 215 645 243 215 646 240 215 647 213 216 648 215 216 649 241 216 650 213 217 651 241 217 652 244 217 653 225 218 654 224 218 655 234 218 656 225 219 657 234 219 658 233 219 659 223 220 660 222 220 661 236 220 662 223 221 663 236 221 664 232 221 665 228 222 666 227 222 667 229 222 668 228 223 669 229 223 670 231 223 671 214 224 672 213 224 673 216 224 674 216 225 675 227 225 676 228 225 677 216 226 678 228 226 679 214 226 680 224 227 681 225 227 682 226 227 683 224 228 684 226 228 685 227 228 686 224 229 687 247 229 688 219 229 689 219 230 690 247 230 691 216 230 692 247 231 693 224 231 694 227 231 695 216 232 696 247 232 697 227 232 698 259 233 699 257 233 700 248 233 701 248 234 702 250 234 703 259 234 704 261 235 705 260 235 706 251 235 707 251 236 708 253 236 709 261 236 710 258 237 711 262 237 712 254 237 713 254 238 714 248 238 715 258 238 716 266 239 717 263 239 718 257 239 719 257 240 720 259 240 721 266 240 722 269 241 723 267 241 724 260 241 725 260 242 726 261 242 727 269 242 728 264 243 729 270 243 730 262 243 731 262 244 732 258 244 733 264 244 734 273 245 735 272 245 736 265 245 737 265 246 738 268 246 739 273 246 740 274 247 741 273 247 742 268 247 743 268 248 744 271 248 745 274 248 746 272 249 747 274 249 748 271 249 749 271 250 750 265 250 751 272 250 752 281 251 753 275 251 754 278 251 755 272 252 756 273 252 757 274 252 758 279 253 759 276 253 760 252 253 761 250 254 762 248 254 763 279 254 764 282 255 765 280 255 766 249 255 767 249 256 768 255 256 769 282 256 770 275 257 771 281 257 772 256 257 773 253 258 774 251 258 775 277 258 776 355 259 777 359 259 778 285 259 779 355 260 780 285 260 781 295 260 782 353 261 783 356 261 784 296 261 785 353 262 786 296 262 787 297 262 788 283 263 789 286 263 790 360 263 791 283 264 792 360 264 793 357 264 794 351 265 795 349 265 796 287 265 797 351 266 798 287 266 799 289 266 800 361 267 801 352 267 802 290 267 803 361 268 804 290 268 805 291 268 806 298 269 807 284 269 808 358 269 809 298 270 810 358 270 811 354 270 812 283 271 813 297 271 814 296 271 815 283 272 816 296 272 817 286 272 818 287 273 819 293 273 820 292 273 821 287 274 822 292 274 823 289 274 824 331 275 825 365 275 826 308 275 827 303 276 828 307 276 829 367 276 830 328 277 831 310 277 832 335 277 833 328 278 834 335 278 835 322 278 836 337 279 837 318 279 838 303 279 839 304 280 840 314 280 841 319 280 842 304 281 843 319 281 844 338 281 845 339 282 846 323 282 847 308 282 848 318 283 849 320 283 850 303 283 851 299 284 852 320 284 853 318 284 854 343 285 855 366 285 856 309 285 857 343 286 858 309 286 859 336 286 860 308 287 861 324 287 862 317 287 863 308 288 864 317 288 865 331 288 866 328 289 867 322 289 868 340 289 869 328 290 870 340 290 871 325 290 872 323 291 873 336 291 874 309 291 875 333 292 876 319 292 877 314 292 878 333 293 879 314 293 880 300 293 881 324 294 882 323 294 883 309 294 884 324 295 885 308 295 886 323 295 887 303 296 888 320 296 889 321 296 890 303 297 891 321 297 892 307 297 893 367 298 894 345 298 895 337 298 896 367 299 897 337 299 898 303 299 899 310 300 900 325 300 901 341 300 902 310 301 903 341 301 904 344 301 905 300 302 906 304 302 907 346 302 908 300 303 909 346 303 910 347 303 911 320 304 912 299 304 913 332 304 914 320 305 915 332 305 916 321 305 917 361 306 918 315 306 919 352 306 920 326 307 921 356 307 922 353 307 923 326 308 924 353 308 925 329 308 926 311 309 927 359 309 928 355 309 929 311 310 930 355 310 931 327 310 932 354 311 933 358 311 934 330 311 935 312 312 936 329 312 937 357 312 938 312 313 939 357 313 940 360 313 941 316 314 942 362 314 943 363 314 944 316 315 945 363 315 946 301 315 947 305 316 948 349 316 949 351 316 950 305 317 951 351 317 952 316 317 953 318 318 954 334 318 955 299 318 956 340 319 957 341 319 958 325 319 959 344 320 960 335 320 961 310 320 962 338 321 963 346 321 964 304 321 965 347 322 966 333 322 967 300 322 968 363 323 969 362 323 970 292 323 971 363 324 972 292 324 973 293 324 974 364 325 975 350 325 976 306 325 977 364 326 978 306 326 979 302 326 980 350 327 981 364 327 982 294 327 983 350 328 984 294 328 985 288 328 986 348 329 987 368 329 988 299 329 989 348 330 990 299 330 991 334 330 992 365 331 993 342 331 994 339 331 995 365 332 996 339 332 997 308 332 998 365 333 999 331 333 1000 313 333 1001 365 334 1002 313 334 1003 366 334 1004 366 335 1005 343 335 1006 342 335 1007 366 336 1008 342 336 1009 365 336 1010 366 337 1011 313 337 1012 309 337 1013 367 338 1014 307 338 1015 332 338 1016 367 339 1017 332 339 1018 368 339 1019 368 340 1020 332 340 1021 299 340 1022 368 341 1023 348 341 1024 345 341 1025 368 342 1026 345 342 1027 367 342 1028 324 343 1029 309 343 1030 313 343 1031 324 344 1032 313 344 1033 317 344 1034</p>
        </triangles>
      </mesh>
    </geometry>
  </library_geometries>
  <library_controllers>
    <controller id="Dorkim_b_hurim_Skin_lukhata-skin" name="Dorkim b'hurim_Skin">
      <skin source="#flap01-mesh">
        <bind_shape_matrix>1 0 0 0 0 1 0 0 0 0 1 0 0 0 0 1</bind_shape_matrix>
        <source id="Dorkim_b_hurim_Skin_lukhata-skin-joints">
          <Name_array id="Dorkim_b_hurim_Skin_lukhata-skin-joints-array" count="34">root pelvis femurleft butt-l knee-l-top knee-l-bopttom ankle_left foot_left01 femurright butt-r knee-r-top knee-r-bopttom ankleright foot_right01 lumbar rib scapula ulna carpal ammo_node_1 scapula01 ulna01 carpal_right smoke_node_1 ammo_node_0 neck skull cloaktop cloak cloakbottom nogginbottom plumes skulltop smoke_node_0</Name_array>
          <technique_common>
            <accessor source="#Dorkim_b_hurim_Skin_lukhata-skin-joints-array" count="34" stride="1">
              <param name="JOINT" type="name"/>
            </accessor>
          </technique_common>
        </source>
        <source id="Dorkim_b_hurim_Skin_lukhata-skin-bind_poses">
          <float_array id="Dorkim_b_hurim_Skin_lukhata-skin-bind_poses-array" count="544">1 0 0 0 0 -1.19209e-7 1 -2.154822 0 -1 -1.34359e-7 1.88312e-7 0 0 0 1 1 0 0 -2.88205e-4 0 0 1 -1.989969 0 -1 0 0.05965083 0 0 0 1 1 0 0 -0.2295659 0 0 1 -1.980151 0 -1 0 0 0 0 0 1 1 0 0 -0.2300334 0 -5.28991e-7 1 -1.881625 0 -1 -5.43892e-7 0.2278663 0 0 0 1 1 0 0 -0.2579528 0 0 1 -1.492427 0 -1 0 -0.3577119 0 0 0 1 1 0 0 -0.2616621 0 -2.30968e-7 1 -1.243225 0 -1 -2.45869e-7 0.03760051 0 0 0 1 1 -8.01552e-7 3.09469e-7 -0.2703902 0 -0.368721 -0.92954 0.1499912 8.59182e-7 0.9295386 -0.368721 -0.04846733 0 0 0 1 1 -7.15618e-7 3.27223e-5 -0.2703912 0 -0.9997594 -0.02186477 -0.2401512 3.27301e-5 0.02186417 -0.9997609 0.02882218 0 0 0 1 1 0 0 0.2313526 0 0 1 -1.980151 0 -1 0 0 0 0 0 1 1 0 0 0.2346149 0 -6.78003e-7 1 -1.884255 0 -1 -6.92904e-7 0.2262768 0 0 0 1 1 0 0 0.1784679 0 -6.78003e-7 1 -1.491813 0 -1 -6.85453e-7 -0.3589497 0 0 0 1 1 0 0 0.2454932 0 0 1 -1.243115 0 -1 0 0.03760027 0 0 0 1 1 -7.42666e-7 2.91746e-7 0.2586691 0 -0.3687213 -0.92954 0.1530215 7.97911e-7 0.9295406 -0.3687213 -0.04726493 0 0 0 1 1 -5.42409e-7 2.48011e-5 0.2586683 0 -0.9997615 -0.02186495 -0.2400804 2.4807e-5 0.02186506 -0.9997611 0.03209668 0 0 0 1 1 0 0 -0.004826366 0 0 1 -2.179733 0 -1 0 0.1130514 0 0 0 1 1 0 0 0.007960081 0 0 1 -2.884791 0 -1 0 -1.77087e-7 0 0 0 1 0.2494213 0 0.9683951 -3.133193 -0.9683951 0 0.2494213 -0.3832606 0 -1 0 -1.55554e-7 0 0 0 1 0.2494211 0 0.9683951 -3.256931 -0.9683951 0 0.2494212 0.2160961 0 -1 0 0 0 0 0 1 0.249422 0 0.968395 -3.360242 -0.9683949 -1.64084e-7 0.2494217 0.7914987 1.33179e-7 -1 -1.63913e-7 -0.07377815 0 0 0 1 0.2494451 -1.5729e-7 0.9683889 -3.536936 -0.001860857 -0.9999982 4.79169e-4 0.00106883 0.9683872 -0.001921594 -0.2494448 -0.5560669 0 0 0 1 0.2205249 0 -0.9753813 3.152219 0.9753814 0 0.2205249 -0.2500685 0 -1 0 -4.33888e-7 0 0 0 1 0.220525 0 -0.9753813 3.264221 0.9753814 -1.25372e-7 0.2205252 0.3492872 -1.48039e-7 -1 0 -7.10578e-7 0 0 0 1 0.2205251 0 -0.9753813 3.401966 0.9753813 -1.25372e-7 0.2205253 0.8804222 -1.35218e-7 -1 0 -3.7509e-7 0 0 0 1 0.2205439 -9.33782e-7 -0.9753772 3.375893 -0.006572902 -0.9999774 -0.001485228 -0.05561047 -0.975355 0.006738722 -0.220539 -1.06242 0 0 0 1 0.2204862 9.20547e-7 -0.9753901 3.373213 0.9753902 1.84525e-6 0.2204861 1.118066 2.12342e-6 -1 -5.06639e-7 -1.617803 0 0 0 1 1 0 0 0.02165722 0 0 1 -3.354291 0 -1 -1.19697e-7 1.60604e-7 0 0 0 1 1 0 0 0.02895486 0 0 1 -3.806293 0 -1 0 0 0 0 0 1 1 0 0 -0.001975059 0 -4.00709e-7 1 -3.236083 0 -1 -4.17232e-7 0.1981278 0 0 0 1 1 0 0 -0.006513178 0 0 1 -2.377002 0 -1 0 0.4338244 0 0 0 1 1 0 0 0.02082639 0 0 1 -1.545783 0 -1 0 0.5515338 0 0 0 1 1 2.98285e-7 0 0.02715581 0 0.04181396 0.9991254 -3.880911 2.98529e-7 -0.9991254 0.04181396 -0.4448743 0 0 0 1 1 5.38945e-7 0 0.03132402 0 0.02110123 0.9997774 -3.98341 5.39049e-7 -0.9997773 0.02110117 -0.2703227 0 0 0 1 1 0 0 0.03312313 0 0 1 -4.176582 0 -1 0 0 0 0 0 1 1 -5.05506e-5 -1.10455e-6 0.01513373 -5.05506e-5 -1 1.19209e-7 -0.2430216 -1.10467e-6 0 -1 3.446479 0 0 0 1</float_array>
          <technique_common>
            <accessor source="#Dorkim_b_hurim_Skin_lukhata-skin-bind_poses-array" count="34" stride="16">
              <param name="TRANSFORM" type="float4x4"/>
            </accessor>
          </technique_common>
        </source>
        <source id="Dorkim_b_hurim_Skin_lukhata-skin-weights">
          <float_array id="Dorkim_b_hurim_Skin_lukhata-skin-weights-array" count="369">1 1 1 1 1 1 1 1 1 1 1 1 1 1 1 1 1 1 1 1 1 1 1 1 1 1 1 1 1 1 1 1 1 1 1 1 1 1 1 1 1 1 1 1 1 1 1 1 1 1 1 1 1 1 1 1 1 1 1 1 1 1 1 1 1 1 1 1 1 1 1 1 1 1 1 1 1 1 1 1 1 1 1 1 1 1 1 1 1 1 1 1 1 1 1 1 1 1 1 1 1 1 1 1 1 1 1 1 1 1 1 1 1 1 1 1 1 1 1 1 1 1 1 1 1 1 1 1 1 1 1 1 1 1 1 1 1 1 1 1 1 1 1 1 1 1 1 1 1 1 1 1 1 1 1 1 1 1 1 1 1 1 1 1 1 1 1 1 1 1 1 1 1 1 1 1 1 1 1 1 1 1 1 1 1 1 1 1 1 1 1 1 1 1 1 1 1 1 1 1 1 1 1 1 1 1 1 1 1 1 1 1 1 1 1 1 1 1 1 1 1 1 1 1 1 1 1 1 1 1 1 1 1 1 1 1 1 1 1 1 1 1 1 1 1 1 1 1 1 1 1 1 1 1 1 1 1 1 1 1 1 1 1 1 1 1 1 1 1 1 1 1 1 1 1 1 1 1 1 1 1 1 1 1 1 1 1 1 1 1 1 1 1 1 1 1 1 1 1 1 1 1 1 1 1 1 1 1 1 1 1 1 1 1 1 1 1 1 1 1 1 1 1 1 1 1 1 1 1 1 1 1 1 1 1 1 1 1 1 1 1 1 1 1 1 1 1 1 1 1 1 1 1 1 1 1 1 1 1 1 1 1 1 1 1 1 1 1 1</float_array>
          <technique_common>
            <accessor source="#Dorkim_b_hurim_Skin_lukhata-skin-weights-array" count="369" stride="1">
              <param name="WEIGHT" type="float"/>
            </accessor>
          </technique_common>
        </source>
        <joints>
          <input semantic="JOINT" source="#Dorkim_b_hurim_Skin_lukhata-skin-joints"/>
          <input semantic="INV_BIND_MATRIX" source="#Dorkim_b_hurim_Skin_lukhata-skin-bind_poses"/>
        </joints>
        <vertex_weights count="369">
          <input semantic="JOINT" source="#Dorkim_b_hurim_Skin_lukhata-skin-joints" offset="0"/>
          <input semantic="WEIGHT" source="#Dorkim_b_hurim_Skin_lukhata-skin-weights" offset="1"/>
          <vcount>1 1 1 1 1 1 1 1 1 1 1 1 1 1 1 1 1 1 1 1 1 1 1 1 1 1 1 1 1 1 1 1 1 1 1 1 1 1 1 1 1 1 1 1 1 1 1 1 1 1 1 1 1 1 1 1 1 1 1 1 1 1 1 1 1 1 1 1 1 1 1 1 1 1 1 1 1 1 1 1 1 1 1 1 1 1 1 1 1 1 1 1 1 1 1 1 1 1 1 1 1 1 1 1 1 1 1 1 1 1 1 1 1 1 1 1 1 1 1 1 1 1 1 1 1 1 1 1 1 1 1 1 1 1 1 1 1 1 1 1 1 1 1 1 1 1 1 1 1 1 1 1 1 1 1 1 1 1 1 1 1 1 1 1 1 1 1 1 1 1 1 1 1 1 1 1 1 1 1 1 1 1 1 1 1 1 1 1 1 1 1 1 1 1 1 1 1 1 1 1 1 1 1 1 1 1 1 1 1 1 1 1 1 1 1 1 1 1 1 1 1 1 1 1 1 1 1 1 1 1 1 1 1 1 1 1 1 1 1 1 1 1 1 1 1 1 1 1 1 1 1 1 1 1 1 1 1 1 1 1 1 1 1 1 1 1 1 1 1 1 1 1 1 1 1 1 1 1 1 1 1 1 1 1 1 1 1 1 1 1 1 1 1 1 1 1 1 1 1 1 1 1 1 1 1 1 1 1 1 1 1 1 1 1 1 1 1 1 1 1 1 1 1 1 1 1 1 1 1 1 1 1 1 1 1 1 1 1 1 1 1 1 1 1 1 1 1 1 1 1 1 1 1 1 1 1 1 1 1 1 1 1 1 1 1 1 1 1 1 </vcount>
          <v>9 0 9 1 8 2 4 3 4 4 8 5 2 6 8 7 15 8 15 9 15 10 20 11 21 12 21 13 16 14 17 15 16 16 17 17 15 18 15 19 15 20 15 21 15 22 15 23 15 24 15 25 15 26 9 27 9 28 1 29 1 30 1 31 1 32 1 33 1 34 1 35 1 36 1 37 1 38 1 39 1 40 3 41 3 42 2 43 2 44 8 45 9 46 9 47 3 48 3 49 15 50 15 51 21 52 21 53 20 54 15 55 15 56 15 57 15 58 15 59 15 60 15 61 15 62 15 63 15 64 15 65 15 66 20 67 21 68 21 69 21 70 20 71 15 72 15 73 15 74 17 75 16 76 15 77 15 78 15 79 15 80 16 81 1 82 1 83 1 84 1 85 15 86 15 87 15 88 15 89 15 90 15 91 15 92 15 93 15 94 2 95 2 96 10 97 10 98 8 99 8 100 3 101 3 102 22 103 18 104 18 105 18 106 18 107 18 108 22 109 22 110 22 111 22 112 22 113 22 114 18 115 18 116 22 117 22 118 22 119 22 120 18 121 18 122 18 123 18 124 22 125 22 126 18 127 18 128 20 129 20 130 20 131 16 132 26 133 26 134 26 135 26 136 26 137 26 138 26 139 26 140 26 141 26 142 26 143 26 144 26 145 26 146 26 147 26 148 26 149 26 150 26 151 26 152 26 153 26 154 26 155 26 156 26 157 26 158 26 159 26 160 15 161 15 162 15 163 26 164 26 165 26 166 26 167 26 168 26 169 26 170 26 171 26 172 26 173 26 174 26 175 26 176 26 177 26 178 26 179 26 180 26 181 26 182 26 183 26 184 26 185 26 186 26 187 26 188 26 189 26 190 26 191 15 192 15 193 15 194 26 195 26 196 26 197 26 198 26 199 26 200 26 201 26 202 26 203 26 204 26 205 26 206 26 207 26 208 26 209 26 210 26 211 26 212 19 213 19 214 19 215 19 216 19 217 19 218 19 219 19 220 19 221 19 222 19 223 19 224 19 225 19 226 19 227 19 228 19 229 19 230 19 231 19 232 19 233 19 234 19 235 19 236 19 237 19 238 19 239 19 240 19 241 19 242 19 243 19 244 19 245 19 246 19 247 23 248 23 249 23 250 23 251 23 252 23 253 23 254 23 255 23 256 23 257 23 258 23 259 23 260 23 261 23 262 23 263 23 264 23 265 23 266 23 267 23 268 23 269 23 270 23 271 23 272 23 273 23 274 23 275 23 276 23 277 23 278 23 279 23 280 23 281 23 282 13 283 13 284 13 285 13 286 7 287 7 288 7 289 7 290 7 291 7 292 7 293 7 294 13 295 13 296 13 297 13 298 5 299 6 300 6 301 6 302 5 303 6 304 6 305 6 306 2 307 11 308 11 309 12 310 12 311 12 312 8 313 6 314 6 315 6 316 8 317 5 318 5 319 2 320 2 321 11 322 11 323 8 324 12 325 12 326 12 327 12 328 12 329 12 330 8 331 2 332 5 333 5 334 11 335 11 336 5 337 5 338 11 339 11 340 11 341 11 342 11 343 11 344 5 345 5 346 5 347 5 348 7 349 7 350 7 351 7 352 13 353 13 354 13 355 13 356 13 357 13 358 13 359 13 360 7 361 7 362 7 363 7 364 11 365 11 366 5 367 5 368</v>
        </vertex_weights>
      </skin>
    </controller>
  </library_controllers>
  <library_visual_scenes>
    <visual_scene id="Scene" name="Scene">
      <node id="Dorkim_b_hurim_Skin" name="Dorkim_b_hurim_Skin" type="NODE">
        <matrix sid="transform">1 0 0 0 0 1 0 0 0 0 1 0 0 0 0 1</matrix>
        <node id="Dorkim_b_hurim_Skin_root" name="root" sid="root" type="JOINT">
          <matrix sid="transform">1 0 3.38755e-8 0 3.38755e-8 -1.34359e-7 -1 -1.01207e-7 4.50959e-15 1 -1.19209e-7 2.154822 0 0 0 1</matrix>
          <node id="Dorkim_b_hurim_Skin_pelvis" name="pelvis" sid="pelvis" type="JOINT">
            <matrix sid="transform">1 0 1.06555e-8 2.88204e-4 -3.96948e-16 1 3.72528e-8 -0.1648533 -1.06555e-8 -3.72528e-8 1 -0.05965076 0 0 0 1</matrix>
            <node id="Dorkim_b_hurim_Skin_femurleft" name="femurleft" sid="femurleft" type="JOINT">
              <matrix sid="transform">1 -5.5443e-15 5.09364e-9 0.2292777 0 1 0 -0.0098176 -5.09364e-9 2.48278e-10 1 0.05965088 0 0 0 1</matrix>
              <node id="Dorkim_b_hurim_Skin_butt-l" name="butt-l" sid="butt-l" type="JOINT">
                <matrix sid="transform">1 -6.03892e-15 4.2319e-9 4.67554e-4 1.89181e-15 1 -4.47035e-7 -0.098526 -4.2319e-9 4.47035e-7 1 -0.2278655 0 0 0 1</matrix>
                <extra>
                  <technique profile="blender">
                    <layer sid="layer" type="string">0</layer>
                    <roll sid="roll" type="float">0</roll>
                    <tip_x sid="tip_x" type="float">0</tip_x>
                    <tip_y sid="tip_y" type="float">0</tip_y>
                    <tip_z sid="tip_z" type="float">0.1</tip_z>
                  </technique>
                </extra>
              </node>
              <node id="Dorkim_b_hurim_Skin_knee-l-top" name="knee-l-top" sid="knee-l-top" type="JOINT">
                <matrix sid="transform">1 -6.03892e-15 7.79386e-9 0.0283868 0 0.9999999 0 -0.4877242 -7.79386e-9 0 1 0.3577119 0 0 0 1</matrix>
                <extra>
                  <technique profile="blender">
                    <layer sid="layer" type="string">0</layer>
                    <roll sid="roll" type="float">0</roll>
                    <tip_x sid="tip_x" type="float">0</tip_x>
                    <tip_y sid="tip_y" type="float">0</tip_y>
                    <tip_z sid="tip_z" type="float">0.1</tip_z>
                  </technique>
                </extra>
              </node>
              <node id="Dorkim_b_hurim_Skin_knee-l-bopttom" name="knee-l-bopttom" sid="knee-l-bopttom" type="JOINT">
                <matrix sid="transform">1 -6.03892e-15 3.00215e-8 0.03209621 4.47355e-15 1 -1.49012e-7 -0.736926 -3.00215e-8 1.49012e-7 1 -0.03760034 0 0 0 1</matrix>
                <node id="Dorkim_b_hurim_Skin_ankle_left" name="ankle left" sid="ankle_left" type="JOINT">
                  <matrix sid="transform">1 -5.11041e-8 9.27724e-7 0.008728117 3.09469e-7 -0.9295399 -0.3687218 -1.121673 8.81199e-7 0.3687218 -0.9295413 -0.0627567 0 0 0 1</matrix>
                  <node id="Dorkim_b_hurim_Skin_foot_left01" name="foot left01" sid="foot_left01" type="JOINT">
                    <matrix sid="transform">1 7.94595e-7 3.24032e-5 2.38419e-7 -3.01607e-5 0.3889571 0.9212559 0.216839 -1.18714e-5 -0.9212559 0.388957 -0.2809219 0 0 0 1</matrix>
                    <extra>
                      <technique profile="blender">
                        <layer sid="layer" type="string">0</layer>
                        <roll sid="roll" type="float">3.2705e-5</roll>
                        <tip_x sid="tip_x" type="float">0</tip_x>
                        <tip_y sid="tip_y" type="float">-0.09997612</tip_y>
                        <tip_z sid="tip_z" type="float">-0.002186357</tip_z>
                      </technique>
                    </extra>
                  </node>
                  <extra>
                    <technique profile="blender">
                      <layer sid="layer" type="string">0</layer>
                      <roll sid="roll" type="float">8.59183e-7</roll>
                      <tip_x sid="tip_x" type="float">0</tip_x>
                      <tip_y sid="tip_y" type="float">-0.03687214</tip_y>
                      <tip_z sid="tip_z" type="float">-0.09295403</tip_z>
                    </technique>
                  </extra>
                </node>
                <extra>
                  <technique profile="blender">
                    <layer sid="layer" type="string">0</layer>
                    <roll sid="roll" type="float">0</roll>
                    <tip_x sid="tip_x" type="float">0</tip_x>
                    <tip_y sid="tip_y" type="float">0</tip_y>
                    <tip_z sid="tip_z" type="float">0.1</tip_z>
                  </technique>
                </extra>
              </node>
              <extra>
                <technique profile="blender">
                  <layer sid="layer" type="string">0</layer>
                  <roll sid="roll" type="float">0</roll>
                  <tip_x sid="tip_x" type="float">0</tip_x>
                  <tip_y sid="tip_y" type="float">0</tip_y>
                  <tip_z sid="tip_z" type="float">0.0999999</tip_z>
                </technique>
              </extra>
            </node>
            <node id="Dorkim_b_hurim_Skin_femurright" name="femurright" sid="femurright" type="JOINT">
              <matrix sid="transform">1 -5.5443e-15 5.09365e-9 -0.2316408 0 1 0 -0.0098176 -5.09365e-9 2.48278e-10 1 0.05965088 0 0 0 1</matrix>
              <node id="Dorkim_b_hurim_Skin_butt-r" name="butt-r" sid="butt-r" type="JOINT">
                <matrix sid="transform">1 -6.03892e-15 5.58592e-9 -0.003262356 3.32947e-15 1 -5.96046e-7 -0.09589529 -5.58592e-9 5.96046e-7 1 -0.2262757 0 0 0 1</matrix>
                <extra>
                  <technique profile="blender">
                    <layer sid="layer" type="string">0</layer>
                    <roll sid="roll" type="float">0</roll>
                    <tip_x sid="tip_x" type="float">0</tip_x>
                    <tip_y sid="tip_y" type="float">0</tip_y>
                    <tip_z sid="tip_z" type="float">0.1</tip_z>
                  </technique>
                </extra>
              </node>
              <node id="Dorkim_b_hurim_Skin_knee-r-top" name="knee-r-top" sid="knee-r-top" type="JOINT">
                <matrix sid="transform">1 -6.03892e-15 9.03824e-9 0.05288468 5.38721e-15 0.9999999 -5.96046e-7 -0.4883386 -9.03824e-9 5.96046e-7 1 0.3589506 0 0 0 1</matrix>
                <extra>
                  <technique profile="blender">
                    <layer sid="layer" type="string">0</layer>
                    <roll sid="roll" type="float">0</roll>
                    <tip_x sid="tip_x" type="float">0</tip_x>
                    <tip_y sid="tip_y" type="float">0</tip_y>
                    <tip_z sid="tip_z" type="float">0.1</tip_z>
                  </technique>
                </extra>
              </node>
              <node id="Dorkim_b_hurim_Skin_knee-r-bopttom" name="knee-r-bopttom" sid="knee-r-bopttom" type="JOINT">
                <matrix sid="transform">1 -6.03892e-15 1.89711e-8 -0.01414061 0 1 0 -0.7370361 -1.89711e-8 0 1 -0.03760032 0 0 0 1</matrix>
                <node id="Dorkim_b_hurim_Skin_ankleright" name="ankleright" sid="ankleright" type="JOINT">
                  <matrix sid="transform">1 -2.79397e-8 8.61673e-7 -0.01317592 2.91746e-7 -0.92954 -0.3687211 -1.118303 8.11261e-7 0.3687211 -0.9295394 -0.06275678 0 0 0 1</matrix>
                  <node id="Dorkim_b_hurim_Skin_foot_right01" name="foot right01" sid="foot_right01" type="JOINT">
                    <matrix sid="transform">1 7.36109e-7 2.44991e-5 2.68221e-7 -2.28563e-5 0.3889574 0.9212557 0.2168392 -8.85097e-6 -0.9212557 0.3889574 -0.2809224 0 0 0 1</matrix>
                    <extra>
                      <technique profile="blender">
                        <layer sid="layer" type="string">0</layer>
                        <roll sid="roll" type="float">2.48081e-5</roll>
                        <tip_x sid="tip_x" type="float">0</tip_x>
                        <tip_y sid="tip_y" type="float">-0.09997606</tip_y>
                        <tip_z sid="tip_z" type="float">-0.002186477</tip_z>
                      </technique>
                    </extra>
                  </node>
                  <extra>
                    <technique profile="blender">
                      <layer sid="layer" type="string">0</layer>
                      <roll sid="roll" type="float">7.9791e-7</roll>
                      <tip_x sid="tip_x" type="float">0</tip_x>
                      <tip_y sid="tip_y" type="float">-0.03687208</tip_y>
                      <tip_z sid="tip_z" type="float">-0.09295403</tip_z>
                    </technique>
                  </extra>
                </node>
                <extra>
                  <technique profile="blender">
                    <layer sid="layer" type="string">0</layer>
                    <roll sid="roll" type="float">0</roll>
                    <tip_x sid="tip_x" type="float">0</tip_x>
                    <tip_y sid="tip_y" type="float">0</tip_y>
                    <tip_z sid="tip_z" type="float">0.1</tip_z>
                  </technique>
                </extra>
              </node>
              <extra>
                <technique profile="blender">
                  <layer sid="layer" type="string">0</layer>
                  <roll sid="roll" type="float">0</roll>
                  <tip_x sid="tip_x" type="float">0</tip_x>
                  <tip_y sid="tip_y" type="float">0</tip_y>
                  <tip_z sid="tip_z" type="float">0.0999999</tip_z>
                </technique>
              </extra>
            </node>
            <node id="Dorkim_b_hurim_Skin_lumbar" name="lumbar" sid="lumbar" type="JOINT">
              <matrix sid="transform">1 -5.5443e-15 4.81516e-9 0.004538174 0 1 3.72529e-8 0.189765 -4.81516e-9 -3.70047e-8 1 -0.05340066 0 0 0 1</matrix>
              <node id="Dorkim_b_hurim_Skin_rib" name="rib" sid="rib" type="JOINT">
                <matrix sid="transform">1 -5.8325e-15 4.3098e-9 -0.01278648 0 1 0 0.7050576 -4.3098e-9 2.48249e-10 1 0.1130516 0 0 0 1</matrix>
                <node id="Dorkim_b_hurim_Skin_scapula" name="scapula" sid="scapula" type="JOINT">
                  <matrix sid="transform">0.2494214 -0.9683951 -4.62592e-8 0.4182977 0.968395 0.2494213 1.29961e-8 0.2449708 -1.04729e-9 -4.80386e-8 1 -4.3226e-8 0 0 0 1</matrix>
                  <node id="Dorkim_b_hurim_Skin_ulna" name="ulna" sid="ulna" type="JOINT">
                    <matrix sid="transform">0.9999999 -5.96046e-8 -6.14375e-8 0.1237381 5.96046e-8 0.9999999 -2.80664e-13 -0.5993565 6.14375e-8 2.73559e-13 1 3.7265e-9 0 0 0 1</matrix>
                    <node id="Dorkim_b_hurim_Skin_carpal" name="carpal" sid="carpal" type="JOINT">
                      <matrix sid="transform">0.9999999 5.81145e-7 -2.05542e-8 0.1033099 -5.06639e-7 0.9999999 -1.49012e-7 -0.5754042 2.05541e-8 1.49012e-7 1 0.07377817 0 0 0 1</matrix>
                      <node id="Dorkim_b_hurim_Skin_ammo_node_1" name="ammo node 1" sid="ammo_node_1" type="JOINT">
                        <matrix sid="transform">1 -4.07454e-10 -2.40356e-5 0.1766822 -2.42442e-5 0.001921802 -0.9999982 0.235345 4.6572e-8 0.9999982 0.001921775 -0.07377826 0 0 0 1</matrix>
                        <extra>
                          <technique profile="blender">
                            <layer sid="layer" type="string">0</layer>
                            <roll sid="roll" type="float">-2.327003</roll>
                            <tip_x sid="tip_x" type="float">-1.86086e-4</tip_x>
                            <tip_y sid="tip_y" type="float">-0.09999984</tip_y>
                            <tip_z sid="tip_z" type="float">4.79221e-5</tip_z>
                          </technique>
                        </extra>
                      </node>
                      <extra>
                        <technique profile="blender">
                          <layer sid="layer" type="string">0</layer>
                          <roll sid="roll" type="float">-1.318713</roll>
                          <tip_x sid="tip_x" type="float">-0.09683942</tip_x>
                          <tip_y sid="tip_y" type="float">0</tip_y>
                          <tip_z sid="tip_z" type="float">0.02494215</tip_z>
                        </technique>
                      </extra>
                    </node>
                    <extra>
                      <technique profile="blender">
                        <layer sid="layer" type="string">0</layer>
                        <roll sid="roll" type="float">-1.318714</roll>
                        <tip_x sid="tip_x" type="float">-0.09683966</tip_x>
                        <tip_y sid="tip_y" type="float">0</tip_y>
                        <tip_z sid="tip_z" type="float">0.02494215</tip_z>
                      </technique>
                    </extra>
                  </node>
                  <extra>
                    <technique profile="blender">
                      <layer sid="layer" type="string">0</layer>
                      <roll sid="roll" type="float">-1.318714</roll>
                      <tip_x sid="tip_x" type="float">-0.0968396</tip_x>
                      <tip_y sid="tip_y" type="float">0</tip_y>
                      <tip_z sid="tip_z" type="float">0.02494215</tip_z>
                    </technique>
                  </extra>
                </node>
                <node id="Dorkim_b_hurim_Skin_scapula01" name="scapula01" sid="scapula01" type="JOINT">
                  <matrix sid="transform">0.220525 0.9753813 -6.92829e-8 -0.4432708 -0.9753813 0.2205249 8.58739e-8 0.2449708 9.90384e-8 4.86399e-8 1 -4.3226e-8 0 0 0 1</matrix>
                  <node id="Dorkim_b_hurim_Skin_ulna01" name="ulna01" sid="ulna01" type="JOINT">
                    <matrix sid="transform">0.9999999 -2.38419e-7 -7.31776e-8 -0.1120021 2.38419e-7 1 -1.19209e-7 -0.5993564 7.31777e-8 1.19209e-7 1 -3.8163e-9 0 0 0 1</matrix>
                    <node id="Dorkim_b_hurim_Skin_carpal_right" name="carpal right" sid="carpal_right" type="JOINT">
                      <matrix sid="transform">0.9999999 -2.83122e-7 5.81373e-8 -0.1377442 1.78814e-7 1 -2.82885e-13 -0.5311357 -5.81373e-8 2.6823e-13 1 -1.37708e-7 0 0 0 1</matrix>
                      <node id="Dorkim_b_hurim_Skin_smoke_node_1" name="smoke node 1" sid="smoke_node_1" type="JOINT">
                        <matrix sid="transform">0.9999999 -7.43894e-7 1.93417e-5 0.02609396 1.91331e-5 -0.006738603 -0.9999773 -0.1824126 8.74205e-7 0.9999773 -0.006738544 0.04844671 0 0 0 1</matrix>
                        <node id="Dorkim_b_hurim_Skin_ammo_node_0" name="ammo node 0" sid="ammo_node_0" type="JOINT">
                          <matrix sid="transform">1 5.93513e-5 1.85444e-6 0.002616882 -1.45508e-6 -0.006740565 0.9999774 1.569697 5.9396e-5 -0.9999774 -0.006740574 0.04451573 0 0 0 1</matrix>
                          <extra>
                            <technique profile="blender">
                              <layer sid="layer" type="string">0</layer>
                              <roll sid="roll" type="float">1.348484</roll>
                              <tip_x sid="tip_x" type="float">0.09801518</tip_x>
                              <tip_y sid="tip_y" type="float">1.19209e-7</tip_y>
                              <tip_z sid="tip_z" type="float">0.02215623</tip_z>
                            </technique>
                          </extra>
                        </node>
                        <extra>
                          <technique profile="blender">
                            <layer sid="layer" type="string">0</layer>
                            <roll sid="roll" type="float">1.34874</roll>
                            <tip_x sid="tip_x" type="float">-6.5732e-4</tip_x>
                            <tip_y sid="tip_y" type="float">-0.09999769</tip_y>
                            <tip_z sid="tip_z" type="float">-1.48535e-4</tip_z>
                          </technique>
                        </extra>
                      </node>
                      <extra>
                        <technique profile="blender">
                          <layer sid="layer" type="string">0</layer>
                          <roll sid="roll" type="float">1.348443</roll>
                          <tip_x sid="tip_x" type="float">0.09753811</tip_x>
                          <tip_y sid="tip_y" type="float">0</tip_y>
                          <tip_z sid="tip_z" type="float">0.02205252</tip_z>
                        </technique>
                      </extra>
                    </node>
                    <extra>
                      <technique profile="blender">
                        <layer sid="layer" type="string">0</layer>
                        <roll sid="roll" type="float">1.348444</roll>
                        <tip_x sid="tip_x" type="float">0.09753829</tip_x>
                        <tip_y sid="tip_y" type="float">0</tip_y>
                        <tip_z sid="tip_z" type="float">0.02205252</tip_z>
                      </technique>
                    </extra>
                  </node>
                  <extra>
                    <technique profile="blender">
                      <layer sid="layer" type="string">0</layer>
                      <roll sid="roll" type="float">1.348444</roll>
                      <tip_x sid="tip_x" type="float">0.09753823</tip_x>
                      <tip_y sid="tip_y" type="float">0</tip_y>
                      <tip_z sid="tip_z" type="float">0.02205252</tip_z>
                    </technique>
                  </extra>
                </node>
                <node id="Dorkim_b_hurim_Skin_neck" name="neck" sid="neck" type="JOINT">
                  <matrix sid="transform">1 -6.09045e-15 3.8053e-9 -0.01369714 2.27727e-16 0.9999999 -5.98444e-8 0.4694993 -3.8053e-9 5.98444e-8 1 -1.36874e-7 0 0 0 1</matrix>
                  <node id="Dorkim_b_hurim_Skin_skull" name="skull" sid="skull" type="JOINT">
                    <matrix sid="transform">1 -6.54594e-15 1.56953e-9 -0.007297663 0 1 1.86269e-9 0.4520025 -1.56953e-9 -1.86269e-9 1 7.10191e-8 0 0 0 1</matrix>
                    <node id="Dorkim_b_hurim_Skin_cloaktop" name="cloaktop" sid="cloaktop" type="JOINT">
                      <matrix sid="transform">1 -6.73088e-15 3.25259e-9 0.03092997 9.6935e-16 1 -2.98024e-7 -0.57021 -3.25259e-9 2.98024e-7 1 -0.1981267 0 0 0 1</matrix>
                      <node id="Dorkim_b_hurim_Skin_cloak" name="cloak" sid="cloak" type="JOINT">
                        <matrix sid="transform">1 -8.0835e-15 1.42791e-10 0.004538156 0 1 4.47034e-7 -0.8590813 -1.42791e-10 -4.48409e-7 1 -0.2356976 0 0 0 1</matrix>
                        <node id="Dorkim_b_hurim_Skin_cloakbottom" name="cloakbottom" sid="cloakbottom" type="JOINT">
                          <matrix sid="transform">1 -8.07905e-15 0 -0.02733967 0 1 -7.45058e-8 -0.8312191 0 7.3132e-8 1 -0.1177093 0 0 0 1</matrix>
                          <extra>
                            <technique profile="blender">
                              <layer sid="layer" type="string">0</layer>
                              <roll sid="roll" type="float">0</roll>
                              <tip_x sid="tip_x" type="float">0</tip_x>
                              <tip_y sid="tip_y" type="float">0</tip_y>
                              <tip_z sid="tip_z" type="float">0.1</tip_z>
                            </technique>
                          </extra>
                        </node>
                        <extra>
                          <technique profile="blender">
                            <layer sid="layer" type="string">0</layer>
                            <roll sid="roll" type="float">0</roll>
                            <tip_x sid="tip_x" type="float">0</tip_x>
                            <tip_y sid="tip_y" type="float">0</tip_y>
                            <tip_z sid="tip_z" type="float">0.1000001</tip_z>
                          </technique>
                        </extra>
                      </node>
                      <extra>
                        <technique profile="blender">
                          <layer sid="layer" type="string">0</layer>
                          <roll sid="roll" type="float">0</roll>
                          <tip_x sid="tip_x" type="float">0</tip_x>
                          <tip_y sid="tip_y" type="float">0</tip_y>
                          <tip_z sid="tip_z" type="float">0.0999999</tip_z>
                        </technique>
                      </extra>
                    </node>
                    <node id="Dorkim_b_hurim_Skin_nogginbottom" name="nogginbottom" sid="nogginbottom" type="JOINT">
                      <matrix sid="transform">1 2.3283e-9 2.3955e-7 0.001799161 -1.23428e-8 0.9991254 0.0418141 0.08982587 -2.39243e-7 -0.0418141 0.9991254 0.2822085 0 0 0 1</matrix>
                      <extra>
                        <technique profile="blender">
                          <layer sid="layer" type="string">0</layer>
                          <roll sid="roll" type="float">2.98529e-7</roll>
                          <tip_x sid="tip_x" type="float">0</tip_x>
                          <tip_y sid="tip_y" type="float">0.004181385</tip_y>
                          <tip_z sid="tip_z" type="float">0.09991264</tip_z>
                        </technique>
                      </extra>
                    </node>
                    <node id="Dorkim_b_hurim_Skin_plumes" name="plumes" sid="plumes" type="JOINT">
                      <matrix sid="transform">1 -6.66134e-15 4.80032e-7 -0.002369052 -1.01293e-8 0.9997773 0.02110134 0.1819341 -4.79925e-7 -0.02110134 0.9997773 0.1862074 0 0 0 1</matrix>
                      <extra>
                        <technique profile="blender">
                          <layer sid="layer" type="string">0</layer>
                          <roll sid="roll" type="float">5.39049e-7</roll>
                          <tip_x sid="tip_x" type="float">0</tip_x>
                          <tip_y sid="tip_y" type="float">0.002110123</tip_y>
                          <tip_z sid="tip_z" type="float">0.09997797</tip_z>
                        </technique>
                      </extra>
                    </node>
                    <node id="Dorkim_b_hurim_Skin_skulltop" name="skulltop" sid="skulltop" type="JOINT">
                      <matrix sid="transform">1 -6.73088e-15 4.67863e-9 -0.00416824 0 1 7.10543e-14 0.3702886 -4.67863e-9 -7.10543e-14 1 -4.26326e-14 0 0 0 1</matrix>
                      <extra>
                        <technique profile="blender">
                          <layer sid="layer" type="string">0</layer>
                          <roll sid="roll" type="float">0</roll>
                          <tip_x sid="tip_x" type="float">0</tip_x>
                          <tip_y sid="tip_y" type="float">0</tip_y>
                          <tip_z sid="tip_z" type="float">0.0999999</tip_z>
                        </technique>
                      </extra>
                    </node>
                    <extra>
                      <technique profile="blender">
                        <layer sid="layer" type="string">0</layer>
                        <roll sid="roll" type="float">0</roll>
                        <tip_x sid="tip_x" type="float">0</tip_x>
                        <tip_y sid="tip_y" type="float">0</tip_y>
                        <tip_z sid="tip_z" type="float">0.1000001</tip_z>
                      </technique>
                    </extra>
                  </node>
                  <node id="Dorkim_b_hurim_Skin_smoke_node_0" name="smoke node 0" sid="smoke_node_0" type="JOINT">
                    <matrix sid="transform">1 -5.06081e-5 -1.10468e-6 0.006514961 -1.10467e-6 1.02446e-7 -0.9999999 0.09218764 5.06081e-5 0.9999999 2.35801e-7 0.2430202 0 0 0 1</matrix>
                    <extra>
                      <technique profile="blender">
                        <layer sid="layer" type="string">0</layer>
                        <roll sid="roll" type="float">3.141592</roll>
                        <tip_x sid="tip_x" type="float">-5.05522e-6</tip_x>
                        <tip_y sid="tip_y" type="float">-0.09999996</tip_y>
                        <tip_z sid="tip_z" type="float">0</tip_z>
                      </technique>
                    </extra>
                  </node>
                  <extra>
                    <technique profile="blender">
                      <layer sid="layer" type="string">0</layer>
                      <roll sid="roll" type="float">0</roll>
                      <tip_x sid="tip_x" type="float">0</tip_x>
                      <tip_y sid="tip_y" type="float">0</tip_y>
                      <tip_z sid="tip_z" type="float">0.1000001</tip_z>
                    </technique>
                  </extra>
                </node>
                <extra>
                  <technique profile="blender">
                    <layer sid="layer" type="string">0</layer>
                    <roll sid="roll" type="float">0</roll>
                    <tip_x sid="tip_x" type="float">0</tip_x>
                    <tip_y sid="tip_y" type="float">0</tip_y>
                    <tip_z sid="tip_z" type="float">0.0999999</tip_z>
                  </technique>
                </extra>
              </node>
              <extra>
                <technique profile="blender">
                  <layer sid="layer" type="string">0</layer>
                  <roll sid="roll" type="float">0</roll>
                  <tip_x sid="tip_x" type="float">0</tip_x>
                  <tip_y sid="tip_y" type="float">0</tip_y>
                  <tip_z sid="tip_z" type="float">0.0999999</tip_z>
                </technique>
              </extra>
            </node>
            <extra>
              <technique profile="blender">
                <layer sid="layer" type="string">0</layer>
                <roll sid="roll" type="float">0</roll>
                <tip_x sid="tip_x" type="float">0</tip_x>
                <tip_y sid="tip_y" type="float">0</tip_y>
                <tip_z sid="tip_z" type="float">0.1000001</tip_z>
              </technique>
            </extra>
          </node>
          <extra>
            <technique profile="blender">
              <layer sid="layer" type="string">0</layer>
              <roll sid="roll" type="float">0</roll>
              <tip_x sid="tip_x" type="float">0</tip_x>
              <tip_y sid="tip_y" type="float">0</tip_y>
              <tip_z sid="tip_z" type="float">0.1000001</tip_z>
            </technique>
          </extra>
        </node>
      </node>
      <node id="lukhata" name="lukhata" type="NODE">
        <translate sid="location">0 0 0</translate>
        <rotate sid="rotationZ">0 0 1 0</rotate>
        <rotate sid="rotationY">0 1 0 0</rotate>
        <rotate sid="rotationX">1 0 0 0</rotate>
        <scale sid="scale">1 1 1</scale>
        <instance_controller url="#Dorkim_b_hurim_Skin_lukhata-skin">
          <skeleton>#Dorkim_b_hurim_Skin_root</skeleton>
          <bind_material>
            <technique_common>
              <instance_material symbol="Lukhata_001-material" target="#Lukhata_001-material"/>
              <instance_material symbol="lukhata-material" target="#lukhata-material"/>
              <instance_material symbol="Material__2_001-material" target="#Material__2_001-material"/>
            </technique_common>
          </bind_material>
        </instance_controller>
      </node>
      <node id="Lamp" name="Lamp" type="NODE">
        <matrix sid="transform">-0.2908646 -0.7711008 0.5663932 4.076245 0.9551712 -0.1998834 0.2183912 1.005454 -0.05518906 0.6045247 0.7946723 5.903862 0 0 0 1</matrix>
        <instance_light url="#Lamp-light"/>
      </node>
      <node id="LAMP_FRONT_PEACH" name="LAMP_FRONT_PEACH" type="NODE">
        <matrix sid="transform">3.595629 0.1442683 -0.009944758 0.07793808 -0.1375951 3.336951 -1.339883 -21.84175 -0.04449517 1.339181 3.339772 55.79722 0 0 0 1</matrix>
        <instance_light url="#LAMP_FRONT_PEACH-light"/>
      </node>
      <node id="Lamp_WEST" name="Lamp_WEST" type="NODE">
        <matrix sid="transform">0.08779047 -2.860229 2.181936 -28.80603 3.591979 0.1901837 0.1047819 3.436447 -0.1985999 2.175404 2.859657 33.30629 0 0 0 1</matrix>
        <instance_light url="#Lamp_WEST-light"/>
      </node>
    </visual_scene>
  </library_visual_scenes>
  <scene>
    <instance_visual_scene url="#Scene"/>
  </scene>
</COLLADA>