<?xml version="1.0" encoding="utf-8"?>
<COLLADA xmlns="http://www.collada.org/2005/11/COLLADASchema" version="1.4.1" xmlns:xsi="http://www.w3.org/2001/XMLSchema-instance">
  <asset>
    <contributor>
      <author>Blender User</author>
      <authoring_tool>Blender 2.79.0 commit date:2017-09-11, commit time:10:43, hash:5bd8ac9</authoring_tool>
    </contributor>
    <created>2019-02-03T10:59:02</created>
    <modified>2019-02-03T10:59:02</modified>
    <unit name="meter" meter="1"/>
    <up_axis>Z_UP</up_axis>
  </asset>
  <library_cameras>
    <camera id="Camera-camera" name="Camera">
      <optics>
        <technique_common>
          <perspective>
            <xfov sid="xfov">49.13434</xfov>
            <aspect_ratio>1.777778</aspect_ratio>
            <znear sid="znear">0.1</znear>
            <zfar sid="zfar">100</zfar>
          </perspective>
        </technique_common>
      </optics>
      <extra>
        <technique profile="blender">
          <shiftx sid="shiftx" type="float">0</shiftx>
          <shifty sid="shifty" type="float">0</shifty>
          <YF_dofdist sid="YF_dofdist" type="float">0</YF_dofdist>
        </technique>
      </extra>
    </camera>
  </library_cameras>
  <library_lights>
    <light id="LAMP_FRONT_PEACH-light" name="Lamp.002">
      <technique_common>
        <ambient>
          <color>1 1 1</color>
        </ambient>
      </technique_common>
      <extra>
        <technique profile="blender">
          <type sid="type" type="int">3</type>
          <flag sid="flag" type="int">0</flag>
          <mode sid="mode" type="int">8192</mode>
          <gamma sid="blender_gamma" type="float">1</gamma>
          <red sid="red" type="float">1</red>
          <green sid="green" type="float">1</green>
          <blue sid="blue" type="float">1</blue>
          <shadow_r sid="blender_shadow_r" type="float">0</shadow_r>
          <shadow_g sid="blender_shadow_g" type="float">0</shadow_g>
          <shadow_b sid="blender_shadow_b" type="float">0</shadow_b>
          <energy sid="blender_energy" type="float">1</energy>
          <dist sid="blender_dist" type="float">29.99998</dist>
          <spotsize sid="spotsize" type="float">75</spotsize>
          <spotblend sid="spotblend" type="float">0.15</spotblend>
          <halo_intensity sid="blnder_halo_intensity" type="float">1</halo_intensity>
          <att1 sid="att1" type="float">0</att1>
          <att2 sid="att2" type="float">1</att2>
          <falloff_type sid="falloff_type" type="int">2</falloff_type>
          <clipsta sid="clipsta" type="float">1.000799</clipsta>
          <clipend sid="clipend" type="float">30.002</clipend>
          <bias sid="bias" type="float">1</bias>
          <soft sid="soft" type="float">3</soft>
          <compressthresh sid="compressthresh" type="float">0.04999995</compressthresh>
          <bufsize sid="bufsize" type="int">2880</bufsize>
          <samp sid="samp" type="int">3</samp>
          <buffers sid="buffers" type="int">1</buffers>
          <filtertype sid="filtertype" type="int">0</filtertype>
          <bufflag sid="bufflag" type="int">0</bufflag>
          <buftype sid="buftype" type="int">2</buftype>
          <ray_samp sid="ray_samp" type="int">1</ray_samp>
          <ray_sampy sid="ray_sampy" type="int">1</ray_sampy>
          <ray_sampz sid="ray_sampz" type="int">1</ray_sampz>
          <ray_samp_type sid="ray_samp_type" type="int">0</ray_samp_type>
          <area_shape sid="area_shape" type="int">0</area_shape>
          <area_size sid="area_size" type="float">10000</area_size>
          <area_sizey sid="area_sizey" type="float">100</area_sizey>
          <area_sizez sid="area_sizez" type="float">1</area_sizez>
          <adapt_thresh sid="adapt_thresh" type="float">0.000999987</adapt_thresh>
          <ray_samp_method sid="ray_samp_method" type="int">1</ray_samp_method>
          <shadhalostep sid="shadhalostep" type="int">0</shadhalostep>
          <sun_effect_type sid="sun_effect_type" type="int">0</sun_effect_type>
          <skyblendtype sid="skyblendtype" type="int">1</skyblendtype>
          <horizon_brightness sid="horizon_brightness" type="float">1</horizon_brightness>
          <spread sid="spread" type="float">1</spread>
          <sun_brightness sid="sun_brightness" type="float">1</sun_brightness>
          <sun_size sid="sun_size" type="float">1</sun_size>
          <backscattered_light sid="backscattered_light" type="float">1</backscattered_light>
          <sun_intensity sid="sun_intensity" type="float">1</sun_intensity>
          <atm_turbidity sid="atm_turbidity" type="float">2</atm_turbidity>
          <atm_extinction_factor sid="atm_extinction_factor" type="float">1</atm_extinction_factor>
          <atm_distance_factor sid="atm_distance_factor" type="float">1</atm_distance_factor>
          <skyblendfac sid="skyblendfac" type="float">1</skyblendfac>
          <sky_exposure sid="sky_exposure" type="float">1</sky_exposure>
          <sky_colorspace sid="sky_colorspace" type="int">0</sky_colorspace>
        </technique>
      </extra>
    </light>
    <light id="Lamp_WEST-light" name="Lamp.003">
      <technique_common>
        <directional>
          <color sid="color">1 1 1</color>
        </directional>
      </technique_common>
      <extra>
        <technique profile="blender">
          <type sid="type" type="int">1</type>
          <flag sid="flag" type="int">0</flag>
          <mode sid="mode" type="int">8192</mode>
          <gamma sid="blender_gamma" type="float">1</gamma>
          <red sid="red" type="float">1</red>
          <green sid="green" type="float">1</green>
          <blue sid="blue" type="float">1</blue>
          <shadow_r sid="blender_shadow_r" type="float">0</shadow_r>
          <shadow_g sid="blender_shadow_g" type="float">0</shadow_g>
          <shadow_b sid="blender_shadow_b" type="float">0</shadow_b>
          <energy sid="blender_energy" type="float">1</energy>
          <dist sid="blender_dist" type="float">29.99998</dist>
          <spotsize sid="spotsize" type="float">75</spotsize>
          <spotblend sid="spotblend" type="float">0.15</spotblend>
          <halo_intensity sid="blnder_halo_intensity" type="float">1</halo_intensity>
          <att1 sid="att1" type="float">0</att1>
          <att2 sid="att2" type="float">1</att2>
          <falloff_type sid="falloff_type" type="int">2</falloff_type>
          <clipsta sid="clipsta" type="float">1.000799</clipsta>
          <clipend sid="clipend" type="float">30.002</clipend>
          <bias sid="bias" type="float">1</bias>
          <soft sid="soft" type="float">3</soft>
          <compressthresh sid="compressthresh" type="float">0.04999995</compressthresh>
          <bufsize sid="bufsize" type="int">2880</bufsize>
          <samp sid="samp" type="int">3</samp>
          <buffers sid="buffers" type="int">1</buffers>
          <filtertype sid="filtertype" type="int">0</filtertype>
          <bufflag sid="bufflag" type="int">0</bufflag>
          <buftype sid="buftype" type="int">2</buftype>
          <ray_samp sid="ray_samp" type="int">1</ray_samp>
          <ray_sampy sid="ray_sampy" type="int">1</ray_sampy>
          <ray_sampz sid="ray_sampz" type="int">1</ray_sampz>
          <ray_samp_type sid="ray_samp_type" type="int">0</ray_samp_type>
          <area_shape sid="area_shape" type="int">1</area_shape>
          <area_size sid="area_size" type="float">0.1</area_size>
          <area_sizey sid="area_sizey" type="float">0.1</area_sizey>
          <area_sizez sid="area_sizez" type="float">1</area_sizez>
          <adapt_thresh sid="adapt_thresh" type="float">0.000999987</adapt_thresh>
          <ray_samp_method sid="ray_samp_method" type="int">1</ray_samp_method>
          <shadhalostep sid="shadhalostep" type="int">0</shadhalostep>
          <sun_effect_type sid="sun_effect_type" type="int">0</sun_effect_type>
          <skyblendtype sid="skyblendtype" type="int">1</skyblendtype>
          <horizon_brightness sid="horizon_brightness" type="float">1</horizon_brightness>
          <spread sid="spread" type="float">1</spread>
          <sun_brightness sid="sun_brightness" type="float">1</sun_brightness>
          <sun_size sid="sun_size" type="float">1</sun_size>
          <backscattered_light sid="backscattered_light" type="float">1</backscattered_light>
          <sun_intensity sid="sun_intensity" type="float">1</sun_intensity>
          <atm_turbidity sid="atm_turbidity" type="float">2</atm_turbidity>
          <atm_extinction_factor sid="atm_extinction_factor" type="float">1</atm_extinction_factor>
          <atm_distance_factor sid="atm_distance_factor" type="float">1</atm_distance_factor>
          <skyblendfac sid="skyblendfac" type="float">1</skyblendfac>
          <sky_exposure sid="sky_exposure" type="float">1</sky_exposure>
          <sky_colorspace sid="sky_colorspace" type="int">0</sky_colorspace>
        </technique>
      </extra>
    </light>
    <light id="Lamp-light" name="Lamp">
      <technique_common>
        <point>
          <color sid="color">1 1 1</color>
          <constant_attenuation>1</constant_attenuation>
          <linear_attenuation>0</linear_attenuation>
          <quadratic_attenuation>0.00111109</quadratic_attenuation>
        </point>
      </technique_common>
      <extra>
        <technique profile="blender">
          <type sid="type" type="int">0</type>
          <flag sid="flag" type="int">0</flag>
          <mode sid="mode" type="int">8192</mode>
          <gamma sid="blender_gamma" type="float">1</gamma>
          <red sid="red" type="float">1</red>
          <green sid="green" type="float">1</green>
          <blue sid="blue" type="float">1</blue>
          <shadow_r sid="blender_shadow_r" type="float">0</shadow_r>
          <shadow_g sid="blender_shadow_g" type="float">0</shadow_g>
          <shadow_b sid="blender_shadow_b" type="float">0</shadow_b>
          <energy sid="blender_energy" type="float">1</energy>
          <dist sid="blender_dist" type="float">29.99998</dist>
          <spotsize sid="spotsize" type="float">75</spotsize>
          <spotblend sid="spotblend" type="float">0.15</spotblend>
          <halo_intensity sid="blnder_halo_intensity" type="float">1</halo_intensity>
          <att1 sid="att1" type="float">0</att1>
          <att2 sid="att2" type="float">1</att2>
          <falloff_type sid="falloff_type" type="int">2</falloff_type>
          <clipsta sid="clipsta" type="float">1.000799</clipsta>
          <clipend sid="clipend" type="float">30.002</clipend>
          <bias sid="bias" type="float">1</bias>
          <soft sid="soft" type="float">3</soft>
          <compressthresh sid="compressthresh" type="float">0.04999995</compressthresh>
          <bufsize sid="bufsize" type="int">2880</bufsize>
          <samp sid="samp" type="int">3</samp>
          <buffers sid="buffers" type="int">1</buffers>
          <filtertype sid="filtertype" type="int">0</filtertype>
          <bufflag sid="bufflag" type="int">0</bufflag>
          <buftype sid="buftype" type="int">2</buftype>
          <ray_samp sid="ray_samp" type="int">1</ray_samp>
          <ray_sampy sid="ray_sampy" type="int">1</ray_sampy>
          <ray_sampz sid="ray_sampz" type="int">1</ray_sampz>
          <ray_samp_type sid="ray_samp_type" type="int">0</ray_samp_type>
          <area_shape sid="area_shape" type="int">1</area_shape>
          <area_size sid="area_size" type="float">0.1</area_size>
          <area_sizey sid="area_sizey" type="float">0.1</area_sizey>
          <area_sizez sid="area_sizez" type="float">1</area_sizez>
          <adapt_thresh sid="adapt_thresh" type="float">0.000999987</adapt_thresh>
          <ray_samp_method sid="ray_samp_method" type="int">1</ray_samp_method>
          <shadhalostep sid="shadhalostep" type="int">0</shadhalostep>
          <sun_effect_type sid="sun_effect_type" type="int">0</sun_effect_type>
          <skyblendtype sid="skyblendtype" type="int">1</skyblendtype>
          <horizon_brightness sid="horizon_brightness" type="float">1</horizon_brightness>
          <spread sid="spread" type="float">1</spread>
          <sun_brightness sid="sun_brightness" type="float">1</sun_brightness>
          <sun_size sid="sun_size" type="float">1</sun_size>
          <backscattered_light sid="backscattered_light" type="float">1</backscattered_light>
          <sun_intensity sid="sun_intensity" type="float">1</sun_intensity>
          <atm_turbidity sid="atm_turbidity" type="float">2</atm_turbidity>
          <atm_extinction_factor sid="atm_extinction_factor" type="float">1</atm_extinction_factor>
          <atm_distance_factor sid="atm_distance_factor" type="float">1</atm_distance_factor>
          <skyblendfac sid="skyblendfac" type="float">1</skyblendfac>
          <sky_exposure sid="sky_exposure" type="float">1</sky_exposure>
          <sky_colorspace sid="sky_colorspace" type="int">0</sky_colorspace>
        </technique>
      </extra>
    </light>
  </library_lights>
  <library_images/>
  <library_effects>
    <effect id="Lukhata_001-effect">
      <profile_COMMON>
        <technique sid="common">
          <phong>
            <emission>
              <color sid="emission">0 0 0 1</color>
            </emission>
            <ambient>
              <color sid="ambient">0 0 0 1</color>
            </ambient>
            <diffuse>
              <color sid="diffuse">0.64 0.64 0.64 1</color>
            </diffuse>
            <specular>
              <color sid="specular">0.5 0.5 0.5 1</color>
            </specular>
            <shininess>
              <float sid="shininess">50</float>
            </shininess>
            <index_of_refraction>
              <float sid="index_of_refraction">1</float>
            </index_of_refraction>
          </phong>
        </technique>
      </profile_COMMON>
    </effect>
  </library_effects>
  <library_materials>
    <material id="Lukhata_001-material" name="Lukhata_001">
      <instance_effect url="#Lukhata_001-effect"/>
    </material>
  </library_materials>
  <library_geometries>
    <geometry id="sword-mesh" name="sword">
      <mesh>
        <source id="sword-mesh-positions">
          <float_array id="sword-mesh-positions-array" count="1533">-0.02462089 -0.01568746 3.95728 -0.02462089 -0.01568746 3.95728 0.09701687 0.08165371 3.69787 -0.0212959 0.1395692 3.839824 -0.0229631 -0.1173783 3.972835 -0.02145165 0.219645 3.625812 -0.1060203 0.1803435 3.652981 -0.1060203 0.1803435 3.652981 -0.1763979 -0.0510559 3.716013 -0.1763979 -0.0510559 3.716013 -0.1763979 -0.0510559 3.716013 0.08372241 0.1773113 3.65483 0.08372241 0.1773113 3.65483 0.1281679 -0.01802098 3.713552 0.1281679 -0.01802098 3.713552 0.1281679 -0.01802098 3.713552 -0.1425287 0.1223301 3.694396 -0.1425287 0.1223301 3.694396 -0.02129495 0.1718198 3.669819 -0.02129495 0.1718198 3.669819 0.1153357 0.1091098 3.708081 0.1153357 0.1091098 3.708081 0.1153357 0.1091098 3.708081 0.1153357 0.1091098 3.708081 -0.1868088 -0.04390686 3.932689 -0.1868088 -0.04390686 3.932689 -0.1868088 -0.04390686 3.932689 -0.1915683 -0.07913035 3.956228 -0.1915683 -0.07913035 3.956228 -0.1915683 -0.07913035 3.956228 -0.1915683 -0.07913035 3.956228 -0.1582855 -0.2266971 3.799554 -0.1582855 -0.2266971 3.799554 -0.1582855 -0.2266971 3.799554 -0.01053106 -0.2293689 3.803141 -0.01053106 -0.2293689 3.803141 0.1242223 -0.03513634 3.930072 0.1242223 -0.03513634 3.930072 0.1242223 -0.03513634 3.930072 0.1242223 -0.03513634 3.930072 0.1242223 -0.03513634 3.930072 0.1242223 -0.03513634 3.930072 0.1350135 -0.0394771 3.93139 0.1350135 -0.0394771 3.93139 0.1350135 -0.0394771 3.93139 0.1350135 -0.0394771 3.93139 0.1374253 -0.2206301 3.822406 0.1374253 -0.2206301 3.822406 0.1374253 -0.2206301 3.822406 -0.1528282 0.1284108 3.81227 -0.1528282 0.1284108 3.81227 -0.1528282 0.1284108 3.81227 -0.1528282 0.1284108 3.81227 -0.0212956 0.1747214 3.780059 -0.0212956 0.1747214 3.780059 0.111928 0.1184311 3.832393 0.111928 0.1184311 3.832393 0.111928 0.1184311 3.832393 0.1247874 -0.141738 3.719313 0.1247874 -0.141738 3.719313 0.07694774 -0.263473 3.764784 0.07694774 -0.263473 3.764784 -0.0174787 -0.2943561 3.782489 -0.1110877 -0.265574 3.763053 -0.1110877 -0.265574 3.763053 -0.1691434 -0.1839594 3.724923 -0.1691434 -0.1839594 3.724923 -0.02392578 -0.07812982 3.961482 -0.02392578 -0.07812982 3.961482 0.1985873 -0.02602332 3.338954 -0.2532817 -0.04442667 3.752868 -0.226787 -0.02602589 3.338942 0.1684803 -0.2529341 3.748595 0.1684803 -0.2529341 3.748595 0.06095355 -0.1734363 3.336038 0.06095355 -0.1734363 3.336038 -0.196836 -0.2529357 3.748584 -0.196836 -0.2529357 3.748584 -0.08921021 -0.1734238 3.336033 -0.08921021 -0.1734238 3.336033 -0.01208788 -0.2891032 3.74859 -0.01208788 -0.2891032 3.74859 -0.01532995 -0.2481182 3.369037 -0.01532995 -0.2481182 3.369037 0.1270475 -0.2315267 3.556012 0.1270475 -0.2315267 3.556012 -0.01156997 -0.320548 3.511763 -0.1543757 -0.230999 3.552397 -0.1543757 -0.230999 3.552397 -0.04444074 -0.3205031 3.511457 0.02761358 -0.3206011 3.512128 0.02761358 -0.3206011 3.512128 -0.04436975 -0.3205031 3.511458 -0.01152193 -0.3538341 3.511724 -0.01152193 -0.3538341 3.511724 0.1256362 -0.235255 3.629558 0.1256362 -0.235255 3.629558 0.002135813 -0.2624511 3.648855 -0.01920557 -0.2622158 3.645143 -0.151895 -0.2342199 3.620709 -0.151895 -0.2342199 3.620709 0.2250755 -0.04441916 3.752882 -0.01408743 0.1646043 3.343816 -0.01408743 0.1646043 3.343816 -0.01408833 0.2066949 3.753869 -0.01408833 0.2066949 3.753869 0.1970951 0.07863491 3.652325 -0.005396783 0.2176735 3.59607 -0.1499452 0.177963 3.617067 -0.2702373 -0.05423057 3.668119 0.1743715 0.1749033 3.618504 0.2503398 -0.05343818 3.667868 -0.2578379 -0.1871353 3.677003 0.2445618 -0.1771141 3.674242 0.00139451 -0.3306159 3.724088 -0.1586061 -0.3015421 3.709055 0.3079041 -0.04153287 3.817141 0.2402046 0.08627152 3.801881 0.2113121 0.2253383 3.732658 0.2113121 0.2253383 3.732658 -0.2010501 0.2289944 3.73118 -0.2010501 0.2289944 3.73118 -0.353999 -0.0422995 3.817388 -0.3382334 -0.2058867 3.795744 -0.01725965 0.2764765 3.709668 -0.01725965 0.2764765 3.709668 0.3005576 -0.123032 3.820717 0.1965897 -0.3067723 3.828299 -0.008624136 -0.3581897 3.843415 -0.2120621 -0.309218 3.82706 0.1131615 0.07119166 3.870838 0.142836 -0.03614401 3.884741 -0.1403852 -0.1066833 3.889692 0.1396158 -0.09855884 3.887052 0.1627911 -0.1531957 3.918639 0.001393318 -0.1473509 3.929957 -0.1586075 -0.1548967 3.917351 -0.005398094 0.1134362 3.821001 -0.1499465 0.08136457 3.841493 -0.1499465 0.08136457 3.841493 -0.1472956 -0.0367859 3.884984 0.1743701 0.07889133 3.84289 0.1743701 0.07889133 3.84289 0.1627923 -0.2994722 3.710317 0.4392338 0.05055207 2.164397 0.4392338 0.05055207 2.164397 0.4392338 0.05055207 2.164397 0.4392338 0.05055207 2.164397 0.4392338 0.05055207 2.164397 0.4516373 0.329104 2.211346 0.4516373 0.329104 2.211346 0.4516373 0.329104 2.211346 0.05271911 0.43839 2.299688 0.05271911 0.43839 2.299688 0.05271911 0.43839 2.299688 0.05271911 0.43839 2.299688 0.05271911 0.43839 2.299688 -0.3685964 0.334925 2.927791 -0.3685964 0.334925 2.927791 -0.4473255 0.2393806 3.198102 -0.4473255 0.2393806 3.198102 -0.4473255 0.2393806 3.198102 -0.4473255 0.2393806 3.198102 -0.4473255 0.2393806 3.198102 -0.4904783 0.009626865 3.273839 -0.4904783 0.009626865 3.273839 -0.4473253 -0.3335621 3.019097 -0.4473253 -0.3335621 3.019097 -0.3685966 -0.4325705 2.865946 -0.3685966 -0.4325705 2.865946 -0.00281763 -0.432556 2.299688 -0.00281763 -0.432556 2.299688 -0.00281763 -0.432556 2.299688 -0.00281763 -0.432556 2.299688 -0.00281763 -0.432556 2.299688 0.4043825 -0.3335505 2.211346 0.4043825 -0.3335505 2.211346 0.4043825 -0.3335505 2.211346 0.4567903 0.05055063 2.312114 0.4567903 0.05055063 2.312114 0.4326029 0.3239395 2.361406 0.4326029 0.3239395 2.361406 0.1605523 0.4903669 2.44253 0.1605523 0.4903669 2.44253 -0.2242383 0.3869037 2.957934 -0.3206291 0.2715052 3.175925 -0.3206291 0.2715052 3.175925 -0.4025111 0.06066113 3.311854 -0.4025111 0.06066113 3.311854 -0.3206291 -0.3181166 3.115531 -0.3206291 -0.3181166 3.115531 -0.2242383 -0.4845492 2.89609 -0.2242383 -0.4845492 2.89609 0.06975972 -0.4845328 2.44253 0.06975972 -0.4845328 2.44253 0.4156242 -0.3181056 2.361404 0.4156242 -0.3181056 2.361404 0.4156242 -0.3181056 2.361404 0.4464622 0.05055218 2.484366 0.4464622 0.05055212 2.484366 0.4464622 0.05055212 2.484366 0.4464622 0.05055212 2.484366 0.4436655 0.3249831 2.531314 0.4436655 0.3249831 2.531314 0.4436655 0.3249831 2.531314 0.1470001 0.3758387 2.602158 0.1470001 0.3758387 2.602158 0.1470001 0.3758387 2.602158 -0.1112055 0.3349251 2.906862 -0.1112055 0.3349251 2.906862 -0.1112055 0.3349251 2.906862 -0.2446395 0.2188951 3.228707 -0.2446395 0.2188951 3.228707 -0.2446395 0.2188951 3.228707 -0.3236331 0.04050874 3.338351 -0.3236331 0.04050874 3.338351 -0.3236331 0.04050874 3.338351 -0.3236331 0.04050874 3.338351 -0.1993917 -0.272966 3.05653 -0.1993917 -0.272966 3.05653 -0.1993917 -0.272966 3.05653 -0.1112057 -0.3719743 2.906861 -0.1112057 -0.3719743 2.906861 -0.1112057 -0.3719743 2.906861 0.1216189 -0.432556 2.602158 0.1216189 -0.432556 2.602158 0.1216189 -0.432556 2.602158 0.1216189 -0.432556 2.602158 0.3969439 -0.3335506 2.531314 0.3969439 -0.3335506 2.531314 0.3969439 -0.3335506 2.531314 -0.2007206 -0.3861242 0.07618129 -0.2007206 -0.3861242 0.07618129 -0.193251 -0.3861242 0.008018791 -0.193251 -0.3861242 0.008018791 0.1697857 -0.3861242 0.01213312 0.1697857 -0.3861242 0.01213312 0.1788222 -0.3861242 0.08315491 0.1788222 -0.3861242 0.08315491 0.3267576 -0.3506581 0.08315515 0.3267576 -0.3506581 0.08315515 0.3782436 -0.3248776 0.01215273 0.3782436 -0.3248776 0.01215273 -0.4047785 -0.3248776 0.008036673 -0.4047785 -0.3248776 0.008036673 -0.3546696 -0.3506581 0.07618111 -0.3546696 -0.3506581 0.07618111 0.3939769 0.03723275 1.277315 0.3611313 0.2442261 0.02179324 0.3611313 0.2442261 0.02179324 0.3611313 0.2442261 0.02179324 0.07246291 0.03691405 1.257495 0.1236116 0.2426064 0.02179896 0.1236116 0.2426064 0.02179896 0.1236116 0.2426064 0.02179896 -0.006281614 0.2152694 2.009595 -0.4003555 0.03875279 1.273115 -0.09238928 0.03841805 1.253322 -0.1471861 0.253605 0.01770925 -0.1471861 0.253605 0.01770925 -0.1471861 0.253605 0.01770925 -0.02825695 0.2246214 2.010088 0.2392618 -0.01089811 0.2005514 0.2392618 -0.01089811 0.2005514 0.2392618 -0.01089811 0.2005514 -0.2440282 -0.180314 2.002869 0.2186794 -0.1173654 1.101703 0.2186794 -0.1173654 1.101703 0.2235383 -0.1787493 1.422292 0.2195065 -0.168994 2.002979 -0.2417004 -0.1254714 1.101703 -0.2417004 -0.1254714 1.101703 -0.2254154 -0.1906763 1.419068 -0.3877341 0.2553383 0.01770317 -0.3877341 0.2553383 0.01770317 -0.3877341 0.2553383 0.01770317 -0.2643091 -0.01237261 0.196461 -0.2643091 -0.01237261 0.196461 -0.2643091 -0.01237261 0.196461 -0.4573329 0.2249698 2.024522 0.4290431 0.2156121 2.024636 0.425459 0.07531464 1.110995 0.425459 0.07531464 1.110995 -0.09306305 0.07324373 1.110995 -0.09306305 0.07324373 1.110995 0.07093238 0.07095199 1.111003 0.07093238 0.07095199 1.111003 -0.4327589 0.08021318 1.110995 -0.4327589 0.08021318 1.110995 -0.367604 0.1623405 1.12839 -0.367604 0.1623405 1.12839 -0.1116416 0.1619075 1.1285 -0.1116416 0.1619075 1.1285 0.09020024 0.152323 1.130908 0.09020024 0.152323 1.130908 0.3390474 0.1526921 1.130837 0.3390474 0.1526921 1.130837 0.13451 -0.2917298 0.0203185 0.13451 -0.2917298 0.0203185 0.1418011 -0.2917298 0.0913403 0.1418011 -0.2917298 0.0913403 -0.3549574 -0.2562637 0.0843665 -0.3549574 -0.2562637 0.0843665 -0.4050663 -0.2304831 0.01622205 -0.4050663 -0.2304831 0.01622205 -0.1644263 -0.2917298 0.08436667 -0.1644263 -0.2917298 0.08436667 -0.1583997 -0.2917298 0.01620417 -0.1583997 -0.2917298 0.01620417 0.3264698 -0.2562637 0.09134054 0.3264698 -0.2562637 0.09134054 0.3779559 -0.2304831 0.02033811 0.3779559 -0.2304831 0.02033811 -0.3362216 0.1793947 1.335273 -0.1425043 0.1791841 1.322822 0.1316269 0.1776843 1.327421 0.3637984 0.1779145 1.341734 -0.5685884 0.2877753 1.725258 -0.5685884 0.2877753 1.725258 -0.02203345 -0.3727253 1.493626 0.6398177 -0.1226881 1.334795 0.6398177 -0.1226881 1.334795 -0.338444 -0.3907892 1.333415 -0.02808606 -0.3902276 1.333494 -0.02876257 -0.3415861 1.333356 -0.01222968 0.1295263 3.379235 -0.01222968 0.1295263 3.379235 -0.01222968 0.1295263 3.379235 -0.9648373 0.1728687 3.09715 -1.065454 -0.08720803 3.108325 -1.065454 -0.08720803 3.108325 0.9053192 0.1735531 3.105806 0.9746487 0.03004109 2.989017 1.128406 0.220522 3.075819 1.029415 -0.08720213 3.104365 -0.03568565 -0.3666175 2.901902 -0.4829207 0.119679 3.23097 -0.4829207 0.119679 3.23097 -0.4829207 0.119679 3.23097 0.1936412 0.1445352 3.253261 0.1936412 0.1445352 3.253261 0.4299622 0.1239572 3.228927 0.4299622 0.1239572 3.228927 -0.1674185 0.3950417 1.676286 -0.2806444 0.3759379 1.305436 -0.4416829 -0.3147269 2.189275 -0.4416829 -0.3147269 2.189275 -0.4416829 -0.3147269 2.189275 -0.4416829 -0.3147269 2.189275 0.4095693 -0.314722 2.188415 0.4095693 -0.314722 2.188415 0.4095693 -0.314722 2.188415 0.4095693 -0.314722 2.188415 -0.4460986 0.3281204 2.198181 -0.4460986 0.3281204 2.198181 -0.4460986 0.3281204 2.198181 -0.4460986 0.3281204 2.198181 0.5403485 0.2877814 1.725332 0.5403485 0.2877814 1.725332 0.2048119 -0.3715593 1.725301 0.3236182 -0.390227 1.333505 -0.2338949 -0.3715603 1.72528 -0.6503109 0.2686695 1.335983 -0.6503109 0.2686695 1.335983 0.2710475 0.3759441 1.305509 0.1687551 0.3950478 1.678036 -0.01232713 -0.1536073 3.356473 -0.01232713 -0.1536073 3.356473 -1.101455 0.01893973 3.249153 -1.101455 0.01893973 3.249153 -1.153741 0.2205324 3.088913 -0.4198161 -0.1882225 2.903289 -0.4198161 -0.1882225 2.903289 -0.4198161 -0.1882225 2.903289 -0.4829207 0.02923113 3.23097 -0.4829207 0.02923113 3.23097 -0.4829207 0.02923113 3.23097 -0.4829207 0.02923113 3.23097 -0.4829207 0.02923113 3.23097 0.352097 0.3011862 2.919692 0.352097 0.3011862 2.919692 0.352097 0.3011862 2.919692 -0.5594616 -0.04592996 3.276387 -1.027023 0.02994185 2.982436 -1.101455 0.01892971 3.249153 -1.101455 0.01892971 3.249153 -0.5662055 0.1240013 3.300935 -0.4081836 0.3038631 2.91201 -0.4081836 0.3038631 2.91201 -0.4081836 0.3038631 2.91201 1.058957 0.01896315 3.247201 0.5155122 -0.04607588 3.266744 0.3647187 -0.1946987 2.900458 0.3647187 -0.1946987 2.900458 0.3647187 -0.1946987 2.900458 0.5222123 0.1243798 3.291382 0.4139782 0.3281258 2.19732 0.4139782 0.3281258 2.19732 0.4139782 0.3281258 2.19732 0.4139782 0.3281258 2.19732 -0.2303431 0.1436085 3.255546 -0.2303431 0.1436085 3.255546 -0.2303431 0.1436085 3.255546 -0.2303431 0.1436085 3.255546 0.4299622 0.0292313 3.228927 0.4299622 0.0292313 3.228927 0.4299622 0.0292313 3.228927 0.4299622 0.0292313 3.228927 0.4299622 0.0292313 3.228927 0.5403479 -0.1038025 1.725332 0.5403479 -0.1038025 1.725332 -0.6510119 -0.1226933 1.334722 -0.6510119 -0.1226933 1.334722 -0.5685878 -0.1038074 1.725258 -0.5685878 -0.1038074 1.725258 0.6405186 0.268678 1.336056 0.6405186 0.268678 1.336056 -1.832949 -0.1233528 3.002373 1.645908 0.0992949 2.980219 1.662088 -0.1196122 3.015882 1.812039 0.05421811 3.020087 1.807781 -0.1218425 3.047025 1.801875 -0.12334 2.992252 -1.722282 0.01781779 3.116799 -1.693789 -0.119624 3.026123 -1.843747 0.05423015 3.030027 -1.839541 -0.1218542 3.056973 -1.677536 0.09930527 2.990489 -1.825825 0.03562867 2.970903 1.690398 0.01781564 3.106601 1.794233 0.03561818 2.960926 -1.603561 -0.1274671 3.013195 -1.603561 -0.1274671 3.013195 -1.633692 0.009974718 3.109843 -1.633692 0.009974718 3.109843 1.602024 0.009972572 3.100212 1.602024 0.009972572 3.100212 1.571819 -0.1274552 3.002523 1.571819 -0.1274552 3.002523 -1.590727 0.09146225 2.990034 -1.590727 0.09146225 2.990034 1.558963 0.09145182 2.979086 1.558963 0.09145182 2.979086 -0.9970896 0.1306208 3.15053 -0.9970896 0.1306208 3.15053 -0.9970896 0.1306208 3.15053 0.9599321 0.1306208 3.165528 1.626577 -0.8970346 3.209704 1.396641 -0.9861393 3.242626 1.812065 -0.7166005 3.183147 1.91663 -0.4541921 3.168175 1.925933 0.472956 3.166843 1.826524 0.7244914 3.181077 1.644605 0.8997175 3.207123 1.416825 1.025361 3.239737 1.18657 0.9044076 3.272704 1.001173 0.7329425 3.299248 0.8967362 0.4834944 3.314201 0.8874331 -0.4436538 3.315533 0.9867127 -0.7081496 3.301319 1.168541 -0.8923445 3.275285 0.9928889 -0.7081496 3.344456 0.8936095 -0.4436539 3.35867 1.174718 -0.8923445 3.318422 1.192746 0.9044076 3.315841 0.9029124 0.4834944 3.357339 1.007349 0.7329425 3.342386 1.423001 1.025361 3.282874 1.650781 0.8997175 3.250261 1.832701 0.7244914 3.224214 1.93211 0.472956 3.209981 1.922807 -0.4541921 3.211313 1.402818 -0.9861393 3.285763 1.818241 -0.7166005 3.226284 1.632753 -0.8970346 3.252842 1.427063 0.01961082 3.383172 1.412717 0.01961702 3.282946 -1.647248 -2.664758 3.020542 -1.647248 -2.664758 3.020542 -1.647248 -2.664758 3.020542 -1.771983 -2.664217 2.986242 -1.771983 -2.664217 2.986242 -1.771983 -2.664217 2.986242 -1.730369 -2.665303 3.060926 -1.730369 -2.665303 3.060926 -1.730369 -2.665303 3.060926 -1.730369 -2.665303 3.060926 -1.640811 -2.265734 3.009614 -1.765534 -2.265194 2.975268 -1.765534 -2.265194 2.975268 -1.731308 -2.266282 3.076908 -1.731308 -2.266282 3.076908 -1.659078 -2.138987 3.016727 -1.659078 -2.138987 3.016727 -1.746373 -2.138446 2.992644 -1.746373 -2.138446 2.992644 -1.746373 -2.138446 2.992644 -1.728939 -2.139532 3.08759 -1.728939 -2.139532 3.08759 -1.728939 -2.139532 3.08759 -1.657653 1.877231 3.020268 -1.744947 1.877772 2.996185 -1.727513 1.876686 3.091131 -1.725197 -2.979739 3.042805 -1.725197 -2.979739 3.042805 -1.725197 -2.979739 3.042805 -1.721536 -2.979743 3.033292 -1.721536 -2.979743 3.033292 -1.721536 -2.979743 3.033292 -1.722188 -2.979748 3.033608 -1.722188 -2.979748 3.033608</float_array>
          <technique_common>
            <accessor source="#sword-mesh-positions-array" count="511" stride="3">
              <param name="X" type="float"/>
              <param name="Y" type="float"/>
              <param name="Z" type="float"/>
            </accessor>
          </technique_common>
        </source>
        <source id="sword-mesh-normals">
          <float_array id="sword-mesh-normals-array" count="1443">-0.8120267 -0.3295749 -0.4816565 -0.8024023 0.08306068 -0.5909752 -0.9791865 0.1794535 -0.0948168 -0.9860849 0.1577072 -0.05258285 -0.9972832 -0.0575211 -0.04601997 -0.9912874 0.05351454 -0.1203566 -0.9731453 -0.2299798 0.009882748 -0.01202023 0.5859835 0.8102338 -0.1260846 0.6714962 0.7302024 0.06943726 0.6756126 0.7339797 0.07645452 0.6353928 0.768395 0.8951701 0.07142108 -0.4399653 0.994667 0.1012455 0.01967418 0.9950468 0.09602278 0.02572262 -0.3907915 0.9168689 -0.08144521 -0.3373915 0.9410386 -0.02477145 0.4225256 0.9060373 -0.02384573 0.4075435 0.9113947 -0.05716711 -0.2205057 0.5914734 0.7755879 -0.2133619 0.5875434 0.7805571 -0.2187539 0.5624316 0.7973816 -0.2292906 -0.7323943 0.6411119 -0.03174757 0.2770152 0.9603409 -0.02843654 -0.8352445 0.5491428 0.1386339 0.5956089 0.7912211 0.219076 0.5360833 0.8152425 0.2140765 0.7294924 0.6496246 0.1128057 0.2786524 0.9537441 0.4308487 -0.4609932 0.775793 -0.0222221 -0.8351674 0.5495468 -0.1765151 0.8484227 0.4990204 0.1628394 0.8504515 0.5002156 0.9995173 -0.02656084 0.01611411 0.3826307 0.8248542 -0.4161846 0.9952946 0.059336 -0.07660305 0.7605427 -0.4672711 -0.4508134 0.2741148 -0.3177648 0.907682 -0.03429514 -0.7844478 0.619246 -0.3460084 -0.8302882 0.4369208 -0.02857118 -0.2999719 0.9535202 -0.7256051 -0.6373419 -0.2594084 0.1695891 0.06805098 0.9831626 -0.03164941 0.06675982 0.997267 -0.9022217 0.2374792 0.3599995 -0.8884507 0.4589301 0.006215095 -0.9347996 0.1519948 0.3210101 -0.7295303 0.6796132 0.07688754 0.7296327 0.6795007 0.07690912 0.9349203 0.1501323 0.3215345 0.8792408 0.4762834 -0.00947237 0.9049761 0.2377379 0.3528442 -0.7050746 0.6041085 0.3713795 -0.6673019 -0.7447255 0.00960505 0.6672649 -0.7447586 0.009602427 0.5809051 0.7319289 0.3561311 -0.004941344 0.7656706 0.6432141 -0.00734812 0.7654842 0.6434127 -0.2080419 0.9770594 0.045538 -0.4978067 0.7608222 -0.4163391 0.7004871 0.6888453 -0.1865746 0.9794918 -0.1680953 -0.1110843 0.005767285 0.9163716 -0.4002874 0.4706212 0.7728035 -0.4257823 0.199422 0.9791405 0.03892368 -0.9655297 0.25049 -0.07076108 -0.5888782 0.6984036 -0.4067617 -0.1919708 0.9583556 0.2114278 -0.1747059 0.9571716 0.2308687 0.1879689 0.9602012 0.2065951 0.158318 0.9582344 0.2381647 -0.003008663 0.8917095 0.4525983 -0.481114 0.7153534 0.5067533 0.6653968 0.6468824 0.3725458 -0.7221801 -0.6880897 0.07062858 0.7221451 -0.6881258 0.07063549 0.8780938 0.3112263 -0.3634412 0.8636877 0.4251855 -0.2706677 0.9514922 0.125979 -0.2806993 0.9460057 0.03619772 -0.3221228 -0.808788 0.3089877 -0.5003884 -0.8190063 0.3078774 -0.4841902 -0.8276379 -0.005506694 -0.5612356 -0.8703072 -0.1132369 -0.4793152 -0.2967049 0.835082 -0.463254 -0.2713173 0.827498 -0.491563 0.2594424 0.8495482 -0.4593013 0.2381158 0.8724587 -0.4267515 0.9396519 -0.06124651 -0.3366053 0.9310476 -0.09933185 -0.3511177 0.7671102 -0.5881621 -0.2561392 0.8583259 -0.4917252 -0.1465716 0.2323386 -0.9644092 -0.126229 0.1681195 -0.9634605 -0.2085182 -0.1645017 -0.9766688 -0.1380475 -0.2093413 -0.9487352 -0.2368077 -0.58236 -0.6440753 -0.4960079 -0.5577114 -0.7727896 -0.3029096 0.375808 0.2204847 0.9000861 0.421242 0.3242713 0.8469966 -0.1093709 -0.9097664 -0.4004536 -0.2653868 -0.9614445 -0.07207262 -0.358617 -0.1563249 0.9203024 0.3828991 0.014445 0.9236773 0.3791503 0.006424129 0.9253129 0.938665 0.3031985 -0.1642518 0.3547338 -0.1627308 0.9206968 0.1811239 -0.4687185 0.8645793 0.05091917 -0.3813002 0.923048 -0.04522377 -0.4927654 0.8689863 -0.1622067 -0.3680889 0.9155324 -0.5674611 0.5605091 0.6031729 -0.466992 -0.320442 0.8241574 0.4272155 0.4724786 0.7708767 0.160698 -0.9836769 0.08096957 -0.7424159 0.2166919 0.6339269 -0.2903844 0.4346123 0.8525193 -0.3114543 0.03316587 0.9496822 -0.00792402 0.56351 0.8260713 -0.05644357 0.5850115 0.8090586 0.01747882 0.5984765 0.8009498 0.04369717 0.5655482 0.8235569 0.9944913 0.1015068 0.02614611 0.9954923 0.09263563 0.02034217 0.9902366 -0.06488722 0.1233736 0.9871503 0.1084885 -0.1173231 0.1472152 0.8885744 -0.4344688 0.540324 0.8358122 0.09730356 -0.3263215 0.9431214 -0.06353175 -0.3509932 0.9333959 -0.07467287 -0.1902113 0.9417194 0.2774607 -0.3777956 0.876908 0.297158 -0.5362656 0.3533979 0.7665045 0.01081424 0.5388447 0.8423358 -0.4539226 -0.5671801 0.6872125 -0.102082 -0.4750722 0.8740056 -0.3814736 -0.8532772 0.3555222 -0.279881 -0.8201194 0.4990701 -0.2951731 -0.9362207 -0.1906929 -0.2966546 -0.935418 -0.192326 0.2519221 -0.9644029 0.08038932 0.2967494 -0.8390094 -0.4560735 0.9876305 -0.1039596 -0.1173821 0.9909635 -0.1189454 -0.06199544 0.9928845 0.09960865 -0.06525784 0.9982074 -6.63939e-5 0.05985152 0.5537031 0.6536104 0.5159518 0.1650364 0.9861444 -0.01680243 0.540324 0.6503471 0.5339463 0.5159917 0.6746397 0.527839 0.2048217 0.8247177 0.5271518 0.5355749 0.6989092 0.4740101 -0.1262658 0.5716869 0.810698 -0.165909 0.5686631 0.8056653 -0.3874573 -0.4888638 0.7815939 0.5032415 -0.5676342 0.6515669 0.5223574 -0.5365844 0.6627367 0.3108514 -0.9288622 0.2014608 0.5615753 -0.6166484 0.5517045 0.4266091 -0.903749 -0.03524971 0.3728159 -0.9111457 0.1755615 0.9929071 -0.102913 0.05953454 0.9884516 -0.1154303 0.09817987 -0.827924 0.1689118 -0.5347998 -0.9561075 0.08738148 -0.2796837 -0.406636 -0.8176956 -0.4074571 -0.1681116 0.1711127 -0.9708033 -0.6941229 -0.5170343 -0.5008682 -0.7239425 0.2057263 -0.658471 -0.7030116 0.5022677 -0.5034898 -0.1870489 -0.1024469 -0.9769941 0.2174335 0.09075516 0.9718468 0.7423374 -0.2577456 0.6184678 0.5143251 -0.1395168 0.8461707 0.8386983 -0.0695005 0.5401434 0.268364 0.2825834 0.9209384 0.9037618 -0.02591484 0.4272508 0.7586542 0.04987555 0.6495817 0.9262443 -0.2237011 0.3033635 0.5205407 -0.4474605 0.7271978 0.01959079 0.07919245 -0.9966669 0.02494353 0.08643913 -0.9959449 -0.8139215 -0.05265361 0.5785841 -0.8139215 -0.05265271 0.578584 0.9278338 -0.363861 0.08203482 0.9303106 -0.3523197 0.1019465 -0.9297093 -0.3557127 0.09544241 -0.9210497 -0.3713945 0.117191 0.01543432 -0.08037048 0.9966456 0.02069044 -0.08630937 0.9960535 -0.01608902 -0.08642804 0.9961282 -0.01829141 -0.07939344 0.9966756 -0.2199823 -0.9548876 -0.1994937 -0.2779942 -0.9600996 -0.03046351 0.2790293 -0.9496538 -0.1424803 0.2330316 -0.9720171 -0.02964967 -0.8615646 0.4736291 -0.1827071 -0.8637795 0.4624338 -0.2001001 0.8761761 -0.4667187 -0.1203705 0.7993228 -0.5934864 -0.09411203 -0.7829462 -0.6077011 -0.1330218 -0.8864936 -0.4567515 -0.07421094 -0.7828963 -0.6076328 -0.1336253 -0.7330187 -0.6796603 -0.027305 -0.7736646 -0.624354 -0.1078205 0.7297858 -0.6693503 -0.1392224 0.9526003 0.2765843 0.1267042 0.979507 0.1966605 0.04348313 -0.7906999 -0.6120361 -0.01434546 -0.8827859 -0.4672287 0.04885119 -0.7325552 -0.6774668 -0.06634527 -0.8717586 -0.4768939 -0.112291 0.7952952 -0.5879712 -0.1476336 0.6817225 -0.7282097 -0.07046431 0.8570406 -0.499093 -0.1280149 0.7989203 -0.579735 -0.1601059 -0.7625798 -0.640259 -0.09241557 -0.8204287 -0.5717356 0.003908574 -0.8615656 -0.506761 0.02996921 -0.9661843 0.184794 0.1798306 -0.9333637 0.3473463 0.09045928 0.007178306 0.9964982 0.08330661 0.001650452 0.9966129 0.08221906 -0.006794631 0.9966968 0.08092826 -0.001455247 0.9966127 0.08222556 0.8124068 -0.5746191 0.09903669 0.8777117 -0.4789807 0.01414072 0.07366299 -0.3835609 0.9205731 -0.8004941 0.0267331 0.5987443 -0.804089 0.02587765 0.5939455 6.09513e-4 0.002747416 -0.9999961 4.73414e-5 0.00304687 -0.9999954 -0.07331568 -0.3938626 0.9162407 0.8016322 0.0474987 0.5959277 0.9959003 -0.02072149 0.08805298 0.8054257 0.02265101 0.5922638 0.8077238 0.02682197 0.5889506 -0.9945615 -0.02056825 0.1021001 -0.8050731 0.04952383 0.5911047 0.6821447 -0.7302253 -0.03807693 -0.7884334 0.611623 0.06550073 0.9780817 0.2077401 -0.01414865 -0.9724692 0.2328022 -0.01034456 0.6746427 0.734421 0.07404857 0.8167474 -0.04737484 0.5750474 0.8167473 -0.04737472 0.5750474 -6.13199e-4 0.002758085 -0.999996 -4.4973e-5 0.003063619 -0.9999954 -0.02163231 0.08630472 -0.996034 -0.02279645 0.07790929 -0.9966998 0.9519781 0.2701695 -0.1440355 0.6750164 0.6810722 0.2837139 -0.7886166 0.6109721 0.06926161 -0.9167066 0.3028225 0.2606676 -0.001417756 0.9978036 -0.0662266 -0.00312215 0.9978508 -0.06545197 0.001722753 0.9960936 -0.08828639 -0.004156649 0.9966623 -0.08152884 0.8967332 0.406107 -0.1759169 0.001106917 0.9984973 -0.0547896 0.002422034 0.9984642 -0.05534875 0.9612089 0.2546843 -0.1058933 -0.001506984 0.992944 -0.1185746 0.00699675 0.9915623 -0.1294425 0.8772545 -0.4780699 0.04328668 0.8816722 -0.4704519 0.03645998 -6.85365e-4 0.9917566 0.1281344 1.20973e-4 0.9918708 0.1272498 0.6139004 -0.769281 -0.1770119 1.28702e-4 -0.9925598 0.1217587 -0.6143609 -0.7679703 -0.1810591 -0.04937601 -0.9973535 0.05336624 0.2379384 -0.9454838 0.2223641 0.9623601 -1.58163e-6 0.2717779 0.9657074 -0.01021695 0.259432 -0.9677967 -0.01013231 0.2515295 -0.9645765 -1.25026e-6 0.2638035 -0.2599918 0.9654939 -0.01502686 0.2782278 0.960485 -0.007607221 0.6327462 -0.7487837 0.1973707 0.6083348 -0.7623517 0.2207915 -0.6365428 -0.7431392 0.2062948 -0.6159042 -0.7698701 0.1672186 1.96592e-7 -0.9988669 0.04759263 -0.1093947 -0.9876587 0.1120851 0.1538765 -0.9687227 -0.1946751 0.03722572 -0.998543 0.03906691 -4.2582e-6 0.998676 -0.05144357 2.48064e-4 0.9986912 -0.05114609 0.9684175 -0.002536714 0.2493215 0.9690612 -1.69964e-6 0.2468206 -0.9784557 0.001087427 0.2064539 -0.9786663 -1.16668e-6 0.2054563 -0.2778114 0.9605706 0.01117682 -0.2550084 0.9665315 0.02806848 0.2766742 0.9605925 0.02671146 0.2745082 0.9612985 0.02346259 -0.1286081 0.8715479 0.4731431 -0.4248417 -0.7898414 0.4423348 -0.2846478 -0.0767216 0.9555572 0.1782598 0.5675742 -0.803793 0.7151308 0 0.6989907 0.05721074 0.6302748 0.7742614 -0.9695081 0 -0.2450596 0.5750555 -0.09456956 0.8126303 0.7456281 -0.4800488 0.4621601 0.6432256 0 0.7656768 0.4744473 0.7095994 0.5209304 -0.9994643 -0.007307291 0.03190338 -0.9982953 0.02264577 0.05379384 0.9979097 -0.007732689 0.06416022 0.9960395 0.02201092 0.08614552 3.13594e-4 0.9050983 0.4252023 -0.001085996 0.9060299 0.4232125 2.75869e-5 0.9994232 0.03396081 -0.3833445 -0.8286117 0.4079824 -0.4144893 -0.8938333 0.1710573 -6.753e-5 -0.9973623 -0.07258534 -0.1255887 -0.8074349 0.5764343 -0.03763371 -0.9383015 0.3437648 -0.321458 -0.6422673 -0.6958143 -0.1219888 0.02047038 -0.9923204 -0.3710561 0.6740716 -0.6387057 -0.06698304 -0.1452569 0.987124 0.1923473 0.6847524 0.7029343 -0.2237084 0.5479077 -0.8060718 0.07451313 0.6309467 0.7722397 -0.4793179 -0.1070715 0.8710856 -0.6865662 -0.5300159 0.4977049 -0.5606253 0 0.8280698 -0.3626406 0.7662303 0.5304555 0.1174983 -0.8085085 0.5766354 0.03971397 -0.9314846 0.3616067 0.3229991 -0.5827625 -0.7456939 0.1284978 0.04170167 -0.9908326 0.3690351 0.6873673 -0.6255713 0.05287235 -0.1448943 0.9880335 0.4485365 -0.7774365 0.4409168 0.3053122 -0.07641214 0.9491817 0.1244647 0.8740608 0.4696023 0.3888501 -0.9041583 0.1768994 0.3661983 -0.8497017 0.3793493 -0.3523073 0.6291193 0.6928842 -0.001546859 0.9932698 0.1158131 0.1024293 0 0.9947404 0.3746982 0.6230677 0.6865769 -0.09684306 0 0.9952998 -0.5549545 0.1128727 0.8241877 -0.1095992 0.8524795 0.5111426 0.1700431 -0.1986792 -0.9652005 -0.958095 -0.01370495 -0.2861226 0.2011902 -0.171894 -0.9643521 0.185133 -0.5141465 0.8374839 0.02164959 -0.9993142 0.03004086 -0.3243468 0.8697385 -0.37196 -0.9920558 -0.04185116 -0.1186336 0.5532217 0.1129013 0.825348 0.1085878 0.8524736 0.5113683 -0.1685049 -0.1983778 -0.9655322 0.9583972 -0.01014018 -0.285258 -0.1992807 -0.1718987 -0.9647476 -0.1868131 -0.5141237 0.8371247 -0.02163678 -0.999326 0.02965474 0.3250908 0.8697476 -0.3712887 0.9935489 -0.04025042 -0.1060222 -0.08165723 0.8243277 0.560193 -0.113543 0.8052107 0.5820172 0.1573144 -0.1474526 -0.9764783 0.0224356 -0.1051237 -0.9942061 -0.0195682 -0.159201 -0.9870522 -0.149309 -0.0953657 -0.9841811 -0.01167398 -0.5492029 0.8356077 -0.07211226 -0.5672906 0.8203545 0.0734601 -0.5385522 0.8393839 0.0135957 -0.5731641 0.819328 0.1167182 0.815216 0.567274 0.07635951 0.8115089 0.5793294 -0.062963 0.4554919 -0.8880107 -0.005674839 -0.106781 -0.9942664 -0.1779247 -0.7311125 -0.6586481 0.1695673 -0.746742 -0.6431356 -0.02472299 -0.1037391 -0.9942972 0.1061774 -0.5914993 0.7992841 0.1413179 -0.8083025 0.5715561 -0.9538719 0 0.3002141 -0.3445258 0.8290913 0.4403519 -0.2166302 0.572401 0.7908404 0.2206299 0.5865743 0.7792645 0.3468586 0.8306897 0.4354811 -0.04490071 -0.803269 0.5939218 -0.1946579 -0.592408 0.7817679 0.04400902 0.5093889 -0.8594104 -0.1768887 0.8209662 0.5428858 -0.08644241 0.9171615 0.3890277 0.1543278 0.7272284 0.6688213 -0.07851773 0.7740444 0.6282439 -0.2079247 0.7493814 0.6286453 0.1307018 0.8577831 0.4971168 0.07631689 0.9135037 0.3996082 0.1417365 -1.95101e-7 0.9899044 0.1417302 0 0.9899054 0.1417321 -6.18541e-7 0.9899051 0.1417361 3.02692e-6 0.9899045 0.1417315 -1.48958e-6 0.9899052 -0.178567 0.09911483 -0.9789229 -0.2242521 0.08767688 -0.9705791 -0.2785666 0.05630284 -0.9587652 -0.325913 0.001912176 -0.9453979 -0.2786319 -0.05586653 -0.9587717 -0.2249706 -0.08933907 -0.9702612 -0.1938803 -0.09812474 -0.9761055 -0.08978587 -0.09919083 -0.9910094 -0.05813467 -0.09104716 -0.9941483 -0.002744019 -0.05869191 -0.9982724 0.04753834 -0.00191152 -0.9988676 -5.561e-4 0.05345499 -0.9985702 -0.05536323 0.08594781 -0.9947602 -0.1013128 0.09832382 -0.9899839 -0.6831078 -0.723739 0.09780466 -0.683108 -0.7237384 0.09780728 -0.9898551 0.01013588 0.141719 -0.9898541 0.010136 0.141726 0.9898543 -0.01013588 -0.1417244 0.9898539 -0.01013541 -0.1417271 0.3732083 0.9262076 -0.05343413 0.3732033 0.9262094 -0.05343687 -0.6866273 0.7203319 0.09831136 -0.6866348 0.7203248 0.09831076 0.6684468 -0.7375766 -0.09570628 0.6684468 -0.737577 -0.09570401 -0.4744046 -0.8776826 0.06792426 -0.4744043 -0.8776827 0.06792521 0.925598 0.3545488 -0.1325278 0.9255973 0.354552 -0.1325245 -0.9193437 -0.3707838 0.1316307 -0.919345 -0.3707808 0.1316296 -0.9182944 0.3734273 0.1314812 -0.9182967 0.3734246 0.1314732 -0.3545427 0.9336607 0.05076664 -0.3545437 0.9336605 0.05076217 0.9117149 -0.3895337 -0.1305351 0.9117141 -0.3895354 -0.1305365 0.4566936 -0.8872178 -0.06538897 0.4566977 -0.8872159 -0.06538635 0.700941 0.7061229 -0.1003599 0.7009415 0.706123 -0.1003568 0.1417281 -1.7729e-6 0.9899056 0.1417317 -6.8613e-7 0.9899052 0.1417334 -8.07686e-7 0.9899049 0.1417357 -2.19488e-7 0.9899045 0.1417309 0 0.9899052 0.1420783 0.05938935 0.9880723 0.2406787 -0.001020491 0.9706044 0.04134601 0.00102061 0.9991444 0.1409193 -0.05753809 0.9883477 0.2652465 -0.03067284 -0.9636927 0.264899 -0.03078818 -0.9637846 -0.9473594 0.02409219 0.3192647 -0.8734725 -0.02153849 0.4863969 0.5965538 -0.03071826 0.8019852 0.436839 0.01758497 0.8993679 0.26534 0.09210342 -0.9597457 0.2647496 0.09157985 -0.9599587 -0.9758659 0.1227602 0.1805984 -0.9477022 -0.009168565 0.3190242 0.7105447 -0.07227045 0.6999309 0.596058 0.04089975 0.8018992 0.2659536 7.55484e-4 -0.9639856 0.2659478 7.55575e-4 -0.9639872 -0.9835555 1.8989e-4 0.180606 -0.9835553 1.89922e-4 0.1806076 0.7121375 -8.71708e-4 0.7020395 0.7121276 -8.71686e-4 0.7020496 -0.009284794 0.9999487 -0.004058778 0.003202319 0.999936 0.01085174 -0.9146823 -0.1987212 -0.3519462 0.2633893 -0.100951 -0.959393 0.4346072 -0.06637477 0.898171 0.4363797 -0.06659948 0.8972945 0.9504336 -0.002284646 0.3109195 -0.8730229 -0.04235637 0.4858365 0.003139078 0.9992905 0.03753572</float_array>
          <technique_common>
            <accessor source="#sword-mesh-normals-array" count="481" stride="3">
              <param name="X" type="float"/>
              <param name="Y" type="float"/>
              <param name="Z" type="float"/>
            </accessor>
          </technique_common>
        </source>
        <source id="sword-mesh-map-0">
          <float_array id="sword-mesh-map-0-array" count="2886">0.538418 0.95384 0.528277 0.931037 0.522452 0.908285 0.446078 0.87846 0.453143 0.863265 0.442716 0.920331 0.443669 0.879134 0.446078 0.87846 0.442716 0.920331 0.451724 0.887811 0.450771 0.929007 0.448484 0.930969 0.450887 0.868156 0.453174 0.866194 0.458502 0.897305 0.456099 0.960118 0.448341 0.939717 0.448484 0.930969 0.458502 0.897305 0.462376 0.908203 0.450744 0.876904 0.472242 0.851469 0.453568 0.863876 0.446979 0.879278 0.446979 0.879278 0.474016 0.863315 0.472242 0.851469 0.49873 0.858315 0.472242 0.851469 0.474016 0.863315 0.474016 0.863315 0.508691 0.87402 0.49873 0.858315 0.538418 0.95384 0.522452 0.908285 0.531922 0.924281 0.538418 0.95384 0.531922 0.924281 0.531081 0.924116 0.538326 0.961321 0.538418 0.95384 0.531081 0.924116 0.474016 0.863315 0.446979 0.879278 0.444593 0.880025 0.452648 0.888701 0.482222 0.87302 0.482071 0.871992 0.508691 0.87402 0.474016 0.863315 0.474167 0.864344 0.482222 0.87302 0.5159 0.882556 0.516747 0.882696 0.450749 0.93194 0.48835 0.920347 0.48356 0.882156 0.48356 0.882156 0.452648 0.888701 0.450749 0.93194 0.450878 0.94069 0.48835 0.920347 0.450749 0.93194 0.450878 0.94069 0.463475 0.971626 0.492259 0.944284 0.492259 0.944284 0.490662 0.934973 0.450878 0.94069 0.498658 0.967401 0.492259 0.944284 0.463475 0.971626 0.48835 0.920347 0.5159 0.882556 0.48356 0.882156 0.48835 0.920347 0.524296 0.919529 0.5159 0.882556 0.5267 0.856715 0.490754 0.857534 0.529414 0.857391 0.527011 0.920205 0.490662 0.934973 0.492259 0.944284 0.492259 0.944284 0.533535 0.960748 0.527011 0.920205 0.533535 0.960748 0.492259 0.944284 0.498658 0.967401 0.452648 0.888701 0.48356 0.882156 0.482222 0.87302 0.482222 0.87302 0.48356 0.882156 0.5159 0.882556 0.527423 0.879673 0.524884 0.850488 0.524791 0.857968 0.522388 0.920782 0.52508 0.921539 0.52502 0.942486 0.527423 0.879673 0.527483 0.858726 0.532746 0.899444 0.527423 0.879673 0.532746 0.899444 0.519381 0.910167 0.501062 0.904588 0.501589 0.919678 0.522913 0.909056 0.522913 0.909056 0.535938 0.897935 0.501062 0.904588 0.465878 0.908812 0.478333 0.915761 0.501589 0.919678 0.501589 0.919678 0.501062 0.904588 0.465878 0.908812 0.47461 0.915523 0.462376 0.908203 0.458502 0.897305 0.529414 0.857391 0.490754 0.857534 0.493065 0.87216 0.493065 0.87216 0.490754 0.857534 0.453281 0.877876 0.186944 0.798872 0.2261289 0.869779 0.179705 0.864992 0.186944 0.798872 0.250998 0.873892 0.2261289 0.869779 0.186944 0.798872 0.332332 0.906643 0.250998 0.873892 0.332332 0.906643 0.186944 0.798872 0.315233 0.801235 0.185221 0.799391 0.331686 0.90495 0.313532 0.799574 0.185221 0.799391 0.250408 0.873536 0.331686 0.90495 0.185221 0.799391 0.227357 0.869825 0.250408 0.873536 0.185221 0.799391 0.179486 0.865202 0.227357 0.869825 0.332698 0.905595 0.283238 0.91946 0.249648 0.870782 0.186944 0.798872 0.328531 0.720312 0.315233 0.801235 0.185221 0.799391 0.313532 0.799574 0.325333 0.71854 0.33546 0.906811 0.284578 0.930563 0.326225 0.933885 0.33546 0.906811 0.283432 0.920275 0.284578 0.930563 0.33546 0.906811 0.283567 0.919356 0.283432 0.920275 0.249648 0.870782 0.217561 0.914681 0.223717 0.870922 0.217561 0.914681 0.249648 0.870782 0.283238 0.91946 0.283432 0.920275 0.187049 0.923402 0.277843 0.930614 0.283432 0.920275 0.2202129 0.913858 0.187049 0.923402 0.283432 0.920275 0.283567 0.919356 0.2202129 0.913858 0.249018 0.873063 0.2202129 0.913858 0.283567 0.919356 0.2202129 0.913858 0.249018 0.873063 0.227043 0.870986 0.217561 0.914681 0.277152 0.930692 0.187345 0.924178 0.277152 0.930692 0.217561 0.914681 0.283238 0.91946 0.223717 0.870922 0.187345 0.924178 0.18024 0.863552 0.187345 0.924178 0.223717 0.870922 0.217561 0.914681 0.187049 0.923402 0.227043 0.870986 0.178867 0.864388 0.227043 0.870986 0.187049 0.923402 0.2202129 0.913858 0.282189 0.941549 0.326225 0.933885 0.284578 0.930563 0.326125 0.933635 0.283238 0.91946 0.332698 0.905595 0.283567 0.919356 0.33546 0.906811 0.249018 0.873063 0.186944 0.798872 0.174808 0.711667 0.328531 0.720312 0.185221 0.799391 0.325333 0.71854 0.17127 0.71203 0.993862 0.232366 0.960281 0.159711 0.993965 0.16284 0.960281 0.159711 0.993862 0.232366 0.960281 0.228277 0.993788 0.306258 0.960281 0.228277 0.993862 0.232366 0.960281 0.228277 0.993788 0.306258 0.93347 0.312332 0.99394 0.162654 0.933657 0.313203 0.993989 0.306995 0.933657 0.313203 0.99394 0.162654 0.960256 0.1595309 0.97218 0.07435399 0.960256 0.1595309 0.997882 0.08312296 0.99394 0.162654 0.997882 0.08312296 0.960256 0.1595309 0.993989 0.306995 0.936607 0.324603 0.997125 0.316646 0.936607 0.324603 0.993989 0.306995 0.933657 0.313203 0.997125 0.316646 0.93347 0.312332 0.993788 0.306258 0.93347 0.312332 0.997125 0.316646 0.936607 0.324603 0.993965 0.16284 0.963415 0.09182798 0.998109 0.08546096 0.963415 0.09182798 0.993965 0.16284 0.960281 0.159711 0.998109 0.08546096 0.969615 0.01265996 0.995591 0.01885199 0.969615 0.01265996 0.998109 0.08546096 0.963415 0.09182798 0.969615 0.01265996 0.968241 6.31e-4 0.995591 0.01885199 0.993732 0.01138699 0.995591 0.01885199 0.968241 6.31e-4 0.969985 0.01216399 0.995952 0.01843994 0.993732 0.01138699 0.993732 0.01138699 0.968241 6.31e-4 0.969985 0.01216399 0.97218 0.07435399 0.997882 0.08312296 0.995952 0.01843994 0.995952 0.01843994 0.969985 0.01216399 0.97218 0.07435399 0.93331 0.222252 0.935261 0.149993 0.960281 0.159711 0.960281 0.159711 0.960281 0.228277 0.93331 0.222252 0.993788 0.306258 0.960281 0.228277 0.93331 0.222252 0.960256 0.1595309 0.99394 0.162654 0.937665 0.08449596 0.937665 0.08449596 0.960256 0.1595309 0.97218 0.07435399 0.935261 0.149993 0.937938 0.08640599 0.963415 0.09182798 0.963415 0.09182798 0.960281 0.159711 0.935261 0.149993 0.937938 0.08640599 0.934573 0.04744499 0.969615 0.01265996 0.969615 0.01265996 0.963415 0.09182798 0.937938 0.08640599 0.969615 0.01265996 0.934573 0.04744499 0.968241 6.31e-4 0.931828 0.04830795 0.968241 6.31e-4 0.934573 0.04744499 0.969985 0.01216399 0.931828 0.04830795 0.934925 0.04711598 0.931828 0.04830795 0.969985 0.01216399 0.968241 6.31e-4 0.97218 0.07435399 0.934925 0.04711598 0.937665 0.08449596 0.934925 0.04711598 0.97218 0.07435399 0.969985 0.01216399 0.960281 0.228277 0.93347 0.312332 0.939232 0.225047 0.939232 0.225047 0.93331 0.222252 0.960281 0.228277 0.935232 0.149841 0.939447 0.225652 0.933657 0.313203 0.933657 0.313203 0.960256 0.1595309 0.935232 0.149841 0.937665 0.08449596 0.935232 0.149841 0.960256 0.1595309 0.958978 0.008854985 0.962298 0.01678597 0.956138 0.107807 0.956138 0.107807 0.953188 0.09640598 0.958978 0.008854985 0.962298 0.01678597 0.958763 0.008249998 0.953001 0.09553498 0.953001 0.09553498 0.956138 0.107807 0.962298 0.01678597 0.525374 0.879712 0.525331 0.876298 0.522215 0.862921 0.525374 0.879712 0.522215 0.862921 0.521852 0.862859 0.936787 0.294665 0.936772 0.327252 0.96752 0.32884 0.96752 0.32884 0.968763 0.297007 0.936787 0.294665 0.939622 0.04612398 0.938807 0.112836 0.969555 0.113801 0.969555 0.113801 0.97037 0.04771196 0.939622 0.04612398 0.940557 0.003438949 0.938662 0.07259595 0.96941 0.07278996 0.96941 0.07278996 0.971304 0.004402995 0.940557 0.003438949 0.938662 0.07259595 0.938622 0.130007 0.969371 0.1295779 0.969371 0.1295779 0.96941 0.07278996 0.938662 0.07259595 0.937847 0.139308 0.937832 0.274208 0.968581 0.273541 0.968581 0.273541 0.968596 0.138879 0.937847 0.139308 0.936883 0.273365 0.936898 0.138465 0.966405 0.138141 0.966405 0.138141 0.96639 0.272803 0.936883 0.273365 0.935348 0.264031 0.935387 0.178716 0.964894 0.1790159 0.964894 0.1790159 0.964855 0.263707 0.935348 0.264031 0.936617 0.129501 0.938512 0.06034296 0.968019 0.06141299 0.968019 0.06141299 0.966125 0.1298 0.936617 0.129501 0.937858 0.111993 0.938672 0.04528099 0.968179 0.046974 0.970152 0.281061 0.969825 0.326153 0.940319 0.325083 0.935822 0.326409 0.935838 0.293822 0.967514 0.29654 0.967514 0.29654 0.965329 0.328102 0.935822 0.326409 0.968763 0.297007 0.96752 0.32884 0.995787 0.32728 0.995787 0.32728 0.995802 0.294693 0.968763 0.297007 0.97037 0.04771196 0.969555 0.113801 0.997822 0.112864 0.997822 0.112864 0.998637 0.04615199 0.97037 0.04771196 0.971304 0.004402995 0.96941 0.07278996 0.997677 0.07262396 0.997677 0.07262396 0.999571 0.00346595 0.971304 0.004402995 0.96941 0.07278996 0.969371 0.1295779 0.997637 0.130034 0.997637 0.130034 0.997677 0.07262396 0.96941 0.07278996 0.968596 0.138879 0.968581 0.273541 0.996847 0.274236 0.996847 0.274236 0.996862 0.139335 0.968596 0.138879 0.966405 0.138141 0.995897 0.273392 0.96639 0.272803 0.964855 0.263707 0.964894 0.1790159 0.994402 0.178744 0.994402 0.178744 0.994362 0.264058 0.964855 0.263707 0.966125 0.1298 0.968019 0.06141299 0.997527 0.06036996 0.997527 0.06036996 0.995632 0.129528 0.966125 0.1298 0.969825 0.326153 0.970152 0.281061 0.99966 0.279395 0.99966 0.279395 0.999333 0.325111 0.969825 0.326153 0.965329 0.328102 0.967514 0.29654 0.994852 0.293849 0.994852 0.293849 0.994837 0.326436 0.965329 0.328102 0.937282 0.1095589 0.935387 0.178716 0.935348 0.264031 0.936898 0.138465 0.936883 0.273365 0.936898 0.138465 0.937673 0.129164 0.937712 0.07175296 0.939607 0.002594947 0.936647 0.113202 0.937462 0.04648995 0.936051 0.04285597 0.935348 0.264031 0.937282 0.1095589 0.977904 0.11119 0.935348 0.264031 0.935348 0.264031 0.977904 0.11119 0.937282 0.1095589 0.935348 0.264031 0.977904 0.11119 0.938204 0.329792 0.937389 0.396504 0.936793 0.326158 0.98564 0.110237 0.943592 0.137558 0.985625 0.1428239 0.984414 0.144033 0.940487 0.207925 0.942381 0.138767 0.942381 0.138767 0.984429 0.111446 0.984414 0.144033 0.942381 0.138767 0.940447 0.293239 0.940487 0.207925 0.940487 0.207925 0.984414 0.144033 0.942381 0.138767 0.940487 0.207925 0.940432 0.325826 0.940447 0.293239 0.940447 0.293239 0.942381 0.138767 0.940487 0.207925 0.994402 0.178744 0.994362 0.264058 0.994347 0.296645 0.995912 0.138492 0.995897 0.273392 0.966405 0.138141 0.675626 0.968144 0.675966 0.977337 0.675266 0.99155 0.675626 0.968144 0.675266 0.99155 0.674926 0.982357 0.615251 0.919956 0.604879 0.916468 0.604179 0.930681 0.615251 0.919956 0.604179 0.930681 0.614551 0.934169 0.605219 0.92566 0.615449 0.925279 0.614749 0.939492 0.605219 0.92566 0.614749 0.939492 0.604519 0.939873 0.616496 0.92524 0.605837 0.925637 0.605137 0.93985 0.616496 0.92524 0.605137 0.93985 0.615796 0.939453 0.616046 0.919417 0.666933 0.922251 0.661173 0.940237 0.616046 0.919417 0.661173 0.940237 0.617737 0.938513 0.667714 0.921817 0.615964 0.926424 0.61679 0.938834 0.667714 0.921817 0.61679 0.938834 0.661098 0.940193 0.614749 0.939492 0.614551 0.934169 0.604179 0.930681 0.614749 0.939492 0.604179 0.930681 0.604519 0.939873 0.605137 0.93985 0.604796 0.930658 0.615597 0.93413 0.605137 0.93985 0.615597 0.93413 0.615796 0.939453 0.985876 0.826412 0.859079 0.826367 0.847416 0.855355 0.845082 0.855719 0.98369 0.827952 0.857911 0.826667 0.643049 0.88387 0.607846 0.824315 0.794978 0.850317 0.643049 0.88387 0.794978 0.850317 0.790904 0.905863 0.794227 0.850268 0.790094 0.904253 0.845082 0.855719 0.608117 0.824966 0.643655 0.883626 0.790859 0.904646 0.608117 0.824966 0.790859 0.904646 0.794992 0.850661 0.794174 0.848878 0.790139 0.905469 0.847416 0.855355 0.790094 0.904253 0.870332 0.903919 0.845082 0.855719 0.848055 0.85556 0.870332 0.903919 0.790094 0.904253 0.79951 0.827049 0.857212 0.826468 0.844448 0.855516 0.79951 0.827049 0.844448 0.855516 0.794213 0.849924 0.847416 0.855355 0.869915 0.905727 0.987849 0.904406 0.847416 0.855355 0.987849 0.904406 0.985876 0.826412 0.643049 0.88387 0.790904 0.905863 0.794939 0.849271 0.643049 0.88387 0.794939 0.849271 0.607842 0.824211 0.790139 0.905469 0.794213 0.849924 0.844448 0.855516 0.794966 0.850007 0.790859 0.904646 0.643655 0.883626 0.794966 0.850007 0.643655 0.883626 0.608112 0.824869 0.869915 0.905727 0.790139 0.905469 0.844448 0.855516 0.869915 0.905727 0.847416 0.855355 0.790139 0.905469 0.845082 0.855719 0.870332 0.903919 0.987803 0.902706 0.845082 0.855719 0.987803 0.902706 0.98369 0.827952 0.857911 0.826667 0.799925 0.828474 0.794227 0.850268 0.857911 0.826667 0.794227 0.850268 0.845082 0.855719 0.607846 0.824315 0.607842 0.824211 0.797498 0.825243 0.607846 0.824315 0.797498 0.825243 0.797516 0.825308 0.608112 0.824869 0.608117 0.824966 0.797931 0.826733 0.608112 0.824869 0.797931 0.826733 0.797919 0.826678 0.870332 0.903919 0.848055 0.85556 0.985945 0.827816 0.870332 0.903919 0.985945 0.827816 0.987803 0.902706 0.616046 0.919417 0.645202 0.882017 0.666933 0.922251 0.609098 0.824344 0.604879 0.916468 0.615251 0.919956 0.609098 0.824344 0.615251 0.919956 0.646189 0.884204 0.67985 0.876125 0.675966 0.977337 0.675626 0.968144 0.67985 0.876125 0.675626 0.968144 0.679846 0.87602 0.615964 0.926424 0.667714 0.921817 0.645013 0.887576 0.609102 0.824448 0.646189 0.884204 0.615449 0.925279 0.609102 0.824448 0.615449 0.925279 0.605219 0.92566 0.646795 0.88396 0.616297 0.919917 0.605497 0.916445 0.646795 0.88396 0.605497 0.916445 0.609369 0.825002 0.609373 0.825099 0.605837 0.925637 0.616496 0.92524 0.609373 0.825099 0.616496 0.92524 0.646795 0.88396 0.790094 0.904253 0.794201 0.849613 0.848055 0.85556 0.794939 0.849271 0.797498 0.825243 0.607842 0.824211 0.797516 0.825308 0.794978 0.850317 0.607846 0.824315 0.794992 0.850661 0.797931 0.826733 0.608117 0.824966 0.797919 0.826678 0.794966 0.850007 0.608112 0.824869 0.605497 0.916445 0.616297 0.919917 0.615597 0.93413 0.605497 0.916445 0.615597 0.93413 0.604796 0.930658 0.676244 0.968121 0.676584 0.977314 0.68012 0.876776 0.676244 0.968121 0.68012 0.876776 0.680116 0.876678 0.676584 0.977314 0.676244 0.968121 0.675544 0.982334 0.676584 0.977314 0.675544 0.982334 0.675884 0.991527 0.799912 0.828419 0.860057 0.826553 0.848055 0.85556 0.799912 0.828419 0.848055 0.85556 0.794201 0.849613 0.859079 0.826367 0.799491 0.826984 0.794174 0.848878 0.859079 0.826367 0.794174 0.848878 0.847416 0.855355 0.859079 0.826367 0.985876 0.826412 0.983711 0.826545 0.859079 0.826367 0.983711 0.826545 0.857212 0.826468 0.857212 0.826468 0.79951 0.827049 0.799491 0.826984 0.857212 0.826468 0.799491 0.826984 0.859079 0.826367 0.857212 0.826468 0.983711 0.826545 0.844448 0.855516 0.857911 0.826667 0.98369 0.827952 0.985945 0.827816 0.857911 0.826667 0.985945 0.827816 0.860057 0.826553 0.860057 0.826553 0.985945 0.827816 0.848055 0.85556 0.860057 0.826553 0.799912 0.828419 0.799925 0.828474 0.860057 0.826553 0.799925 0.828474 0.857911 0.826667 0.869915 0.905727 0.844448 0.855516 0.983711 0.826545 0.869915 0.905727 0.983711 0.826545 0.987849 0.904406 0.913704 0.395598 0.858745 0.395284 0.9747 0.485019 0.791761 0.48382 0.9747 0.485019 0.858745 0.395284 0.586162 0.40517 0.522331 0.406174 0.52601 0.488752 0.52601 0.488752 0.714411 0.486824 0.586162 0.40517 0.744514 0.40337 0.665112 0.405302 0.714411 0.486824 0.714411 0.486824 0.627268 0.370397 0.586162 0.40517 0.627268 0.370397 0.714411 0.486824 0.665112 0.405302 0.742707 0.405322 0.789944 0.402855 0.712689 0.486091 0.712689 0.486091 0.789944 0.402855 0.791832 0.483929 0.79156 0.484087 0.79273 0.401408 0.713806 0.485442 0.713806 0.485442 0.79273 0.401408 0.745492 0.403889 0.858745 0.395284 0.791196 0.401942 0.791761 0.48382 0.9747 0.485019 0.977357 0.401775 0.913704 0.395598 0.522331 0.406174 0.56534 0.346692 0.518188 0.345822 0.56534 0.346692 0.522331 0.406174 0.586162 0.40517 0.665112 0.405302 0.756181 0.347433 0.684489 0.346897 0.756181 0.347433 0.665112 0.405302 0.744514 0.40337 0.586162 0.40517 0.628633 0.346798 0.56534 0.346692 0.628633 0.346798 0.586162 0.40517 0.627268 0.370397 0.627268 0.370397 0.684489 0.346897 0.62852 0.345371 0.684489 0.346897 0.627268 0.370397 0.665112 0.405302 0.858745 0.395284 0.932644 0.345174 0.841781 0.347003 0.932644 0.345174 0.858745 0.395284 0.913704 0.395598 0.789944 0.402855 0.753242 0.34677 0.78375 0.346842 0.753242 0.34677 0.789944 0.402855 0.742707 0.405322 0.745492 0.403889 0.78653 0.346281 0.756024 0.346167 0.78653 0.346281 0.745492 0.403889 0.79273 0.401408 0.791196 0.401942 0.841781 0.347003 0.787407 0.347134 0.841781 0.347003 0.791196 0.401942 0.858745 0.395284 0.913704 0.395598 0.986878 0.346083 0.932644 0.345174 0.986878 0.346083 0.913704 0.395598 0.977357 0.401775 0.980824 0.656871 0.927661 0.661211 0.965017 0.605255 0.520736 0.61672 0.625214 0.683832 0.519558 0.696385 0.626022 0.684412 0.625553 0.701852 0.517881 0.696528 0.847394 0.787904 0.861968 0.747201 0.871319 0.787638 0.862245 0.745316 0.852767 0.778131 0.862245 0.745318 0.862245 0.745318 0.852993 0.7784 0.871319 0.787638 0.996486 -0.532043 0.99466 -0.533778 0.996532 -0.532131 0.739654 0.759564 0.740562 0.73037 0.719278 0.739359 0.719278 0.739359 0.740562 0.73037 0.768958 0.706786 0.739654 0.759564 0.719278 0.739359 0.718793 0.754898 0.718793 0.754898 0.764825 0.791279 0.739654 0.759564 0.787957 0.484097 0.708722 0.482269 0.70301 0.611225 0.80043 0.610348 0.787957 0.484097 0.70301 0.611225 0.711762 0.484642 0.788568 0.484101 0.705671 0.613684 0.705671 0.613684 0.788568 0.484101 0.802333 0.608365 0.927661 0.661211 0.837465 0.660726 0.803291 0.60663 0.803291 0.60663 0.965017 0.605255 0.927661 0.661211 0.965017 0.605255 0.789105 0.483597 0.96904 0.482878 0.520736 0.61672 0.627849 0.611896 0.625214 0.683832 0.524186 0.486881 0.627849 0.611896 0.520736 0.61672 0.711155 0.485737 0.627849 0.611896 0.524186 0.486881 0.862245 0.745316 0.862721 0.709105 0.740562 0.73037 0.740562 0.73037 0.862721 0.709105 0.768958 0.706786 0.768958 0.706786 0.862721 0.709105 0.861968 0.747201 0.768958 0.706786 0.861968 0.747201 0.764825 0.791279 0.861968 0.747201 0.847394 0.787904 0.764825 0.791279 0.739654 0.759564 0.862245 0.745316 0.740562 0.73037 0.848727 0.780681 0.739637 0.759629 0.862166 0.74532 0.843948 0.787915 0.874539 0.787737 0.859771 0.74715 0.862166 0.74532 0.874539 0.787737 0.848727 0.780681 0.739637 0.759629 0.719629 0.73937 0.740549 0.730344 0.719629 0.73937 0.76948 0.705688 0.740549 0.730344 0.719122 0.755644 0.719629 0.73937 0.739637 0.759629 0.739637 0.759629 0.76352 0.790778 0.719122 0.755644 0.862166 0.74532 0.740549 0.730344 0.863753 0.709138 0.740549 0.730344 0.76948 0.705688 0.863753 0.709138 0.76948 0.705688 0.859771 0.74715 0.863753 0.709138 0.76948 0.705688 0.76352 0.790778 0.859771 0.74715 0.859771 0.74715 0.76352 0.790778 0.843948 0.787915 0.739637 0.759629 0.740549 0.730344 0.862166 0.74532 0.705163 0.613531 0.710603 0.697046 0.625214 0.683832 0.626022 0.684412 0.710508 0.697344 0.625553 0.701852 0.783385 0.654575 0.803291 0.60663 0.837465 0.660726 0.711155 0.485737 0.705163 0.613531 0.627849 0.611896 0.627849 0.611896 0.705163 0.613531 0.625214 0.683832 0.836479 0.661596 0.767753 0.699273 0.886679 0.696052 0.834208 0.66212 0.926718 0.661596 0.886151 0.6943 0.765331 0.699142 0.783385 0.654575 0.837465 0.660726 0.834208 0.66212 0.886151 0.6943 0.7652 0.698962 0.782373 0.656871 0.768373 0.699141 0.835537 0.661211 0.84734 0.937256 0.863328 0.991766 0.794116 0.989521 0.84734 0.937256 0.879188 0.932435 0.863328 0.991766 0.793381 0.937551 0.793626 0.992708 0.85601 0.991343 0.863328 0.991766 0.85601 0.991343 0.793626 0.992708 0.85601 0.991343 0.879188 0.932435 0.793381 0.937551 0.794116 0.989521 0.793381 0.937551 0.84734 0.937256 0.794116 0.989521 0.793626 0.992708 0.793381 0.937551 0.879188 0.932435 0.85601 0.991343 0.863328 0.991766 0.863328 0.991766 0.793626 0.992708 0.794116 0.989521 0.847485 0.941971 0.794267 0.994236 0.863469 0.99648 0.847485 0.941971 0.863469 0.99648 0.87933 0.937149 0.793531 0.942265 0.856152 0.996057 0.793785 0.997658 0.863469 0.99648 0.793785 0.997658 0.856152 0.996057 0.856152 0.996057 0.793531 0.942265 0.87933 0.937149 0.794267 0.994236 0.847485 0.941971 0.793531 0.942265 0.794267 0.994236 0.793531 0.942265 0.793785 0.997658 0.87933 0.937149 0.863469 0.99648 0.856152 0.996057 0.863469 0.99648 0.794267 0.994236 0.793785 0.997658 0.847485 0.941971 0.87933 0.937149 0.879235 0.911524 0.847485 0.941971 0.879235 0.911524 0.846468 0.91204 0.87933 0.937149 0.793531 0.942265 0.792206 0.911718 0.87933 0.937149 0.792206 0.911718 0.879235 0.911524 0.793381 0.937551 0.879188 0.932435 0.879093 0.911424 0.793381 0.937551 0.879093 0.911424 0.793286 0.911926 0.793531 0.942265 0.847485 0.941971 0.846468 0.91204 0.793531 0.942265 0.846468 0.91204 0.792206 0.911718 0.84734 0.937256 0.793381 0.937551 0.793286 0.911926 0.84734 0.937256 0.793286 0.911926 0.847245 0.911631 0.879188 0.932435 0.84734 0.937256 0.847245 0.911631 0.879188 0.932435 0.847245 0.911631 0.879093 0.911424 0.874539 0.787737 0.992131 0.787025 0.859771 0.74715 0.859771 0.74715 0.992131 0.787025 0.99474 0.709413 0.859771 0.74715 0.99474 0.709413 0.863753 0.709138 0.861968 0.747201 0.862721 0.709105 0.992676 0.709347 0.861968 0.747201 0.992676 0.709347 0.990067 0.786963 0.863753 0.709138 0.99474 0.709413 0.995469 0.745746 0.863753 0.709138 0.995469 0.745746 0.862166 0.74532 0.862245 0.745316 0.862245 0.745318 0.871319 0.787638 0.871319 0.787638 0.990067 0.786963 0.993404 0.745682 0.871319 0.787638 0.993404 0.745682 0.862245 0.745316 0.874539 0.787737 0.862166 0.74532 0.995469 0.745746 0.874539 0.787737 0.995469 0.745746 0.992131 0.787025 0.992676 0.709347 0.862721 0.709105 0.862245 0.745316 0.992676 0.709347 0.862245 0.745316 0.993404 0.745682 0.871319 0.787638 0.861968 0.747201 0.990067 0.786963 0.847394 0.787904 0.852767 0.77813 0.739654 0.759564 0.847394 0.787904 0.739654 0.759564 0.764825 0.791279 0.871319 0.787638 0.852993 0.7784 0.847394 0.787904 0.848727 0.780681 0.874539 0.787737 0.843948 0.787915 0.739654 0.759564 0.852767 0.77813 0.862245 0.745316 0.739637 0.759629 0.848727 0.780681 0.843948 0.787915 0.739637 0.759629 0.843948 0.787915 0.76352 0.790778 0.453136 0.276177 0.437231 0.235804 0.436846 0.09357196 0.453136 0.276177 0.436846 0.09357196 0.452537 0.05510097 0.55191 0.02823895 0.580444 0.05475497 0.452537 0.05510097 0.452537 0.05510097 0.480927 0.02843195 0.516367 0.00942099 0.452537 0.05510097 0.516367 0.00942099 0.55191 0.02823895 0.481674 0.304068 0.517203 0.318001 0.516785 0.163711 0.453136 0.276177 0.481674 0.304068 0.516785 0.163711 0.437231 0.235804 0.453136 0.276177 0.516785 0.163711 0.436846 0.09357196 0.437231 0.235804 0.516785 0.163711 0.452537 0.05510097 0.436846 0.09357196 0.516785 0.163711 0.480927 0.02843195 0.452537 0.05510097 0.516785 0.163711 0.516367 0.00942099 0.480927 0.02843195 0.516785 0.163711 0.55191 0.02823895 0.516367 0.00942099 0.516785 0.163711 0.580444 0.05475497 0.55191 0.02823895 0.516785 0.163711 0.596343 0.09313899 0.580444 0.05475497 0.516785 0.163711 0.596729 0.2353709 0.596343 0.09313899 0.516785 0.163711 0.581043 0.27583 0.596729 0.2353709 0.516785 0.163711 0.552657 0.303876 0.581043 0.27583 0.516785 0.163711 0.517203 0.318001 0.552657 0.303876 0.516785 0.163711 0.480927 0.02843195 0.452537 0.05510097 0.452537 0.05510097 0.480927 0.02843195 0.452537 0.05510097 0.480927 0.02843195 0.436846 0.09357196 0.437231 0.235804 0.437231 0.235804 0.436846 0.09357196 0.437231 0.235804 0.436846 0.09357196 0.596729 0.2353709 0.596343 0.09313899 0.596343 0.09313899 0.596729 0.2353709 0.596343 0.09313899 0.596729 0.2353709 0.517203 0.318001 0.552657 0.303876 0.552657 0.303876 0.517203 0.318001 0.552657 0.303876 0.517203 0.318001 0.453136 0.276177 0.481674 0.304068 0.481674 0.304068 0.453136 0.276177 0.481674 0.304068 0.453136 0.276177 0.580444 0.05475497 0.55191 0.02823895 0.55191 0.02823895 0.580444 0.05475497 0.55191 0.02823895 0.580444 0.05475497 0.516367 0.00942099 0.480927 0.02843195 0.480927 0.02843195 0.516367 0.00942099 0.480927 0.02843195 0.516367 0.00942099 0.581043 0.27583 0.596729 0.2353709 0.596729 0.2353709 0.581043 0.27583 0.596729 0.2353709 0.581043 0.27583 0.452537 0.05510097 0.436846 0.09357196 0.436846 0.09357196 0.452537 0.05510097 0.436846 0.09357196 0.452537 0.05510097 0.437231 0.235804 0.453136 0.276177 0.453136 0.276177 0.437231 0.235804 0.453136 0.276177 0.437231 0.235804 0.481674 0.304068 0.517203 0.318001 0.517203 0.318001 0.481674 0.304068 0.517203 0.318001 0.481674 0.304068 0.596343 0.09313899 0.580444 0.05475497 0.580444 0.05475497 0.596343 0.09313899 0.580444 0.05475497 0.596343 0.09313899 0.55191 0.02823895 0.516367 0.00942099 0.516367 0.00942099 0.55191 0.02823895 0.516367 0.00942099 0.55191 0.02823895 0.552657 0.303876 0.581043 0.27583 0.581043 0.27583 0.552657 0.303876 0.581043 0.27583 0.552657 0.303876 0.517203 0.318001 0.481674 0.304068 0.453136 0.276177 0.453136 0.276177 0.581043 0.27583 0.552657 0.303876 0.453136 0.276177 0.552657 0.303876 0.517203 0.318001 0.580444 0.05475497 0.596343 0.09313899 0.596729 0.2353709 0.580444 0.05475497 0.596729 0.2353709 0.581043 0.27583 0.580444 0.05475497 0.516785 0.1637099 0.452537 0.05510097 0.452537 0.05510097 0.516785 0.1637099 0.453136 0.276177 0.516785 0.1637099 0.580444 0.05475497 0.581043 0.27583 0.453136 0.276177 0.516785 0.1637099 0.581043 0.27583 0.645455 0.756075 0.645415 0.756137 0.553317 0.759563 0.553317 0.759563 0.553378 0.759503 0.645455 0.756075 0.646407 0.759057 0.645931 0.789692 0.55361 0.788647 0.55361 0.788647 0.554634 0.761845 0.646407 0.759057 0.645415 0.756137 0.645274 0.786768 0.552575 0.786348 0.552575 0.786348 0.553317 0.759563 0.645415 0.756137 0.685115 0.759244 0.685055 0.759304 0.645415 0.756137 0.645415 0.756137 0.645455 0.756075 0.685115 0.759244 0.686361 0.761139 0.685337 0.78794 0.645931 0.789692 0.645931 0.789692 0.646407 0.759057 0.686361 0.761139 0.685055 0.759304 0.684312 0.786089 0.645274 0.786768 0.645274 0.786768 0.645415 0.756137 0.685055 0.759304 0.998815 0.79629 0.998677 0.820593 0.512445 0.818971 0.512445 0.818971 0.512559 0.799084 0.998815 0.79629 0.998632 0.79629 0.998815 0.79629 0.512559 0.799084 0.512559 0.799084 0.512408 0.799084 0.998632 0.79629 0.998677 0.820593 0.998632 0.79629 0.512408 0.799084 0.512408 0.799084 0.512445 0.818971 0.998677 0.820593 0.519482 0.775372 0.519882 0.775055 0.519477 0.775313 0.998677 0.820593 0.998815 0.79629 0.998632 0.79629 0.519397 0.774791 0.519397 0.774791 0.55609 0.760665 0.55609 0.760665 0.55603 0.760725 0.519397 0.774791 0.519681 0.775132 0.519686 0.775191 0.556617 0.762195 0.556617 0.762195 0.556526 0.788937 0.519681 0.775132 0.519882 0.775055 0.519482 0.775372 0.556898 0.762461 0.554634 0.761845 0.55361 0.788647 0.516495 0.774205 0.803291 0.60663 0.789105 0.483597 0.965017 0.605255</float_array>
          <technique_common>
            <accessor source="#sword-mesh-map-0-array" count="1443" stride="2">
              <param name="S" type="float"/>
              <param name="T" type="float"/>
            </accessor>
          </technique_common>
        </source>
        <vertices id="sword-mesh-vertices">
          <input semantic="POSITION" source="#sword-mesh-positions"/>
        </vertices>
        <triangles material="Lukhata_001-material" count="481">
          <input semantic="VERTEX" source="#sword-mesh-vertices" offset="0"/>
          <input semantic="NORMAL" source="#sword-mesh-normals" offset="1"/>
          <input semantic="TEXCOORD" source="#sword-mesh-map-0" offset="2" set="0"/>
          <p>13 0 0 2 0 1 11 0 2 16 1 3 6 1 4 8 1 5 49 2 6 16 2 7 8 2 8 50 3 9 9 3 10 24 3 11 25 4 12 10 4 13 65 4 14 66 5 15 27 5 16 24 5 17 65 6 18 31 6 19 28 6 20 5 7 21 7 7 22 17 7 23 17 8 24 18 8 25 5 8 26 12 9 27 5 9 28 18 9 29 18 10 30 20 10 31 12 10 32 13 11 33 11 11 34 21 11 35 13 12 36 21 12 37 55 12 38 36 13 39 13 13 40 55 13 41 18 14 42 17 14 43 51 14 44 52 15 45 53 15 46 19 15 47 20 16 48 18 16 49 54 16 50 53 17 51 56 17 52 22 17 53 26 18 54 0 18 55 3 18 56 3 19 57 52 19 58 26 19 59 29 20 60 0 20 61 26 20 62 29 21 63 32 21 64 4 21 65 4 22 66 67 22 67 29 22 68 34 23 69 4 23 70 32 23 71 0 24 72 56 24 73 3 24 74 0 25 75 37 25 76 56 25 77 38 26 78 1 26 79 42 26 80 43 27 81 67 27 82 4 27 83 4 28 84 46 28 85 43 28 86 46 29 87 4 29 88 34 29 89 52 30 90 3 30 91 53 30 92 53 31 93 3 31 94 56 31 95 58 32 96 14 32 97 39 32 98 40 33 99 44 33 100 59 33 101 58 34 102 45 34 103 47 34 104 58 35 105 47 35 106 60 35 107 35 36 108 62 36 109 61 36 110 61 37 111 48 37 112 35 37 113 33 38 114 63 38 115 62 38 116 62 39 117 35 39 118 33 39 119 64 40 120 31 40 121 65 40 122 42 41 123 1 41 124 68 41 125 68 42 126 1 42 127 30 42 128 101 43 129 95 43 130 72 43 131 101 44 132 84 44 133 95 44 134 101 45 135 74 45 136 84 45 137 74 46 138 101 46 139 69 46 140 70 47 141 78 47 142 71 47 143 70 48 144 87 48 145 78 48 146 70 49 147 99 49 148 87 49 149 70 50 150 76 50 151 99 50 152 75 51 153 90 51 154 85 51 155 101 52 156 102 52 157 69 52 158 70 53 159 71 53 160 103 53 161 79 54 162 86 54 163 82 54 164 79 55 165 92 55 166 86 55 167 79 56 168 89 56 169 92 56 170 85 57 171 97 57 172 96 57 173 97 58 174 85 58 175 90 58 176 92 59 177 80 59 178 93 59 179 92 60 180 98 60 181 80 60 182 92 61 183 89 61 184 98 61 185 88 62 186 98 62 187 89 62 188 98 63 189 88 63 190 100 63 191 97 64 192 94 64 193 81 64 194 94 65 195 97 65 196 90 65 197 96 66 198 81 66 199 73 66 200 81 67 201 96 67 202 97 67 203 80 68 204 100 68 205 77 68 206 100 69 207 80 69 208 98 69 209 91 70 210 82 70 211 86 70 212 83 71 213 90 71 214 75 71 215 89 72 216 79 72 217 88 72 218 101 73 219 104 73 220 102 73 221 70 74 222 103 74 223 105 74 224 106 75 225 116 75 226 111 75 227 116 76 228 106 76 229 117 76 230 110 77 231 117 77 232 106 77 233 117 78 234 110 78 235 118 78 236 109 79 237 120 79 238 108 79 239 120 80 240 109 80 241 122 80 242 123 81 243 122 81 244 112 81 245 109 82 246 112 82 247 122 82 248 108 83 249 124 83 250 107 83 251 124 84 252 108 84 253 120 84 254 107 85 255 118 85 256 110 85 257 118 86 258 107 86 259 124 86 260 111 87 261 126 87 262 113 87 263 126 88 264 111 88 265 116 88 266 113 89 267 127 89 268 143 89 269 127 90 270 113 90 271 126 90 272 127 91 273 128 91 274 143 91 275 114 92 276 143 92 277 128 92 278 129 93 279 115 93 280 114 93 281 114 94 282 128 94 283 129 94 284 123 95 285 112 95 286 115 95 287 115 96 288 129 96 289 123 96 290 130 97 291 131 97 292 116 97 293 116 98 294 117 98 295 130 98 296 110 99 297 117 99 298 130 99 299 122 100 300 109 100 301 132 100 302 132 101 303 122 101 304 123 101 305 131 102 306 133 102 307 126 102 308 126 103 309 116 103 310 131 103 311 133 104 312 134 104 313 127 104 314 127 105 315 126 105 316 133 105 317 127 106 318 134 106 319 128 106 320 135 107 321 128 107 322 134 107 323 129 108 324 135 108 325 136 108 326 135 109 327 129 109 328 128 109 329 123 110 330 136 110 331 132 110 332 136 111 333 123 111 334 129 111 335 117 112 336 118 112 337 141 112 338 141 113 339 130 113 340 117 113 341 140 114 342 138 114 343 120 114 344 120 115 345 122 115 346 140 115 347 132 116 348 140 116 349 122 116 350 139 117 351 137 117 352 125 117 353 125 118 354 121 118 355 139 118 356 137 119 357 142 119 358 119 119 359 119 120 360 125 120 361 137 120 362 41 121 363 15 121 364 23 121 365 41 122 366 23 122 367 57 122 368 144 123 369 149 123 370 180 123 371 180 124 372 178 124 373 144 124 374 150 125 375 152 125 376 182 125 377 182 126 378 181 126 379 150 126 380 153 127 381 157 127 382 184 127 383 184 128 384 183 128 385 153 128 386 157 129 387 159 129 388 185 129 389 185 130 390 184 130 391 157 130 392 160 131 393 164 131 394 187 131 395 187 132 396 186 132 397 160 132 398 165 133 399 166 133 400 189 133 401 189 134 402 188 134 403 165 134 404 167 135 405 168 135 406 191 135 407 191 136 408 190 136 409 167 136 410 169 137 411 170 137 412 193 137 413 193 138 414 192 138 415 169 138 416 171 139 417 175 139 418 195 139 419 196 140 420 194 140 421 172 140 422 176 141 423 145 141 424 179 141 425 179 142 426 197 142 427 176 142 428 178 143 429 180 143 430 202 143 431 202 144 432 198 144 433 178 144 434 181 145 435 182 145 436 205 145 437 205 146 438 203 146 439 181 146 440 183 147 441 184 147 442 208 147 443 208 148 444 206 148 445 183 148 446 184 149 447 185 149 448 211 149 449 211 150 450 208 150 451 184 150 452 186 151 453 187 151 454 214 151 455 214 152 456 212 152 457 186 152 458 189 153 459 215 153 460 188 153 461 190 154 462 191 154 463 221 154 464 221 155 465 218 155 466 190 155 467 192 156 468 193 156 469 224 156 470 224 157 471 222 157 472 192 157 473 194 158 474 196 158 475 228 158 476 228 159 477 225 159 478 194 159 479 197 160 480 179 160 481 199 160 482 199 161 483 229 161 484 197 161 485 173 162 486 168 162 487 167 162 488 166 163 489 165 163 490 161 163 491 162 164 492 158 164 493 154 164 494 155 165 495 151 165 496 146 165 497 163 166 498 156 166 499 147 166 500 167 167 501 163 167 502 147 167 503 173 168 504 167 168 505 147 168 506 177 169 507 174 169 508 148 169 509 200 170 510 226 170 511 230 170 512 204 171 513 223 171 514 227 171 515 227 172 516 201 172 517 204 172 518 207 173 519 219 173 520 223 173 521 223 174 522 204 174 523 207 174 524 209 175 525 216 175 526 219 175 527 219 176 528 207 176 529 209 176 530 210 177 531 213 177 532 217 177 533 220 178 534 215 178 535 189 178 536 303 179 537 307 179 538 233 179 539 303 180 540 233 180 541 243 180 542 301 181 543 304 181 544 244 181 545 301 182 546 244 182 547 245 182 548 308 183 549 305 183 550 231 183 551 308 184 552 231 184 553 234 184 554 299 185 555 297 185 556 235 185 557 299 186 558 235 186 559 237 186 560 309 187 561 300 187 562 238 187 563 309 188 564 238 188 565 239 188 566 306 189 567 302 189 568 246 189 569 306 190 570 246 190 571 232 190 572 231 191 573 245 191 574 244 191 575 231 192 576 244 192 577 234 192 578 235 193 579 241 193 580 240 193 581 235 194 582 240 194 583 237 194 584 279 195 585 313 195 586 256 195 587 251 196 588 255 196 589 315 196 590 276 197 591 258 197 592 283 197 593 276 198 594 283 198 595 270 198 596 285 199 597 266 199 598 251 199 599 252 200 600 262 200 601 267 200 602 252 201 603 267 201 604 286 201 605 287 202 606 271 202 607 256 202 608 266 203 609 268 203 610 251 203 611 247 204 612 268 204 613 266 204 614 291 205 615 314 205 616 257 205 617 291 206 618 257 206 619 284 206 620 256 207 621 272 207 622 265 207 623 256 208 624 265 208 625 279 208 626 276 209 627 270 209 628 288 209 629 276 210 630 288 210 631 273 210 632 271 211 633 284 211 634 257 211 635 281 212 636 267 212 637 262 212 638 281 213 639 262 213 640 248 213 641 272 214 642 271 214 643 257 214 644 272 215 645 256 215 646 271 215 647 251 216 648 268 216 649 269 216 650 251 217 651 269 217 652 255 217 653 315 218 654 293 218 655 285 218 656 315 219 657 285 219 658 251 219 659 258 220 660 273 220 661 289 220 662 258 221 663 289 221 664 292 221 665 248 222 666 252 222 667 294 222 668 248 223 669 294 223 670 295 223 671 268 224 672 247 224 673 280 224 674 268 225 675 280 225 676 269 225 677 309 226 678 263 226 679 300 226 680 274 227 681 304 227 682 301 227 683 274 228 684 301 228 685 277 228 686 259 229 687 307 229 688 303 229 689 259 230 690 303 230 691 275 230 692 302 231 693 306 231 694 278 231 695 260 232 696 277 232 697 305 232 698 260 233 699 305 233 700 308 233 701 264 234 702 310 234 703 311 234 704 264 235 705 311 235 706 249 235 707 253 236 708 297 236 709 299 236 710 253 237 711 299 237 712 264 237 713 266 238 714 282 238 715 247 238 716 288 239 717 289 239 718 273 239 719 292 240 720 283 240 721 258 240 722 286 241 723 294 241 724 252 241 725 295 242 726 281 242 727 248 242 728 311 243 729 310 243 730 240 243 731 311 244 732 240 244 733 241 244 734 312 245 735 298 245 736 254 245 737 312 246 738 254 246 739 250 246 740 298 247 741 312 247 742 242 247 743 298 248 744 242 248 745 236 248 746 296 249 747 316 249 748 247 249 749 296 250 750 247 250 751 282 250 752 313 251 753 290 251 754 287 251 755 313 252 756 287 252 757 256 252 758 313 253 759 279 253 760 261 253 761 313 254 762 261 254 763 314 254 764 314 255 765 291 255 766 290 255 767 314 256 768 290 256 769 313 256 770 314 257 771 261 257 772 257 257 773 315 258 774 255 258 775 280 258 776 315 259 777 280 259 778 316 259 779 316 260 780 280 260 781 247 260 782 316 261 783 296 261 784 293 261 785 316 262 786 293 262 787 315 262 788 272 263 789 257 263 790 261 263 791 272 264 792 261 264 793 265 264 794 365 265 795 343 265 796 396 265 797 353 266 798 396 266 799 343 266 800 359 267 801 409 267 802 349 267 803 349 268 804 345 268 805 359 268 806 413 269 807 361 269 808 345 269 809 345 270 810 319 270 811 359 270 812 319 271 813 345 271 814 361 271 815 410 272 816 357 272 817 350 272 818 350 273 819 357 273 820 397 273 821 354 274 822 317 274 823 346 274 824 346 275 825 317 275 826 414 275 827 343 276 828 318 276 829 353 276 830 396 277 831 358 277 832 365 277 833 409 278 834 360 278 835 320 278 836 360 279 837 409 279 838 359 279 839 361 280 840 411 280 841 322 280 842 411 281 843 361 281 844 413 281 845 359 282 846 323 282 847 360 282 848 323 283 849 359 283 850 319 283 851 319 284 852 322 284 853 324 284 854 322 285 855 319 285 856 361 285 857 343 286 858 364 286 859 344 286 860 364 287 861 343 287 862 365 287 863 357 288 864 321 288 865 415 288 866 321 289 867 357 289 868 410 289 869 414 290 870 362 290 871 412 290 872 362 291 873 414 291 874 317 291 875 318 292 876 344 292 877 363 292 878 344 293 879 318 293 880 343 293 881 365 294 882 416 294 883 364 294 884 416 295 885 365 295 886 358 295 887 336 296 888 400 296 889 387 296 890 371 297 891 366 297 892 374 297 893 367 298 894 325 298 895 375 298 896 328 299 897 383 299 898 370 299 899 384 300 900 443 300 901 368 300 902 368 301 903 444 301 904 370 301 905 369 302 906 329 302 907 385 302 908 386 303 909 382 303 910 376 303 911 376 304 912 382 304 913 372 304 914 386 305 915 376 305 916 337 305 917 337 306 918 388 306 919 386 306 920 355 307 921 347 307 922 373 307 923 389 308 924 355 308 925 373 308 926 351 309 927 398 309 928 392 309 929 392 310 930 398 310 931 379 310 932 400 311 933 339 311 934 380 311 935 380 312 936 387 312 937 400 312 938 387 313 939 399 313 940 356 313 941 371 314 942 335 314 943 366 314 944 348 315 945 335 315 946 371 315 947 352 316 948 335 316 949 348 316 950 384 317 951 330 317 952 382 317 953 382 318 954 330 318 955 372 318 956 372 319 957 330 319 958 383 319 959 372 320 960 383 320 961 388 320 962 383 321 963 328 321 964 388 321 965 386 322 966 384 322 967 382 322 968 446 323 969 395 323 970 390 323 971 331 324 972 333 324 973 332 324 974 390 325 975 333 325 976 446 325 977 395 326 978 404 326 979 391 326 980 404 327 981 393 327 982 391 327 983 341 328 984 404 328 985 395 328 986 395 329 987 381 329 988 341 329 989 390 330 990 391 330 991 334 330 992 391 331 993 393 331 994 334 331 995 393 332 996 332 332 997 334 332 998 393 333 999 381 333 1000 332 333 1001 332 334 1002 381 334 1003 331 334 1004 395 335 1005 391 335 1006 390 335 1007 394 336 1008 405 336 1009 366 336 1010 367 337 1011 406 337 1012 325 337 1013 342 338 1014 380 338 1015 339 338 1016 352 339 1017 394 339 1018 335 339 1019 335 340 1020 394 340 1021 366 340 1022 401 341 1023 377 341 1024 326 341 1025 340 342 1026 402 342 1027 327 342 1028 407 343 1029 342 343 1030 339 343 1031 340 344 1032 327 344 1033 408 344 1034 338 345 1035 378 345 1036 403 345 1037 423 346 1038 425 346 1039 426 346 1040 423 347 1041 427 347 1042 425 347 1043 424 348 1044 417 348 1045 428 348 1046 425 349 1047 428 349 1048 417 349 1049 428 350 1050 427 350 1051 424 350 1052 426 351 1053 424 351 1054 423 351 1055 426 352 1056 417 352 1057 424 352 1058 427 353 1059 428 353 1060 425 353 1061 425 354 1062 417 354 1063 426 354 1064 429 355 1065 421 355 1066 420 355 1067 429 356 1068 420 356 1069 418 356 1070 419 357 1071 430 357 1072 422 357 1073 420 358 1074 422 358 1075 430 358 1076 430 359 1077 419 359 1078 418 359 1079 421 360 1080 429 360 1081 419 360 1082 421 361 1083 419 361 1084 422 361 1085 418 362 1086 420 362 1087 430 362 1088 420 363 1089 421 363 1090 422 363 1091 429 364 1092 418 364 1093 441 364 1094 429 365 1095 441 365 1096 435 365 1097 418 366 1098 419 366 1099 437 366 1100 418 367 1101 437 367 1102 441 367 1103 424 368 1104 427 368 1105 439 368 1106 424 369 1107 439 369 1108 431 369 1109 419 370 1110 429 370 1111 435 370 1112 419 371 1113 435 371 1114 437 371 1115 423 372 1116 424 372 1117 431 372 1118 423 373 1119 431 373 1120 433 373 1121 427 374 1122 423 374 1123 433 374 1124 427 375 1125 433 375 1126 439 375 1127 333 376 1128 442 376 1129 332 376 1130 332 377 1131 442 377 1132 438 377 1133 332 378 1134 438 378 1135 334 378 1136 383 379 1137 330 379 1138 432 379 1139 383 380 1140 432 380 1141 440 380 1142 334 381 1143 438 381 1144 436 381 1145 334 382 1146 436 382 1147 390 382 1148 384 383 1149 368 383 1150 370 383 1151 370 384 1152 440 384 1153 434 384 1154 370 385 1155 434 385 1156 384 385 1157 333 386 1158 390 386 1159 436 386 1160 333 387 1161 436 387 1162 442 387 1163 432 388 1164 330 388 1165 384 388 1166 432 389 1167 384 389 1168 434 389 1169 370 390 1170 383 390 1171 440 390 1172 328 391 1173 445 391 1174 386 391 1175 328 392 1176 386 392 1177 388 392 1178 370 393 1179 444 393 1180 328 393 1181 446 394 1182 333 394 1183 331 394 1184 386 395 1185 445 395 1186 384 395 1187 395 396 1188 446 396 1189 331 396 1190 395 397 1191 331 397 1192 381 397 1193 449 398 1194 450 398 1195 451 398 1196 449 399 1197 451 399 1198 452 399 1199 455 400 1200 456 400 1201 452 400 1202 452 401 1203 453 401 1204 454 401 1205 452 402 1206 454 402 1207 455 402 1208 474 403 1209 472 403 1210 475 403 1211 473 404 1212 474 404 1213 475 404 1214 471 405 1215 473 405 1216 475 405 1217 470 406 1218 471 406 1219 475 406 1220 469 407 1221 470 407 1222 475 407 1223 468 408 1224 469 408 1225 475 408 1226 467 409 1227 468 409 1228 475 409 1229 464 410 1230 467 410 1231 475 410 1232 466 411 1233 464 411 1234 475 411 1235 465 412 1236 466 412 1237 475 412 1238 462 413 1239 465 413 1240 475 413 1241 461 414 1242 462 414 1243 475 414 1244 463 415 1245 461 415 1246 475 415 1247 472 416 1248 463 416 1249 475 416 1250 453 417 1251 452 417 1252 469 417 1253 453 418 1254 469 418 1255 468 418 1256 451 419 1257 450 419 1258 471 419 1259 451 420 1260 471 420 1261 470 420 1262 458 421 1263 457 421 1264 465 421 1265 458 422 1266 465 422 1267 462 422 1268 448 423 1269 460 423 1270 463 423 1271 448 424 1272 463 424 1273 472 424 1274 449 425 1275 447 425 1276 474 425 1277 449 426 1278 474 426 1279 473 426 1280 456 427 1281 455 427 1282 464 427 1283 456 428 1284 464 428 1285 466 428 1286 454 429 1287 453 429 1288 468 429 1289 454 430 1290 468 430 1291 467 430 1292 459 431 1293 458 431 1294 462 431 1295 459 432 1296 462 432 1297 461 432 1298 452 433 1299 451 433 1300 470 433 1301 452 434 1302 470 434 1303 469 434 1304 450 435 1305 449 435 1306 473 435 1307 450 436 1308 473 436 1309 471 436 1310 447 437 1311 448 437 1312 472 437 1313 447 438 1314 472 438 1315 474 438 1316 457 439 1317 456 439 1318 466 439 1319 457 440 1320 466 440 1321 465 440 1322 455 441 1323 454 441 1324 467 441 1325 455 442 1326 467 442 1327 464 442 1328 460 443 1329 459 443 1330 461 443 1331 460 444 1332 461 444 1333 463 444 1334 448 445 1335 447 445 1336 449 445 1337 449 446 1338 459 446 1339 460 446 1340 449 447 1341 460 447 1342 448 447 1343 456 448 1344 457 448 1345 458 448 1346 456 449 1347 458 449 1348 459 449 1349 456 450 1350 476 450 1351 452 450 1352 452 451 1353 476 451 1354 449 451 1355 476 452 1356 456 452 1357 459 452 1358 449 453 1359 476 453 1360 459 453 1361 488 454 1362 487 454 1363 477 454 1364 477 455 1365 480 455 1366 488 455 1367 490 456 1368 489 456 1369 481 456 1370 481 457 1371 483 457 1372 490 457 1373 487 458 1374 491 458 1375 484 458 1376 484 459 1377 477 459 1378 487 459 1379 494 460 1380 492 460 1381 487 460 1382 487 461 1383 488 461 1384 494 461 1385 497 462 1386 495 462 1387 489 462 1388 489 463 1389 490 463 1390 497 463 1391 492 464 1392 498 464 1393 491 464 1394 491 465 1395 487 465 1396 492 465 1397 501 466 1398 500 466 1399 493 466 1400 493 467 1401 496 467 1402 501 467 1403 502 468 1404 501 468 1405 496 468 1406 496 469 1407 499 469 1408 502 469 1409 500 470 1410 502 470 1411 499 470 1412 499 471 1413 493 471 1414 500 471 1415 509 472 1416 503 472 1417 506 472 1418 500 473 1419 501 473 1420 502 473 1421 507 474 1422 504 474 1423 482 474 1424 482 475 1425 478 475 1426 507 475 1427 510 476 1428 508 476 1429 479 476 1430 479 477 1431 485 477 1432 510 477 1433 503 478 1434 509 478 1435 486 478 1436 483 479 1437 481 479 1438 505 479 1439 380 480 1440 399 480 1441 387 480 1442</p>
        </triangles>
      </mesh>
    </geometry>
  </library_geometries>
  <library_controllers>
    <controller id="Dorkim_b_hurim_Skin_lukhata-skin" name="Dorkim b'hurim_Skin">
      <skin source="#sword-mesh">
        <bind_shape_matrix>1 0 0 0 0 1 0 0 0 0 1 0 0 0 0 1</bind_shape_matrix>
        <source id="Dorkim_b_hurim_Skin_lukhata-skin-joints">
          <Name_array id="Dorkim_b_hurim_Skin_lukhata-skin-joints-array" count="34">root pelvis femurleft butt-l knee-l-top knee-l-bopttom ankle_left foot_left01 femurright butt-r knee-r-top knee-r-bopttom ankleright foot_right01 lumbar rib scapula ulna carpal ammo_node_1 scapula01 ulna01 carpal_right smoke_node_1 ammo_node_0 neck skull cloaktop cloak cloakbottom nogginbottom plumes skulltop smoke_node_0</Name_array>
          <technique_common>
            <accessor source="#Dorkim_b_hurim_Skin_lukhata-skin-joints-array" count="34" stride="1">
              <param name="JOINT" type="name"/>
            </accessor>
          </technique_common>
        </source>
        <source id="Dorkim_b_hurim_Skin_lukhata-skin-bind_poses">
          <float_array id="Dorkim_b_hurim_Skin_lukhata-skin-bind_poses-array" count="544">1 0 0 0 0 -1.19209e-7 1 -2.154822 0 -1 -1.34359e-7 1.88312e-7 0 0 0 1 1 0 0 -2.88205e-4 0 0 1 -1.989969 0 -1 0 0.05965083 0 0 0 1 1 0 0 -0.2295659 0 0 1 -1.980151 0 -1 0 0 0 0 0 1 1 0 0 -0.2300334 0 -5.28991e-7 1 -1.881625 0 -1 -5.43892e-7 0.2278663 0 0 0 1 1 0 0 -0.2579528 0 0 1 -1.492427 0 -1 0 -0.3577119 0 0 0 1 1 0 0 -0.2616621 0 -2.30968e-7 1 -1.243225 0 -1 -2.45869e-7 0.03760051 0 0 0 1 1 -8.01552e-7 3.09469e-7 -0.2703902 0 -0.368721 -0.92954 0.1499912 8.59182e-7 0.9295386 -0.368721 -0.04846733 0 0 0 1 1 -7.15618e-7 3.27223e-5 -0.2703912 0 -0.9997594 -0.02186477 -0.2401512 3.27301e-5 0.02186417 -0.9997609 0.02882218 0 0 0 1 1 0 0 0.2313526 0 0 1 -1.980151 0 -1 0 0 0 0 0 1 1 0 0 0.2346149 0 -6.78003e-7 1 -1.884255 0 -1 -6.92904e-7 0.2262768 0 0 0 1 1 0 0 0.1784679 0 -6.78003e-7 1 -1.491813 0 -1 -6.85453e-7 -0.3589497 0 0 0 1 1 0 0 0.2454932 0 0 1 -1.243115 0 -1 0 0.03760027 0 0 0 1 1 -7.42666e-7 2.91746e-7 0.2586691 0 -0.3687213 -0.92954 0.1530215 7.97911e-7 0.9295406 -0.3687213 -0.04726493 0 0 0 1 1 -5.42409e-7 2.48011e-5 0.2586683 0 -0.9997615 -0.02186495 -0.2400804 2.4807e-5 0.02186506 -0.9997611 0.03209668 0 0 0 1 1 0 0 -0.004826366 0 0 1 -2.179733 0 -1 0 0.1130514 0 0 0 1 1 0 0 0.007960081 0 0 1 -2.884791 0 -1 0 -1.77087e-7 0 0 0 1 0.2624222 0 0.9649531 -3.127756 -0.9649532 0 0.2624222 -0.4253624 0 -1 0 0 0 0 0 1 0.2624223 0 0.964953 -3.251494 -0.9649531 0 0.2624222 0.1739937 0 -1 0 0 0 0 0 1 0.2624225 -1.33443e-7 0.9649531 -3.354805 -0.964953 -1.65633e-7 0.2624225 0.7493969 1.24332e-7 -1 -1.86265e-7 -0.07377809 0 0 0 1 0.2624448 -1.51909e-6 0.9649469 -3.531498 -0.001854956 -0.9999981 5.02929e-4 9.92963e-4 0.9649451 -0.00192207 -0.2624443 -0.5139691 0 0 0 1 0.2643702 0 -0.9644212 3.137701 0.9644212 0 0.2643701 -0.3922389 0 -1 0 -5.23327e-7 0 0 0 1 0.26437 0 -0.9644213 3.249703 0.9644213 -1.30599e-7 0.26437 0.2071177 -1.30851e-7 -1 0 -3.69519e-7 0 0 0 1 0.2643705 0 -0.9644212 3.387447 0.9644212 -1.30599e-7 0.2643706 0.7382512 -1.34285e-7 -1 0 -2.62005e-7 0 0 0 1 0.2643757 -6.62885e-7 -0.9644199 3.361358 -0.006498813 -0.9999772 -0.001780807 -0.05465155 -0.9643978 0.006738424 -0.2643695 -0.9202995 0 0 0 1 0.2643338 1.00254e-6 -0.9644312 3.358701 0.9644311 9.44863e-7 0.2643339 0.9758858 1.2368e-6 -1 -7.15256e-7 -1.617803 0 0 0 1 1 0 0 0.02165722 0 0 1 -3.354291 0 -1 -1.19697e-7 1.60604e-7 0 0 0 1 1 0 0 0.02895486 0 0 1 -3.806293 0 -1 0 0 0 0 0 1 1 0 0 -0.001975059 0 -4.00709e-7 1 -3.236083 0 -1 -4.17232e-7 0.1981278 0 0 0 1 1 0 0 -0.006513178 0 0 1 -2.377002 0 -1 0 0.4338244 0 0 0 1 1 0 0 0.02082639 0 0 1 -1.545783 0 -1 0 0.5515338 0 0 0 1 1 2.98285e-7 0 0.02715581 0 0.04181396 0.9991254 -3.880911 2.98529e-7 -0.9991254 0.04181396 -0.4448743 0 0 0 1 1 5.38945e-7 0 0.03132402 0 0.02110123 0.9997774 -3.98341 5.39049e-7 -0.9997773 0.02110117 -0.2703227 0 0 0 1 1 0 0 0.03312313 0 0 1 -4.176582 0 -1 0 0 0 0 0 1 1 -5.05506e-5 -1.10455e-6 0.01513373 -5.05506e-5 -1 1.19209e-7 -0.2430216 -1.10467e-6 0 -1 3.446479 0 0 0 1</float_array>
          <technique_common>
            <accessor source="#Dorkim_b_hurim_Skin_lukhata-skin-bind_poses-array" count="34" stride="16">
              <param name="TRANSFORM" type="float4x4"/>
            </accessor>
          </technique_common>
        </source>
        <source id="Dorkim_b_hurim_Skin_lukhata-skin-weights">
          <float_array id="Dorkim_b_hurim_Skin_lukhata-skin-weights-array" count="511">1 1 1 1 1 1 1 1 1 1 1 1 1 1 1 1 1 1 1 1 1 1 1 1 1 1 1 1 1 1 1 1 1 1 1 1 1 1 1 1 1 1 1 1 1 1 1 1 1 1 1 1 1 1 1 1 1 1 1 1 1 1 1 1 1 1 1 1 1 1 1 1 1 1 1 1 1 1 1 1 1 1 1 1 1 1 1 1 1 1 1 1 1 1 1 1 1 1 1 1 1 1 1 1 1 1 1 1 1 1 1 1 1 1 1 1 1 1 1 1 1 1 1 1 1 1 1 1 1 1 1 1 1 1 1 1 1 1 1 1 1 1 1 1 1 1 1 1 1 1 1 1 1 1 1 1 1 1 1 1 1 1 1 1 1 1 1 1 1 1 1 1 1 1 1 1 1 1 1 1 1 1 1 1 1 1 1 1 1 1 1 1 1 1 1 1 1 1 1 1 1 1 1 1 1 1 1 1 1 1 1 1 1 1 1 1 1 1 1 1 1 1 1 1 1 1 1 1 1 1 1 1 1 1 1 1 1 1 1 1 1 1 1 1 1 1 1 1 1 1 1 1 1 1 1 1 1 1 1 1 1 1 1 1 1 1 1 1 1 1 1 1 1 1 1 1 1 1 1 1 1 1 1 1 1 1 1 1 1 1 1 1 1 1 1 1 1 1 1 1 1 1 1 1 1 1 1 1 1 1 1 1 1 1 1 1 1 1 1 1 1 1 1 1 1 1 1 1 1 1 1 1 1 1 1 1 1 1 1 1 1 1 1 1 1 1 1 1 1 1 1 1 1 1 1 1 1 1 1 1 1 1 1 1 1 1 1 1 1 1 1 1 1 1 1 1 1 1 1 1 1 1 1 1 1 1 1 1 1 1 1 1 1 1 1 1 1 1 1 1 1 1 1 1 1 1 1 1 1 1 1 1 1 1 1 1 1 1 1 1 1 1 1 1 1 1 1 1 1 1 1 1 1 1 1 1 1 1 1 1 1 1 1 1 1 1 1 1 1 1 1 1 1 1 1 1 1 1 1 1 1 1 1 1 1 1 1 1 1 1 1 1 1 1 1 1 1 1 1 1 1 1 1 1 1 1 1 1 1 1 1 1 1 1 1 1 1 1 1 1 1 1 1 1 1 1 1 1 1 1 1</float_array>
          <technique_common>
            <accessor source="#Dorkim_b_hurim_Skin_lukhata-skin-weights-array" count="511" stride="1">
              <param name="WEIGHT" type="float"/>
            </accessor>
          </technique_common>
        </source>
        <joints>
          <input semantic="JOINT" source="#Dorkim_b_hurim_Skin_lukhata-skin-joints"/>
          <input semantic="INV_BIND_MATRIX" source="#Dorkim_b_hurim_Skin_lukhata-skin-bind_poses"/>
        </joints>
        <vertex_weights count="511">
          <input semantic="JOINT" source="#Dorkim_b_hurim_Skin_lukhata-skin-joints" offset="0"/>
          <input semantic="WEIGHT" source="#Dorkim_b_hurim_Skin_lukhata-skin-weights" offset="1"/>
          <vcount>1 1 1 1 1 1 1 1 1 1 1 1 1 1 1 1 1 1 1 1 1 1 1 1 1 1 1 1 1 1 1 1 1 1 1 1 1 1 1 1 1 1 1 1 1 1 1 1 1 1 1 1 1 1 1 1 1 1 1 1 1 1 1 1 1 1 1 1 1 1 1 1 1 1 1 1 1 1 1 1 1 1 1 1 1 1 1 1 1 1 1 1 1 1 1 1 1 1 1 1 1 1 1 1 1 1 1 1 1 1 1 1 1 1 1 1 1 1 1 1 1 1 1 1 1 1 1 1 1 1 1 1 1 1 1 1 1 1 1 1 1 1 1 1 1 1 1 1 1 1 1 1 1 1 1 1 1 1 1 1 1 1 1 1 1 1 1 1 1 1 1 1 1 1 1 1 1 1 1 1 1 1 1 1 1 1 1 1 1 1 1 1 1 1 1 1 1 1 1 1 1 1 1 1 1 1 1 1 1 1 1 1 1 1 1 1 1 1 1 1 1 1 1 1 1 1 1 1 1 1 1 1 1 1 1 1 1 1 1 1 1 1 1 1 1 1 1 1 1 1 1 1 1 1 1 1 1 1 1 1 1 1 1 1 1 1 1 1 1 1 1 1 1 1 1 1 1 1 1 1 1 1 1 1 1 1 1 1 1 1 1 1 1 1 1 1 1 1 1 1 1 1 1 1 1 1 1 1 1 1 1 1 1 1 1 1 1 1 1 1 1 1 1 1 1 1 1 1 1 1 1 1 1 1 1 1 1 1 1 1 1 1 1 1 1 1 1 1 1 1 1 1 1 1 1 1 1 1 1 1 1 1 1 1 1 1 1 1 1 1 1 1 1 1 1 1 1 1 1 1 1 1 1 1 1 1 1 1 1 1 1 1 1 1 1 1 1 1 1 1 1 1 1 1 1 1 1 1 1 1 1 1 1 1 1 1 1 1 1 1 1 1 1 1 1 1 1 1 1 1 1 1 1 1 1 1 1 1 1 1 1 1 1 1 1 1 1 1 1 1 1 1 1 1 1 1 1 1 1 1 1 1 1 1 1 1 1 1 1 1 1 1 1 1 1 1 1 1 1 1 1 1 1 1 1 1 1 1 1 1 1 1 1 1 1 1 1 1 1 1 1 1 1 1 1 1 1 1 1 1 1 </vcount>
          <v>26 0 26 1 26 2 26 3 26 4 26 5 26 6 26 7 26 8 26 9 26 10 26 11 26 12 26 13 26 14 26 15 26 16 26 17 26 18 26 19 26 20 26 21 26 22 26 23 26 24 26 25 26 26 26 27 26 28 26 29 26 30 26 31 26 32 26 33 26 34 26 35 26 36 26 37 26 38 26 39 26 40 26 41 26 42 26 43 26 44 26 45 26 46 26 47 26 48 26 49 26 50 26 51 26 52 26 53 26 54 26 55 26 56 26 57 26 58 26 59 26 60 26 61 26 62 26 63 26 64 26 65 26 66 26 67 26 68 26 69 26 70 26 71 26 72 26 73 26 74 26 75 26 76 26 77 26 78 26 79 26 80 26 81 26 82 26 83 26 84 26 85 26 86 26 87 26 88 26 89 26 90 26 91 26 92 26 93 26 94 26 95 26 96 26 97 26 98 26 99 26 100 26 101 26 102 26 103 26 104 26 105 26 106 26 107 26 108 26 109 26 110 26 111 26 112 26 113 26 114 26 115 26 116 26 117 26 118 26 119 26 120 26 121 26 122 26 123 26 124 26 125 26 126 26 127 26 128 26 129 26 130 26 131 26 132 26 133 26 134 26 135 26 136 26 137 26 138 26 139 26 140 26 141 26 142 26 143 1 144 1 145 1 146 1 147 1 148 1 149 1 150 1 151 1 152 1 153 1 154 1 155 1 156 15 157 15 158 15 159 15 160 15 161 15 162 15 163 15 164 15 165 15 166 15 167 15 168 15 169 1 170 1 171 1 172 1 173 1 174 1 175 1 176 1 177 1 178 1 179 1 180 1 181 1 182 1 183 15 184 15 185 15 186 15 187 15 188 15 189 15 190 15 191 15 192 1 193 1 194 1 195 1 196 1 197 14 198 14 199 14 200 14 201 14 202 14 203 14 204 14 205 14 206 14 207 15 208 15 209 15 210 15 211 15 212 15 213 15 214 15 215 15 216 15 217 15 218 15 219 15 220 15 221 15 222 15 223 14 224 14 225 14 226 14 227 14 228 14 229 14 230 13 231 13 232 13 233 13 234 7 235 7 236 7 237 7 238 7 239 7 240 7 241 7 242 13 243 13 244 13 245 13 246 5 247 6 248 6 249 6 250 5 251 6 252 6 253 6 254 2 255 11 256 11 257 12 258 12 259 12 260 8 261 6 262 6 263 6 264 8 265 5 266 5 267 2 268 2 269 11 270 11 271 8 272 12 273 12 274 12 275 12 276 12 277 12 278 8 279 2 280 5 281 5 282 11 283 11 284 5 285 5 286 11 287 11 288 11 289 11 290 11 291 11 292 5 293 5 294 5 295 5 296 7 297 7 298 7 299 7 300 13 301 13 302 13 303 13 304 13 305 13 306 13 307 13 308 7 309 7 310 7 311 7 312 11 313 11 314 5 315 5 316 9 317 9 318 8 319 4 320 4 321 8 322 2 323 8 324 15 325 15 326 15 327 20 328 21 329 21 330 16 331 17 332 16 333 17 334 15 335 15 336 15 337 15 338 15 339 15 340 15 341 15 342 9 343 9 344 1 345 1 346 1 347 1 348 1 349 1 350 1 351 1 352 1 353 1 354 1 355 1 356 3 357 3 358 2 359 2 360 8 361 9 362 9 363 3 364 3 365 15 366 15 367 21 368 21 369 20 370 15 371 15 372 15 373 15 374 15 375 15 376 15 377 15 378 15 379 15 380 15 381 20 382 21 383 21 384 21 385 20 386 15 387 15 388 15 389 17 390 16 391 15 392 15 393 15 394 16 395 1 396 1 397 1 398 1 399 15 400 15 401 15 402 15 403 15 404 15 405 15 406 15 407 15 408 2 409 2 410 10 411 10 412 8 413 8 414 3 415 3 416 22 417 18 418 18 419 18 420 18 421 18 422 22 423 22 424 22 425 22 426 22 427 22 428 18 429 18 430 22 431 22 432 22 433 22 434 18 435 18 436 18 437 18 438 22 439 22 440 18 441 18 442 20 443 20 444 20 445 16 446 19 447 19 448 19 449 19 450 19 451 19 452 19 453 19 454 19 455 19 456 19 457 19 458 19 459 19 460 19 461 19 462 19 463 19 464 19 465 19 466 19 467 19 468 19 469 19 470 19 471 19 472 19 473 19 474 19 475 19 476 23 477 23 478 23 479 23 480 23 481 23 482 23 483 23 484 23 485 23 486 23 487 23 488 23 489 23 490 23 491 23 492 23 493 23 494 23 495 23 496 23 497 23 498 23 499 23 500 23 501 23 502 23 503 23 504 23 505 23 506 23 507 23 508 23 509 23 510</v>
        </vertex_weights>
      </skin>
    </controller>
  </library_controllers>
  <library_visual_scenes>
    <visual_scene id="Scene" name="Scene">
      <node id="Dorkim_b_hurim_Skin" name="Dorkim_b_hurim_Skin" type="NODE">
        <matrix sid="transform">1 0 0 0 0 1 0 0 0 0 1 0 0 0 0 1</matrix>
        <node id="Dorkim_b_hurim_Skin_root" name="root" sid="root" type="JOINT">
          <matrix sid="transform">1 0 3.38755e-8 0 3.38755e-8 -1.34359e-7 -1 -1.01207e-7 4.50959e-15 1 -1.19209e-7 2.154822 0 0 0 1</matrix>
          <node id="Dorkim_b_hurim_Skin_pelvis" name="pelvis" sid="pelvis" type="JOINT">
            <matrix sid="transform">1 0 1.06555e-8 2.88204e-4 -3.96948e-16 1 3.72528e-8 -0.1648533 -1.06555e-8 -3.72528e-8 1 -0.05965076 0 0 0 1</matrix>
            <node id="Dorkim_b_hurim_Skin_femurleft" name="femurleft" sid="femurleft" type="JOINT">
              <matrix sid="transform">1 -5.5443e-15 5.09364e-9 0.2292777 0 1 0 -0.0098176 -5.09364e-9 2.48278e-10 1 0.05965088 0 0 0 1</matrix>
              <node id="Dorkim_b_hurim_Skin_butt-l" name="butt-l" sid="butt-l" type="JOINT">
                <matrix sid="transform">1 -6.03892e-15 4.2319e-9 4.67554e-4 1.89181e-15 1 -4.47035e-7 -0.098526 -4.2319e-9 4.47035e-7 1 -0.2278655 0 0 0 1</matrix>
                <extra>
                  <technique profile="blender">
                    <layer sid="layer" type="string">0</layer>
                    <roll sid="roll" type="float">0</roll>
                    <tip_x sid="tip_x" type="float">0</tip_x>
                    <tip_y sid="tip_y" type="float">0</tip_y>
                    <tip_z sid="tip_z" type="float">0.1</tip_z>
                  </technique>
                </extra>
              </node>
              <node id="Dorkim_b_hurim_Skin_knee-l-top" name="knee-l-top" sid="knee-l-top" type="JOINT">
                <matrix sid="transform">1 -6.03892e-15 7.79386e-9 0.0283868 0 0.9999999 0 -0.4877242 -7.79386e-9 0 1 0.3577119 0 0 0 1</matrix>
                <extra>
                  <technique profile="blender">
                    <layer sid="layer" type="string">0</layer>
                    <roll sid="roll" type="float">0</roll>
                    <tip_x sid="tip_x" type="float">0</tip_x>
                    <tip_y sid="tip_y" type="float">0</tip_y>
                    <tip_z sid="tip_z" type="float">0.1</tip_z>
                  </technique>
                </extra>
              </node>
              <node id="Dorkim_b_hurim_Skin_knee-l-bopttom" name="knee-l-bopttom" sid="knee-l-bopttom" type="JOINT">
                <matrix sid="transform">1 -6.03892e-15 3.00215e-8 0.03209621 4.47355e-15 1 -1.49012e-7 -0.736926 -3.00215e-8 1.49012e-7 1 -0.03760034 0 0 0 1</matrix>
                <node id="Dorkim_b_hurim_Skin_ankle_left" name="ankle left" sid="ankle_left" type="JOINT">
                  <matrix sid="transform">1 -5.11041e-8 9.27724e-7 0.008728117 3.09469e-7 -0.9295399 -0.3687218 -1.121673 8.81199e-7 0.3687218 -0.9295413 -0.0627567 0 0 0 1</matrix>
                  <node id="Dorkim_b_hurim_Skin_foot_left01" name="foot left01" sid="foot_left01" type="JOINT">
                    <matrix sid="transform">1 7.94595e-7 3.24032e-5 2.38419e-7 -3.01607e-5 0.3889571 0.9212559 0.216839 -1.18714e-5 -0.9212559 0.388957 -0.2809219 0 0 0 1</matrix>
                    <extra>
                      <technique profile="blender">
                        <layer sid="layer" type="string">0</layer>
                        <roll sid="roll" type="float">3.2705e-5</roll>
                        <tip_x sid="tip_x" type="float">0</tip_x>
                        <tip_y sid="tip_y" type="float">-0.09997612</tip_y>
                        <tip_z sid="tip_z" type="float">-0.002186357</tip_z>
                      </technique>
                    </extra>
                  </node>
                  <extra>
                    <technique profile="blender">
                      <layer sid="layer" type="string">0</layer>
                      <roll sid="roll" type="float">8.59183e-7</roll>
                      <tip_x sid="tip_x" type="float">0</tip_x>
                      <tip_y sid="tip_y" type="float">-0.03687214</tip_y>
                      <tip_z sid="tip_z" type="float">-0.09295403</tip_z>
                    </technique>
                  </extra>
                </node>
                <extra>
                  <technique profile="blender">
                    <layer sid="layer" type="string">0</layer>
                    <roll sid="roll" type="float">0</roll>
                    <tip_x sid="tip_x" type="float">0</tip_x>
                    <tip_y sid="tip_y" type="float">0</tip_y>
                    <tip_z sid="tip_z" type="float">0.1</tip_z>
                  </technique>
                </extra>
              </node>
              <extra>
                <technique profile="blender">
                  <layer sid="layer" type="string">0</layer>
                  <roll sid="roll" type="float">0</roll>
                  <tip_x sid="tip_x" type="float">0</tip_x>
                  <tip_y sid="tip_y" type="float">0</tip_y>
                  <tip_z sid="tip_z" type="float">0.0999999</tip_z>
                </technique>
              </extra>
            </node>
            <node id="Dorkim_b_hurim_Skin_femurright" name="femurright" sid="femurright" type="JOINT">
              <matrix sid="transform">1 -5.5443e-15 5.09365e-9 -0.2316408 0 1 0 -0.0098176 -5.09365e-9 2.48278e-10 1 0.05965088 0 0 0 1</matrix>
              <node id="Dorkim_b_hurim_Skin_butt-r" name="butt-r" sid="butt-r" type="JOINT">
                <matrix sid="transform">1 -6.03892e-15 5.58592e-9 -0.003262356 3.32947e-15 1 -5.96046e-7 -0.09589529 -5.58592e-9 5.96046e-7 1 -0.2262757 0 0 0 1</matrix>
                <extra>
                  <technique profile="blender">
                    <layer sid="layer" type="string">0</layer>
                    <roll sid="roll" type="float">0</roll>
                    <tip_x sid="tip_x" type="float">0</tip_x>
                    <tip_y sid="tip_y" type="float">0</tip_y>
                    <tip_z sid="tip_z" type="float">0.1</tip_z>
                  </technique>
                </extra>
              </node>
              <node id="Dorkim_b_hurim_Skin_knee-r-top" name="knee-r-top" sid="knee-r-top" type="JOINT">
                <matrix sid="transform">1 -6.03892e-15 9.03824e-9 0.05288468 5.38721e-15 0.9999999 -5.96046e-7 -0.4883386 -9.03824e-9 5.96046e-7 1 0.3589506 0 0 0 1</matrix>
                <extra>
                  <technique profile="blender">
                    <layer sid="layer" type="string">0</layer>
                    <roll sid="roll" type="float">0</roll>
                    <tip_x sid="tip_x" type="float">0</tip_x>
                    <tip_y sid="tip_y" type="float">0</tip_y>
                    <tip_z sid="tip_z" type="float">0.1</tip_z>
                  </technique>
                </extra>
              </node>
              <node id="Dorkim_b_hurim_Skin_knee-r-bopttom" name="knee-r-bopttom" sid="knee-r-bopttom" type="JOINT">
                <matrix sid="transform">1 -6.03892e-15 1.89711e-8 -0.01414061 0 1 0 -0.7370361 -1.89711e-8 0 1 -0.03760032 0 0 0 1</matrix>
                <node id="Dorkim_b_hurim_Skin_ankleright" name="ankleright" sid="ankleright" type="JOINT">
                  <matrix sid="transform">1 -2.79397e-8 8.61673e-7 -0.01317592 2.91746e-7 -0.92954 -0.3687211 -1.118303 8.11261e-7 0.3687211 -0.9295394 -0.06275678 0 0 0 1</matrix>
                  <node id="Dorkim_b_hurim_Skin_foot_right01" name="foot right01" sid="foot_right01" type="JOINT">
                    <matrix sid="transform">1 7.36109e-7 2.44991e-5 2.68221e-7 -2.28563e-5 0.3889574 0.9212557 0.2168392 -8.85097e-6 -0.9212557 0.3889574 -0.2809224 0 0 0 1</matrix>
                    <extra>
                      <technique profile="blender">
                        <layer sid="layer" type="string">0</layer>
                        <roll sid="roll" type="float">2.48081e-5</roll>
                        <tip_x sid="tip_x" type="float">0</tip_x>
                        <tip_y sid="tip_y" type="float">-0.09997606</tip_y>
                        <tip_z sid="tip_z" type="float">-0.002186477</tip_z>
                      </technique>
                    </extra>
                  </node>
                  <extra>
                    <technique profile="blender">
                      <layer sid="layer" type="string">0</layer>
                      <roll sid="roll" type="float">7.9791e-7</roll>
                      <tip_x sid="tip_x" type="float">0</tip_x>
                      <tip_y sid="tip_y" type="float">-0.03687208</tip_y>
                      <tip_z sid="tip_z" type="float">-0.09295403</tip_z>
                    </technique>
                  </extra>
                </node>
                <extra>
                  <technique profile="blender">
                    <layer sid="layer" type="string">0</layer>
                    <roll sid="roll" type="float">0</roll>
                    <tip_x sid="tip_x" type="float">0</tip_x>
                    <tip_y sid="tip_y" type="float">0</tip_y>
                    <tip_z sid="tip_z" type="float">0.1</tip_z>
                  </technique>
                </extra>
              </node>
              <extra>
                <technique profile="blender">
                  <layer sid="layer" type="string">0</layer>
                  <roll sid="roll" type="float">0</roll>
                  <tip_x sid="tip_x" type="float">0</tip_x>
                  <tip_y sid="tip_y" type="float">0</tip_y>
                  <tip_z sid="tip_z" type="float">0.0999999</tip_z>
                </technique>
              </extra>
            </node>
            <node id="Dorkim_b_hurim_Skin_lumbar" name="lumbar" sid="lumbar" type="JOINT">
              <matrix sid="transform">1 -5.5443e-15 4.81516e-9 0.004538174 0 1 3.72529e-8 0.189765 -4.81516e-9 -3.70047e-8 1 -0.05340066 0 0 0 1</matrix>
              <node id="Dorkim_b_hurim_Skin_rib" name="rib" sid="rib" type="JOINT">
                <matrix sid="transform">1 -5.8325e-15 4.3098e-9 -0.01278648 0 1 0 0.7050576 -4.3098e-9 2.48249e-10 1 0.1130516 0 0 0 1</matrix>
                <node id="Dorkim_b_hurim_Skin_scapula" name="scapula" sid="scapula" type="JOINT">
                  <matrix sid="transform">0.2624221 -0.9649532 -5.82049e-8 0.4182977 0.9649531 0.2624222 -3.53615e-8 0.2449708 4.93965e-8 -4.68854e-8 1 -4.3226e-8 0 0 0 1</matrix>
                  <node id="Dorkim_b_hurim_Skin_ulna" name="ulna" sid="ulna" type="JOINT">
                    <matrix sid="transform">1 2.98023e-8 2.0937e-8 0.1237385 -5.96046e-8 1 -3.01981e-14 -0.5993563 -2.09371e-8 3.19744e-14 1 -2.4808e-9 0 0 0 1</matrix>
                    <node id="Dorkim_b_hurim_Skin_carpal" name="carpal" sid="carpal" type="JOINT">
                      <matrix sid="transform">0.9999999 2.68221e-7 -7.59274e-8 0.1033103 -3.27826e-7 1 -1.49012e-7 -0.5754042 7.59274e-8 1.49012e-7 1 0.07377817 0 0 0 1</matrix>
                      <node id="Dorkim_b_hurim_Skin_ammo_node_1" name="ammo node 1" sid="ammo_node_1" type="JOINT">
                        <matrix sid="transform">1 -1.34105e-6 -2.31564e-5 0.1766815 -2.31564e-5 0.001922249 -0.9999982 0.2353451 1.38646e-6 0.9999982 0.00192213 -0.07377826 0 0 0 1</matrix>
                        <extra>
                          <technique profile="blender">
                            <layer sid="layer" type="string">0</layer>
                            <roll sid="roll" type="float">-2.366025</roll>
                            <tip_x sid="tip_x" type="float">-1.8549e-4</tip_x>
                            <tip_y sid="tip_y" type="float">-0.09999984</tip_y>
                            <tip_z sid="tip_z" type="float">5.03063e-5</tip_z>
                          </technique>
                        </extra>
                      </node>
                      <extra>
                        <technique profile="blender">
                          <layer sid="layer" type="string">0</layer>
                          <roll sid="roll" type="float">-1.305264</roll>
                          <tip_x sid="tip_x" type="float">-0.09649527</tip_x>
                          <tip_y sid="tip_y" type="float">0</tip_y>
                          <tip_z sid="tip_z" type="float">0.02624225</tip_z>
                        </technique>
                      </extra>
                    </node>
                    <extra>
                      <technique profile="blender">
                        <layer sid="layer" type="string">0</layer>
                        <roll sid="roll" type="float">-1.305265</roll>
                        <tip_x sid="tip_x" type="float">-0.09649544</tip_x>
                        <tip_y sid="tip_y" type="float">0</tip_y>
                        <tip_z sid="tip_z" type="float">0.02624225</tip_z>
                      </technique>
                    </extra>
                  </node>
                  <extra>
                    <technique profile="blender">
                      <layer sid="layer" type="string">0</layer>
                      <roll sid="roll" type="float">-1.305265</roll>
                      <tip_x sid="tip_x" type="float">-0.09649544</tip_x>
                      <tip_y sid="tip_y" type="float">0</tip_y>
                      <tip_z sid="tip_z" type="float">0.02624225</tip_z>
                    </technique>
                  </extra>
                </node>
                <node id="Dorkim_b_hurim_Skin_scapula01" name="scapula01" sid="scapula01" type="JOINT">
                  <matrix sid="transform">0.2643701 0.9644213 -8.40035e-8 -0.4432708 -0.9644213 0.2643702 1.12328e-7 0.2449708 1.3054e-7 5.13185e-8 1 -4.3226e-8 0 0 0 1</matrix>
                  <node id="Dorkim_b_hurim_Skin_ulna01" name="ulna01" sid="ulna01" type="JOINT">
                    <matrix sid="transform">0.9999999 2.98023e-8 5.47106e-8 -0.1120017 -5.96046e-8 0.9999999 -1.19209e-7 -0.5993564 -5.47106e-8 1.19209e-7 1 -7.04858e-10 0 0 0 1</matrix>
                    <node id="Dorkim_b_hurim_Skin_carpal_right" name="carpal right" sid="carpal_right" type="JOINT">
                      <matrix sid="transform">0.9999999 -7.15256e-7 -1.29843e-8 -0.1377437 5.96046e-7 0.9999999 -5.79314e-13 -0.5311354 1.29843e-8 6.03073e-13 1 -1.51498e-7 0 0 0 1</matrix>
                      <node id="Dorkim_b_hurim_Skin_smoke_node_1" name="smoke node 1" sid="smoke_node_1" type="JOINT">
                        <matrix sid="transform">1 -5.94766e-7 5.21541e-6 0.0260942 5.03659e-6 -0.006738305 -0.9999774 -0.1824129 6.29998e-7 0.9999773 -0.006738305 0.04844672 0 0 0 1</matrix>
                        <node id="Dorkim_b_hurim_Skin_ammo_node_0" name="ammo node 0" sid="ammo_node_0" type="JOINT">
                          <matrix sid="transform">1 4.3273e-5 1.66546e-6 0.002617121 -1.37347e-6 -0.006739381 0.9999772 1.569696 4.31836e-5 -0.9999772 -0.00673938 0.04451609 0 0 0 1</matrix>
                          <extra>
                            <technique profile="blender">
                              <layer sid="layer" type="string">0</layer>
                              <roll sid="roll" type="float">1.303284</roll>
                              <tip_x sid="tip_x" type="float">0.09691393</tip_x>
                              <tip_y sid="tip_y" type="float">1.19209e-7</tip_y>
                              <tip_z sid="tip_z" type="float">0.02656245</tip_z>
                            </technique>
                          </extra>
                        </node>
                        <extra>
                          <technique profile="blender">
                            <layer sid="layer" type="string">0</layer>
                            <roll sid="roll" type="float">1.30349</roll>
                            <tip_x sid="tip_x" type="float">-6.49929e-4</tip_x>
                            <tip_y sid="tip_y" type="float">-0.09999769</tip_y>
                            <tip_z sid="tip_z" type="float">-1.78099e-4</tip_z>
                          </technique>
                        </extra>
                      </node>
                      <extra>
                        <technique profile="blender">
                          <layer sid="layer" type="string">0</layer>
                          <roll sid="roll" type="float">1.303245</roll>
                          <tip_x sid="tip_x" type="float">0.0964421</tip_x>
                          <tip_y sid="tip_y" type="float">0</tip_y>
                          <tip_z sid="tip_z" type="float">0.02643704</tip_z>
                        </technique>
                      </extra>
                    </node>
                    <extra>
                      <technique profile="blender">
                        <layer sid="layer" type="string">0</layer>
                        <roll sid="roll" type="float">1.303245</roll>
                        <tip_x sid="tip_x" type="float">0.09644222</tip_x>
                        <tip_y sid="tip_y" type="float">0</tip_y>
                        <tip_z sid="tip_z" type="float">0.02643704</tip_z>
                      </technique>
                    </extra>
                  </node>
                  <extra>
                    <technique profile="blender">
                      <layer sid="layer" type="string">0</layer>
                      <roll sid="roll" type="float">1.303245</roll>
                      <tip_x sid="tip_x" type="float">0.09644222</tip_x>
                      <tip_y sid="tip_y" type="float">0</tip_y>
                      <tip_z sid="tip_z" type="float">0.02643704</tip_z>
                    </technique>
                  </extra>
                </node>
                <node id="Dorkim_b_hurim_Skin_neck" name="neck" sid="neck" type="JOINT">
                  <matrix sid="transform">1 -6.09045e-15 3.8053e-9 -0.01369714 2.27727e-16 0.9999999 -5.98444e-8 0.4694993 -3.8053e-9 5.98444e-8 1 -1.36874e-7 0 0 0 1</matrix>
                  <node id="Dorkim_b_hurim_Skin_skull" name="skull" sid="skull" type="JOINT">
                    <matrix sid="transform">1 -6.54594e-15 1.56953e-9 -0.007297663 0 1 1.86269e-9 0.4520025 -1.56953e-9 -1.86269e-9 1 7.10191e-8 0 0 0 1</matrix>
                    <node id="Dorkim_b_hurim_Skin_cloaktop" name="cloaktop" sid="cloaktop" type="JOINT">
                      <matrix sid="transform">1 -6.73088e-15 3.25259e-9 0.03092997 9.6935e-16 1 -2.98024e-7 -0.57021 -3.25259e-9 2.98024e-7 1 -0.1981267 0 0 0 1</matrix>
                      <node id="Dorkim_b_hurim_Skin_cloak" name="cloak" sid="cloak" type="JOINT">
                        <matrix sid="transform">1 -8.0835e-15 1.42791e-10 0.004538156 0 1 4.47034e-7 -0.8590813 -1.42791e-10 -4.48409e-7 1 -0.2356976 0 0 0 1</matrix>
                        <node id="Dorkim_b_hurim_Skin_cloakbottom" name="cloakbottom" sid="cloakbottom" type="JOINT">
                          <matrix sid="transform">1 -8.07905e-15 0 -0.02733967 0 1 -7.45058e-8 -0.8312191 0 7.3132e-8 1 -0.1177093 0 0 0 1</matrix>
                          <extra>
                            <technique profile="blender">
                              <layer sid="layer" type="string">0</layer>
                              <roll sid="roll" type="float">0</roll>
                              <tip_x sid="tip_x" type="float">0</tip_x>
                              <tip_y sid="tip_y" type="float">0</tip_y>
                              <tip_z sid="tip_z" type="float">0.1</tip_z>
                            </technique>
                          </extra>
                        </node>
                        <extra>
                          <technique profile="blender">
                            <layer sid="layer" type="string">0</layer>
                            <roll sid="roll" type="float">0</roll>
                            <tip_x sid="tip_x" type="float">0</tip_x>
                            <tip_y sid="tip_y" type="float">0</tip_y>
                            <tip_z sid="tip_z" type="float">0.1000001</tip_z>
                          </technique>
                        </extra>
                      </node>
                      <extra>
                        <technique profile="blender">
                          <layer sid="layer" type="string">0</layer>
                          <roll sid="roll" type="float">0</roll>
                          <tip_x sid="tip_x" type="float">0</tip_x>
                          <tip_y sid="tip_y" type="float">0</tip_y>
                          <tip_z sid="tip_z" type="float">0.0999999</tip_z>
                        </technique>
                      </extra>
                    </node>
                    <node id="Dorkim_b_hurim_Skin_nogginbottom" name="nogginbottom" sid="nogginbottom" type="JOINT">
                      <matrix sid="transform">1 2.3283e-9 2.3955e-7 0.001799161 -1.23428e-8 0.9991254 0.0418141 0.08982587 -2.39243e-7 -0.0418141 0.9991254 0.2822085 0 0 0 1</matrix>
                      <extra>
                        <technique profile="blender">
                          <layer sid="layer" type="string">0</layer>
                          <roll sid="roll" type="float">2.98529e-7</roll>
                          <tip_x sid="tip_x" type="float">0</tip_x>
                          <tip_y sid="tip_y" type="float">0.004181385</tip_y>
                          <tip_z sid="tip_z" type="float">0.09991264</tip_z>
                        </technique>
                      </extra>
                    </node>
                    <node id="Dorkim_b_hurim_Skin_plumes" name="plumes" sid="plumes" type="JOINT">
                      <matrix sid="transform">1 -6.66134e-15 4.80032e-7 -0.002369052 -1.01293e-8 0.9997773 0.02110134 0.1819341 -4.79925e-7 -0.02110134 0.9997773 0.1862074 0 0 0 1</matrix>
                      <extra>
                        <technique profile="blender">
                          <layer sid="layer" type="string">0</layer>
                          <roll sid="roll" type="float">5.39049e-7</roll>
                          <tip_x sid="tip_x" type="float">0</tip_x>
                          <tip_y sid="tip_y" type="float">0.002110123</tip_y>
                          <tip_z sid="tip_z" type="float">0.09997797</tip_z>
                        </technique>
                      </extra>
                    </node>
                    <node id="Dorkim_b_hurim_Skin_skulltop" name="skulltop" sid="skulltop" type="JOINT">
                      <matrix sid="transform">1 -6.73088e-15 4.67863e-9 -0.00416824 0 1 7.10543e-14 0.3702886 -4.67863e-9 -7.10543e-14 1 -4.26326e-14 0 0 0 1</matrix>
                      <extra>
                        <technique profile="blender">
                          <layer sid="layer" type="string">0</layer>
                          <roll sid="roll" type="float">0</roll>
                          <tip_x sid="tip_x" type="float">0</tip_x>
                          <tip_y sid="tip_y" type="float">0</tip_y>
                          <tip_z sid="tip_z" type="float">0.0999999</tip_z>
                        </technique>
                      </extra>
                    </node>
                    <extra>
                      <technique profile="blender">
                        <layer sid="layer" type="string">0</layer>
                        <roll sid="roll" type="float">0</roll>
                        <tip_x sid="tip_x" type="float">0</tip_x>
                        <tip_y sid="tip_y" type="float">0</tip_y>
                        <tip_z sid="tip_z" type="float">0.1000001</tip_z>
                      </technique>
                    </extra>
                  </node>
                  <node id="Dorkim_b_hurim_Skin_smoke_node_0" name="smoke node 0" sid="smoke_node_0" type="JOINT">
                    <matrix sid="transform">1 -5.06081e-5 -1.10468e-6 0.006514961 -1.10467e-6 1.02446e-7 -0.9999999 0.09218764 5.06081e-5 0.9999999 2.35801e-7 0.2430202 0 0 0 1</matrix>
                    <extra>
                      <technique profile="blender">
                        <layer sid="layer" type="string">0</layer>
                        <roll sid="roll" type="float">3.141592</roll>
                        <tip_x sid="tip_x" type="float">-5.05522e-6</tip_x>
                        <tip_y sid="tip_y" type="float">-0.09999996</tip_y>
                        <tip_z sid="tip_z" type="float">0</tip_z>
                      </technique>
                    </extra>
                  </node>
                  <extra>
                    <technique profile="blender">
                      <layer sid="layer" type="string">0</layer>
                      <roll sid="roll" type="float">0</roll>
                      <tip_x sid="tip_x" type="float">0</tip_x>
                      <tip_y sid="tip_y" type="float">0</tip_y>
                      <tip_z sid="tip_z" type="float">0.1000001</tip_z>
                    </technique>
                  </extra>
                </node>
                <extra>
                  <technique profile="blender">
                    <layer sid="layer" type="string">0</layer>
                    <roll sid="roll" type="float">0</roll>
                    <tip_x sid="tip_x" type="float">0</tip_x>
                    <tip_y sid="tip_y" type="float">0</tip_y>
                    <tip_z sid="tip_z" type="float">0.0999999</tip_z>
                  </technique>
                </extra>
              </node>
              <extra>
                <technique profile="blender">
                  <layer sid="layer" type="string">0</layer>
                  <roll sid="roll" type="float">0</roll>
                  <tip_x sid="tip_x" type="float">0</tip_x>
                  <tip_y sid="tip_y" type="float">0</tip_y>
                  <tip_z sid="tip_z" type="float">0.0999999</tip_z>
                </technique>
              </extra>
            </node>
            <extra>
              <technique profile="blender">
                <layer sid="layer" type="string">0</layer>
                <roll sid="roll" type="float">0</roll>
                <tip_x sid="tip_x" type="float">0</tip_x>
                <tip_y sid="tip_y" type="float">0</tip_y>
                <tip_z sid="tip_z" type="float">0.1000001</tip_z>
              </technique>
            </extra>
          </node>
          <extra>
            <technique profile="blender">
              <layer sid="layer" type="string">0</layer>
              <roll sid="roll" type="float">0</roll>
              <tip_x sid="tip_x" type="float">0</tip_x>
              <tip_y sid="tip_y" type="float">0</tip_y>
              <tip_z sid="tip_z" type="float">0.1000001</tip_z>
            </technique>
          </extra>
        </node>
      </node>
      <node id="lukhata" name="lukhata" type="NODE">
        <translate sid="location">0 0 0</translate>
        <rotate sid="rotationZ">0 0 1 0</rotate>
        <rotate sid="rotationY">0 1 0 0</rotate>
        <rotate sid="rotationX">1 0 0 0</rotate>
        <scale sid="scale">1 1 1</scale>
        <instance_controller url="#Dorkim_b_hurim_Skin_lukhata-skin">
          <skeleton>#Dorkim_b_hurim_Skin_root</skeleton>
          <bind_material>
            <technique_common>
              <instance_material symbol="Lukhata_001-material" target="#Lukhata_001-material"/>
            </technique_common>
          </bind_material>
        </instance_controller>
      </node>
      <node id="LAMP_FRONT_PEACH" name="LAMP_FRONT_PEACH" type="NODE">
        <matrix sid="transform">3.591979 0.1901838 0.1047818 0.07793808 -0.1418689 3.370134 -1.253606 -21.84175 -0.1643847 1.24719 3.371491 55.79722 0 0 0 1</matrix>
        <instance_light url="#LAMP_FRONT_PEACH-light"/>
      </node>
      <node id="Lamp_WEST" name="Lamp_WEST" type="NODE">
        <matrix sid="transform">0.08779047 -2.860229 2.181936 -28.80603 3.591979 0.1901837 0.1047819 3.436447 -0.1985999 2.175404 2.859657 33.30629 0 0 0 1</matrix>
        <instance_light url="#Lamp_WEST-light"/>
      </node>
      <node id="Camera" name="Camera" type="NODE">
        <matrix sid="transform">0.6859207 -0.3240135 0.6515582 7.481132 0.7276763 0.3054208 -0.6141704 -6.50764 0 0.8953956 0.4452714 5.343665 0 0 0 1</matrix>
        <instance_camera url="#Camera-camera"/>
      </node>
      <node id="Lamp" name="Lamp" type="NODE">
        <matrix sid="transform">-0.2908646 -0.7711008 0.5663932 4.076245 0.9551712 -0.1998834 0.2183912 1.005454 -0.05518906 0.6045247 0.7946723 5.903862 0 0 0 1</matrix>
        <instance_light url="#Lamp-light"/>
      </node>
    </visual_scene>
  </library_visual_scenes>
  <scene>
    <instance_visual_scene url="#Scene"/>
  </scene>
</COLLADA>