<?xml version="1.0" encoding="utf-8"?>
<COLLADA xmlns="http://www.collada.org/2005/11/COLLADASchema" version="1.4.1" xmlns:xsi="http://www.w3.org/2001/XMLSchema-instance">
  <asset>
    <contributor>
      <author>Blender User</author>
      <authoring_tool>Blender 2.79.0 commit date:2017-09-11, commit time:10:43, hash:5bd8ac9</authoring_tool>
    </contributor>
    <created>2019-02-03T10:55:05</created>
    <modified>2019-02-03T10:55:05</modified>
    <unit name="meter" meter="1"/>
    <up_axis>Z_UP</up_axis>
  </asset>
  <library_cameras>
    <camera id="Camera-camera" name="Camera">
      <optics>
        <technique_common>
          <perspective>
            <xfov sid="xfov">49.13434</xfov>
            <aspect_ratio>1.777778</aspect_ratio>
            <znear sid="znear">0.1</znear>
            <zfar sid="zfar">100</zfar>
          </perspective>
        </technique_common>
      </optics>
      <extra>
        <technique profile="blender">
          <shiftx sid="shiftx" type="float">0</shiftx>
          <shifty sid="shifty" type="float">0</shifty>
          <YF_dofdist sid="YF_dofdist" type="float">0</YF_dofdist>
        </technique>
      </extra>
    </camera>
  </library_cameras>
  <library_lights>
    <light id="LAMP_FRONT_PEACH-light" name="Lamp.002">
      <technique_common>
        <ambient>
          <color>1 1 1</color>
        </ambient>
      </technique_common>
      <extra>
        <technique profile="blender">
          <type sid="type" type="int">3</type>
          <flag sid="flag" type="int">0</flag>
          <mode sid="mode" type="int">8192</mode>
          <gamma sid="blender_gamma" type="float">1</gamma>
          <red sid="red" type="float">1</red>
          <green sid="green" type="float">1</green>
          <blue sid="blue" type="float">1</blue>
          <shadow_r sid="blender_shadow_r" type="float">0</shadow_r>
          <shadow_g sid="blender_shadow_g" type="float">0</shadow_g>
          <shadow_b sid="blender_shadow_b" type="float">0</shadow_b>
          <energy sid="blender_energy" type="float">1</energy>
          <dist sid="blender_dist" type="float">29.99998</dist>
          <spotsize sid="spotsize" type="float">75</spotsize>
          <spotblend sid="spotblend" type="float">0.15</spotblend>
          <halo_intensity sid="blnder_halo_intensity" type="float">1</halo_intensity>
          <att1 sid="att1" type="float">0</att1>
          <att2 sid="att2" type="float">1</att2>
          <falloff_type sid="falloff_type" type="int">2</falloff_type>
          <clipsta sid="clipsta" type="float">1.000799</clipsta>
          <clipend sid="clipend" type="float">30.002</clipend>
          <bias sid="bias" type="float">1</bias>
          <soft sid="soft" type="float">3</soft>
          <compressthresh sid="compressthresh" type="float">0.04999995</compressthresh>
          <bufsize sid="bufsize" type="int">2880</bufsize>
          <samp sid="samp" type="int">3</samp>
          <buffers sid="buffers" type="int">1</buffers>
          <filtertype sid="filtertype" type="int">0</filtertype>
          <bufflag sid="bufflag" type="int">0</bufflag>
          <buftype sid="buftype" type="int">2</buftype>
          <ray_samp sid="ray_samp" type="int">1</ray_samp>
          <ray_sampy sid="ray_sampy" type="int">1</ray_sampy>
          <ray_sampz sid="ray_sampz" type="int">1</ray_sampz>
          <ray_samp_type sid="ray_samp_type" type="int">0</ray_samp_type>
          <area_shape sid="area_shape" type="int">0</area_shape>
          <area_size sid="area_size" type="float">10000</area_size>
          <area_sizey sid="area_sizey" type="float">100</area_sizey>
          <area_sizez sid="area_sizez" type="float">1</area_sizez>
          <adapt_thresh sid="adapt_thresh" type="float">0.000999987</adapt_thresh>
          <ray_samp_method sid="ray_samp_method" type="int">1</ray_samp_method>
          <shadhalostep sid="shadhalostep" type="int">0</shadhalostep>
          <sun_effect_type sid="sun_effect_type" type="int">0</sun_effect_type>
          <skyblendtype sid="skyblendtype" type="int">1</skyblendtype>
          <horizon_brightness sid="horizon_brightness" type="float">1</horizon_brightness>
          <spread sid="spread" type="float">1</spread>
          <sun_brightness sid="sun_brightness" type="float">1</sun_brightness>
          <sun_size sid="sun_size" type="float">1</sun_size>
          <backscattered_light sid="backscattered_light" type="float">1</backscattered_light>
          <sun_intensity sid="sun_intensity" type="float">1</sun_intensity>
          <atm_turbidity sid="atm_turbidity" type="float">2</atm_turbidity>
          <atm_extinction_factor sid="atm_extinction_factor" type="float">1</atm_extinction_factor>
          <atm_distance_factor sid="atm_distance_factor" type="float">1</atm_distance_factor>
          <skyblendfac sid="skyblendfac" type="float">1</skyblendfac>
          <sky_exposure sid="sky_exposure" type="float">1</sky_exposure>
          <sky_colorspace sid="sky_colorspace" type="int">0</sky_colorspace>
        </technique>
      </extra>
    </light>
    <light id="Lamp_WEST-light" name="Lamp.003">
      <technique_common>
        <directional>
          <color sid="color">1 1 1</color>
        </directional>
      </technique_common>
      <extra>
        <technique profile="blender">
          <type sid="type" type="int">1</type>
          <flag sid="flag" type="int">0</flag>
          <mode sid="mode" type="int">8192</mode>
          <gamma sid="blender_gamma" type="float">1</gamma>
          <red sid="red" type="float">1</red>
          <green sid="green" type="float">1</green>
          <blue sid="blue" type="float">1</blue>
          <shadow_r sid="blender_shadow_r" type="float">0</shadow_r>
          <shadow_g sid="blender_shadow_g" type="float">0</shadow_g>
          <shadow_b sid="blender_shadow_b" type="float">0</shadow_b>
          <energy sid="blender_energy" type="float">1</energy>
          <dist sid="blender_dist" type="float">29.99998</dist>
          <spotsize sid="spotsize" type="float">75</spotsize>
          <spotblend sid="spotblend" type="float">0.15</spotblend>
          <halo_intensity sid="blnder_halo_intensity" type="float">1</halo_intensity>
          <att1 sid="att1" type="float">0</att1>
          <att2 sid="att2" type="float">1</att2>
          <falloff_type sid="falloff_type" type="int">2</falloff_type>
          <clipsta sid="clipsta" type="float">1.000799</clipsta>
          <clipend sid="clipend" type="float">30.002</clipend>
          <bias sid="bias" type="float">1</bias>
          <soft sid="soft" type="float">3</soft>
          <compressthresh sid="compressthresh" type="float">0.04999995</compressthresh>
          <bufsize sid="bufsize" type="int">2880</bufsize>
          <samp sid="samp" type="int">3</samp>
          <buffers sid="buffers" type="int">1</buffers>
          <filtertype sid="filtertype" type="int">0</filtertype>
          <bufflag sid="bufflag" type="int">0</bufflag>
          <buftype sid="buftype" type="int">2</buftype>
          <ray_samp sid="ray_samp" type="int">1</ray_samp>
          <ray_sampy sid="ray_sampy" type="int">1</ray_sampy>
          <ray_sampz sid="ray_sampz" type="int">1</ray_sampz>
          <ray_samp_type sid="ray_samp_type" type="int">0</ray_samp_type>
          <area_shape sid="area_shape" type="int">1</area_shape>
          <area_size sid="area_size" type="float">0.1</area_size>
          <area_sizey sid="area_sizey" type="float">0.1</area_sizey>
          <area_sizez sid="area_sizez" type="float">1</area_sizez>
          <adapt_thresh sid="adapt_thresh" type="float">0.000999987</adapt_thresh>
          <ray_samp_method sid="ray_samp_method" type="int">1</ray_samp_method>
          <shadhalostep sid="shadhalostep" type="int">0</shadhalostep>
          <sun_effect_type sid="sun_effect_type" type="int">0</sun_effect_type>
          <skyblendtype sid="skyblendtype" type="int">1</skyblendtype>
          <horizon_brightness sid="horizon_brightness" type="float">1</horizon_brightness>
          <spread sid="spread" type="float">1</spread>
          <sun_brightness sid="sun_brightness" type="float">1</sun_brightness>
          <sun_size sid="sun_size" type="float">1</sun_size>
          <backscattered_light sid="backscattered_light" type="float">1</backscattered_light>
          <sun_intensity sid="sun_intensity" type="float">1</sun_intensity>
          <atm_turbidity sid="atm_turbidity" type="float">2</atm_turbidity>
          <atm_extinction_factor sid="atm_extinction_factor" type="float">1</atm_extinction_factor>
          <atm_distance_factor sid="atm_distance_factor" type="float">1</atm_distance_factor>
          <skyblendfac sid="skyblendfac" type="float">1</skyblendfac>
          <sky_exposure sid="sky_exposure" type="float">1</sky_exposure>
          <sky_colorspace sid="sky_colorspace" type="int">0</sky_colorspace>
        </technique>
      </extra>
    </light>
    <light id="Lamp-light" name="Lamp">
      <technique_common>
        <point>
          <color sid="color">1 1 1</color>
          <constant_attenuation>1</constant_attenuation>
          <linear_attenuation>0</linear_attenuation>
          <quadratic_attenuation>0.00111109</quadratic_attenuation>
        </point>
      </technique_common>
      <extra>
        <technique profile="blender">
          <type sid="type" type="int">0</type>
          <flag sid="flag" type="int">0</flag>
          <mode sid="mode" type="int">8192</mode>
          <gamma sid="blender_gamma" type="float">1</gamma>
          <red sid="red" type="float">1</red>
          <green sid="green" type="float">1</green>
          <blue sid="blue" type="float">1</blue>
          <shadow_r sid="blender_shadow_r" type="float">0</shadow_r>
          <shadow_g sid="blender_shadow_g" type="float">0</shadow_g>
          <shadow_b sid="blender_shadow_b" type="float">0</shadow_b>
          <energy sid="blender_energy" type="float">1</energy>
          <dist sid="blender_dist" type="float">29.99998</dist>
          <spotsize sid="spotsize" type="float">75</spotsize>
          <spotblend sid="spotblend" type="float">0.15</spotblend>
          <halo_intensity sid="blnder_halo_intensity" type="float">1</halo_intensity>
          <att1 sid="att1" type="float">0</att1>
          <att2 sid="att2" type="float">1</att2>
          <falloff_type sid="falloff_type" type="int">2</falloff_type>
          <clipsta sid="clipsta" type="float">1.000799</clipsta>
          <clipend sid="clipend" type="float">30.002</clipend>
          <bias sid="bias" type="float">1</bias>
          <soft sid="soft" type="float">3</soft>
          <compressthresh sid="compressthresh" type="float">0.04999995</compressthresh>
          <bufsize sid="bufsize" type="int">2880</bufsize>
          <samp sid="samp" type="int">3</samp>
          <buffers sid="buffers" type="int">1</buffers>
          <filtertype sid="filtertype" type="int">0</filtertype>
          <bufflag sid="bufflag" type="int">0</bufflag>
          <buftype sid="buftype" type="int">2</buftype>
          <ray_samp sid="ray_samp" type="int">1</ray_samp>
          <ray_sampy sid="ray_sampy" type="int">1</ray_sampy>
          <ray_sampz sid="ray_sampz" type="int">1</ray_sampz>
          <ray_samp_type sid="ray_samp_type" type="int">0</ray_samp_type>
          <area_shape sid="area_shape" type="int">1</area_shape>
          <area_size sid="area_size" type="float">0.1</area_size>
          <area_sizey sid="area_sizey" type="float">0.1</area_sizey>
          <area_sizez sid="area_sizez" type="float">1</area_sizez>
          <adapt_thresh sid="adapt_thresh" type="float">0.000999987</adapt_thresh>
          <ray_samp_method sid="ray_samp_method" type="int">1</ray_samp_method>
          <shadhalostep sid="shadhalostep" type="int">0</shadhalostep>
          <sun_effect_type sid="sun_effect_type" type="int">0</sun_effect_type>
          <skyblendtype sid="skyblendtype" type="int">1</skyblendtype>
          <horizon_brightness sid="horizon_brightness" type="float">1</horizon_brightness>
          <spread sid="spread" type="float">1</spread>
          <sun_brightness sid="sun_brightness" type="float">1</sun_brightness>
          <sun_size sid="sun_size" type="float">1</sun_size>
          <backscattered_light sid="backscattered_light" type="float">1</backscattered_light>
          <sun_intensity sid="sun_intensity" type="float">1</sun_intensity>
          <atm_turbidity sid="atm_turbidity" type="float">2</atm_turbidity>
          <atm_extinction_factor sid="atm_extinction_factor" type="float">1</atm_extinction_factor>
          <atm_distance_factor sid="atm_distance_factor" type="float">1</atm_distance_factor>
          <skyblendfac sid="skyblendfac" type="float">1</skyblendfac>
          <sky_exposure sid="sky_exposure" type="float">1</sky_exposure>
          <sky_colorspace sid="sky_colorspace" type="int">0</sky_colorspace>
        </technique>
      </extra>
    </light>
  </library_lights>
  <library_images/>
  <library_effects>
    <effect id="Lukhata_001-effect">
      <profile_COMMON>
        <technique sid="common">
          <phong>
            <emission>
              <color sid="emission">0 0 0 1</color>
            </emission>
            <ambient>
              <color sid="ambient">0 0 0 1</color>
            </ambient>
            <diffuse>
              <color sid="diffuse">0.64 0.64 0.64 1</color>
            </diffuse>
            <specular>
              <color sid="specular">0.5 0.5 0.5 1</color>
            </specular>
            <shininess>
              <float sid="shininess">50</float>
            </shininess>
            <index_of_refraction>
              <float sid="index_of_refraction">1</float>
            </index_of_refraction>
          </phong>
        </technique>
      </profile_COMMON>
    </effect>
    <effect id="Material__2_001-effect">
      <profile_COMMON>
        <technique sid="common">
          <phong>
            <emission>
              <color sid="emission">0 0 0 1</color>
            </emission>
            <ambient>
              <color sid="ambient">0 0 0 1</color>
            </ambient>
            <diffuse>
              <color sid="diffuse">0.8 0 0 1</color>
            </diffuse>
            <specular>
              <color sid="specular">0.4490196 0.4490196 0.4490196 1</color>
            </specular>
            <shininess>
              <float sid="shininess">50</float>
            </shininess>
            <index_of_refraction>
              <float sid="index_of_refraction">1</float>
            </index_of_refraction>
          </phong>
        </technique>
      </profile_COMMON>
    </effect>
  </library_effects>
  <library_materials>
    <material id="Lukhata_001-material" name="Lukhata_001">
      <instance_effect url="#Lukhata_001-effect"/>
    </material>
    <material id="Material__2_001-material" name="Material__2_001">
      <instance_effect url="#Material__2_001-effect"/>
    </material>
  </library_materials>
  <library_geometries>
    <geometry id="bow_000-mesh" name="bow.000">
      <mesh>
        <source id="bow_000-mesh-positions">
          <float_array id="bow_000-mesh-positions-array" count="771">-0.1636714 0.07040709 3.836686 -0.1691345 0.0834077 3.436122 0.1523039 0.07040709 3.836701 0.1577979 0.0834077 3.436122 -0.2089411 -0.2027977 3.81392 -0.1183006 -0.2866898 3.368423 0.1975699 -0.2027977 3.81393 0.1069362 -0.2866898 3.368429 0.4524807 0.1187857 2.149452 0.4648842 0.4731841 2.196402 0.06596589 0.6166918 2.284744 -0.4065668 0.4698137 2.912847 -0.4852959 0.3076144 3.183158 -0.464023 0.07786053 3.258896 -0.4340786 -0.2653285 3.004153 -0.3553498 -0.3643369 2.851002 0.01042908 -0.3643224 2.284744 0.3785356 -0.2653169 2.196402 0.4700371 0.1187843 2.29717 0.4458498 0.4680197 2.346461 0.1737991 0.6686689 2.427586 -0.2109916 0.5217925 2.942991 -0.3073824 0.3397389 3.160981 -0.3892645 0.232773 3.370604 -0.3073824 -0.249883 3.100587 -0.2109916 -0.4163157 2.881146 0.0830065 -0.4162994 2.427586 0.428871 -0.249872 2.34646 0.4597091 0.1187859 2.469422 0.4569123 0.4690633 2.51637 0.1602469 0.5541405 2.587214 -0.09795868 0.5029387 2.891917 -0.2313928 0.2871289 3.29918 -0.3103865 0.1087424 3.323408 -0.186145 -0.2047324 3.041586 -0.09795892 -0.3037407 2.891917 0.1348657 -0.3643224 2.587214 0.4101908 -0.265317 2.516369 -0.1874738 -0.3874693 0.06123656 -0.1800043 -0.3874693 -0.00692594 0.1830325 -0.3834435 -0.003593862 0.1920691 -0.3835877 0.06742781 0.3400045 -0.3481217 0.06750005 0.3914905 -0.322197 -0.003449857 -0.3915318 -0.3262227 -0.006907999 -0.3414229 -0.3520032 0.06123638 0.4072237 -0.09521055 1.262176 0.3743781 0.2468861 0.007345736 0.08570969 -0.09548908 1.242355 0.1368584 0.2452664 0.007348179 0.006965041 0.2138947 1.995085 -0.3871089 -0.09514766 1.258171 -0.07914251 -0.0954824 1.238378 -0.1339394 0.2522601 0.002764463 -0.01501017 0.2232766 1.995144 0.2525087 -0.008600413 0.1855858 -0.2307814 -0.1816589 1.987924 0.2319262 -0.2494521 1.08625 0.2367851 -0.3114866 1.406714 0.2327533 -0.1703546 1.987689 -0.2284536 -0.2593719 1.086758 -0.2121686 -0.3245769 1.404123 -0.3744874 0.2539934 0.002758383 -0.2510623 -0.01371759 0.1815163 -0.4081329 0.2236249 2.009578 0.4063367 0.2142068 2.010126 0.4387059 -0.05679112 1.095933 -0.07981628 -0.06065672 1.09605 0.08417916 -0.06115376 1.095933 -0.4195123 -0.05368727 1.09605 -0.3543573 0.02843999 1.113446 -0.09839487 0.02800703 1.113556 0.103447 0.02017652 1.116002 0.3522943 0.02054589 1.115932 0.1477569 -0.2890658 0.004783093 0.1550478 -0.2892099 0.07580482 -0.3417108 -0.2576087 0.06942176 -0.3918197 -0.2318281 0.001277327 -0.1511796 -0.2930747 0.06942194 -0.145153 -0.2930747 0.001259386 0.3397167 -0.253744 0.07587701 0.3912028 -0.2278193 0.004927039 -0.322975 0.04549419 1.320328 -0.1292576 0.04528367 1.307878 0.1448736 0.04513895 1.312567 0.3770452 0.04534012 1.32688 -0.4781569 0.3731321 1.710314 0.5633686 -0.03599119 1.319777 -0.3251973 -0.4379884 1.31847 0.001017034 0.2148829 3.364292 -0.9775303 0.2582253 3.106077 -1.077482 -0.001851499 3.122148 0.9230597 0.2589097 3.110063 0.9913383 0.1153976 2.992654 1.145868 0.3058786 3.078073 1.047137 -0.001845598 3.107506 -0.02243894 -0.2812611 2.886958 -0.469674 0.2050354 3.216027 0.206888 0.2298918 3.238317 0.4432091 0.2093136 3.213983 -0.1541718 0.4803983 1.661342 -0.2673977 0.4612947 1.290491 -0.3691931 -0.2293705 2.174331 0.3831194 -0.2293655 2.173471 -0.3730956 0.413477 2.183236 0.477636 0.3736845 1.711145 0.2180587 -0.41821 1.709507 0.336865 -0.4360824 1.317674 -0.2206482 -0.4187594 1.710335 -0.5485936 0.3540261 1.321039 0.2842943 0.4626995 1.291502 0.1820018 0.4810469 1.664068 9.19587e-4 -0.06825083 3.34153 -1.166611 0.3058889 3.107067 -0.4065695 -0.102866 2.888346 -0.469674 0.1145876 3.216027 0.3653439 0.3865426 2.904748 -0.5638919 0.03942638 3.26532 -1.045239 0.1152984 2.994533 -1.106569 0.1042863 3.264564 -0.5694294 0.2093578 3.290168 -0.394937 0.3892198 2.897066 1.077961 0.1043197 3.250071 0.5347135 0.03928047 3.274494 0.3779656 -0.1093422 2.885514 0.5416343 0.2097362 3.299071 0.3870159 0.4134824 2.182376 -0.2170964 0.228965 3.240602 0.4432091 0.1145878 3.213983 0.4776355 -0.01789832 1.71035 -0.5491978 -0.03733688 1.319778 -0.4781565 -0.01845091 1.710314 0.5639726 0.3553715 1.321831 -1.849232 -0.03799623 3.053771 1.662491 0.1846514 2.977829 1.67899 -0.03425574 3.013345 1.828973 0.1395747 3.016204 1.824957 -0.03648602 3.043179 1.81856 -0.03798347 2.988461 -1.733115 0.1031742 3.162661 -1.70908 -0.03426754 3.070702 -1.858669 0.1395867 3.081918 -1.853153 -0.03649765 3.108628 -1.694585 0.1846618 3.034318 -1.843653 0.1209853 3.021991 1.708114 0.1031721 3.103807 1.810637 0.1209748 2.957205 -1.61959 -0.04211056 3.053386 -1.644969 0.09533125 3.15139 1.619686 0.09532916 3.098212 1.588605 -0.04209876 3.000798 -1.607901 0.1768187 3.029627 1.575539 0.1768084 2.977478 -1.00714 0.2159774 3.160966 0.9782071 0.2159774 3.169291 1.654236 -0.8960815 3.205826 1.425552 -0.987536 3.240947 1.837627 -0.7137578 3.177661 1.9394 -0.450292 3.162031 1.939401 0.4769043 3.162031 1.837627 0.727409 3.177661 1.654236 0.9007633 3.205826 1.425552 1.024068 3.240947 1.196868 0.9007633 3.276067 1.013477 0.7274088 3.304232 0.9117029 0.4769042 3.319862 0.9117029 -0.4502919 3.319862 1.013477 -0.7137579 3.304232 1.196868 -0.8960815 3.276067 1.057517 -0.6482185 3.342167 0.964963 -0.408622 3.356381 1.224292 -0.8140239 3.316554 1.224292 0.8200296 3.316554 0.9649632 0.4345718 3.356381 1.057517 0.6623808 3.342167 1.432258 0.9321631 3.284615 1.640224 0.8200294 3.252676 1.807 0.662381 3.227063 1.899553 0.4345716 3.212849 1.899553 -0.4086222 3.212849 1.432258 -0.8971925 3.284615 1.807 -0.648218 3.227063 1.640224 -0.8140239 3.252676 1.446043 0.01748538 3.374377 1.43196 0.01827269 3.282649 -2.048189 -1.255527 2.999304 -2.112426 -1.249986 2.9854 -1.947164 -1.241232 3.038359 -1.941176 -1.241202 3.012562 -2.123148 -1.191177 2.982542 -1.826266 -1.227451 3.065829 -1.820292 -1.227599 3.040024 -2.105149 -1.145668 2.987094 -1.741059 -1.244233 3.096051 -1.731478 -1.244309 3.054613 -2.079826 -1.07334 2.993515 -1.749853 -1.116424 3.093632 -1.74027 -1.116508 3.052195 -2.001865 -1.044708 3.012282 -1.873914 -1.083924 3.055686 -1.867612 -1.083937 3.02996 -2.057197 -1.228313 3.003203 -2.054306 -1.118252 2.991338 -2.050098 -1.175398 3.002545 -2.048291 -1.175404 2.995129 -2.042158 -1.140856 3.004348 -2.04044 -1.140859 2.997312 -2.020872 -1.080488 3.009661 -2.019228 -1.080525 3.002821 -1.684163 -1.27556 3.132781 -1.663424 -1.275163 3.040207 -1.761884 -1.275704 3.063303 -1.68764 -1.193002 3.134501 -1.666901 -1.192605 3.041927 -1.765362 -1.193147 3.065023 -1.690997 -0.9422769 3.136496 -1.670258 -0.9418801 3.043921 -1.760425 -0.9350518 3.068861 -1.688497 0.2603983 3.139508 -1.667759 0.260795 3.046936 -1.766219 0.2602533 3.070032 0.009139657 -0.2986726 3.754242 0.008266925 -0.2376488 3.9393 -0.1656526 -0.1941338 3.892093 0.007925987 0.2411133 3.851515 -0.2119079 0.01762312 3.862818 0.007210075 -0.1521912 4.035976 -0.0458222 -0.007517993 4.015965 -0.05305135 0.02735745 4.015926 0.00869441 -0.1553322 4.141781 -0.03128725 -0.05353087 4.117929 -0.03699463 0.08888703 4.04118 -0.03495717 0.02892684 4.036937 0.008853077 -0.08255159 4.148701 0.1590608 -0.2017151 3.893529 0.2085272 0.01475751 3.86282 0.05618566 -0.009322345 4.015966 0.06371396 0.02529293 4.015927 0.04009926 -0.05415344 4.117929 0.04803758 0.08738404 4.04118 0.04563593 0.02750164 4.036937 -0.2545132 -0.2424454 3.718819 -0.2447635 0.02180862 3.414067 -0.1827075 -0.3086961 3.697469 0.245294 0.01789623 3.414069 0.1780492 -0.3108887 3.697472 0.2523722 -0.2452653 3.718823 -0.1732258 0.1396812 3.401076 0.01196408 0.2625374 3.426566 0.1759707 0.1374611 3.401079 -0.07127034 0.5034986 2.73276 -0.2048767 0.5279417 2.644755 0.00859493 0.5006639 2.766175 -0.1583757 0.5062561 2.650363 -0.08813732 -0.4163089 2.691614 -0.1889925 -0.3643304 2.593466 0.0129953 -0.3326114 2.746709</float_array>
          <technique_common>
            <accessor source="#bow_000-mesh-positions-array" count="257" stride="3">
              <param name="X" type="float"/>
              <param name="Y" type="float"/>
              <param name="Z" type="float"/>
            </accessor>
          </technique_common>
        </source>
        <source id="bow_000-mesh-normals">
          <float_array id="bow_000-mesh-normals-array" count="1368">-0.9572687 0.1776349 -0.2282159 -0.9904339 -0.1376919 0.009038984 0.9904213 -0.137778 0.009112 0.9572748 0.1776252 -0.2281983 -5.25376e-6 -0.9827277 0.1850579 -4.85161e-6 -0.9827277 0.1850579 0.9909728 -0.05110192 0.123942 0.9894073 0.08512085 -0.1175912 0.2055727 0.8595134 -0.4679494 0.6103024 0.7852537 0.1044393 -0.1029614 0.9070492 0.4082409 -0.3748227 0.9255329 -0.05382251 -0.09499734 0.865562 0.4917093 -0.2930984 0.7936099 0.533176 -0.8745855 0.07683914 0.4787443 -0.110908 0.9021118 0.4170058 -0.4600451 -0.5547405 0.6932687 -0.2077662 -0.5041857 0.8382303 -0.3814735 -0.8532773 0.3555221 -0.2798822 -0.820119 0.4990699 0.4012137 -0.7899814 0.4636346 0.3108518 -0.9288621 0.2014612 -0.2957285 -0.9358344 -0.1917257 -0.2968025 -0.9354903 -0.1917452 0.262251 -0.964933 0.01134681 0.2967493 -0.8390102 -0.4560723 0.9726669 -0.2013828 -0.1156045 0.9424123 -0.1454985 -0.3011466 0.9948073 0.07810819 -0.06525057 0.9982073 -5.17708e-5 0.05985116 0.6061713 0.6209461 0.4969733 0.270397 0.9624617 -0.02351719 0.1647782 0.9860457 0.02370965 -0.2589309 0.9657855 0.01460409 -0.06409829 0.9697665 0.2354663 0.1936876 0.789259 0.5827139 -0.3610358 0.7881063 0.4985396 0.365907 0.7673869 0.526526 0.8097359 0.3304373 0.4849115 -0.7309256 0.39888 0.5537533 -0.3094677 -0.5037101 0.8065395 0.5032431 -0.5676333 0.6515665 0.5223582 -0.5365842 0.6627362 0.4012137 -0.7899816 0.4636345 0.625409 -0.6667395 0.4053665 0.4266086 -0.9037493 -0.03524959 0.3728166 -0.9111455 0.1755612 0.9929071 -0.1029138 0.05953443 0.9884516 -0.1154305 0.09817981 -0.2239401 0.9556769 -0.1911354 -0.827924 0.1689113 -0.5347998 -0.9958774 -0.09057402 0.004957973 -0.5365176 -0.6454924 -0.5435886 -0.3171589 -0.8083419 -0.4959775 -0.1676099 0.1352337 -0.9765341 -0.852334 -1.40483e-5 -0.5229979 -0.7144016 -0.3982389 -0.5753574 -0.7188895 0.1479385 -0.6791996 -0.7030114 0.502268 -0.5034897 -0.212741 -0.07809555 -0.9739828 0.2174339 0.09075367 0.9718469 0.4824163 -0.112577 0.8686777 0.7935867 -0.01002198 0.6083747 0.7626309 0.04148524 0.6455023 0.8519965 -0.03116399 0.5226193 0.9050958 -0.02299058 0.4245858 0.9150602 -0.3927583 0.09168332 0.5205373 -0.4474618 0.7271993 0.01959079 0.07919245 -0.9966669 0.02494353 0.08643907 -0.9959449 -0.8139215 -0.05265396 0.5785841 -0.8139216 -0.05265271 0.5785841 0.9278339 -0.3638607 0.0820347 0.9303107 -0.3523193 0.1019467 -0.9297093 -0.3559055 0.09472018 -0.9210498 -0.3716315 0.1164365 0.01543402 -0.08239328 0.9964805 0.02069056 -0.08833098 0.9958764 -0.0160889 -0.08642798 0.9961283 -0.01829147 -0.07939338 0.9966756 -0.2199822 -0.9548873 -0.1994949 -0.2779942 -0.9600996 -0.03046351 0.2790293 -0.9493625 -0.1444078 0.2330316 -0.9719548 -0.03162306 -0.8431774 0.4860531 -0.2297922 -0.8231022 0.4897899 -0.2874176 0.8478453 -0.4971923 -0.1842774 0.7919251 -0.584018 -0.1782627 -0.7829464 -0.6074295 -0.1342552 -0.8547223 -0.496259 -0.1522399 -0.7750121 -0.5975313 -0.2057008 -0.7330185 -0.6796604 -0.02730494 -0.7736646 -0.6241339 -0.1090877 0.7297856 -0.6690665 -0.140581 0.9526003 0.2765843 0.1267043 0.9795071 0.1966599 0.04348313 -0.8229195 -0.5573666 0.1102103 -0.9034584 -0.4031388 0.1457469 -0.7265395 -0.6675122 -0.1629964 -0.843287 -0.507308 -0.1774986 0.7952952 -0.587971 -0.1476337 0.6754402 -0.7160896 -0.1760579 0.8245121 -0.5305455 -0.1967262 0.79892 -0.5797353 -0.1601061 -0.7625797 -0.640259 -0.09241569 -0.8535265 -0.5076519 0.1173969 -0.8551521 -0.5047664 0.1180076 -0.9661844 0.1844283 0.1802051 -0.9333641 0.3471611 0.09116393 0.007056474 0.9799973 0.1988855 0.001572966 0.9802322 0.1978446 -0.006680846 0.9800229 0.1987726 -0.001397967 0.9797916 0.2000163 0.8315765 -0.5128786 0.2131577 0.9038741 -0.4142277 0.1068978 0.07366251 -0.3854288 0.9197926 -0.8004941 0.02673327 0.5987442 -0.8040891 0.02587753 0.5939454 6.09492e-4 0.002747416 -0.9999961 4.7427e-5 0.00304681 -0.9999954 -0.07331579 -0.3938628 0.9162408 0.8016322 0.04749864 0.5959275 0.9959003 -0.02072149 0.08805298 0.8054258 0.02144867 0.5923085 0.8077239 0.02562648 0.5890038 -0.9945615 -0.02077537 0.1020579 -0.8050732 0.04832381 0.5912039 0.6821449 -0.7301462 -0.03955906 -0.7899547 0.5979503 0.1357463 0.9790808 0.2032406 0.00970149 -0.9738451 0.2266017 0.0166583 0.678608 0.7168877 0.1598854 0.8167473 -0.04854184 0.5749501 0.8167474 -0.0485419 0.5749499 -6.1332e-4 0.004787921 -0.9999884 -4.49746e-5 0.005093455 -0.9999871 -0.02163237 0.08832597 -0.9958568 -0.02279633 0.07993263 -0.9965397 0.9519782 0.2704609 -0.1434866 0.675016 0.6804952 0.2850962 -0.7886167 0.6109717 0.06926155 -0.9167064 0.302823 0.2606679 -0.008364498 0.9679043 -0.25118 -0.01490986 0.9685522 -0.2483636 0.001722931 0.9960936 -0.08828645 -0.004156649 0.9966623 -0.08152872 0.8638237 0.4339182 -0.2559764 0.008221507 0.9711194 -0.2384525 0.01398384 0.9705544 -0.2404757 0.9614905 0.2543657 -0.1040875 -0.001506984 0.9931827 -0.116559 0.006996572 0.991823 -0.1274294 0.8918973 -0.4388408 0.109261 0.8724991 -0.4674504 0.1422516 -0.002970159 0.9914549 0.1304162 1.37024e-4 0.9918716 0.1272428 0.8366322 -0.542341 -0.07689607 4.37016e-4 -0.9262706 0.376859 -0.8400336 -0.5403744 -0.04836624 0.9798398 -4.06849e-4 0.1997849 0.9818363 -0.00857675 0.1895365 -0.9760006 -0.008938968 0.2175843 -0.9735188 -1.2774e-6 0.2286073 -0.3157568 0.9487788 -0.01079386 0.3431904 0.9391715 -0.01332062 0.8505236 -0.4826051 0.2090507 0.8078856 -0.5244296 0.2688768 -0.8450765 -0.4732856 0.2486894 -0.8278432 -0.5325211 0.1763433 0.001342654 -0.9988148 0.04865407 0.002931535 -0.9989163 0.0464515 -0.002450346 0.9987111 -0.05069857 -0.001524567 0.9987679 -0.04960381 0.9762517 -0.002643525 0.2166234 0.9767413 -4.36566e-4 0.2144208 -0.9838622 9.42514e-4 0.1789262 -0.9840211 -1.15432e-6 0.1780518 -0.3546255 0.9348297 0.01828479 -0.3078454 0.9503701 0.04503303 0.3529977 0.934238 0.05091249 0.3369021 0.9410473 0.03044742 -0.1286079 0.8715479 0.473143 -0.4248425 -0.7898414 0.4423342 -0.2846464 -0.07672077 0.9555577 0.1388265 0.5675753 -0.8115328 0.09490531 0.6302524 0.770568 0.5261638 -0.1062262 0.8437226 0.6857729 -0.5386158 0.4894984 0.5965148 0 0.8026021 0.4225286 0.7384936 0.5254493 -0.9986675 -0.005351543 -0.05132883 -0.9992655 0.02414935 -0.02975434 0.9999467 -0.006175518 0.008278608 0.9992292 0.02423548 0.03088188 3.12829e-4 0.9050987 0.4252015 -0.0010854 0.9060298 0.4232127 0.00317502 0.9994148 0.03405898 3.5148e-5 0.9993054 0.03726875 -0.3833446 -0.8286117 0.4079822 -0.416804 -0.8985548 0.1373818 -7.64126e-5 -0.9973622 -0.07258653 -0.09731274 -0.8074341 0.5818766 -0.0208863 -0.9382153 0.3454216 -0.3354503 -0.650234 -0.6816663 -0.1569221 0.02120769 -0.9873833 -0.3790007 0.6742248 -0.6338608 -0.01873761 -0.1452574 0.9892165 0.1986516 0.6847501 0.701181 -0.2309382 0.5479086 -0.8040297 0.08144605 0.6309451 0.7715407 -0.5999592 -0.0902574 0.7949231 -0.7244699 -0.4940329 0.4807025 -0.6539942 0 0.7564997 -0.4578398 0.7167036 0.5260407 0.122672 -0.8085082 0.5755571 0.03670603 -0.9383488 0.3437358 0.3396906 -0.5706932 -0.7476093 0.1568667 0.0422641 -0.9867151 0.3842363 0.6872006 -0.616537 0.06174367 -0.1448935 0.9875189 0.4485376 -0.7774362 0.4409162 0.3053115 -0.07641136 0.9491819 0.124466 0.8740609 0.469602 0.390191 -0.9074587 0.1557871 0.366199 -0.8497016 0.3793489 -0.3523092 0.6291216 0.6928812 -0.001546978 0.99327 0.115812 0.1024293 0 0.9947404 0.3746988 0.6230682 0.6865761 -0.09684044 0 0.9953 -0.5140772 0.1128733 0.8502848 -0.08452767 0.8524792 0.5158823 0.1227477 -0.1986788 -0.9723476 -0.9709168 -0.01370632 -0.2390245 0.1538925 -0.1718939 -0.9730209 0.2257806 -0.514145 0.8274528 0.02308934 -0.9993142 0.02894985 -0.3421076 0.8697407 -0.3556875 -0.9966623 -0.04185163 -0.07009208 0.5606122 0.1129031 0.8203456 0.1131756 0.8524732 0.5103731 -0.1771715 -0.1983801 -0.963979 0.955798 -0.01014155 -0.2938494 -0.2079357 -0.1718987 -0.9629194 -0.1792886 -0.5141228 0.838769 -0.02136939 -0.9993261 0.0298469 0.3217446 0.8697486 -0.3741895 0.9925566 -0.04024916 -0.1149409 -0.07662528 0.8243269 0.5609046 -0.1083081 0.8052112 0.5830131 0.1485394 -0.1474518 -0.9778518 0.01350343 -0.1051242 -0.9943675 -0.06771129 -0.1592 -0.9849217 -0.1971506 -0.09536582 -0.9757239 -0.004165291 -0.5492017 0.8356795 -0.06474256 -0.567291 0.8209686 0.114323 -0.5385528 0.8348001 0.05355638 -0.5731667 0.8176868 0.1442589 0.8152146 0.560905 0.1045348 0.8115115 0.5749102 -0.07093483 0.4554924 -0.8874092 -0.01460248 -0.1067811 -0.9941754 -0.1838327 -0.7311122 -0.6570241 0.1379845 -0.7467422 -0.6506431 -0.07320994 -0.1037393 -0.9919065 0.1133495 -0.5914994 0.7982985 0.1464447 -0.8083025 0.5702641 -0.32263 0.8290914 0.456637 -0.1777831 0.5724002 0.8004695 0.2276187 0.5865736 0.7772523 0.3507558 0.8306896 0.4323484 -0.01586836 -0.8032684 0.5954059 -0.1562788 -0.5924091 0.7903344 0.002023696 0.50939 -0.8605334 -0.1501873 0.8209663 0.5508705 -0.0662859 0.9181419 0.3906686 0.1867754 0.7272275 0.6604961 -0.07287579 0.7740439 0.628924 -0.1770023 0.7493811 0.6380424 0.1351611 0.857783 0.4959233 0.07036399 0.9215796 0.3817592 0.1518006 -2.43614e-7 0.9884111 0.1517894 0 0.9884129 0.1517973 0 0.9884117 0.1517993 -1.29725e-6 0.9884114 0.1517966 -1.05512e-6 0.9884119 -0.1895122 0.09872496 -0.9769026 -0.2349928 0.08681702 -0.9681122 -0.288864 0.05488246 -0.9557958 -0.3355268 1.46836e-7 -0.9420307 -0.2878066 -0.05728256 -0.955974 -0.233934 -0.09019821 -0.9680595 -0.2028181 -0.09866327 -0.9742333 -0.09887313 -0.09866327 -0.9901968 -0.06733638 -0.09019815 -0.9936448 -0.01232141 -0.0572831 -0.998282 0.03738194 0 -0.9993011 -0.01126182 0.05488228 -0.9984294 -0.06634658 0.0868169 -0.9940127 -0.1123692 0.09872478 -0.9887501 -0.4783431 -0.3771889 -0.7930426 -0.4783381 -0.3771893 -0.7930454 -0.7869294 7.46598e-7 -0.6170431 -0.7869253 0 -0.6170484 0.565503 0 -0.8247463 0.5655008 -1.3683e-7 -0.8247479 0.03475672 0.432836 -0.9008024 0.03475004 0.4328317 -0.9008048 -0.4878757 0.3684918 -0.7913224 -0.4878778 0.368489 -0.7913224 0.2183262 -0.3771893 -0.9000344 0.2183264 -0.3771886 -0.9000347 -0.3556774 -0.4221488 -0.833837 -0.3556764 -0.4221484 -0.8338376 0.4300484 0.2180989 -0.8760659 0.430058 0.218097 -0.8760615 -0.6660599 -0.2262597 -0.7107537 -0.666063 -0.2262581 -0.7107513 -0.6731177 0.2180965 -0.7066446 -0.6731192 0.2180975 -0.7066429 -0.303464 0.4328321 -0.8488616 -0.3034623 0.4328334 -0.8488615 0.422084 -0.2262594 -0.8778678 0.4220935 -0.2262587 -0.8778635 0.0890733 -0.4221482 -0.9021403 0.08907151 -0.4221501 -0.9021396 0.2279335 0.3684918 -0.9012548 0.2279349 0.3684938 -0.9012537 0.1517985 -1.47742e-6 0.9884115 0.1517973 -1.24974e-6 0.9884117 0.1517978 6.60833e-7 0.9884116 0.1517997 0 0.9884113 0.1517978 0 0.9884116 0.15153 0.05939245 0.9866668 0.2505491 0 0.9681039 0.05150485 0 0.9986727 0.1515455 -0.05754113 0.986774 0.1291247 -0.9912104 0.02879083 -0.320833 -0.2375629 0.9168587 0.1295984 -0.05168867 -0.9902185 -0.2355589 0.1537274 0.959625 -0.298414 0.05187332 0.9530259 0.106509 -0.9940328 0.02355182 0.1064044 -0.993861 0.03030651 -0.1291721 0.05209201 0.990253 0.2114624 0.08630454 -0.9735683 -0.2695105 0.01171696 0.9629262 -0.3709071 -0.3008713 0.8785809 -0.179104 -0.9831767 -0.03585404 -0.1795147 -0.9829542 -0.03969317 0.1969603 0.0171979 -0.9802607 0.1344292 -0.1417486 -0.9807325 -0.291973 -0.00198853 0.9564245 -0.2935531 0.01938134 0.9557464 0.9718604 0.0711103 0.224568 0.9718518 0.07112139 0.224602 0.17764 0.02737241 -0.9837149 0.1803407 -0.006206631 -0.9835847 -0.2993626 -0.02925044 0.953691 -0.2958571 0.08749198 0.951217 0.2387165 0.9696286 0.05324405 0.2364993 0.9699305 0.05747127 0.1773338 0.1700666 -0.9693452 0.1765695 0.01851975 -0.984114 0.2718262 0.960071 0.06613773 -0.224116 -0.2105191 0.9515534 0.2073981 -0.04746091 -0.9771046 -0.3259627 0.05545783 0.9437547 -0.2638701 -0.001229584 0.9645575 -0.1752197 0.04679352 0.9834167 0.1485396 -0.02097117 -0.9886842 -0.2662948 0.01092916 0.9638297 -0.2647607 0.008263111 0.9642788 0.1539323 0.02744704 -0.9877001 0.1583151 0.03608042 -0.9867292 -0.2647725 0.008483827 0.9642737 -0.2633978 0.006576836 0.9646649 0.1557976 0.03536564 -0.9871557 0.153427 0.03396064 -0.9875763 -0.2561926 0.06545305 0.9644073 0.1696038 0.1739964 -0.9700309 0.9751287 0.03651791 0.2186104 0.9751295 0.0365166 0.2186073 -0.2284178 0.01066273 -0.9735049 -0.2284165 0.01066356 -0.9735052 -0.665784 -0.04356259 0.7448718 -0.6657841 -0.04356408 0.7448716 0.9757403 0.01132357 0.2186388 0.9757405 0.01132357 0.2186374 -0.2662937 0.00410211 -0.9638833 -0.2284275 0.01884299 -0.9733786 -0.6976448 0.002690851 0.7164388 -0.6663759 -0.01485174 0.7454681 0.9758126 -0.002575755 0.2185935 0.9758124 -0.002575218 0.218595 -0.2283868 0.002914369 -0.9735662 -0.2666061 -3.48367e-4 -0.9638056 -0.6664431 -0.003960549 0.7455455 -0.6978121 -3.43967e-4 0.7162808 0.004745543 -0.9999836 -0.00322014 -0.004745543 0.9999836 0.003222346 0.1026473 -0.8648045 0.4915047 -0.3068125 -0.9043234 0.2967583 -0.7102098 0.7015518 0.05854177 -0.9898697 0.1214085 0.07360637 -0.3446254 -0.7052074 0.6196097 -0.6179711 -0.1190344 0.7771375 -0.5762729 0.5951728 0.5600705 -0.681014 -0.04773634 0.7307129 -0.682574 -0.1406935 0.7171458 -0.9390347 -0.3438099 0.002966701 -0.9272906 -0.3726109 -0.03596174 -0.7531383 -0.07186341 0.6539255 -0.9653798 0.2600886 -0.01989299 -0.9780693 -0.2026838 0.04795771 -0.6732545 0.5026639 0.5422706 -0.6388794 -0.07143551 0.7659832 0.6289421 0.5267944 0.5717689 -0.9469384 -0.05459105 0.3167452 -0.04165989 0.6991838 0.7137272 -0.1067561 -0.8527413 0.5113075 -0.5559393 0.8304175 0.03658318 -0.8245273 0.5239515 0.2136112 0.3062209 -0.9036446 0.2994251 0.7451527 0.6636505 0.06569314 -0.8686231 -0.1233969 0.4798616 0.861409 -0.1270791 0.4917577 0.355042 -0.6984973 0.6213266 0.6577655 -0.1213669 0.7433806 0.6151092 0.5722121 0.542415 0.7125158 -0.06369131 0.6987595 0.7125029 -0.154176 0.6845214 0.944721 -0.3270703 -0.02296298 0.95631 -0.2914704 0.0227198 0.7517972 -0.07655668 0.6549351 0.96908 0.2466965 -0.004991471 0.9753737 -0.212058 0.06064444 0.6862502 0.4882385 0.5391511 0.7300675 -0.06625968 0.6801552 -0.6699128 0.5010955 0.5478322 0.9636741 -0.05713456 0.2608984 0.06314361 0.7006502 0.7107054 0.512286 -0.7282827 0.4551566 0.6102532 0.7908889 0.04567205 0.8389061 0.5077056 0.1961414 -0.5209033 -0.7148959 0.4664586 0.9892137 0.121447 0.08189702 0.03177422 0.9994559 0.00884521 0.179142 0.9832528 0.03349864 -0.3312712 -0.8275522 -0.4532292 -0.2957288 -0.9358344 -0.1917253 -0.2951724 -0.9362209 -0.190693 0.7935867 -0.01002198 0.6083746 0.2305382 -0.006370723 0.9730424 0.7658573 -0.02116394 0.6426622 0.001873612 -0.925634 0.3784157</float_array>
          <technique_common>
            <accessor source="#bow_000-mesh-normals-array" count="456" stride="3">
              <param name="X" type="float"/>
              <param name="Y" type="float"/>
              <param name="Z" type="float"/>
            </accessor>
          </technique_common>
        </source>
        <source id="bow_000-mesh-map-0">
          <float_array id="bow_000-mesh-map-0-array" count="2736">0.994982 0.25067 0.931449 0.256842 0.999921 0.1323339 0.931449 0.256842 0.933994 0.131919 0.999921 0.1323339 0.933994 0.131919 0.931449 0.256842 0.999921 0.1323339 0.994982 0.25067 0.999921 0.1323339 0.931449 0.256842 0.894702 0.01934796 0.893417 0.083081 0.763365 0.004198968 0.763365 0.004198968 0.893417 0.083081 0.764729 0.09683597 0.865108 0.224529 0.865096 0.2492859 0.896207 0.250492 0.896207 0.250492 0.897151 0.226308 0.865108 0.224529 0.867262 0.03570997 0.866642 0.08639097 0.897753 0.08712399 0.897753 0.08712399 0.898372 0.03691595 0.867262 0.03570997 0.867146 0.03339499 0.898219 0.03515899 0.899082 0.004012942 0.867146 0.03339499 0.899082 0.004012942 0.867972 0.003280997 0.866532 0.055821 0.866502 0.09943598 0.897613 0.09911 0.897613 0.09911 0.897643 0.05596798 0.866532 0.055821 0.865913 0.1065019 0.865902 0.208988 0.897013 0.208481 0.897013 0.208481 0.897024 0.106176 0.865913 0.1065019 0.86518 0.208347 0.865192 0.105862 0.89536 0.105616 0.89536 0.105616 0.895349 0.20792 0.86518 0.208347 0.864014 0.201256 0.864044 0.136441 0.894212 0.136669 0.894212 0.136669 0.894182 0.20101 0.864014 0.201256 0.926755 0.04653298 0.926001 0.07403397 0.895748 0.077569 0.926755 0.04653298 0.895748 0.077569 0.896586 0.04732495 0.865634 0.07515597 0.895748 0.077569 0.895147 0.09927898 0.865634 0.07515597 0.895147 0.09927898 0.864979 0.09905195 0.865921 0.08575099 0.86654 0.03506898 0.896708 0.03635495 0.898206 0.2141939 0.897958 0.2484509 0.867791 0.247638 0.864375 0.248645 0.864387 0.223888 0.896202 0.2259539 0.896202 0.2259539 0.894543 0.249932 0.864375 0.248645 0.897151 0.226308 0.896207 0.250492 0.925433 0.249307 0.925433 0.249307 0.925444 0.22455 0.897151 0.226308 0.898372 0.03691595 0.897753 0.08712399 0.926979 0.08641195 0.926979 0.08641195 0.927598 0.03573 0.898372 0.03691595 0.897643 0.05596798 0.898219 0.03515899 0.867146 0.03339499 0.897643 0.05596798 0.867146 0.03339499 0.866532 0.055821 0.898219 0.03515899 0.927462 0.03415995 0.928308 0.003300964 0.898219 0.03515899 0.928308 0.003300964 0.899082 0.004012942 0.897643 0.05596798 0.897613 0.09911 0.926838 0.09945696 0.926838 0.09945696 0.926868 0.05584096 0.897643 0.05596798 0.897024 0.106176 0.897013 0.208481 0.926238 0.209009 0.926238 0.209009 0.92625 0.106523 0.897024 0.106176 0.89536 0.105616 0.925517 0.208368 0.895349 0.20792 0.894182 0.20101 0.894212 0.136669 0.92438 0.136462 0.92438 0.136462 0.92435 0.201277 0.894182 0.20101 0.895748 0.077569 0.926001 0.07403397 0.925315 0.09907299 0.895748 0.077569 0.925315 0.09907299 0.895147 0.09927898 0.897958 0.2484509 0.898206 0.2141939 0.928375 0.2129279 0.928375 0.2129279 0.928127 0.247659 0.897958 0.2484509 0.894543 0.249932 0.896202 0.2259539 0.924723 0.223909 0.924723 0.223909 0.924711 0.248666 0.894543 0.249932 0.865484 0.08390098 0.864699 0.112546 0.864044 0.136441 0.865484 0.08390098 0.864044 0.136441 0.864014 0.201256 0.865192 0.105862 0.86518 0.208347 0.865192 0.105862 0.865781 0.09879601 0.865811 0.05517995 0.866425 0.032754 0.865781 0.09879601 0.866425 0.032754 0.866652 0.04177099 0.865001 0.08666998 0.86562 0.03598797 0.864549 0.03322696 0.864014 0.201256 0.864886 0.13166 0.865484 0.08390098 0.864014 0.201256 0.865484 0.08390098 0.911847 0.085141 0.864014 0.201256 0.864014 0.201256 0.911847 0.085141 0.865484 0.08390098 0.864014 0.201256 0.911847 0.085141 0.866184 0.251216 0.900445 0.251516 0.865113 0.248455 0.917724 0.08441698 0.870278 0.105173 0.917712 0.1091729 0.869358 0.106092 0.916804 0.08533495 0.916793 0.110092 0.867918 0.158632 0.868604 0.133593 0.868512 0.13695 0.868512 0.13695 0.867918 0.158632 0.867888 0.223446 0.868512 0.13695 0.867888 0.223446 0.867918 0.158632 0.867918 0.158632 0.867877 0.248203 0.867888 0.223446 0.92438 0.136462 0.92435 0.201277 0.924339 0.226033 0.925528 0.105883 0.925517 0.208368 0.89536 0.105616 0.675626 0.968144 0.675966 0.977337 0.675266 0.99155 0.675626 0.968144 0.675266 0.99155 0.674926 0.982357 0.615251 0.919956 0.604879 0.916468 0.604179 0.930681 0.615251 0.919956 0.604179 0.930681 0.614551 0.934169 0.605219 0.92566 0.615449 0.925279 0.614749 0.939492 0.605219 0.92566 0.614749 0.939492 0.604519 0.939873 0.616496 0.92524 0.605837 0.925637 0.605137 0.93985 0.616496 0.92524 0.605137 0.93985 0.615796 0.939453 0.616046 0.919417 0.666933 0.922251 0.661173 0.940237 0.616046 0.919417 0.661173 0.940237 0.617737 0.938513 0.667714 0.921817 0.615964 0.926424 0.61679 0.938834 0.667714 0.921817 0.61679 0.938834 0.661098 0.940193 0.614749 0.939492 0.614551 0.934169 0.604179 0.930681 0.614749 0.939492 0.604179 0.930681 0.604519 0.939873 0.605137 0.93985 0.604796 0.930658 0.615597 0.93413 0.605137 0.93985 0.615597 0.93413 0.615796 0.939453 0.985876 0.826412 0.859079 0.826367 0.847416 0.855355 0.845082 0.855719 0.98369 0.827952 0.857911 0.826667 0.643049 0.88387 0.607846 0.824315 0.794978 0.850317 0.643049 0.88387 0.794978 0.850317 0.790904 0.905863 0.794227 0.850268 0.790094 0.904253 0.845082 0.855719 0.608117 0.824966 0.643655 0.883626 0.790859 0.904646 0.608117 0.824966 0.790859 0.904646 0.794992 0.850661 0.794174 0.848878 0.790139 0.905469 0.847416 0.855355 0.790094 0.904253 0.870332 0.903919 0.845082 0.855719 0.848055 0.85556 0.870332 0.903919 0.790094 0.904253 0.79951 0.827049 0.857212 0.826468 0.844448 0.855516 0.79951 0.827049 0.844448 0.855516 0.794213 0.849924 0.847416 0.855355 0.869915 0.905727 0.987849 0.904406 0.847416 0.855355 0.987849 0.904406 0.985876 0.826412 0.643049 0.88387 0.790904 0.905863 0.794939 0.849271 0.643049 0.88387 0.794939 0.849271 0.607842 0.824211 0.790139 0.905469 0.794213 0.849924 0.844448 0.855516 0.794966 0.850007 0.790859 0.904646 0.643655 0.883626 0.794966 0.850007 0.643655 0.883626 0.608112 0.824869 0.869915 0.905727 0.790139 0.905469 0.844448 0.855516 0.869915 0.905727 0.847416 0.855355 0.790139 0.905469 0.845082 0.855719 0.870332 0.903919 0.987803 0.902706 0.845082 0.855719 0.987803 0.902706 0.98369 0.827952 0.857911 0.826667 0.799925 0.828474 0.794227 0.850268 0.857911 0.826667 0.794227 0.850268 0.845082 0.855719 0.607846 0.824315 0.607842 0.824211 0.797498 0.825243 0.607846 0.824315 0.797498 0.825243 0.797516 0.825308 0.608112 0.824869 0.608117 0.824966 0.797931 0.826733 0.608112 0.824869 0.797931 0.826733 0.797919 0.826678 0.870332 0.903919 0.848055 0.85556 0.985945 0.827816 0.870332 0.903919 0.985945 0.827816 0.987803 0.902706 0.616046 0.919417 0.645202 0.882017 0.666933 0.922251 0.609098 0.824344 0.604879 0.916468 0.615251 0.919956 0.609098 0.824344 0.615251 0.919956 0.646189 0.884204 0.67985 0.876125 0.675966 0.977337 0.675626 0.968144 0.67985 0.876125 0.675626 0.968144 0.679846 0.87602 0.615964 0.926424 0.667714 0.921817 0.645013 0.887576 0.609102 0.824448 0.646189 0.884204 0.615449 0.925279 0.609102 0.824448 0.615449 0.925279 0.605219 0.92566 0.646795 0.88396 0.616297 0.919917 0.605497 0.916445 0.646795 0.88396 0.605497 0.916445 0.609369 0.825002 0.609373 0.825099 0.605837 0.925637 0.616496 0.92524 0.609373 0.825099 0.616496 0.92524 0.646795 0.88396 0.790094 0.904253 0.794201 0.849613 0.848055 0.85556 0.794939 0.849271 0.797498 0.825243 0.607842 0.824211 0.797516 0.825308 0.794978 0.850317 0.607846 0.824315 0.794992 0.850661 0.797931 0.826733 0.608117 0.824966 0.797919 0.826678 0.794966 0.850007 0.608112 0.824869 0.605497 0.916445 0.616297 0.919917 0.615597 0.93413 0.605497 0.916445 0.615597 0.93413 0.604796 0.930658 0.676244 0.968121 0.676584 0.977314 0.68012 0.876776 0.676244 0.968121 0.68012 0.876776 0.680116 0.876678 0.676584 0.977314 0.676244 0.968121 0.675544 0.982334 0.676584 0.977314 0.675544 0.982334 0.675884 0.991527 0.799912 0.828419 0.860057 0.826553 0.848055 0.85556 0.799912 0.828419 0.848055 0.85556 0.794201 0.849613 0.859079 0.826367 0.799491 0.826984 0.794174 0.848878 0.859079 0.826367 0.794174 0.848878 0.847416 0.855355 0.859079 0.826367 0.985876 0.826412 0.983711 0.826545 0.859079 0.826367 0.983711 0.826545 0.857212 0.826468 0.857212 0.826468 0.79951 0.827049 0.799491 0.826984 0.857212 0.826468 0.799491 0.826984 0.859079 0.826367 0.857212 0.826468 0.983711 0.826545 0.844448 0.855516 0.857911 0.826667 0.98369 0.827952 0.985945 0.827816 0.857911 0.826667 0.985945 0.827816 0.860057 0.826553 0.860057 0.826553 0.985945 0.827816 0.848055 0.85556 0.860057 0.826553 0.799912 0.828419 0.799925 0.828474 0.860057 0.826553 0.799925 0.828474 0.857911 0.826667 0.869915 0.905727 0.844448 0.855516 0.983711 0.826545 0.869915 0.905727 0.983711 0.826545 0.987849 0.904406 0.365285 0.385495 0.316556 0.385217 0.419368 0.464781 0.257164 0.463717 0.419368 0.464781 0.316556 0.385217 0.07486897 0.393982 0.01827394 0.394872 0.02153497 0.46809 0.02153497 0.46809 0.188582 0.466381 0.07486897 0.393982 0.215272 0.392386 0.1448709 0.394099 0.188582 0.466381 0.213671 0.394116 0.255553 0.39193 0.187055 0.465731 0.187055 0.465731 0.255553 0.39193 0.257227 0.463814 0.256986 0.463954 0.258024 0.390646 0.188045 0.465156 0.188045 0.465156 0.258024 0.390646 0.216139 0.392847 0.316556 0.385217 0.256664 0.39112 0.257164 0.463717 0.419368 0.464781 0.421723 0.390972 0.365285 0.385495 0.01827394 0.394872 0.05640798 0.342132 0.01459997 0.341361 0.05640798 0.342132 0.01827394 0.394872 0.07486897 0.393982 0.1448709 0.394099 0.225617 0.342789 0.162051 0.342314 0.225617 0.342789 0.1448709 0.394099 0.215272 0.392386 0.07486897 0.393982 0.1448709 0.394099 0.162051 0.342314 0.07486897 0.393982 0.162051 0.342314 0.05640798 0.342132 0.316556 0.385217 0.382079 0.340786 0.301515 0.342408 0.382079 0.340786 0.316556 0.385217 0.365285 0.385495 0.255553 0.39193 0.223012 0.342202 0.250061 0.342265 0.223012 0.342202 0.255553 0.39193 0.213671 0.394116 0.216139 0.392847 0.252526 0.341768 0.2254779 0.341667 0.252526 0.341768 0.216139 0.392847 0.258024 0.390646 0.256664 0.39112 0.301515 0.342408 0.253304 0.342524 0.301515 0.342408 0.256664 0.39112 0.316556 0.385217 0.365285 0.385495 0.430166 0.341592 0.382079 0.340786 0.430166 0.341592 0.365285 0.385495 0.421723 0.390972 0.980824 0.656871 0.927661 0.661211 0.965017 0.605255 0.520736 0.61672 0.625214 0.683832 0.519558 0.696385 0.626022 0.684412 0.625553 0.701852 0.517881 0.696528 0.847394 0.787904 0.861968 0.747201 0.871319 0.787638 0.862245 0.745318 0.852993 0.7784 0.871319 0.787638 0.976025 0.282657 0.951695 0.281645 0.959003 0.299467 0.959003 0.299467 0.951695 0.281645 0.932283 0.257767 0.976025 0.282657 0.959003 0.299467 0.971953 0.300006 0.971953 0.300006 1.002683 0.261951 0.976025 0.282657 0.787957 0.498746 0.708722 0.496917 0.70301 0.611225 0.80043 0.610348 0.787957 0.498746 0.70301 0.611225 0.711762 0.49929 0.788568 0.498749 0.705671 0.613684 0.705671 0.613684 0.788568 0.498749 0.802333 0.608365 0.927661 0.661211 0.837465 0.660726 0.803291 0.60663 0.803291 0.60663 0.965017 0.605255 0.927661 0.661211 0.96904 0.497527 0.965017 0.605255 0.803291 0.60663 0.96904 0.497527 0.803291 0.60663 0.789105 0.498245 0.520736 0.61672 0.627849 0.611896 0.625214 0.683832 0.524186 0.501529 0.627849 0.611896 0.520736 0.61672 0.711155 0.500386 0.627849 0.611896 0.524186 0.501529 0.962776 0.09391099 0.932594 0.093198 0.951695 0.281645 0.951695 0.281645 0.932594 0.093198 0.932283 0.257767 0.932283 0.257767 0.932594 0.093198 0.964346 0.094159 0.932283 0.257767 0.964346 0.094159 1.002683 0.261951 0.964346 0.094159 0.99815 0.106664 1.002683 0.261951 0.976025 0.282657 0.962776 0.09391099 0.951695 0.281645 0.99214 0.10549 0.976078 0.282672 0.962779 0.09397697 0.843948 0.787915 0.874539 0.787737 0.859771 0.74715 0.862166 0.74532 0.874539 0.787737 0.848727 0.780681 0.976078 0.282672 0.959015 0.299174 0.951674 0.281655 0.959015 0.299174 0.931372 0.257323 0.951674 0.281655 0.972577 0.299739 0.959015 0.299174 0.976078 0.282672 0.976078 0.282672 1.002254 0.263034 0.972577 0.299739 0.962779 0.09397697 0.951674 0.281655 0.932631 0.09233796 0.951674 0.281655 0.931372 0.257323 0.932631 0.09233796 0.931372 0.257323 0.964284 0.09599 0.932631 0.09233796 0.931372 0.257323 1.002254 0.263034 0.964284 0.09599 0.964284 0.09599 1.002254 0.263034 0.998128 0.109536 0.976078 0.282672 0.951674 0.281655 0.962779 0.09397697 0.705163 0.613531 0.710603 0.697046 0.625214 0.683832 0.626022 0.684412 0.710508 0.697344 0.625553 0.701852 0.783385 0.654575 0.803291 0.60663 0.837465 0.660726 0.711155 0.500386 0.705163 0.613531 0.627849 0.611896 0.627849 0.611896 0.705163 0.613531 0.625214 0.683832 0.836479 0.661596 0.767753 0.699273 0.886679 0.696052 0.834208 0.66212 0.926718 0.661596 0.886151 0.6943 0.765331 0.699142 0.783385 0.654575 0.837465 0.660726 0.834208 0.66212 0.886151 0.6943 0.7652 0.698962 0.782373 0.656871 0.768373 0.699141 0.835537 0.661211 0.84734 0.937256 0.863328 0.991766 0.794116 0.989521 0.84734 0.937256 0.879188 0.932435 0.863328 0.991766 0.793381 0.937551 0.793626 0.992708 0.85601 0.991343 0.863328 0.991766 0.85601 0.991343 0.793626 0.992708 0.85601 0.991343 0.879188 0.932435 0.793381 0.937551 0.794116 0.989521 0.793381 0.937551 0.84734 0.937256 0.794116 0.989521 0.793626 0.992708 0.793381 0.937551 0.879188 0.932435 0.85601 0.991343 0.863328 0.991766 0.863328 0.991766 0.793626 0.992708 0.794116 0.989521 0.847485 0.941971 0.794267 0.994236 0.863469 0.99648 0.847485 0.941971 0.863469 0.99648 0.87933 0.937149 0.793531 0.942265 0.856152 0.996057 0.793785 0.997658 0.863469 0.99648 0.793785 0.997658 0.856152 0.996057 0.856152 0.996057 0.793531 0.942265 0.87933 0.937149 0.794267 0.994236 0.847485 0.941971 0.793531 0.942265 0.794267 0.994236 0.793531 0.942265 0.793785 0.997658 0.87933 0.937149 0.863469 0.99648 0.856152 0.996057 0.863469 0.99648 0.794267 0.994236 0.793785 0.997658 0.847485 0.941971 0.87933 0.937149 0.879235 0.911524 0.847485 0.941971 0.879235 0.911524 0.846468 0.91204 0.87933 0.937149 0.793531 0.942265 0.792206 0.911718 0.87933 0.937149 0.792206 0.911718 0.879235 0.911524 0.793381 0.937551 0.879188 0.932435 0.879093 0.911424 0.793381 0.937551 0.879093 0.911424 0.793286 0.911926 0.793531 0.942265 0.847485 0.941971 0.846468 0.91204 0.793531 0.942265 0.846468 0.91204 0.792206 0.911718 0.84734 0.937256 0.793381 0.937551 0.793286 0.911926 0.84734 0.937256 0.793286 0.911926 0.847245 0.911631 0.879188 0.932435 0.84734 0.937256 0.847245 0.911631 0.879188 0.932435 0.847245 0.911631 0.879093 0.911424 0.874539 0.787737 0.992131 0.787025 0.859771 0.74715 0.859771 0.74715 0.992131 0.787025 0.99474 0.709413 0.859771 0.74715 0.99474 0.709413 0.863753 0.709138 0.861968 0.747201 0.862721 0.709105 0.992676 0.709347 0.861968 0.747201 0.992676 0.709347 0.990067 0.786963 0.863753 0.709138 0.99474 0.709413 0.995469 0.745746 0.863753 0.709138 0.995469 0.745746 0.862166 0.74532 0.871319 0.787638 0.990067 0.786963 0.993404 0.745682 0.871319 0.787638 0.993404 0.745682 0.862245 0.745316 0.874539 0.787737 0.862166 0.74532 0.995469 0.745746 0.874539 0.787737 0.995469 0.745746 0.992131 0.787025 0.992676 0.709347 0.862721 0.709105 0.862245 0.745316 0.992676 0.709347 0.862245 0.745316 0.993404 0.745682 0.871319 0.787638 0.861968 0.747201 0.990067 0.786963 0.99815 0.106664 0.990049 0.102099 0.976025 0.282657 0.99815 0.106664 0.976025 0.282657 1.002683 0.261951 0.871319 0.787638 0.852993 0.7784 0.847394 0.787904 0.848727 0.780681 0.874539 0.787737 0.843948 0.787915 0.976025 0.282657 0.990049 0.102099 0.962776 0.09391099 0.976078 0.282672 0.99214 0.10549 0.998128 0.109536 0.976078 0.282672 0.998128 0.109536 1.002254 0.263034 0.453136 0.276177 0.437231 0.235804 0.436846 0.09357196 0.453136 0.276177 0.436846 0.09357196 0.452537 0.05510097 0.55191 0.02823895 0.580444 0.05475497 0.452537 0.05510097 0.452537 0.05510097 0.480927 0.02843195 0.516367 0.00942099 0.452537 0.05510097 0.516367 0.00942099 0.55191 0.02823895 0.481674 0.304068 0.517203 0.318001 0.516785 0.163711 0.453136 0.276177 0.481674 0.304068 0.516785 0.163711 0.437231 0.235804 0.453136 0.276177 0.516785 0.163711 0.436846 0.09357196 0.437231 0.235804 0.516785 0.163711 0.452537 0.05510097 0.436846 0.09357196 0.516785 0.163711 0.480927 0.02843195 0.452537 0.05510097 0.516785 0.163711 0.516367 0.00942099 0.480927 0.02843195 0.516785 0.163711 0.55191 0.02823895 0.516367 0.00942099 0.516785 0.163711 0.580444 0.05475497 0.55191 0.02823895 0.516785 0.163711 0.596343 0.09313899 0.580444 0.05475497 0.516785 0.163711 0.596729 0.2353709 0.596343 0.09313899 0.516785 0.163711 0.581043 0.27583 0.596729 0.2353709 0.516785 0.163711 0.552657 0.303876 0.581043 0.27583 0.516785 0.163711 0.517203 0.318001 0.552657 0.303876 0.516785 0.163711 0.480927 0.02843195 0.452537 0.05510097 0.452537 0.05510097 0.480927 0.02843195 0.452537 0.05510097 0.480927 0.02843195 0.436846 0.09357196 0.437231 0.235804 0.437231 0.235804 0.436846 0.09357196 0.437231 0.235804 0.436846 0.09357196 0.596729 0.2353709 0.596343 0.09313899 0.596343 0.09313899 0.596729 0.2353709 0.596343 0.09313899 0.596729 0.2353709 0.517203 0.318001 0.552657 0.303876 0.552657 0.303876 0.517203 0.318001 0.552657 0.303876 0.517203 0.318001 0.453136 0.276177 0.481674 0.304068 0.481674 0.304068 0.453136 0.276177 0.481674 0.304068 0.453136 0.276177 0.580444 0.05475497 0.55191 0.02823895 0.55191 0.02823895 0.580444 0.05475497 0.55191 0.02823895 0.580444 0.05475497 0.516367 0.00942099 0.480927 0.02843195 0.480927 0.02843195 0.516367 0.00942099 0.480927 0.02843195 0.516367 0.00942099 0.581043 0.27583 0.596729 0.2353709 0.596729 0.2353709 0.581043 0.27583 0.596729 0.2353709 0.581043 0.27583 0.452537 0.05510097 0.436846 0.09357196 0.436846 0.09357196 0.452537 0.05510097 0.436846 0.09357196 0.452537 0.05510097 0.437231 0.235804 0.453136 0.276177 0.453136 0.276177 0.437231 0.235804 0.453136 0.276177 0.437231 0.235804 0.481674 0.304068 0.517203 0.318001 0.517203 0.318001 0.481674 0.304068 0.517203 0.318001 0.481674 0.304068 0.596343 0.09313899 0.580444 0.05475497 0.580444 0.05475497 0.596343 0.09313899 0.580444 0.05475497 0.596343 0.09313899 0.55191 0.02823895 0.516367 0.00942099 0.516367 0.00942099 0.55191 0.02823895 0.516367 0.00942099 0.55191 0.02823895 0.552657 0.303876 0.581043 0.27583 0.581043 0.27583 0.552657 0.303876 0.581043 0.27583 0.552657 0.303876 0.517203 0.318001 0.481674 0.304068 0.453136 0.276177 0.453136 0.276177 0.581043 0.27583 0.552657 0.303876 0.453136 0.276177 0.552657 0.303876 0.517203 0.318001 0.580444 0.05475497 0.596343 0.09313899 0.596729 0.2353709 0.580444 0.05475497 0.596729 0.2353709 0.581043 0.27583 0.580444 0.05475497 0.516785 0.1637099 0.452537 0.05510097 0.452537 0.05510097 0.516785 0.1637099 0.453136 0.276177 0.516785 0.1637099 0.580444 0.05475497 0.581043 0.27583 0.453136 0.276177 0.516785 0.1637099 0.581043 0.27583 0.522523 0.820174 0.522215 0.820098 0.52675 0.821729 0.522215 0.820098 0.529844 0.820865 0.52675 0.821729 0.527076 0.821808 0.530152 0.820947 0.522523 0.820174 0.522215 0.820098 0.51418 0.816376 0.529927 0.812575 0.529927 0.812575 0.529844 0.820865 0.522215 0.820098 0.522215 0.820098 0.522199 0.820093 0.514163 0.816398 0.514163 0.816398 0.51418 0.816376 0.522215 0.820098 0.522523 0.820174 0.530152 0.820947 0.530241 0.812657 0.530241 0.812657 0.514488 0.816479 0.522523 0.820174 0.529734 0.807148 0.529927 0.812575 0.51418 0.816376 0.51418 0.816376 0.51036 0.817467 0.529734 0.807148 0.51418 0.816376 0.514163 0.816398 0.510337 0.81747 0.510337 0.81747 0.51036 0.817467 0.51418 0.816376 0.514488 0.816479 0.530241 0.812657 0.530048 0.807229 0.530048 0.807229 0.510661 0.817552 0.514488 0.816479 0.529734 0.807148 0.51036 0.817467 0.511726 0.805211 0.511726 0.805211 0.528615 0.80181 0.529734 0.807148 0.51036 0.817467 0.510337 0.81747 0.511703 0.805215 0.511703 0.805215 0.511726 0.805211 0.51036 0.817467 0.530048 0.807229 0.528931 0.801897 0.512028 0.805296 0.512028 0.805296 0.510661 0.817552 0.530048 0.807229 0.528615 0.80181 0.511726 0.805211 0.518381 0.801687 0.518381 0.801687 0.5267 0.795735 0.528615 0.80181 0.511726 0.805211 0.511703 0.805215 0.518343 0.801687 0.518343 0.801687 0.518381 0.801687 0.511726 0.805211 0.528931 0.801897 0.527003 0.795816 0.518668 0.801768 0.518668 0.801768 0.512028 0.805296 0.528931 0.801897 0.518381 0.801687 0.518343 0.801687 0.525165 0.796497 0.529844 0.820865 0.534465 0.821959 0.529121 0.821131 0.53479 0.822041 0.530152 0.820947 0.527076 0.821808 0.534465 0.821959 0.529844 0.820865 0.529927 0.812575 0.529927 0.812575 0.534796 0.815364 0.534465 0.821959 0.53512 0.815445 0.530241 0.812657 0.530152 0.820947 0.530152 0.820947 0.53479 0.822041 0.53512 0.815445 0.534796 0.815364 0.529927 0.812575 0.529734 0.807148 0.529734 0.807148 0.534021 0.808179 0.534796 0.815364 0.534346 0.808261 0.530048 0.807229 0.530241 0.812657 0.530241 0.812657 0.53512 0.815445 0.534346 0.808261 0.534021 0.808179 0.529734 0.807148 0.528615 0.80181 0.528615 0.80181 0.532745 0.800956 0.534021 0.808179 0.53307 0.801037 0.528931 0.801897 0.530048 0.807229 0.530048 0.807229 0.534346 0.808261 0.53307 0.801037 0.532745 0.800956 0.528615 0.80181 0.5267 0.795735 0.528931 0.801897 0.53307 0.801037 0.531257 0.795604 0.568776 0.07264399 0.568896 0.07259696 0.593984 0.07351499 0.593984 0.07351499 0.593864 0.07356196 0.568776 0.07264399 0.5666 0.04450297 0.566437 0.07218796 0.591524 0.07310599 0.591524 0.07310599 0.591688 0.045421 0.5666 0.04450297 0.568896 0.07259696 0.56894 0.04495996 0.594027 0.04587799 0.594027 0.04587799 0.593984 0.07351499 0.568896 0.07259696 0.492586 0.07177996 0.492706 0.07173299 0.568896 0.07259696 0.568896 0.07259696 0.568776 0.07264399 0.492586 0.07177996 0.48817 0.04622095 0.490246 0.07132399 0.566437 0.07218796 0.566437 0.07218796 0.5666 0.04450297 0.48817 0.04622095 0.492706 0.07173299 0.49051 0.04667699 0.56894 0.04495996 0.56894 0.04495996 0.568896 0.07259696 0.492706 0.07173299 0.993801 0.795397 0.993786 0.795439 0.931588 0.797285 0.931588 0.797285 0.931604 0.797242 0.993801 0.795397 0.995803 0.820587 0.994184 0.795799 0.931986 0.797645 0.931986 0.797645 0.933792 0.820116 0.995803 0.820587 0.993786 0.795439 0.99542 0.820184 0.93341 0.819713 0.93341 0.819713 0.931588 0.797285 0.993786 0.795439 0.591688 0.045421 0.591524 0.07310599 0.591645 0.073058 0.993786 0.795439 0.993801 0.795397 0.99542 0.820184 0.384033 0.775346 0.416581 0.765195 0.415608 0.795196 0.384033 0.775346 0.383415 0.806202 0.345829 0.793299 0.338821 0.706646 0.340919 0.78649 0.383393 0.793948 0.338989 0.766846 0.340919 0.78649 0.338821 0.706646 0.345829 0.793299 0.383415 0.806202 0.383038 0.83093 0.345829 0.793299 0.383038 0.83093 0.355659 0.82521 0.340919 0.78649 0.351911 0.825118 0.383393 0.793948 0.340919 0.78649 0.345829 0.793299 0.355659 0.82521 0.340919 0.78649 0.355659 0.82521 0.351911 0.825118 0.355659 0.82521 0.383038 0.83093 0.382321 0.861088 0.355659 0.82521 0.382321 0.861088 0.372388 0.847515 0.351911 0.825118 0.361174 0.830697 0.365648 0.829857 0.351911 0.825118 0.365648 0.829857 0.383393 0.793948 0.351911 0.825118 0.355659 0.82521 0.372388 0.847515 0.351911 0.825118 0.372388 0.847515 0.361174 0.830697 0.372388 0.847515 0.382321 0.861088 0.382276 0.864962 0.365648 0.829857 0.382276 0.864962 0.383393 0.793948 0.361174 0.830697 0.382276 0.864962 0.365648 0.829857 0.361174 0.830697 0.372388 0.847515 0.382276 0.864962 0.345829 0.793299 0.347574 0.763682 0.384033 0.775346 0.383393 0.793948 0.385948 0.712678 0.35256 0.704461 0.338821 0.706646 0.383393 0.793948 0.35256 0.704461 0.415608 0.795196 0.383415 0.806202 0.384033 0.775346 0.430633 0.711267 0.383393 0.793948 0.424924 0.788333 0.345829 0.793299 0.340919 0.78649 0.338989 0.766846 0.430709 0.769591 0.424924 0.788333 0.415608 0.795196 0.415608 0.795196 0.383038 0.83093 0.383415 0.806202 0.415608 0.795196 0.408539 0.82637 0.383038 0.83093 0.424924 0.788333 0.383393 0.793948 0.412442 0.826445 0.424924 0.788333 0.408539 0.82637 0.415608 0.795196 0.424924 0.788333 0.412442 0.826445 0.408539 0.82637 0.408539 0.82637 0.382321 0.861088 0.383038 0.83093 0.408539 0.82637 0.390645 0.847915 0.382321 0.861088 0.412442 0.826445 0.398616 0.830579 0.402952 0.831613 0.412442 0.826445 0.383393 0.793948 0.398616 0.830579 0.412442 0.826445 0.390645 0.847915 0.408539 0.82637 0.412442 0.826445 0.402952 0.831613 0.390645 0.847915 0.390645 0.847915 0.382276 0.864962 0.382321 0.861088 0.398616 0.830579 0.383393 0.793948 0.382276 0.864962 0.402952 0.831613 0.398616 0.830579 0.382276 0.864962 0.402952 0.831613 0.382276 0.864962 0.390645 0.847915 0.415608 0.795196 0.416581 0.765195 0.430709 0.769591 0.383393 0.793948 0.417427 0.708491 0.385948 0.712678 0.430633 0.711267 0.417427 0.708491 0.383393 0.793948 0.338989 0.766846 0.347574 0.763682 0.345829 0.793299 0.430633 0.711267 0.424924 0.788333 0.430709 0.769591 0.926868 0.05584096 0.927462 0.03415995 0.898219 0.03515899 0.926868 0.05584096 0.898219 0.03515899 0.897643 0.05596798 0.866652 0.04177099 0.866425 0.032754 0.86725 0.002639949 0.896586 0.04732495 0.895748 0.077569 0.865634 0.07515597 0.896586 0.04732495 0.865634 0.07515597 0.866418 0.04651194 0.868512 0.13695 0.868604 0.133593 0.869358 0.106092 0.869358 0.106092 0.916793 0.110092 0.869358 0.106092 0.869358 0.106092 0.869358 0.106092 0.868512 0.13695 0.188582 0.466381 0.1448709 0.394099 0.07486897 0.393982</float_array>
          <technique_common>
            <accessor source="#bow_000-mesh-map-0-array" count="1368" stride="2">
              <param name="S" type="float"/>
              <param name="T" type="float"/>
            </accessor>
          </technique_common>
        </source>
        <vertices id="bow_000-mesh-vertices">
          <input semantic="POSITION" source="#bow_000-mesh-positions"/>
        </vertices>
        <triangles material="Lukhata_001-material" count="456">
          <input semantic="VERTEX" source="#bow_000-mesh-vertices" offset="0"/>
          <input semantic="NORMAL" source="#bow_000-mesh-normals" offset="1"/>
          <input semantic="TEXCOORD" source="#bow_000-mesh-map-0" offset="2" set="0"/>
          <p>4 0 0 0 0 1 5 0 2 0 1 3 1 1 4 5 1 5 3 2 6 2 2 7 7 2 8 6 3 9 7 3 10 2 3 11 5 4 12 7 4 13 4 4 14 4 5 15 7 5 16 6 5 17 8 6 18 9 6 19 19 6 20 19 7 21 18 7 22 8 7 23 9 8 24 10 8 25 20 8 26 20 9 27 19 9 28 9 9 29 251 10 30 250 10 31 20 10 32 251 11 33 20 11 34 10 11 35 11 12 36 12 12 37 22 12 38 22 13 39 21 13 40 11 13 41 12 14 42 13 14 43 23 14 44 23 15 45 22 15 46 12 15 47 13 16 48 14 16 49 24 16 50 24 17 51 23 17 52 13 17 53 14 18 54 15 18 55 25 18 56 25 19 57 24 19 58 14 19 59 36 20 60 256 20 61 254 20 62 36 21 63 254 21 64 26 21 65 255 22 66 254 22 67 25 22 68 255 23 69 25 23 70 15 23 71 16 24 72 17 24 73 27 24 74 27 25 75 26 25 76 16 25 77 17 26 78 8 26 79 18 26 80 18 27 81 27 27 82 17 27 83 18 28 84 19 28 85 29 28 86 29 29 87 28 29 88 18 29 89 19 30 90 20 30 91 30 30 92 30 31 93 29 31 94 19 31 95 21 32 96 250 32 97 251 32 98 21 33 99 251 33 100 11 33 101 250 34 102 252 34 103 30 34 104 250 35 105 30 35 106 20 35 107 21 36 108 22 36 109 32 36 110 32 37 111 31 37 112 21 37 113 22 38 114 23 38 115 33 38 116 33 39 117 32 39 118 22 39 119 24 40 120 33 40 121 23 40 122 24 41 123 25 41 124 35 41 125 35 42 126 34 42 127 24 42 128 254 43 129 256 43 130 35 43 131 254 44 132 35 44 133 25 44 134 26 45 135 27 45 136 37 45 137 37 46 138 36 46 139 26 46 140 27 47 141 18 47 142 28 47 143 28 48 144 37 48 145 27 48 146 16 49 147 255 49 148 15 49 149 16 50 150 15 50 151 14 50 152 14 51 153 13 51 154 12 51 155 12 52 156 11 52 157 251 52 158 12 53 159 251 53 160 253 53 161 10 54 162 9 54 163 8 54 164 12 55 165 253 55 166 10 55 167 12 56 168 10 56 169 8 56 170 14 57 171 12 57 172 8 57 173 16 58 174 14 58 175 8 58 176 17 59 177 16 59 178 8 59 179 28 60 180 36 60 181 37 60 182 36 61 183 28 61 184 29 61 185 35 62 186 256 62 187 252 62 188 252 63 189 31 63 190 34 63 191 252 64 192 34 64 193 35 64 194 31 65 195 33 65 196 34 65 197 31 66 198 32 66 199 33 66 200 34 67 201 33 67 202 24 67 203 77 68 204 79 68 205 39 68 206 77 69 207 39 69 208 44 69 209 76 70 210 77 70 211 44 70 212 76 71 213 44 71 214 45 71 215 79 72 216 78 72 217 38 72 218 79 73 219 38 73 220 39 73 221 75 74 222 74 74 223 40 74 224 75 75 225 40 75 226 41 75 227 80 76 228 75 76 229 41 76 230 80 77 231 41 77 232 42 77 233 78 78 234 76 78 235 45 78 236 78 79 237 45 79 238 38 79 239 38 80 240 45 80 241 44 80 242 38 81 243 44 81 244 39 81 245 40 82 246 43 82 247 42 82 248 40 83 249 42 83 250 41 83 251 64 84 252 82 84 253 51 84 254 48 85 255 50 85 256 84 85 257 63 86 258 53 86 259 67 86 260 63 87 261 67 87 262 60 87 263 68 88 264 57 88 265 48 88 266 49 89 267 55 89 268 57 89 269 49 90 270 57 90 271 68 90 272 69 91 273 60 91 274 51 91 275 57 92 276 58 92 277 48 92 278 46 93 279 58 93 280 57 93 281 71 94 282 83 94 283 52 94 284 71 95 285 52 95 286 67 95 287 51 96 288 61 96 289 56 96 290 51 97 291 56 97 292 64 97 293 63 98 294 60 98 295 69 98 296 63 99 297 69 99 298 62 99 299 60 100 300 67 100 301 52 100 302 66 101 303 57 101 304 55 101 305 66 102 306 55 102 307 47 102 308 61 103 309 60 103 310 52 103 311 61 104 312 51 104 313 60 104 314 48 105 315 58 105 316 59 105 317 48 106 318 59 106 319 50 106 320 84 107 321 72 107 322 68 107 323 84 108 324 68 108 325 48 108 326 53 109 327 62 109 328 70 109 329 53 110 330 70 110 331 71 110 332 47 111 333 49 111 334 72 111 335 47 112 336 72 112 337 73 112 338 58 113 339 46 113 340 65 113 341 58 114 342 65 114 343 59 114 344 80 115 345 55 115 346 75 115 347 62 116 348 77 116 349 76 116 350 62 117 351 76 117 352 63 117 353 53 118 354 79 118 355 77 118 356 53 119 357 77 119 358 62 119 359 76 120 360 78 120 361 63 120 362 53 121 363 63 121 364 78 121 365 53 122 366 78 122 367 79 122 368 55 123 369 80 123 370 81 123 371 55 124 372 81 124 373 47 124 374 49 125 375 74 125 376 75 125 377 49 126 378 75 126 379 55 126 380 57 127 381 66 127 382 46 127 383 69 128 384 70 128 385 62 128 386 71 129 387 67 129 388 53 129 389 68 130 390 72 130 391 49 130 392 73 131 393 66 131 394 47 131 395 81 132 396 80 132 397 42 132 398 81 133 399 42 133 400 43 133 401 81 134 402 74 134 403 49 134 404 81 135 405 49 135 406 47 135 407 74 136 408 81 136 409 43 136 410 74 137 411 43 137 412 40 137 413 73 138 414 85 138 415 46 138 416 73 139 417 46 139 418 66 139 419 82 140 420 70 140 421 69 140 422 82 141 423 69 141 424 51 141 425 82 142 426 64 142 427 54 142 428 82 143 429 54 143 430 83 143 431 83 144 432 71 144 433 70 144 434 83 145 435 70 145 436 82 145 437 83 146 438 54 146 439 52 146 440 84 147 441 50 147 442 65 147 443 84 148 444 65 148 445 85 148 446 85 149 447 65 149 448 46 149 449 85 150 450 73 150 451 72 150 452 85 151 453 72 151 454 84 151 455 61 152 456 52 152 457 54 152 458 61 153 459 54 153 460 56 153 461 111 154 462 100 154 463 126 154 464 104 155 465 126 155 466 100 155 467 106 156 468 129 156 469 103 156 470 103 157 471 102 157 472 106 157 473 131 158 474 108 158 475 102 158 476 129 159 477 105 159 478 103 159 479 103 160 480 105 160 481 126 160 482 104 161 483 86 161 484 102 161 485 102 162 486 86 162 487 131 162 488 100 163 489 86 163 490 104 163 491 126 164 492 105 164 493 111 164 494 129 165 495 107 165 496 87 165 497 107 166 498 129 166 499 106 166 500 108 167 501 130 167 502 88 167 503 130 168 504 108 168 505 131 168 506 106 169 507 108 169 508 88 169 509 106 170 510 88 170 511 107 170 512 100 171 513 110 171 514 101 171 515 110 172 516 100 172 517 111 172 518 105 173 519 87 173 520 132 173 521 87 174 522 105 174 523 129 174 524 131 175 525 109 175 526 130 175 527 109 176 528 131 176 529 86 176 530 86 177 531 101 177 532 109 177 533 101 178 534 86 178 535 100 178 536 111 179 537 132 179 538 110 179 539 132 180 540 111 180 541 105 180 542 97 181 543 127 181 544 121 181 545 114 182 546 112 182 547 115 182 548 112 183 549 89 183 550 115 183 551 90 184 552 118 184 553 113 184 554 119 185 555 153 185 556 113 185 557 120 186 558 117 186 559 115 186 560 115 187 561 117 187 562 114 187 563 120 188 564 115 188 565 97 188 566 97 189 567 121 189 568 120 189 569 104 190 570 102 190 571 114 190 572 121 191 573 104 191 574 114 191 575 103 192 576 126 192 577 124 192 578 124 193 579 126 193 580 116 193 581 127 194 582 98 194 583 116 194 584 116 195 585 121 195 586 127 195 587 104 196 588 121 196 589 116 196 590 104 197 591 116 197 592 126 197 593 114 198 594 96 198 595 112 198 596 102 199 597 96 199 598 114 199 599 103 200 600 96 200 601 102 200 602 119 201 603 91 201 604 117 201 605 117 202 606 91 202 607 114 202 608 114 203 609 91 203 610 118 203 611 114 204 612 118 204 613 121 204 614 118 205 615 90 205 616 121 205 617 120 206 618 119 206 619 117 206 620 154 207 621 125 207 622 122 207 623 92 208 624 94 208 625 93 208 626 122 209 627 94 209 628 154 209 629 125 210 630 128 210 631 123 210 632 128 211 633 124 211 634 123 211 635 99 212 636 128 212 637 125 212 638 125 213 639 116 213 640 99 213 641 122 214 642 123 214 643 95 214 644 123 215 645 124 215 646 95 215 647 124 216 648 93 216 649 95 216 650 124 217 651 116 217 652 93 217 653 93 218 654 116 218 655 92 218 656 125 219 657 123 219 658 122 219 659 124 220 660 128 220 661 112 220 662 112 221 663 128 221 664 89 221 665 99 222 666 116 222 667 98 222 668 103 223 669 124 223 670 96 223 671 96 224 672 124 224 673 112 224 674 127 225 675 115 225 676 89 225 677 98 226 678 127 226 679 89 226 680 128 227 681 99 227 682 98 227 683 98 228 684 89 228 685 128 228 686 97 229 687 115 229 688 127 229 689 139 230 690 141 230 691 142 230 692 139 231 693 143 231 694 141 231 695 140 232 696 133 232 697 144 232 698 141 233 699 144 233 700 133 233 701 144 234 702 143 234 703 140 234 704 142 235 705 140 235 706 139 235 707 142 236 708 133 236 709 140 236 710 143 237 711 144 237 712 141 237 713 141 238 714 133 238 715 142 238 716 145 239 717 137 239 718 136 239 719 145 240 720 136 240 721 134 240 722 135 241 723 146 241 724 138 241 725 136 242 726 138 242 727 146 242 728 146 243 729 135 243 730 134 243 731 137 244 732 145 244 733 135 244 734 137 245 735 135 245 736 138 245 737 134 246 738 136 246 739 146 246 740 136 247 741 137 247 742 138 247 743 145 248 744 134 248 745 152 248 746 145 249 747 152 249 748 149 249 749 134 250 750 135 250 751 150 250 752 134 251 753 150 251 754 152 251 755 140 252 756 143 252 757 151 252 758 140 253 759 151 253 760 147 253 761 135 254 762 145 254 763 149 254 764 135 255 765 149 255 766 150 255 767 139 256 768 140 256 769 147 256 770 139 257 771 147 257 772 148 257 773 143 258 774 139 258 775 148 258 776 143 259 777 148 259 778 151 259 779 94 260 780 152 260 781 93 260 782 93 261 783 152 261 784 150 261 785 93 262 786 150 262 787 95 262 788 118 263 789 91 263 790 147 263 791 118 264 792 147 264 793 151 264 794 95 265 795 150 265 796 149 265 797 95 266 798 149 266 799 122 266 800 113 267 801 151 267 802 148 267 803 113 268 804 148 268 805 119 268 806 94 269 807 122 269 808 149 269 809 94 270 810 149 270 811 152 270 812 147 271 813 91 271 814 119 271 815 147 272 816 119 272 817 148 272 818 113 273 819 118 273 820 151 273 821 90 274 822 153 274 823 120 274 824 90 275 825 120 275 826 121 275 827 113 276 828 153 276 829 90 276 830 154 277 831 94 277 832 92 277 833 120 278 834 153 278 835 119 278 836 125 279 837 154 279 838 92 279 839 125 280 840 92 280 841 116 280 842 157 281 843 158 281 844 159 281 845 157 282 846 159 282 847 160 282 848 163 283 849 164 283 850 160 283 851 160 284 852 161 284 853 162 284 854 160 285 855 162 285 856 163 285 857 182 286 858 180 286 859 183 286 860 181 287 861 182 287 862 183 287 863 179 288 864 181 288 865 183 288 866 178 289 867 179 289 868 183 289 869 177 290 870 178 290 871 183 290 872 176 291 873 177 291 874 183 291 875 175 292 876 176 292 877 183 292 878 172 293 879 175 293 880 183 293 881 174 294 882 172 294 883 183 294 884 173 295 885 174 295 886 183 295 887 170 296 888 173 296 889 183 296 890 169 297 891 170 297 892 183 297 893 171 298 894 169 298 895 183 298 896 180 299 897 171 299 898 183 299 899 161 300 900 160 300 901 177 300 902 161 301 903 177 301 904 176 301 905 159 302 906 158 302 907 179 302 908 159 303 909 179 303 910 178 303 911 166 304 912 165 304 913 173 304 914 166 305 915 173 305 916 170 305 917 156 306 918 168 306 919 171 306 920 156 307 921 171 307 922 180 307 923 157 308 924 155 308 925 182 308 926 157 309 927 182 309 928 181 309 929 164 310 930 163 310 931 172 310 932 164 311 933 172 311 934 174 311 935 162 312 936 161 312 937 176 312 938 162 313 939 176 313 940 175 313 941 167 314 942 166 314 943 170 314 944 167 315 945 170 315 946 169 315 947 160 316 948 159 316 949 178 316 950 160 317 951 178 317 952 177 317 953 158 318 954 157 318 955 181 318 956 158 319 957 181 319 958 179 319 959 155 320 960 156 320 961 180 320 962 155 321 963 180 321 964 182 321 965 165 322 966 164 322 967 174 322 968 165 323 969 174 323 970 173 323 971 163 324 972 162 324 973 175 324 974 163 325 975 175 325 976 172 325 977 168 326 978 167 326 979 169 326 980 168 327 981 169 327 982 171 327 983 156 328 984 155 328 985 157 328 986 157 329 987 167 329 988 168 329 989 157 330 990 168 330 991 156 330 992 164 331 993 165 331 994 166 331 995 164 332 996 166 332 997 167 332 998 164 333 999 184 333 1000 160 333 1001 160 334 1002 184 334 1003 157 334 1004 184 335 1005 164 335 1006 167 335 1007 157 336 1008 184 336 1009 167 336 1010 188 337 1011 187 337 1012 185 337 1013 187 338 1014 201 338 1015 185 338 1016 185 339 1017 202 339 1018 188 339 1019 187 340 1020 190 340 1021 203 340 1022 203 341 1023 201 341 1024 187 341 1025 187 342 1026 188 342 1027 191 342 1028 191 343 1029 190 343 1030 187 343 1031 188 344 1032 202 344 1033 204 344 1034 204 345 1035 191 345 1036 188 345 1037 205 346 1038 203 346 1039 190 346 1040 190 347 1041 193 347 1042 205 347 1043 190 348 1044 191 348 1045 194 348 1046 194 349 1047 193 349 1048 190 349 1049 191 350 1050 204 350 1051 206 350 1052 206 351 1053 194 351 1054 191 351 1055 205 352 1056 193 352 1057 196 352 1058 196 353 1059 207 353 1060 205 353 1061 193 354 1062 194 354 1063 197 354 1064 197 355 1065 196 355 1066 193 355 1067 206 356 1068 208 356 1069 197 356 1070 197 357 1071 194 357 1072 206 357 1073 207 358 1074 196 358 1075 199 358 1076 199 359 1077 198 359 1078 207 359 1079 196 360 1080 197 360 1081 200 360 1082 200 361 1083 199 361 1084 196 361 1085 208 362 1086 198 362 1087 200 362 1088 200 363 1089 197 363 1090 208 363 1091 199 364 1092 200 364 1093 198 364 1094 201 365 1095 186 365 1096 185 365 1097 186 366 1098 202 366 1099 185 366 1100 186 367 1101 201 367 1102 203 367 1103 203 368 1104 189 368 1105 186 368 1106 189 369 1107 204 369 1108 202 369 1109 202 370 1110 186 370 1111 189 370 1112 189 371 1113 203 371 1114 205 371 1115 205 372 1116 192 372 1117 189 372 1118 192 373 1119 206 373 1120 204 373 1121 204 374 1122 189 374 1123 192 374 1124 192 375 1125 205 375 1126 207 375 1127 207 376 1128 195 376 1129 192 376 1130 195 377 1131 208 377 1132 206 377 1133 206 378 1134 192 378 1135 195 378 1136 195 379 1137 207 379 1138 198 379 1139 208 380 1140 195 380 1141 198 380 1142 213 381 1143 212 381 1144 209 381 1145 209 382 1146 210 382 1147 213 382 1148 214 383 1149 213 383 1150 210 383 1151 210 384 1152 211 384 1153 214 384 1154 212 385 1155 214 385 1156 211 385 1157 211 386 1158 209 386 1159 212 386 1160 216 387 1161 215 387 1162 212 387 1163 212 388 1164 213 388 1165 216 388 1166 217 389 1167 216 389 1168 213 389 1169 213 390 1170 214 390 1171 217 390 1172 215 391 1173 217 391 1174 214 391 1175 214 392 1176 212 392 1177 215 392 1178 219 393 1179 218 393 1180 215 393 1181 215 394 1182 216 394 1183 219 394 1184 220 395 1185 219 395 1186 216 395 1187 216 396 1188 217 396 1189 220 396 1190 218 397 1191 220 397 1192 217 397 1193 217 398 1194 215 398 1195 218 398 1196 211 399 1197 210 399 1198 209 399 1199 218 400 1200 219 400 1201 220 400 1202 221 401 1203 245 401 1204 234 401 1205 221 402 1206 222 402 1207 223 402 1208 242 403 1209 225 403 1210 224 403 1211 241 404 1212 225 404 1213 242 404 1214 223 405 1215 222 405 1216 226 405 1217 223 406 1218 226 406 1219 227 406 1220 225 407 1221 228 407 1222 224 407 1223 225 408 1224 223 408 1225 227 408 1226 225 409 1227 227 409 1228 228 409 1229 227 410 1230 226 410 1231 229 410 1232 227 411 1233 229 411 1234 230 411 1235 228 412 1236 232 412 1237 231 412 1238 228 413 1239 231 413 1240 224 413 1241 228 414 1242 227 414 1243 230 414 1244 228 415 1245 230 415 1246 232 415 1247 230 416 1248 229 416 1249 233 416 1250 231 417 1251 233 417 1252 224 417 1253 232 418 1254 233 418 1255 231 418 1256 232 419 1257 230 419 1258 233 419 1259 223 420 1260 243 420 1261 221 420 1262 224 421 1263 248 421 1264 247 421 1265 242 422 1266 224 422 1267 247 422 1268 234 423 1269 222 423 1270 221 423 1271 244 424 1272 224 424 1273 235 424 1274 223 425 1275 225 425 1276 241 425 1277 246 426 1278 235 426 1279 234 426 1280 234 427 1281 226 427 1282 222 427 1283 234 428 1284 236 428 1285 226 428 1286 235 429 1287 224 429 1288 237 429 1289 235 430 1290 236 430 1291 234 430 1292 235 431 1293 237 431 1294 236 431 1295 236 432 1296 229 432 1297 226 432 1298 236 433 1299 238 433 1300 229 433 1301 237 434 1302 239 434 1303 240 434 1304 237 435 1305 224 435 1306 239 435 1307 237 436 1308 238 436 1309 236 436 1310 237 437 1311 240 437 1312 238 437 1313 238 438 1314 233 438 1315 229 438 1316 239 439 1317 224 439 1318 233 439 1319 240 440 1320 239 440 1321 233 440 1322 240 441 1323 233 441 1324 238 441 1325 234 442 1326 245 442 1327 246 442 1328 224 443 1329 249 443 1330 248 443 1331 244 444 1332 249 444 1333 224 444 1334 241 445 1335 243 445 1336 223 445 1337 244 446 1338 235 446 1339 246 446 1340 31 447 1341 252 447 1342 250 447 1343 31 448 1344 250 448 1345 21 448 1346 253 449 1347 251 449 1348 10 449 1349 26 450 1350 254 450 1351 255 450 1352 26 451 1353 255 451 1354 16 451 1355 252 452 1356 256 452 1357 36 452 1358 36 453 1359 29 453 1360 30 453 1361 36 454 1362 30 454 1363 252 454 1364 102 455 1365 108 455 1366 106 455 1367</p>
        </triangles>
      </mesh>
    </geometry>
  </library_geometries>
  <library_controllers>
    <controller id="machairophoros_sele2_Skin_bow_001-skin" name="machairophoros_sele2_Skin">
      <skin source="#bow_000-mesh">
        <bind_shape_matrix>1 0 0 0 0 1 0 0 0 0 1 0 0 0 0 1</bind_shape_matrix>
        <source id="machairophoros_sele2_Skin_bow_001-skin-joints">
          <Name_array id="machairophoros_sele2_Skin_bow_001-skin-joints-array" count="19">pelvis femurleft butt-l knee-l-bopttom ankle_left foot_left01 femurright butt-r knee-r-bopttom ankleright foot_right01 rib scapula ulna scapula01 ulna01 smoke_node_1 neck lumbar</Name_array>
          <technique_common>
            <accessor source="#machairophoros_sele2_Skin_bow_001-skin-joints-array" count="19" stride="1">
              <param name="JOINT" type="name"/>
            </accessor>
          </technique_common>
        </source>
        <source id="machairophoros_sele2_Skin_bow_001-skin-bind_poses">
          <float_array id="machairophoros_sele2_Skin_bow_001-skin-bind_poses-array" count="304">1 0 0 -2.88205e-4 0 0 1 -1.989969 0 -1 0 0.05965083 0 0 0 1 1 0 0 -0.2295659 0 -1.19209e-7 1 -1.980151 0 -1 -1.34359e-7 0 0 0 0 1 1 0 0 -0.2300334 0 -2.68221e-7 1 -1.881625 0 -1 -2.83122e-7 0.2278658 0 0 0 1 1 0 0 -0.2616621 0 -3.42727e-7 1 -1.243225 0 -1 -3.57628e-7 0.03760063 0 0 0 1 1 -7.75266e-7 2.95466e-7 -0.2703902 0 -0.3687207 -0.9295402 0.1499912 8.29584e-7 0.9295378 -0.3687207 -0.04846727 0 0 0 1 1 -6.03431e-7 2.75783e-5 -0.2703911 0 -0.9997584 -0.02187639 -0.2401508 2.75849e-5 0.02187538 -0.9997607 0.02882623 0 0 0 1 1 0 0 0.2313526 0 0 1 -1.980151 0 -1 0 0 0 0 0 1 1 0 0 0.2346149 0 -8.27014e-7 1 -1.884255 0 -1 -8.41916e-7 0.2262771 0 0 0 1 1 0 0 0.2454932 0 0 1 -1.243115 0 -1 0 0.03760027 0 0 0 1 1 -6.86382e-7 2.74501e-7 0.2586691 0 -0.368721 -0.9295402 0.1530215 7.39233e-7 0.9295396 -0.368721 -0.04726481 0 0 0 1 1 -3.99754e-7 1.82696e-5 0.2586684 0 -0.9997601 -0.02187579 -0.2400798 1.8274e-5 0.0218755 -0.9997607 0.03209751 0 0 0 1 1 0 0 0.007960081 0 0 1 -2.884791 0 -1 0 -1.77159e-7 0 0 0 1 0.2710768 0 0.9625577 -3.12381 -0.9625577 0 0.2710769 -0.4534327 0 -1 0 -3.44089e-7 0 0 0 1 0.271077 0 0.9625577 -3.247548 -0.9625577 0 0.2710771 0.1459232 0 -1 0 -5.00304e-7 0 0 0 1 0.2169986 0 -0.9761719 3.153102 0.976172 0 0.2169985 -0.2386749 0 -1 0 -2.12135e-7 0 0 0 1 0.2169989 0 -0.9761719 3.265105 0.9761719 -1.21431e-7 0.2169987 0.3606808 -1.35023e-7 -1 0 -5.7337e-7 0 0 0 1 0.2177408 -3.85888e-6 -0.9760067 3.377572 -0.006611168 -0.9999772 -0.001470923 -0.05571687 -0.9759844 0.006772994 -0.2177358 -1.071309 0 0 0 1 1 0 0 0.02165722 0 0 1 -3.354291 0 -1 -1.2116e-7 1.64899e-7 0 0 0 1 1 0 0 -0.004826366 0 0 1 -2.179733 0 -1 0 0.1130514 0 0 0 1</float_array>
          <technique_common>
            <accessor source="#machairophoros_sele2_Skin_bow_001-skin-bind_poses-array" count="19" stride="16">
              <param name="TRANSFORM" type="float4x4"/>
            </accessor>
          </technique_common>
        </source>
        <source id="machairophoros_sele2_Skin_bow_001-skin-weights">
          <float_array id="machairophoros_sele2_Skin_bow_001-skin-weights-array" count="258">1 1 1 1 1 1 1 1 1 1 1 1 1 1 1 1 1 1 1 1 1 1 1 1 1 1 1 1 1 1 1 1 1 1 1 1 1 1 1 1 1 1 1 1 1 1 1 1 1 1 1 1 1 1 1 1 1 1 1 1 1 1 1 1 1 1 1 1 1 1 1 1 1 1 1 1 1 1 1 1 1 1 1 1 1 1 1 1 1 1 1 1 1 1 1 1 1 1 1 1 1 1 1 1 1 1 1 1 1 1 1 1 1 1 1 1 1 1 1 1 1 1 1 1 1 1 1 1 1 1 1 1 1 1 1 1 1 1 1 1 1 1 1 1 1 1 1 1 1 1 1 1 1 1 1 1 1 1 1 1 1 1 1 1 1 1 1 1 1 1 1 1 1 1 1 1 1 1 1 1 1 1 1 1 1 1 1 1 1 1 1 1 1 1 1 1 1 1 1 1 1 1 1 1 1 1 1 1 1 1 1 1 1 1 1 1 1 1 0.05247682 0.9475231 1 1 1 1 1 1 1 1 1 1 1 1 1 1 1 1 1 1 1 1 1 1 1 1 1 1 1 1 1 1 1 1 1 1 1 1 1 1</float_array>
          <technique_common>
            <accessor source="#machairophoros_sele2_Skin_bow_001-skin-weights-array" count="258" stride="1">
              <param name="WEIGHT" type="float"/>
            </accessor>
          </technique_common>
        </source>
        <joints>
          <input semantic="JOINT" source="#machairophoros_sele2_Skin_bow_001-skin-joints"/>
          <input semantic="INV_BIND_MATRIX" source="#machairophoros_sele2_Skin_bow_001-skin-bind_poses"/>
        </joints>
        <vertex_weights count="257">
          <input semantic="JOINT" source="#machairophoros_sele2_Skin_bow_001-skin-joints" offset="0"/>
          <input semantic="WEIGHT" source="#machairophoros_sele2_Skin_bow_001-skin-weights" offset="1"/>
          <vcount>1 1 1 1 1 1 1 1 1 1 1 1 1 1 1 1 1 1 1 1 1 1 1 1 1 1 1 1 1 1 1 1 1 1 1 1 1 1 1 1 1 1 1 1 1 1 1 1 1 1 1 1 1 1 1 1 1 1 1 1 1 1 1 1 1 1 1 1 1 1 1 1 1 1 1 1 1 1 1 1 1 1 1 1 1 1 1 1 1 1 1 1 1 1 1 1 1 1 1 1 1 1 1 1 1 1 1 1 1 1 1 1 1 1 1 1 1 1 1 1 1 1 1 1 1 1 1 1 1 1 1 1 1 1 1 1 1 1 1 1 1 1 1 1 1 1 1 1 1 1 1 1 1 1 1 1 1 1 1 1 1 1 1 1 1 1 1 1 1 1 1 1 1 1 1 1 1 1 1 1 1 1 1 1 1 1 1 1 1 1 1 1 1 1 1 1 1 1 1 1 1 1 1 1 1 1 1 1 1 1 1 1 1 1 1 1 1 1 2 1 1 1 1 1 1 1 1 1 1 1 1 1 1 1 1 1 1 1 1 1 1 1 1 1 1 1 1 1 1 1 1 1 1 1 1 1 1 </vcount>
          <v>17 0 17 1 17 2 17 3 17 4 17 5 17 6 17 7 0 8 0 9 0 10 11 11 11 12 11 13 11 14 11 15 0 16 0 17 0 18 0 19 0 20 11 21 11 22 11 23 11 24 11 25 0 26 0 27 18 28 18 29 18 30 11 31 11 32 11 33 11 34 11 35 18 36 18 37 10 38 10 39 5 40 5 41 5 42 5 43 10 44 10 45 3 46 4 47 3 48 4 49 1 50 8 51 8 52 9 53 6 54 4 55 6 56 3 57 1 58 1 59 8 60 6 61 9 62 9 63 6 64 1 65 3 66 8 67 3 68 8 69 8 70 8 71 3 72 3 73 5 74 5 75 10 76 10 77 10 78 10 79 5 80 5 81 6 82 6 83 1 84 1 85 7 86 3 87 6 88 11 89 14 90 15 91 12 92 13 93 12 94 13 95 11 96 11 97 11 98 11 99 7 100 6 101 0 102 0 103 0 104 2 105 1 106 1 107 6 108 6 109 1 110 2 111 11 112 14 113 11 114 11 115 11 116 14 117 15 118 15 119 14 120 11 121 13 122 12 123 11 124 12 125 0 126 11 127 11 128 1 129 8 130 6 131 1 132 15 133 13 134 13 135 13 136 13 137 13 138 15 139 15 140 15 141 15 142 15 143 15 144 13 145 13 146 15 147 15 148 13 149 13 150 15 151 13 152 14 153 12 154 13 155 13 156 13 157 13 158 13 159 13 160 13 161 13 162 13 163 13 164 13 165 13 166 13 167 13 168 13 169 13 170 13 171 13 172 13 173 13 174 13 175 13 176 13 177 13 178 13 179 13 180 13 181 13 182 13 183 13 184 16 185 16 186 16 187 16 188 16 189 16 190 16 191 16 192 16 193 16 194 16 195 16 196 16 197 16 198 16 199 16 200 16 201 16 202 16 203 16 204 16 205 16 206 16 207 16 208 16 209 16 210 16 211 16 212 16 213 16 214 16 215 16 216 16 217 15 218 16 219 16 220 16 221 17 222 17 223 17 224 17 225 17 226 17 227 17 228 17 229 17 230 17 231 17 232 17 233 17 234 17 235 17 236 17 237 17 238 17 239 17 240 17 241 17 242 17 243 17 244 17 245 17 246 17 247 17 248 17 249 17 250 11 251 11 252 11 253 0 254 11 255 11 256 11 257</v>
        </vertex_weights>
      </skin>
    </controller>
  </library_controllers>
  <library_visual_scenes>
    <visual_scene id="Scene" name="Scene">
      <node id="machairophoros_sele2_Skin" name="machairophoros_sele2_Skin" type="NODE">
        <matrix sid="transform">1 0 0 0 0 1 0 0 0 0 1 0 0 0 0 1</matrix>
        <node id="machairophoros_sele2_Skin_root" name="root" sid="root" type="JOINT">
          <matrix sid="transform">1 5.49894e-16 2.62398e-8 0 2.62398e-8 -1.34359e-7 -1 -1.01207e-7 2.97565e-15 1 -1.19209e-7 2.154822 0 0 0 1</matrix>
          <node id="machairophoros_sele2_Skin_pelvis" name="pelvis" sid="pelvis" type="JOINT">
            <matrix sid="transform">1 0 9.28837e-9 2.88204e-4 -3.46018e-16 1 3.72528e-8 -0.1648533 -9.28837e-9 -3.72528e-8 1 -0.05965076 0 0 0 1</matrix>
            <node id="machairophoros_sele2_Skin_femurleft" name="femurleft" sid="femurleft" type="JOINT">
              <matrix sid="transform">1 -3.87761e-15 5.08076e-9 0.2292777 0 1 -3.72529e-8 -0.0098176 -5.08076e-9 3.75012e-8 1 0.05965088 0 0 0 1</matrix>
              <node id="machairophoros_sele2_Skin_butt-l" name="butt-l" sid="butt-l" type="JOINT">
                <matrix sid="transform">1 -4.56025e-15 4.2319e-9 4.67554e-4 6.30602e-16 1 -1.49012e-7 -0.098526 -4.2319e-9 1.49012e-7 1 -0.2278655 0 0 0 1</matrix>
                <extra>
                  <technique profile="blender">
                    <layer sid="layer" type="string">0</layer>
                    <roll sid="roll" type="float">0</roll>
                    <tip_x sid="tip_x" type="float">0</tip_x>
                    <tip_y sid="tip_y" type="float">0</tip_y>
                    <tip_z sid="tip_z" type="float">0.1</tip_z>
                  </technique>
                </extra>
              </node>
              <node id="machairophoros_sele2_Skin_knee-l-top" name="knee-l-top" sid="knee-l-top" type="JOINT">
                <matrix sid="transform">1 -4.56025e-15 7.79386e-9 0.02838683 -6.96825e-15 1 8.9407e-7 -0.4877242 -7.79386e-9 -8.9407e-7 1 0.3577119 0 0 0 1</matrix>
                <extra>
                  <technique profile="blender">
                    <layer sid="layer" type="string">0</layer>
                    <roll sid="roll" type="float">0</roll>
                    <tip_x sid="tip_x" type="float">0</tip_x>
                    <tip_y sid="tip_y" type="float">0</tip_y>
                    <tip_z sid="tip_z" type="float">0.1</tip_z>
                  </technique>
                </extra>
              </node>
              <node id="machairophoros_sele2_Skin_knee-l-bopttom" name="knee-l-bopttom" sid="knee-l-bopttom" type="JOINT">
                <matrix sid="transform">1 -4.56025e-15 3.00215e-8 0.03209621 6.71033e-15 1 -2.23517e-7 -0.736926 -3.00215e-8 2.23517e-7 1 -0.03760032 0 0 0 1</matrix>
                <node id="machairophoros_sele2_Skin_ankle_left" name="ankle left" sid="ankle_left" type="JOINT">
                  <matrix sid="transform">1 -5.11041e-8 8.89747e-7 0.008728087 2.95466e-7 -0.9295399 -0.3687219 -1.121673 8.45897e-7 0.3687219 -0.9295423 -0.06275657 0 0 0 1</matrix>
                  <node id="machairophoros_sele2_Skin_foot_left01" name="foot left01" sid="foot_left01" type="JOINT">
                    <matrix sid="transform">1 7.68619e-7 2.72725e-5 2.68221e-7 -2.54238e-5 0.3889674 0.9212515 0.2168389 -9.90004e-6 -0.9212515 0.3889675 -0.2809218 0 0 0 1</matrix>
                    <extra>
                      <technique profile="blender">
                        <layer sid="layer" type="string">0</layer>
                        <roll sid="roll" type="float">2.75755e-5</roll>
                        <tip_x sid="tip_x" type="float">0</tip_x>
                        <tip_y sid="tip_y" type="float">-0.09997606</tip_y>
                        <tip_z sid="tip_z" type="float">-0.00218749</tip_z>
                      </technique>
                    </extra>
                  </node>
                  <extra>
                    <technique profile="blender">
                      <layer sid="layer" type="string">0</layer>
                      <roll sid="roll" type="float">8.29586e-7</roll>
                      <tip_x sid="tip_x" type="float">0</tip_x>
                      <tip_y sid="tip_y" type="float">-0.03687214</tip_y>
                      <tip_z sid="tip_z" type="float">-0.09295403</tip_z>
                    </technique>
                  </extra>
                </node>
                <extra>
                  <technique profile="blender">
                    <layer sid="layer" type="string">0</layer>
                    <roll sid="roll" type="float">0</roll>
                    <tip_x sid="tip_x" type="float">0</tip_x>
                    <tip_y sid="tip_y" type="float">0</tip_y>
                    <tip_z sid="tip_z" type="float">0.1</tip_z>
                  </technique>
                </extra>
              </node>
              <extra>
                <technique profile="blender">
                  <layer sid="layer" type="string">0</layer>
                  <roll sid="roll" type="float">0</roll>
                  <tip_x sid="tip_x" type="float">0</tip_x>
                  <tip_y sid="tip_y" type="float">0</tip_y>
                  <tip_z sid="tip_z" type="float">0.0999999</tip_z>
                </technique>
              </extra>
            </node>
            <node id="machairophoros_sele2_Skin_femurright" name="femurright" sid="femurright" type="JOINT">
              <matrix sid="transform">1 -3.87761e-15 5.08076e-9 -0.2316408 0 1 0 -0.0098176 -5.08076e-9 2.48278e-10 1 0.05965088 0 0 0 1</matrix>
              <node id="machairophoros_sele2_Skin_butt-r" name="butt-r" sid="butt-r" type="JOINT">
                <matrix sid="transform">1 -4.37098e-15 5.58592e-9 -0.003262356 4.16183e-15 1 -7.45058e-7 -0.09589529 -5.58592e-9 7.45058e-7 1 -0.2262758 0 0 0 1</matrix>
                <extra>
                  <technique profile="blender">
                    <layer sid="layer" type="string">0</layer>
                    <roll sid="roll" type="float">0</roll>
                    <tip_x sid="tip_x" type="float">0</tip_x>
                    <tip_y sid="tip_y" type="float">0</tip_y>
                    <tip_z sid="tip_z" type="float">0.1</tip_z>
                  </technique>
                </extra>
              </node>
              <node id="machairophoros_sele2_Skin_knee-r-top" name="knee-r-top" sid="knee-r-top" type="JOINT">
                <matrix sid="transform">1 -4.37098e-15 9.03824e-9 0.05288468 5.38721e-15 0.9999999 -5.96046e-7 -0.4883386 -9.03824e-9 5.96046e-7 1 0.3589506 0 0 0 1</matrix>
                <extra>
                  <technique profile="blender">
                    <layer sid="layer" type="string">0</layer>
                    <roll sid="roll" type="float">0</roll>
                    <tip_x sid="tip_x" type="float">0</tip_x>
                    <tip_y sid="tip_y" type="float">0</tip_y>
                    <tip_z sid="tip_z" type="float">0.1</tip_z>
                  </technique>
                </extra>
              </node>
              <node id="machairophoros_sele2_Skin_knee-r-bopttom" name="knee-r-bopttom" sid="knee-r-bopttom" type="JOINT">
                <matrix sid="transform">1 -4.37098e-15 1.55375e-8 -0.01414061 0 1 0 -0.7370361 -1.55375e-8 0 1 -0.03760032 0 0 0 1</matrix>
                <node id="machairophoros_sele2_Skin_ankleright" name="ankleright" sid="ankleright" type="JOINT">
                  <matrix sid="transform">1 -1.86264e-8 7.91425e-7 -0.01317592 2.74501e-7 -0.92954 -0.3687212 -1.118303 7.42529e-7 0.3687212 -0.9295406 -0.06275675 0 0 0 1</matrix>
                  <node id="machairophoros_sele2_Skin_foot_right01" name="foot right01" sid="foot_right01" type="JOINT">
                    <matrix sid="transform">1 6.80213e-7 1.79846e-5 2.68221e-7 -1.68329e-5 0.3889671 0.9212517 0.2168391 -6.36875e-6 -0.9212517 0.3889672 -0.2809221 0 0 0 1</matrix>
                    <extra>
                      <technique profile="blender">
                        <layer sid="layer" type="string">0</layer>
                        <roll sid="roll" type="float">1.82677e-5</roll>
                        <tip_x sid="tip_x" type="float">0</tip_x>
                        <tip_y sid="tip_y" type="float">-0.09997606</tip_y>
                        <tip_z sid="tip_z" type="float">-0.00218749</tip_z>
                      </technique>
                    </extra>
                  </node>
                  <extra>
                    <technique profile="blender">
                      <layer sid="layer" type="string">0</layer>
                      <roll sid="roll" type="float">7.39234e-7</roll>
                      <tip_x sid="tip_x" type="float">0</tip_x>
                      <tip_y sid="tip_y" type="float">-0.03687208</tip_y>
                      <tip_z sid="tip_z" type="float">-0.09295403</tip_z>
                    </technique>
                  </extra>
                </node>
                <extra>
                  <technique profile="blender">
                    <layer sid="layer" type="string">0</layer>
                    <roll sid="roll" type="float">0</roll>
                    <tip_x sid="tip_x" type="float">0</tip_x>
                    <tip_y sid="tip_y" type="float">0</tip_y>
                    <tip_z sid="tip_z" type="float">0.1</tip_z>
                  </technique>
                </extra>
              </node>
              <extra>
                <technique profile="blender">
                  <layer sid="layer" type="string">0</layer>
                  <roll sid="roll" type="float">0</roll>
                  <tip_x sid="tip_x" type="float">0</tip_x>
                  <tip_y sid="tip_y" type="float">0</tip_y>
                  <tip_z sid="tip_z" type="float">0.0999999</tip_z>
                </technique>
              </extra>
            </node>
            <node id="machairophoros_sele2_Skin_lumbar" name="lumbar" sid="lumbar" type="JOINT">
              <matrix sid="transform">1 -3.87761e-15 4.81516e-9 0.004538174 0 1 3.72529e-8 0.189765 -4.81516e-9 -3.70047e-8 1 -0.05340066 0 0 0 1</matrix>
              <node id="machairophoros_sele2_Skin_rib" name="rib" sid="rib" type="JOINT">
                <matrix sid="transform">1 -4.16581e-15 4.29795e-9 -0.01278648 0 1 0 0.7050576 -4.29795e-9 2.48249e-10 1 0.1130516 0 0 0 1</matrix>
                <node id="machairophoros_sele2_Skin_scapula" name="scapula" sid="scapula" type="JOINT">
                  <matrix sid="transform">0.2710769 -0.9625577 -6.30853e-9 0.4182977 0.9625576 0.2710768 6.7907e-8 0.2449708 -6.36543e-8 -2.44803e-8 1 -4.30138e-8 0 0 0 1</matrix>
                  <node id="machairophoros_sele2_Skin_ulna" name="ulna" sid="ulna" type="JOINT">
                    <matrix sid="transform">0.9999999 1.49012e-7 4.48439e-8 0.1237383 -1.49012e-7 0.9999999 -1.95399e-14 -0.5993564 -4.48439e-8 1.95399e-14 1 1.05822e-8 0 0 0 1</matrix>
                    <node id="machairophoros_sele2_Skin_carpal" name="carpal" sid="carpal" type="JOINT">
                      <matrix sid="transform">1 3.27826e-7 -1.51922e-7 0.1033103 -4.47035e-7 1 -1.49012e-7 -0.5754044 1.51922e-7 1.49012e-7 1 0.07377818 0 0 0 1</matrix>
                      <node id="machairophoros_sele2_Skin_ammo_node_1" name="ammo node 1" sid="ammo_node_1" type="JOINT">
                        <matrix sid="transform">1 -1.19203e-6 -1.34408e-5 0.1766815 -1.33812e-5 0.001921951 -0.9999982 0.2353454 1.21669e-6 0.9999982 0.00192189 -0.07377825 0 0 0 1</matrix>
                        <extra>
                          <technique profile="blender">
                            <layer sid="layer" type="string">0</layer>
                            <roll sid="roll" type="float">-2.393058</roll>
                            <tip_x sid="tip_x" type="float">-1.85013e-4</tip_x>
                            <tip_y sid="tip_y" type="float">-0.09999984</tip_y>
                            <tip_z sid="tip_z" type="float">5.19752e-5</tip_z>
                          </technique>
                        </extra>
                      </node>
                      <extra>
                        <technique profile="blender">
                          <layer sid="layer" type="string">0</layer>
                          <roll sid="roll" type="float">-1.296284</roll>
                          <tip_x sid="tip_x" type="float">-0.09625566</tip_x>
                          <tip_y sid="tip_y" type="float">0</tip_y>
                          <tip_z sid="tip_z" type="float">0.02710771</tip_z>
                        </technique>
                      </extra>
                    </node>
                    <extra>
                      <technique profile="blender">
                        <layer sid="layer" type="string">0</layer>
                        <roll sid="roll" type="float">-1.296285</roll>
                        <tip_x sid="tip_x" type="float">-0.09625583</tip_x>
                        <tip_y sid="tip_y" type="float">0</tip_y>
                        <tip_z sid="tip_z" type="float">0.02710771</tip_z>
                      </technique>
                    </extra>
                  </node>
                  <extra>
                    <technique profile="blender">
                      <layer sid="layer" type="string">0</layer>
                      <roll sid="roll" type="float">-1.296285</roll>
                      <tip_x sid="tip_x" type="float">-0.09625589</tip_x>
                      <tip_y sid="tip_y" type="float">0</tip_y>
                      <tip_z sid="tip_z" type="float">0.02710771</tip_z>
                    </technique>
                  </extra>
                </node>
                <node id="machairophoros_sele2_Skin_scapula01" name="scapula01" sid="scapula01" type="JOINT">
                  <matrix sid="transform">0.2169986 0.9761719 -4.11986e-8 -0.4432708 -0.9761719 0.2169986 1.89789e-8 0.2449708 2.74668e-8 3.60986e-8 1 -4.30138e-8 0 0 0 1</matrix>
                  <node id="machairophoros_sele2_Skin_ulna01" name="ulna01" sid="ulna01" type="JOINT">
                    <matrix sid="transform">1 -1.49012e-7 -1.01832e-7 -0.1120026 1.63913e-7 1 -1.19209e-7 -0.5993563 1.01832e-7 1.19209e-7 1 -1.42537e-8 0 0 0 1</matrix>
                    <node id="machairophoros_sele2_Skin_carpal_right" name="carpal right" sid="carpal_right" type="JOINT">
                      <matrix sid="transform">1 -1.49012e-7 -1.45461e-8 -0.1377451 2.83122e-7 1 -2.75335e-13 -0.5311353 1.45461e-8 2.37588e-13 1 -1.46559e-7 0 0 0 1</matrix>
                      <node id="machairophoros_sele2_Skin_smoke_node_1" name="smoke node 1" sid="smoke_node_1" type="JOINT">
                        <matrix sid="transform">0.9999997 1.37789e-6 7.59885e-4 0.02609348 7.59944e-4 -0.006772872 -0.9999766 -0.1824129 3.76865e-6 0.999977 -0.006772756 0.04844672 0 0 0 1</matrix>
                        <node id="machairophoros_sele2_Skin_ammo_node_0" name="ammo node 0" sid="ammo_node_0" type="JOINT">
                          <matrix sid="transform">0.9999996 8.16628e-4 3.49362e-6 0.002579451 2.03657e-6 -0.00677319 0.9999771 1.569697 8.16628e-4 -0.9999768 -0.006773189 0.04449046 0 0 0 1</matrix>
                          <extra>
                            <technique profile="blender">
                              <layer sid="layer" type="string">0</layer>
                              <roll sid="roll" type="float">1.352113</roll>
                              <tip_x sid="tip_x" type="float">0.09803485</tip_x>
                              <tip_y sid="tip_y" type="float">0</tip_y>
                              <tip_z sid="tip_z" type="float">0.02178692</tip_z>
                            </technique>
                          </extra>
                        </node>
                        <extra>
                          <technique profile="blender">
                            <layer sid="layer" type="string">0</layer>
                            <roll sid="roll" type="float">1.352618</roll>
                            <tip_x sid="tip_x" type="float">-6.61135e-4</tip_x>
                            <tip_y sid="tip_y" type="float">-0.09999769</tip_y>
                            <tip_z sid="tip_z" type="float">-1.47104e-4</tip_z>
                          </technique>
                        </extra>
                      </node>
                      <extra>
                        <technique profile="blender">
                          <layer sid="layer" type="string">0</layer>
                          <roll sid="roll" type="float">1.352057</roll>
                          <tip_x sid="tip_x" type="float">0.09761714</tip_x>
                          <tip_y sid="tip_y" type="float">0</tip_y>
                          <tip_z sid="tip_z" type="float">0.0216999</tip_z>
                        </technique>
                      </extra>
                    </node>
                    <extra>
                      <technique profile="blender">
                        <layer sid="layer" type="string">0</layer>
                        <roll sid="roll" type="float">1.352057</roll>
                        <tip_x sid="tip_x" type="float">0.09761732</tip_x>
                        <tip_y sid="tip_y" type="float">0</tip_y>
                        <tip_z sid="tip_z" type="float">0.0216999</tip_z>
                      </technique>
                    </extra>
                  </node>
                  <extra>
                    <technique profile="blender">
                      <layer sid="layer" type="string">0</layer>
                      <roll sid="roll" type="float">1.352058</roll>
                      <tip_x sid="tip_x" type="float">0.09761738</tip_x>
                      <tip_y sid="tip_y" type="float">0</tip_y>
                      <tip_z sid="tip_z" type="float">0.0216999</tip_z>
                    </technique>
                  </extra>
                </node>
                <node id="machairophoros_sele2_Skin_neck" name="neck" sid="neck" type="JOINT">
                  <matrix sid="transform">1 -4.42306e-15 3.79429e-9 -0.01369714 2.32617e-16 0.9999999 -6.13072e-8 0.4694993 -3.79429e-9 6.13072e-8 1 -1.36333e-7 0 0 0 1</matrix>
                  <node id="machairophoros_sele2_Skin_skull" name="skull" sid="skull" type="JOINT">
                    <matrix sid="transform">1 -4.88277e-15 1.48448e-9 -0.007297663 0 1 7.45046e-9 0.4520025 -1.48448e-9 -7.45045e-9 1 7.10192e-8 0 0 0 1</matrix>
                    <node id="machairophoros_sele2_Skin_nogginbottom" name="nogginbottom" sid="nogginbottom" type="JOINT">
                      <matrix sid="transform">1 2.3283e-9 2.36499e-7 0.001799162 -1.22153e-8 0.9991254 0.0418141 0.08982587 -2.36195e-7 -0.0418141 0.9991254 0.2822084 0 0 0 1</matrix>
                      <extra>
                        <technique profile="blender">
                          <layer sid="layer" type="string">0</layer>
                          <roll sid="roll" type="float">2.86376e-7</roll>
                          <tip_x sid="tip_x" type="float">0</tip_x>
                          <tip_y sid="tip_y" type="float">0.004181385</tip_y>
                          <tip_z sid="tip_z" type="float">0.09991264</tip_z>
                        </technique>
                      </extra>
                    </node>
                    <node id="machairophoros_sele2_Skin_plumes" name="plumes" sid="plumes" type="JOINT">
                      <matrix sid="transform">1 2.3283e-9 3.70634e-7 -0.002369048 -1.01486e-8 0.9997773 0.02110119 0.1819341 -3.70502e-7 -0.02110119 0.9997773 0.1862073 0 0 0 1</matrix>
                      <extra>
                        <technique profile="blender">
                          <layer sid="layer" type="string">0</layer>
                          <roll sid="roll" type="float">4.20543e-7</roll>
                          <tip_x sid="tip_x" type="float">0</tip_x>
                          <tip_y sid="tip_y" type="float">0.002110123</tip_y>
                          <tip_z sid="tip_z" type="float">0.09997797</tip_z>
                        </technique>
                      </extra>
                    </node>
                    <node id="machairophoros_sele2_Skin_skulltop" name="skulltop" sid="skulltop" type="JOINT">
                      <matrix sid="transform">1 -5.05157e-15 4.60018e-9 -0.00416824 0 1 3.55271e-14 0.3702886 -4.60018e-9 -3.55271e-14 1 -2.13163e-14 0 0 0 1</matrix>
                      <extra>
                        <technique profile="blender">
                          <layer sid="layer" type="string">0</layer>
                          <roll sid="roll" type="float">0</roll>
                          <tip_x sid="tip_x" type="float">0</tip_x>
                          <tip_y sid="tip_y" type="float">0</tip_y>
                          <tip_z sid="tip_z" type="float">0.0999999</tip_z>
                        </technique>
                      </extra>
                    </node>
                    <extra>
                      <technique profile="blender">
                        <layer sid="layer" type="string">0</layer>
                        <roll sid="roll" type="float">0</roll>
                        <tip_x sid="tip_x" type="float">0</tip_x>
                        <tip_y sid="tip_y" type="float">0</tip_y>
                        <tip_z sid="tip_z" type="float">0.1000001</tip_z>
                      </technique>
                    </extra>
                  </node>
                  <node id="machairophoros_sele2_Skin_smoke_node_0" name="smoke node 0" sid="smoke_node_0" type="JOINT">
                    <matrix sid="transform">1 -1.268e-5 -1.10467e-6 0.006514959 -1.10467e-6 1.07102e-7 -0.9999999 0.09218764 1.268e-5 0.9999999 2.38244e-7 0.2430202 0 0 0 1</matrix>
                    <extra>
                      <technique profile="blender">
                        <layer sid="layer" type="string">0</layer>
                        <roll sid="roll" type="float">3.141592</roll>
                        <tip_x sid="tip_x" type="float">-1.26287e-6</tip_x>
                        <tip_y sid="tip_y" type="float">-0.0999999</tip_y>
                        <tip_z sid="tip_z" type="float">0</tip_z>
                      </technique>
                    </extra>
                  </node>
                  <extra>
                    <technique profile="blender">
                      <layer sid="layer" type="string">0</layer>
                      <roll sid="roll" type="float">0</roll>
                      <tip_x sid="tip_x" type="float">0</tip_x>
                      <tip_y sid="tip_y" type="float">0</tip_y>
                      <tip_z sid="tip_z" type="float">0.1000001</tip_z>
                    </technique>
                  </extra>
                </node>
                <node id="machairophoros_sele2_Skin_cloaktop" name="cloaktop" sid="cloaktop" type="JOINT">
                  <matrix sid="transform">1 -4.42306e-15 6.60961e-9 0.009935169 9.8491e-16 0.9999999 -1.49012e-7 0.3512919 -6.60961e-9 1.49012e-7 1 -0.1981267 0 0 0 1</matrix>
                  <node id="machairophoros_sele2_Skin_cloak" name="cloak" sid="cloak" type="JOINT">
                    <matrix sid="transform">1 -5.80357e-15 1.47715e-10 0.004538156 0 1 1.49011e-7 -0.859081 -1.47715e-10 -1.48763e-7 1 -0.2356979 0 0 0 1</matrix>
                    <node id="machairophoros_sele2_Skin_cloakbottom" name="cloakbottom" sid="cloakbottom" type="JOINT">
                      <matrix sid="transform">1 -5.81241e-15 0 -0.02733967 0 1 0 -0.8312191 0 2.48605e-10 1 -0.1177092 0 0 0 1</matrix>
                      <extra>
                        <technique profile="blender">
                          <layer sid="layer" type="string">0</layer>
                          <roll sid="roll" type="float">0</roll>
                          <tip_x sid="tip_x" type="float">0</tip_x>
                          <tip_y sid="tip_y" type="float">0</tip_y>
                          <tip_z sid="tip_z" type="float">0.1</tip_z>
                        </technique>
                      </extra>
                    </node>
                    <extra>
                      <technique profile="blender">
                        <layer sid="layer" type="string">0</layer>
                        <roll sid="roll" type="float">0</roll>
                        <tip_x sid="tip_x" type="float">0</tip_x>
                        <tip_y sid="tip_y" type="float">0</tip_y>
                        <tip_z sid="tip_z" type="float">0.1000001</tip_z>
                      </technique>
                    </extra>
                  </node>
                  <extra>
                    <technique profile="blender">
                      <layer sid="layer" type="string">0</layer>
                      <roll sid="roll" type="float">0</roll>
                      <tip_x sid="tip_x" type="float">0</tip_x>
                      <tip_y sid="tip_y" type="float">0</tip_y>
                      <tip_z sid="tip_z" type="float">0.0999999</tip_z>
                    </technique>
                  </extra>
                </node>
                <extra>
                  <technique profile="blender">
                    <layer sid="layer" type="string">0</layer>
                    <roll sid="roll" type="float">0</roll>
                    <tip_x sid="tip_x" type="float">0</tip_x>
                    <tip_y sid="tip_y" type="float">0</tip_y>
                    <tip_z sid="tip_z" type="float">0.0999999</tip_z>
                  </technique>
                </extra>
              </node>
              <extra>
                <technique profile="blender">
                  <layer sid="layer" type="string">0</layer>
                  <roll sid="roll" type="float">0</roll>
                  <tip_x sid="tip_x" type="float">0</tip_x>
                  <tip_y sid="tip_y" type="float">0</tip_y>
                  <tip_z sid="tip_z" type="float">0.0999999</tip_z>
                </technique>
              </extra>
            </node>
            <extra>
              <technique profile="blender">
                <layer sid="layer" type="string">0</layer>
                <roll sid="roll" type="float">0</roll>
                <tip_x sid="tip_x" type="float">0</tip_x>
                <tip_y sid="tip_y" type="float">0</tip_y>
                <tip_z sid="tip_z" type="float">0.1000001</tip_z>
              </technique>
            </extra>
          </node>
          <extra>
            <technique profile="blender">
              <layer sid="layer" type="string">0</layer>
              <roll sid="roll" type="float">0</roll>
              <tip_x sid="tip_x" type="float">0</tip_x>
              <tip_y sid="tip_y" type="float">0</tip_y>
              <tip_z sid="tip_z" type="float">0.1000001</tip_z>
            </technique>
          </extra>
        </node>
      </node>
      <node id="bow_001" name="bow_001" type="NODE">
        <translate sid="location">0 0 0</translate>
        <rotate sid="rotationZ">0 0 1 0</rotate>
        <rotate sid="rotationY">0 1 0 0</rotate>
        <rotate sid="rotationX">1 0 0 0</rotate>
        <scale sid="scale">1 1 1</scale>
        <instance_controller url="#machairophoros_sele2_Skin_bow_001-skin">
          <skeleton>#machairophoros_sele2_Skin_root</skeleton>
          <bind_material>
            <technique_common>
              <instance_material symbol="Lukhata_001-material" target="#Lukhata_001-material"/>
              <instance_material symbol="Material__2_001-material" target="#Material__2_001-material"/>
            </technique_common>
          </bind_material>
        </instance_controller>
      </node>
      <node id="LAMP_FRONT_PEACH" name="LAMP_FRONT_PEACH" type="NODE">
        <matrix sid="transform">3.591979 0.1901838 0.1047818 0.07793808 -0.1418689 3.370134 -1.253606 -21.84175 -0.1643847 1.24719 3.371491 55.79722 0 0 0 1</matrix>
        <instance_light url="#LAMP_FRONT_PEACH-light"/>
      </node>
      <node id="Lamp_WEST" name="Lamp_WEST" type="NODE">
        <matrix sid="transform">-0.4530514 2.722482 -2.309176 -28.80603 -3.546739 -0.6080006 -0.02096676 3.436447 -0.4060158 2.273298 2.759841 33.30629 0 0 0 1</matrix>
        <instance_light url="#Lamp_WEST-light"/>
      </node>
      <node id="Camera" name="Camera" type="NODE">
        <matrix sid="transform">0.6859207 -0.3240135 0.6515582 7.481132 0.7276763 0.3054208 -0.6141704 -6.50764 0 0.8953956 0.4452714 5.343665 0 0 0 1</matrix>
        <instance_camera url="#Camera-camera"/>
      </node>
      <node id="Lamp" name="Lamp" type="NODE">
        <matrix sid="transform">-0.2908646 -0.7711008 0.5663932 4.076245 0.9551712 -0.1998834 0.2183912 1.005454 -0.05518906 0.6045247 0.7946723 5.903862 0 0 0 1</matrix>
        <instance_light url="#Lamp-light"/>
      </node>
    </visual_scene>
  </library_visual_scenes>
  <scene>
    <instance_visual_scene url="#Scene"/>
  </scene>
</COLLADA>