<?xml version="1.0" encoding="utf-8"?>
<COLLADA xmlns="http://www.collada.org/2005/11/COLLADASchema" version="1.4.1" xmlns:xsi="http://www.w3.org/2001/XMLSchema-instance">
  <asset>
    <contributor>
      <author>Blender User</author>
      <authoring_tool>Blender 2.79.0 commit date:2017-09-11, commit time:10:43, hash:5bd8ac9</authoring_tool>
    </contributor>
    <created>2018-11-19T12:12:57</created>
    <modified>2018-11-19T12:12:57</modified>
    <unit name="meter" meter="1"/>
    <up_axis>Z_UP</up_axis>
  </asset>
  <library_cameras>
    <camera id="Camera-camera" name="Camera">
      <optics>
        <technique_common>
          <perspective>
            <xfov sid="xfov">49.13434</xfov>
            <aspect_ratio>1.777778</aspect_ratio>
            <znear sid="znear">0.1</znear>
            <zfar sid="zfar">100</zfar>
          </perspective>
        </technique_common>
      </optics>
      <extra>
        <technique profile="blender">
          <shiftx sid="shiftx" type="float">0</shiftx>
          <shifty sid="shifty" type="float">0</shifty>
          <YF_dofdist sid="YF_dofdist" type="float">0</YF_dofdist>
        </technique>
      </extra>
    </camera>
  </library_cameras>
  <library_lights>
    <light id="LAMP_FRONT_PEACH-light" name="Lamp.002">
      <technique_common>
        <ambient>
          <color>1 1 1</color>
        </ambient>
      </technique_common>
      <extra>
        <technique profile="blender">
          <type sid="type" type="int">3</type>
          <flag sid="flag" type="int">0</flag>
          <mode sid="mode" type="int">8192</mode>
          <gamma sid="blender_gamma" type="float">1</gamma>
          <red sid="red" type="float">1</red>
          <green sid="green" type="float">1</green>
          <blue sid="blue" type="float">1</blue>
          <shadow_r sid="blender_shadow_r" type="float">0</shadow_r>
          <shadow_g sid="blender_shadow_g" type="float">0</shadow_g>
          <shadow_b sid="blender_shadow_b" type="float">0</shadow_b>
          <energy sid="blender_energy" type="float">1</energy>
          <dist sid="blender_dist" type="float">29.99998</dist>
          <spotsize sid="spotsize" type="float">75</spotsize>
          <spotblend sid="spotblend" type="float">0.15</spotblend>
          <halo_intensity sid="blnder_halo_intensity" type="float">1</halo_intensity>
          <att1 sid="att1" type="float">0</att1>
          <att2 sid="att2" type="float">1</att2>
          <falloff_type sid="falloff_type" type="int">2</falloff_type>
          <clipsta sid="clipsta" type="float">1.000799</clipsta>
          <clipend sid="clipend" type="float">30.002</clipend>
          <bias sid="bias" type="float">1</bias>
          <soft sid="soft" type="float">3</soft>
          <compressthresh sid="compressthresh" type="float">0.04999995</compressthresh>
          <bufsize sid="bufsize" type="int">2880</bufsize>
          <samp sid="samp" type="int">3</samp>
          <buffers sid="buffers" type="int">1</buffers>
          <filtertype sid="filtertype" type="int">0</filtertype>
          <bufflag sid="bufflag" type="int">0</bufflag>
          <buftype sid="buftype" type="int">2</buftype>
          <ray_samp sid="ray_samp" type="int">1</ray_samp>
          <ray_sampy sid="ray_sampy" type="int">1</ray_sampy>
          <ray_sampz sid="ray_sampz" type="int">1</ray_sampz>
          <ray_samp_type sid="ray_samp_type" type="int">0</ray_samp_type>
          <area_shape sid="area_shape" type="int">0</area_shape>
          <area_size sid="area_size" type="float">10000</area_size>
          <area_sizey sid="area_sizey" type="float">100</area_sizey>
          <area_sizez sid="area_sizez" type="float">1</area_sizez>
          <adapt_thresh sid="adapt_thresh" type="float">0.000999987</adapt_thresh>
          <ray_samp_method sid="ray_samp_method" type="int">1</ray_samp_method>
          <shadhalostep sid="shadhalostep" type="int">0</shadhalostep>
          <sun_effect_type sid="sun_effect_type" type="int">0</sun_effect_type>
          <skyblendtype sid="skyblendtype" type="int">1</skyblendtype>
          <horizon_brightness sid="horizon_brightness" type="float">1</horizon_brightness>
          <spread sid="spread" type="float">1</spread>
          <sun_brightness sid="sun_brightness" type="float">1</sun_brightness>
          <sun_size sid="sun_size" type="float">1</sun_size>
          <backscattered_light sid="backscattered_light" type="float">1</backscattered_light>
          <sun_intensity sid="sun_intensity" type="float">1</sun_intensity>
          <atm_turbidity sid="atm_turbidity" type="float">2</atm_turbidity>
          <atm_extinction_factor sid="atm_extinction_factor" type="float">1</atm_extinction_factor>
          <atm_distance_factor sid="atm_distance_factor" type="float">1</atm_distance_factor>
          <skyblendfac sid="skyblendfac" type="float">1</skyblendfac>
          <sky_exposure sid="sky_exposure" type="float">1</sky_exposure>
          <sky_colorspace sid="sky_colorspace" type="int">0</sky_colorspace>
        </technique>
      </extra>
    </light>
    <light id="Lamp_WEST-light" name="Lamp.003">
      <technique_common>
        <directional>
          <color sid="color">1 1 1</color>
        </directional>
      </technique_common>
      <extra>
        <technique profile="blender">
          <type sid="type" type="int">1</type>
          <flag sid="flag" type="int">0</flag>
          <mode sid="mode" type="int">8192</mode>
          <gamma sid="blender_gamma" type="float">1</gamma>
          <red sid="red" type="float">1</red>
          <green sid="green" type="float">1</green>
          <blue sid="blue" type="float">1</blue>
          <shadow_r sid="blender_shadow_r" type="float">0</shadow_r>
          <shadow_g sid="blender_shadow_g" type="float">0</shadow_g>
          <shadow_b sid="blender_shadow_b" type="float">0</shadow_b>
          <energy sid="blender_energy" type="float">1</energy>
          <dist sid="blender_dist" type="float">29.99998</dist>
          <spotsize sid="spotsize" type="float">75</spotsize>
          <spotblend sid="spotblend" type="float">0.15</spotblend>
          <halo_intensity sid="blnder_halo_intensity" type="float">1</halo_intensity>
          <att1 sid="att1" type="float">0</att1>
          <att2 sid="att2" type="float">1</att2>
          <falloff_type sid="falloff_type" type="int">2</falloff_type>
          <clipsta sid="clipsta" type="float">1.000799</clipsta>
          <clipend sid="clipend" type="float">30.002</clipend>
          <bias sid="bias" type="float">1</bias>
          <soft sid="soft" type="float">3</soft>
          <compressthresh sid="compressthresh" type="float">0.04999995</compressthresh>
          <bufsize sid="bufsize" type="int">2880</bufsize>
          <samp sid="samp" type="int">3</samp>
          <buffers sid="buffers" type="int">1</buffers>
          <filtertype sid="filtertype" type="int">0</filtertype>
          <bufflag sid="bufflag" type="int">0</bufflag>
          <buftype sid="buftype" type="int">2</buftype>
          <ray_samp sid="ray_samp" type="int">1</ray_samp>
          <ray_sampy sid="ray_sampy" type="int">1</ray_sampy>
          <ray_sampz sid="ray_sampz" type="int">1</ray_sampz>
          <ray_samp_type sid="ray_samp_type" type="int">0</ray_samp_type>
          <area_shape sid="area_shape" type="int">1</area_shape>
          <area_size sid="area_size" type="float">0.1</area_size>
          <area_sizey sid="area_sizey" type="float">0.1</area_sizey>
          <area_sizez sid="area_sizez" type="float">1</area_sizez>
          <adapt_thresh sid="adapt_thresh" type="float">0.000999987</adapt_thresh>
          <ray_samp_method sid="ray_samp_method" type="int">1</ray_samp_method>
          <shadhalostep sid="shadhalostep" type="int">0</shadhalostep>
          <sun_effect_type sid="sun_effect_type" type="int">0</sun_effect_type>
          <skyblendtype sid="skyblendtype" type="int">1</skyblendtype>
          <horizon_brightness sid="horizon_brightness" type="float">1</horizon_brightness>
          <spread sid="spread" type="float">1</spread>
          <sun_brightness sid="sun_brightness" type="float">1</sun_brightness>
          <sun_size sid="sun_size" type="float">1</sun_size>
          <backscattered_light sid="backscattered_light" type="float">1</backscattered_light>
          <sun_intensity sid="sun_intensity" type="float">1</sun_intensity>
          <atm_turbidity sid="atm_turbidity" type="float">2</atm_turbidity>
          <atm_extinction_factor sid="atm_extinction_factor" type="float">1</atm_extinction_factor>
          <atm_distance_factor sid="atm_distance_factor" type="float">1</atm_distance_factor>
          <skyblendfac sid="skyblendfac" type="float">1</skyblendfac>
          <sky_exposure sid="sky_exposure" type="float">1</sky_exposure>
          <sky_colorspace sid="sky_colorspace" type="int">0</sky_colorspace>
        </technique>
      </extra>
    </light>
    <light id="Lamp-light" name="Lamp">
      <technique_common>
        <point>
          <color sid="color">1 1 1</color>
          <constant_attenuation>1</constant_attenuation>
          <linear_attenuation>0</linear_attenuation>
          <quadratic_attenuation>0.00111109</quadratic_attenuation>
        </point>
      </technique_common>
      <extra>
        <technique profile="blender">
          <type sid="type" type="int">0</type>
          <flag sid="flag" type="int">0</flag>
          <mode sid="mode" type="int">8192</mode>
          <gamma sid="blender_gamma" type="float">1</gamma>
          <red sid="red" type="float">1</red>
          <green sid="green" type="float">1</green>
          <blue sid="blue" type="float">1</blue>
          <shadow_r sid="blender_shadow_r" type="float">0</shadow_r>
          <shadow_g sid="blender_shadow_g" type="float">0</shadow_g>
          <shadow_b sid="blender_shadow_b" type="float">0</shadow_b>
          <energy sid="blender_energy" type="float">1</energy>
          <dist sid="blender_dist" type="float">29.99998</dist>
          <spotsize sid="spotsize" type="float">75</spotsize>
          <spotblend sid="spotblend" type="float">0.15</spotblend>
          <halo_intensity sid="blnder_halo_intensity" type="float">1</halo_intensity>
          <att1 sid="att1" type="float">0</att1>
          <att2 sid="att2" type="float">1</att2>
          <falloff_type sid="falloff_type" type="int">2</falloff_type>
          <clipsta sid="clipsta" type="float">1.000799</clipsta>
          <clipend sid="clipend" type="float">30.002</clipend>
          <bias sid="bias" type="float">1</bias>
          <soft sid="soft" type="float">3</soft>
          <compressthresh sid="compressthresh" type="float">0.04999995</compressthresh>
          <bufsize sid="bufsize" type="int">2880</bufsize>
          <samp sid="samp" type="int">3</samp>
          <buffers sid="buffers" type="int">1</buffers>
          <filtertype sid="filtertype" type="int">0</filtertype>
          <bufflag sid="bufflag" type="int">0</bufflag>
          <buftype sid="buftype" type="int">2</buftype>
          <ray_samp sid="ray_samp" type="int">1</ray_samp>
          <ray_sampy sid="ray_sampy" type="int">1</ray_sampy>
          <ray_sampz sid="ray_sampz" type="int">1</ray_sampz>
          <ray_samp_type sid="ray_samp_type" type="int">0</ray_samp_type>
          <area_shape sid="area_shape" type="int">1</area_shape>
          <area_size sid="area_size" type="float">0.1</area_size>
          <area_sizey sid="area_sizey" type="float">0.1</area_sizey>
          <area_sizez sid="area_sizez" type="float">1</area_sizez>
          <adapt_thresh sid="adapt_thresh" type="float">0.000999987</adapt_thresh>
          <ray_samp_method sid="ray_samp_method" type="int">1</ray_samp_method>
          <shadhalostep sid="shadhalostep" type="int">0</shadhalostep>
          <sun_effect_type sid="sun_effect_type" type="int">0</sun_effect_type>
          <skyblendtype sid="skyblendtype" type="int">1</skyblendtype>
          <horizon_brightness sid="horizon_brightness" type="float">1</horizon_brightness>
          <spread sid="spread" type="float">1</spread>
          <sun_brightness sid="sun_brightness" type="float">1</sun_brightness>
          <sun_size sid="sun_size" type="float">1</sun_size>
          <backscattered_light sid="backscattered_light" type="float">1</backscattered_light>
          <sun_intensity sid="sun_intensity" type="float">1</sun_intensity>
          <atm_turbidity sid="atm_turbidity" type="float">2</atm_turbidity>
          <atm_extinction_factor sid="atm_extinction_factor" type="float">1</atm_extinction_factor>
          <atm_distance_factor sid="atm_distance_factor" type="float">1</atm_distance_factor>
          <skyblendfac sid="skyblendfac" type="float">1</skyblendfac>
          <sky_exposure sid="sky_exposure" type="float">1</sky_exposure>
          <sky_colorspace sid="sky_colorspace" type="int">0</sky_colorspace>
        </technique>
      </extra>
    </light>
  </library_lights>
  <library_images/>
  <library_effects>
    <effect id="Lukhata_000-effect">
      <profile_COMMON>
        <technique sid="common">
          <phong>
            <emission>
              <color sid="emission">0 0 0 1</color>
            </emission>
            <ambient>
              <color sid="ambient">0 0 0 1</color>
            </ambient>
            <diffuse>
              <color sid="diffuse">0.64 0.64 0.64 1</color>
            </diffuse>
            <specular>
              <color sid="specular">0.5 0.5 0.5 1</color>
            </specular>
            <shininess>
              <float sid="shininess">50</float>
            </shininess>
            <index_of_refraction>
              <float sid="index_of_refraction">1</float>
            </index_of_refraction>
          </phong>
        </technique>
      </profile_COMMON>
    </effect>
  </library_effects>
  <library_materials>
    <material id="Lukhata_000-material" name="Lukhata_000">
      <instance_effect url="#Lukhata_000-effect"/>
    </material>
  </library_materials>
  <library_geometries>
    <geometry id="stormenn-fre-mesh" name="stormenn-fre">
      <mesh>
        <source id="stormenn-fre-mesh-positions">
          <float_array id="stormenn-fre-mesh-positions-array" count="759">-2.044331 -1.255527 2.958512 -2.108192 -1.249986 2.94297 -1.944338 -1.241233 3.000138 -1.937692 -1.241202 2.974502 -2.118837 -1.191178 2.939838 -1.824182 -1.227452 3.030689 -1.81755 -1.227599 3.005046 -2.10096 -1.145668 2.944849 -1.739776 -1.244233 3.063081 -1.729138 -1.24431 3.021901 -2.07581 -1.07334 2.951916 -1.748505 -1.116424 3.060437 -1.737866 -1.116508 3.019258 -1.998354 -1.044708 2.97267 -1.871555 -1.083924 3.019332 -1.864597 -1.083937 2.993776 -2.053436 -1.228314 2.962179 -2.050242 -1.22832 2.950392 -2.046323 -1.175398 2.961704 -2.044326 -1.175404 2.954335 -2.038431 -1.140856 2.963708 -2.036534 -1.14086 2.956719 -2.017288 -1.080488 2.969564 -2.01547 -1.080525 2.962769 -1.683837 -1.27556 3.101253 -1.660738 -1.275163 3.00924 -1.759757 -1.275705 3.029811 -1.687357 -1.193002 3.102884 -1.664258 -1.192605 3.01087 -1.763277 -1.193147 3.031441 -1.690764 -0.942277 3.104792 -1.667664 -0.9418803 3.012778 -1.75844 -0.935052 3.035404 -1.688342 0.2603983 3.107868 -1.665243 0.2607951 3.015855 -1.764262 0.2602534 3.036426 -0.01137411 -0.01703238 3.942336 0.1102637 0.08030879 3.682925 -0.00804913 0.1382243 3.82488 -0.009716331 -0.1187233 3.957891 -0.008204877 0.2183002 3.610868 -0.09277361 0.1789985 3.638037 -0.1631512 -0.05240082 3.701069 0.09696918 0.1759663 3.639885 0.1414147 -0.0193659 3.698608 -0.1292819 0.1209852 3.679452 -0.008048176 0.1704748 3.654875 0.1285825 0.1077649 3.693137 -0.173562 -0.04525184 3.917745 -0.1783215 -0.08047533 3.941284 -0.1450387 -0.2280421 3.78461 0.002715647 -0.2307139 3.788197 0.1428648 -0.03865164 3.915787 0.1506721 -0.2219751 3.807461 -0.1395815 0.127066 3.797326 -0.008048832 0.1733765 3.765115 0.1251748 0.1170862 3.817449 0.1380342 -0.143083 3.704369 0.09019458 -0.264818 3.74984 -0.004231929 -0.2957011 3.767544 -0.09784096 -0.266919 3.748108 -0.1558967 -0.1853044 3.709979 -0.010679 -0.07947474 3.946537 0.2118341 -0.0273683 3.324009 -0.2400349 -0.04577165 3.737924 -0.2135403 -0.02737081 3.323997 0.1817271 -0.2542791 3.733651 0.07420039 -0.1747812 3.321094 -0.1835893 -0.2542808 3.73364 -0.07596349 -0.1747688 3.321089 0.001158833 -0.2904483 3.733647 -0.002083182 -0.2494632 3.354093 0.1402943 -0.2328717 3.541068 0.001676738 -0.321893 3.496819 -0.141129 -0.232344 3.537453 -0.03119397 -0.3218481 3.496513 0.04086035 -0.3219461 3.497184 0.001724839 -0.3551791 3.49678 0.1388829 -0.2366 3.614614 0.01538258 -0.263796 3.633911 -0.005958795 -0.2635608 3.630199 -0.1386483 -0.2355648 3.605765 0.2383223 -0.04576408 3.737938 -8.40707e-4 0.1632594 3.328872 -8.41604e-4 0.20535 3.738924 0.2103419 0.07728999 3.637381 0.007849931 0.2163286 3.581126 -0.1366984 0.1766182 3.602123 -0.2569906 -0.05557548 3.653175 0.1876183 0.1735584 3.60356 0.2635866 -0.0547831 3.652924 -0.2445912 -0.1884803 3.662059 0.2578086 -0.1784591 3.659298 0.01464128 -0.331961 3.709144 -0.1453594 -0.3028872 3.694111 0.321151 -0.04287785 3.802197 0.2534514 0.0849266 3.786937 0.224559 0.2239935 3.717714 -0.1878034 0.2276495 3.716236 -0.3407523 -0.04364448 3.802444 -0.3249868 -0.2072317 3.7808 -0.004012823 0.2751315 3.694724 0.3138045 -0.124377 3.805773 0.2098364 -0.3081173 3.813355 0.004622578 -0.3595347 3.828471 -0.1988154 -0.310563 3.812116 0.1264082 0.06984674 3.855893 0.1560828 -0.03748893 3.869797 -0.1271384 -0.1080283 3.874747 0.1528626 -0.09990382 3.872108 0.176038 -0.1545407 3.903695 0.01464009 -0.1486958 3.915013 -0.1453608 -0.1562417 3.902407 0.00784862 0.1120913 3.806057 -0.1366998 0.08001965 3.826549 -0.1340488 -0.03813081 3.87004 0.1876169 0.07754641 3.827946 0.1760391 -0.3008172 3.695373 -0.1874738 -0.3874692 0.06123656 -0.1800043 -0.3874692 -0.00692594 0.1830325 -0.3874693 -0.002811551 0.1920691 -0.3874693 0.06821024 0.3400045 -0.3520032 0.06821042 0.3914905 -0.3262227 -0.002791941 -0.3915318 -0.3262226 -0.006907999 -0.3414229 -0.3520032 0.06123638 0.4072237 -0.08793723 1.399081 0.3743781 0.2428812 0.006848514 0.08570969 -0.08825594 1.37926 0.1368584 0.2412616 0.006854236 -0.3871089 -0.08641719 1.394881 -0.07914251 -0.08675187 1.375088 -0.1339393 0.2522601 0.002764523 0.2525087 -0.01224303 0.1856068 0.2319262 -0.2425355 1.223469 -0.2284536 -0.2506414 1.223469 -0.3744874 0.2539934 0.002758383 -0.2510623 -0.01371759 0.1815163 0.4387058 -0.04985529 1.23276 -0.07981628 -0.05192619 1.232761 0.0841791 -0.05421793 1.232769 -0.4195123 -0.04495674 1.232761 -0.3543573 0.03717052 1.250156 -0.09839487 0.03673756 1.250266 0.103447 0.02715295 1.252673 0.3522942 0.0275222 1.252603 0.1477569 -0.2930748 0.005373775 0.1550478 -0.2930748 0.07639563 -0.3417107 -0.2576087 0.06942176 -0.3918197 -0.2318281 0.001277327 -0.1511796 -0.2930747 0.06942194 -0.1451529 -0.2930747 0.001259386 0.3397167 -0.2576087 0.0763958 0.3912028 -0.2318281 0.005393385 -0.3229749 0.05422472 1.457038 -0.1292576 0.0540142 1.444588 0.1448737 0.05251431 1.449187 0.3770452 0.0527445 1.4635 -0.5314966 0.2864304 1.710314 0.6530647 -0.124033 0.8522865 -0.3251973 -0.3921343 0.8509055 0.001017093 0.1281813 3.364292 -0.9767529 0.1715239 3.092627 -1.077083 -0.1106141 3.106137 0.9233635 0.1722081 3.121059 0.9962202 -0.002000987 3.004605 1.146807 0.2191771 3.093854 1.047468 -0.1106082 3.121164 -0.02243888 -0.3679625 2.886959 -0.469674 0.1183341 3.216026 0.206888 0.1431903 3.238317 0.4432091 0.1226122 3.213983 -0.1541718 0.3936968 1.661342 -0.2673977 0.374593 0.8229262 -0.4100582 -0.3160719 2.174331 0.4045215 -0.3160669 2.173471 -0.4142837 0.3267755 2.183236 0.5296666 0.2864364 1.710387 0.2180587 -0.3729044 1.603776 0.336865 -0.3915721 0.8509956 -0.2206481 -0.3729053 1.603755 -0.6370642 0.2673246 0.8534737 0.2842943 0.3745992 0.8229995 0.1820019 0.3937029 1.663092 9.19628e-4 -0.1549522 3.34153 -1.165797 0.2191874 3.088782 -0.4065695 -0.1895675 2.888346 -0.469674 0.02788621 3.216026 0.3653439 0.2998414 2.904748 -0.5673214 -0.04727494 3.262395 -1.031262 -0.002000987 2.981962 -1.098242 -0.002001047 3.250645 -0.573493 0.1226564 3.287093 -0.3949369 0.3025182 2.897067 1.064138 -0.002001047 3.267225 0.5315818 -0.04742085 3.277127 0.3779656 -0.1960437 2.885514 0.5379743 0.1230348 3.301847 0.4087404 0.326781 2.182376 -0.2170963 0.1422637 3.240602 0.4432091 0.02788639 3.213983 0.5296661 -0.1051474 1.603806 -0.6377653 -0.1240383 0.8522133 -0.5314959 -0.1051524 1.603733 0.6537654 0.267333 0.8535462 -1.846833 -0.1246978 3.018049 1.66546 0.09795004 3.004709 1.681195 -0.1209571 3.04057 1.831081 0.05287319 3.046643 1.826488 -0.1231874 3.073527 1.821266 -0.1246849 3.018685 -1.733537 0.01647287 3.129872 -1.707159 -0.120969 3.038558 -1.856986 0.05288517 3.045946 -1.852155 -0.1231992 3.072787 -1.691738 0.09796035 3.002557 -1.840442 0.03428369 2.986422 1.708372 0.01647073 3.131636 1.814015 0.03427326 2.987266 -1.617256 -0.128812 3.023536 -1.645132 0.008629798 3.120859 1.620085 0.008627653 3.124146 1.591099 -0.1288002 3.026088 -1.604963 0.09011733 3.000083 1.578537 0.09010696 3.002493 -1.007756 0.1292759 3.146741 0.9772284 0.1292759 3.181457 1.955956 -0.03162628 3.139138 1.386554 -0.8055544 3.249541 1.902824 0.7396154 3.14944 1.386554 0.7533943 3.249541 1.414538 -0.02607989 3.393867 1.919146 0.7395864 3.187086 1.401555 0.7533943 3.32691 1.973173 -0.0316556 3.17661 1.401555 -0.8055549 3.32691 1.429539 -0.02607995 3.471236 0.8171524 -0.02053356 3.359943 0.8702849 0.7544352 3.349641 0.8151881 -0.02050447 3.401134 0.8692152 0.7544644 3.390659 1.691059 -0.8411102 3.1905 1.955956 -0.6468997 3.139138 1.809834 -0.7789149 3.176621 1.973173 -0.6469288 3.17661 1.705761 -0.8411403 3.232533 1.82533 -0.779532 3.216695 0.8171522 -0.6320799 3.359943 1.082078 -0.8278708 3.308576 0.9670878 -0.7644366 3.340133 1.084151 -0.8277978 3.353057 0.8151881 -0.6320508 3.401134 0.9676915 -0.7650064 3.383119</float_array>
          <technique_common>
            <accessor source="#stormenn-fre-mesh-positions-array" count="253" stride="3">
              <param name="X" type="float"/>
              <param name="Y" type="float"/>
              <param name="Z" type="float"/>
            </accessor>
          </technique_common>
        </source>
        <source id="stormenn-fre-mesh-normals">
          <float_array id="stormenn-fre-mesh-normals-array" count="1281">0.1283463 -0.99121 0.03209418 -0.3441765 -0.2375607 0.9083543 0.175993 -0.2462205 -0.9531012 -0.2600219 0.1537204 0.9532884 -0.3226844 0.05186593 0.9450846 0.1058743 -0.9940328 0.0262593 0.1055926 -0.9938611 0.0330215 0.2145445 0.04871791 -0.9754985 0.2362872 0.0863012 -0.9678432 -0.294055 0.01171892 0.9557167 -0.3932307 -0.3008772 0.8688167 -0.1781241 -0.9831777 -0.04041725 -0.178443 -0.9829539 -0.04427093 0.2219582 0.01719433 -0.9749047 0.1594613 -0.141751 -0.9769744 -0.3163321 -0.001987218 0.9486466 -0.3178957 0.01937949 0.9479277 0.9658005 0.0711084 0.2493451 0.9657903 0.07112002 0.2493815 0.2027342 0.02737414 -0.9788512 0.2054333 -0.006207346 -0.9786515 -0.3236567 -0.02925342 0.9457223 -0.3200865 0.08749985 0.9433391 0.2372747 0.9696293 0.05932855 0.234963 0.9699277 0.06350439 0.2020642 0.1700602 -0.9644945 0.2016755 0.01853895 -0.979277 0.2700499 0.9600703 0.07306408 -0.2483801 -0.2105152 0.9455109 0.2102087 -0.2373873 -0.9483985 -0.349984 0.05545181 0.935113 -0.2884445 -0.001230418 0.9574959 0.1798686 0.05309772 -0.9822565 0.1372373 -0.02788013 -0.9901458 -0.2908583 0.01093256 0.9567038 -0.2893234 0.008268952 0.9571957 0.1791463 0.02744096 -0.9834397 0.1834877 0.03608012 -0.9823597 -0.2893389 0.008482873 0.9571892 -0.2879864 0.00657314 0.957612 0.180987 0.03536844 -0.9828493 0.17864 0.0339635 -0.9833282 -0.2807613 0.06546235 0.9575427 0.1943503 0.1739901 -0.9653785 0.96922 0.03652024 0.2434727 0.96922 0.03651595 0.2434735 -0.2034493 0.01066076 -0.9790275 -0.203449 0.01066362 -0.9790275 -0.6846141 -0.04356509 0.7276027 -0.6846129 -0.04356145 0.727604 0.9698305 0.01132303 0.2435176 0.9698301 0.01132291 0.2435188 -0.2415521 0.004102945 -0.9703792 -0.2034706 0.01884293 -0.9788998 -0.7157356 0.002690255 0.6983662 -0.6852198 -0.01485067 0.7281849 0.9699038 -0.002575397 0.2434747 0.969903 -0.002575337 0.2434785 -0.203414 0.002914309 -0.9790885 -0.2418773 -3.48426e-4 -0.9703068 -0.6852903 -0.00396043 0.7282593 -0.7158977 -3.44224e-4 0.6982052 0.004826486 -0.9999836 -0.003099322 -0.004826426 0.9999836 0.003100216 -0.8120439 -0.3295627 -0.4816359 -0.8023908 0.08305948 -0.5909908 -0.979187 0.1794515 -0.09481573 -0.9860849 0.1577075 -0.05258309 -0.9972831 -0.05752074 -0.04601991 -0.9912875 0.05351358 -0.120356 -0.9731453 -0.2299798 0.009882807 -0.0120064 0.5859798 0.8102368 -0.1260916 0.6714971 0.7302005 0.06943708 0.6756144 0.7339781 0.07644808 0.6353949 0.7683938 0.8951767 0.07141917 -0.4399522 0.9946669 0.1012461 0.0196743 0.9933477 0.1150983 0.003588378 -0.3907924 0.9168686 -0.08144527 -0.3373922 0.9410382 -0.02477145 0.4225263 0.9060369 -0.02384579 0.4075424 0.9113951 -0.05716735 -0.2205055 0.5914741 0.7755873 -0.2133617 0.5875442 0.7805566 -0.2187551 0.562435 0.7973788 -0.2292919 -0.7323945 0.6411112 -0.03174519 0.2770206 0.9603395 -0.02843254 -0.8352451 0.5491424 0.1386348 0.5956094 0.7912205 0.2156965 0.5387362 0.8143945 0.1168343 0.2786194 0.9532686 0.4463217 -0.4410776 0.7786191 -0.02222406 -0.8351679 0.5495461 -0.1765088 0.8484236 0.4990214 0.1628394 0.8504516 0.5002155 0.9995735 -0.02773803 -0.009137153 0.9949808 0.07881003 -0.06166243 0.7605451 -0.4672681 -0.4508122 0.2741103 -0.3177645 0.9076835 -0.03429609 -0.7844442 0.6192505 -0.3460145 -0.8302869 0.4369184 -0.02856957 -0.2999721 0.9535201 -0.7256025 -0.6373445 -0.2594092 0.1784932 0.06804025 0.9815859 -0.03164374 0.06675606 0.9972674 0.9022223 -0.2374779 -0.359999 0.8884493 -0.4589327 -0.006215155 0.9347997 -0.1519942 -0.3210096 0.7295297 -0.6796138 -0.07688748 -0.7296336 -0.6794998 -0.07690906 -0.9349198 -0.1501333 -0.3215355 -0.8792436 -0.4762784 0.009472548 -0.9049757 -0.237738 -0.3528451 0.7050754 -0.6041079 -0.3713791 0.6673018 0.7447255 -0.00960505 -0.6672639 0.7447595 -0.009602427 -0.5809021 -0.7319306 -0.3561326 0.004938662 -0.7656706 -0.643214 0.2080425 -0.9770592 -0.04553854 0.4978042 -0.7608234 0.4163398 -0.6997198 -0.6895705 0.1867746 0.9793475 -0.1688173 -0.1112616 -0.4706223 -0.772803 0.425782 -0.1994215 -0.9791405 -0.03892332 0.96553 -0.2504892 0.07076078 0.5888755 -0.6984052 0.4067627 0.1919707 -0.9583557 -0.2114276 0.1747066 -0.9571716 -0.2308685 -0.1879678 -0.9602012 -0.2065958 -0.1583207 -0.958234 -0.2381646 0.003003895 -0.8917094 -0.4525987 0.4811191 -0.7153512 -0.5067514 -0.6653972 -0.646882 -0.3725455 0.7221804 0.6880895 -0.07062858 -0.7221457 0.6881251 -0.07063537 0.878093 0.3112277 -0.363442 0.8636869 0.4251866 -0.2706682 0.9514921 0.1259787 -0.2806999 0.9460052 0.0361973 -0.3221243 -0.8087891 0.3089874 -0.5003868 -0.8190054 0.3078782 -0.4841915 -0.8276377 -0.005507647 -0.5612357 -0.870307 -0.1132369 -0.4793154 -0.2967063 0.8350816 -0.4632539 -0.2713181 0.8274983 -0.491562 0.2594428 0.8495476 -0.4593021 0.2381148 0.8724589 -0.4267516 0.9396523 -0.06124746 -0.3366044 0.9310473 -0.09933418 -0.351118 0.7671101 -0.5881621 -0.2561399 0.8583266 -0.491724 -0.1465715 0.2323389 -0.9644091 -0.1262295 0.1681209 -0.9634602 -0.2085185 -0.1645005 -0.9766691 -0.1380481 -0.2093434 -0.9487348 -0.236807 -0.5823611 -0.6440745 -0.4960078 -0.5577126 -0.7727886 -0.3029101 0.3758081 0.2204892 0.9000849 0.4212428 0.3242692 0.8469972 -0.1093704 -0.9097664 -0.4004539 -0.2653867 -0.9614445 -0.0720728 -0.358617 -0.1563236 0.9203026 0.3829 0.0144416 0.9236769 0.3791527 0.006426274 0.9253118 0.9386667 0.3031942 -0.1642503 0.3547318 -0.162732 0.9206974 0.1811237 -0.4687179 0.8645795 0.05092239 -0.3812991 0.9230481 -0.04522317 -0.4927666 0.8689857 -0.1622067 -0.368088 0.9155327 -0.5674608 0.560509 0.6031732 -0.466993 -0.3204433 0.8241564 0.4272153 0.4724792 0.7708766 0.1607223 -0.9836726 0.0809735 -0.7424038 0.2166957 0.6339398 -0.2903875 0.4346113 0.8525187 -0.3114497 0.03316617 0.9496837 -0.00792402 0.5635106 0.8260709 -0.05644035 0.5850111 0.8090591 0.01748228 0.5984761 0.8009499 0.04369711 0.565549 0.8235564 0.9949321 0.1005239 0.002283573 0.9921213 0.1239956 0.01789867 0.01959073 0.07919245 -0.9966669 0.02494347 0.08643907 -0.9959449 -0.8139212 -0.05265438 0.5785843 -0.8139218 -0.05265271 0.5785837 0.9278339 -0.3638608 0.08203476 0.9303107 -0.3523196 0.1019466 -0.9297091 -0.355713 0.09544241 -0.9210496 -0.3713946 0.117191 0.0154342 -0.08037048 0.9966456 0.02069032 -0.08630937 0.9960535 -0.01608896 -0.08642786 0.9961283 -0.01829153 -0.07939344 0.9966756 -0.2199822 -0.9548873 -0.1994946 -0.2779942 -0.9600996 -0.03046351 0.2790293 -0.9496536 -0.1424811 0.2330317 -0.9720171 -0.02965033 0.86026 -0.4848358 -0.1577568 0.7949773 -0.5875827 -0.1508569 -0.7829457 -0.6077015 -0.1330221 -0.866689 -0.4830936 -0.124382 -0.7783825 -0.6018742 -0.1785166 -0.7330183 -0.6796607 -0.02730506 0.04503262 -0.7002038 0.7125214 0.9526003 0.2765845 0.1267043 0.9795072 0.1966599 0.04348313 -0.7288684 -0.6708624 -0.1367284 -0.8551847 -0.4956083 -0.1517613 0.7952946 -0.5879718 -0.1476338 0.6778908 -0.7204352 -0.1464145 0.8386774 -0.5181543 -0.1677387 -0.9661843 0.1847939 0.1798309 -0.933364 0.3473455 0.09045904 0.00709474 0.9852218 0.1711368 0.001593768 0.9854088 0.1701971 -0.006716489 0.9855589 0.1691997 -0.001413464 0.9853872 0.1703231 0.07366281 -0.383561 0.9205731 -0.8004938 0.02673327 0.5987445 -0.804089 0.02587783 0.5939455 6.09441e-4 0.002747416 -0.9999961 4.7421e-5 0.00304681 -0.9999954 -0.07331591 -0.3938629 0.9162406 0.8016322 0.04749864 0.5959276 0.9959003 -0.02072143 0.08805298 0.8054258 0.02265095 0.5922637 0.8077239 0.02682197 0.5889506 -0.9945615 -0.02056819 0.1020999 -0.8050732 0.04952377 0.5911046 0.6821451 -0.7302247 -0.03807705 -0.7899472 0.6018391 0.1173596 0.9790062 0.2036997 0.007297456 -0.9737163 0.2273951 0.01296663 0.6780709 0.7221422 0.1368603 0.8167473 -0.04737424 0.5750476 0.8167477 -0.04737555 0.5750467 -6.1333e-4 0.002758085 -0.999996 -4.49936e-5 0.003063619 -0.9999954 -0.02163249 0.08630484 -0.996034 -0.02279657 0.07790923 -0.9966998 0.9519782 0.2701689 -0.1440355 0.6750162 0.6810723 0.2837143 -0.7886161 0.6109726 0.06926178 -0.9167065 0.302823 0.2606678 0.001722753 0.9960936 -0.08828651 -0.004156589 0.9966624 -0.08152896 -0.001507043 0.9929441 -0.1185746 0.006996572 0.9915623 -0.1294428 -6.849e-4 0.9917597 0.1281105 1.2628e-4 0.9918709 0.1272482 0.645644 -0.7513655 -0.1363587 -0.6462191 -0.7502396 -0.1397916 -2.62306e-6 -0.995076 0.09911555 1.10834e-4 -0.9950637 0.09923946 0.9792735 -0.05319386 0.1954327 0.9684633 -0.009804666 0.2489638 -0.9703921 -0.009721815 0.2413392 -0.9805043 -0.05160683 0.1895997 -0.2750809 0.9613216 -0.01383221 0.2955527 0.955308 -0.005935311 0.6406225 -0.7577398 0.1242313 0.6469465 -0.7529103 0.1207742 -0.646894 -0.7547336 0.1091121 -0.6486302 -0.7530186 0.1106438 -8.15133e-6 0.9997406 -0.02277845 1.00033e-4 0.9997419 -0.022722 0.9896643 -0.002233684 0.1433859 0.9856361 -0.0443542 0.1629548 -0.9901534 0.001323163 0.1399804 -0.9918488 -0.03346538 0.1229477 -0.2776827 0.9605877 0.01279288 -0.2716439 0.9622848 0.01475864 0.2778764 0.960542 0.01199227 0.2921469 0.956143 0.02099519 -0.1286081 0.8715479 0.4731432 -0.4248421 -0.7898413 0.4423348 -0.2846477 -0.07672244 0.9555571 0.1433734 0.4997398 -0.8542273 0.04795265 0.599371 0.7990338 0.4928329 -0.1075971 0.8634459 0.6649785 -0.5569181 0.4976404 0.5648606 0 0.8251865 0.3922576 0.7537924 0.5271918 -0.9999595 -0.006657063 0.006065249 -0.999344 0.02312982 0.02787089 0.999235 -0.007090866 0.03846192 0.9978836 0.02304053 0.06080716 3.13211e-4 0.9050983 0.4252022 -0.001086235 0.9060297 0.4232128 0.00317651 0.9994211 0.03387594 3.22868e-5 0.9993053 0.03726935 -0.3833444 -0.8286117 0.4079825 -0.4152562 -0.8954035 0.1606706 -7.04679e-5 -0.9973623 -0.07258546 -0.08150899 -0.8024193 0.5911681 0.006307184 -0.9337335 0.3579137 -0.301282 -0.6598605 -0.688341 -0.142033 0.02089667 -0.9896414 -0.3738811 0.5793468 -0.7242722 -0.0342465 -0.1449648 0.988844 0.1981454 0.6246659 0.755335 -0.2051947 0.4831557 -0.8511497 0.1009321 0.5901246 0.800978 -0.627952 -0.08858221 0.7731944 -0.7424206 -0.4756714 0.4717503 -0.6799021 0 0.733303 -0.4882484 0.6984517 0.5232387 0.07954192 -0.8042515 0.5889419 -0.006469011 -0.9340701 0.3570312 0.3306912 -0.6135416 -0.7170844 0.1760596 0.04262655 -0.9834562 0.4029043 0.6191031 -0.6740769 0.03072124 -0.1445832 0.9890156 0.4485367 -0.7774365 0.4409167 0.3053125 -0.07641291 0.9491815 0.124466 0.8740605 0.4696024 0.3894891 -0.9057281 0.1671972 0.3661987 -0.8497017 0.3793492 -0.3523095 0.6291197 0.6928828 -0.00154668 0.9932699 0.1158128 0.1024305 0 0.9947402 0.3746977 0.6230686 0.6865764 -0.09684044 0 0.9952999 -0.5356508 0.1128715 0.8368623 -0.09769237 0.8524791 0.513552 0.1475694 -0.1986789 -0.9688912 -0.9644867 -0.01370638 -0.2637758 0.1787244 -0.1718937 -0.9687674 0.2045501 -0.514145 0.8329553 0.02234166 -0.9993143 0.02953016 -0.3329018 0.8697395 -0.3643208 -0.9945448 -0.04185122 -0.09554702 0.5429028 0.1129034 0.8321716 0.1022092 0.852474 0.5126807 -0.1564587 -0.198381 -0.9675565 0.9618782 -0.01013946 -0.2732903 -0.1872488 -0.1718978 -0.9671552 -0.197229 -0.5141252 0.8347311 -0.02200454 -0.999326 0.02938365 0.3296892 0.869749 -0.3672082 0.9947927 -0.04024922 -0.0936349 -0.08863389 0.8243265 0.5591332 -0.1207842 0.8052116 0.5805563 0.1694694 -0.1474518 -0.9744425 0.03482431 -0.1051241 -0.9938492 -0.04250925 -0.1591987 -0.986331 -0.1721366 -0.09536647 -0.9804459 -0.02208054 -0.5492027 0.8353974 -0.08233481 -0.5672888 0.8193927 0.09294372 -0.5385521 0.8374505 0.03262722 -0.5731655 0.8187899 0.1298683 0.8152149 0.5644103 0.08980423 0.8115093 0.5773977 -0.06864458 0.4131551 -0.9080699 0.01322597 -0.1064054 -0.9942349 -0.137548 -0.7541065 -0.6421868 0.121875 -0.7689365 -0.6276012 -0.04803466 -0.1037266 -0.9934453 0.1193833 -0.5932348 0.7961283 0.1636847 -0.8004993 0.5765486 -0.309938 0.4980092 0.8098921 -0.1095893 0.8404884 0.5306311 0.196761 0.558247 0.8060059 0.3414053 0.8306896 0.4397698 -0.06374591 -0.8022186 0.5936175 -0.1968404 -0.5928617 0.7808771 0.04525482 0.4566172 -0.8885116 -0.1642259 0.8209642 0.5468527 -0.07612425 0.9182541 0.3886059 0.1698312 0.727227 0.6650552 -0.08634275 0.7740447 0.6272161 -0.2123548 0.6922585 0.6896982 0.1244978 0.8577838 0.4987058 0.0622096 0.9215402 0.3832674 0.2616865 0 0.965153 0.4755822 -0.04693311 0.8784185 0.1118041 0.993494 -0.02167314 0.1050736 0.9938113 -0.03604042 -0.4258009 -0.01725065 -0.9046525 -0.1918138 -0.1853371 -0.9637726 0.9988648 -5.90875e-7 0.04763424 0.998865 0 0.04763048 0.2579558 -0.2615357 0.930085 0.257983 -0.1848473 0.9483018 0.4765403 0.02144515 0.8788911 0.260895 0.1848061 0.9475129 0.05652868 -0.01714599 -0.9982538 -0.9065932 -0.06802111 0.4164876 -0.9152769 -0.06950604 0.3967838 -0.02474898 -0.9996442 0.009961247 -0.02534115 -0.9996669 0.004910349 -0.1874094 -0.1853393 -0.9646383 -0.2026216 0.1718124 -0.9640669 -0.166154 0.1852974 -0.9685339 -0.4250984 0.03776156 -0.9043591 -0.2484712 1.60546e-7 -0.9686394 0.1173061 0 0.9930958 -0.1136673 -0.04729634 0.9923925 -0.0439583 0.09898841 -0.9941173 0.05669611 7.53371e-7 -0.9983915 0.1172197 0.1848756 0.9757462 -0.1131548 0.02131557 0.9933487 0.09809982 -0.275839 0.9561848 0.1092684 -0.1847647 0.9766895 -0.07275998 0.997348 0.001757502 -0.06880539 0.997541 0.01334553 -0.1900542 0.1853384 -0.9641209 -0.1976891 0.125292 -0.9722248 -0.00194323 -0.9999981 3.7608e-4 -0.001931011 -0.9999979 6.59927e-4 0.9973428 -0.06803268 0.02605742 0.9964938 -0.06882733 0.04756999 -0.603723 0.7471631 0.2779672 -0.6090101 0.7536945 0.2470858 0.6618396 0.7496452 6.41814e-4 0.658905 0.7515918 0.03088814 0.4778928 0.8780978 -0.02372032 0.4755738 0.8796617 0.004979789 -0.9086791 5.873e-7 0.4174953 -0.9086784 0 0.4174972 -0.4391282 0.8795195 0.1833358 -0.4364903 0.8865528 0.1532985 8.45547e-4 -0.999689 0.02492403 9.37314e-7 -0.999674 0.02553313 -0.04139256 -0.7290903 0.6831647</float_array>
          <technique_common>
            <accessor source="#stormenn-fre-mesh-normals-array" count="427" stride="3">
              <param name="X" type="float"/>
              <param name="Y" type="float"/>
              <param name="Z" type="float"/>
            </accessor>
          </technique_common>
        </source>
        <source id="stormenn-fre-mesh-map-0">
          <float_array id="stormenn-fre-mesh-map-0-array" count="2562">0.528154 0.795342 0.522518 0.79811 0.522211 0.798166 0.528154 0.795342 0.522211 0.798166 0.529735 0.797852 0.528479 0.795283 0.530042 0.79779 0.522518 0.79811 0.522211 0.798166 0.514119 0.801355 0.529341 0.805986 0.529341 0.805986 0.529735 0.797852 0.522211 0.798166 0.522211 0.798166 0.522195 0.798171 0.514104 0.801333 0.514104 0.801333 0.514119 0.801355 0.522211 0.798166 0.522518 0.79811 0.530042 0.79779 0.529654 0.805924 0.529654 0.805924 0.514427 0.801272 0.522518 0.79811 0.52884 0.811297 0.529341 0.805986 0.514119 0.801355 0.514119 0.801355 0.510435 0.800066 0.52884 0.811297 0.514119 0.801355 0.514104 0.801333 0.510413 0.800061 0.510413 0.800061 0.510435 0.800066 0.514119 0.801355 0.514427 0.801272 0.529654 0.805924 0.529154 0.811235 0.529154 0.811235 0.510736 0.8 0.514427 0.801272 0.52884 0.811297 0.510435 0.800066 0.511072 0.812162 0.511072 0.812162 0.527437 0.816466 0.52884 0.811297 0.510435 0.800066 0.510413 0.800061 0.51105 0.812157 0.51105 0.812157 0.511072 0.812162 0.510435 0.800066 0.529154 0.811235 0.527752 0.8164 0.511373 0.812096 0.511373 0.812096 0.510736 0.8 0.529154 0.811235 0.527437 0.816466 0.511072 0.812162 0.517395 0.815999 0.517395 0.815999 0.528384 0.821824 0.527437 0.816466 0.511072 0.812162 0.51105 0.812157 0.517358 0.815998 0.517358 0.815998 0.517395 0.815999 0.511072 0.812162 0.527752 0.8164 0.528686 0.821763 0.517681 0.815936 0.517681 0.815936 0.511373 0.812096 0.527752 0.8164 0.517395 0.815999 0.517358 0.815998 0.527905 0.820912 0.529735 0.797852 0.533861 0.797795 0.52882 0.795819 0.534184 0.797733 0.530042 0.79779 0.528479 0.795283 0.533861 0.797795 0.529735 0.797852 0.529341 0.805986 0.529341 0.805986 0.534275 0.803531 0.533861 0.797795 0.534598 0.80347 0.529654 0.805924 0.530042 0.79779 0.530042 0.79779 0.534184 0.797733 0.534598 0.80347 0.534275 0.803531 0.529341 0.805986 0.52884 0.811297 0.52884 0.811297 0.533104 0.810531 0.534275 0.803531 0.533427 0.81047 0.529154 0.811235 0.529654 0.805924 0.529654 0.805924 0.534598 0.80347 0.533427 0.81047 0.533104 0.810531 0.52884 0.811297 0.527437 0.816466 0.527437 0.816466 0.531438 0.817541 0.533104 0.810531 0.531761 0.817479 0.527752 0.8164 0.529154 0.811235 0.529154 0.811235 0.533427 0.81047 0.531761 0.817479 0.531438 0.817541 0.527437 0.816466 0.528384 0.821824 0.527752 0.8164 0.531761 0.817479 0.532845 0.822215 0.568894 0.07409298 0.569014 0.07404595 0.594102 0.07496398 0.594102 0.07496398 0.593981 0.07501095 0.568894 0.07409298 0.566718 0.04595297 0.566554 0.073637 0.591642 0.07455497 0.591642 0.07455497 0.591805 0.04687094 0.566718 0.04595297 0.569014 0.07404595 0.569057 0.04640895 0.594145 0.04732698 0.594145 0.04732698 0.594102 0.07496398 0.569014 0.07404595 0.492703 0.07322895 0.492823 0.07318198 0.569014 0.07404595 0.569014 0.07404595 0.568894 0.07409298 0.492703 0.07322895 0.488288 0.04766994 0.490363 0.07277297 0.566554 0.073637 0.566554 0.073637 0.566718 0.04595297 0.488288 0.04766994 0.492823 0.07318198 0.490628 0.04812598 0.569057 0.04640895 0.569057 0.04640895 0.569014 0.07404595 0.492823 0.07318198 0.472932 0.921728 0.472969 0.921745 0.470831 0.977942 0.470831 0.977942 0.470793 0.977925 0.472932 0.921728 0.495769 0.921463 0.473318 0.921408 0.47118 0.977605 0.47118 0.977605 0.491553 0.97735 0.495769 0.921463 0.472969 0.921745 0.495382 0.921784 0.491166 0.977671 0.491166 0.977671 0.470831 0.977942 0.472969 0.921745 0.591805 0.04687094 0.591642 0.07455497 0.591762 0.07450795 0.472969 0.921745 0.472932 0.921728 0.495382 0.921784 0.538418 0.95384 0.528277 0.931037 0.522452 0.908285 0.446078 0.87846 0.453143 0.863265 0.442716 0.920331 0.443669 0.879134 0.446078 0.87846 0.442716 0.920331 0.870057 0.594978 0.869104 0.636174 0.866817 0.638136 0.86922 0.575323 0.871508 0.57336 0.876835 0.604472 0.874432 0.667285 0.866674 0.646884 0.866817 0.638136 0.876835 0.604472 0.880709 0.61537 0.869077 0.584071 0.472242 0.851469 0.453568 0.863876 0.446979 0.879278 0.446979 0.879278 0.474016 0.863315 0.472242 0.851469 0.49873 0.858315 0.472242 0.851469 0.474016 0.863315 0.474016 0.863315 0.508691 0.87402 0.49873 0.858315 0.538418 0.95384 0.522452 0.908285 0.531922 0.924281 0.538418 0.95384 0.531922 0.924281 0.531081 0.924116 0.956659 0.668488 0.956751 0.661007 0.949414 0.631283 0.474016 0.863315 0.446979 0.879278 0.444593 0.880025 0.452648 0.888701 0.482222 0.87302 0.482071 0.871992 0.508691 0.87402 0.474016 0.863315 0.474167 0.864344 0.942463 0.594988 0.974355 0.609414 0.975171 0.609678 0.902599 0.648587 0.941504 0.6427 0.942432 0.604221 0.942432 0.604221 0.91089 0.606108 0.902599 0.648587 0.901428 0.657259 0.941504 0.6427 0.902599 0.648587 0.901428 0.657259 0.909297 0.689722 0.941819 0.666952 0.941819 0.666952 0.94162 0.657507 0.901428 0.657259 0.944718 0.690763 0.941819 0.666952 0.909297 0.689722 0.941504 0.6427 0.974355 0.609414 0.942432 0.604221 0.941504 0.6427 0.977174 0.647222 0.974355 0.609414 0.979757 0.648294 0.94162 0.657507 0.941819 0.666952 0.941819 0.666952 0.980196 0.689357 0.979757 0.648294 0.980196 0.689357 0.941819 0.666952 0.944718 0.690763 0.91089 0.606108 0.942432 0.604221 0.942463 0.594988 0.942463 0.594988 0.942432 0.604221 0.974355 0.609414 0.967903 0.604065 0.965364 0.57488 0.965271 0.58236 0.945756 0.58684 0.945816 0.565893 0.951079 0.606611 0.527423 0.879673 0.532746 0.899444 0.519381 0.910167 0.956412 0.629001 0.954695 0.644002 0.977359 0.636661 0.977359 0.636661 0.99189 0.627594 0.956412 0.629001 0.920991 0.627959 0.932277 0.636679 0.954695 0.644002 0.954695 0.644002 0.956412 0.629001 0.920991 0.627959 0.47461 0.915523 0.462376 0.908203 0.458502 0.897305 0.991451 0.586531 0.953198 0.580938 0.953314 0.595745 0.953314 0.595745 0.953198 0.580938 0.913122 0.595497 0.186944 0.798872 0.179705 0.864992 0.2261289 0.869779 0.186944 0.798872 0.2261289 0.869779 0.250998 0.873892 0.186944 0.798872 0.250998 0.873892 0.332332 0.906643 0.332332 0.906643 0.315233 0.801235 0.186944 0.798872 0.185221 0.799391 0.313532 0.799574 0.331686 0.90495 0.185221 0.799391 0.331686 0.90495 0.250408 0.873536 0.185221 0.799391 0.250408 0.873536 0.227357 0.869825 0.185221 0.799391 0.227357 0.869825 0.179486 0.865202 0.332698 0.905595 0.249648 0.870782 0.283238 0.91946 0.186944 0.798872 0.315233 0.801235 0.328531 0.720312 0.185221 0.799391 0.325333 0.71854 0.313532 0.799574 0.33546 0.906811 0.326225 0.933885 0.284578 0.930563 0.33546 0.906811 0.284578 0.930563 0.283432 0.920275 0.249648 0.870782 0.223717 0.870922 0.217561 0.914681 0.217561 0.914681 0.283238 0.91946 0.249648 0.870782 0.283432 0.920275 0.277843 0.930614 0.187049 0.923402 0.283432 0.920275 0.2202129 0.913858 0.187049 0.923402 0.249018 0.873063 0.283567 0.919356 0.2202129 0.913858 0.2202129 0.913858 0.227043 0.870986 0.249018 0.873063 0.217561 0.914681 0.187345 0.924178 0.277152 0.930692 0.277152 0.930692 0.283238 0.91946 0.217561 0.914681 0.223717 0.870922 0.18024 0.863552 0.187345 0.924178 0.187345 0.924178 0.217561 0.914681 0.223717 0.870922 0.187049 0.923402 0.178867 0.864388 0.227043 0.870986 0.227043 0.870986 0.2202129 0.913858 0.187049 0.923402 0.282189 0.941549 0.284578 0.930563 0.326225 0.933885 0.326125 0.933635 0.332698 0.905595 0.283238 0.91946 0.283567 0.919356 0.249018 0.873063 0.33546 0.906811 0.186944 0.798872 0.328531 0.720312 0.174808 0.711667 0.185221 0.799391 0.17127 0.71203 0.325333 0.71854 0.993862 0.232366 0.960281 0.159711 0.993965 0.16284 0.960281 0.159711 0.993862 0.232366 0.960281 0.228277 0.993788 0.306258 0.960281 0.228277 0.993862 0.232366 0.960281 0.228277 0.993788 0.306258 0.93347 0.312332 0.99394 0.162654 0.933657 0.313203 0.993989 0.306995 0.933657 0.313203 0.99394 0.162654 0.960256 0.1595309 0.97218 0.07435399 0.960256 0.1595309 0.997882 0.08312296 0.99394 0.162654 0.997882 0.08312296 0.960256 0.1595309 0.993989 0.306995 0.936607 0.324603 0.997125 0.316646 0.936607 0.324603 0.993989 0.306995 0.933657 0.313203 0.997125 0.316646 0.93347 0.312332 0.993788 0.306258 0.93347 0.312332 0.997125 0.316646 0.936607 0.324603 0.993965 0.16284 0.963415 0.09182798 0.998109 0.08546096 0.963415 0.09182798 0.993965 0.16284 0.960281 0.159711 0.998109 0.08546096 0.969615 0.01265996 0.995591 0.01885199 0.969615 0.01265996 0.998109 0.08546096 0.963415 0.09182798 0.969615 0.01265996 0.968241 6.31e-4 0.995591 0.01885199 0.993732 0.01138699 0.995591 0.01885199 0.968241 6.31e-4 0.969985 0.01216399 0.995952 0.01843994 0.993732 0.01138699 0.993732 0.01138699 0.968241 6.31e-4 0.969985 0.01216399 0.97218 0.07435399 0.997882 0.08312296 0.995952 0.01843994 0.995952 0.01843994 0.969985 0.01216399 0.97218 0.07435399 0.93331 0.222252 0.935261 0.149993 0.960281 0.159711 0.960281 0.159711 0.960281 0.228277 0.93331 0.222252 0.993788 0.306258 0.960281 0.228277 0.93331 0.222252 0.960256 0.1595309 0.99394 0.162654 0.937665 0.08449596 0.937665 0.08449596 0.960256 0.1595309 0.97218 0.07435399 0.935261 0.149993 0.937938 0.08640599 0.963415 0.09182798 0.963415 0.09182798 0.960281 0.159711 0.935261 0.149993 0.937938 0.08640599 0.934573 0.04744499 0.969615 0.01265996 0.969615 0.01265996 0.963415 0.09182798 0.937938 0.08640599 0.969615 0.01265996 0.934573 0.04744499 0.968241 6.31e-4 0.931828 0.04830795 0.968241 6.31e-4 0.934573 0.04744499 0.969985 0.01216399 0.931828 0.04830795 0.934925 0.04711598 0.931828 0.04830795 0.969985 0.01216399 0.968241 6.31e-4 0.97218 0.07435399 0.934925 0.04711598 0.937665 0.08449596 0.934925 0.04711598 0.97218 0.07435399 0.969985 0.01216399 0.960281 0.228277 0.93347 0.312332 0.939232 0.225047 0.939232 0.225047 0.93331 0.222252 0.960281 0.228277 0.935232 0.149841 0.939447 0.225652 0.933657 0.313203 0.933657 0.313203 0.960256 0.1595309 0.935232 0.149841 0.937665 0.08449596 0.935232 0.149841 0.960256 0.1595309 0.958978 0.008854985 0.962298 0.01678597 0.956138 0.107807 0.956138 0.107807 0.953188 0.09640598 0.958978 0.008854985 0.962298 0.01678597 0.958763 0.008249998 0.953001 0.09553498 0.953001 0.09553498 0.956138 0.107807 0.962298 0.01678597 0.965854 0.604104 0.965811 0.600691 0.962695 0.587313 0.984145 0.608006 0.983512 0.590932 0.983162 0.590817 0.675626 0.968144 0.675966 0.977337 0.675266 0.99155 0.675626 0.968144 0.675266 0.99155 0.674926 0.982357 0.615251 0.919956 0.604879 0.916468 0.604179 0.930681 0.615251 0.919956 0.604179 0.930681 0.614551 0.934169 0.605219 0.92566 0.615449 0.925279 0.614749 0.939492 0.605219 0.92566 0.614749 0.939492 0.604519 0.939873 0.616496 0.92524 0.605837 0.925637 0.605137 0.93985 0.616496 0.92524 0.605137 0.93985 0.615796 0.939453 0.616046 0.919417 0.666933 0.922251 0.663358 0.93335 0.616046 0.919417 0.663358 0.93335 0.614022 0.932638 0.667714 0.921817 0.615964 0.919041 0.613551 0.932798 0.667714 0.921817 0.613551 0.932798 0.663378 0.933361 0.61353 0.932436 0.663485 0.933571 0.658829 0.941491 0.61353 0.932436 0.658829 0.941491 0.615336 0.942086 0.615754 0.942071 0.659334 0.941472 0.663209 0.933581 0.615754 0.942071 0.663209 0.933581 0.614051 0.932416 0.643049 0.88387 0.607846 0.824315 0.794978 0.850317 0.643049 0.88387 0.794978 0.850317 0.790904 0.905863 0.794227 0.850268 0.790094 0.904253 0.845082 0.855719 0.608117 0.824966 0.643655 0.883626 0.790859 0.904646 0.608117 0.824966 0.790859 0.904646 0.794992 0.850661 0.794174 0.848878 0.790139 0.905469 0.847416 0.855355 0.847416 0.855355 0.790139 0.905469 0.844448 0.855516 0.79951 0.827049 0.857212 0.826468 0.844448 0.855516 0.79951 0.827049 0.844448 0.855516 0.794213 0.849924 0.643049 0.88387 0.790904 0.905863 0.794939 0.849271 0.643049 0.88387 0.794939 0.849271 0.607842 0.824211 0.790139 0.905469 0.794213 0.849924 0.844448 0.855516 0.794966 0.850007 0.790859 0.904646 0.643655 0.883626 0.794966 0.850007 0.643655 0.883626 0.608112 0.824869 0.857911 0.826667 0.799925 0.828474 0.794227 0.850268 0.857911 0.826667 0.794227 0.850268 0.845082 0.855719 0.607846 0.824315 0.607842 0.824211 0.797498 0.825243 0.607846 0.824315 0.797498 0.825243 0.797516 0.825308 0.608112 0.824869 0.608117 0.824966 0.797931 0.826733 0.608112 0.824869 0.797931 0.826733 0.797919 0.826678 0.616046 0.919417 0.645202 0.882017 0.666933 0.922251 0.609098 0.824344 0.604879 0.916468 0.615251 0.919956 0.609098 0.824344 0.615251 0.919956 0.646189 0.884204 0.67985 0.876125 0.675966 0.977337 0.675626 0.968144 0.67985 0.876125 0.675626 0.968144 0.679846 0.87602 0.615964 0.926424 0.667714 0.921817 0.645013 0.887576 0.609102 0.824448 0.646189 0.884204 0.615449 0.925279 0.609102 0.824448 0.615449 0.925279 0.605219 0.92566 0.646795 0.88396 0.616297 0.919917 0.605497 0.916445 0.646795 0.88396 0.605497 0.916445 0.609369 0.825002 0.609373 0.825099 0.605837 0.925637 0.616496 0.92524 0.609373 0.825099 0.616496 0.92524 0.646795 0.88396 0.790094 0.904253 0.794201 0.849613 0.848055 0.85556 0.794939 0.849271 0.797498 0.825243 0.607842 0.824211 0.797516 0.825308 0.794978 0.850317 0.607846 0.824315 0.794992 0.850661 0.797931 0.826733 0.608117 0.824966 0.797919 0.826678 0.794966 0.850007 0.608112 0.824869 0.605497 0.916445 0.616297 0.919917 0.615597 0.93413 0.605497 0.916445 0.615597 0.93413 0.604796 0.930658 0.676244 0.968121 0.676584 0.977314 0.68012 0.876776 0.676244 0.968121 0.68012 0.876776 0.680116 0.876678 0.676584 0.977314 0.676244 0.968121 0.675544 0.982334 0.676584 0.977314 0.675544 0.982334 0.675884 0.991527 0.799912 0.828419 0.860057 0.826553 0.848055 0.85556 0.799912 0.828419 0.848055 0.85556 0.794201 0.849613 0.859079 0.826367 0.799491 0.826984 0.794174 0.848878 0.859079 0.826367 0.794174 0.848878 0.847416 0.855355 0.857212 0.826468 0.79951 0.827049 0.799491 0.826984 0.857212 0.826468 0.799491 0.826984 0.859079 0.826367 0.860057 0.826553 0.799912 0.828419 0.799925 0.828474 0.860057 0.826553 0.799925 0.828474 0.857911 0.826667 0.381547 0.372122 0.326589 0.371808 0.443519 0.475215 0.260581 0.474016 0.443519 0.475215 0.326589 0.371808 0.05693399 0.360698 0.004822969 0.382698 0.009477972 0.478947 0.212357 0.379894 0.166158 0.3579 0.1832309 0.47702 0.1832309 0.47702 0.166158 0.3579 0.05693399 0.360698 0.1832309 0.47702 0.05693399 0.360698 0.009477972 0.478947 0.21055 0.381845 0.257787 0.379379 0.181509 0.476287 0.181509 0.476287 0.257787 0.379379 0.260651 0.474125 0.26038 0.474282 0.260573 0.377932 0.182626 0.475638 0.182626 0.475638 0.260573 0.377932 0.213335 0.380413 0.326589 0.371808 0.259039 0.378466 0.260581 0.474016 0.443519 0.475215 0.4452 0.378299 0.381547 0.372122 0.004822969 0.382698 0.04880797 0.336888 0.001655995 0.336018 0.04880797 0.336888 0.004822969 0.382698 0.05693399 0.360698 0.166158 0.3579 0.225 0.337628 0.153309 0.337093 0.225 0.337628 0.166158 0.3579 0.212357 0.379894 0.326589 0.371808 0.401464 0.335369 0.310601 0.337199 0.401464 0.335369 0.326589 0.371808 0.381547 0.372122 0.257787 0.379379 0.222062 0.336966 0.252569 0.337038 0.222062 0.336966 0.257787 0.379379 0.21055 0.381845 0.213335 0.380413 0.25535 0.336477 0.224844 0.336363 0.25535 0.336477 0.213335 0.380413 0.260573 0.377932 0.259039 0.378466 0.310601 0.337199 0.256226 0.33733 0.310601 0.337199 0.259039 0.378466 0.326589 0.371808 0.381547 0.372122 0.455698 0.336278 0.401464 0.335369 0.455698 0.336278 0.381547 0.372122 0.4452 0.378299 0.449643 0.647066 0.39648 0.651406 0.433836 0.59545 0.004203975 0.606916 0.09403395 0.674028 0.003025949 0.68658 0.09484195 0.674608 0.09437298 0.692048 0.001348972 0.686724 0.847394 0.787904 0.861968 0.747201 0.871319 0.787638 0.862245 0.745318 0.852993 0.7784 0.871319 0.787638 0.868845 0.4938 0.869753 0.464605 0.848469 0.473595 0.848469 0.473595 0.869753 0.464605 0.89815 0.441021 0.868845 0.4938 0.848469 0.473595 0.847985 0.489134 0.847985 0.489134 0.894016 0.525514 0.868845 0.4938 0.256777 0.474293 0.177542 0.472464 0.1718299 0.60142 0.26925 0.600544 0.256777 0.474293 0.1718299 0.60142 0.180581 0.474838 0.257388 0.474297 0.174491 0.603879 0.174491 0.603879 0.257388 0.474297 0.271153 0.598561 0.39648 0.651406 0.306284 0.650922 0.27211 0.596826 0.27211 0.596826 0.433836 0.59545 0.39648 0.651406 0.43786 0.473074 0.433836 0.59545 0.27211 0.596826 0.43786 0.473074 0.27211 0.596826 0.257924 0.473793 0.004203975 0.606916 0.09666895 0.602091 0.09403395 0.674028 0.007653951 0.477076 0.09666895 0.602091 0.004203975 0.606916 0.179975 0.475933 0.09666895 0.602091 0.007653951 0.477076 0.991436 0.479551 0.991912 0.44334 0.869753 0.464605 0.869753 0.464605 0.991912 0.44334 0.89815 0.441021 0.89815 0.441021 0.991912 0.44334 0.991159 0.481437 0.89815 0.441021 0.991159 0.481437 0.894016 0.525514 0.991159 0.481437 0.976585 0.52214 0.894016 0.525514 0.868845 0.4938 0.991436 0.479551 0.869753 0.464605 0.977918 0.514916 0.868828 0.493864 0.991358 0.479555 0.843948 0.787915 0.874539 0.787737 0.859771 0.74715 0.862166 0.74532 0.874539 0.787737 0.848727 0.780681 0.868828 0.493864 0.84882 0.473606 0.869741 0.46458 0.84882 0.473606 0.898671 0.439924 0.869741 0.46458 0.848313 0.48988 0.84882 0.473606 0.868828 0.493864 0.868828 0.493864 0.892711 0.525013 0.848313 0.48988 0.991358 0.479555 0.869741 0.46458 0.992944 0.443374 0.869741 0.46458 0.898671 0.439924 0.992944 0.443374 0.898671 0.439924 0.988962 0.481385 0.992944 0.443374 0.898671 0.439924 0.892711 0.525013 0.988962 0.481385 0.988962 0.481385 0.892711 0.525013 0.973139 0.52215 0.868828 0.493864 0.869741 0.46458 0.991358 0.479555 0.173983 0.603726 0.179423 0.687242 0.09403395 0.674028 0.09484195 0.674608 0.179327 0.68754 0.09437298 0.692048 0.252205 0.64477 0.27211 0.596826 0.306284 0.650922 0.179975 0.475933 0.173983 0.603726 0.09666895 0.602091 0.09666895 0.602091 0.173983 0.603726 0.09403395 0.674028 0.305299 0.651792 0.236573 0.689469 0.355499 0.686247 0.303028 0.652316 0.395537 0.651792 0.354971 0.684496 0.234151 0.689338 0.252205 0.64477 0.306284 0.650922 0.303028 0.652316 0.354971 0.684496 0.2340199 0.689157 0.251193 0.647066 0.237193 0.689337 0.304356 0.651406 0.84734 0.937256 0.863328 0.991766 0.794116 0.989521 0.84734 0.937256 0.879188 0.932435 0.863328 0.991766 0.793381 0.937551 0.793626 0.992708 0.85601 0.991343 0.863328 0.991766 0.85601 0.991343 0.793626 0.992708 0.85601 0.991343 0.879188 0.932435 0.793381 0.937551 0.794116 0.989521 0.793381 0.937551 0.84734 0.937256 0.794116 0.989521 0.793626 0.992708 0.793381 0.937551 0.879188 0.932435 0.85601 0.991343 0.863328 0.991766 0.863328 0.991766 0.793626 0.992708 0.794116 0.989521 0.847485 0.941971 0.794267 0.994236 0.863469 0.99648 0.847485 0.941971 0.863469 0.99648 0.87933 0.937149 0.793531 0.942265 0.856152 0.996057 0.793785 0.997658 0.863469 0.99648 0.793785 0.997658 0.856152 0.996057 0.856152 0.996057 0.793531 0.942265 0.87933 0.937149 0.794267 0.994236 0.847485 0.941971 0.793531 0.942265 0.794267 0.994236 0.793531 0.942265 0.793785 0.997658 0.87933 0.937149 0.863469 0.99648 0.856152 0.996057 0.863469 0.99648 0.794267 0.994236 0.793785 0.997658 0.847485 0.941971 0.87933 0.937149 0.879235 0.911524 0.847485 0.941971 0.879235 0.911524 0.846468 0.91204 0.87933 0.937149 0.793531 0.942265 0.792206 0.911718 0.87933 0.937149 0.792206 0.911718 0.879235 0.911524 0.793381 0.937551 0.879188 0.932435 0.879093 0.911424 0.793381 0.937551 0.879093 0.911424 0.793286 0.911926 0.793531 0.942265 0.847485 0.941971 0.846468 0.91204 0.793531 0.942265 0.846468 0.91204 0.792206 0.911718 0.84734 0.937256 0.793381 0.937551 0.793286 0.911926 0.84734 0.937256 0.793286 0.911926 0.847245 0.911631 0.879188 0.932435 0.84734 0.937256 0.847245 0.911631 0.879188 0.932435 0.847245 0.911631 0.879093 0.911424 0.874539 0.787737 0.992131 0.787025 0.859771 0.74715 0.859771 0.74715 0.992131 0.787025 0.99474 0.709413 0.859771 0.74715 0.99474 0.709413 0.863753 0.709138 0.861968 0.747201 0.862721 0.709105 0.992676 0.709347 0.861968 0.747201 0.992676 0.709347 0.990067 0.786963 0.863753 0.709138 0.99474 0.709413 0.995469 0.745746 0.863753 0.709138 0.995469 0.745746 0.862166 0.74532 0.862245 0.745318 0.871319 0.787638 0.990067 0.786963 0.862245 0.745318 0.990067 0.786963 0.993404 0.745682 0.874539 0.787737 0.862166 0.74532 0.995469 0.745746 0.874539 0.787737 0.995469 0.745746 0.992131 0.787025 0.992676 0.709347 0.862721 0.709105 0.862245 0.745316 0.992676 0.709347 0.862245 0.745316 0.993404 0.745682 0.871319 0.787638 0.861968 0.747201 0.990067 0.786963 0.976585 0.52214 0.981959 0.512366 0.868845 0.4938 0.976585 0.52214 0.868845 0.4938 0.894016 0.525514 0.871319 0.787638 0.852993 0.7784 0.847394 0.787904 0.848727 0.780681 0.874539 0.787737 0.843948 0.787915 0.868845 0.4938 0.981959 0.512366 0.991436 0.479551 0.868828 0.493864 0.977918 0.514916 0.973139 0.52215 0.868828 0.493864 0.973139 0.52215 0.892711 0.525013 0.597176 0.104927 0.591221 0.01527094 0.596158 0.01688498 0.597176 0.104927 0.515693 0.1053709 0.591221 0.01527094 0.586177 0.009462952 0.514592 0.009305 0.514592 0.009305 0.586177 0.009462952 0.514592 0.009305 0.587661 0.009464979 0.594245 0.195152 0.595138 0.105192 0.516691 0.105628 0.515794 0.196701 0.594245 0.195152 0.516691 0.105628 0.552017 0.2018049 0.4645 0.199922 0.464547 0.1985729 0.552017 0.2018049 0.464547 0.1985729 0.552064 0.200456 0.591221 0.01527094 0.514592 0.009305 0.587661 0.009464979 0.591221 0.01527094 0.515693 0.1053709 0.514592 0.009305 0.596264 0.19682 0.515693 0.1053709 0.597176 0.104927 0.514777 0.198402 0.515693 0.1053709 0.596264 0.19682 0.438245 0.106064 0.43735 0.196528 0.516691 0.105628 0.594914 0.196819 0.595826 0.104925 0.597176 0.104927 0.594914 0.196819 0.597176 0.104927 0.596264 0.19682 0.514777 0.198402 0.594914 0.196819 0.596264 0.19682 0.514777 0.198402 0.596264 0.19682 0.514777 0.198402 0.43735 0.196528 0.515794 0.196701 0.516691 0.105628 0.585692 0.01173895 0.516691 0.105628 0.58933 0.01749294 0.585692 0.01173895 0.515614 0.01158398 0.516691 0.105628 0.595138 0.105192 0.58933 0.01749294 0.516691 0.105628 0.595138 0.105192 0.594142 0.01900297 0.58933 0.01749294 0.438148 0.01665598 0.434211 0.105815 0.433191 0.01828396 0.438148 0.01665598 0.515693 0.1053709 0.434211 0.105815 0.437247 0.02037495 0.516691 0.105628 0.442081 0.01885396 0.437247 0.02037495 0.438245 0.106064 0.516691 0.105628 0.433297 0.198224 0.515693 0.1053709 0.514777 0.198402 0.434211 0.105815 0.515693 0.1053709 0.433297 0.198224 0.514592 0.009305 0.438148 0.01665598 0.441515 0.01072394 0.514592 0.009305 0.515693 0.1053709 0.438148 0.01665598 0.558339 0.28211 0.559299 0.210509 0.559344 0.209026 0.558339 0.28211 0.559344 0.209026 0.558339 0.28211 0.515614 0.01158398 0.442081 0.01885396 0.516691 0.105628 0.515614 0.01158398 0.445527 0.012968 0.442081 0.01885396 0.434646 0.198225 0.514777 0.198402 0.514777 0.198402 0.434646 0.198225 0.514777 0.198402 0.433297 0.198224 0.43556 0.105817 0.434646 0.198225 0.433297 0.198224 0.43556 0.105817 0.433297 0.198224 0.434211 0.105815 0.489306 0.22215 0.491721 0.2141759 0.531709 0.220612 0.489306 0.22215 0.531709 0.220612 0.529657 0.229048 0.518621 0.215092 0.517149 0.206531 0.557589 0.202848 0.518621 0.215092 0.557589 0.202848 0.559454 0.210968 0.491223 0.214146 0.48989 0.2052479 0.517149 0.206531 0.491223 0.214146 0.517149 0.206531 0.518621 0.215092 0.595826 0.104925 0.594808 0.01688396 0.596158 0.01688498 0.595826 0.104925 0.596158 0.01688498 0.597176 0.104927 0.529657 0.229048 0.531709 0.220612 0.558937 0.2212049 0.529657 0.229048 0.558937 0.2212049 0.557005 0.229993 0.153309 0.337093 0.04880797 0.336888 0.05693399 0.360698 0.153309 0.337093 0.05693399 0.360698 0.166158 0.3579 0.848055 0.85556 0.845082 0.855719 0.790094 0.904253</float_array>
          <technique_common>
            <accessor source="#stormenn-fre-mesh-map-0-array" count="1281" stride="2">
              <param name="S" type="float"/>
              <param name="T" type="float"/>
            </accessor>
          </technique_common>
        </source>
        <vertices id="stormenn-fre-mesh-vertices">
          <input semantic="POSITION" source="#stormenn-fre-mesh-positions"/>
        </vertices>
        <triangles material="Lukhata_000-material" count="427">
          <input semantic="VERTEX" source="#stormenn-fre-mesh-vertices" offset="0"/>
          <input semantic="NORMAL" source="#stormenn-fre-mesh-normals" offset="1"/>
          <input semantic="TEXCOORD" source="#stormenn-fre-mesh-map-0" offset="2" set="0"/>
          <p>0 0 0 3 0 1 2 0 2 0 1 3 2 1 4 16 1 5 0 2 6 17 2 7 3 2 8 2 3 9 5 3 10 18 3 11 18 4 12 16 4 13 2 4 14 2 5 15 3 5 16 6 5 17 6 6 18 5 6 19 2 6 20 3 7 21 17 7 22 19 7 23 19 8 24 6 8 25 3 8 26 20 9 27 18 9 28 5 9 29 5 10 30 8 10 31 20 10 32 5 11 33 6 11 34 9 11 35 9 12 36 8 12 37 5 12 38 6 13 39 19 13 40 21 13 41 21 14 42 9 14 43 6 14 44 20 15 45 8 15 46 11 15 47 11 16 48 22 16 49 20 16 50 8 17 51 9 17 52 12 17 53 12 18 54 11 18 55 8 18 56 21 19 57 23 19 58 12 19 59 12 20 60 9 20 61 21 20 62 22 21 63 11 21 64 14 21 65 14 22 66 13 22 67 22 22 68 11 23 69 12 23 70 15 23 71 15 24 72 14 24 73 11 24 74 23 25 75 13 25 76 15 25 77 15 26 78 12 26 79 23 26 80 14 27 81 15 27 82 13 27 83 16 28 84 1 28 85 0 28 86 1 29 87 17 29 88 0 29 89 1 30 90 16 30 91 18 30 92 18 31 93 4 31 94 1 31 95 4 32 96 19 32 97 17 32 98 17 33 99 1 33 100 4 33 101 4 34 102 18 34 103 20 34 104 20 35 105 7 35 106 4 35 107 7 36 108 21 36 109 19 36 110 19 37 111 4 37 112 7 37 113 7 38 114 20 38 115 22 38 116 22 39 117 10 39 118 7 39 119 10 40 120 23 40 121 21 40 122 21 41 123 7 41 124 10 41 125 10 42 126 22 42 127 13 42 128 23 43 129 10 43 130 13 43 131 28 44 132 27 44 133 24 44 134 24 45 135 25 45 136 28 45 137 29 46 138 28 46 139 25 46 140 25 47 141 26 47 142 29 47 143 27 48 144 29 48 145 26 48 146 26 49 147 24 49 148 27 49 149 31 50 150 30 50 151 27 50 152 27 51 153 28 51 154 31 51 155 32 52 156 31 52 157 28 52 158 28 53 159 29 53 160 32 53 161 30 54 162 32 54 163 29 54 164 29 55 165 27 55 166 30 55 167 34 56 168 33 56 169 30 56 170 30 57 171 31 57 172 34 57 173 35 58 174 34 58 175 31 58 176 31 59 177 32 59 178 35 59 179 33 60 180 35 60 181 32 60 182 32 61 183 30 61 184 33 61 185 26 62 186 25 62 187 24 62 188 33 63 189 34 63 190 35 63 191 44 64 192 37 64 193 43 64 194 45 65 195 41 65 196 42 65 197 54 66 198 45 66 199 42 66 200 54 67 201 42 67 202 48 67 203 48 68 204 42 68 205 61 68 206 61 69 207 49 69 208 48 69 209 61 70 210 50 70 211 49 70 212 40 71 213 41 71 214 45 71 215 45 72 216 46 72 217 40 72 218 43 73 219 40 73 220 46 73 221 46 74 222 47 74 223 43 74 224 44 75 225 43 75 226 47 75 227 44 76 228 47 76 229 56 76 230 52 77 231 44 77 232 56 77 233 46 78 234 45 78 235 54 78 236 54 79 237 55 79 238 46 79 239 47 80 240 46 80 241 55 80 242 55 81 243 56 81 244 47 81 245 48 82 246 36 82 247 38 82 248 38 83 249 54 83 250 48 83 251 49 84 252 36 84 253 48 84 254 49 85 255 50 85 256 39 85 257 39 86 258 62 86 259 49 86 260 51 87 261 39 87 262 50 87 263 36 88 264 56 88 265 38 88 266 36 89 267 52 89 268 56 89 269 52 90 270 62 90 271 39 90 272 39 91 273 53 91 274 52 91 275 53 92 276 39 92 277 51 92 278 54 93 279 38 93 280 55 93 281 55 94 282 38 94 283 56 94 284 57 95 285 44 95 286 52 95 287 57 96 288 52 96 289 53 96 290 57 97 291 53 97 292 58 97 293 51 98 294 59 98 295 58 98 296 58 99 297 53 99 298 51 99 299 50 100 300 60 100 301 59 100 302 59 101 303 51 101 304 50 101 305 60 102 306 50 102 307 61 102 308 52 103 309 36 103 310 62 103 311 62 104 312 36 104 313 49 104 314 82 105 315 66 105 316 78 105 317 82 106 318 78 106 319 72 106 320 82 107 321 72 107 322 67 107 323 67 108 324 63 108 325 82 108 326 64 109 327 65 109 328 69 109 329 64 110 330 69 110 331 74 110 332 64 111 333 74 111 334 81 111 335 64 112 336 81 112 337 68 112 338 67 113 339 72 113 340 76 113 341 82 114 342 63 114 343 83 114 344 64 115 345 83 115 346 65 115 347 69 116 348 71 116 349 73 116 350 69 117 351 73 117 352 75 117 353 72 118 354 78 118 355 79 118 356 79 119 357 76 119 358 72 119 359 75 120 360 77 120 361 70 120 362 75 121 363 80 121 364 70 121 365 74 122 366 75 122 367 80 122 368 80 123 369 81 123 370 74 123 371 79 124 372 70 124 373 77 124 374 77 125 375 76 125 376 79 125 377 78 126 378 66 126 379 70 126 380 70 127 381 79 127 382 78 127 383 70 128 384 68 128 385 81 128 386 81 129 387 80 129 388 70 129 389 76 130 390 73 130 391 71 130 392 71 131 393 67 131 394 76 131 395 75 132 396 74 132 397 69 132 398 82 133 399 83 133 400 84 133 401 64 134 402 84 134 403 83 134 404 85 135 405 95 135 406 90 135 407 95 136 408 85 136 409 96 136 410 89 137 411 96 137 412 85 137 413 96 138 414 89 138 415 97 138 416 88 139 417 98 139 418 87 139 419 98 140 420 88 140 421 99 140 422 100 141 423 99 141 424 91 141 425 88 142 426 91 142 427 99 142 428 87 143 429 101 143 430 86 143 431 101 144 432 87 144 433 98 144 434 86 145 435 97 145 436 89 145 437 97 146 438 86 146 439 101 146 440 90 147 441 102 147 442 92 147 443 102 148 444 90 148 445 95 148 446 92 149 447 103 149 448 117 149 449 103 150 450 92 150 451 102 150 452 103 151 453 104 151 454 117 151 455 93 152 456 117 152 457 104 152 458 105 153 459 94 153 460 93 153 461 93 154 462 104 154 463 105 154 464 100 155 465 91 155 466 94 155 467 94 156 468 105 156 469 100 156 470 106 157 471 107 157 472 95 157 473 95 158 474 96 158 475 106 158 476 89 159 477 96 159 478 106 159 479 99 160 480 88 160 481 108 160 482 108 161 483 99 161 484 100 161 485 107 162 486 109 162 487 102 162 488 102 163 489 95 163 490 107 163 491 109 164 492 110 164 493 103 164 494 103 165 495 102 165 496 109 165 497 103 166 498 110 166 499 104 166 500 111 167 501 104 167 502 110 167 503 105 168 504 111 168 505 112 168 506 111 169 507 105 169 508 104 169 509 100 170 510 112 170 511 108 170 512 112 171 513 100 171 514 105 171 515 96 172 516 97 172 517 116 172 518 116 173 519 106 173 520 96 173 521 115 174 522 114 174 523 98 174 524 98 175 525 99 175 526 115 175 527 108 176 528 115 176 529 99 176 530 114 177 531 113 177 532 101 177 533 101 178 534 98 178 535 114 178 536 113 179 537 116 179 538 97 179 539 97 180 540 101 180 541 113 180 542 52 181 543 44 181 544 47 181 545 52 182 546 47 182 547 56 182 548 149 183 549 151 183 550 119 183 551 149 184 552 119 184 553 124 184 554 148 185 555 149 185 556 124 185 557 148 186 558 124 186 559 125 186 560 151 187 561 150 187 562 118 187 563 151 188 564 118 188 565 119 188 566 147 189 567 146 189 568 120 189 569 147 190 570 120 190 571 121 190 572 152 191 573 147 191 574 121 191 575 152 192 576 121 192 577 122 192 578 150 193 579 148 193 580 125 193 581 150 194 582 125 194 583 118 194 584 118 195 585 125 195 586 124 195 587 118 196 588 124 196 589 119 196 590 120 197 591 123 197 592 122 197 593 120 198 594 122 198 595 121 198 596 137 199 597 132 199 598 139 199 599 137 200 600 139 200 601 135 200 602 140 201 603 134 201 604 128 201 605 129 202 606 133 202 607 134 202 608 129 203 609 134 203 610 140 203 611 141 204 612 135 204 613 130 204 614 130 205 615 135 205 616 131 205 617 143 206 618 155 206 619 131 206 620 143 207 621 131 207 622 139 207 623 137 208 624 135 208 625 141 208 626 137 209 627 141 209 628 136 209 629 135 210 630 139 210 631 131 210 632 138 211 633 134 211 634 133 211 635 138 212 636 133 212 637 127 212 638 156 213 639 144 213 640 140 213 641 156 214 642 140 214 643 128 214 644 132 215 645 136 215 646 142 215 647 132 216 648 142 216 649 143 216 650 127 217 651 129 217 652 144 217 653 127 218 654 144 218 655 145 218 656 152 219 657 133 219 658 147 219 659 136 220 660 149 220 661 148 220 662 136 221 663 148 221 664 137 221 665 132 222 666 151 222 667 149 222 668 132 223 669 149 223 670 136 223 671 148 224 672 150 224 673 137 224 674 132 225 675 137 225 676 150 225 677 132 226 678 150 226 679 151 226 680 133 227 681 152 227 682 153 227 683 133 228 684 153 228 685 127 228 686 129 229 687 146 229 688 147 229 689 129 230 690 147 230 691 133 230 692 134 231 693 138 231 694 126 231 695 141 232 696 142 232 697 136 232 698 143 233 699 139 233 700 132 233 701 140 234 702 144 234 703 129 234 704 145 235 705 138 235 706 127 235 707 153 236 708 152 236 709 122 236 710 153 237 711 122 237 712 123 237 713 153 238 714 146 238 715 129 238 716 153 239 717 129 239 718 127 239 719 146 240 720 153 240 721 123 240 722 146 241 723 123 241 724 120 241 725 145 242 726 157 242 727 126 242 728 145 243 729 126 243 730 138 243 731 154 244 732 142 244 733 141 244 734 154 245 735 141 245 736 130 245 737 155 246 738 143 246 739 142 246 740 155 247 741 142 247 742 154 247 743 157 248 744 145 248 745 144 248 746 157 249 747 144 249 748 156 249 749 183 250 750 172 250 751 198 250 752 176 251 753 198 251 754 172 251 755 178 252 756 201 252 757 175 252 758 203 253 759 180 253 760 174 253 761 174 254 762 180 254 763 178 254 764 174 255 765 178 255 766 175 255 767 201 256 768 177 256 769 175 256 770 175 257 771 177 257 772 198 257 773 176 258 774 158 258 775 174 258 776 174 259 777 158 259 778 203 259 779 172 260 780 158 260 781 176 260 782 198 261 783 177 261 784 183 261 785 201 262 786 179 262 787 159 262 788 179 263 789 201 263 790 178 263 791 180 264 792 202 264 793 160 264 794 202 265 795 180 265 796 203 265 797 172 266 798 182 266 799 173 266 800 182 267 801 172 267 802 183 267 803 177 268 804 159 268 805 204 268 806 159 269 807 177 269 808 201 269 809 203 270 810 181 270 811 202 270 812 181 271 813 203 271 814 158 271 815 158 272 816 173 272 817 181 272 818 173 273 819 158 273 820 172 273 821 183 274 822 204 274 823 182 274 824 204 275 825 183 275 826 177 275 827 169 276 828 199 276 829 193 276 830 186 277 831 184 277 832 187 277 833 184 278 834 161 278 835 187 278 836 162 279 837 190 279 838 185 279 839 191 280 840 225 280 841 185 280 842 192 281 843 189 281 844 187 281 845 187 282 846 189 282 847 186 282 848 192 283 849 187 283 850 169 283 851 169 284 852 193 284 853 192 284 854 176 285 855 174 285 856 186 285 857 193 286 858 176 286 859 186 286 860 175 287 861 198 287 862 196 287 863 196 288 864 198 288 865 188 288 866 199 289 867 170 289 868 188 289 869 188 290 870 193 290 871 199 290 872 176 291 873 193 291 874 188 291 875 176 292 876 188 292 877 198 292 878 186 293 879 168 293 880 184 293 881 174 294 882 168 294 883 186 294 884 175 295 885 168 295 886 174 295 887 191 296 888 163 296 889 189 296 890 189 297 891 163 297 892 186 297 893 186 298 894 163 298 895 190 298 896 186 299 897 190 299 898 193 299 899 190 300 900 162 300 901 193 300 902 192 301 903 191 301 904 189 301 905 226 302 906 197 302 907 194 302 908 164 303 909 166 303 910 165 303 911 194 304 912 166 304 913 226 304 914 197 305 915 200 305 916 195 305 917 200 306 918 196 306 919 195 306 920 171 307 921 200 307 922 197 307 923 197 308 924 188 308 925 171 308 926 194 309 927 195 309 928 167 309 929 195 310 930 196 310 931 167 310 932 196 311 933 165 311 934 167 311 935 196 312 936 188 312 937 165 312 938 165 313 939 188 313 940 164 313 941 197 314 942 195 314 943 194 314 944 196 315 945 200 315 946 184 315 947 184 316 948 200 316 949 161 316 950 171 317 951 188 317 952 170 317 953 175 318 954 196 318 955 168 318 956 168 319 957 196 319 958 184 319 959 199 320 960 187 320 961 161 320 962 170 321 963 199 321 964 161 321 965 200 322 966 171 322 967 170 322 968 170 323 969 161 323 970 200 323 971 169 324 972 187 324 973 199 324 974 211 325 975 213 325 976 214 325 977 211 326 978 215 326 979 213 326 980 212 327 981 205 327 982 216 327 983 213 328 984 216 328 985 205 328 986 216 329 987 215 329 988 212 329 989 214 330 990 212 330 991 211 330 992 214 331 993 205 331 994 212 331 995 215 332 996 216 332 997 213 332 998 213 333 999 205 333 1000 214 333 1001 217 334 1002 209 334 1003 208 334 1004 217 335 1005 208 335 1006 206 335 1007 207 336 1008 218 336 1009 210 336 1010 208 337 1011 210 337 1012 218 337 1013 218 338 1014 207 338 1015 206 338 1016 209 339 1017 217 339 1018 207 339 1019 209 340 1020 207 340 1021 210 340 1022 206 341 1023 208 341 1024 218 341 1025 208 342 1026 209 342 1027 210 342 1028 217 343 1029 206 343 1030 224 343 1031 217 344 1032 224 344 1033 221 344 1034 206 345 1035 207 345 1036 222 345 1037 206 346 1038 222 346 1039 224 346 1040 212 347 1041 215 347 1042 223 347 1043 212 348 1044 223 348 1045 219 348 1046 207 349 1047 217 349 1048 221 349 1049 207 350 1050 221 350 1051 222 350 1052 211 351 1053 212 351 1054 219 351 1055 211 352 1056 219 352 1057 220 352 1058 215 353 1059 211 353 1060 220 353 1061 215 354 1062 220 354 1063 223 354 1064 166 355 1065 224 355 1066 165 355 1067 165 356 1068 224 356 1069 222 356 1070 165 357 1071 222 357 1072 167 357 1073 190 358 1074 163 358 1075 219 358 1076 190 359 1077 219 359 1078 223 359 1079 167 360 1080 222 360 1081 221 360 1082 167 361 1083 221 361 1084 194 361 1085 191 362 1086 185 362 1087 223 362 1088 191 363 1089 223 363 1090 220 363 1091 166 364 1092 194 364 1093 221 364 1094 166 365 1095 221 365 1096 224 365 1097 219 366 1098 163 366 1099 191 366 1100 219 367 1101 191 367 1102 220 367 1103 185 368 1104 190 368 1105 223 368 1106 162 369 1107 225 369 1108 192 369 1109 162 370 1110 192 370 1111 193 370 1112 185 371 1113 225 371 1114 162 371 1115 226 372 1116 166 372 1117 164 372 1118 192 373 1119 225 373 1120 191 373 1121 197 374 1122 226 374 1123 164 374 1124 197 375 1125 164 375 1126 188 375 1127 234 376 1128 246 376 1129 244 376 1130 234 377 1131 236 377 1132 246 377 1133 241 378 1134 228 378 1135 235 378 1136 241 379 1137 235 379 1138 245 379 1139 229 380 1140 227 380 1141 231 380 1142 230 381 1143 229 381 1144 231 381 1145 247 382 1146 237 382 1147 239 382 1148 247 383 1149 239 383 1150 251 383 1151 246 384 1152 235 384 1153 245 384 1154 246 385 1155 236 385 1156 235 385 1157 232 386 1158 236 386 1159 234 386 1160 233 387 1161 236 387 1162 232 387 1163 237 388 1164 238 388 1165 231 388 1166 229 389 1167 227 389 1168 234 389 1169 229 390 1170 234 390 1171 232 390 1172 230 391 1173 229 391 1174 232 391 1175 230 392 1176 232 392 1177 233 392 1178 238 393 1179 230 393 1180 231 393 1181 241 394 1182 231 394 1183 243 394 1184 241 395 1185 228 395 1186 231 395 1187 227 396 1188 243 396 1189 231 396 1190 227 397 1191 242 397 1192 243 397 1193 252 398 1194 239 398 1195 251 398 1196 252 399 1197 236 399 1198 239 399 1199 247 400 1200 231 400 1201 249 400 1202 247 401 1203 237 401 1204 231 401 1205 240 402 1206 236 402 1207 233 402 1208 239 403 1209 236 403 1210 240 403 1211 235 404 1212 252 404 1213 250 404 1214 235 405 1215 236 405 1216 252 405 1217 228 406 1218 248 406 1219 250 406 1220 228 407 1221 250 407 1222 235 407 1223 228 408 1224 249 408 1225 231 408 1226 228 409 1227 248 409 1228 249 409 1229 238 410 1230 230 410 1231 233 410 1232 238 411 1233 233 411 1234 240 411 1235 237 412 1236 238 412 1237 240 412 1238 237 413 1239 240 413 1240 239 413 1241 244 414 1242 242 414 1243 243 414 1244 244 415 1245 243 415 1246 246 415 1247 252 416 1248 249 416 1249 247 416 1250 252 417 1251 247 417 1252 251 417 1253 250 418 1254 248 418 1255 249 418 1256 250 419 1257 249 419 1258 252 419 1259 227 420 1260 242 420 1261 244 420 1262 227 421 1263 244 421 1264 234 421 1265 246 422 1266 243 422 1267 241 422 1268 246 423 1269 241 423 1270 245 423 1271 160 424 1272 179 424 1273 178 424 1274 160 425 1275 178 425 1276 180 425 1277 126 426 1278 128 426 1279 134 426 1280</p>
        </triangles>
      </mesh>
    </geometry>
  </library_geometries>
  <library_controllers>
    <controller id="machairophoros_sele2_Skin_stormenn-fre-skin" name="machairophoros_sele2_Skin">
      <skin source="#stormenn-fre-mesh">
        <bind_shape_matrix>1 0 0 0 0 1 0 0 0 0 1 0 0 0 0 1</bind_shape_matrix>
        <source id="machairophoros_sele2_Skin_stormenn-fre-skin-joints">
          <Name_array id="machairophoros_sele2_Skin_stormenn-fre-skin-joints-array" count="20">pelvis femurleft butt-l knee-l-top knee-l-bopttom ankle_left foot_left01 femurright butt-r knee-r-top knee-r-bopttom ankleright foot_right01 rib scapula ulna scapula01 ulna01 smoke_node_1 neck</Name_array>
          <technique_common>
            <accessor source="#machairophoros_sele2_Skin_stormenn-fre-skin-joints-array" count="20" stride="1">
              <param name="JOINT" type="name"/>
            </accessor>
          </technique_common>
        </source>
        <source id="machairophoros_sele2_Skin_stormenn-fre-skin-bind_poses">
          <float_array id="machairophoros_sele2_Skin_stormenn-fre-skin-bind_poses-array" count="320">1 0 0 -2.88205e-4 0 0 1 -1.989969 0 -1 0 0.05965083 0 0 0 1 1 0 0 -0.2295659 0 -1.19209e-7 1 -1.980151 0 -1 -1.34359e-7 0 0 0 0 1 1 0 0 -0.2300334 0 -4.17233e-7 1 -1.881625 0 -1 -4.32134e-7 0.2278661 0 0 0 1 1 0 0 -0.2579528 0 -1.19209e-7 1 -1.492427 0 -1 -1.3411e-7 -0.3577119 0 0 0 1 1 0 0 -0.2616621 0 -2.30968e-7 1 -1.243225 0 -1 -2.45869e-7 0.03760051 0 0 0 1 1 -7.75266e-7 2.95467e-7 -0.2703902 0 -0.3687224 -0.9295396 0.1499912 8.29585e-7 0.9295397 -0.3687224 -0.04846733 0 0 0 1 1 -6.03446e-7 2.75793e-5 -0.2703911 0 -0.9997609 -0.02187508 -0.2401514 2.75859e-5 0.02187508 -0.9997608 0.02882629 0 0 0 1 1 0 0 0.2313526 0 0 1 -1.980151 0 -1 0 0 0 0 0 1 1 0 0 0.2346149 0 -8.27014e-7 1 -1.884255 0 -1 -8.41916e-7 0.2262771 0 0 0 1 1 0 0 0.1784679 0 -6.78003e-7 1 -1.491813 0 -1 -7.00355e-7 -0.3589497 0 0 0 1 1 0 0 0.2454932 0 0 1 -1.243115 0 -1 0 0.03760027 0 0 0 1 1 -6.86382e-7 2.74501e-7 0.2586691 0 -0.3687208 -0.9295402 0.1530215 7.39234e-7 0.9295393 -0.3687208 -0.04726481 0 0 0 1 1 -3.99763e-7 1.82701e-5 0.2586684 0 -0.9997599 -0.02187585 -0.2400797 1.82744e-5 0.0218755 -0.9997607 0.03209751 0 0 0 1 1 0 0 0.007960081 0 -1.19209e-7 1 -2.884791 0 -1 -1.34359e-7 0 0 0 0 1 0.2503775 -1.55458e-7 0.9681483 -3.132813 -0.9681484 0 0.2503776 -0.3863547 0 -1 -1.69824e-7 2.37715e-7 0 0 0 1 0.2503778 -1.22874e-7 0.9681484 -3.256551 -0.9681482 0 0.2503778 0.2130013 0 -1 -1.38278e-7 1.4243e-7 0 0 0 1 0.2418898 1.74921e-6 -0.9703037 3.145968 0.9703038 0 0.2418898 -0.3192266 4.2915e-7 -1 -1.71091e-6 5.20677e-6 0 0 0 1 0.2418899 1.78902e-6 -0.9703038 3.257972 0.9703038 0 0.2418897 0.28013 3.23111e-7 -1 -1.77838e-6 5.50878e-6 0 0 0 1 0.2433366 -8.18018e-6 -0.9699418 3.371101 -0.00657159 -0.9999771 -0.0016402 -0.05516958 -0.9699198 0.006773233 -0.2433309 -0.9883009 0 0 0 1 1 0 0 0.02165722 0 0 1 -3.354291 0 -1 -1.2116e-7 1.64899e-7 0 0 0 1</float_array>
          <technique_common>
            <accessor source="#machairophoros_sele2_Skin_stormenn-fre-skin-bind_poses-array" count="20" stride="16">
              <param name="TRANSFORM" type="float4x4"/>
            </accessor>
          </technique_common>
        </source>
        <source id="machairophoros_sele2_Skin_stormenn-fre-skin-weights">
          <float_array id="machairophoros_sele2_Skin_stormenn-fre-skin-weights-array" count="254">1 1 1 1 1 1 1 1 1 1 1 1 1 1 1 1 1 1 1 1 1 1 1 1 1 1 1 1 1 1 1 1 1 1 1 1 1 1 1 1 1 1 1 1 1 1 1 1 1 1 1 1 1 1 1 1 1 1 1 1 1 1 1 1 1 1 1 1 1 1 1 1 1 1 1 1 1 1 1 1 1 1 1 1 1 1 1 1 1 1 1 1 1 1 1 1 1 1 1 1 1 1 1 1 1 1 1 1 1 1 1 1 1 1 1 1 1 1 1 1 1 1 1 1 1 1 1 1 1 1 1 1 1 1 1 1 1 1 1 1 1 1 1 1 1 1 1 1 1 1 1 1 1 1 1 1 1 1 1 1 1 1 1 1 1 1 1 1 1 1 1 1 1 1 1 1 1 1 1 1 1 1 1 1 1 1 1 1 1 1 1 1 1 1 1 1 1 1 1 1 1 1 1 1 0.5 0.5 1 1 1 1 1 1 1 1 1 1 1 1 1 1 1 1 1 1 1 1 1 1 1 1 1 1 1 1 1 1 1 1 1 1 1 1 1 1 1 1 1 1 1 1 1 1 1 1</float_array>
          <technique_common>
            <accessor source="#machairophoros_sele2_Skin_stormenn-fre-skin-weights-array" count="254" stride="1">
              <param name="WEIGHT" type="float"/>
            </accessor>
          </technique_common>
        </source>
        <joints>
          <input semantic="JOINT" source="#machairophoros_sele2_Skin_stormenn-fre-skin-joints"/>
          <input semantic="INV_BIND_MATRIX" source="#machairophoros_sele2_Skin_stormenn-fre-skin-bind_poses"/>
        </joints>
        <vertex_weights count="253">
          <input semantic="JOINT" source="#machairophoros_sele2_Skin_stormenn-fre-skin-joints" offset="0"/>
          <input semantic="WEIGHT" source="#machairophoros_sele2_Skin_stormenn-fre-skin-weights" offset="1"/>
          <vcount>1 1 1 1 1 1 1 1 1 1 1 1 1 1 1 1 1 1 1 1 1 1 1 1 1 1 1 1 1 1 1 1 1 1 1 1 1 1 1 1 1 1 1 1 1 1 1 1 1 1 1 1 1 1 1 1 1 1 1 1 1 1 1 1 1 1 1 1 1 1 1 1 1 1 1 1 1 1 1 1 1 1 1 1 1 1 1 1 1 1 1 1 1 1 1 1 1 1 1 1 1 1 1 1 1 1 1 1 1 1 1 1 1 1 1 1 1 1 1 1 1 1 1 1 1 1 1 1 1 1 1 1 1 1 1 1 1 1 1 1 1 1 1 1 1 1 1 1 1 1 1 1 1 1 1 1 1 1 1 1 1 1 1 1 1 1 1 1 1 1 1 1 1 1 1 1 1 1 1 1 1 1 1 1 1 1 1 1 1 1 1 1 1 1 1 1 1 1 1 1 1 1 1 1 2 1 1 1 1 1 1 1 1 1 1 1 1 1 1 1 1 1 1 1 1 1 1 1 1 1 1 1 1 1 1 1 1 1 1 1 1 1 1 1 1 1 1 1 1 1 1 1 1 </vcount>
          <v>18 0 18 1 18 2 18 3 18 4 18 5 18 6 18 7 18 8 18 9 18 10 18 11 18 12 18 13 18 14 18 15 18 16 18 17 18 18 18 19 18 20 18 21 18 22 18 23 18 24 18 25 18 26 18 27 18 28 18 29 18 30 18 31 18 32 18 33 18 34 18 35 19 36 19 37 19 38 19 39 19 40 19 41 19 42 19 43 19 44 19 45 19 46 19 47 19 48 19 49 19 50 19 51 19 52 19 53 19 54 19 55 19 56 19 57 19 58 19 59 19 60 19 61 19 62 19 63 19 64 19 65 19 66 19 67 19 68 19 69 19 70 19 71 19 72 19 73 19 74 19 75 19 76 19 77 19 78 19 79 19 80 19 81 19 82 19 83 19 84 19 85 19 86 19 87 19 88 19 89 19 90 19 91 19 92 19 93 19 94 19 95 19 96 19 97 19 98 19 99 19 100 19 101 19 102 19 103 19 104 19 105 19 106 19 107 19 108 19 109 19 110 19 111 19 112 19 113 19 114 19 115 19 116 19 117 12 118 12 119 6 120 6 121 6 122 6 123 12 124 12 125 4 126 5 127 4 128 5 129 10 130 10 131 11 132 5 133 4 134 10 135 11 136 11 137 4 138 10 139 4 140 10 141 10 142 10 143 4 144 4 145 6 146 6 147 12 148 12 149 12 150 12 151 6 152 6 153 7 154 7 155 1 156 1 157 8 158 3 159 9 160 13 161 16 162 17 163 14 164 15 165 14 166 15 167 13 168 13 169 13 170 13 171 8 172 8 173 0 174 0 175 0 176 2 177 1 178 3 179 7 180 8 181 2 182 2 183 13 184 16 185 13 186 13 187 13 188 16 189 17 190 17 191 16 192 13 193 15 194 14 195 13 196 14 197 0 198 13 199 13 200 1 201 9 202 7 203 2 204 8 205 17 206 15 207 15 208 15 209 15 210 15 211 17 212 17 213 17 214 17 215 17 216 17 217 15 218 15 219 17 220 17 221 15 222 15 223 17 224 15 225 16 226 14 227 15 228 15 229 15 230 15 231 15 232 15 233 15 234 15 235 15 236 15 237 15 238 15 239 15 240 15 241 15 242 15 243 15 244 15 245 15 246 15 247 15 248 15 249 15 250 15 251 15 252 15 253</v>
        </vertex_weights>
      </skin>
    </controller>
  </library_controllers>
  <library_visual_scenes>
    <visual_scene id="Scene" name="Scene">
      <node id="machairophoros_sele2_Skin" name="machairophoros_sele2_Skin" type="NODE">
        <matrix sid="transform">1 0 0 0 0 1 0 0 0 0 1 0 0 0 0 1</matrix>
        <node id="machairophoros_sele2_Skin_root" name="root" sid="root" type="JOINT">
          <matrix sid="transform">1 5.49895e-16 2.62398e-8 0 2.62398e-8 -1.34359e-7 -1 -1.01207e-7 2.97565e-15 1 -1.19209e-7 2.154822 0 0 0 1</matrix>
          <node id="machairophoros_sele2_Skin_pelvis" name="pelvis" sid="pelvis" type="JOINT">
            <matrix sid="transform">1 0 9.28837e-9 2.88204e-4 -3.46018e-16 1 3.72528e-8 -0.1648533 -9.28837e-9 -3.72528e-8 1 -0.05965076 0 0 0 1</matrix>
            <node id="machairophoros_sele2_Skin_femurleft" name="femurleft" sid="femurleft" type="JOINT">
              <matrix sid="transform">1 -3.87761e-15 5.08076e-9 0.2292777 0 1 -3.72529e-8 -0.0098176 -5.08076e-9 3.75012e-8 1 0.05965088 0 0 0 1</matrix>
              <node id="machairophoros_sele2_Skin_butt-l" name="butt-l" sid="butt-l" type="JOINT">
                <matrix sid="transform">1 -4.56025e-15 4.2319e-9 4.67554e-4 1.26121e-15 1 -2.98023e-7 -0.098526 -4.2319e-9 2.98023e-7 1 -0.2278655 0 0 0 1</matrix>
                <extra>
                  <technique profile="blender">
                    <layer sid="layer" type="string">0</layer>
                    <roll sid="roll" type="float">0</roll>
                    <tip_x sid="tip_x" type="float">0</tip_x>
                    <tip_y sid="tip_y" type="float">0</tip_y>
                    <tip_z sid="tip_z" type="float">0.1</tip_z>
                  </technique>
                </extra>
              </node>
              <node id="machairophoros_sele2_Skin_knee-l-top" name="knee-l-top" sid="knee-l-top" type="JOINT">
                <matrix sid="transform">1 -4.56025e-15 7.79386e-9 0.02838683 0 1 0 -0.4877242 -7.79386e-9 0 1 0.357712 0 0 0 1</matrix>
                <extra>
                  <technique profile="blender">
                    <layer sid="layer" type="string">0</layer>
                    <roll sid="roll" type="float">0</roll>
                    <tip_x sid="tip_x" type="float">0</tip_x>
                    <tip_y sid="tip_y" type="float">0</tip_y>
                    <tip_z sid="tip_z" type="float">0.1</tip_z>
                  </technique>
                </extra>
              </node>
              <node id="machairophoros_sele2_Skin_knee-l-bopttom" name="knee-l-bopttom" sid="knee-l-bopttom" type="JOINT">
                <matrix sid="transform">1 -4.56025e-15 3.00215e-8 0.03209621 3.35516e-15 1 -1.11759e-7 -0.736926 -3.00215e-8 1.11759e-7 1 -0.03760031 0 0 0 1</matrix>
                <node id="machairophoros_sele2_Skin_ankle_left" name="ankle left" sid="ankle_left" type="JOINT">
                  <matrix sid="transform">1 -5.11042e-8 8.89745e-7 0.008728147 2.95467e-7 -0.9295395 -0.3687225 -1.121673 8.45896e-7 0.3687225 -0.9295393 -0.0627567 0 0 0 1</matrix>
                  <node id="machairophoros_sele2_Skin_foot_left01" name="foot left01" sid="foot_left01" type="JOINT">
                    <matrix sid="transform">1 7.68617e-7 2.72736e-5 2.68221e-7 -2.54248e-5 0.3889679 0.9212513 0.2168392 -9.90046e-6 -0.9212513 0.3889679 -0.2809223 0 0 0 1</matrix>
                    <extra>
                      <technique profile="blender">
                        <layer sid="layer" type="string">0</layer>
                        <roll sid="roll" type="float">2.7577e-5</roll>
                        <tip_x sid="tip_x" type="float">0</tip_x>
                        <tip_y sid="tip_y" type="float">-0.09997606</tip_y>
                        <tip_z sid="tip_z" type="float">-0.00218749</tip_z>
                      </technique>
                    </extra>
                  </node>
                  <extra>
                    <technique profile="blender">
                      <layer sid="layer" type="string">0</layer>
                      <roll sid="roll" type="float">8.29585e-7</roll>
                      <tip_x sid="tip_x" type="float">0</tip_x>
                      <tip_y sid="tip_y" type="float">-0.03687214</tip_y>
                      <tip_z sid="tip_z" type="float">-0.09295386</tip_z>
                    </technique>
                  </extra>
                </node>
                <extra>
                  <technique profile="blender">
                    <layer sid="layer" type="string">0</layer>
                    <roll sid="roll" type="float">0</roll>
                    <tip_x sid="tip_x" type="float">0</tip_x>
                    <tip_y sid="tip_y" type="float">0</tip_y>
                    <tip_z sid="tip_z" type="float">0.1</tip_z>
                  </technique>
                </extra>
              </node>
              <extra>
                <technique profile="blender">
                  <layer sid="layer" type="string">0</layer>
                  <roll sid="roll" type="float">0</roll>
                  <tip_x sid="tip_x" type="float">0</tip_x>
                  <tip_y sid="tip_y" type="float">0</tip_y>
                  <tip_z sid="tip_z" type="float">0.0999999</tip_z>
                </technique>
              </extra>
            </node>
            <node id="machairophoros_sele2_Skin_femurright" name="femurright" sid="femurright" type="JOINT">
              <matrix sid="transform">1 -3.87761e-15 5.08076e-9 -0.2316408 0 1 0 -0.0098176 -5.08076e-9 2.48278e-10 1 0.05965088 0 0 0 1</matrix>
              <node id="machairophoros_sele2_Skin_butt-r" name="butt-r" sid="butt-r" type="JOINT">
                <matrix sid="transform">1 -4.37098e-15 5.58592e-9 -0.003262356 4.16184e-15 1 -7.45058e-7 -0.09589529 -5.58592e-9 7.45058e-7 1 -0.2262758 0 0 0 1</matrix>
                <extra>
                  <technique profile="blender">
                    <layer sid="layer" type="string">0</layer>
                    <roll sid="roll" type="float">0</roll>
                    <tip_x sid="tip_x" type="float">0</tip_x>
                    <tip_y sid="tip_y" type="float">0</tip_y>
                    <tip_z sid="tip_z" type="float">0.1</tip_z>
                  </technique>
                </extra>
              </node>
              <node id="machairophoros_sele2_Skin_knee-r-top" name="knee-r-top" sid="knee-r-top" type="JOINT">
                <matrix sid="transform">1 -4.37098e-15 9.03824e-9 0.05288468 5.38721e-15 0.9999999 -5.96046e-7 -0.4883385 -9.03824e-9 5.96046e-7 1 0.3589506 0 0 0 1</matrix>
                <extra>
                  <technique profile="blender">
                    <layer sid="layer" type="string">0</layer>
                    <roll sid="roll" type="float">0</roll>
                    <tip_x sid="tip_x" type="float">0</tip_x>
                    <tip_y sid="tip_y" type="float">0</tip_y>
                    <tip_z sid="tip_z" type="float">0.1</tip_z>
                  </technique>
                </extra>
              </node>
              <node id="machairophoros_sele2_Skin_knee-r-bopttom" name="knee-r-bopttom" sid="knee-r-bopttom" type="JOINT">
                <matrix sid="transform">1 -4.37098e-15 1.55375e-8 -0.01414061 0 1 0 -0.7370361 -1.55375e-8 0 1 -0.03760032 0 0 0 1</matrix>
                <node id="machairophoros_sele2_Skin_ankleright" name="ankleright" sid="ankleright" type="JOINT">
                  <matrix sid="transform">1 -1.86264e-8 7.91425e-7 -0.01317592 2.74501e-7 -0.92954 -0.3687213 -1.118303 7.42529e-7 0.3687213 -0.9295409 -0.06275676 0 0 0 1</matrix>
                  <node id="machairophoros_sele2_Skin_foot_right01" name="foot right01" sid="foot_right01" type="JOINT">
                    <matrix sid="transform">1 6.80214e-7 1.7985e-5 2.68221e-7 -1.68333e-5 0.3889671 0.9212517 0.2168391 -6.36892e-6 -0.9212515 0.3889672 -0.2809219 0 0 0 1</matrix>
                    <extra>
                      <technique profile="blender">
                        <layer sid="layer" type="string">0</layer>
                        <roll sid="roll" type="float">1.8277e-5</roll>
                        <tip_x sid="tip_x" type="float">0</tip_x>
                        <tip_y sid="tip_y" type="float">-0.099976</tip_y>
                        <tip_z sid="tip_z" type="float">-0.00218749</tip_z>
                      </technique>
                    </extra>
                  </node>
                  <extra>
                    <technique profile="blender">
                      <layer sid="layer" type="string">0</layer>
                      <roll sid="roll" type="float">7.39234e-7</roll>
                      <tip_x sid="tip_x" type="float">0</tip_x>
                      <tip_y sid="tip_y" type="float">-0.03687208</tip_y>
                      <tip_z sid="tip_z" type="float">-0.09295397</tip_z>
                    </technique>
                  </extra>
                </node>
                <extra>
                  <technique profile="blender">
                    <layer sid="layer" type="string">0</layer>
                    <roll sid="roll" type="float">0</roll>
                    <tip_x sid="tip_x" type="float">0</tip_x>
                    <tip_y sid="tip_y" type="float">0</tip_y>
                    <tip_z sid="tip_z" type="float">0.1</tip_z>
                  </technique>
                </extra>
              </node>
              <extra>
                <technique profile="blender">
                  <layer sid="layer" type="string">0</layer>
                  <roll sid="roll" type="float">0</roll>
                  <tip_x sid="tip_x" type="float">0</tip_x>
                  <tip_y sid="tip_y" type="float">0</tip_y>
                  <tip_z sid="tip_z" type="float">0.0999999</tip_z>
                </technique>
              </extra>
            </node>
            <node id="machairophoros_sele2_Skin_lumbar" name="lumbar" sid="lumbar" type="JOINT">
              <matrix sid="transform">1 -3.87761e-15 4.81516e-9 0.004538174 0 1 3.72529e-8 0.189765 -4.81516e-9 -3.70047e-8 1 -0.05340066 0 0 0 1</matrix>
              <node id="machairophoros_sele2_Skin_rib" name="rib" sid="rib" type="JOINT">
                <matrix sid="transform">1 -4.16581e-15 4.29795e-9 -0.01278648 3.20222e-16 1 -7.45059e-8 0.7050576 -4.29795e-9 7.47541e-8 1 0.1130516 0 0 0 1</matrix>
                <node id="machairophoros_sele2_Skin_scapula" name="scapula" sid="scapula" type="JOINT">
                  <matrix sid="transform">0.2503776 -0.9681482 -6.74456e-8 0.4182977 0.9681482 0.2503775 -3.54657e-8 0.2449708 5.12229e-8 -5.64175e-8 1 -5.3815e-8 0 0 0 1</matrix>
                  <node id="machairophoros_sele2_Skin_ulna" name="ulna" sid="ulna" type="JOINT">
                    <matrix sid="transform">0.9999999 1.78814e-7 3.2584e-8 0.1237381 -1.78814e-7 1 2.62901e-13 -0.5993565 -3.2584e-8 -2.73559e-13 1 -1.08265e-8 0 0 0 1</matrix>
                    <node id="machairophoros_sele2_Skin_carpal" name="carpal" sid="carpal" type="JOINT">
                      <matrix sid="transform">1 -1.93715e-7 4.72521e-9 0.1033103 1.63913e-7 0.9999999 -1.49011e-7 -0.5754044 -4.72518e-9 1.49011e-7 1 0.07377816 0 0 0 1</matrix>
                      <node id="machairophoros_sele2_Skin_ammo_node_1" name="ammo node 1" sid="ammo_node_1" type="JOINT">
                        <matrix sid="transform">0.9999996 1.49332e-7 8.19057e-4 0.176682 8.19191e-4 0.001923591 -0.9999979 0.235345 -1.7269e-6 0.9999982 0.001923434 -0.07377824 0 0 0 1</matrix>
                        <extra>
                          <technique profile="blender">
                            <layer sid="layer" type="string">0</layer>
                            <roll sid="roll" type="float">-2.329238</roll>
                            <tip_x sid="tip_x" type="float">-1.86205e-4</tip_x>
                            <tip_y sid="tip_y" type="float">-0.09999984</tip_y>
                            <tip_z sid="tip_z" type="float">4.81606e-5</tip_z>
                          </technique>
                        </extra>
                      </node>
                      <extra>
                        <technique profile="blender">
                          <layer sid="layer" type="string">0</layer>
                          <roll sid="roll" type="float">-1.317726</roll>
                          <tip_x sid="tip_x" type="float">-0.09681487</tip_x>
                          <tip_y sid="tip_y" type="float">0</tip_y>
                          <tip_z sid="tip_z" type="float">0.02503776</tip_z>
                        </technique>
                      </extra>
                    </node>
                    <extra>
                      <technique profile="blender">
                        <layer sid="layer" type="string">0</layer>
                        <roll sid="roll" type="float">-1.317726</roll>
                        <tip_x sid="tip_x" type="float">-0.09681487</tip_x>
                        <tip_y sid="tip_y" type="float">0</tip_y>
                        <tip_z sid="tip_z" type="float">0.02503776</tip_z>
                      </technique>
                    </extra>
                  </node>
                  <extra>
                    <technique profile="blender">
                      <layer sid="layer" type="string">0</layer>
                      <roll sid="roll" type="float">-1.317726</roll>
                      <tip_x sid="tip_x" type="float">-0.09681481</tip_x>
                      <tip_y sid="tip_y" type="float">0</tip_y>
                      <tip_z sid="tip_z" type="float">0.02503776</tip_z>
                    </technique>
                  </extra>
                </node>
                <node id="machairophoros_sele2_Skin_scapula01" name="scapula01" sid="scapula01" type="JOINT">
                  <matrix sid="transform">0.2418898 0.9703037 3.84509e-7 -0.4432708 -0.9703037 0.2418899 -1.57655e-6 0.2449708 -1.62274e-6 8.26162e-9 1 -5.3815e-8 0 0 0 1</matrix>
                  <node id="machairophoros_sele2_Skin_ulna01" name="ulna01" sid="ulna01" type="JOINT">
                    <matrix sid="transform">0.9999999 1.63913e-7 3.98129e-8 -0.1120031 -1.49012e-7 1 -1.19209e-7 -0.5993562 -3.98129e-8 1.1921e-7 1 -2.0569e-7 0 0 0 1</matrix>
                    <node id="machairophoros_sele2_Skin_carpal_right" name="carpal right" sid="carpal_right" type="JOINT">
                      <matrix sid="transform">1 2.74181e-6 -2.60575e-6 -0.1377463 -2.5332e-6 1 1.52056e-12 -0.5311353 2.60575e-6 5.48539e-12 1 -4.01507e-7 0 0 0 1</matrix>
                      <node id="machairophoros_sele2_Skin_smoke_node_1" name="smoke node 1" sid="smoke_node_1" type="JOINT">
                        <matrix sid="transform">0.999999 2.75637e-6 0.001493841 0.02609396 0.001493886 -0.006773171 -0.9999759 -0.182413 7.36174e-6 0.9999771 -0.00677311 0.0484467 0 0 0 1</matrix>
                        <node id="machairophoros_sele2_Skin_ammo_node_0" name="ammo node 0" sid="ammo_node_0" type="JOINT">
                          <matrix sid="transform">0.9999988 0.001547426 8.84866e-6 0.00254631 1.63226e-6 -0.006773187 0.9999771 1.569697 0.001547307 -0.9999759 -0.006773135 0.04449195 0 0 0 1</matrix>
                          <extra>
                            <technique profile="blender">
                              <layer sid="layer" type="string">0</layer>
                              <roll sid="roll" type="float">1.32654</roll>
                              <tip_x sid="tip_x" type="float">0.09744572</tip_x>
                              <tip_y sid="tip_y" type="float">0</tip_y>
                              <tip_z sid="tip_z" type="float">0.02428674</tip_z>
                            </technique>
                          </extra>
                        </node>
                        <extra>
                          <technique profile="blender">
                            <layer sid="layer" type="string">0</layer>
                            <roll sid="roll" type="float">1.327545</roll>
                            <tip_x sid="tip_x" type="float">-6.57201e-4</tip_x>
                            <tip_y sid="tip_y" type="float">-0.09999769</tip_y>
                            <tip_z sid="tip_z" type="float">-1.64032e-4</tip_z>
                          </technique>
                        </extra>
                      </node>
                      <extra>
                        <technique profile="blender">
                          <layer sid="layer" type="string">0</layer>
                          <roll sid="roll" type="float">1.326485</roll>
                          <tip_x sid="tip_x" type="float">0.09703052</tip_x>
                          <tip_y sid="tip_y" type="float">0</tip_y>
                          <tip_z sid="tip_z" type="float">0.02418875</tip_z>
                        </technique>
                      </extra>
                    </node>
                    <extra>
                      <technique profile="blender">
                        <layer sid="layer" type="string">0</layer>
                        <roll sid="roll" type="float">1.326485</roll>
                        <tip_x sid="tip_x" type="float">0.09703046</tip_x>
                        <tip_y sid="tip_y" type="float">0</tip_y>
                        <tip_z sid="tip_z" type="float">0.02418899</tip_z>
                      </technique>
                    </extra>
                  </node>
                  <extra>
                    <technique profile="blender">
                      <layer sid="layer" type="string">0</layer>
                      <roll sid="roll" type="float">1.326485</roll>
                      <tip_x sid="tip_x" type="float">0.0970304</tip_x>
                      <tip_y sid="tip_y" type="float">0</tip_y>
                      <tip_z sid="tip_z" type="float">0.02418899</tip_z>
                    </technique>
                  </extra>
                </node>
                <node id="machairophoros_sele2_Skin_neck" name="neck" sid="neck" type="JOINT">
                  <matrix sid="transform">1 -4.74328e-15 3.79429e-9 -0.01369714 0 0.9999999 1.31986e-8 0.4694993 -3.79429e-9 -1.31986e-8 1 -1.63863e-7 0 0 0 1</matrix>
                  <node id="machairophoros_sele2_Skin_skull" name="skull" sid="skull" type="JOINT">
                    <matrix sid="transform">1 -4.65667e-10 1.48448e-9 -0.007297667 0 1 7.45047e-9 0.4520025 -1.48448e-9 -7.45045e-9 1 7.10192e-8 0 0 0 1</matrix>
                    <node id="machairophoros_sele2_Skin_nogginbottom" name="nogginbottom" sid="nogginbottom" type="JOINT">
                      <matrix sid="transform">1 2.3283e-9 2.36499e-7 0.001799162 -1.22153e-8 0.9991254 0.0418141 0.08982587 -2.36195e-7 -0.0418141 0.9991254 0.2822085 0 0 0 1</matrix>
                      <extra>
                        <technique profile="blender">
                          <layer sid="layer" type="string">0</layer>
                          <roll sid="roll" type="float">2.86376e-7</roll>
                          <tip_x sid="tip_x" type="float">0</tip_x>
                          <tip_y sid="tip_y" type="float">0.004181385</tip_y>
                          <tip_z sid="tip_z" type="float">0.09991264</tip_z>
                        </technique>
                      </extra>
                    </node>
                    <node id="machairophoros_sele2_Skin_plumes" name="plumes" sid="plumes" type="JOINT">
                      <matrix sid="transform">1 2.3283e-9 3.70634e-7 -0.002369048 -1.01487e-8 0.9997773 0.02110148 0.1819341 -3.70502e-7 -0.02110148 0.9997773 0.1862074 0 0 0 1</matrix>
                      <extra>
                        <technique profile="blender">
                          <layer sid="layer" type="string">0</layer>
                          <roll sid="roll" type="float">4.20543e-7</roll>
                          <tip_x sid="tip_x" type="float">0</tip_x>
                          <tip_y sid="tip_y" type="float">0.002110123</tip_y>
                          <tip_z sid="tip_z" type="float">0.09997797</tip_z>
                        </technique>
                      </extra>
                    </node>
                    <node id="machairophoros_sele2_Skin_skulltop" name="skulltop" sid="skulltop" type="JOINT">
                      <matrix sid="transform">1 -5.37179e-15 4.60018e-9 -0.00416824 0 1 3.55271e-14 0.3702886 -4.60018e-9 -3.55271e-14 1 -5.68434e-14 0 0 0 1</matrix>
                      <extra>
                        <technique profile="blender">
                          <layer sid="layer" type="string">0</layer>
                          <roll sid="roll" type="float">0</roll>
                          <tip_x sid="tip_x" type="float">0</tip_x>
                          <tip_y sid="tip_y" type="float">0</tip_y>
                          <tip_z sid="tip_z" type="float">0.0999999</tip_z>
                        </technique>
                      </extra>
                    </node>
                    <extra>
                      <technique profile="blender">
                        <layer sid="layer" type="string">0</layer>
                        <roll sid="roll" type="float">0</roll>
                        <tip_x sid="tip_x" type="float">0</tip_x>
                        <tip_y sid="tip_y" type="float">0</tip_y>
                        <tip_z sid="tip_z" type="float">0.1000001</tip_z>
                      </technique>
                    </extra>
                  </node>
                  <node id="machairophoros_sele2_Skin_smoke_node_0" name="smoke node 0" sid="smoke_node_0" type="JOINT">
                    <matrix sid="transform">1 -1.26893e-5 -1.1042e-6 0.006514958 -1.10467e-6 1.07102e-7 -1 0.09218764 1.26893e-5 1 1.19034e-7 0.2430202 0 0 0 1</matrix>
                    <extra>
                      <technique profile="blender">
                        <layer sid="layer" type="string">0</layer>
                        <roll sid="roll" type="float">3.141592</roll>
                        <tip_x sid="tip_x" type="float">-1.2638e-6</tip_x>
                        <tip_y sid="tip_y" type="float">-0.09999996</tip_y>
                        <tip_z sid="tip_z" type="float">0</tip_z>
                      </technique>
                    </extra>
                  </node>
                  <extra>
                    <technique profile="blender">
                      <layer sid="layer" type="string">0</layer>
                      <roll sid="roll" type="float">0</roll>
                      <tip_x sid="tip_x" type="float">0</tip_x>
                      <tip_y sid="tip_y" type="float">0</tip_y>
                      <tip_z sid="tip_z" type="float">0.1000001</tip_z>
                    </technique>
                  </extra>
                </node>
                <node id="machairophoros_sele2_Skin_cloaktop" name="cloaktop" sid="cloaktop" type="JOINT">
                  <matrix sid="transform">1 -4.74328e-15 6.60961e-9 0.009935169 0 0.9999999 1.42109e-14 0.3512919 -6.60961e-9 0 1 -0.1981268 0 0 0 1</matrix>
                  <node id="machairophoros_sele2_Skin_cloak" name="cloak" sid="cloak" type="JOINT">
                    <matrix sid="transform">1 -5.63134e-15 1.47715e-10 0.004538157 0 1 1.49011e-7 -0.859081 -1.47715e-10 -1.48763e-7 1 -0.2356979 0 0 0 1</matrix>
                    <node id="machairophoros_sele2_Skin_cloakbottom" name="cloakbottom" sid="cloakbottom" type="JOINT">
                      <matrix sid="transform">1 -5.62917e-15 0 -0.02733967 0 1 0 -0.8312191 0 2.48534e-10 1 -0.1177093 0 0 0 1</matrix>
                      <extra>
                        <technique profile="blender">
                          <layer sid="layer" type="string">0</layer>
                          <roll sid="roll" type="float">0</roll>
                          <tip_x sid="tip_x" type="float">0</tip_x>
                          <tip_y sid="tip_y" type="float">0</tip_y>
                          <tip_z sid="tip_z" type="float">0.1</tip_z>
                        </technique>
                      </extra>
                    </node>
                    <extra>
                      <technique profile="blender">
                        <layer sid="layer" type="string">0</layer>
                        <roll sid="roll" type="float">0</roll>
                        <tip_x sid="tip_x" type="float">0</tip_x>
                        <tip_y sid="tip_y" type="float">0</tip_y>
                        <tip_z sid="tip_z" type="float">0.1000001</tip_z>
                      </technique>
                    </extra>
                  </node>
                  <extra>
                    <technique profile="blender">
                      <layer sid="layer" type="string">0</layer>
                      <roll sid="roll" type="float">0</roll>
                      <tip_x sid="tip_x" type="float">0</tip_x>
                      <tip_y sid="tip_y" type="float">0</tip_y>
                      <tip_z sid="tip_z" type="float">0.0999999</tip_z>
                    </technique>
                  </extra>
                </node>
                <extra>
                  <technique profile="blender">
                    <layer sid="layer" type="string">0</layer>
                    <roll sid="roll" type="float">0</roll>
                    <tip_x sid="tip_x" type="float">0</tip_x>
                    <tip_y sid="tip_y" type="float">0</tip_y>
                    <tip_z sid="tip_z" type="float">0.0999999</tip_z>
                  </technique>
                </extra>
              </node>
              <extra>
                <technique profile="blender">
                  <layer sid="layer" type="string">0</layer>
                  <roll sid="roll" type="float">0</roll>
                  <tip_x sid="tip_x" type="float">0</tip_x>
                  <tip_y sid="tip_y" type="float">0</tip_y>
                  <tip_z sid="tip_z" type="float">0.0999999</tip_z>
                </technique>
              </extra>
            </node>
            <extra>
              <technique profile="blender">
                <layer sid="layer" type="string">0</layer>
                <roll sid="roll" type="float">0</roll>
                <tip_x sid="tip_x" type="float">0</tip_x>
                <tip_y sid="tip_y" type="float">0</tip_y>
                <tip_z sid="tip_z" type="float">0.1000001</tip_z>
              </technique>
            </extra>
          </node>
          <extra>
            <technique profile="blender">
              <layer sid="layer" type="string">0</layer>
              <roll sid="roll" type="float">0</roll>
              <tip_x sid="tip_x" type="float">0</tip_x>
              <tip_y sid="tip_y" type="float">0</tip_y>
              <tip_z sid="tip_z" type="float">0.1000001</tip_z>
            </technique>
          </extra>
        </node>
      </node>
      <node id="stormenn-fre" name="stormenn-fre" type="NODE">
        <translate sid="location">0 0 0</translate>
        <rotate sid="rotationZ">0 0 1 0</rotate>
        <rotate sid="rotationY">0 1 0 0</rotate>
        <rotate sid="rotationX">1 0 0 0</rotate>
        <scale sid="scale">1 1 1</scale>
        <instance_controller url="#machairophoros_sele2_Skin_stormenn-fre-skin">
          <skeleton>#machairophoros_sele2_Skin_root</skeleton>
          <bind_material>
            <technique_common>
              <instance_material symbol="Lukhata_000-material" target="#Lukhata_000-material"/>
            </technique_common>
          </bind_material>
        </instance_controller>
      </node>
      <node id="LAMP_FRONT_PEACH" name="LAMP_FRONT_PEACH" type="NODE">
        <matrix sid="transform">3.591979 0.1901838 0.1047818 0.07793808 -0.1418689 3.370134 -1.253606 -21.84175 -0.1643847 1.24719 3.371491 55.79722 0 0 0 1</matrix>
        <instance_light url="#LAMP_FRONT_PEACH-light"/>
      </node>
      <node id="Lamp_WEST" name="Lamp_WEST" type="NODE">
        <matrix sid="transform">0.4774377 -2.651463 -2.385635 -28.80603 3.566386 0.387963 0.2825485 3.436447 0.04901193 -2.401809 2.679248 33.30629 0 0 0 1</matrix>
        <instance_light url="#Lamp_WEST-light"/>
      </node>
      <node id="Camera" name="Camera" type="NODE">
        <matrix sid="transform">0.6859207 -0.3240135 0.6515582 7.481132 0.7276763 0.3054208 -0.6141704 -6.50764 0 0.8953956 0.4452714 5.343665 0 0 0 1</matrix>
        <instance_camera url="#Camera-camera"/>
      </node>
      <node id="Lamp" name="Lamp" type="NODE">
        <matrix sid="transform">-0.2908646 -0.7711008 0.5663932 6.320361 0.9551712 -0.1998834 0.2183912 1.005454 -0.05518906 0.6045247 0.7946723 8.128572 0 0 0 1</matrix>
        <instance_light url="#Lamp-light"/>
      </node>
    </visual_scene>
  </library_visual_scenes>
  <scene>
    <instance_visual_scene url="#Scene"/>
  </scene>
</COLLADA>