<?xml version="1.0" encoding="utf-8"?>
<COLLADA xmlns="http://www.collada.org/2005/11/COLLADASchema" version="1.4.1" xmlns:xsi="http://www.w3.org/2001/XMLSchema-instance">
  <asset>
    <contributor>
      <author>Blender User</author>
      <authoring_tool>Blender 2.79.0 commit date:2017-09-11, commit time:10:43, hash:5bd8ac9</authoring_tool>
    </contributor>
    <created>2019-02-04T09:01:06</created>
    <modified>2019-02-04T09:01:06</modified>
    <unit name="meter" meter="1"/>
    <up_axis>Z_UP</up_axis>
  </asset>
  <library_cameras>
    <camera id="Camera-camera" name="Camera">
      <optics>
        <technique_common>
          <perspective>
            <xfov sid="xfov">49.13434</xfov>
            <aspect_ratio>1.777778</aspect_ratio>
            <znear sid="znear">0.1</znear>
            <zfar sid="zfar">100</zfar>
          </perspective>
        </technique_common>
      </optics>
      <extra>
        <technique profile="blender">
          <shiftx sid="shiftx" type="float">0</shiftx>
          <shifty sid="shifty" type="float">0</shifty>
          <YF_dofdist sid="YF_dofdist" type="float">0</YF_dofdist>
        </technique>
      </extra>
    </camera>
  </library_cameras>
  <library_lights>
    <light id="Lamp-light" name="Lamp">
      <technique_common>
        <point>
          <color sid="color">1 1 1</color>
          <constant_attenuation>1</constant_attenuation>
          <linear_attenuation>0</linear_attenuation>
          <quadratic_attenuation>0.00111109</quadratic_attenuation>
        </point>
      </technique_common>
      <extra>
        <technique profile="blender">
          <type sid="type" type="int">0</type>
          <flag sid="flag" type="int">0</flag>
          <mode sid="mode" type="int">8192</mode>
          <gamma sid="blender_gamma" type="float">1</gamma>
          <red sid="red" type="float">1</red>
          <green sid="green" type="float">1</green>
          <blue sid="blue" type="float">1</blue>
          <shadow_r sid="blender_shadow_r" type="float">0</shadow_r>
          <shadow_g sid="blender_shadow_g" type="float">0</shadow_g>
          <shadow_b sid="blender_shadow_b" type="float">0</shadow_b>
          <energy sid="blender_energy" type="float">1</energy>
          <dist sid="blender_dist" type="float">29.99998</dist>
          <spotsize sid="spotsize" type="float">75</spotsize>
          <spotblend sid="spotblend" type="float">0.15</spotblend>
          <halo_intensity sid="blnder_halo_intensity" type="float">1</halo_intensity>
          <att1 sid="att1" type="float">0</att1>
          <att2 sid="att2" type="float">1</att2>
          <falloff_type sid="falloff_type" type="int">2</falloff_type>
          <clipsta sid="clipsta" type="float">1.000799</clipsta>
          <clipend sid="clipend" type="float">30.002</clipend>
          <bias sid="bias" type="float">1</bias>
          <soft sid="soft" type="float">3</soft>
          <compressthresh sid="compressthresh" type="float">0.04999995</compressthresh>
          <bufsize sid="bufsize" type="int">2880</bufsize>
          <samp sid="samp" type="int">3</samp>
          <buffers sid="buffers" type="int">1</buffers>
          <filtertype sid="filtertype" type="int">0</filtertype>
          <bufflag sid="bufflag" type="int">0</bufflag>
          <buftype sid="buftype" type="int">2</buftype>
          <ray_samp sid="ray_samp" type="int">1</ray_samp>
          <ray_sampy sid="ray_sampy" type="int">1</ray_sampy>
          <ray_sampz sid="ray_sampz" type="int">1</ray_sampz>
          <ray_samp_type sid="ray_samp_type" type="int">0</ray_samp_type>
          <area_shape sid="area_shape" type="int">1</area_shape>
          <area_size sid="area_size" type="float">0.1</area_size>
          <area_sizey sid="area_sizey" type="float">0.1</area_sizey>
          <area_sizez sid="area_sizez" type="float">1</area_sizez>
          <adapt_thresh sid="adapt_thresh" type="float">0.000999987</adapt_thresh>
          <ray_samp_method sid="ray_samp_method" type="int">1</ray_samp_method>
          <shadhalostep sid="shadhalostep" type="int">0</shadhalostep>
          <sun_effect_type sid="sun_effect_type" type="int">0</sun_effect_type>
          <skyblendtype sid="skyblendtype" type="int">1</skyblendtype>
          <horizon_brightness sid="horizon_brightness" type="float">1</horizon_brightness>
          <spread sid="spread" type="float">1</spread>
          <sun_brightness sid="sun_brightness" type="float">1</sun_brightness>
          <sun_size sid="sun_size" type="float">1</sun_size>
          <backscattered_light sid="backscattered_light" type="float">1</backscattered_light>
          <sun_intensity sid="sun_intensity" type="float">1</sun_intensity>
          <atm_turbidity sid="atm_turbidity" type="float">2</atm_turbidity>
          <atm_extinction_factor sid="atm_extinction_factor" type="float">1</atm_extinction_factor>
          <atm_distance_factor sid="atm_distance_factor" type="float">1</atm_distance_factor>
          <skyblendfac sid="skyblendfac" type="float">1</skyblendfac>
          <sky_exposure sid="sky_exposure" type="float">1</sky_exposure>
          <sky_colorspace sid="sky_colorspace" type="int">0</sky_colorspace>
        </technique>
      </extra>
    </light>
  </library_lights>
  <library_images/>
  <library_effects>
    <effect id="hird_001-effect">
      <profile_COMMON>
        <technique sid="common">
          <phong>
            <emission>
              <color sid="emission">0 0 0 1</color>
            </emission>
            <ambient>
              <color sid="ambient">0 0 0 1</color>
            </ambient>
            <diffuse>
              <color sid="diffuse">0.64 0.64 0.64 1</color>
            </diffuse>
            <specular>
              <color sid="specular">0.5 0.5 0.5 1</color>
            </specular>
            <shininess>
              <float sid="shininess">50</float>
            </shininess>
            <index_of_refraction>
              <float sid="index_of_refraction">1</float>
            </index_of_refraction>
          </phong>
        </technique>
      </profile_COMMON>
    </effect>
    <effect id="mercsword-effect">
      <profile_COMMON>
        <technique sid="common">
          <phong>
            <emission>
              <color sid="emission">0 0 0 1</color>
            </emission>
            <ambient>
              <color sid="ambient">0 0 0 1</color>
            </ambient>
            <diffuse>
              <color sid="diffuse">0.64 0.64 0.64 1</color>
            </diffuse>
            <specular>
              <color sid="specular">0.5 0.5 0.5 1</color>
            </specular>
            <shininess>
              <float sid="shininess">50</float>
            </shininess>
            <index_of_refraction>
              <float sid="index_of_refraction">1</float>
            </index_of_refraction>
          </phong>
        </technique>
      </profile_COMMON>
    </effect>
    <effect id="__-_Default_-effect">
      <profile_COMMON>
        <technique sid="common">
          <phong>
            <emission>
              <color sid="emission">0 0 0 1</color>
            </emission>
            <ambient>
              <color sid="ambient">0 0 0 1</color>
            </ambient>
            <diffuse>
              <color sid="diffuse">0.8 0 0 1</color>
            </diffuse>
            <specular>
              <color sid="specular">0.4490196 0.4490196 0.4490196 1</color>
            </specular>
            <shininess>
              <float sid="shininess">50</float>
            </shininess>
            <index_of_refraction>
              <float sid="index_of_refraction">1</float>
            </index_of_refraction>
          </phong>
        </technique>
      </profile_COMMON>
    </effect>
  </library_effects>
  <library_materials>
    <material id="hird_001-material" name="hird_001">
      <instance_effect url="#hird_001-effect"/>
    </material>
    <material id="mercsword-material" name="mercsword">
      <instance_effect url="#mercsword-effect"/>
    </material>
    <material id="__-_Default_-material" name="__-_Default_">
      <instance_effect url="#__-_Default_-effect"/>
    </material>
  </library_materials>
  <library_geometries>
    <geometry id="hird-mesh" name="hird">
      <mesh>
        <source id="hird-mesh-positions">
          <float_array id="hird-mesh-positions-array" count="1224">0.3721333 0.01319825 3.356934 0.5353346 -0.5357438 3.336533 0.5353346 -0.5357438 3.336533 1.107197 -0.746346 3.294777 1.724446 -0.5639196 3.25682 1.877473 0.002982854 3.256464 1.886089 0.2599528 3.26035 1.558308 0.6634878 3.289192 1.558308 0.6634878 3.289192 1.038601 0.7592496 3.325479 0.5701437 0.5024301 3.352232 0.5377851 0.009398937 3.433688 0.6660876 -0.4644054 3.416917 0.6660876 -0.4644054 3.416917 1.149685 -0.6343068 3.458687 1.653648 -0.4646621 3.351117 1.732966 0.001286089 3.353919 1.740278 0.2193505 3.357217 1.483479 0.5612491 3.421223 1.483479 0.5612491 3.421223 1.073406 0.6421557 3.485924 0.6958823 0.4242131 3.430354 0.8458402 0.006433367 3.413112 0.9159708 -0.2023614 3.480554 0.9159708 -0.2023614 3.480554 1.094829 -0.3148464 3.467887 1.301247 -0.2783886 3.418791 1.446198 0.003628194 3.414028 1.449812 0.111409 3.415658 1.322442 0.2823587 3.463088 1.322442 0.2823587 3.463088 1.116209 0.3228117 3.47753 0.9299262 0.2138404 3.486848 1.159013 0.003467798 3.469135 1.159013 0.003467798 3.469135 -0.3869175 -0.3160353 2.224752 -0.3909027 0.3267363 2.233657 -0.3869175 -0.3160353 2.224752 -0.5069265 0.2864309 1.696505 -0.5069267 -0.1051529 1.696506 -0.5069265 0.2864309 1.696505 -0.5069265 0.2864309 1.696505 -0.5069267 -0.1051529 1.696506 -0.5521585 -0.1240384 1.274944 -0.5194799 0.3272305 1.314053 0.3717964 0.01319807 3.329092 0.5349979 -0.5357444 3.308692 1.10686 -0.7463458 3.266936 1.724109 -0.56392 3.228979 1.877135 0.002982676 3.228624 1.885751 0.2599528 3.23251 1.557971 0.6634876 3.26135 1.038264 0.7592496 3.297637 0.5698073 0.5024302 3.324391 0.5223379 0.009398758 3.339555 0.65064 -0.4644056 3.322784 1.134238 -0.634307 3.364554 1.6382 -0.464662 3.256984 1.717519 0.00128591 3.259787 1.724832 0.2193501 3.263085 1.468031 0.5612491 3.32709 1.05796 0.6421557 3.391791 0.6804361 0.4242129 3.336222 1.140903 0.01245236 3.352245 -0.3909027 0.3267363 2.233657 0.3852789 0.326742 2.232795 -0.3869175 -0.3160353 2.224752 0.3812998 -0.3160297 2.223891 -0.008786916 -0.3740374 1.537674 -0.3869175 -0.3160353 2.224752 -0.3909027 0.3267363 2.233657 -0.3909027 0.3267363 2.233657 0.3852789 0.326742 2.232795 0.3812998 -0.3160297 2.223891 -0.39705 0.3024834 2.787198 -0.408681 -0.1895464 2.778476 0.363144 0.2998071 2.794879 0.3757645 -0.1960215 2.775646 -0.408681 -0.1895464 2.778476 -0.39705 0.3024834 2.787198 -0.408681 -0.1895464 2.778476 -0.408681 -0.1895464 2.778476 -0.39705 0.3024834 2.787198 0.3757645 -0.1960215 2.775646 -0.408681 -0.1895464 2.778476 -0.39705 0.3024834 2.787198 0.3757645 -0.1960215 2.775646 0.363144 0.2998071 2.794879 0.3757645 -0.1960215 2.775646 0.363144 0.2998071 2.794879 0.3757645 -0.1960215 2.775646 0.363144 0.2998071 2.794879 0.3757645 -0.1960215 2.775646 -0.001131653 0.1282119 3.254423 -0.4264591 0.02788311 3.172948 -0.001229465 -0.15499 3.231661 0.3970872 0.02788311 3.172948 -0.02459567 -0.3679922 2.77709 -0.5530312 0.1181954 3.176104 -0.2192623 0.1631375 3.074996 0.2047436 0.1640643 3.072711 0.5190444 0.1226118 3.181537 -0.4264591 0.02788311 3.172948 -0.5530312 0.1181954 3.176104 0.3970872 0.02788311 3.172948 0.5190444 0.1226118 3.181537 -0.001131653 0.1282119 3.254423 -0.4264591 0.02788311 3.172948 0.3970872 0.02788311 3.172948 1.200076 0.1978639 3.070651 1.169428 0.02869588 2.980709 1.225013 0.01714622 3.215455 1.203418 -0.1401689 3.066625 0.6395786 0.1230345 3.278954 0.6339045 -0.04742133 3.254059 1.200076 0.1978639 3.070651 1.203418 -0.1401689 3.066625 1.203418 -0.1401689 3.066625 1.225013 0.01714622 3.215455 1.203418 -0.1401689 3.066625 1.169428 0.02869588 2.980709 1.169428 0.02869588 2.980709 1.200076 0.1978639 3.070651 1.200076 0.1978639 3.070651 1.652723 0.09794986 3.000058 1.698671 0.01647049 3.171311 1.666804 -0.1209574 3.033694 1.901361 0.1168659 3.103685 1.902884 -0.1231875 3.160667 1.867916 -0.1246854 2.969572 1.868908 0.0982663 2.968755 1.652723 0.09794986 3.000058 1.666804 -0.1209574 3.033694 1.698671 0.01647049 3.171311 1.652723 0.09794986 3.000058 1.666804 -0.1209574 3.033694 1.901361 0.1168659 3.103685 1.652723 0.09794986 3.000058 1.666804 -0.1209574 3.033694 1.867916 -0.1246854 2.969572 -0.6697209 -0.04731887 3.247321 -1.221014 0.02862393 2.970744 -1.249696 0.1973637 3.0611 -1.271474 0.01710355 3.206044 -1.253125 -0.1398134 3.057158 -0.6748514 0.1227709 3.27228 -1.249696 0.1973637 3.0611 -1.253125 -0.1398134 3.057158 -1.253125 -0.1398134 3.057158 -1.271474 0.01710355 3.206044 -1.221014 0.02862393 2.970744 -1.253125 -0.1398134 3.057158 -1.249696 0.1973637 3.0611 -1.249696 0.1973637 3.0611 -1.681045 0.09795904 3.013305 -1.723258 0.01647198 3.185534 -1.694392 -0.1209691 3.047242 -1.927654 -0.1231993 3.179332 -1.681045 0.09795904 3.013305 -1.694392 -0.1209691 3.047242 -1.723258 0.01647198 3.185534 -1.681045 0.09795904 3.013305 -1.694392 -0.1209691 3.047242 -1.681045 0.09795904 3.013305 -1.694392 -0.1209691 3.047242 -1.927371 0.1168811 3.122325 -1.89786 0.09827923 2.986706 -1.896851 -0.124698 2.987501 -1.927371 0.1168811 3.122325 -1.896851 -0.124698 2.987501 -0.1493764 -0.2156919 3.499484 -0.1032906 -0.2658297 3.236619 0.1501818 -0.187245 3.684974 0.1199175 -0.2157815 3.499302 0.01061499 -0.187245 3.684972 -0.0159201 -0.2631104 3.499348 -0.03139406 -0.2658297 3.236621 -0.1760294 -0.187245 3.684969 0.07743632 -0.2658297 3.236622 -0.2370207 0.06867599 3.643342 -0.2306455 0.09945267 3.300576 0.211178 0.06867605 3.64335 0.2048045 0.09945267 3.300583 -0.1032906 -0.2658297 3.236619 0.1501819 -0.187245 3.684974 -0.01292127 0.2666128 3.658677 -0.01290839 0.2816935 3.294263 -0.1760295 -0.187245 3.684969 0.07743632 -0.2658297 3.236622 -0.2370207 0.06867599 3.643342 -0.2306455 0.09945267 3.300576 0.211178 0.06867605 3.64335 -0.01292127 0.2666128 3.658677 -0.01290839 0.2816935 3.294263 0.2048045 0.09945267 3.300583 0.182002 0.393703 1.663301 -0.1541718 0.3936967 1.648307 0.4688695 -0.1051481 1.696585 0.2180588 -0.3729047 1.696552 0.4688695 0.2864365 1.696585 0.336865 -0.3915725 1.275197 0.5687186 -0.1240335 1.274929 0.2390295 0.1611827 1.026794 0.3943448 0.1617738 1.732257 -0.01450264 0.1614313 1.709724 0.006457626 0.1707834 1.710463 0.2367851 -0.1800947 1.30788 0.2327533 -0.1703394 1.699813 0.4688695 -0.1051481 1.696585 0.182002 0.393703 1.663301 0.4688695 0.2864365 1.696585 0.5687186 -0.1240335 1.274929 0.2390295 0.1611827 1.026794 -0.01450264 0.1614313 1.709724 0.2367851 -0.1800947 1.30788 0.3943448 0.1617738 1.732257 0.006457626 0.1707834 1.710463 0.2390295 0.1611827 1.026794 0.3943448 0.1617738 1.732257 -0.01483952 -0.3915733 1.275199 0.4476835 0.035887 1.114064 0.04524976 0.03556859 1.094243 0.04524976 0.03556859 1.094243 0.4476835 0.035887 1.114064 0.04524976 0.03556859 1.094243 0.4476835 0.035887 1.114064 0.4476835 0.035887 1.114064 0.04524976 0.03556859 1.094243 0.2525087 -0.01224321 0.2236564 0.232141 -0.1187108 0.892201 0.2525087 -0.01224321 0.2236564 0.4138398 0.2330511 0.001451551 0.1230962 0.2310684 0.001459062 0.4412869 -0.3168615 -9.22454e-4 0.1406266 -0.3485808 -9.22907e-4 0.1230962 0.2310684 0.001459062 0.4138398 0.2330511 0.001451551 0.4412869 -0.3168615 -9.22454e-4 0.1406266 -0.3485808 -9.22907e-4 0.3110942 0.4585407 1.321681 0.5526562 0.3272377 1.313916 0.5526562 0.3272377 1.313916 -0.5069267 -0.1051529 1.696505 -0.2206484 -0.3729058 1.696529 -0.5521585 -0.1240384 1.274944 -0.3251972 -0.3921348 1.275215 -0.236507 0.1705075 1.022595 -0.3943766 0.1711318 1.732087 -0.2121686 -0.1920218 1.303679 -0.2307814 -0.1816594 1.699648 -0.5069265 0.2864309 1.696505 -0.236507 0.1705075 1.022595 -0.2121686 -0.1920218 1.303679 -0.3943766 0.1711318 1.732087 -0.236507 0.1705075 1.022595 -0.3943766 0.1711318 1.732087 -0.01551586 -0.3429314 1.275228 -0.4256046 0.03740715 1.109863 -0.04064673 0.03707277 1.090071 -0.04064673 0.03707277 1.090071 -0.4256046 0.03740715 1.109863 -0.04064673 0.03707277 1.090071 -0.4256046 0.03740715 1.109863 -0.4256046 0.03740715 1.109863 -0.04064673 0.03707277 1.090071 -0.2295093 -0.1268166 0.8879998 -0.4049183 0.2466529 -0.003528833 -0.1104678 0.2445311 -0.003521323 -0.2538364 -0.01679164 0.215286 -0.4327065 -0.3374651 -0.005903303 -0.1282125 -0.3711566 -0.005902826 -0.4049183 0.2466529 -0.003528833 -0.1104678 0.2445311 -0.003521323 -0.2538364 -0.01679164 0.215286 -0.4327065 -0.3374651 -0.005903303 -0.1282125 -0.3711566 -0.005902826 -0.2764195 0.4585332 1.321819 -0.5194799 0.3272305 1.314053 -0.06261718 -0.04118251 3.932671 -0.0808385 0.06064182 3.930609 0.05305135 0.06064182 3.930611 0.03483009 -0.04118251 3.932672 -0.01389354 0.1393957 3.930998 -0.01644909 -0.09736245 4.061687 -0.009920001 0.2193961 3.801034 0.1684384 0.04415065 3.793857 0.1057725 -0.1539559 3.785741 -0.1385955 -0.1671683 3.787126 -0.1931594 0.04586398 3.788894 -0.2641144 0.07498985 3.613231 -0.1952089 -0.2141392 3.660259 0.242242 0.07498985 3.613239 0.1733311 -0.2141392 3.660265 -0.1952089 -0.2141392 3.660259 -0.1385955 -0.1671683 3.787126 -0.01093614 0.2986106 3.630555 -0.009920001 0.2193961 3.801034 -0.01093614 0.2986106 3.630555 -0.06261718 -0.04118251 3.932671 0.004737734 -0.04236698 3.996764 -0.01389354 0.1393957 3.930998 0.004738092 -0.03263682 3.962666 0.01266139 0.04059952 3.967467 -0.03763586 -0.03263616 3.962666 -0.04555916 0.04060047 3.967467 -0.03763586 -0.03263616 3.962666 -0.01644885 0.08956754 3.98742 -0.01644885 0.08956754 3.98742 0.01266103 -0.0030303 4.006587 -0.03763622 -0.04236638 3.996763 -0.04555952 -0.003029346 4.006586 -0.03763622 -0.04236638 3.996763 -0.01644921 0.04593765 4.027795 -0.01644921 0.04593765 4.027795 -0.01644909 -0.09736245 4.061687 -1.78444 -2.519806 3.151238 -1.76157 -2.519513 3.04093 -1.766991 -2.458253 3.042769 -1.789861 -2.458546 3.153078 -1.861416 -2.520102 3.073675 -1.866838 -2.458842 3.075515 -1.789861 -2.458546 3.153078 -1.766991 -2.458253 3.042769 -1.772954 -2.27219 3.044794 -1.795824 -2.272483 3.155103 -1.866838 -2.458842 3.075515 -1.872801 -2.272779 3.077539 -1.795824 -2.272483 3.155103 -1.772954 -2.27219 3.044794 -1.778316 1.053834 3.046646 -1.801185 1.05323 3.156955 -1.872801 -2.272779 3.077539 -1.878161 1.052625 3.079392 -2.252785 -2.385087 3.015489 -2.199667 -2.425886 3.014355 -2.170106 -2.43591 3.02042 -2.07146 -2.40748 3.065809 -2.170106 -2.43591 3.02042 -2.170994 -2.435847 3.020238 -2.062101 -2.407416 3.015682 -2.07146 -2.40748 3.065809 -2.248065 -2.385084 2.992452 -2.062101 -2.407416 3.015682 -2.170994 -2.435847 3.020238 -2.199714 -2.425869 3.014346 -1.950682 -2.404472 3.08931 -2.299965 -2.329957 3.001262 -2.07146 -2.40748 3.065809 -2.062101 -2.407416 3.015682 -1.94174 -2.404589 3.039097 -1.950682 -2.404472 3.08931 -2.297013 -2.329956 2.986863 -1.94174 -2.404589 3.039097 -2.286256 -2.107289 3.003737 -2.299965 -2.329957 3.001262 -1.950682 -2.404472 3.08931 -1.864138 -2.411643 3.106842 -1.950682 -2.404472 3.08931 -1.94174 -2.404589 3.039097 -1.855089 -2.411643 3.05715 -1.855089 -2.411643 3.05715 -1.864138 -2.411643 3.106842 -1.950682 -2.404472 3.08931 -1.94174 -2.404589 3.039097 -2.297013 -2.329956 2.986863 -2.283453 -2.107286 2.990076 -1.855089 -2.411643 3.05715 -1.864137 -2.329026 3.106842 -2.288023 -2.073002 3.003192 -1.864138 -2.411643 3.106842 -1.855089 -2.411643 3.05715 -1.855087 -2.329026 3.05715 -1.864137 -2.329026 3.106842 -2.285335 -2.073034 2.989916 -1.855087 -2.329026 3.05715 -2.082925 -2.319895 3.063456 -2.285843 -2.034655 3.011808 -1.864137 -2.329026 3.106842 -1.855087 -2.329026 3.05715 -2.073434 -2.319878 3.013356 -2.082925 -2.319895 3.063456 -2.279793 -2.034646 2.98237 -2.073434 -2.319878 3.013356 -2.265678 -2.005121 2.99954 -2.082925 -2.319895 3.063456 -2.073434 -2.319878 3.013356 -2.265678 -2.005121 2.99954 -2.252785 -2.385087 3.015489 -2.362609 -2.405459 2.986005 -2.284568 -2.471553 2.996937 -2.199667 -2.425886 3.014355 -2.199714 -2.425869 3.014346 -2.248065 -2.385084 2.992452 -2.299965 -2.329957 3.001262 -2.377218 -2.343443 2.983007 -2.297013 -2.329956 2.986863 -2.286256 -2.107289 3.003737 -2.374414 -2.109709 2.983595 -2.283453 -2.107286 2.990076 -2.288023 -2.073002 3.003192 -2.369647 -2.063068 2.984565 -2.285335 -2.073034 2.989916 -2.285843 -2.034655 3.011808 -2.369218 -2.028861 2.984717 -2.279793 -2.034646 2.98237 -2.265678 -2.005121 2.99954 -2.301301 -1.97429 2.998703 -2.265678 -2.005121 2.99954</float_array>
          <technique_common>
            <accessor source="#hird-mesh-positions-array" count="408" stride="3">
              <param name="X" type="float"/>
              <param name="Y" type="float"/>
              <param name="Z" type="float"/>
            </accessor>
          </technique_common>
        </source>
        <source id="hird-mesh-normals">
          <float_array id="hird-mesh-normals-array" count="1089">-0.4186998 -0.1451123 0.8964558 -0.4490782 -0.1661369 0.8779107 -0.2450444 -0.4921144 0.8353303 -0.2409076 -0.7710267 0.5894755 0.3698499 -0.8089002 0.4570466 0.2207357 -0.5843957 0.7808697 0.7241685 -0.1273522 0.6777621 0.5540857 -0.1490532 0.8190068 0.5591046 -0.03127712 0.8285071 0.5591115 -0.0312739 0.8285024 0.4976674 0.2165621 0.8398977 0.5956438 0.4355887 0.6748859 0.2438449 0.6950121 0.6763859 0.1882205 0.8123198 0.5520052 -0.4683835 0.6622094 0.5848895 -0.2200127 0.4892377 0.8439436 -0.4390864 0.1744303 0.8813496 -0.4106312 0.1748 0.8948894 0.06611436 0.3267363 0.9428002 -0.166518 -0.07988053 0.9827975 -0.05020028 -0.1902339 0.9804545 -0.1020396 -0.04613727 0.9937099 0.2294745 0.01137793 0.9732482 0.2008764 0.02423655 0.9793168 0.1557768 -0.06342083 0.9857543 0.2046616 -0.04072195 0.9779855 0.2049342 -0.02167063 0.9785359 0.2049341 -0.02166944 0.9785359 0.230737 -0.09670555 0.9681987 0.2460959 0.003394126 0.9692395 0.08857291 0.09765851 0.9912708 0.1548444 -0.005213737 0.9879251 0.06052333 -0.018121 0.9980024 -0.1806334 0.0626285 0.9815546 -0.3745685 -0.1720496 0.9110968 0.06646603 -0.0173152 0.9976385 -0.1681276 0.2514058 0.9531675 0.06054008 -0.0161221 0.9980356 0.2397885 -0.05215132 0.9694235 0.1878867 -0.0800389 0.9789242 0.188412 -0.02116698 0.981862 0.2180082 -0.1067165 0.9700949 0.06646704 -0.0173158 0.9976384 0.06052702 -0.01812171 0.9980021 -0.1721385 -0.2672806 0.948119 -0.9772793 -0.008993089 0.211765 -0.9751514 7.18047e-7 0.2215395 -0.9994618 5.96672e-7 0.0328058 -0.9926195 0.06289458 0.1036865 0.08315515 0.06168532 -0.9946256 0.07059758 0.05437326 -0.9960219 0.1735322 0.6225063 -0.7631335 0.098701 0.03644758 -0.9944495 -0.1127757 0.1781952 -0.9775112 -0.362723 0.6609894 -0.6569057 -0.1918907 0.05118453 -0.9800807 -0.2572893 0.04960346 -0.9650605 -0.191792 0.02127081 -0.9812051 -0.1917906 0.02127254 -0.9812054 -0.3773823 -0.242667 -0.8936977 -0.1954543 0.03666013 -0.9800274 -0.1695939 -0.6347255 -0.7538976 -0.217515 -0.3852953 -0.8967915 0.01441848 -0.1295786 -0.9914643 0.4136279 -0.52725 -0.7422395 0.06834822 -0.03724437 -0.9969661 0.0794574 -0.03828722 -0.9961028 0.0202915 0.04085505 -0.9989591 0.07913404 -0.01978468 -0.9966676 -0.2033898 -0.01653623 -0.9789582 -0.1576205 0.03276783 -0.986956 -0.1579087 0.02022749 -0.9872465 -0.1701826 0.05634927 -0.9838001 -0.1474975 0.04262876 -0.9881434 0.1022604 0.07576012 -0.9918686 0.02058625 -0.01587837 -0.9996621 0.009136378 0.902215 0.4311901 -0.4063622 -0.8078251 0.4269524 -0.1695654 -0.07889807 0.9823558 -0.01069515 0.4706197 -0.8822714 -0.0361396 0.6288715 0.7766691 -0.247274 0.8978882 0.3642147 -0.1128638 -0.1454831 -0.9829021 4.97528e-4 -0.4565449 -0.8897002 -0.04617714 -0.7133308 0.6993047 -0.03186839 -0.6899076 0.7231957 -0.1843174 0.2272734 0.9562291 0.2705993 0.8428779 0.465116 0.2830529 -0.002138018 -0.9591019 -0.9772669 -0.00517857 -0.2119502 -0.005310237 0.9929229 0.118643 1.18988e-4 0.9935152 0.1137 0.7215257 -0.6758418 -0.150461 1.27442e-4 -0.9942384 0.107192 0.1199854 -0.159217 -0.9799253 0.3952538 -0.6089547 0.6877126 0.01538091 -0.9998289 0.01028108 0.01766908 0.9910796 -0.1320945 0.3258544 -0.127631 0.9367654 0.3874121 -0.7998905 0.4583526 0.4826415 0.6561439 0.5801142 0.4399703 0.7303298 0.5225367 -0.9992625 -0.005668997 -0.03797972 -0.999666 0.02380895 -0.01005858 0.9999148 -0.006348073 0.01141196 0.9988957 0.02385479 0.04047954 4.02619e-4 0.8984036 0.4391708 -0.001241922 0.8997484 0.4364073 0.003074467 0.9990354 0.04380613 4.58539e-5 0.9988538 0.04786646 -0.3834769 -0.8285626 0.4079578 -0.413331 -0.8911069 0.1873126 -9.76874e-5 -0.9956108 -0.09359014 -0.9867421 -0.03639346 -0.1581636 -0.1228235 -0.6906076 0.7127241 0.04787802 -0.9481231 0.3142773 -0.3094714 -0.3866937 -0.8687321 -0.2245174 0.02257537 -0.9742087 -0.3245722 0.4030372 -0.855695 -0.08335959 -0.1471402 0.9855967 -0.004916906 0.9386185 0.3449221 -0.1949343 0.6288075 0.7527296 -0.03266215 0.4738014 -0.8800258 0.0729739 0.6297446 0.7733671 0.2542206 0.8980261 0.3590559 0.06069576 -0.1477758 -0.9871567 -0.04395169 -0.4600421 -0.8868086 0.07902801 -0.7144719 0.6951866 0.0661419 -0.6905145 0.7202882 0.2050531 0.2272782 0.9519968 -0.2603849 0.8428877 0.4708928 -0.3038053 -0.002138257 -0.9527318 0.9724215 -0.005179226 -0.2331731 -0.1412434 -0.1592184 -0.9770874 -0.3801741 -0.6089623 0.6961557 -0.01515096 -0.9998291 0.01060932 -0.02051728 0.9910796 -0.1316825 -0.3564422 -0.1233959 0.926133 -0.4088938 -0.7854626 0.4646015 -0.5063278 0.5953 0.6238992 -0.4165744 0.7510967 0.5121714 0.9830659 -0.03639638 -0.1796016 0.1220055 -0.6908956 0.7125855 -0.04871076 -0.9461119 0.3201555 0.3299266 -0.3744809 -0.8665522 0.238305 0.04370003 -0.9702068 0.3305303 0.3956794 -0.8568475 0.08040988 -0.1466684 0.9859122 0.001711845 0.9396413 0.3421569 0.1954287 0.6295239 0.7520022 0.4285969 -0.7967522 0.426017 0.1807124 -0.07885938 0.9803695 -0.0281586 0.9043766 0.4258055 -0.6768099 -0.7236495 -0.1351293 0.09727561 -0.985817 0.1367562 -0.03896492 -0.9972688 0.06274396 0.9864892 0 0.1638266 0.9879377 -0.008258044 0.1546317 -0.2920032 0.9563778 -0.008690178 0.3517759 0.9359558 -0.01551455 0.3873327 -0.9000626 0.1996517 0.3663327 -0.8496643 0.3793035 -0.05343347 0.9659925 0.2529895 -0.1331265 -0.2203426 0.9662953 -0.001108288 0.9813234 0.1923621 -0.281189 0.278754 0.918275 0.3066598 0.8059004 0.5064428 0.7102865 -0.6653624 0.2297522 0.7399285 -0.64103 0.2039273 -0.6792798 -0.7262683 0.1054199 -0.745683 -0.6310535 0.2138425 -0.04234993 -0.9968152 0.06757313 2.56159e-6 -0.99902 0.04426133 0.02432358 -0.9989213 0.03955537 0.1557828 -0.9804508 -0.1202007 -0.008201241 0.9829915 0.1834679 3.31427e-5 0.9808486 0.1947719 0.973089 -1.75638e-7 0.2304294 0.9763706 0.01613479 0.2154996 -0.2448595 0.9293721 0.2762451 -0.4751584 0.8731549 0.1087434 0.3276425 0.9292322 0.1708155 0.4589819 0.824885 0.3300005 0.5478035 0.8277668 -0.1212985 -0.5830154 0.7830221 -0.2167245 -0.6116113 0.7792459 -0.1367757 0.5990561 0.7721583 -0.2119047 -0.7117922 -0.6899588 -0.1315631 -0.8035716 -0.5733512 -0.1598168 0.6729321 -0.7245692 -0.148869 0.8032925 -0.5914894 -0.06972342 -0.6941813 -0.7131584 -0.09755742 0.6557881 -0.7457526 -0.117453 -0.8003858 -0.5978277 0.04454922 -0.7519161 -0.6592018 0.008672833 0.8801701 -0.4445124 0.1664615 0.7261931 -0.6870517 0.024571 0.7283922 -0.6714936 -0.1361659 0.802652 -0.5745215 -0.1602345 -0.7242038 -0.6751543 -0.1403406 -0.8451725 -0.5315133 -0.05636745 0.7282031 -0.6717815 -0.1357564 -0.6935426 -0.7155815 -0.08331686 0.8273715 -0.5586944 0.0575934 0.8226413 -0.5660399 0.05348187 -0.8938426 -0.427054 0.1366399 -0.7252607 -0.6882867 -0.01607906 0.007184565 0.9973186 0.07282859 -0.006801247 0.9976097 0.06876504 0.4657926 0.8736449 0.1406484 -0.5115683 0.8513939 0.1158724 -0.5226313 0.8396005 0.1480802 0.5286863 0.8394885 0.1254996 -0.8770265 -0.02849483 0.4795963 0.05992394 -0.568019 0.820831 0.7889487 0.03673011 0.6133603 -0.06017202 -0.5438053 0.8370516 0.8503825 -0.02654153 0.5254951 -0.8017584 0.03571695 0.5965802 8.31787e-4 0.9999995 -6.94835e-4 -8.01235e-4 0.9999995 -6.61493e-4 4.28166e-4 0.003855645 -0.9999925 5.46772e-5 0.004062414 -0.9999918 -5.51703e-5 0.004314303 -0.9999907 -4.30645e-4 0.004096269 -0.9999916 0.3264518 -0.9368189 0.1256969 -1.30281e-7 -0.9999465 0.01034963 -2.06317e-6 -0.9883944 0.1519099 0.3117145 -0.8943273 0.3209563 -0.3331722 -0.9379685 0.09597694 -7.96269e-6 -0.9256717 0.3783279 -0.3322704 -0.9354965 0.1201791 -1.97208e-7 -0.9999465 0.01034963 -0.9622688 -0.2476608 -0.1127068 -0.9457372 -0.3215932 -0.04646539 0.9457269 -0.3216239 -0.04646337 0.9622631 -0.2476786 -0.1127168 -0.6398199 0.7664147 0.0569154 -0.6628729 0.7480927 0.03093504 0.6628733 0.7480904 0.03098201 0.6398611 0.7663803 0.0569148 -0.9138464 -0.2367994 0.3298647 -0.8843764 -0.1382493 0.4458312 0.9004257 -0.2978166 0.3170788 0.8493542 -0.118789 0.5142827 -6.39192e-6 -0.9016517 0.4324629 -0.08084911 -0.8091531 0.5820092 -6.355e-6 -0.7560797 0.6544796 0.5524973 -0.8312638 0.06121587 -0.6296139 0.6843396 0.3677849 -0.6019771 0.6879641 0.4053752 -0.7143378 0.6054844 0.3508705 -0.7790719 0.566767 0.2679965 0.6561529 0.6522686 0.3794855 0.6392211 0.6988605 0.3209214 -1.65319e-5 -0.7630376 -0.6463542 0 -0.9617276 0.2740076 -1.601e-5 -0.9617214 0.2740293 0.6531412 0.5526635 0.5176579 0.6503597 0.07876455 0.755532 -0.7387855 0.1551148 0.6558471 0.6993539 -0.1108539 0.7061271 0.6832847 -0.121128 0.7200347 0.646324 0.6408395 0.4142343 0.6642376 0.5622093 0.4926552 0.7236027 -0.2551674 0.641318 0.8449478 -0.1407551 0.5159956 -0.7832605 -0.205484 0.5867534 -0.7711116 -0.1253486 0.6242392 -9.91737e-6 -0.9616135 -0.2744079 -1.71869e-5 -0.9616128 -0.2744099 0.9887883 -0.09968882 -0.1111745 0.981415 -0.1845339 -0.05264872 0.8545786 0.3527204 0.381161 0.8573232 0.3436474 0.3832798 -0.9662625 -0.2256393 0.1241931 0.9662635 -0.225637 0.1241891 -0.5188501 0.4374192 0.7344788 -0.867888 0.3911918 0.306169 -0.7457382 -0.1201763 0.6553109 -0.749596 -0.1237197 0.6502302 0.7387823 0.1551169 0.6558503 -0.9939559 -0.105563 -0.03013408 -0.9732631 -0.1533327 -0.1710207 -0.8528472 0.3485845 0.3887682 -0.8589245 0.3478243 0.375855 0.9759737 0.08028632 0.2025573 0.975974 0.08028197 0.2025578 -0.3116402 9.54253e-4 -0.9501998 -0.3116296 9.57488e-4 -0.9502032 -0.7071389 -0.083664 0.7021076 -0.7071354 -0.08367818 0.7021094 0.9787453 0.0291574 0.2029969 0.9787458 0.02915763 0.202994 -0.3116274 3.53694e-4 -0.9502044 -0.3116331 3.52003e-4 -0.9502025 -0.7094014 -0.03039789 0.7041489 -0.7094029 -0.03039628 0.7041475 0.9791754 0.001465201 0.203011 0.9791754 0.00146526 0.2030112 -0.3116221 2.69111e-5 -0.9502062 -0.3116372 2.68791e-5 -0.9502013 -0.7097818 -0.00153625 0.7044199 -0.7097811 -0.001536548 0.7044207 0.005397081 -0.9999843 -0.001544535 -0.01106899 0.9999337 0.003181755 -0.3216852 -0.4420712 0.8373123 -0.29064 -0.3879377 0.8746616 0.1216537 -0.593293 -0.7957412 0.2567252 -0.9653549 0.04671525 0.06617099 -0.3999133 -0.9141613 0.02836048 -0.4464455 -0.8943613 -0.1913855 0.230306 0.9541126 -0.2647988 0.02217006 0.9640488 0.02289623 -0.9997335 0.003002107 0.02362006 -0.9996996 0.00654298 0.1251988 0.01057815 -0.9920753 0.1828198 0.1959807 -0.963415 -0.243586 0.004215538 0.9698702 -0.1930617 0.06393456 0.9791014 -0.07870501 -0.9968294 -0.01169902 -0.07963967 -0.9967182 -0.01450836 0.1465576 0.005349516 -0.9891877 0.2095566 0.08017265 -0.9745042 -0.2372779 1.51603e-6 0.9714419 -0.2356427 0.00330621 0.9718341 0.9838201 -2.2405e-5 0.1791589 0.9838194 -1.66134e-5 0.1791632 0.1567132 0.00398904 -0.9876362 0.1546989 2.49589e-6 -0.9879617 0.1906547 -0.08042657 -0.978357 -0.4602661 -0.1696429 0.871422 0.04038774 0.999157 0.007360577 0.04012119 0.9991633 0.007938444 -0.1980054 -0.03684413 0.9795083 0.0354647 -0.1976858 -0.9796237 0.1589176 0.28425 0.9454878 0.8394048 0.5196685 0.1591988 0.4813154 0.257193 -0.8379662 -0.2366065 -0.1198977 0.9641794 -0.1095649 -0.1698548 0.9793595 0.17684 0.04618865 -0.9831553 0.1160567 -0.3594548 -0.9259175 -0.2632882 0.02356302 0.9644295 -0.2288349 -0.006847679 0.9734413 0.05649411 -0.0509268 -0.9971033 0.06212162 -0.03358638 -0.9975034 -0.2305196 0.003375887 0.9730619 -0.2227397 2.17244e-4 0.974878 0.07080197 0.01008224 -0.9974395 0.04768961 0.001942455 -0.9988604 -0.222836 0.004015088 0.9748477 -0.2222023 0.002441763 0.9749976 0.06320279 -0.001196086 -0.9980001 0.07070535 0.0135042 -0.9974058 -0.2410415 -0.1996978 0.9497473 -0.3090503 -3.67308e-4 0.9510456 -0.03789049 -0.1874749 -0.9815384 0.06376212 0.003650069 -0.9979585 -0.2347239 0.505234 0.8304478 -0.1165907 -0.107932 0.987298 0.3265894 0.3535907 -0.8765347 -0.008642971 0.258342 -0.9660149</float_array>
          <technique_common>
            <accessor source="#hird-mesh-normals-array" count="363" stride="3">
              <param name="X" type="float"/>
              <param name="Y" type="float"/>
              <param name="Z" type="float"/>
            </accessor>
          </technique_common>
        </source>
        <source id="hird-mesh-map-0">
          <float_array id="hird-mesh-map-0-array" count="2178">0.152547 0.112899 0.172764 0.170719 0.14169 0.126723 0.152547 0.112899 0.187532 0.165107 0.172764 0.170719 0.03507399 0.1274189 0.02456295 0.1870779 0.009782969 0.192656 0.009782969 0.192656 0.02341097 0.122237 0.03507399 0.1274189 0.09381496 0.103435 0.03507399 0.1274189 0.02341097 0.122237 0.02341097 0.122237 0.09081697 0.089989 0.09381496 0.103435 0.138687 0.129372 0.09381496 0.103435 0.09081697 0.089989 0.09081697 0.089989 0.149376 0.11676 0.138687 0.129372 0.157596 0.144035 0.138687 0.129372 0.149376 0.11676 0.149376 0.11676 0.1716589 0.134039 0.157596 0.144035 0.168235 0.189972 0.157596 0.144035 0.1716589 0.134039 0.1716589 0.134039 0.18271 0.190075 0.168235 0.189972 0.051099 0.127514 0.02908694 0.168162 0.01461195 0.168093 0.01461195 0.168093 0.04286897 0.117308 0.051099 0.127514 0.09556895 0.1111479 0.051099 0.127514 0.04286897 0.117308 0.04286897 0.117308 0.09734398 0.09551 0.09556895 0.1111479 0.14169 0.126723 0.09556895 0.1111479 0.09734398 0.09551 0.09734398 0.09551 0.152547 0.112899 0.14169 0.126723 0.133489 0.17318 0.120393 0.153066 0.14169 0.126723 0.14169 0.126723 0.172764 0.170719 0.133489 0.17318 0.06689596 0.161688 0.06384497 0.184709 0.02456295 0.1870779 0.02456295 0.1870779 0.03507399 0.1274189 0.06689596 0.161688 0.08461898 0.146561 0.06689596 0.161688 0.03507399 0.1274189 0.03507399 0.1274189 0.09381496 0.103435 0.08461898 0.146561 0.118578 0.1540499 0.08461898 0.146561 0.09381496 0.103435 0.09381496 0.103435 0.138687 0.129372 0.118578 0.1540499 0.127924 0.161298 0.118578 0.1540499 0.138687 0.129372 0.138687 0.129372 0.157596 0.144035 0.127924 0.161298 0.133243 0.184266 0.127924 0.161298 0.157596 0.144035 0.157596 0.144035 0.168235 0.189972 0.133243 0.184266 0.07509696 0.1534619 0.06409096 0.173786 0.02908694 0.168162 0.02908694 0.168162 0.051099 0.127514 0.07509696 0.1534619 0.09733295 0.145279 0.07509696 0.1534619 0.051099 0.127514 0.051099 0.127514 0.09556895 0.1111479 0.09733295 0.145279 0.120393 0.153066 0.09733295 0.145279 0.09556895 0.1111479 0.09556895 0.1111479 0.14169 0.126723 0.120393 0.153066 0.120393 0.153066 0.133489 0.17318 0.099096 0.17941 0.06384497 0.184709 0.06689596 0.161688 0.09825199 0.17856 0.06689596 0.161688 0.08461898 0.146561 0.09825199 0.17856 0.08461898 0.146561 0.118578 0.1540499 0.09825199 0.17856 0.118578 0.1540499 0.127924 0.161298 0.09825199 0.17856 0.127924 0.161298 0.133243 0.184266 0.09825199 0.17856 0.06409096 0.173786 0.07509696 0.1534619 0.099096 0.17941 0.07509696 0.1534619 0.09733295 0.145279 0.099096 0.17941 0.09733295 0.145279 0.120393 0.153066 0.099096 0.17941 0.757446 0.399019 0.791686 0.324091 0.794348 0.398559 0.757277 0.395936 0.789465 0.322793 0.750891 0.32084 0.79512 0.312539 0.730667 0.311563 0.728455 0.216229 0.728455 0.216229 0.786698 0.213647 0.79512 0.312539 0.816022 0.393853 0.802014 0.405935 0.870144 0.449783 0.870144 0.449783 0.875316 0.43001 0.816022 0.393853 0.811142 0.324369 0.795725 0.320637 0.802014 0.405935 0.802014 0.405935 0.816022 0.393853 0.811142 0.324369 0.854478 0.261051 0.844537 0.244918 0.795725 0.320637 0.795725 0.320637 0.811142 0.324369 0.854478 0.261051 0.920798 0.268977 0.927429 0.2469609 0.844537 0.244918 0.844537 0.244918 0.854478 0.261051 0.920798 0.268977 0.950674 0.276695 0.962635 0.256056 0.927429 0.2469609 0.927429 0.2469609 0.920798 0.268977 0.950674 0.276695 0.986701 0.326104 1.004619 0.316232 0.962635 0.256056 0.962635 0.256056 0.950674 0.276695 0.986701 0.326104 0.981383 0.385558 0.997358 0.389935 1.004619 0.316232 1.004619 0.316232 0.986701 0.326104 0.981383 0.385558 0.937767 0.425303 0.944249 0.442679 0.997358 0.389935 0.997358 0.389935 0.981383 0.385558 0.937767 0.425303 0.875316 0.43001 0.870144 0.449783 0.944249 0.442679 0.944249 0.442679 0.937767 0.425303 0.875316 0.43001 0.899368 0.348582 0.816022 0.393853 0.875316 0.43001 0.899368 0.348582 0.811142 0.324369 0.816022 0.393853 0.899368 0.348582 0.854478 0.261051 0.811142 0.324369 0.899368 0.348582 0.920798 0.268977 0.854478 0.261051 0.899368 0.348582 0.950674 0.276695 0.920798 0.268977 0.899368 0.348582 0.986701 0.326104 0.950674 0.276695 0.899368 0.348582 0.981383 0.385558 0.986701 0.326104 0.899368 0.348582 0.937767 0.425303 0.981383 0.385558 0.899368 0.348582 0.875316 0.43001 0.937767 0.425303 0.8021 0.689632 0.715488 0.69621 0.767874 0.639228 0.04200696 0.587384 0.215781 0.683209 0.03286194 0.670112 0.215781 0.683209 0.215737 0.687985 0.03286194 0.670112 0.348336 0.820478 0.353418 0.904179 0.164251 0.818828 0.35376 0.905443 0.348508 0.816072 0.165967 0.874726 0.165967 0.874726 0.348508 0.816072 0.164891 0.816579 0.164251 0.818828 0.353418 0.904179 0.16942 0.975033 0.351198 0.97814 0.16942 0.975033 0.353418 0.904179 0.165967 0.874726 0.1705 0.972835 0.351326 0.977249 0.165967 0.874726 0.351326 0.977249 0.35376 0.905443 0.143552 0.911906 0.070791 0.969901 0.06847798 0.833448 0.143552 0.911906 0.14807 0.958174 0.070791 0.969901 0.138226 0.832075 0.06360399 0.831938 0.06971597 0.958621 0.06967496 0.969204 0.06971597 0.958621 0.06360399 0.831938 0.630399 0.28316 0.70282 0.281746 0.548499 0.39809 0.773426 0.399263 0.548499 0.39809 0.70282 0.281746 0.281909 0.330577 0.379137 0.331032 0.385368 0.411876 0.385368 0.411876 0.05536395 0.410929 0.281909 0.330577 0.06971597 0.958621 0.146842 0.956391 0.138226 0.832075 0.06847798 0.833448 0.14013 0.833814 0.143552 0.911906 0.06847798 0.833448 0.06546795 0.832634 0.14013 0.833814 0.146842 0.956391 0.06971597 0.958621 0.06967496 0.969204 0.482321 0.871189 0.483736 0.921262 0.526686 0.960143 0.526686 0.960143 0.483736 0.921262 0.439342 0.962843 0.482321 0.871189 0.526686 0.960143 0.510671 0.872681 0.510671 0.872681 0.437727 0.818238 0.482321 0.871189 0.769165 0.391695 0.77091 0.390258 0.775915 0.662364 0.764568 0.639228 0.770128 0.399263 0.767969 0.637512 0.383492 0.413656 0.553825 0.420992 0.406015 0.591786 0.543377 0.635586 0.548499 0.39809 0.546995 0.639436 0.715488 0.69621 0.592315 0.695018 0.546995 0.639436 0.546995 0.639436 0.767874 0.639228 0.715488 0.69621 0.773426 0.399263 0.767874 0.639228 0.546995 0.639436 0.773426 0.399263 0.546995 0.639436 0.548499 0.39809 0.04200696 0.587384 0.2074249 0.587796 0.215781 0.683209 0.05536395 0.410929 0.2074249 0.587796 0.04200696 0.587384 0.385368 0.411876 0.2074249 0.587796 0.05536395 0.410929 0.070791 0.969901 0.06546795 0.832634 0.06847798 0.833448 0.313907 0.901554 0.311814 0.947734 0.483736 0.921262 0.483736 0.921262 0.311814 0.947734 0.439342 0.962843 0.512901 0.810036 0.354143 0.812697 0.363582 0.891816 0.512901 0.810036 0.363582 0.891816 0.52629 0.973797 0.363582 0.891816 0.365011 0.97136 0.52629 0.973797 0.482321 0.871189 0.313907 0.901554 0.483736 0.921262 0.482321 0.871189 0.437727 0.818238 0.310187 0.848477 0.310187 0.848477 0.313907 0.901554 0.482321 0.871189 0.350511 0.8161 0.162133 0.816552 0.355821 0.899764 0.355349 0.909959 0.162398 0.876817 0.350341 0.820561 0.162398 0.876817 0.16149 0.818725 0.350341 0.820561 0.162133 0.816552 0.167741 0.972788 0.355821 0.899764 0.351734 0.977255 0.355821 0.899764 0.167741 0.972788 0.162398 0.876817 0.351606 0.978157 0.166657 0.974911 0.162398 0.876817 0.355349 0.909959 0.351606 0.978157 0.1378149 0.910271 0.06235796 0.83283 0.06541597 0.969308 0.1378149 0.910271 0.06541597 0.969308 0.142585 0.956496 0.13587 0.833875 0.06663095 0.95937 0.06120896 0.832695 0.06652998 0.969945 0.06120896 0.832695 0.06663095 0.95937 0.06663095 0.95937 0.13587 0.833875 0.143811 0.958219 0.06235796 0.83283 0.1378149 0.910271 0.13397 0.832196 0.06235796 0.83283 0.13397 0.832196 0.05934798 0.832058 0.143811 0.958219 0.06652998 0.969945 0.06663095 0.95937 0.48099 0.871133 0.524906 0.961293 0.481562 0.921214 0.524906 0.961293 0.435667 0.963839 0.481562 0.921214 0.508152 0.871868 0.524906 0.961293 0.48099 0.871133 0.48099 0.871133 0.439451 0.818262 0.508152 0.871868 0.06541597 0.969308 0.06235796 0.83283 0.05934798 0.832058 0.31564 0.898518 0.481562 0.921214 0.312763 0.944661 0.481562 0.921214 0.435667 0.963839 0.312763 0.944661 0.514064 0.812113 0.369415 0.895915 0.360467 0.816724 0.32879 0.818777 0.348312 0.979179 0.263893 0.903642 0.369415 0.895915 0.529731 0.977122 0.370348 0.975432 0.48099 0.871133 0.481562 0.921214 0.31564 0.898518 0.48099 0.871133 0.312805 0.845371 0.439451 0.818262 0.312805 0.845371 0.48099 0.871133 0.31564 0.898518 0.379852 0.588226 0.387549 0.67162 0.215781 0.683209 0.215781 0.683209 0.387549 0.67162 0.215737 0.687985 0.510999 0.68708 0.546995 0.639436 0.592315 0.695018 0.05779999 0.329533 0.154785 0.329985 0.05536395 0.410929 0.05536395 0.410929 0.154785 0.329985 0.216578 0.305859 0.216578 0.305859 0.281909 0.330577 0.05536395 0.410929 0.447353 0.330329 0.551198 0.333921 0.383492 0.413656 0.383492 0.413656 0.551198 0.333921 0.553825 0.420992 0.773426 0.399263 0.70282 0.281746 0.785927 0.314004 0.548499 0.39809 0.554749 0.312943 0.632275 0.309622 0.385368 0.411876 0.379852 0.588226 0.2074249 0.587796 0.2074249 0.587796 0.379852 0.588226 0.215781 0.683209 0.651662 0.731549 0.715488 0.69621 0.8021 0.689632 0.8021 0.689632 0.775444 0.716069 0.651662 0.731549 0.592315 0.695018 0.715488 0.69621 0.651662 0.731549 0.53617 0.714638 0.510999 0.68708 0.592315 0.695018 0.592315 0.695018 0.651662 0.731549 0.53617 0.714638 0.379137 0.331032 0.281909 0.330577 0.318268 0.213283 0.318268 0.213283 0.40989 0.213923 0.379137 0.331032 0.154785 0.329985 0.05779999 0.329533 0.03584599 0.21218 0.03584599 0.21218 0.126423 0.21238 0.154785 0.329985 0.281909 0.330577 0.216578 0.305859 0.216355 0.21281 0.216355 0.21281 0.318268 0.213283 0.281909 0.330577 0.216578 0.305859 0.154785 0.329985 0.126423 0.21238 0.126423 0.21238 0.216159 0.212785 0.216578 0.305859 0.70282 0.281746 0.630399 0.28316 0.619724 0.209534 0.619724 0.209534 0.727015 0.210023 0.70282 0.281746 0.551198 0.333921 0.447353 0.330329 0.453823 0.206785 0.453823 0.206785 0.557589 0.210597 0.551198 0.333921 0.785927 0.314004 0.70282 0.281746 0.727015 0.210023 0.727015 0.210023 0.79885 0.213788 0.785927 0.314004 0.632275 0.309622 0.554749 0.312943 0.547814 0.212634 0.547814 0.212634 0.619724 0.209534 0.632275 0.309622 0.849997 0.499616 0.897114 0.49805 0.85314 0.567092 0.89887 0.49556 0.842727 0.496613 0.845195 0.561988 0.897038 0.499147 0.849467 0.497393 0.85483 0.565838 0.839632 0.499887 0.895247 0.501623 0.843679 0.570405 0.900957 0.260333 0.91826 0.442261 0.991095 0.492444 0.986499 0.214779 0.900957 0.260333 0.991095 0.492444 0.818867 0.215232 0.831104 0.495572 0.91826 0.442261 0.91826 0.442261 0.900957 0.260333 0.818867 0.215232 0.91826 0.442261 0.913533 0.543847 0.991095 0.492444 0.831104 0.495572 0.913533 0.543847 0.91826 0.442261 0.914154 0.565841 0.848001 0.566222 0.82678 0.50219 0.82678 0.50219 0.913279 0.540754 0.914154 0.565841 0.988813 0.493616 0.973514 0.56928 0.914154 0.565841 0.913279 0.540754 0.988813 0.493616 0.914154 0.565841 0.911626 0.440934 0.901183 0.259028 0.983084 0.492302 0.901183 0.259028 0.989131 0.214265 0.983084 0.492302 0.829951 0.493031 0.820373 0.2131659 0.911626 0.440934 0.901183 0.259028 0.911626 0.440934 0.820373 0.2131659 0.911305 0.542644 0.911626 0.440934 0.983084 0.492302 0.911305 0.542644 0.829951 0.493031 0.911626 0.440934 0.978463 0.565913 0.913368 0.568896 0.986794 0.493518 0.914125 0.542779 0.986794 0.493518 0.913368 0.568896 0.85131 0.565498 0.825499 0.503848 0.913368 0.568896 0.825499 0.503848 0.914125 0.542779 0.913368 0.568896 0.976802 0.22076 0.853488 0.222033 0.886002 0.499929 0.850692 0.2203969 0.971182 0.217939 0.889013 0.497657 0.827762 0.497089 0.850692 0.2203969 0.889013 0.497657 0.889013 0.497657 0.971182 0.217939 0.992291 0.484866 0.886002 0.499929 0.853488 0.222033 0.842215 0.49832 0.990674 0.488122 0.976802 0.22076 0.886002 0.499929 0.986499 0.214779 0.980823 0.2142429 0.900957 0.260333 0.809974 0.214662 0.900957 0.260333 0.980823 0.2142429 0.887871 0.260748 0.829832 0.2194 0.850692 0.2203969 0.811397 0.21245 0.983411 0.213635 0.901183 0.259028 0.989131 0.214265 0.901183 0.259028 0.983411 0.213635 0.853488 0.222033 0.832385 0.220924 0.890667 0.262996 0.843679 0.570405 0.895247 0.501623 0.853012 0.570708 0.854922 0.56222 0.89887 0.49556 0.845195 0.561988 0.976802 0.22076 0.963326 0.219647 0.832385 0.220924 0.832385 0.220924 0.853488 0.222033 0.976802 0.22076 0.971182 0.217939 0.850692 0.2203969 0.829832 0.2194 0.829832 0.2194 0.957853 0.216897 0.971182 0.217939 0.675361 0.771154 0.696595 0.826979 0.6287 0.826989 0.6287 0.826989 0.62864 0.771154 0.675361 0.771154 0.696595 0.826979 0.711722 0.866437 0.630156 0.866437 0.630156 0.866437 0.6287 0.826989 0.696595 0.826979 0.548674 0.866437 0.561995 0.827018 0.6287 0.826989 0.6287 0.826989 0.630156 0.866437 0.548674 0.866437 0.6287 0.826989 0.561995 0.827018 0.585029 0.771154 0.585029 0.771154 0.62864 0.771154 0.6287 0.826989 0.756565 0.875897 0.933931 0.875374 0.74273 0.788115 0.929855 0.791588 0.74273 0.788115 0.933931 0.875374 0.931675 0.791636 0.933998 0.876431 0.74459 0.788032 0.755375 0.875838 0.74459 0.788032 0.933998 0.876431 0.951718 0.771785 0.746092 0.770617 0.741342 0.86862 0.952839 0.86827 0.951718 0.771785 0.741342 0.86862 0.953549 0.771898 0.95437 0.868383 0.74288 0.868662 0.74288 0.868662 0.747911 0.770665 0.953549 0.771898 0.566339 0.957656 0.628739 0.956415 0.633263 0.882146 0.633263 0.882146 0.547918 0.881697 0.566339 0.957656 0.634364 0.882216 0.629265 0.95792 0.570995 0.95706 0.570995 0.95706 0.548989 0.881614 0.634364 0.882216 0.548191 0.881203 0.548989 0.881614 0.570995 0.95706 0.548191 0.881203 0.570995 0.95706 0.591364 0.976982 0.591364 0.976982 0.591364 0.976982 0.567292 0.957602 0.548191 0.881203 0.591364 0.976982 0.567292 0.957602 0.707176 0.882721 0.633263 0.882146 0.628739 0.956415 0.707176 0.882721 0.628739 0.956415 0.624959 0.967782 0.624959 0.967782 0.667479 0.97317 0.689055 0.958604 0.707176 0.882721 0.624959 0.967782 0.689055 0.958604 0.690008 0.958757 0.629265 0.95792 0.634364 0.882216 0.634364 0.882216 0.708273 0.88291 0.690008 0.958757 0.591364 0.976982 0.591364 0.976982 0.63013 0.990366 0.591364 0.976982 0.591364 0.976982 0.591364 0.976982 0.591364 0.976982 0.591364 0.976982 0.591364 0.976982 0.625854 0.967854 0.669186 0.960829 0.669186 0.960829 0.625854 0.967854 0.669186 0.960829 0.625854 0.967854 0.667479 0.97317 0.624959 0.967782 0.629309 0.990301 0.591364 0.976982 0.625854 0.967854 0.625854 0.967854 0.591364 0.976982 0.625854 0.967854 0.591364 0.976982 0.629265 0.95792 0.690008 0.958757 0.669186 0.960829 0.669186 0.960829 0.625854 0.967854 0.629265 0.95792 0.570995 0.95706 0.629265 0.95792 0.625854 0.967854 0.625854 0.967854 0.591364 0.976982 0.570995 0.95706 0.628739 0.956415 0.566339 0.957656 0.590474 0.976992 0.590474 0.976992 0.624959 0.967782 0.628739 0.956415 0.591364 0.976982 0.591364 0.976982 0.591364 0.976982 0.591364 0.976982 0.591364 0.976982 0.591364 0.976982 0.591364 0.976982 0.625854 0.967854 0.625854 0.967854 0.591364 0.976982 0.625854 0.967854 0.591364 0.976982 0.625854 0.967854 0.669186 0.960829 0.669186 0.960829 0.625854 0.967854 0.669186 0.960829 0.625854 0.967854 0.624959 0.967782 0.590474 0.976992 0.629309 0.990301 0.591364 0.976982 0.625854 0.967854 0.63013 0.990366 0.667479 0.97317 0.624959 0.967782 0.624959 0.967782 0.667479 0.97317 0.624959 0.967782 0.667479 0.97317 0.624959 0.967782 0.590474 0.976992 0.590474 0.976992 0.624959 0.967782 0.590474 0.976992 0.624959 0.967782 0.625854 0.967854 0.669186 0.960829 0.63013 0.990366 0.624959 0.967782 0.590474 0.976992 0.590474 0.976992 0.624959 0.967782 0.590474 0.976992 0.624959 0.967782 0.667479 0.97317 0.624959 0.967782 0.624959 0.967782 0.667479 0.97317 0.624959 0.967782 0.667479 0.97317 0.405751 0.741275 0.393786 0.741269 0.393786 0.727273 0.405751 0.741275 0.393786 0.727273 0.405751 0.727279 0.393786 0.741269 0.393786 0.741282 0.393786 0.727286 0.393786 0.727286 0.393786 0.727273 0.393786 0.741269 0.393786 0.741282 0.405751 0.741275 0.405751 0.727279 0.405751 0.727279 0.393786 0.727286 0.393786 0.741282 0.335735 0.751558 0.335826 0.768299 0.353244 0.770183 0.353244 0.770183 0.353154 0.753441 0.335735 0.751558 0.335826 0.768299 0.335645 0.768299 0.353063 0.770183 0.353063 0.770183 0.353244 0.770183 0.335826 0.768299 0.335645 0.768299 0.335735 0.751558 0.353154 0.753441 0.353154 0.753441 0.353063 0.770183 0.335645 0.768299 0.405751 0.741527 0.393786 0.741521 0.393786 0.72196 0.393786 0.72196 0.405751 0.721967 0.405751 0.741527 0.393786 0.741521 0.393786 0.741534 0.393786 0.721973 0.393786 0.721973 0.393786 0.72196 0.393786 0.741521 0.393786 0.741534 0.405751 0.741527 0.405751 0.721967 0.405751 0.721967 0.393786 0.721973 0.393786 0.741534 0.405751 0.741275 0.393786 0.741282 0.393786 0.741269 0.405751 0.721967 0.393786 0.72196 0.393786 0.721973 0.811742 0.907411 0.822848 0.901803 0.828812 0.90107 0.828812 0.90107 0.847377 0.910222 0.811742 0.907411 0.828812 0.90107 0.828642 0.901048 0.847206 0.9102 0.847206 0.9102 0.847377 0.910222 0.828812 0.90107 0.811741 0.907411 0.847206 0.9102 0.828642 0.901048 0.828642 0.901048 0.822839 0.901804 0.811741 0.907411 0.847377 0.910222 0.87008 0.915324 0.800615 0.915762 0.800615 0.915762 0.811742 0.907411 0.847377 0.910222 0.847377 0.910222 0.847206 0.9102 0.869837 0.915253 0.869837 0.915253 0.87008 0.915324 0.847377 0.910222 0.847206 0.9102 0.811741 0.907411 0.800615 0.915762 0.800615 0.915762 0.869837 0.915253 0.847206 0.9102 0.795011 0.957334 0.800615 0.915762 0.87008 0.915324 0.87008 0.915324 0.886717 0.917266 0.795011 0.957334 0.87008 0.915324 0.869837 0.915253 0.886509 0.917224 0.075567 0.15037 0.07568198 0.15044 0.06619298 0.145671 0.869837 0.915253 0.800615 0.915762 0.795011 0.957335 0.795011 0.957335 0.886509 0.917224 0.869837 0.915253 0.795011 0.957334 0.886717 0.917266 0.88368 0.932499 0.88368 0.932499 0.793409 0.963588 0.795011 0.957334 0.07568198 0.15044 0.075567 0.15037 0.07045096 0.1587859 0.07045096 0.1587859 0.07056599 0.158855 0.07568198 0.15044 0.795011 0.957335 0.793404 0.963581 0.883472 0.932458 0.883472 0.932458 0.886509 0.917224 0.795011 0.957335 0.793409 0.963588 0.88368 0.932499 0.841987 0.925938 0.841987 0.925938 0.792717 0.970802 0.793409 0.963588 0.88368 0.932499 0.883472 0.932458 0.841843 0.925913 0.841843 0.925913 0.841987 0.925938 0.88368 0.932499 0.792718 0.970804 0.841843 0.925913 0.883472 0.932458 0.883472 0.932458 0.793404 0.963581 0.792718 0.970804 0.792717 0.970802 0.841987 0.925938 0.794837 0.976887 0.841987 0.925938 0.841843 0.925913 0.794837 0.976887 0.841843 0.925913 0.792718 0.970804 0.794837 0.976887 0.933111 0.943197 0.934332 0.943176 0.93767 0.952334 0.93767 0.952334 0.935823 0.950006 0.933111 0.943197 0.937585 0.949355 0.93767 0.952334 0.934332 0.943176 0.934332 0.943176 0.935284 0.942403 0.937585 0.949355 0.934332 0.943176 0.933111 0.943197 0.930227 0.93402 0.930227 0.93402 0.930989 0.934003 0.934332 0.943176 0.930989 0.934003 0.931585 0.933524 0.935284 0.942403 0.935284 0.942403 0.934332 0.943176 0.930989 0.934003 0.930989 0.934003 0.930227 0.93402 0.926932 0.92487 0.926932 0.92487 0.927656 0.924858 0.930989 0.934003 0.927656 0.924858 0.92822 0.9244 0.931585 0.933524 0.931585 0.933524 0.930989 0.934003 0.927656 0.924858 0.927656 0.924858 0.926932 0.92487 0.923008 0.914046 0.923008 0.914046 0.924318 0.915699 0.927656 0.924858 0.924318 0.915699 0.924258 0.913585 0.92822 0.9244 0.92822 0.9244 0.927656 0.924858 0.924318 0.915699 0.924318 0.915699 0.923008 0.914046 0.919421 0.906567 0.919421 0.906567 0.920981 0.90654 0.924318 0.915699 0.920981 0.90654 0.922198 0.905552 0.924258 0.913585 0.924258 0.913585 0.924318 0.915699 0.920981 0.90654 0.920981 0.90654 0.919421 0.906567 0.915746 0.897414 0.915746 0.897414 0.917643 0.897381 0.920981 0.90654 0.917643 0.897381 0.919126 0.896178 0.922198 0.905552 0.922198 0.905552 0.920981 0.90654 0.917643 0.897381</float_array>
          <technique_common>
            <accessor source="#hird-mesh-map-0-array" count="1089" stride="2">
              <param name="S" type="float"/>
              <param name="T" type="float"/>
            </accessor>
          </technique_common>
        </source>
        <vertices id="hird-mesh-vertices">
          <input semantic="POSITION" source="#hird-mesh-positions"/>
        </vertices>
        <triangles material="hird_001-material" count="363">
          <input semantic="VERTEX" source="#hird-mesh-vertices" offset="0"/>
          <input semantic="NORMAL" source="#hird-mesh-normals" offset="1"/>
          <input semantic="TEXCOORD" source="#hird-mesh-map-0" offset="2" set="0"/>
          <p>0 0 0 12 0 1 11 0 2 0 1 3 1 1 4 12 1 5 14 2 6 13 2 7 2 2 8 2 3 9 3 3 10 14 3 11 15 4 12 14 4 13 3 4 14 3 5 15 4 5 16 15 5 17 16 6 18 15 6 19 4 6 20 4 7 21 5 7 22 16 7 23 17 8 24 16 8 25 5 8 26 5 9 27 6 9 28 17 9 29 18 10 30 17 10 31 6 10 32 6 11 33 7 11 34 18 11 35 20 12 36 19 12 37 8 12 38 8 13 39 9 13 40 20 13 41 21 14 42 20 14 43 9 14 44 9 15 45 10 15 46 21 15 47 11 16 48 21 16 49 10 16 50 10 17 51 0 17 52 11 17 53 23 18 54 22 18 55 11 18 56 11 19 57 12 19 58 23 19 59 25 20 60 24 20 61 13 20 62 13 21 63 14 21 64 25 21 65 26 22 66 25 22 67 14 22 68 14 23 69 15 23 70 26 23 71 27 24 72 26 24 73 15 24 74 15 25 75 16 25 76 27 25 77 28 26 78 27 26 79 16 26 80 16 27 81 17 27 82 28 27 83 29 28 84 28 28 85 17 28 86 17 29 87 18 29 88 29 29 89 31 30 90 30 30 91 19 30 92 19 31 93 20 31 94 31 31 95 32 32 96 31 32 97 20 32 98 20 33 99 21 33 100 32 33 101 22 34 102 32 34 103 21 34 104 21 35 105 11 35 106 22 35 107 22 36 108 23 36 109 33 36 110 24 37 111 25 37 112 34 37 113 25 38 114 26 38 115 34 38 116 26 39 117 27 39 118 34 39 119 27 40 120 28 40 121 34 40 122 28 41 123 29 41 124 34 41 125 30 42 126 31 42 127 33 42 128 31 43 129 32 43 130 33 43 131 32 44 132 22 44 133 33 44 134 36 45 135 38 45 136 35 45 137 37 46 138 40 46 139 39 46 140 42 47 141 41 47 142 44 47 143 44 48 144 43 48 145 42 48 146 55 49 147 46 49 148 45 49 149 45 50 150 54 50 151 55 50 152 56 51 153 47 51 154 46 51 155 46 52 156 55 52 157 56 52 158 57 53 159 48 53 160 47 53 161 47 54 162 56 54 163 57 54 164 58 55 165 49 55 166 48 55 167 48 56 168 57 56 169 58 56 170 59 57 171 50 57 172 49 57 173 49 58 174 58 58 175 59 58 176 60 59 177 51 59 178 50 59 179 50 60 180 59 60 181 60 60 182 61 61 183 52 61 184 51 61 185 51 62 186 60 62 187 61 62 188 62 63 189 53 63 190 52 63 191 52 64 192 61 64 193 62 64 194 54 65 195 45 65 196 53 65 197 53 66 198 62 66 199 54 66 200 63 67 201 55 67 202 54 67 203 63 68 204 56 68 205 55 68 206 63 69 207 57 69 208 56 69 209 63 70 210 58 70 211 57 70 212 63 71 213 59 71 214 58 71 215 63 72 216 60 72 217 59 72 218 63 73 219 61 73 220 60 73 221 63 74 222 62 74 223 61 74 224 63 75 225 54 75 226 62 75 227 98 76 228 99 76 229 74 76 230 75 77 231 95 77 232 94 77 233 95 78 234 93 78 235 94 78 236 142 79 237 141 79 238 154 79 239 143 80 240 146 80 241 155 80 242 155 81 243 146 81 244 158 81 245 154 82 246 141 82 247 156 82 248 144 83 249 156 83 250 141 83 251 155 84 252 159 84 253 147 84 254 155 85 255 147 85 256 143 85 257 160 86 258 165 86 259 157 86 260 160 87 261 161 87 262 165 87 263 162 88 264 167 88 265 166 88 266 168 89 267 166 89 268 167 89 269 195 90 270 196 90 271 65 90 272 64 91 273 65 91 274 196 91 275 198 92 276 197 92 277 67 92 278 67 93 279 66 93 280 198 93 281 166 94 282 163 94 283 162 94 284 157 95 285 164 95 286 160 95 287 157 96 288 169 96 289 164 96 290 163 97 291 166 97 292 168 97 293 145 98 294 140 98 295 102 98 296 102 99 297 140 99 298 78 99 299 145 100 300 102 100 301 103 100 302 103 101 303 79 101 304 145 101 305 70 102 306 69 102 307 80 102 308 82 103 309 71 103 310 81 103 311 73 104 312 72 104 313 77 104 314 83 105 315 65 105 316 76 105 317 99 106 318 100 106 319 76 106 320 76 107 321 74 107 322 99 107 323 64 108 324 74 108 325 76 108 326 64 109 327 76 109 328 65 109 329 75 110 330 97 110 331 95 110 332 66 111 333 97 111 334 75 111 335 67 112 336 97 112 337 66 112 338 165 113 339 169 113 340 157 113 341 149 114 342 148 114 343 140 114 344 140 115 345 148 115 346 78 115 347 84 116 348 151 116 349 150 116 350 84 117 351 150 117 352 85 117 353 150 118 354 152 118 355 85 118 356 145 119 357 149 119 358 140 119 359 145 120 360 79 120 361 153 120 362 153 121 363 149 121 364 145 121 365 109 122 366 124 122 367 110 122 368 111 123 369 125 123 370 115 123 371 125 124 372 131 124 373 115 124 374 124 125 375 126 125 376 110 125 377 112 126 378 110 126 379 126 126 380 125 127 381 116 127 382 132 127 383 125 128 384 111 128 385 116 128 386 133 129 387 128 129 388 127 129 389 133 130 390 127 130 391 134 130 392 135 131 393 130 131 394 129 131 395 136 132 396 129 132 397 130 132 398 130 133 399 135 133 400 137 133 401 128 134 402 133 134 403 138 134 404 128 135 405 138 135 406 139 135 407 137 136 408 136 136 409 130 136 410 113 137 411 96 137 412 114 137 413 96 138 414 86 138 415 114 138 416 101 139 417 96 139 418 113 139 419 113 140 420 87 140 421 101 140 422 127 141 423 128 141 424 139 141 425 118 142 426 114 142 427 117 142 428 114 143 429 86 143 430 117 143 431 88 144 432 120 144 433 119 144 434 90 145 435 89 145 436 121 145 437 120 146 438 91 146 439 122 146 440 113 147 441 114 147 442 118 147 443 113 148 444 123 148 445 87 148 446 123 149 447 113 149 448 118 149 449 92 150 450 104 150 451 95 150 452 95 151 453 104 151 454 93 151 455 105 152 456 76 152 457 100 152 458 242 153 459 243 153 460 66 153 461 66 154 462 243 154 463 68 154 464 68 155 465 198 155 466 66 155 467 208 156 468 199 156 469 73 156 470 73 157 471 199 157 472 72 157 473 64 158 474 196 158 475 250 158 476 65 159 477 210 159 478 209 159 479 67 160 480 92 160 481 97 160 482 97 161 483 92 161 484 95 161 485 106 162 486 99 162 487 98 162 488 98 163 489 107 163 490 106 163 491 100 164 492 99 164 493 106 164 494 108 165 495 105 165 496 100 165 497 100 166 498 106 166 499 108 166 500 197 167 501 198 167 502 200 167 503 200 168 504 201 168 505 197 168 506 243 169 507 242 169 508 244 169 509 244 170 510 245 170 511 243 170 512 198 171 513 68 171 514 219 171 515 219 172 516 200 172 517 198 172 518 68 173 519 243 173 520 245 173 521 245 174 522 256 174 523 68 174 524 196 175 525 195 175 526 239 175 527 239 176 528 276 176 529 196 176 530 199 177 531 208 177 532 211 177 533 211 178 534 240 178 535 199 178 536 250 179 537 196 179 538 276 179 539 276 180 540 277 180 541 250 180 542 209 181 543 210 181 544 241 181 545 241 182 546 239 182 547 209 182 548 220 183 549 202 183 550 203 183 551 212 184 552 221 184 553 204 184 554 246 185 555 257 185 556 247 185 557 258 186 558 251 186 559 205 186 560 228 187 561 229 187 562 222 187 563 232 188 564 228 188 565 222 188 566 231 189 567 223 189 568 229 189 569 229 190 570 228 190 571 231 190 572 229 191 573 206 191 574 222 191 575 223 192 576 206 192 577 229 192 578 207 193 579 213 193 580 224 193 581 224 194 582 214 194 583 207 194 584 225 195 585 215 195 586 207 195 587 214 196 588 225 196 589 207 196 590 265 197 591 268 197 592 259 197 593 268 198 594 267 198 595 259 198 596 260 199 597 266 199 598 265 199 599 268 200 600 265 200 601 266 200 602 248 201 603 265 201 604 259 201 605 248 202 606 260 202 607 265 202 608 216 203 609 249 203 610 261 203 611 252 204 612 261 204 613 249 204 614 253 205 615 262 205 616 249 205 617 262 206 618 252 206 619 249 206 620 272 207 621 271 207 622 254 207 623 236 208 624 235 208 625 217 208 626 226 209 627 236 209 628 217 209 629 217 210 630 235 210 631 227 210 632 254 211 633 271 211 634 263 211 635 264 212 636 272 212 637 254 212 638 232 213 639 234 213 640 228 213 641 233 214 642 228 214 643 234 214 644 230 215 645 237 215 646 236 215 647 269 216 648 270 216 649 268 216 650 267 217 651 268 217 652 270 217 653 271 218 654 274 218 655 273 218 656 205 219 657 251 219 658 255 219 659 218 220 660 212 220 661 204 220 662 272 221 663 275 221 664 274 221 665 274 222 666 271 222 667 272 222 668 235 223 669 236 223 670 237 223 671 237 224 672 238 224 673 235 224 674 178 225 675 173 225 676 175 225 677 175 226 678 176 226 679 178 226 680 173 227 681 172 227 682 174 227 683 174 228 684 175 228 685 173 228 686 177 229 687 170 229 688 175 229 689 175 230 690 174 230 691 177 230 692 175 231 693 170 231 694 171 231 695 171 232 696 176 232 697 175 232 698 187 233 699 179 233 700 183 233 701 180 234 702 183 234 703 179 234 704 182 235 705 181 235 706 188 235 707 184 236 708 188 236 709 181 236 710 186 237 711 190 237 712 189 237 713 185 238 714 186 238 715 189 238 716 193 239 717 192 239 718 191 239 719 191 240 720 194 240 721 193 240 722 287 241 723 288 241 724 289 241 725 289 242 726 290 242 727 287 242 728 291 243 729 285 243 730 286 243 731 286 244 732 292 244 733 291 244 734 293 245 735 292 245 736 286 245 737 293 246 738 286 246 739 281 246 740 281 247 741 278 247 742 294 247 743 293 248 744 281 248 745 294 248 746 295 249 747 289 249 748 288 249 749 295 250 750 288 250 751 279 250 752 279 251 753 282 251 754 284 251 755 295 252 756 279 252 757 284 252 758 296 253 759 285 253 760 291 253 761 291 254 762 297 254 763 296 254 764 309 255 765 299 255 766 283 255 767 278 256 768 281 256 769 301 256 770 278 257 771 301 257 772 303 257 773 280 258 774 300 258 775 306 258 776 280 259 777 306 259 778 302 259 779 313 260 780 310 260 781 314 260 782 281 261 783 280 261 784 302 261 785 281 262 786 302 262 787 301 262 788 285 263 789 296 263 790 300 263 791 300 264 792 280 264 793 285 264 794 286 265 795 285 265 796 280 265 797 280 266 798 281 266 799 286 266 800 288 267 801 287 267 802 298 267 803 298 268 804 279 268 805 288 268 806 303 269 807 301 269 808 299 269 809 303 270 810 299 270 811 309 270 812 301 271 813 302 271 814 308 271 815 301 272 816 308 272 817 299 272 818 302 273 819 306 273 820 312 273 821 302 274 822 312 274 823 308 274 824 310 275 825 311 275 826 314 275 827 299 276 828 308 276 829 283 276 830 282 277 831 279 277 832 304 277 833 282 278 834 304 278 835 307 278 836 279 279 837 298 279 838 305 279 839 279 280 840 305 280 841 304 280 842 308 281 843 312 281 844 283 281 845 304 282 846 305 282 847 311 282 848 304 283 849 311 283 850 310 283 851 307 284 852 304 284 853 310 284 854 307 285 855 310 285 856 313 285 857 315 286 858 316 286 859 317 286 860 315 287 861 317 287 862 318 287 863 316 288 864 319 288 865 320 288 866 320 289 867 317 289 868 316 289 869 319 290 870 315 290 871 318 290 872 318 291 873 320 291 874 319 291 875 321 292 876 322 292 877 323 292 878 323 293 879 324 293 880 321 293 881 322 294 882 325 294 883 326 294 884 326 295 885 323 295 886 322 295 887 325 296 888 321 296 889 324 296 890 324 297 891 326 297 892 325 297 893 327 298 894 328 298 895 329 298 896 329 299 897 330 299 898 327 299 899 328 300 900 331 300 901 332 300 902 332 301 903 329 301 904 328 301 905 331 302 906 327 302 907 330 302 908 330 303 909 332 303 910 331 303 911 315 304 912 319 304 913 316 304 914 330 305 915 329 305 916 332 305 917 333 306 918 334 306 919 335 306 920 335 307 921 336 307 922 333 307 923 337 308 924 338 308 925 339 308 926 339 309 927 340 309 928 337 309 929 341 310 930 342 310 931 343 310 932 343 311 933 344 311 934 341 311 935 336 312 936 345 312 937 346 312 938 346 313 939 333 313 940 336 313 941 347 314 942 348 314 943 349 314 944 349 315 945 350 315 946 347 315 947 342 316 948 341 316 949 351 316 950 351 317 951 352 317 952 342 317 953 353 318 954 354 318 955 355 318 956 355 319 957 356 319 958 353 319 959 357 320 960 358 320 961 359 320 962 360 321 963 361 321 964 362 321 965 363 322 966 364 322 967 365 322 968 365 323 969 366 323 970 363 323 971 353 324 972 356 324 973 367 324 974 367 325 975 368 325 976 353 325 977 369 326 978 370 326 979 371 326 980 371 327 981 372 327 982 369 327 983 365 328 984 373 328 985 374 328 986 374 329 987 366 329 988 365 329 989 368 330 990 367 330 991 375 330 992 375 331 993 376 331 994 368 331 995 377 332 996 378 332 997 379 332 998 379 333 999 380 333 1000 377 333 1001 381 334 1002 382 334 1003 374 334 1004 374 335 1005 373 335 1006 381 335 1007 376 336 1008 375 336 1009 383 336 1010 384 337 1011 385 337 1012 386 337 1013 382 338 1014 381 338 1015 383 338 1016 387 339 1017 388 339 1018 389 339 1019 389 340 1020 390 340 1021 387 340 1022 391 341 1023 389 341 1024 388 341 1025 388 342 1026 392 342 1027 391 342 1028 388 343 1029 387 343 1030 393 343 1031 393 344 1032 394 344 1033 388 344 1034 394 345 1035 395 345 1036 392 345 1037 392 346 1038 388 346 1039 394 346 1040 394 347 1041 393 347 1042 396 347 1043 396 348 1044 397 348 1045 394 348 1046 397 349 1047 398 349 1048 395 349 1049 395 350 1050 394 350 1051 397 350 1052 397 351 1053 396 351 1054 399 351 1055 399 352 1056 400 352 1057 397 352 1058 400 353 1059 401 353 1060 398 353 1061 398 354 1062 397 354 1063 400 354 1064 400 355 1065 399 355 1066 402 355 1067 402 356 1068 403 356 1069 400 356 1070 403 357 1071 404 357 1072 401 357 1073 401 358 1074 400 358 1075 403 358 1076 403 359 1077 402 359 1078 405 359 1079 405 360 1080 406 360 1081 403 360 1082 406 361 1083 407 361 1084 404 361 1085 404 362 1086 403 362 1087 406 362 1088</p>
        </triangles>
      </mesh>
    </geometry>
  </library_geometries>
  <library_controllers>
    <controller id="callaeci2_Skin_hird-skin" name="callaeci2_Skin">
      <skin source="#hird-mesh">
        <bind_shape_matrix>1 0 0 0 0 1 0 0 0 0 1 0 0 0 0 1</bind_shape_matrix>
        <source id="callaeci2_Skin_hird-skin-joints">
          <Name_array id="callaeci2_Skin_hird-skin-joints-array" count="34">root pelvis femurleft butt-l knee-l-top knee-l-bopttom ankle_left foot_left01 femurright butt-r knee-r-top knee-r-bopttom ankleright foot_right01 lumbar rib scapula ulna carpal ammo_node_1 scapula01 ulna01 carpal_right smoke_node_1 ammo_node_0 neck skull nogginbottom plumes skulltop smoke_node_0 cloaktop cloak cloakbottom</Name_array>
          <technique_common>
            <accessor source="#callaeci2_Skin_hird-skin-joints-array" count="34" stride="1">
              <param name="JOINT" type="name"/>
            </accessor>
          </technique_common>
        </source>
        <source id="callaeci2_Skin_hird-skin-bind_poses">
          <float_array id="callaeci2_Skin_hird-skin-bind_poses-array" count="544">1 0 0 0 0 -1.19209e-7 1 -2.154822 0 -1 -1.34359e-7 1.88312e-7 0 0 0 1 1 0 0 -2.88205e-4 0 0 1 -1.989969 0 -1 0 0.05965083 0 0 0 1 1 0 0 -0.2295659 0 0 1 -1.980151 0 -1 0 0 0 0 0 1 1 0 0 -0.2300334 0 -5.28991e-7 1 -1.881625 0 -1 -5.43892e-7 0.2278663 0 0 0 1 1 0 0 -0.2579528 0 0 1 -1.492427 0 -1 0 -0.3577119 0 0 0 1 1 0 0 -0.2616621 0 -2.30968e-7 1 -1.243225 0 -1 -2.47732e-7 0.03760051 0 0 0 1 1 -8.32342e-7 3.14583e-7 -0.2703902 0 -0.368721 -0.92954 0.1499912 8.89687e-7 0.9295386 -0.368721 -0.04846733 0 0 0 1 1 -8.32063e-7 3.80665e-5 -0.2703914 0 -0.9997598 -0.02185356 -0.2401515 3.80756e-5 0.02185291 -0.9997612 0.02881795 0 0 0 1 1 0 0 0.2313526 0 0 1 -1.980151 0 -1 0 0 0 0 0 1 1 0 0 0.2346149 0 -6.78003e-7 1 -1.884255 0 -1 -6.92904e-7 0.2262768 0 0 0 1 1 0 0 0.1784679 0 -6.78003e-7 1 -1.491813 0 -1 -6.85453e-7 -0.3589497 0 0 0 1 1 0 0 0.2454932 0 0 1 -1.243115 0 -1 0 0.03760027 0 0 0 1 1 -7.34206e-7 2.91309e-7 0.2586691 0 -0.3687204 -0.9295402 0.1530215 7.89885e-7 0.9295395 -0.3687204 -0.04726493 0 0 0 1 1 -6.07004e-7 2.77687e-5 0.2586682 0 -0.9997602 -0.02185434 -0.2400804 2.77754e-5 0.02185404 -0.9997612 0.03209471 0 0 0 1 1 0 0 -0.004826366 0 0 1 -2.179733 0 -1 0 0.1130514 0 0 0 1 1 0 0 0.007960081 0 0 1 -2.884791 0 -1 0 -1.77029e-7 0 0 0 1 0.2222273 0 0.9749948 -3.14269 -0.974995 0 0.2222272 -0.2954414 0 -1 0 0 0 0 0 1 0.2222273 0 0.9749948 -3.266428 -0.9749948 0 0.2222272 0.3039152 0 -1 0 0 0 0 0 1 0.2222273 0 0.9749948 -3.369739 -0.9749948 0 0.2222275 0.8793183 0 -1 -1.22935e-7 -0.07377815 0 0 0 1 0.2222588 -4.47953e-7 0.9749878 -3.546442 -0.001874029 -0.9999982 4.26737e-4 0.001238882 0.9749858 -0.001921951 -0.2222582 -0.6438589 0 0 0 1 0.2009769 0 -0.9795958 3.156589 0.979596 0 0.2009769 -0.1869862 0 -1 0 -4.91277e-7 0 0 0 1 0.2009769 0 -0.979596 3.268592 0.9795959 -1.38879e-7 0.2009769 0.4123702 -1.47329e-7 -1 0 -5.2074e-7 0 0 0 1 0.2009751 0 -0.9795964 3.406336 0.9795964 -1.38879e-7 0.2009749 0.9435127 -1.59064e-7 -1 0 -5.72639e-7 0 0 0 1 0.2020742 -7.78814e-6 -0.9793702 3.381502 -0.006567478 -0.9999775 -0.001347124 -0.05599498 -0.9793482 0.006704151 -0.2020698 -1.12178 0 0 0 1 0.200936 1.4996e-6 -0.9796044 3.377581 0.9796043 6.86374e-7 0.200936 1.181131 8.49366e-7 -0.9999999 -1.37091e-6 -1.617804 0 0 0 1 1 0 0 0.02165722 0 0 1 -3.354291 0 -1 -1.19331e-7 1.5957e-7 0 0 0 1 1 0 0 0.02895486 0 0 1 -3.806293 0 -1 0 0 0 0 0 1 1 3.08239e-7 0 0.02715581 0 0.04181396 0.9991254 -3.880911 3.08501e-7 -0.9991254 0.04181396 -0.4448743 0 0 0 1 1 6.35162e-7 0 0.03132408 0 0.02110123 0.9997774 -3.98341 6.3533e-7 -0.9997773 0.02110117 -0.2703227 0 0 0 1 1 0 0 0.03312313 0 0 1 -4.176582 0 -1 0 0 0 0 0 1 1 -2.02181e-4 -1.10455e-6 0.0150969 -2.02181e-4 -1 0 -0.2430238 -1.10465e-6 0 -1 3.446478 0 0 0 1 1 0 0 -0.001975059 0 -1.93715e-7 1 -3.236083 0 -1 -2.08616e-7 0.198127 0 0 0 1 1 0 0 -0.006513178 0 0 1 -2.377002 0 -1 0 0.4338245 0 0 0 1 1 0 0 0.02082639 0 0 1 -1.545783 0 -1 0 0.5515337 0 0 0 1</float_array>
          <technique_common>
            <accessor source="#callaeci2_Skin_hird-skin-bind_poses-array" count="34" stride="16">
              <param name="TRANSFORM" type="float4x4"/>
            </accessor>
          </technique_common>
        </source>
        <source id="callaeci2_Skin_hird-skin-weights">
          <float_array id="callaeci2_Skin_hird-skin-weights-array" count="408">1 1 1 1 1 1 1 1 1 1 1 1 1 1 1 1 1 1 1 1 1 1 1 1 1 1 1 1 1 1 1 1 1 1 1 1 1 1 1 1 1 1 1 1 1 1 1 1 1 1 1 1 1 1 1 1 1 1 1 1 1 1 1 1 1 1 1 1 1 1 1 1 1 1 1 1 1 1 1 1 1 1 1 1 1 1 1 1 1 1 1 1 1 1 1 1 1 1 1 1 1 1 1 1 1 1 1 1 1 1 1 1 1 1 1 1 1 1 1 1 1 1 1 1 1 1 1 1 1 1 1 1 1 1 1 1 1 1 1 1 1 1 1 1 1 1 1 1 1 1 1 1 1 1 1 1 1 1 1 1 1 1 1 1 1 1 1 1 1 1 1 1 1 1 1 1 1 1 1 1 1 1 1 1 1 1 1 1 1 1 1 1 1 1 1 1 1 1 1 1 1 1 1 1 1 1 1 1 1 1 1 1 1 1 1 1 1 1 1 1 1 1 1 1 1 1 1 1 1 1 1 1 1 1 1 1 1 1 1 1 1 1 1 1 1 1 1 1 1 1 1 1 1 1 1 1 1 1 1 1 1 1 1 1 1 1 1 1 1 1 1 1 1 1 1 1 1 1 1 1 1 1 1 1 1 1 1 1 1 1 1 1 1 1 1 1 1 1 1 1 1 1 1 1 1 1 1 1 1 1 1 1 1 1 1 1 1 1 1 1 1 1 1 1 1 1 1 1 1 1 1 1 1 1 1 1 1 1 1 1 1 1 1 1 1 1 1 1 1 1 1 1 1 1 1 1 1 1 1 1 1 1 1 1 1 1 1 1 1 1 1 1 1 1 1 1 1 1 1 1 1 1 1 1 1 1 1 1 1 1 1 1 1 1 1 1 1 1 1 1 1 1 1 1 1 1 1 1</float_array>
          <technique_common>
            <accessor source="#callaeci2_Skin_hird-skin-weights-array" count="408" stride="1">
              <param name="WEIGHT" type="float"/>
            </accessor>
          </technique_common>
        </source>
        <joints>
          <input semantic="JOINT" source="#callaeci2_Skin_hird-skin-joints"/>
          <input semantic="INV_BIND_MATRIX" source="#callaeci2_Skin_hird-skin-bind_poses"/>
        </joints>
        <vertex_weights count="408">
          <input semantic="JOINT" source="#callaeci2_Skin_hird-skin-joints" offset="0"/>
          <input semantic="WEIGHT" source="#callaeci2_Skin_hird-skin-weights" offset="1"/>
          <vcount>1 1 1 1 1 1 1 1 1 1 1 1 1 1 1 1 1 1 1 1 1 1 1 1 1 1 1 1 1 1 1 1 1 1 1 1 1 1 1 1 1 1 1 1 1 1 1 1 1 1 1 1 1 1 1 1 1 1 1 1 1 1 1 1 1 1 1 1 1 1 1 1 1 1 1 1 1 1 1 1 1 1 1 1 1 1 1 1 1 1 1 1 1 1 1 1 1 1 1 1 1 1 1 1 1 1 1 1 1 1 1 1 1 1 1 1 1 1 1 1 1 1 1 1 1 1 1 1 1 1 1 1 1 1 1 1 1 1 1 1 1 1 1 1 1 1 1 1 1 1 1 1 1 1 1 1 1 1 1 1 1 1 1 1 1 1 1 1 1 1 1 1 1 1 1 1 1 1 1 1 1 1 1 1 1 1 1 1 1 1 1 1 1 1 1 1 1 1 1 1 1 1 1 1 1 1 1 1 1 1 1 1 1 1 1 1 1 1 1 1 1 1 1 1 1 1 1 1 1 1 1 1 1 1 1 1 1 1 1 1 1 1 1 1 1 1 1 1 1 1 1 1 1 1 1 1 1 1 1 1 1 1 1 1 1 1 1 1 1 1 1 1 1 1 1 1 1 1 1 1 1 1 1 1 1 1 1 1 1 1 1 1 1 1 1 1 1 1 1 1 1 1 1 1 1 1 1 1 1 1 1 1 1 1 1 1 1 1 1 1 1 1 1 1 1 1 1 1 1 1 1 1 1 1 1 1 1 1 1 1 1 1 1 1 1 1 1 1 1 1 1 1 1 1 1 1 1 1 1 1 1 1 1 1 1 1 1 1 1 1 1 1 1 1 1 1 1 1 1 1 1 1 1 1 1 1 1 1 1 1 1 1 1 1 1 1 1 1 1 1 1 1 1 1 1 1 1 1 </vcount>
          <v>17 0 17 1 17 2 17 3 17 4 17 5 17 6 17 7 17 8 17 9 17 10 17 11 17 12 17 13 17 14 17 15 17 16 17 17 17 18 17 19 17 20 17 21 17 22 17 23 17 24 17 25 17 26 17 27 17 28 17 29 17 30 17 31 17 32 17 33 17 34 1 35 1 36 1 37 9 38 8 39 9 40 9 41 8 42 10 43 9 44 17 45 17 46 17 47 17 48 17 49 17 50 17 51 17 52 17 53 17 54 17 55 17 56 17 57 17 58 17 59 17 60 17 61 17 62 17 63 1 64 1 65 1 66 1 67 8 68 1 69 1 70 1 71 1 72 1 73 15 74 15 75 15 76 15 77 15 78 15 79 15 80 15 81 15 82 15 83 15 84 15 85 15 86 15 87 15 88 15 89 15 90 15 91 15 92 15 93 15 94 15 95 15 96 15 97 20 98 15 99 15 100 16 101 15 102 20 103 15 104 16 105 15 106 15 107 15 108 16 109 17 110 17 111 17 112 16 113 16 114 16 115 17 116 17 117 17 118 17 119 17 120 17 121 16 122 16 123 17 124 17 125 17 126 17 127 17 128 17 129 17 130 17 131 17 132 17 133 17 134 17 135 17 136 17 137 17 138 17 139 20 140 21 141 20 142 21 143 21 144 20 145 20 146 21 147 21 148 21 149 21 150 21 151 20 152 20 153 21 154 21 155 21 156 21 157 21 158 21 159 21 160 21 161 21 162 21 163 21 164 21 165 21 166 21 167 21 168 21 169 25 170 25 171 25 172 25 173 25 174 25 175 25 176 25 177 25 178 25 179 25 180 25 181 25 182 25 183 25 184 25 185 25 186 25 187 25 188 25 189 25 190 25 191 25 192 25 193 25 194 3 195 9 196 2 197 2 198 3 199 4 200 4 201 5 202 2 203 2 204 2 205 2 206 2 207 2 208 3 209 3 210 4 211 5 212 2 213 2 214 2 215 2 216 5 217 2 218 8 219 5 220 5 221 5 222 5 223 5 224 5 225 5 226 5 227 5 228 5 229 5 230 5 231 5 232 5 233 5 234 5 235 5 236 5 237 5 238 3 239 3 240 3 241 10 242 8 243 10 244 10 245 11 246 8 247 8 248 8 249 9 250 11 251 8 252 8 253 11 254 8 255 8 256 11 257 11 258 11 259 11 260 11 261 11 262 11 263 11 264 11 265 11 266 11 267 11 268 11 269 11 270 11 271 11 272 11 273 11 274 11 275 9 276 9 277 25 278 25 279 25 280 25 281 25 282 25 283 25 284 25 285 25 286 25 287 25 288 25 289 25 290 25 291 25 292 25 293 25 294 25 295 25 296 25 297 25 298 25 299 25 300 25 301 25 302 25 303 25 304 25 305 25 306 25 307 25 308 25 309 25 310 25 311 25 312 25 313 25 314 23 315 23 316 23 317 23 318 23 319 23 320 23 321 23 322 23 323 23 324 23 325 23 326 23 327 23 328 23 329 23 330 23 331 23 332 23 333 23 334 23 335 23 336 23 337 23 338 23 339 23 340 23 341 23 342 23 343 23 344 23 345 23 346 23 347 23 348 23 349 23 350 23 351 23 352 23 353 23 354 23 355 23 356 23 357 23 358 23 359 23 360 23 361 23 362 23 363 23 364 23 365 23 366 23 367 23 368 23 369 23 370 23 371 23 372 23 373 23 374 23 375 23 376 23 377 23 378 23 379 23 380 23 381 23 382 23 383 23 384 23 385 23 386 23 387 23 388 23 389 23 390 23 391 23 392 23 393 23 394 23 395 23 396 23 397 23 398 23 399 23 400 23 401 23 402 23 403 23 404 23 405 23 406 23 407</v>
        </vertex_weights>
      </skin>
    </controller>
  </library_controllers>
  <library_visual_scenes>
    <visual_scene id="Scene" name="Scene">
      <node id="Camera" name="Camera" type="NODE">
        <matrix sid="transform">0.6859207 -0.3240135 0.6515582 7.481132 0.7276763 0.3054208 -0.6141704 -6.50764 0 0.8953956 0.4452714 5.343665 0 0 0 1</matrix>
        <instance_camera url="#Camera-camera"/>
      </node>
      <node id="Lamp" name="Lamp" type="NODE">
        <matrix sid="transform">-0.2908646 -0.7711008 0.5663932 4.076245 0.9551712 -0.1998834 0.2183912 1.005454 -0.05518906 0.6045247 0.7946723 5.903862 0 0 0 1</matrix>
        <instance_light url="#Lamp-light"/>
      </node>
      <node id="callaeci2_Skin" name="callaeci2_Skin" type="NODE">
        <matrix sid="transform">1 0 0 0 0 1 0 0 0 0 1 0 0 0 0 1</matrix>
        <node id="callaeci2_Skin_root" name="root" sid="root" type="JOINT">
          <matrix sid="transform">1 1.87196e-15 4.0082e-8 0 4.0082e-8 -1.34359e-7 -1 -1.01207e-7 3.51341e-15 1 -1.19209e-7 2.154822 0 0 0 1</matrix>
          <node id="callaeci2_Skin_pelvis" name="pelvis" sid="pelvis" type="JOINT">
            <matrix sid="transform">1 0 1.18083e-8 2.88204e-4 -4.39892e-16 1 3.72528e-8 -0.1648533 -1.18083e-8 -3.72528e-8 1 -0.05965076 0 0 0 1</matrix>
            <node id="callaeci2_Skin_femurleft" name="femurleft" sid="femurleft" type="JOINT">
              <matrix sid="transform">1 -4.66006e-15 5.09433e-9 0.2292777 0 1 0 -0.0098176 -5.09433e-9 2.48278e-10 1 0.05965088 0 0 0 1</matrix>
              <node id="callaeci2_Skin_butt-l" name="butt-l" sid="butt-l" type="JOINT">
                <matrix sid="transform">1 -5.15475e-15 4.2319e-9 4.67554e-4 1.89181e-15 1 -4.47035e-7 -0.098526 -4.2319e-9 4.47035e-7 1 -0.2278655 0 0 0 1</matrix>
                <extra>
                  <technique profile="blender">
                    <layer sid="layer" type="string">0</layer>
                    <roll sid="roll" type="float">0</roll>
                    <tip_x sid="tip_x" type="float">0</tip_x>
                    <tip_y sid="tip_y" type="float">0</tip_y>
                    <tip_z sid="tip_z" type="float">0.1</tip_z>
                  </technique>
                </extra>
              </node>
              <node id="callaeci2_Skin_knee-l-top" name="knee-l-top" sid="knee-l-top" type="JOINT">
                <matrix sid="transform">1 -5.15475e-15 7.79386e-9 0.0283868 0 0.9999999 0 -0.4877242 -7.79386e-9 0 1 0.3577119 0 0 0 1</matrix>
                <extra>
                  <technique profile="blender">
                    <layer sid="layer" type="string">0</layer>
                    <roll sid="roll" type="float">0</roll>
                    <tip_x sid="tip_x" type="float">0</tip_x>
                    <tip_y sid="tip_y" type="float">0</tip_y>
                    <tip_z sid="tip_z" type="float">0.1</tip_z>
                  </technique>
                </extra>
              </node>
              <node id="callaeci2_Skin_knee-l-bopttom" name="knee-l-bopttom" sid="knee-l-bopttom" type="JOINT">
                <matrix sid="transform">1 -5.15475e-15 3.00215e-8 0.03209621 4.47355e-15 1 -1.49012e-7 -0.736926 -3.00215e-8 1.49012e-7 1 -0.03760034 0 0 0 1</matrix>
                <node id="callaeci2_Skin_ankle_left" name="ankle left" sid="ankle_left" type="JOINT">
                  <matrix sid="transform">1 -6.04173e-8 9.65071e-7 0.008728117 3.14583e-7 -0.9295399 -0.3687218 -1.121673 9.19348e-7 0.3687218 -0.9295413 -0.06275669 0 0 0 1</matrix>
                  <node id="callaeci2_Skin_foot_left01" name="foot left01" sid="foot_left01" type="JOINT">
                    <matrix sid="transform">1 8.2527e-7 3.77429e-5 2.68221e-7 -3.50921e-5 0.3889467 0.9212602 0.216839 -1.39197e-5 -0.9212602 0.3889467 -0.2809218 0 0 0 1</matrix>
                    <extra>
                      <technique profile="blender">
                        <layer sid="layer" type="string">0</layer>
                        <roll sid="roll" type="float">3.80664e-5</roll>
                        <tip_x sid="tip_x" type="float">0</tip_x>
                        <tip_y sid="tip_y" type="float">-0.09997618</tip_y>
                        <tip_z sid="tip_z" type="float">-0.002185285</tip_z>
                      </technique>
                    </extra>
                  </node>
                  <extra>
                    <technique profile="blender">
                      <layer sid="layer" type="string">0</layer>
                      <roll sid="roll" type="float">8.89688e-7</roll>
                      <tip_x sid="tip_x" type="float">0</tip_x>
                      <tip_y sid="tip_y" type="float">-0.03687214</tip_y>
                      <tip_z sid="tip_z" type="float">-0.09295403</tip_z>
                    </technique>
                  </extra>
                </node>
                <extra>
                  <technique profile="blender">
                    <layer sid="layer" type="string">0</layer>
                    <roll sid="roll" type="float">0</roll>
                    <tip_x sid="tip_x" type="float">0</tip_x>
                    <tip_y sid="tip_y" type="float">0</tip_y>
                    <tip_z sid="tip_z" type="float">0.1</tip_z>
                  </technique>
                </extra>
              </node>
              <extra>
                <technique profile="blender">
                  <layer sid="layer" type="string">0</layer>
                  <roll sid="roll" type="float">0</roll>
                  <tip_x sid="tip_x" type="float">0</tip_x>
                  <tip_y sid="tip_y" type="float">0</tip_y>
                  <tip_z sid="tip_z" type="float">0.0999999</tip_z>
                </technique>
              </extra>
            </node>
            <node id="callaeci2_Skin_femurright" name="femurright" sid="femurright" type="JOINT">
              <matrix sid="transform">1 -4.66006e-15 5.09433e-9 -0.2316408 0 1 0 -0.0098176 -5.09433e-9 2.48278e-10 1 0.05965088 0 0 0 1</matrix>
              <node id="callaeci2_Skin_butt-r" name="butt-r" sid="butt-r" type="JOINT">
                <matrix sid="transform">1 -5.15475e-15 5.58592e-9 -0.003262356 3.32947e-15 1 -5.96046e-7 -0.09589529 -5.58592e-9 5.96046e-7 1 -0.2262757 0 0 0 1</matrix>
                <extra>
                  <technique profile="blender">
                    <layer sid="layer" type="string">0</layer>
                    <roll sid="roll" type="float">0</roll>
                    <tip_x sid="tip_x" type="float">0</tip_x>
                    <tip_y sid="tip_y" type="float">0</tip_y>
                    <tip_z sid="tip_z" type="float">0.1</tip_z>
                  </technique>
                </extra>
              </node>
              <node id="callaeci2_Skin_knee-r-top" name="knee-r-top" sid="knee-r-top" type="JOINT">
                <matrix sid="transform">1 -5.15475e-15 9.03824e-9 0.05288468 5.38721e-15 0.9999999 -5.96046e-7 -0.4883386 -9.03824e-9 5.96046e-7 1 0.3589506 0 0 0 1</matrix>
                <extra>
                  <technique profile="blender">
                    <layer sid="layer" type="string">0</layer>
                    <roll sid="roll" type="float">0</roll>
                    <tip_x sid="tip_x" type="float">0</tip_x>
                    <tip_y sid="tip_y" type="float">0</tip_y>
                    <tip_z sid="tip_z" type="float">0.1</tip_z>
                  </technique>
                </extra>
              </node>
              <node id="callaeci2_Skin_knee-r-bopttom" name="knee-r-bopttom" sid="knee-r-bopttom" type="JOINT">
                <matrix sid="transform">1 -5.15475e-15 1.89711e-8 -0.01414061 0 1 0 -0.7370361 -1.89711e-8 0 1 -0.03760032 0 0 0 1</matrix>
                <node id="callaeci2_Skin_ankleright" name="ankleright" sid="ankleright" type="JOINT">
                  <matrix sid="transform">1 -2.79397e-8 8.60491e-7 -0.01317592 2.9131e-7 -0.9295402 -0.3687208 -1.118303 8.10162e-7 0.3687208 -0.9295411 -0.06275679 0 0 0 1</matrix>
                  <node id="callaeci2_Skin_foot_right01" name="foot right01" sid="foot_right01" type="JOINT">
                    <matrix sid="transform">1 7.27665e-7 2.74681e-5 2.38419e-7 -2.55883e-5 0.3889469 0.9212601 0.216839 -1.00133e-5 -0.9212602 0.3889469 -0.280922 0 0 0 1</matrix>
                    <extra>
                      <technique profile="blender">
                        <layer sid="layer" type="string">0</layer>
                        <roll sid="roll" type="float">2.77772e-5</roll>
                        <tip_x sid="tip_x" type="float">0</tip_x>
                        <tip_y sid="tip_y" type="float">-0.09997612</tip_y>
                        <tip_z sid="tip_z" type="float">-0.002185344</tip_z>
                      </technique>
                    </extra>
                  </node>
                  <extra>
                    <technique profile="blender">
                      <layer sid="layer" type="string">0</layer>
                      <roll sid="roll" type="float">7.89886e-7</roll>
                      <tip_x sid="tip_x" type="float">0</tip_x>
                      <tip_y sid="tip_y" type="float">-0.03687202</tip_y>
                      <tip_z sid="tip_z" type="float">-0.09295403</tip_z>
                    </technique>
                  </extra>
                </node>
                <extra>
                  <technique profile="blender">
                    <layer sid="layer" type="string">0</layer>
                    <roll sid="roll" type="float">0</roll>
                    <tip_x sid="tip_x" type="float">0</tip_x>
                    <tip_y sid="tip_y" type="float">0</tip_y>
                    <tip_z sid="tip_z" type="float">0.1</tip_z>
                  </technique>
                </extra>
              </node>
              <extra>
                <technique profile="blender">
                  <layer sid="layer" type="string">0</layer>
                  <roll sid="roll" type="float">0</roll>
                  <tip_x sid="tip_x" type="float">0</tip_x>
                  <tip_y sid="tip_y" type="float">0</tip_y>
                  <tip_z sid="tip_z" type="float">0.0999999</tip_z>
                </technique>
              </extra>
            </node>
            <node id="callaeci2_Skin_lumbar" name="lumbar" sid="lumbar" type="JOINT">
              <matrix sid="transform">1 -4.66006e-15 4.81516e-9 0.004538174 0 1 3.72529e-8 0.189765 -4.81516e-9 -3.70047e-8 1 -0.05340066 0 0 0 1</matrix>
              <node id="callaeci2_Skin_rib" name="rib" sid="rib" type="JOINT">
                <matrix sid="transform">1 -4.94826e-15 4.31043e-9 -0.01278648 0 1 0 0.7050576 -4.31043e-9 2.48249e-10 1 0.1130516 0 0 0 1</matrix>
                <node id="callaeci2_Skin_scapula" name="scapula" sid="scapula" type="JOINT">
                  <matrix sid="transform">0.2222273 -0.9749949 -5.0529e-8 0.4182977 0.9749948 0.2222273 -1.3895e-8 0.2449708 2.47765e-8 -4.61777e-8 1 -4.3279e-8 0 0 0 1</matrix>
                  <node id="callaeci2_Skin_ulna" name="ulna" sid="ulna" type="JOINT">
                    <matrix sid="transform">0.9999999 -5.96046e-8 1.45286e-8 0.1237383 5.96046e-8 1 -1.68754e-14 -0.5993565 -1.45286e-8 1.77636e-14 1 -2.08212e-9 0 0 0 1</matrix>
                    <node id="callaeci2_Skin_carpal" name="carpal" sid="carpal" type="JOINT">
                      <matrix sid="transform">1 1.93715e-7 -4.81799e-8 0.1033108 -3.57628e-7 0.9999999 -7.45058e-8 -0.5754042 4.81799e-8 7.45059e-8 1 0.07377817 0 0 0 1</matrix>
                      <node id="callaeci2_Skin_ammo_node_1" name="ammo node 1" sid="ammo_node_1" type="JOINT">
                        <matrix sid="transform">0.9999999 -2.97703e-7 -3.20673e-5 0.1766813 -3.19183e-5 0.0019221 -0.9999982 0.2353451 3.5841e-7 0.9999982 0.001922126 -0.07377824 0 0 0 1</matrix>
                        <extra>
                          <technique profile="blender">
                            <layer sid="layer" type="string">0</layer>
                            <roll sid="roll" type="float">-2.242758</roll>
                            <tip_x sid="tip_x" type="float">-1.87397e-4</tip_x>
                            <tip_y sid="tip_y" type="float">-0.09999984</tip_y>
                            <tip_z sid="tip_z" type="float">4.26769e-5</tip_z>
                          </technique>
                        </extra>
                      </node>
                      <extra>
                        <technique profile="blender">
                          <layer sid="layer" type="string">0</layer>
                          <roll sid="roll" type="float">-1.346698</roll>
                          <tip_x sid="tip_x" type="float">-0.09749937</tip_x>
                          <tip_y sid="tip_y" type="float">0</tip_y>
                          <tip_z sid="tip_z" type="float">0.02222275</tip_z>
                        </technique>
                      </extra>
                    </node>
                    <extra>
                      <technique profile="blender">
                        <layer sid="layer" type="string">0</layer>
                        <roll sid="roll" type="float">-1.346698</roll>
                        <tip_x sid="tip_x" type="float">-0.0974996</tip_x>
                        <tip_y sid="tip_y" type="float">0</tip_y>
                        <tip_z sid="tip_z" type="float">0.02222275</tip_z>
                      </technique>
                    </extra>
                  </node>
                  <extra>
                    <technique profile="blender">
                      <layer sid="layer" type="string">0</layer>
                      <roll sid="roll" type="float">-1.346698</roll>
                      <tip_x sid="tip_x" type="float">-0.0974996</tip_x>
                      <tip_y sid="tip_y" type="float">0</tip_y>
                      <tip_z sid="tip_z" type="float">0.02222275</tip_z>
                    </technique>
                  </extra>
                </node>
                <node id="callaeci2_Skin_scapula01" name="scapula01" sid="scapula01" type="JOINT">
                  <matrix sid="transform">0.200977 0.979596 -9.26208e-8 -0.4432708 -0.9795959 0.200977 1.00881e-7 0.2449708 1.17437e-7 7.04562e-8 1 -4.3279e-8 0 0 0 1</matrix>
                  <node id="callaeci2_Skin_ulna01" name="ulna01" sid="ulna01" type="JOINT">
                    <matrix sid="transform">0.9999999 0 5.23591e-9 -0.1120028 0 1 -1.19209e-7 -0.5993563 -5.2359e-9 1.19209e-7 1 -2.58052e-9 0 0 0 1</matrix>
                    <node id="callaeci2_Skin_carpal_right" name="carpal right" sid="carpal_right" type="JOINT">
                      <matrix sid="transform">1 2.02656e-6 -5.83885e-8 -0.1377451 -2.08616e-6 0.9999999 -1.06581e-14 -0.5311352 5.83885e-8 1.82299e-13 1 -1.46992e-7 0 0 0 1</matrix>
                      <node id="callaeci2_Skin_smoke_node_1" name="smoke node 1" sid="smoke_node_1" type="JOINT">
                        <matrix sid="transform">0.9999993 -1.49827e-7 0.001122311 0.0260942 0.001122445 -0.006704031 -0.9999769 -0.1824129 7.67385e-6 0.9999775 -0.006704087 0.04844672 0 0 0 1</matrix>
                        <node id="callaeci2_Skin_ammo_node_0" name="ammo node 0" sid="ammo_node_0" type="JOINT">
                          <matrix sid="transform">0.9999993 0.001162037 9.28854e-6 0.002566576 -1.4964e-6 -0.006704819 0.9999776 1.569697 0.001162186 -0.9999769 -0.00670485 0.04455125 0 0 0 1</matrix>
                          <extra>
                            <technique profile="blender">
                              <layer sid="layer" type="string">0</layer>
                              <roll sid="roll" type="float">1.368484</roll>
                              <tip_x sid="tip_x" type="float">0.09851062</tip_x>
                              <tip_y sid="tip_y" type="float">0</tip_y>
                              <tip_z sid="tip_z" type="float">0.02020645</tip_z>
                            </technique>
                          </extra>
                        </node>
                        <extra>
                          <technique profile="blender">
                            <layer sid="layer" type="string">0</layer>
                            <roll sid="roll" type="float">1.368589</roll>
                            <tip_x sid="tip_x" type="float">-6.56724e-4</tip_x>
                            <tip_y sid="tip_y" type="float">-0.09999775</tip_y>
                            <tip_z sid="tip_z" type="float">-1.34706e-4</tip_z>
                          </technique>
                        </extra>
                      </node>
                      <extra>
                        <technique profile="blender">
                          <layer sid="layer" type="string">0</layer>
                          <roll sid="roll" type="float">1.368443</roll>
                          <tip_x sid="tip_x" type="float">0.09795963</tip_x>
                          <tip_y sid="tip_y" type="float">0</tip_y>
                          <tip_z sid="tip_z" type="float">0.02009749</tip_z>
                        </technique>
                      </extra>
                    </node>
                    <extra>
                      <technique profile="blender">
                        <layer sid="layer" type="string">0</layer>
                        <roll sid="roll" type="float">1.368441</roll>
                        <tip_x sid="tip_x" type="float">0.09795975</tip_x>
                        <tip_y sid="tip_y" type="float">0</tip_y>
                        <tip_z sid="tip_z" type="float">0.02009773</tip_z>
                      </technique>
                    </extra>
                  </node>
                  <extra>
                    <technique profile="blender">
                      <layer sid="layer" type="string">0</layer>
                      <roll sid="roll" type="float">1.368441</roll>
                      <tip_x sid="tip_x" type="float">0.09795975</tip_x>
                      <tip_y sid="tip_y" type="float">0</tip_y>
                      <tip_z sid="tip_z" type="float">0.02009773</tip_z>
                    </technique>
                  </extra>
                </node>
                <node id="callaeci2_Skin_neck" name="neck" sid="neck" type="JOINT">
                  <matrix sid="transform">1 -5.20626e-15 3.8059e-9 -0.01369714 2.26369e-16 0.9999999 -5.94783e-8 0.4694993 -3.8059e-9 5.94783e-8 1 -1.37009e-7 0 0 0 1</matrix>
                  <node id="callaeci2_Skin_skull" name="skull" sid="skull" type="JOINT">
                    <matrix sid="transform">1 -5.66042e-15 1.57418e-9 -0.007297663 0 1 4.65555e-10 0.4520025 -1.57418e-9 -4.65548e-10 1 7.10192e-8 0 0 0 1</matrix>
                    <node id="callaeci2_Skin_nogginbottom" name="nogginbottom" sid="nogginbottom" type="JOINT">
                      <matrix sid="transform">1 2.3283e-9 2.42163e-7 0.001799159 -1.24521e-8 0.9991254 0.0418141 0.08982587 -2.41854e-7 -0.0418141 0.9991254 0.2822085 0 0 0 1</matrix>
                      <extra>
                        <technique profile="blender">
                          <layer sid="layer" type="string">0</layer>
                          <roll sid="roll" type="float">3.08501e-7</roll>
                          <tip_x sid="tip_x" type="float">0</tip_x>
                          <tip_y sid="tip_y" type="float">0.004181385</tip_y>
                          <tip_z sid="tip_z" type="float">0.09991264</tip_z>
                        </technique>
                      </extra>
                    </node>
                    <node id="callaeci2_Skin_plumes" name="plumes" sid="plumes" type="JOINT">
                      <matrix sid="transform">1 2.3283e-9 5.68949e-7 -0.002369052 -1.43334e-8 0.9997773 0.02110134 0.1819341 -5.68773e-7 -0.02110134 0.9997773 0.1862074 0 0 0 1</matrix>
                      <extra>
                        <technique profile="blender">
                          <layer sid="layer" type="string">0</layer>
                          <roll sid="roll" type="float">6.3533e-7</roll>
                          <tip_x sid="tip_x" type="float">0</tip_x>
                          <tip_y sid="tip_y" type="float">0.002110123</tip_y>
                          <tip_z sid="tip_z" type="float">0.09997797</tip_z>
                        </technique>
                      </extra>
                    </node>
                    <node id="callaeci2_Skin_skulltop" name="skulltop" sid="skulltop" type="JOINT">
                      <matrix sid="transform">1 -5.84754e-15 4.68295e-9 -0.00416824 0 1 -3.2685e-13 0.3702886 -4.68295e-9 3.19744e-13 1 2.84217e-14 0 0 0 1</matrix>
                      <extra>
                        <technique profile="blender">
                          <layer sid="layer" type="string">0</layer>
                          <roll sid="roll" type="float">0</roll>
                          <tip_x sid="tip_x" type="float">0</tip_x>
                          <tip_y sid="tip_y" type="float">0</tip_y>
                          <tip_z sid="tip_z" type="float">0.0999999</tip_z>
                        </technique>
                      </extra>
                    </node>
                    <extra>
                      <technique profile="blender">
                        <layer sid="layer" type="string">0</layer>
                        <roll sid="roll" type="float">0</roll>
                        <tip_x sid="tip_x" type="float">0</tip_x>
                        <tip_y sid="tip_y" type="float">0</tip_y>
                        <tip_z sid="tip_z" type="float">0.1000001</tip_z>
                      </technique>
                    </extra>
                  </node>
                  <node id="callaeci2_Skin_smoke_node_0" name="smoke node 0" sid="smoke_node_0" type="JOINT">
                    <matrix sid="transform">1 -2.02246e-4 -1.10466e-6 0.00651496 -1.10463e-6 1.07102e-7 -1 0.09218764 2.02246e-4 0.9999999 1.97292e-7 0.2430202 0 0 0 1</matrix>
                    <extra>
                      <technique profile="blender">
                        <layer sid="layer" type="string">0</layer>
                        <roll sid="roll" type="float">3.141592</roll>
                        <tip_x sid="tip_x" type="float">-2.02181e-5</tip_x>
                        <tip_y sid="tip_y" type="float">-0.09999996</tip_y>
                        <tip_z sid="tip_z" type="float">0</tip_z>
                      </technique>
                    </extra>
                  </node>
                  <extra>
                    <technique profile="blender">
                      <layer sid="layer" type="string">0</layer>
                      <roll sid="roll" type="float">0</roll>
                      <tip_x sid="tip_x" type="float">0</tip_x>
                      <tip_y sid="tip_y" type="float">0</tip_y>
                      <tip_z sid="tip_z" type="float">0.1000001</tip_z>
                    </technique>
                  </extra>
                </node>
                <node id="callaeci2_Skin_cloaktop" name="cloaktop" sid="cloaktop" type="JOINT">
                  <matrix sid="transform">1 -5.20626e-15 6.60962e-9 0.009935169 9.8491e-16 0.9999999 -1.49012e-7 0.3512919 -6.60962e-9 1.49012e-7 1 -0.1981267 0 0 0 1</matrix>
                  <node id="callaeci2_Skin_cloak" name="cloak" sid="cloak" type="JOINT">
                    <matrix sid="transform">1 5.82011e-11 1.47715e-10 0.004538157 0 1 1.49011e-7 -0.859081 -1.47715e-10 -1.48763e-7 1 -0.2356979 0 0 0 1</matrix>
                    <node id="callaeci2_Skin_cloakbottom" name="cloakbottom" sid="cloakbottom" type="JOINT">
                      <matrix sid="transform">1 -6.59561e-15 0 -0.02733967 0 1 0 -0.8312191 0 2.48605e-10 1 -0.1177092 0 0 0 1</matrix>
                      <extra>
                        <technique profile="blender">
                          <layer sid="layer" type="string">0</layer>
                          <roll sid="roll" type="float">0</roll>
                          <tip_x sid="tip_x" type="float">0</tip_x>
                          <tip_y sid="tip_y" type="float">0</tip_y>
                          <tip_z sid="tip_z" type="float">0.1</tip_z>
                        </technique>
                      </extra>
                    </node>
                    <extra>
                      <technique profile="blender">
                        <layer sid="layer" type="string">0</layer>
                        <roll sid="roll" type="float">0</roll>
                        <tip_x sid="tip_x" type="float">0</tip_x>
                        <tip_y sid="tip_y" type="float">0</tip_y>
                        <tip_z sid="tip_z" type="float">0.1000001</tip_z>
                      </technique>
                    </extra>
                  </node>
                  <extra>
                    <technique profile="blender">
                      <layer sid="layer" type="string">0</layer>
                      <roll sid="roll" type="float">0</roll>
                      <tip_x sid="tip_x" type="float">0</tip_x>
                      <tip_y sid="tip_y" type="float">0</tip_y>
                      <tip_z sid="tip_z" type="float">0.0999999</tip_z>
                    </technique>
                  </extra>
                </node>
                <extra>
                  <technique profile="blender">
                    <layer sid="layer" type="string">0</layer>
                    <roll sid="roll" type="float">0</roll>
                    <tip_x sid="tip_x" type="float">0</tip_x>
                    <tip_y sid="tip_y" type="float">0</tip_y>
                    <tip_z sid="tip_z" type="float">0.0999999</tip_z>
                  </technique>
                </extra>
              </node>
              <extra>
                <technique profile="blender">
                  <layer sid="layer" type="string">0</layer>
                  <roll sid="roll" type="float">0</roll>
                  <tip_x sid="tip_x" type="float">0</tip_x>
                  <tip_y sid="tip_y" type="float">0</tip_y>
                  <tip_z sid="tip_z" type="float">0.0999999</tip_z>
                </technique>
              </extra>
            </node>
            <extra>
              <technique profile="blender">
                <layer sid="layer" type="string">0</layer>
                <roll sid="roll" type="float">0</roll>
                <tip_x sid="tip_x" type="float">0</tip_x>
                <tip_y sid="tip_y" type="float">0</tip_y>
                <tip_z sid="tip_z" type="float">0.1000001</tip_z>
              </technique>
            </extra>
          </node>
          <extra>
            <technique profile="blender">
              <layer sid="layer" type="string">0</layer>
              <roll sid="roll" type="float">0</roll>
              <tip_x sid="tip_x" type="float">0</tip_x>
              <tip_y sid="tip_y" type="float">0</tip_y>
              <tip_z sid="tip_z" type="float">0.1000001</tip_z>
            </technique>
          </extra>
        </node>
      </node>
      <node id="hird" name="hird" type="NODE">
        <translate sid="location">0 0 0</translate>
        <rotate sid="rotationZ">0 0 1 0</rotate>
        <rotate sid="rotationY">0 1 0 0</rotate>
        <rotate sid="rotationX">1 0 0 0</rotate>
        <scale sid="scale">1 1 1</scale>
        <instance_controller url="#callaeci2_Skin_hird-skin">
          <skeleton>#callaeci2_Skin_root</skeleton>
          <bind_material>
            <technique_common>
              <instance_material symbol="hird_001-material" target="#hird_001-material"/>
              <instance_material symbol="mercsword-material" target="#mercsword-material"/>
              <instance_material symbol="__-_Default_-material" target="#__-_Default_-material"/>
            </technique_common>
          </bind_material>
        </instance_controller>
      </node>
    </visual_scene>
  </library_visual_scenes>
  <scene>
    <instance_visual_scene url="#Scene"/>
  </scene>
</COLLADA>