<?xml version="1.0" encoding="utf-8"?>
<COLLADA xmlns="http://www.collada.org/2005/11/COLLADASchema" version="1.4.1" xmlns:xsi="http://www.w3.org/2001/XMLSchema-instance">
  <asset>
    <contributor>
      <author>Blender User</author>
      <authoring_tool>Blender 2.79.0 commit date:2017-09-11, commit time:10:43, hash:5bd8ac9</authoring_tool>
    </contributor>
    <created>2019-02-04T06:54:27</created>
    <modified>2019-02-04T06:54:27</modified>
    <unit name="meter" meter="1"/>
    <up_axis>Z_UP</up_axis>
  </asset>
  <library_cameras>
    <camera id="Camera-camera" name="Camera">
      <optics>
        <technique_common>
          <perspective>
            <xfov sid="xfov">49.13434</xfov>
            <aspect_ratio>1.777778</aspect_ratio>
            <znear sid="znear">0.1</znear>
            <zfar sid="zfar">100</zfar>
          </perspective>
        </technique_common>
      </optics>
      <extra>
        <technique profile="blender">
          <shiftx sid="shiftx" type="float">0</shiftx>
          <shifty sid="shifty" type="float">0</shifty>
          <YF_dofdist sid="YF_dofdist" type="float">0</YF_dofdist>
        </technique>
      </extra>
    </camera>
  </library_cameras>
  <library_lights>
    <light id="Lamp-light" name="Lamp">
      <technique_common>
        <point>
          <color sid="color">1 1 1</color>
          <constant_attenuation>1</constant_attenuation>
          <linear_attenuation>0</linear_attenuation>
          <quadratic_attenuation>0.00111109</quadratic_attenuation>
        </point>
      </technique_common>
      <extra>
        <technique profile="blender">
          <type sid="type" type="int">0</type>
          <flag sid="flag" type="int">0</flag>
          <mode sid="mode" type="int">8192</mode>
          <gamma sid="blender_gamma" type="float">1</gamma>
          <red sid="red" type="float">1</red>
          <green sid="green" type="float">1</green>
          <blue sid="blue" type="float">1</blue>
          <shadow_r sid="blender_shadow_r" type="float">0</shadow_r>
          <shadow_g sid="blender_shadow_g" type="float">0</shadow_g>
          <shadow_b sid="blender_shadow_b" type="float">0</shadow_b>
          <energy sid="blender_energy" type="float">1</energy>
          <dist sid="blender_dist" type="float">29.99998</dist>
          <spotsize sid="spotsize" type="float">75</spotsize>
          <spotblend sid="spotblend" type="float">0.15</spotblend>
          <halo_intensity sid="blnder_halo_intensity" type="float">1</halo_intensity>
          <att1 sid="att1" type="float">0</att1>
          <att2 sid="att2" type="float">1</att2>
          <falloff_type sid="falloff_type" type="int">2</falloff_type>
          <clipsta sid="clipsta" type="float">1.000799</clipsta>
          <clipend sid="clipend" type="float">30.002</clipend>
          <bias sid="bias" type="float">1</bias>
          <soft sid="soft" type="float">3</soft>
          <compressthresh sid="compressthresh" type="float">0.04999995</compressthresh>
          <bufsize sid="bufsize" type="int">2880</bufsize>
          <samp sid="samp" type="int">3</samp>
          <buffers sid="buffers" type="int">1</buffers>
          <filtertype sid="filtertype" type="int">0</filtertype>
          <bufflag sid="bufflag" type="int">0</bufflag>
          <buftype sid="buftype" type="int">2</buftype>
          <ray_samp sid="ray_samp" type="int">1</ray_samp>
          <ray_sampy sid="ray_sampy" type="int">1</ray_sampy>
          <ray_sampz sid="ray_sampz" type="int">1</ray_sampz>
          <ray_samp_type sid="ray_samp_type" type="int">0</ray_samp_type>
          <area_shape sid="area_shape" type="int">1</area_shape>
          <area_size sid="area_size" type="float">0.1</area_size>
          <area_sizey sid="area_sizey" type="float">0.1</area_sizey>
          <area_sizez sid="area_sizez" type="float">1</area_sizez>
          <adapt_thresh sid="adapt_thresh" type="float">0.000999987</adapt_thresh>
          <ray_samp_method sid="ray_samp_method" type="int">1</ray_samp_method>
          <shadhalostep sid="shadhalostep" type="int">0</shadhalostep>
          <sun_effect_type sid="sun_effect_type" type="int">0</sun_effect_type>
          <skyblendtype sid="skyblendtype" type="int">1</skyblendtype>
          <horizon_brightness sid="horizon_brightness" type="float">1</horizon_brightness>
          <spread sid="spread" type="float">1</spread>
          <sun_brightness sid="sun_brightness" type="float">1</sun_brightness>
          <sun_size sid="sun_size" type="float">1</sun_size>
          <backscattered_light sid="backscattered_light" type="float">1</backscattered_light>
          <sun_intensity sid="sun_intensity" type="float">1</sun_intensity>
          <atm_turbidity sid="atm_turbidity" type="float">2</atm_turbidity>
          <atm_extinction_factor sid="atm_extinction_factor" type="float">1</atm_extinction_factor>
          <atm_distance_factor sid="atm_distance_factor" type="float">1</atm_distance_factor>
          <skyblendfac sid="skyblendfac" type="float">1</skyblendfac>
          <sky_exposure sid="sky_exposure" type="float">1</sky_exposure>
          <sky_colorspace sid="sky_colorspace" type="int">0</sky_colorspace>
        </technique>
      </extra>
    </light>
  </library_lights>
  <library_images/>
  <library_effects>
    <effect id="lukhata_003-effect">
      <profile_COMMON>
        <technique sid="common">
          <phong>
            <emission>
              <color sid="emission">0 0 0 1</color>
            </emission>
            <ambient>
              <color sid="ambient">0 0 0 1</color>
            </ambient>
            <diffuse>
              <color sid="diffuse">0.64 0.64 0.64 1</color>
            </diffuse>
            <specular>
              <color sid="specular">0.5 0.5 0.5 1</color>
            </specular>
            <shininess>
              <float sid="shininess">50</float>
            </shininess>
            <index_of_refraction>
              <float sid="index_of_refraction">1</float>
            </index_of_refraction>
          </phong>
        </technique>
      </profile_COMMON>
    </effect>
  </library_effects>
  <library_materials>
    <material id="lukhata_003-material" name="lukhata_003">
      <instance_effect url="#lukhata_003-effect"/>
    </material>
  </library_materials>
  <library_geometries>
    <geometry id="spearman_song_Mesh-mesh" name="spearman_song_Mesh">
      <mesh>
        <source id="spearman_song_Mesh-mesh-positions">
          <float_array id="spearman_song_Mesh-mesh-positions-array" count="1917">0.427225 0.3267809 2.271776 -0.4328519 0.3267754 2.272637 0.4228161 -0.3160669 2.262871 -0.4284362 -0.3160719 2.263731 -0.008786678 -0.4562366 1.478681 0.4228161 -0.3160669 2.262871 0.427225 0.3267809 2.271776 -0.4328519 0.3267754 2.272637 -0.4284362 -0.3160719 2.263731 -0.4328519 0.3267754 2.272637 -0.4284362 -0.3160719 2.263731 0.4228161 -0.3160669 2.262871 0.427225 0.3267809 2.271776 -0.4328519 0.3267754 2.272637 0.427225 0.3267809 2.271776 0.4228161 -0.3160669 2.262871 -0.4284362 -0.3160719 2.263731 0.5535947 -0.1051474 1.710387 0.5535947 -0.1051474 1.710387 0.07431131 0.295108 1.478554 0.1820019 0.3937029 1.663092 0.5535954 0.2864364 1.710387 0.5535954 0.2864364 1.710387 0.2935442 0.5044518 1.281115 0.6748666 0.3614372 1.293795 0.6748666 0.3614372 1.293795 0.2180587 -0.3729043 1.710356 0.3478012 -0.5170598 1.292735 0.6741436 -0.1603586 1.293272 0.0292024 -0.5885466 1.292794 0.6741436 -0.1603586 1.293272 0.290083 0.1203916 0.2551724 0.2955149 0.1485051 0.005462944 0.1622728 0.1465211 0.005467891 0.1980972 0.1201271 0.2551724 0.3446934 0.04804354 0.2551725 0.1719268 -0.09070795 0.2339368 0.178082 -0.04399979 0.2494974 0.1516129 0.04777973 0.2551725 0.3738389 -0.2415959 0.002115726 0.3199489 -0.08381897 0.2342858 0.3660299 -0.278044 0.1156347 0.3097444 -0.04122167 0.2499911 0.3646749 -0.303898 0.002100765 0.1434498 -0.279384 0.002098739 0.1501278 -0.284402 0.1156318 0.3646749 -0.3739219 0.01254373 0.3660299 -0.363802 0.0517438 0.1690348 -0.466828 0.05445075 0.2184748 -0.478198 0.009832739 0.1547198 -0.4403361 0.001168668 0.2397299 -0.2476036 1.078211 0.2413823 -0.186621 0.2498071 0.3476607 -0.06367284 0.2497765 0.4476837 0.001962065 1.252539 0.4238495 0.1576384 0.2497548 0.3571878 0.1933951 0.2610931 0.248162 0.111393 1.271449 0.1712813 -0.1500077 0.2498142 0.04524976 0.0016433 1.232718 0.09583371 0.1546904 0.2498494 0.3861132 -0.09134954 1.517447 0.3404186 -0.3858188 0.7786139 0.5824001 -0.1645387 0.7803664 0.4060045 -0.1817494 1.517422 0.02700203 -0.3858196 0.7785989 0.1180992 -0.1827082 1.522284 0.1470504 0.4105548 0.7406218 0.3861137 0.2306714 1.517448 0.5824001 -0.1645387 0.7803664 0.5830245 0.3665714 0.7820759 0.3861132 -0.09134954 1.517447 0.5830245 0.3665714 0.7820759 0.3861137 0.2306714 1.517448 -0.5553411 -0.1051524 1.710313 -0.5553411 -0.1051524 1.710313 -0.1541718 0.3936966 1.661341 -0.5553418 0.2864303 1.710314 -0.5553418 0.2864303 1.710314 -0.2758441 0.5044434 1.281085 -0.6573681 0.3614258 1.293764 -0.6573681 0.3614258 1.293764 -0.2206481 -0.3729053 1.710335 -0.6580918 -0.1603657 1.293241 -0.3354977 -0.5178094 1.292698 -0.02765244 -0.5670124 1.29261 -0.6580918 -0.1603657 1.293241 -0.3104513 0.1486571 0.2557169 -0.3003378 0.1485051 0.005463123 -0.1670958 0.1465211 0.00546807 -0.1861882 0.1482998 0.2557168 -0.3842244 0.05092239 0.2557169 -0.1767498 -0.09070795 0.233937 -0.1591497 -0.07695519 0.2480505 -0.1233927 0.05056601 0.2557169 -0.3786619 -0.2415959 0.002115964 -0.3247718 -0.08381897 0.234286 -0.3708529 -0.278044 0.115635 -0.3370119 -0.07320219 0.2487173 -0.3694978 -0.303898 0.002100944 -0.1482728 -0.279384 0.002098858 -0.1549508 -0.284402 0.1156319 -0.3694978 -0.373922 0.01254391 -0.3708529 -0.363802 0.05174392 -0.1738578 -0.466828 0.05445092 -0.2232978 -0.478198 0.009832859 -0.1595427 -0.4403361 0.001168906 -0.2274532 -0.2575259 1.073095 -0.2379575 -0.1956187 0.249827 -0.1680428 -0.1556016 0.2498202 -0.04064673 0.003147363 1.228546 -0.4256047 0.003482043 1.248339 -0.4205083 0.1690455 0.2498796 -0.344705 -0.06071507 0.2498579 -0.08834117 0.165901 0.2497838 -0.3551141 0.2090898 0.262459 -0.2360191 0.1228075 1.266335 -0.2501465 -0.1817501 1.517405 -0.5679057 -0.1645458 0.7802664 -0.2495692 -0.3865817 0.7784917 -0.3921086 -0.09135359 1.517387 -0.0592997 0.2951028 1.477115 -0.1313837 0.4105464 0.7405226 -0.3921086 -0.09135359 1.517387 -0.5672809 0.3665599 0.7819777 -0.5679057 -0.1645458 0.7802664 -0.392109 0.2306663 1.517388 -0.392109 0.2306663 1.517388 -0.5672809 0.3665599 0.7819777 -0.02440327 -0.1827082 1.522284 -0.2495692 -0.3865817 0.7784917 0.003718256 -0.3868931 0.7784109 -0.2501465 -0.1817501 1.517405 -0.2170963 0.1422637 3.240601 -0.3949369 0.3025181 2.897066 -0.4065694 -0.1895675 2.888345 -0.002959609 -0.1549522 3.35727 -0.002959609 -0.1549522 3.35727 0.001017093 0.1281813 3.364291 -0.4065694 -0.1895675 2.888345 -0.3949369 0.3025181 2.897066 -0.4065694 -0.1895675 2.888345 -0.3949369 0.3025181 2.897066 0.3779656 -0.1960437 2.885513 0.3653439 0.2998414 2.904747 0.206888 0.1431903 3.238316 0.3653439 0.2998414 2.904747 -0.02243888 -0.3679625 2.886957 0.3779656 -0.1960437 2.885513 -0.02243888 -0.3679625 2.886957 -0.4065694 -0.1895675 2.888345 0.3779656 -0.1960437 2.885513 0.3653439 0.2998414 2.904747 0.3779656 -0.1960437 2.885513 -0.2170963 0.1422637 3.240601 0.001017093 0.1281813 3.364291 0.206888 0.1431903 3.238316 -0.2170963 0.1422637 3.240601 0.001017093 0.1281813 3.364291 -0.2170963 0.1422637 3.240601 0.9769516 0.2126501 3.184417 0.5370748 0.1230348 3.302511 1.084355 0.01761823 3.306704 0.923403 0.2555823 3.123739 0.9947877 0.02869617 3.008193 0.3367548 0.02788639 3.18229 0.5308111 -0.04742085 3.277758 0.3367548 0.1226122 3.18229 1.047505 -0.1719212 3.124491 0.3367548 0.02788639 3.18229 0.3367548 0.02788639 3.18229 0.3367548 0.1226122 3.18229 0.3367548 0.02788639 3.18229 0.3367548 0.02788639 3.18229 1.708344 0.01647073 3.138417 1.826762 -0.1231874 3.080925 1.831496 0.05287319 3.054066 1.666095 0.09795004 3.011267 1.681643 -0.1209571 3.04721 1.814739 0.03427326 2.9946 1.821826 -0.1246849 3.026056 1.821826 -0.1246849 3.026056 1.814739 0.03427326 2.9946 1.666095 0.09795004 3.011267 1.826762 -0.1231874 3.080925 1.708344 0.01647073 3.138417 1.579185 0.09010696 3.008597 1.620097 0.008627653 3.130465 1.591624 -0.1288002 3.032258 1.579185 0.09010696 3.008597 1.620097 0.008627653 3.130465 1.15363 -0.06076478 2.995541 1.591624 -0.1288002 3.032258 1.182562 -0.07015001 3.110351 1.579185 0.09010696 3.008597 1.180354 0.1735406 3.096422 1.620097 0.008627653 3.130465 1.214231 0.003060221 3.241133 1.182562 -0.07015001 3.110351 1.146985 0.3025513 3.097701 1.174204 0.09010702 2.96028 1.186644 -0.2121742 2.983941 1.264605 0.008627653 3.277714 2.129691 1.203998 3.200194 1.45227 -0.587718 3.483681 1.422654 1.240698 3.260211 2.008401 -0.6489292 3.240046 1.45227 -0.587718 3.483681 0.7222116 1.196091 3.376948 1.422654 1.240698 3.260211 0.8541501 -0.6844635 3.327203 1.451222 -0.7760106 3.462314 1.451222 -0.7760106 3.462314 1.861172 -0.9896121 3.270143 1.451222 -0.7760106 3.462314 2.008401 -0.6489292 3.240046 1.451222 -0.7760106 3.462314 1.009501 -0.9937385 3.30625 0.8541501 -0.6844635 3.327203 2.129691 1.203998 3.200194 1.426212 1.240698 3.317313 1.453374 -0.587718 3.492728 2.008401 -0.6489292 3.240046 1.453374 -0.587718 3.492728 1.426212 1.240698 3.317313 0.7222116 1.196091 3.376948 0.8541501 -0.6844635 3.327203 1.45766 -0.7760106 3.492438 2.012601 -0.7734115 3.27758 1.45766 -0.7760106 3.492438 1.861172 -0.9896121 3.270143 1.440118 -1.224039 3.316181 1.009501 -0.9937385 3.30625 1.440118 -1.224039 3.316181 1.422654 1.240698 3.260211 0.7222116 1.196091 3.376948 1.426212 1.240698 3.317313 1.861172 -0.9896121 3.270143 2.012601 -0.7734115 3.27758 2.129691 1.203998 3.200194 1.422654 1.240698 3.260211 1.426212 1.240698 3.317313 1.861172 -0.9896121 3.270143 1.009501 -0.9937385 3.30625 1.440118 -1.224039 3.316181 -0.3718243 0.1183341 3.168181 -0.3718243 0.02788621 3.168181 -0.3718243 0.02788621 3.168181 -0.9769075 0.254898 3.094894 -1.042231 0.02859693 2.981936 -1.165967 0.3025616 3.091865 -1.113117 0.01758474 3.266254 -1.007677 0.2126501 3.149142 -1.113117 0.01759481 3.266254 -1.007677 0.2126501 3.149142 -1.113117 0.01759481 3.266254 -1.113117 0.01758474 3.266254 -1.07718 -0.1719272 3.108837 -0.5728121 0.1226564 3.287619 -0.5667477 -0.04727494 3.262894 -0.3718243 0.02788621 3.168181 -0.3718243 0.1183341 3.168181 -1.07718 -0.1719272 3.108837 -0.3718243 0.02788621 3.168181 -0.3718243 0.1183341 3.168181 -0.3718243 0.02788621 3.168181 -1.007677 0.2126501 3.149142 -1.733524 0.01647293 3.135405 -1.857334 0.05288529 3.052011 -1.852387 -0.1231991 3.078832 -1.692275 0.09796047 3.00791 -1.70754 -0.1209689 3.043977 -1.847301 -0.1246976 3.024071 -1.841047 0.03428381 2.992417 -1.841047 0.03428381 2.992417 -1.847301 -0.1246976 3.024071 -1.692275 0.09796047 3.00791 -1.852387 -0.1231991 3.078832 -1.733524 0.01647293 3.135405 -1.70754 -0.1209689 3.043977 -1.605511 0.09011739 3.005062 -1.617702 -0.128812 3.028568 -1.645159 0.008629858 3.12601 -1.645159 0.008629858 3.12601 -1.605511 0.09011739 3.005062 -1.215061 0.1778919 3.086493 -1.186233 -0.05564445 2.972497 -1.617702 -0.128812 3.028568 -1.605511 0.09011739 3.005062 -1.215897 -0.06936931 3.095557 -1.645159 0.008629858 3.12601 -1.248796 0.002426326 3.222468 -1.215897 -0.06936931 3.095557 -1.238882 -0.05466049 3.182653 -1.240577 -0.2121862 3.089299 -1.197784 0.09011739 2.940743 -1.279208 0.008629798 3.232407 -1.694192 -2.435165 3.173514 -1.654064 -2.434056 3.011281 -1.725745 -2.076939 3.047026 -1.73579 -2.077215 3.087426 -1.654064 -2.434056 3.011281 -1.909618 -2.436298 3.028381 -1.818761 -2.0775 3.044101 -1.725745 -2.076939 3.047026 -1.909618 -2.436298 3.028381 -1.818761 -2.0775 3.044101 -1.73579 -2.077215 3.087426 -1.725745 -2.076939 3.047026 -1.693381 -2.005448 3.02808 -1.721455 -2.006226 3.141547 -1.725745 -2.076939 3.047026 -1.818761 -2.0775 3.044101 -1.876547 -2.007017 3.038957 -1.693381 -2.005448 3.02808 -1.818761 -2.0775 3.044101 -1.876547 -2.007017 3.038957 -1.784285 -3.373899 3.053676 -1.783131 -3.373888 3.053607 -1.783308 -3.373894 3.054322 -1.783308 -3.373894 3.054322 -1.783131 -3.373888 3.053607 -1.784285 -3.373899 3.053676 -1.749927 -2.080615 3.097929 -1.736159 -2.080234 3.042281 -1.739266 1.835028 3.043026 -1.753034 1.834647 3.098674 -1.825989 -2.081004 3.047616 -1.829095 1.834258 3.048361 -0.007693171 0.02939713 4.14563 0.01756846 0.05340385 3.978619 0.01674073 0.05481928 3.978619 -0.03653007 0.04616522 3.978619 -0.03879016 0.03361034 3.978619 0.00608319 -0.002987265 3.978619 0.003087103 -0.002882957 3.978619 -0.0313555 0.05675953 3.978719 -0.0123915 0.06945544 3.978619 -0.02090227 0.06706875 3.978619 -0.1934939 0.2040936 3.724297 -0.1936187 0.2045618 3.723546 -0.2322186 0.1288349 3.723546 -0.1494973 0.2687084 3.723546 -0.02547645 0.0658555 3.978619 0.0245583 0.01868778 3.978619 0.02740609 0.02792423 3.978619 -0.1046826 -0.2276069 3.723546 -0.1003445 -0.2240082 3.723546 -0.09967875 -0.2189719 3.723548 0.06586354 -0.2245207 3.723548 0.07170271 -0.2285165 3.723548 0.08668458 -0.2203283 3.723548 -0.03354251 0.02058351 3.978619 0.0642631 -0.2195873 3.723548 0.01682907 0.05569159 3.978619 0.01683342 0.05683928 3.978619 -4.07748e-4 0.06933587 3.978619 -0.002809703 0.06902211 3.978619 -0.016447 -0.005752682 3.978619 7.56686e-4 -0.00576204 3.978619 0.01281934 0.0653721 3.978619 0.007767736 0.06659615 3.978619 0.2349765 0.06624674 3.653548 0.1770124 -0.1988036 3.645224 0.1614422 -0.219994 3.578592 0.2349765 0.06624674 3.653548 0.1614422 -0.219994 3.578592 0.1334986 -0.1520496 3.477353 0.1452645 -0.1012184 3.291876 0.2082904 0.1726 3.325309 -0.2470483 0.06624269 3.653493 -0.2203457 0.1725983 3.325262 -0.1572761 -0.1011645 3.291846 -0.1421279 -0.1499786 3.464833 -0.1738213 -0.2201735 3.579625 -0.1890702 -0.2293395 3.634858 -0.03038537 0.0123254 3.978619 -0.02151739 -0.002676844 3.978619 -0.01881951 -0.002796292 3.978619 0.07742631 0.2821629 3.461306 -0.1011502 0.2821629 3.461283 0.1770124 -0.1988036 3.645224 -0.004882574 -0.2288889 3.632167 0.02543061 -0.2353535 3.585277 0.1614422 -0.219994 3.578592 -0.004882752 -0.2521788 3.613259 -0.1890702 -0.2293395 3.634858 -0.004882574 -0.2288889 3.632167 -0.1421279 -0.1499786 3.464833 -0.03081667 -0.2433747 3.470076 -0.04290187 -0.235691 3.585126 -0.1738213 -0.2201735 3.579625 -0.003971695 -0.3202056 3.472994 0.02121353 -0.243848 3.472935 0.1334986 -0.1520496 3.477353 -0.1890702 -0.2293395 3.634858 -0.003971695 -0.3202056 3.472994 -0.03081667 -0.2433747 3.470076 -0.003906905 -0.2435989 3.471429 -0.003906905 -0.2435989 3.471429 0.1452645 -0.1012184 3.291876 -0.003700137 -0.1644286 3.291862 -0.1572761 -0.1011645 3.291846 0.02687364 0.03002434 3.978619 0.08713465 0.2795881 3.650055 -0.2203457 0.1725983 3.325262 -0.2203457 0.1725983 3.325262 0.2082904 0.1726 3.325309 0.1452645 -0.1012184 3.291876 -0.1124482 0.2795881 3.650032 -0.009757161 0.06910377 3.978619 -0.03070896 0.01426517 3.978619 0.01882177 0.006692051 3.978619 -0.006162822 0.07024699 3.978619 0.4202316 0.112672 3.615543 0.3018093 0.1788066 3.590126 0.2348433 0.1065071 3.725392 0.2499863 0.05636525 3.725392 0.2484336 0.3189599 3.526749 0.1912409 0.1984262 3.725392 0.1244381 0.2666511 3.725392 0.1666577 0.41223 3.488655 0.06634449 0.461858 3.469605 0.04249238 0.3029528 3.725391 -0.04040658 0.4618578 3.469604 -0.04471242 0.3029528 3.725391 -0.1407198 0.4122295 3.488653 -0.1266582 0.2666511 3.72539 -0.1903893 0.3555787 3.497576 -0.2224959 0.3189595 3.526747 -0.1934609 0.1984261 3.72539 -0.2758713 0.178806 3.590123 -0.2370632 0.1065071 3.72539 -0.4152454 0.1126717 3.615538 -0.2522063 0.05636507 3.72539 -0.3900525 -0.03672289 3.628341 -0.2370632 -0.04816126 3.72539 -0.317513 -0.1220734 3.626844 -0.1934609 -0.1400803 3.72539 -0.2063759 -0.2656087 3.617167 -0.126658 -0.2083051 3.72539 -0.07004606 -0.4518627 3.59544 -0.04471218 -0.2446069 3.725391 0.07503288 -0.4518627 3.59544 0.04249244 -0.2446067 3.725391 0.2113626 -0.2656083 3.617169 0.1244382 -0.2083051 3.725392 0.3224995 -0.1220728 3.626848 0.191241 -0.1400802 3.725392 0.395039 -0.03672224 3.628345 0.2348434 -0.04816102 3.725392 -0.2370632 0.1065071 3.72539 -0.2522063 0.05636507 3.72539 -0.2370632 -0.04816126 3.72539 -0.1934609 -0.1400803 3.72539 -0.126658 -0.2083051 3.72539 -0.04471218 -0.2446069 3.725391 0.04249244 -0.2446067 3.725391 0.1244382 -0.2083051 3.725392 0.191241 -0.1400802 3.725392 0.191241 -0.1400802 3.725392 0.2348434 -0.04816102 3.725392 0.2499863 0.05636525 3.725392 0.04249244 -0.2446067 3.725391 -0.2370632 -0.04816126 3.72539 0.2348433 0.1065071 3.725392 0.1912409 0.1984262 3.725392 0.1912409 0.1984262 3.725392 0.1244381 0.2666511 3.725392 0.04249238 0.3029528 3.725391 0.04249238 0.3029528 3.725391 -0.04471242 0.3029528 3.725391 -0.1266582 0.2666511 3.72539 -0.1934609 0.1984261 3.72539 0.2113626 -0.2656083 3.617169 0.07503288 -0.4518627 3.59544 -0.07004606 -0.4518627 3.59544 -0.07004606 -0.4518627 3.59544 -0.2063759 -0.2656087 3.617167 -0.317513 -0.1220734 3.626844 -0.3900525 -0.03672289 3.628341 -0.4152454 0.1126717 3.615538 -0.2758713 0.178806 3.590123 -0.2224959 0.3189595 3.526747 -0.1903893 0.3555787 3.497576 -0.1407198 0.4122295 3.488653 -0.04040658 0.4618578 3.469604 0.06634449 0.461858 3.469605 0.1666577 0.41223 3.488655 0.2484336 0.3189599 3.526749 0.3018093 0.1788066 3.590126 0.4202316 0.112672 3.615543 0.395039 -0.03672224 3.628345 0.2113626 -0.2656083 3.617169 0.3224995 -0.1220728 3.626848 0.1195268 0.1665326 3.859939 0.09709388 0.2117976 3.859939 0.01281934 0.0653721 3.978619 0.01683342 0.05683928 3.978619 0.06886273 0.2182908 3.859939 0.007767736 0.06659615 3.978619 -0.1497806 0.1661094 3.860499 -0.178699 0.1099084 3.859938 -0.03653007 0.04616522 3.978619 -0.0313555 0.05675953 3.978719 0.1190089 0.1558167 3.859939 0.1195026 0.1604443 3.859939 0.01682907 0.05569159 3.978619 0.01674073 0.05481928 3.978619 0.009749472 0.2311601 3.859939 -0.008989512 0.237658 3.859939 -0.006162822 0.07024699 3.978619 -0.002809703 0.06902211 3.978619 0.02968066 -0.1655561 3.859939 0.04270464 -0.1502829 3.859939 0.003087103 -0.002882957 3.978619 7.56686e-4 -0.00576204 3.978619 -0.1169252 0.2143617 3.859939 -0.02547645 0.0658555 3.978619 -0.1913295 0.04330718 3.859938 -0.1620029 -0.0257976 3.859938 -0.03354251 0.02058351 3.978619 -0.03879016 0.03361034 3.978619 0.1626977 -0.0358541 3.85994 0.1786127 0.01314359 3.85994 0.02740609 0.02792423 3.978619 0.0245583 0.01868778 3.978619 -0.04379892 0.2334589 3.859939 -0.09136188 0.2207978 3.859939 -0.02090227 0.06706875 3.978619 -0.0123915 0.06945544 3.978619 -0.02907681 0.2315934 3.859939 -0.009757161 0.06910377 3.978619 0.1306387 -0.09948915 3.859939 0.01882177 0.006692051 3.978619 -0.1461672 -0.05931526 3.859938 -0.03070896 0.01426517 3.978619 -0.08345896 -0.1562718 3.859938 -0.07972228 -0.1498234 3.859939 -0.01881951 -0.002796292 3.978619 -0.01948809 -0.004011869 3.978619 0.1756373 0.02428424 3.85994 0.1236346 0.1483081 3.859939 0.01756846 0.05340385 3.978619 0.02687364 0.03002434 3.978619 0.02317315 0.2328245 3.859939 -4.07748e-4 0.06933587 3.978619 -0.01948809 -0.004011869 3.978619 0.1756373 0.02428424 3.85994 0.02687364 0.03002434 3.978619 0.05944836 -0.1508363 3.859939 0.00608319 -0.002987265 3.978619 -0.1913295 0.04330718 3.859938 -0.03879016 0.03361034 3.978619 -0.06646353 -0.1655063 3.859938 -0.016447 -0.005752682 3.978619 -0.09479975 -0.1491895 3.859939 -0.02151739 -0.002676844 3.978619 -0.1443589 -0.06960517 3.859938 -0.03038537 0.0123254 3.978619 0.0660668 -0.03772717 3.962815 -0.06361871 -0.03772777 3.971721 0.0660668 -0.03772717 3.962815 -0.06361871 -0.03772777 3.971721 -0.1643365 0.2732093 3.864789 0.1664752 0.2732093 3.849048 0.002323627 0.033652 4.017545 -0.03185951 0.2917832 3.719725 -0.05157381 0.2942813 3.719725 -0.04379892 0.2334589 3.859939 -0.02907681 0.2315934 3.859939 -0.1862337 -0.1115517 3.719724 -0.1198691 -0.2181231 3.719725 -0.09479975 -0.1491895 3.859939 -0.1443589 -0.06960517 3.859938 -0.2491321 0.03964924 3.719724 -0.2098609 -0.05288898 3.719724 -0.1620029 -0.0257976 3.859938 -0.1913295 0.04330718 3.859938 0.1664421 0.1903107 3.719725 0.1671032 0.1965075 3.719725 0.1195026 0.1604443 3.859939 0.1190089 0.1558167 3.859939 0.03810846 0.2934318 3.719725 0.02013283 0.2912031 3.719725 0.009749472 0.2311601 3.859939 0.02317315 0.2328245 3.859939 -0.1494973 0.2687084 3.719724 -0.1934939 0.2040936 3.720474 -0.1497806 0.1661094 3.860499 -0.1169252 0.2143617 3.859939 -0.2322186 0.1288349 3.719724 -0.178699 0.1099084 3.859938 0.1726363 0.1802558 3.719725 0.1236346 0.1483081 3.859939 -0.09967875 -0.2189719 3.719725 -0.08192408 -0.2399729 3.719724 -0.06646353 -0.1655063 3.859938 -0.07972228 -0.1498234 3.859939 0.08668458 -0.2203283 3.719725 0.1820155 -0.1515694 3.719725 0.1306387 -0.09948915 3.859939 0.05944836 -0.1508363 3.859939 0.1671356 0.2046604 3.719725 0.1370957 0.2652746 3.719725 0.09709388 0.2117976 3.859939 0.1195268 0.1665326 3.859939 -0.1152654 0.277327 3.719725 -0.09136188 0.2207978 3.859939 -0.2491321 0.03964924 3.719724 -0.1913295 0.04330718 3.859938 -0.1886552 -0.09777253 3.719724 -0.1461672 -0.05931526 3.859938 -0.004960536 0.2999044 3.719725 -0.008989512 0.237658 3.859939 0.2462576 -7.42825e-4 3.719726 0.2422731 0.01417553 3.719726 0.1756373 0.02428424 3.85994 0.1786127 0.01314359 3.85994 0.09929138 0.2739697 3.719725 0.06886273 0.2182908 3.859939 0.2249457 -0.0663557 3.719726 0.1626977 -0.0358541 3.85994 -0.1046826 -0.2276069 3.719724 -0.08345896 -0.1562718 3.859938 0.04682266 -0.2400395 3.719725 0.02968066 -0.1655561 3.859939 0.2422731 0.01417553 3.719726 0.1756373 0.02428424 3.85994 0.0642631 -0.2195873 3.719725 0.04270464 -0.1502829 3.859939 0.1334986 -0.1520496 3.477353 -0.003700137 -0.1644286 3.291862 0.1452645 -0.1012184 3.291876 0.02121353 -0.243848 3.472935 -0.003906905 -0.2435989 3.471429 -0.1572761 -0.1011645 3.291846 -0.03081667 -0.2433747 3.470076 -0.1421279 -0.1499786 3.464833</float_array>
          <technique_common>
            <accessor source="#spearman_song_Mesh-mesh-positions-array" count="639" stride="3">
              <param name="X" type="float"/>
              <param name="Y" type="float"/>
              <param name="Z" type="float"/>
            </accessor>
          </technique_common>
        </source>
        <source id="spearman_song_Mesh-mesh-normals">
          <float_array id="spearman_song_Mesh-mesh-normals-array" count="4986">-0.1859483 0.6686901 0.7199145 -0.8396096 0.5111901 0.1836858 -0.7790442 -0.4806854 0.4025317 -0.1859893 0.6686912 0.7199029 -0.05713248 0.9314543 0.3593449 -0.8395999 0.5112111 0.1836717 0.141488 -0.5942011 -0.7917742 0.1433833 -0.1986791 -0.9695194 0.1590096 -0.1853111 -0.9697298 -0.8395963 0.5112175 0.1836705 -0.7754984 0.510591 -0.3713477 -0.8691564 -0.4730648 -0.1441418 0.1589849 -0.1853399 -0.9697284 0.06430345 -0.1665821 -0.9839286 0.1414757 -0.5941962 -0.79178 0.2081343 -0.5141471 0.8320655 0.1414882 -0.5942273 -0.7917544 0.1139413 -0.5435111 0.8316329 -0.7790215 -0.4806884 0.402572 -0.8691429 -0.4730784 -0.1441789 0.02246868 -0.9993143 0.02943325 -0.05710953 0.9314631 0.3593258 -0.7754905 0.5106473 -0.3712868 -0.8395856 0.5112307 0.1836827 -0.8395887 0.5112286 0.1836742 -0.8691567 -0.4730578 -0.1441633 -0.7790583 -0.4807086 0.4024767 0.1167964 0.7170329 0.6871845 0.8983309 0.04254591 0.4372544 0.8400259 0.5119698 0.1795645 0.1168053 0.7170595 0.6871552 0.8400161 0.5119795 0.1795825 0.1274647 0.9557511 0.2651277 -0.1544829 -0.9803904 -0.1223508 -0.1668457 -0.1851661 -0.9684401 -0.1133332 -0.7818692 -0.6130549 0.8400086 0.5120062 0.1795416 0.9835056 -0.02531141 -0.1790982 0.7714605 0.5121495 -0.3775603 -0.166819 -0.1851891 -0.9684402 -0.1545029 -0.9803906 -0.1223248 0.01091176 -0.1431128 -0.9896463 -0.1273832 -0.8616304 0.4912906 -0.1144531 -0.5338051 0.8378261 -0.154398 -0.9804004 -0.122378 -0.1273867 -0.8616284 0.4912935 -0.1544193 -0.9803988 -0.1223639 -0.1133366 -0.781883 -0.6130366 0.1274754 0.9557493 0.2651289 0.8400072 0.5119937 0.1795842 0.7714858 0.5121285 -0.3775371 0.8400149 0.511999 0.1795333 0.8983334 0.04251736 0.437252 0.9834977 -0.02529913 -0.1791429 0.1167999 0.7170476 0.6871685 0.1274505 0.9557579 0.26511 -0.10772 0.8149516 0.56943 0.1168139 0.7170403 0.6871738 -0.1076964 0.8149673 0.5694119 -0.1238142 0.8052114 0.579918 0.01092433 -0.1431183 -0.9896454 -0.1543906 -0.9804077 -0.1223281 0.09033805 -0.5787354 -0.8104963 0.01090067 -0.1431216 -0.9896451 0.09035855 -0.5787112 -0.8105114 0.04000264 -0.1051238 -0.9936543 0.1414622 -0.5942171 -0.7917667 0.06428104 -0.1665727 -0.9839317 -0.1118641 -0.1276074 -0.9854962 0.1414422 -0.5941926 -0.7917886 -0.1118414 -0.127619 -0.9854974 -0.03151005 -0.8720465 0.4884078 -0.1544197 -0.9803982 -0.1223684 -0.1144992 -0.5337949 0.8378263 -0.05655604 -0.5585386 0.8275483 -0.1543754 -0.9804061 -0.1223612 -0.05655884 -0.5585442 0.8275443 0.09033197 -0.5786696 -0.8105441 0.1139567 -0.5435131 0.8316295 0.1414211 -0.5941765 -0.7918044 -0.03151786 -0.8720719 0.4883619 0.1139447 -0.5435075 0.8316347 -0.03151619 -0.8720669 0.4883708 0.03616517 -0.5731666 0.8186404 -0.05708307 0.9314607 0.3593363 -0.1859691 0.6687 0.7199 0.1123272 0.8135437 0.5705517 -0.05712866 0.931466 0.3593152 0.112323 0.8135456 0.57055 0.09229463 0.8115106 0.5770029 -0.1689326 0.6206415 -0.76568 -0.02516227 -0.5105654 -0.8594707 -0.03268235 -0.9976714 -0.0598638 -0.1689288 0.6206329 -0.7656878 -0.03262609 -0.9976749 -0.05983644 -0.1291123 0.9693098 0.20921 -0.0956155 -0.3319956 -0.9384225 -0.008025169 -0.9906932 -0.1358771 -0.149832 -0.9877765 -0.04298931 -0.02515512 -0.5105883 -0.8594573 0.1576779 -0.9848745 -0.07183337 -0.03269195 -0.9976701 -0.05988061 0.1248365 0.6176486 -0.7764832 -0.00804603 -0.9906908 -0.1358931 -0.0956856 -0.3319813 -0.9384204 0.1248028 0.6176479 -0.7764891 -0.09561765 -0.3319748 -0.9384295 0.1807186 0.9723112 0.1481609 0.2643494 0.01117753 0.9643623 0.1248133 0.6176753 -0.7764657 0.1806875 0.9723203 0.1481398 0.264447 0.01115798 0.9643357 0.180675 0.9723203 0.1481543 0.2611383 -0.176649 0.9490005 0.2644573 0.01114052 0.9643331 0.2611752 -0.1766172 0.9489963 0.1058636 -0.753638 0.6487084 0.2644326 0.01115775 0.9643396 0.1058592 -0.7536641 0.6486788 -0.00802052 -0.9906939 -0.135873 -0.1290614 0.969324 0.2091752 -0.2299001 0.181159 0.9562047 -0.2749005 0.09647697 0.9566201 -0.1290426 0.9693212 0.2091995 -0.2749214 0.09646934 0.9566149 -0.1688852 0.620656 -0.7656787 -0.0326575 -0.9976724 -0.05986124 0.1118186 -0.9745882 0.1940991 -0.05071985 -0.8454583 0.5316274 -0.03270757 -0.9976698 -0.05987763 -0.05074524 -0.8454813 0.5315884 -0.2749556 0.09650272 0.9566016 -0.03266966 -0.9976714 -0.05987286 -0.2748989 0.09648054 0.9566202 -0.2298563 0.1811463 0.9562177 0.2859234 0.9517957 0.1110538 0.724018 0.4463386 -0.5259085 -0.7927758 0.5186855 -0.3201125 0.2859598 0.9517872 0.1110318 -0.7927704 0.5186676 -0.3201547 -0.4720454 0.867052 0.1593551 0.7240584 0.4463061 -0.5258805 0.2859259 0.9517994 0.1110159 0.9453439 0.1037164 0.3091407 -0.4524121 -0.3646362 0.8138574 -0.2749652 -0.2710781 0.9224483 -0.9302966 0.07842749 0.3583257 -0.4524226 -0.3646015 0.8138671 -0.930294 0.07841497 0.3583353 -0.7927456 0.5186812 -0.3201942 0.9649159 0.07049357 -0.2529187 0.7240402 0.446316 -0.5258973 0.7729869 -0.1978772 0.6027736 0.9649251 0.07046675 -0.2528917 0.7729986 -0.1978439 0.6027695 0.7972844 -0.3156531 0.5144907 0.7729966 -0.1978952 0.6027552 0.7240355 0.4463282 -0.5258933 0.9453536 0.1037115 0.3091127 0.7729854 -0.1979059 0.602766 0.9453325 0.1037747 0.309156 0.1526228 -0.2995599 0.9417909 -0.7927637 0.5186639 -0.3201774 0.4391579 -0.06211203 -0.8962603 -0.7395285 -0.0698769 -0.6694885 0.4391304 -0.06209135 -0.8962752 -0.7927234 0.518718 -0.3201897 0.7240665 0.4463175 -0.5258598 0.4391586 -0.06211596 -0.8962597 0.7240208 0.4463834 -0.5258668 0.9649247 0.0705111 -0.2528808 -0.6614363 -0.3429496 0.666999 -0.4524118 -0.3646846 0.813836 -0.7927579 0.5186793 -0.3201668 -0.6614465 -0.3428684 0.6670306 -0.7927558 0.5186861 -0.3201612 -0.7395207 -0.06992632 -0.669492 0.4391325 -0.0620464 -0.8962773 0.964921 0.07050031 -0.2528979 0.7973014 -0.3156843 0.5144454 -0.4523991 -0.364672 0.8138485 -0.6614323 -0.3429096 0.6670235 0.7972943 -0.3156983 0.5144476 -0.4524222 -0.3646528 0.8138443 0.7973005 -0.3156921 0.5144421 0.7730085 -0.1979257 0.6027299 0.7365851 -0.4142493 -0.53464 0.5374652 -0.5664839 0.6246818 -0.3778494 -0.7833919 0.4934848 0.7365263 -0.4142899 -0.5346896 -0.3778734 -0.7833868 0.4934744 0.03572791 -0.9236825 -0.3814896 -0.6614515 -0.3428941 0.6670124 -0.3778543 -0.7833998 0.4934684 0.5374962 -0.5664477 0.6246878 -0.6614397 -0.3429446 0.6669982 0.537469 -0.5664994 0.6246643 0.7973064 -0.3156624 0.5144512 -0.7395197 -0.06987833 -0.6694982 0.4391304 -0.06209796 -0.8962748 0.7365414 -0.4142894 -0.5346692 0.7365172 -0.414305 -0.5346903 0.0357297 -0.9236909 -0.381469 -0.4937688 -0.3761969 -0.7840079 0.7365548 -0.4142441 -0.534686 -0.4937706 -0.3762457 -0.7839833 -0.7395227 -0.06996721 -0.6694855 0.7973036 -0.3156082 0.5144888 0.5374907 -0.5664559 0.6246852 0.7365579 -0.4142666 -0.5346642 0.7973092 -0.3156173 0.5144744 0.7365435 -0.4142894 -0.5346664 0.4391599 -0.06205147 -0.8962635 -0.739528 -0.06997841 -0.6694785 -0.4937614 -0.3761798 -0.7840208 -0.3778868 -0.7834102 0.4934269 -0.7395238 -0.06987977 -0.6694934 -0.3778577 -0.7834156 0.4934406 -0.6614352 -0.3429369 0.6670066 -0.4523866 -0.3646397 0.81387 0.7730113 -0.1979247 0.6027266 0.1526052 -0.2995803 0.9417874 -0.4523966 -0.3646103 0.8138776 0.1525927 -0.2995725 0.9417918 -0.2749763 -0.2710545 0.922452 -0.9302786 0.07841742 0.3583747 -0.4720856 0.867031 0.1593504 -0.7927507 0.5186944 -0.32016 -0.3778752 -0.7833855 0.4934751 -0.4937718 -0.3762163 -0.7839966 0.0357052 -0.923699 -0.3814515 0.2871156 -0.9577854 0.01455646 0.6814869 -0.3931467 0.6172611 -0.7689004 -0.4802214 0.4221132 0.28711 -0.9577871 0.01455533 -0.7688538 -0.4802385 0.4221785 -0.4798856 -0.8768053 -0.03037208 0.6814911 -0.3931594 0.6172485 0.2871216 -0.9577837 0.0145471 0.9362084 -0.001188695 0.3514434 -0.5679723 0.6722421 -0.4748665 -0.6180579 0.7861183 0.004749953 -0.934407 -0.03350138 0.3546285 -0.5680029 0.672197 -0.4748938 -0.9344012 -0.0334776 0.3546458 -0.7689024 -0.4802514 0.4220756 0.9649196 -0.07047241 0.252911 0.6814716 -0.3931872 0.6172522 0.9041855 0.3866763 -0.1814661 0.9649212 -0.07049429 0.2528981 0.9041822 0.3866715 -0.181493 0.7972911 0.3156775 -0.5144656 0.9041814 0.3866751 -0.1814891 0.6814832 -0.3931429 0.6172676 0.9361998 -0.001186728 0.3514663 0.9041982 0.3866478 -0.181464 0.9361996 -0.00121361 0.3514669 0.4039098 0.8389225 -0.3647822 -0.7688563 -0.4803102 0.4220928 0.4391607 0.06209701 0.89626 -0.739522 0.06993865 0.6694893 0.4391294 0.06209903 0.8962752 -0.7688894 -0.4802246 0.4221299 0.6814973 -0.3931615 0.6172401 0.4391673 0.06205606 0.8962596 0.6814842 -0.3931902 0.6172366 0.9649261 -0.07049149 0.2528807 -0.6614353 0.3429405 -0.6670046 -0.5680079 0.6722198 -0.4748554 -0.768879 -0.480236 0.4221357 -0.6614491 0.3429011 -0.6670113 -0.7689055 -0.4802002 0.4221283 -0.7395204 0.06991046 0.669494 0.4391283 0.06207501 0.8962774 0.9649207 -0.07049697 0.2528997 0.7973101 0.3156198 -0.5144714 -0.5680108 0.6721966 -0.4748848 -0.6614295 0.3428784 -0.6670424 0.7972941 0.3156714 -0.5144645 -0.5679807 0.672262 -0.4748283 0.7973005 0.315666 -0.5144581 0.9041977 0.3866378 -0.1814875 0.7365479 0.4142764 0.5346703 0.5374776 0.5664788 -0.6246757 -0.3778499 0.7833921 -0.493484 0.7365417 0.4142714 0.5346828 -0.3778759 0.783381 -0.4934816 0.03568065 0.9236928 0.3814689 -0.6614545 0.342877 -0.6670182 -0.377859 0.7833964 -0.4934703 0.5374478 0.5665035 -0.6246789 -0.66143 0.3429009 -0.6670303 0.5374752 0.5664669 -0.6246886 0.7973043 0.3156424 -0.5144664 -0.7395201 0.06989926 0.6694954 0.4391297 0.06208914 0.8962756 0.7403634 0.4056375 0.5360227 0.736545 0.4142512 0.5346938 0.03572958 0.9236904 0.3814702 -0.4937765 0.376183 0.7840098 0.73657 0.4142185 0.5346848 -0.4937886 0.3762218 0.7839834 -0.7395218 0.06997978 0.6694852 0.7973043 0.3156148 -0.5144834 0.5374916 0.5664474 -0.624692 0.7365568 0.4142553 0.5346743 0.7973095 0.3156153 -0.5144751 0.7365434 0.414247 0.5346992 0.4391595 0.06209504 0.8962607 -0.7395281 0.06998503 0.6694777 -0.4937539 0.3762322 0.7840004 -0.3778797 0.7833912 -0.4934624 -0.7395156 0.06994956 0.6694952 -0.3778585 0.7833916 -0.4934782 -0.6614419 0.3428694 -0.6670348 -0.5679877 0.672199 -0.4749089 0.904187 0.386669 -0.1814747 0.403902 0.8389302 -0.3647732 -0.5679937 0.6722266 -0.4748628 0.4039095 0.8389213 -0.3647855 -0.618011 0.7861551 0.004752695 -0.9344037 -0.03345215 0.3546419 -0.479925 -0.8767827 -0.03040146 -0.768885 -0.4802398 0.4221206 -0.3778663 0.7833896 -0.4934753 -0.4937806 0.3762136 0.7839925 0.03570073 0.9236837 0.3814895 0.1015335 -0.9932568 -0.0559653 0.1871672 -0.9797058 -0.07172852 0.8386622 -0.5420768 -0.05290096 -0.1034727 -0.9930955 -0.05527162 -0.1899252 -0.9792101 -0.07124632 0.8029624 -0.5929765 -0.06025177 -0.1034587 -0.993096 -0.05528789 0.802951 -0.5929931 -0.06024128 0.9256065 0.3776941 0.02449387 -0.9992401 -0.03183239 0.02249598 -0.8278028 0.5541458 0.08754956 -0.8562206 -0.5150083 -0.04065358 -0.999241 -0.0318275 0.02246117 -0.8562353 -0.5149836 -0.04065847 -0.1034722 -0.9930953 -0.05527561 0.9256047 0.3776958 0.02453505 0.8378598 0.5436296 0.04957711 0.05696326 0.9920713 0.1120259 0.9255984 0.3777119 0.02452027 0.05696773 0.9920725 0.1120127 -0.2119116 0.9712316 0.1086401 0.9592614 0.2783497 0.04836362 0.9346493 0.3540605 0.03274095 0.09427964 0.9891161 0.1129636 0.9592597 0.2783603 0.04833757 0.09426444 0.9891181 0.1129585 0.00436753 0.9966744 0.08137041 -0.2119219 0.9712293 0.1086416 0.05696624 0.9920748 0.1119933 -0.8278052 0.5541399 0.08756583 -0.2119444 0.9712263 0.1086242 -0.8278061 0.554139 0.0875616 -0.9992421 -0.03180724 0.0224421 -0.8562209 -0.5150088 -0.04064321 -0.1899394 -0.9792088 -0.07122653 -0.1034894 -0.9930931 -0.05528324 -0.7863422 -0.6151842 -0.05669534 0.1871521 -0.9797096 -0.07171738 0.1015349 -0.993252 -0.05604547 -0.7863321 -0.6152013 -0.05665057 0.1015201 -0.9932588 -0.05595177 -0.9214689 0.387507 0.02708613 0.8029596 -0.5929793 -0.06026184 0.8378468 0.5436453 0.04962456 0.9256079 0.3776925 0.02446556 -0.8336561 0.5506187 0.0428543 -0.7863435 -0.6151865 -0.05665457 -0.9214647 0.3875128 0.02714544 0.8386747 -0.5420591 -0.0528835 0.9346517 0.3540549 0.03273105 0.9592652 0.2783334 0.04838329 0.8386744 -0.5420587 -0.05289405 0.9592668 0.2783403 0.04831033 0.1015453 -0.993254 -0.0559929 0.09427654 0.9891169 0.1129595 -0.8336414 0.550642 0.04284226 -0.921473 0.3874949 0.02711343 0.09427136 0.989116 0.1129713 -0.9214779 0.3874866 0.02706998 0.004349052 0.9966754 0.0813595 0.1703801 0.9653725 0.1975516 -0.07893365 0.979479 0.1854467 0.09350615 0.993057 0.07137501 -0.1311751 0.9901673 0.04860067 0.09348684 0.9930574 0.07139509 -0.0789389 0.9794779 0.1854503 0.2280292 -0.9343441 0.273868 0.6511951 -0.7338357 0.193469 0.3294028 -0.9438585 -0.02500146 0.3293877 -0.9438648 -0.02496123 -0.248175 -0.9682291 0.03068566 0.2280213 -0.934338 0.2738956 -0.6239355 -0.779918 0.04931944 -0.4998267 -0.8508688 0.1618504 -0.2482107 -0.9682201 0.03067994 -0.2481936 -0.9682256 0.03064584 -0.1466476 -0.9350753 0.3226899 0.2280563 -0.9343314 0.2738891 -0.1466383 -0.9350795 0.3226821 -0.2481919 -0.9682249 0.03068071 -0.49983 -0.8508687 0.1618413 0.9671875 -2.05253e-6 0.2540639 0.9677265 -0.002842009 0.2519872 0.9742743 -0.004867553 0.2253133 0.974276 -0.004875004 0.2253052 0.9677371 -0.002844393 0.2519462 0.9753918 -0.00974071 0.2202637 -0.9768975 -0.009667932 0.2134895 -0.9743568 -0.003221094 0.2249852 -0.9758239 -0.004835426 0.2185048 -0.975824 -0.004834771 0.2185047 -0.9743592 -0.003214001 0.2249757 -0.9723591 3.67108e-4 0.2334901 -0.07894963 0.9794743 0.1854646 -0.2694202 0.9438499 0.1912072 -0.1312022 0.990164 0.04859393 0.09348738 0.9930584 0.07138174 0.2615927 0.9580069 0.1174403 0.1703521 0.9653769 0.1975541 0.6523725 -0.7331317 0.1921672 0.507034 -0.7769511 0.3731801 0.7059772 -0.6463268 0.2895825 0.5070618 -0.7769365 0.3731729 0.651183 -0.7338492 0.1934583 0.2280465 -0.9343251 0.2739186 -0.4998316 -0.8508667 0.1618469 -0.6464565 -0.6894831 0.3266605 -0.2914822 -0.8490418 0.440643 -0.6464506 -0.6894949 0.3266473 -0.4998323 -0.8508657 0.1618492 -0.6239358 -0.7799188 0.04930329 0.2280513 -0.9343342 0.2738835 -0.02005767 -0.884602 0.4659153 0.5070495 -0.7769469 0.3731681 -0.02001124 -0.8846058 0.46591 0.2280424 -0.9343279 0.2739127 -0.146673 -0.9350692 0.3226958 -0.1466596 -0.9350748 0.322686 -0.2914919 -0.8490434 0.4406334 -0.1349596 -0.8453186 0.5169358 -0.2914592 -0.8490476 0.4406469 -0.1466788 -0.935072 0.3226852 -0.4998348 -0.850864 0.1618509 -0.07896107 0.9794794 0.1854326 0.107177 0.9459773 0.3060069 -0.181333 0.9399197 0.2892568 0.1071814 0.9459797 0.3059977 -0.07893711 0.9794758 0.1854618 0.1703755 0.9653757 0.19754 0.9677253 -0.00283885 0.2519917 0.9604434 -8.42075e-4 0.2784742 0.960222 -0.001610577 0.2792332 0.9604736 -7.3678e-4 0.2783704 0.9677246 -0.002835094 0.2519944 0.9671843 -1.47917e-6 0.2540761 -0.9723613 3.65246e-4 0.2334814 -0.9711367 5.87605e-4 0.238523 -0.9710015 0.001106619 0.2390713 -0.9711551 5.1681e-4 0.2384483 -0.9723595 3.68093e-4 0.2334886 -0.9743576 -0.003224015 0.2249822 -0.2694097 0.9438547 0.1911982 -0.1813636 0.939919 0.2892398 -0.3331022 0.9103721 0.2454907 -0.1813469 0.9399216 0.289242 -0.269429 0.9438503 0.1911929 -0.07892 0.9794813 0.1854402 0.1703877 0.9653747 0.1975343 0.2807252 0.9133768 0.2948496 0.1071671 0.945981 0.3059986 0.2807466 0.9133616 0.294876 0.170374 0.9653751 0.1975438 0.2615977 0.9580045 0.1174477 0.9532156 -0.2964378 0.05919981 0.7308173 -0.6622034 0.1655079 0.653284 -0.7163418 0.2451013 0.7308067 -0.6622281 0.1654557 0.953227 -0.2964055 0.05917859 0.4845105 -0.8536568 0.1911016 -0.5413796 -0.812983 0.2143989 -0.5413799 -0.8129829 0.214398 -0.557045 -0.8004145 0.2214449 -0.5413825 -0.8129805 0.2144012 -0.5413826 -0.8129805 0.214401 -0.5254725 -0.8251809 0.2072569 0.4845158 -0.8536465 0.1911338 0.003813862 -0.9644001 0.26442 0.7308054 -0.6622164 0.1655079 0.003823161 -0.9644013 0.2644156 0.4845176 -0.8536337 0.1911866 0.007647633 -0.9648784 0.2625856 -0.056665 0.9855229 0.1597934 0.02736425 0.9871822 0.157234 -0.08265554 0.9811367 0.1747534 0.02734202 0.9871829 0.1572338 -0.05664789 0.9855233 0.1597968 0.08444249 0.9799667 0.1803742 0.966196 -9.45657e-4 0.2578073 0.966196 -9.45735e-4 0.2578071 0.966058 -0.001967251 0.2583181 0.9661913 -9.80948e-4 0.2578246 0.9661913 -9.80948e-4 0.2578245 0.9663224 -1.89815e-6 0.2573347 -0.9727858 -1.30371e-5 0.2317065 -0.9727858 -1.30703e-5 0.2317065 -0.9727281 3.96981e-4 0.2319481 -0.9727842 -1.68038e-6 0.2317132 -0.1237558 0.9750599 0.1842358 -0.08265036 0.9811366 0.1747571 -0.07958972 0.9766738 0.1994336 -0.08265352 0.9811381 0.1747474 -0.1237562 0.9750602 0.1842338 -0.05664694 0.9855232 0.1597976 0.08445608 0.9799645 0.1803798 0.1273396 0.9729326 0.1928393 0.02737575 0.9871816 0.1572361 0.1273435 0.9729319 0.1928402 0.08446961 0.9799609 0.180393 0.1705257 0.9597797 0.2230333 -0.3707813 0.753216 0.5433112 -0.2881137 0.7969701 0.5308759 -0.3074687 0.8635179 0.3997498 -0.5599631 -0.6399667 0.5261976 -0.1659639 -0.7818834 0.600928 -0.5795938 -0.607034 0.5436734 -0.1684468 -0.02715885 0.9853366 -0.1683064 -0.01854783 0.9855602 -0.4621946 -0.01549607 0.8866431 -6.85036e-4 0.9995677 0.02939558 0.07615536 -0.01982682 -0.9968988 -0.4270095 0.8727684 0.2365127 -0.148921 -0.1538337 0.97681 0.7473449 0 0.6644363 -0.144477 0.2801479 0.9490225 -0.1108192 0.2790093 0.9538726 0.08071333 0.6327019 0.7701776 -0.4270324 0.8727662 0.2364794 0.9738758 0 0.2270816 0.1842755 0.4653466 0.8657339 0.2075611 -0.5924636 0.7783992 0.5419958 -0.3552231 0.7616148 0.3759703 -0.1956338 0.9057449 0.05185204 -0.5426743 0.8383412 0.7364649 -0.6313371 -0.2429671 0.1843073 0.46533 0.865736 0.5419785 -0.3552212 0.761628 0.4568562 0.4757621 0.7516202 0.3617475 0.4234195 0.8305749 0.6359825 0.7214106 -0.2740313 0.05338656 0.4710416 0.880494 -0.998772 0.007548332 0.04896533 -0.9993074 -0.007369577 0.03647685 -0.998772 0.007549226 0.04896426 -0.9978557 0.02249926 0.06146329 -0.9987702 0.007582962 0.04899477 -0.9987704 0.007583022 0.04899471 0.9972754 -0.007855832 0.07335054 0.9962903 0.006833493 0.08578521 0.9962902 0.006832838 0.08578598 0.9962907 0.006828904 0.08578103 0.9962906 0.006828486 0.08578151 0.9949358 0.02151596 0.09818357 -0.04320782 0.896223 0.4414945 0.08719271 0.6828984 0.7252912 0.02594852 0.9578337 0.286149 0.02593481 0.9578344 0.2861483 -0.04315304 0.9468355 0.3188111 -0.04322654 0.8962176 0.4415038 0.001609027 0.9991766 0.04054254 -0.04315441 0.9468359 0.3188094 0.02595597 0.9578296 0.2861621 0.001554906 0.9991738 0.0406112 0.02592355 0.9578347 0.2861481 3.6156e-5 0.9990954 0.04252547 -0.4131771 -0.8103656 0.4154425 -0.01000535 -0.910729 0.4128834 -1.34692e-4 -0.8927832 0.4504867 0.1995558 -0.9779818 0.06106632 0.3870677 -0.8998024 0.2013313 -0.009112954 -0.9937017 0.1116869 -0.412569 -0.8898817 0.1946731 -0.2133128 -0.9752738 0.05778288 -0.00911647 -0.9937016 0.1116867 -0.1144983 -0.1533237 0.9815203 0.02907127 -0.9924022 0.1195527 0.2075254 -0.5924746 0.7784004 0.1218562 -0.6710447 0.7313345 0.03673952 -0.9993028 0.006652712 0.4087665 -0.7814321 -0.4714593 0.1764334 -0.8517225 -0.4933965 0.03117758 -0.9955068 0.08941113 -0.1105209 0.04216778 -0.9929789 0.1648479 -0.8495421 -0.5011024 -0.1768171 0.02290564 -0.9839771 0.1007621 0.9375414 -0.3329613 -0.07550525 -0.07104206 -0.9946116 0.04028981 0.9990224 0.01819449 0.1274963 0.9080844 -0.3989078 0.1843006 0.4653077 0.8657495 -0.114484 -0.1533319 0.9815207 0.2075625 -0.5924703 0.7783938 0.02969837 0.6924366 0.7208673 -0.2090807 0.4707186 0.8571519 0.09483504 0.03340268 0.9949325 -0.003421366 0.9998945 0.01411765 0.1822217 0.9767461 0.1129705 -0.1716187 0.05549889 -0.983599 0.0948407 0.03340744 0.9949318 0.1821197 0.9767658 0.1129652 0.02969777 0.6924327 0.7208711 -0.20911 0.4707197 0.8571441 -0.545422 -0.3512737 0.7610005 -0.2246217 -0.5983912 0.7690729 -0.389548 -0.2180631 0.8948189 -0.711351 -0.6359112 -0.2993271 -0.08266282 -0.5616703 0.8232213 -0.4525784 0.4784547 0.7524986 -0.5454006 -0.3512787 0.7610136 -0.2091106 0.4707161 0.857146 -0.0858106 0.4875285 0.8688802 -0.5796475 0.7543357 -0.3081987 -0.3534541 0.4525291 0.8187109 0.09482818 0.03342014 0.9949325 -0.2245908 -0.598378 0.7690922 -0.02703493 -0.9667344 0.2543497 -0.1528319 -0.6814211 0.7157568 -0.3756781 -0.7737535 -0.5100701 -0.04949438 -0.990649 0.1271414 -0.1517274 -0.8403367 -0.5203971 0.03333324 0.1480326 -0.9884206 -0.04601782 -0.9765396 0.2103639 -0.1510877 -0.8326098 -0.5328541 -0.06730306 0.9497677 -0.3056335 0.06730455 0.09278827 -0.9934086 -0.03242444 -0.02381432 -0.9991905 -0.09728509 0.9142128 -0.3933834 -0.03985488 0.9992052 7.36605e-4 -0.2090592 0.470739 0.8571459 -0.224621 -0.5983706 0.7690892 0.09487336 0.03343302 0.9949278 0.5642994 -0.6515153 0.5070446 0.5971871 -0.5982279 0.5343136 0.1682997 -0.7899641 0.5896032 0.1767661 -0.03345757 0.9836841 0.4697921 -0.02847898 0.8823176 0.1768999 -0.02196788 0.9839836 0.3408473 0.3650628 0.8663443 0.2791952 0.8926486 0.3538766 0.3397223 0.5510836 0.7621651 -0.009122908 -0.9937064 0.1116451 -0.2133473 -0.9752666 0.05777692 0.1995869 -0.9779749 0.06107527 -0.009963929 -0.910721 0.4129019 0.4135449 -0.8154724 0.4049509 -1.28984e-4 -0.8927713 0.4505102 -0.4852295 0.1069374 0.8678231 0.2024785 0.8771461 0.4354508 -0.00154668 0.9932699 0.1158128 0.2025207 0.8771491 0.4354249 0.39612 0 0.9181988 0.3989865 0.505997 0.764707 0.3672157 0.6777492 0.6370311 0.4260347 0.5302605 0.73302 0.4118261 0.529455 0.7416715 0.5068278 0.1591688 0.8472254 -0.4239069 0 0.9057058 0.1821445 0.9767602 0.1129735 0.1625425 0.3032277 -0.9389531 -0.1716389 0.05546659 -0.9835973 -0.1716229 0.05547273 -0.9835998 0.1625637 0.3031989 -0.9389587 -0.3433113 -0.7639122 -0.5464206 -0.1716222 0.05545657 -0.9836007 -0.3432525 -0.7639284 -0.5464351 -0.02701514 -0.9667426 0.2543207 0.07615083 -0.01981723 -0.9968994 0.02909708 -0.9924002 0.1195632 0.0986253 -0.9940338 -0.04658198 0.07612943 -0.01982116 -0.996901 0.0986697 -0.9940288 -0.04659593 -0.2495167 0.1638041 -0.9544159 -0.02703493 -0.966731 0.2543627 -0.3432803 -0.7639248 -0.5464224 0.6017763 -0.2781287 0.7486721 -0.02704191 -0.9667416 0.2543214 0.6017834 -0.2781488 0.7486588 0.09486693 0.03343272 0.9949284 -0.1110144 -0.153365 0.981914 -0.107445 0.2790393 0.9542498 -0.4272882 0.8722392 0.2379574 -0.4270412 0.8727484 0.2365297 -0.2495181 0.1637955 -0.9544171 -0.6494561 0.1029546 0.7533971 -0.4270207 0.8727695 0.2364888 -0.649443 0.1028894 0.7534173 -0.1144739 -0.1533115 0.981525 0.1821197 0.9767655 0.1129673 0.09486967 0.03342431 0.9949285 0.6017627 -0.2781357 0.7486804 0.182143 0.976763 0.1129515 0.6017818 -0.2782035 0.7486398 0.1625491 0.3032745 -0.938937 0.09858959 -0.9940375 -0.04657983 0.02912813 -0.9924032 0.1195302 -0.1144753 -0.1533343 0.9815214 0.09871947 -0.9940244 -0.04658365 -0.1144691 -0.1533252 0.9815235 -0.6494776 0.1028881 0.7533876 -0.4270199 0.8727602 0.2365241 0.07614803 -0.01982176 -0.9968995 -0.249519 0.1638302 -0.9544108 -6.56798e-4 0.9995671 0.02941471 -0.08601981 0.6900672 0.7186153 0.1842668 0.4653386 0.8657401 0.03920745 0.9946909 -0.09514594 0.1043987 0.5515764 0.8275653 0.2955484 0.8478657 -0.4401987 -0.4270431 0.8727565 0.2364961 0.08070951 0.6327087 0.7701725 -6.14859e-4 0.9995669 0.02942383 0.02971428 0.6924304 0.7208725 0.1821786 0.9767543 0.1129693 -0.003355979 0.9998947 0.01412147 0.1842921 0.4653781 0.8657134 -0.08601909 0.6900707 0.718612 -0.1145361 -0.1533216 0.9815162 -0.2091412 0.4707269 0.8571326 0.02970963 0.692445 0.7208588 -0.003338515 0.999895 0.01410663 -0.1287618 0.5467258 0.8273521 -0.03653478 0.9950391 -0.09253424 -0.242498 0.8675306 -0.4342644 -0.005472481 -0.963989 0.2658861 -0.005472481 -0.963989 0.2658859 -0.001100838 -0.9643414 0.2646593 -0.005491077 -0.9639875 0.2658911 -0.005491018 -0.9639874 0.2658914 -0.009862542 -0.9636149 0.2671126 -0.249154 -0.05873572 -0.9666811 -0.2979494 -0.003300011 -0.954576 -0.09024542 -0.1222629 -0.9883864 -0.2979744 -0.003295063 -0.9545682 -0.2491649 -0.05874562 -0.9666777 -0.3954265 0.05633437 -0.9167684 0.1111394 0.00984472 -0.9937561 0.04651522 -0.04068666 -0.9980887 -0.1555757 -0.1223231 -0.9802211 0.04650783 -0.04070669 -0.9980883 0.1111297 0.009839713 -0.9937572 0.2409021 0.07565772 -0.9675961 -0.3954257 0.056333 -0.9167689 -0.3891989 0.1060045 -0.9150341 -0.2979652 -0.003287732 -0.9545711 0.2409049 0.07562267 -0.9675981 0.1111349 0.009834885 -0.9937567 0.2351759 0.1083006 -0.9659003 -0.3859533 0.08564645 -0.9185341 0.009245395 -0.09193706 -0.995722 0.5071401 -0.8012371 -0.3175345 0.2440059 0.187035 -0.9515666 0.2937964 0.04499882 0.9548082 0.1683585 0.09661459 0.9809796 0.3351512 0.03267967 0.9415974 0.3351804 0.03265237 0.9415881 0.3950516 0.09494739 0.9137392 0.2938196 0.04498714 0.9548017 -0.1511087 0.01526528 0.9883993 0.07795053 0.09635657 0.9922899 -0.09232151 0.02677434 0.9953693 -0.0922923 0.026766 0.9953722 -0.2717645 -0.08665049 0.958455 -0.15109 0.0152682 0.9884021 0.3950547 0.09491729 0.9137409 0.3351548 0.03265702 0.941597 0.3634859 -0.08916842 0.9273226 0.3634886 -0.08917075 0.9273213 0.3610411 0.003531157 0.9325432 0.3950512 0.09495711 0.9137384 -0.2717723 -0.08668422 0.9584496 -0.2565591 -0.1908138 0.947506 -0.1511043 0.01526832 0.9883999 0.3230143 -0.317598 0.8915118 0.3610475 0.003572821 0.9325406 0.3634948 -0.08913654 0.9273222 0.3634998 -0.08915579 0.9273183 0.2969475 -0.3596289 0.8845843 0.3230175 -0.317593 0.8915125 -0.2565268 -0.190779 0.9475218 -0.2717709 -0.0866934 0.9584493 -0.2489675 -0.2803067 0.9270617 -0.2489722 -0.2803057 0.9270607 -0.2087401 -0.3509428 0.9128344 -0.2565519 -0.1907946 0.9475119 -0.06290364 0.998012 0.003918409 0.4026806 -0.2517657 -0.8800355 0.009274423 -0.0919975 -0.995716 0.05156373 0.9986646 -0.003212511 0.04204463 -0.2764363 0.9601122 0.5071285 -0.8012505 -0.3175194 0.04204905 -0.2764363 0.960112 0.04201424 -0.2764162 0.9601192 0.04204362 -0.2764161 0.960118 0.04146772 0.1203089 0.9918701 0.357849 0.07104331 0.931073 0.9704335 -0.02368557 0.2402037 0.956644 0.1682184 0.2377707 0.3578484 0.07103121 0.9310743 0.9562872 0.1685987 0.2389338 -0.02793341 0.1920331 0.9809908 -0.04447793 0.04884612 -0.9978156 -0.0645191 0.003845453 -0.9979091 -0.02393764 0.08066594 -0.9964538 -0.01266849 0.08585113 -0.9962275 0.03061729 0.1056309 -0.993934 -0.03152048 0.04638236 -0.9984264 -0.5286806 0.05818969 0.846824 0.3558093 0.07101452 0.9318566 -0.02830332 0.1919454 0.9809975 -0.02840334 0.191944 0.9809948 -0.4616529 0.07818877 0.883608 -0.5218493 0.05527395 0.8512451 0.6435253 -0.5415166 0.5409577 0.9088385 -0.3521751 0.2235738 0.9087675 -0.3530868 0.2224217 6.4218e-4 -0.5686823 0.8225571 0.6435245 -0.54156 0.540915 -0.01085835 -0.1376861 -0.9904164 0.03167599 -0.04689246 -0.9983976 -0.01085305 -0.1376888 -0.9904161 -0.01327854 -0.1428498 -0.9896554 -0.05567836 -0.2321459 -0.9710862 -0.01327753 -0.1428501 -0.9896553 -0.455168 -0.4382565 0.7750828 0.638356 -0.5435577 0.5450201 1.31711e-4 -0.5685924 0.8226194 2.54836e-4 -0.5685895 0.8226215 -0.5126636 -0.363538 0.7778279 -0.4597448 -0.4326512 0.7755306 -0.03424334 -0.7180545 -0.6951441 -0.05102205 -0.4717797 -0.8802391 0.008580088 -0.9999514 -0.004872202 0.9703133 -0.02876204 0.2401355 0.357766 0.07065689 0.9311342 0.7218744 -0.1540988 0.6746487 0.7213284 -0.1540467 0.6752445 0.9634314 -0.1215408 0.2388051 0.9701277 -0.02874195 0.2408862 0.3558264 0.07079982 0.9318665 -0.5281937 0.04927766 0.8476929 -0.5577842 -0.0522142 0.8283421 0.3557461 0.07072371 0.9319029 -0.5510596 -0.05344676 0.8327527 0.716969 -0.154262 0.6798226 -0.06546384 -0.02202129 -0.9976119 -0.0360046 0.03968483 -0.9985634 -0.05105626 -0.4705703 -0.8808841 -0.05115514 -0.4705536 -0.8808874 -0.03440457 -0.7173806 -0.6958315 -0.06092739 -0.02274024 -0.9978832 0.309823 0.4007771 0.8621993 0.8814628 0.4300492 0.195144 0.9629245 0.2074453 0.1724614 0.3098463 0.4008882 0.8621392 -0.933104 0.304269 0.1916698 -0.9785158 -0.1011837 0.1796354 0.2958005 -0.9329231 0.2053206 0.3097715 0.400796 0.8622089 0.4073286 -0.8914305 0.1985827 -0.9330958 0.3043015 0.1916583 0.3098329 0.400776 0.8621962 -0.8531426 0.4818454 0.199932 -0.06825512 0.9697139 0.2345125 -0.256021 0.9384371 0.2319249 0.3097693 0.4008114 0.8622025 -0.7803755 0.4639574 0.4192346 -0.7803765 0.463953 0.4192379 -0.8178927 0.4171423 0.3962875 -0.7397209 0.5087878 0.4403954 -0.7804489 0.4638887 0.4191741 -0.7804484 0.4638866 0.4191774 -0.5717446 0.7867588 0.2326342 -0.8531378 0.48185 0.1999416 0.3098028 0.4007525 0.862218 0.3097879 0.4007549 0.862222 0.9127306 -0.3567452 0.1991376 0.978275 -0.02477777 0.2058256 1.91516e-4 -3.722e-4 1 0 0 1 -0.978516 -0.1011429 0.1796572 -0.9081749 -0.386409 0.160955 0.3098044 0.4008575 0.8621684 1.27661e-5 0 1 0.3098224 0.4007436 0.8622151 0.9892021 -0.05188232 0.1370677 0.9613299 0.2118377 0.1759822 0.3098773 0.4008086 0.862165 0.0936644 0.967373 0.2354071 0.1069315 0.9667037 0.2324857 0.3098279 0.4007785 0.8621968 -0.4248049 -0.8811321 0.2077184 0.4225311 -0.8823679 0.2071098 0.3098525 0.4007433 0.8622044 0.9613312 0.2118264 0.1759883 0.6154515 0.7515546 0.2374559 0.3098857 0.400807 0.8621628 0.2692253 0.9344518 0.2330616 0.0936163 0.9673752 0.2354173 0.9653576 -0.2060886 -0.1600385 0.6660187 0.3076094 -0.6795554 0.9889222 0.113379 -0.0958026 0.9244521 -0.1451581 -0.3525869 0.9402959 -0.2722077 -0.20432 0.988917 0.1134067 -0.09582394 0.9403001 -0.2722072 -0.2043015 0.9494023 -0.2986333 -0.09722834 0.9493978 -0.2986509 -0.09721946 0.773563 0.5682005 -0.2806217 0.9889235 0.1133769 -0.09579181 -0.9902387 0.04479527 -0.1319879 -0.5905061 0.6830052 -0.4298914 -0.9462861 -0.3101646 -0.09132701 -0.9902402 0.04482299 -0.1319677 -0.9462848 -0.3101681 -0.09132933 -0.9384257 -0.2850765 -0.1951637 -0.990241 0.04480487 -0.1319673 -0.9384223 -0.2850883 -0.1951621 -0.9352261 -0.1573005 -0.3171889 -0.9902351 0.04481172 -0.1320095 -0.9352135 -0.1572874 -0.3172324 -0.9429827 -0.1668074 -0.288026 0.3098536 0.4007446 0.8622034 -0.9274243 -0.3378069 0.1605324 -0.7113793 -0.6769475 0.1888955 -0.4247648 -0.881153 0.2077121 0.3098437 0.4007059 0.8622248 0.09542936 -0.9786072 0.182267 0.988918 0.1133922 -0.09583133 0.7735743 0.5681699 -0.2806526 0.299892 0.9296682 -0.2139672 -0.9902393 0.04480451 -0.1319803 -0.4711551 0.8691081 -0.1505464 -0.5905191 0.6829634 -0.4299399 0.1322621 -0.9590876 0.2503154 0.02394694 -0.9661456 0.2568837 0.409773 -0.8850516 0.2208392 0.4097776 -0.8850537 0.2208221 0.2862402 -0.9545973 -0.08252626 0.132273 -0.9590884 0.2503063 -0.03066462 0.6300001 -0.7759895 -0.01288396 0.6302452 -0.7762894 -0.03066462 0.6300009 -0.7759889 -0.3898394 -0.8709742 -0.2990474 -0.8207035 -0.5693188 -0.0481882 -0.51196 -0.8588891 0.0143755 -0.3898381 -0.8709852 -0.2990171 -0.5119478 -0.8588964 0.01437115 -0.07103955 -0.9842111 -0.162117 0.4097824 -0.8850436 0.2208539 0.0239799 -0.9661498 0.256865 0.07221412 -0.9930929 -0.09247517 0.07221978 -0.9930897 -0.09250473 0.5583086 -0.6564946 -0.5072538 0.4097613 -0.8850578 0.2208358 0.07227927 -0.993088 -0.09247666 0.02392059 -0.9661501 0.2568691 -0.5119282 -0.8589078 0.01438689 -0.5119359 -0.8589037 0.01436054 -0.8207123 -0.569306 -0.04818767 0.07224321 -0.9930861 -0.09252536 0.5583012 -0.6565076 -0.507245 0.5343103 -0.6262267 -0.5677611 0.2862498 -0.9545947 -0.08252274 0.2862383 -0.9546002 -0.08249956 0.4097705 -0.8850564 0.2208237 0.558335 -0.6564964 -0.5072225 0.02392286 -0.9661406 0.256905 2.17625e-5 -0.986509 -0.1637073 -0.07100111 -0.9842125 -0.1621258 -0.07100862 -0.9842137 -0.1621149 -0.5119415 -0.8588999 0.01438456 0.02395176 -0.9661431 0.2568925 0.05004554 -0.02044427 -0.9985377 0.07216149 -0.9930926 -0.09251898 0.05963671 -0.02044165 -0.9980109 0.5583117 -0.6565263 -0.5072095 0.6660637 0.3076335 -0.6795005 -0.03069323 0.6299995 -0.7759889 -0.03069323 0.6300002 -0.7759882 1.11256e-4 0.06067782 -0.9981574 9.96958e-5 -2.27714e-5 -1 1.07272e-4 0.06067782 -0.9981574 0.8814682 0.4300386 0.1951429 0.3098245 0.4008689 0.8621561 0.9331173 0.3025767 0.1942667 0.9889234 0.1133963 -0.0957691 0.2998965 0.9296784 -0.2139164 0.4639497 0.8857836 -0.01176232 1.14647e-4 0.06071317 -0.9981553 1.12158e-4 0.06071335 -0.9981553 1.22873e-4 0.12119 -0.9926294 -0.5905082 0.6829537 -0.4299703 -0.4711779 0.8690989 -0.150528 0.2999188 0.929664 -0.2139476 1.06869e-4 0.1211751 -0.9926312 -0.4711739 0.8691045 -0.150508 -0.990235 0.04482513 -0.1320054 -0.3166147 0.9485351 -0.006043016 -0.3166275 0.9485308 -0.00603199 0.4639738 0.8857704 -0.01179844 0.2998931 0.9296798 -0.213915 0.2998838 0.92968 -0.2139273 -0.4711645 0.8691002 -0.1505619 -0.3166282 0.9485306 -0.006028354 -0.06825721 0.969717 0.2344989 0.3097584 0.4008237 0.8622008 -0.08523756 0.9691035 0.2314585 0.3098464 0.4008229 0.8621695 0.9629266 0.2074446 0.1724507 0.9892008 -0.05187982 0.1370781 -0.9455351 -0.2856029 0.1561869 0.3098338 0.4008578 0.8621578 -0.9081843 -0.3863871 0.1609552 0.3098245 0.4008022 0.862187 0.2958203 -0.932917 0.2053201 0.7589867 -0.6181461 0.2045353 0.3097919 0.4007813 0.8622084 0.02048206 0.9711216 0.2377046 -0.08521759 0.9691054 0.2314576 0.4877964 0.323304 0.8108819 0.6087924 0.5595363 0.5623975 0.5521352 0.451742 0.7007681 0.5521317 0.4517499 0.7007657 0.5250979 0.01844996 0.8508418 0.4878005 0.3233026 0.8108798 0.6088084 0.5595443 0.5623722 0.6175254 0.5911804 0.5188142 0.6909391 0.484629 0.536412 0.6909244 0.484636 0.5364247 0.5521231 0.4517295 0.7007857 0.6088148 0.5595473 0.5623622 0.4974634 0.6858744 0.5311372 0.6909379 0.4846151 0.5364263 0.6175125 0.5911967 0.518811 0.6175147 0.591198 0.5188069 0.3927375 0.753805 0.5268162 0.4974535 0.6858755 0.531145 0.3927365 0.7537949 0.5268315 0.09955811 0.8410189 0.5317665 0.2151562 0.8166223 0.5355705 0.2151491 0.816626 0.5355678 0.4974665 0.6858609 0.5311516 0.3927345 0.7537966 0.5268306 0.09956163 0.8410239 0.5317578 -0.2207432 0.8274422 0.5163449 -0.1194592 0.8442476 0.5224707 -0.1194517 0.8442522 0.5224651 0.2151542 0.8166249 0.5355673 0.09956914 0.8410229 0.5317581 -0.2207364 0.8274382 0.5163543 -0.5399716 0.7022115 0.4640364 -0.4400652 0.7564381 0.4838845 -0.4400872 0.7564268 0.483882 -0.1194754 0.84424 0.5224792 -0.2207197 0.8274443 0.5163515 -0.5256068 0.7035665 0.4782591 -0.6774326 0.568313 0.4670177 -0.6464262 0.6199511 0.4447403 -0.5399745 0.7022188 0.4640219 -0.5256364 0.7035517 0.4782484 -0.646438 0.6199506 0.4447239 -0.539976 0.7022103 0.464033 -0.6464465 0.6199385 0.4447284 -0.4400855 0.7564223 0.4838908 -0.6774318 0.5683047 0.4670289 -0.6506537 0.5225924 0.5509509 -0.8233264 0.3884789 0.4137849 -0.8233397 0.3884766 0.4137605 -0.6464399 0.6199411 0.4447343 -0.6774468 0.5682941 0.46702 -0.6506353 0.5225948 0.5509705 -0.4818015 0.2197197 0.8482869 -0.6252195 0.3328841 0.7058958 -0.6251959 0.3328521 0.7059317 -0.8233224 0.3884829 0.4137887 -0.6506366 0.5225912 0.5509723 -0.481778 0.2197206 0.8482999 -0.5633385 -0.2648098 0.78264 -0.5511302 -0.1186071 0.8259467 -0.5511164 -0.1185974 0.8259573 -0.6252002 0.3328759 0.7059168 -0.4817795 0.2197213 0.8482989 -0.563326 -0.2647899 0.782656 -0.5705533 -0.5139268 0.6405843 -0.5666433 -0.4426498 0.6949651 -0.5666508 -0.4426238 0.6949757 -0.5511341 -0.118565 0.8259502 -0.5633218 -0.2648048 0.7826538 -0.5705716 -0.5139197 0.6405737 -0.4557228 -0.552281 0.6980707 -0.488815 -0.5924762 0.6403374 -0.488821 -0.5924693 0.6403391 -0.5666477 -0.4426201 0.6949805 -0.5705704 -0.5139136 0.6405797 -0.4557243 -0.5522632 0.6980837 -0.1585062 -0.5105068 0.8451383 -0.2691054 -0.5782296 0.7702162 -0.2691003 -0.5782321 0.7702162 -0.4888125 -0.5924711 0.640344 -0.4557161 -0.5522692 0.6980844 -0.1584882 -0.5105242 0.8451311 0.2614285 -0.5155708 0.8159915 0.07325559 -0.5215075 0.8500962 0.07325613 -0.521511 0.850094 -0.2691147 -0.5782316 0.7702115 -0.1584889 -0.5105293 0.8451279 0.2614456 -0.5155789 0.8159808 0.5434778 -0.4904462 0.6812448 0.4331533 -0.5003491 0.749686 0.4331554 -0.5003629 0.7496756 0.07328182 -0.5215039 0.8500962 0.2614173 -0.5155633 0.8159998 0.5434925 -0.4904425 0.6812357 0.5554201 -0.4016531 0.7281369 0.5656977 -0.4284238 0.7045844 0.5657116 -0.4283944 0.7045912 0.4331347 -0.5003473 0.749698 0.5434745 -0.4904496 0.681245 0.5554353 -0.4016658 0.7281184 0.5285291 -0.1784149 0.8299549 0.5439444 -0.2667331 0.7955992 0.5439485 -0.2667379 0.7955948 0.565704 -0.428413 0.7045859 0.5554249 -0.4016624 0.7281281 0.5285261 -0.1784066 0.8299586 0.4878264 0.3232791 0.8108736 0.5250866 0.01848977 0.850848 0.5250943 0.01849216 0.8508432 0.5439275 -0.2667295 0.7956119 0.5285372 -0.1784165 0.8299495 2.54486e-5 0 1 5.64849e-5 1.00623e-5 1 1.85341e-6 6.56766e-6 1 -7.7474e-6 2.35413e-6 1 -1.88284e-5 2.01246e-5 1 -1.88284e-5 0 1 -5.16493e-6 2.42732e-6 1 -1.90888e-6 -9.4631e-7 1 7.50329e-5 0 1 -1.88285e-5 -2.01247e-5 1 -1.59042e-5 -3.7372e-6 1 -3.36301e-6 8.33589e-7 1 0 -6.56772e-6 1 -1.81563e-6 -1.1034e-6 1 -1.39621e-5 0 1 3.76568e-5 -1.00623e-5 1 -8.86373e-7 0.1158772 -0.9932636 -0.3472944 -0.273796 -0.896896 -0.6412586 -0.5336922 0.5513257 -0.5977244 -0.4304673 -0.6763309 -0.5977219 -0.4304441 -0.6763479 -0.1489346 -0.1093415 -0.9827833 -0.3178973 0.01827847 -0.947949 -0.3473847 -0.2737331 -0.8968802 -0.5977341 -0.4304597 -0.6763272 -0.3178768 0.01828968 -0.9479557 -0.3179019 0.01825976 -0.9479479 -0.03561037 0.4229926 0.9054332 -0.4372957 0.6678822 0.6022508 -0.3178811 0.01829499 -0.9479541 -0.4373129 0.6678664 0.6022558 -0.2904306 -0.01365548 -0.9567986 -0.2903749 -0.01362711 -0.956816 -0.1939833 0.01556187 -0.9808815 -0.05881267 -0.2119608 -0.975507 -0.05881142 -0.2119961 -0.9754993 5.25176e-6 -0.3583389 -0.9335916 0.1459593 -0.2952263 -0.9442126 -0.2903994 -0.01362913 -0.9568086 -0.05881696 -0.2119718 -0.9755043 0.1459675 -0.2952231 -0.9442124 -0.3178805 0.01828753 -0.9479545 -0.2903794 -0.01361328 -0.9568148 0.145958 -0.2952309 -0.9442113 0.1459673 -0.2951994 -0.9442198 -0.07915061 -0.435612 -0.8966478 0.3570268 -0.1056267 -0.9281028 0.3570308 -0.1056718 -0.9280962 0.1497704 -0.1094622 -0.9826428 0.3889526 -0.1400624 -0.9105484 0.1459742 -0.295218 -0.9442129 0.3570303 -0.1056557 -0.9280982 0.3889393 -0.1400433 -0.910557 -0.3178672 0.01830738 -0.9479585 0.1459786 -0.2952221 -0.9442108 0.3889374 -0.1400653 -0.9105545 -0.3473367 -0.2737465 -0.8968948 -0.3178696 0.01828283 -0.9479582 0.3889272 -0.1400835 -0.910556 0.7491887 -0.5861994 -0.3083611 -0.3473305 -0.273765 -0.8968914 0.3889734 -0.1400551 -0.9105407 0.7491954 -0.5862098 -0.3083251 0.3890838 -0.1401652 -0.9104766 0.4958416 -0.4347114 0.751776 0.6495723 0.1890106 0.7364311 0.292586 0.4948708 0.8182276 0.4488156 0.3912941 0.8034012 0.6495521 0.1890284 0.7364444 0.4487955 0.3912914 0.8034139 0.7098416 0.09116059 0.6984373 0.2925404 0.4948879 0.8182335 0.1660324 0.5653892 0.8079409 0.152918 0.5697127 0.8074921 0.2927423 0.4948337 0.8181942 0.1530913 0.5696939 0.8074725 0.448953 0.3912363 0.8033526 -0.5272316 0.2914764 0.7981656 -0.5870634 0.1656458 0.7924128 -0.5685632 0.2146158 0.7941511 -0.5272259 0.2914824 0.7981673 -0.5685555 0.2146261 0.7941539 -0.5129619 0.3117327 0.799808 0.7303273 0.06013798 0.6804451 0.7689496 -0.03006422 0.6386021 0.7789803 -0.05566829 0.6245724 0.7301827 0.06009888 0.6806038 0.7788323 -0.05566054 0.6247578 0.6505389 0.2011367 0.7323547 0.1112792 0.5813993 0.8059726 -0.05232065 0.57691 0.8151304 0.07595539 0.5772439 0.8130316 0.1114698 0.581386 0.8059559 0.07610982 0.5772428 0.8130179 0.01907014 0.5896593 0.8074269 0.3668851 -0.5108651 0.7774395 0.1660289 -0.5909882 0.7894095 0.3607735 -0.5247011 0.7710586 0.3667039 -0.5109173 0.7774907 0.3606086 -0.5247451 0.7711057 0.1863576 -0.5638222 0.8045964 -0.3838081 0.4203392 0.8221961 -0.5272182 0.291499 0.7981662 -0.5129625 0.3117465 0.7998023 -0.3838807 0.4203268 0.8221685 -0.5130271 0.3117033 0.7997777 -0.2688473 0.4951458 0.8261669 -0.6047472 -0.2501496 0.7561124 -0.5996001 -0.2688074 0.7538053 -0.6030262 -0.2563716 0.7554027 -0.6047452 -0.2500925 0.7561331 -0.6030051 -0.2563504 0.7554268 -0.6051455 -0.2437726 0.7578746 0.5841814 -0.2198656 0.7812753 0.6194767 0.04373294 0.7837959 0.6118611 -0.07440507 0.787458 0.5841906 -0.2198548 0.7812716 0.6118695 -0.07439351 0.7874525 0.575288 -0.2460042 0.7800806 -0.07733589 0.5746328 0.8147493 -0.14655 0.5614858 0.8144059 -0.1515983 0.5600991 0.8144367 -0.07740169 0.5746329 0.814743 -0.1516233 0.5600971 0.8144333 -7.91341e-4 0.5860735 0.8102576 -0.05230742 0.5769119 0.8151298 -0.005682229 0.5893811 0.8078353 -0.09152376 0.5804751 0.8091181 -0.05222642 0.5769149 0.8151329 -0.091448 0.5804707 0.8091299 0.07604932 0.5772551 0.8130148 0.5007871 -0.3546146 0.7895954 0.5841893 -0.2198566 0.781272 0.5752834 -0.2460102 0.7800821 0.5008092 -0.3546161 0.7895807 0.5753166 -0.2459893 0.7800643 0.4389853 -0.4261631 0.7909974 -0.5995903 -0.2688238 0.7538072 -0.6509362 -0.1714577 0.7395163 -0.6259007 -0.2217384 0.7477169 -0.5994439 -0.2688379 0.7539187 -0.6259129 -0.2217142 0.7477138 -0.6029994 -0.256383 0.7554201 0.6049838 -0.6317723 0.4846219 -0.06700992 -0.6098881 0.7896495 0.569954 -0.6462445 0.5074648 0.6049171 -0.6318311 0.4846288 0.5699229 -0.6462336 0.5075138 0.1003946 -0.6372445 0.7640945 -0.00556457 0.5893843 0.8078337 -0.07730734 0.5746353 0.8147502 -6.98552e-4 0.5860745 0.810257 -0.005701303 0.5893737 0.8078405 -7.98986e-4 0.5860667 0.8102625 -0.09153819 0.5804704 0.8091199 0.6104022 0.2494552 0.7517855 0.5738766 0.3077074 0.7589348 0.5939365 0.2756345 0.7558209 0.6104003 0.2494715 0.7517815 0.5939469 0.2756193 0.7558182 0.6106457 0.2430408 0.7536864 0.009243786 0.5865418 0.8098663 0.1113229 0.5813967 0.8059684 0.01892727 0.5896545 0.8074339 0.009067535 0.5865434 0.8098671 0.0187658 0.5896596 0.8074339 0.09648674 0.5749659 0.8124683 0.3098559 0.4008796 0.8621397 -0.94555 -0.2855594 0.156176 -0.92742 -0.3378174 0.1605353 0.4073266 -0.89143 0.1985892 0.3097776 0.400759 0.8622239 0.4225144 -0.8823711 0.2071301 0.3098692 0.4008762 0.8621365 0.247377 -0.9533006 0.1732707 0.0954197 -0.9786062 0.1822776 0.02046269 0.9711166 0.2377267 0.3098925 0.4007894 0.8621684 0.1069161 0.9667043 0.232491 -0.2560001 0.9384423 0.231927 -0.5717119 0.7867903 0.2326083 0.3098902 0.400822 0.8621543 0.9782729 -0.02480792 0.205832 0.9331044 0.3026191 0.1942626 0.3098157 0.400876 0.8621559 0.3098748 0.4007467 0.8621947 -0.7114201 -0.6769125 0.1888673 0.2473214 -0.9533219 0.1732322 0.9127414 -0.3567199 0.1991335 0.3098437 0.4007958 0.8621831 0.7589778 -0.6181596 0.2045274 0.3098157 0.4008025 0.86219 0.615487 0.7515197 0.2374739 0.2692412 0.9344483 0.233057 0.6194785 0.04370552 0.783796 0.6189413 0.1653078 0.7678444 0.6190735 0.161163 0.7686186 0.6194955 0.04372966 0.7837813 0.6190844 0.1611391 0.7686149 0.6118599 -0.07440239 0.787459 0.7689315 -0.03005558 0.6386243 0.6495634 0.1890251 0.7364353 0.7098683 0.09117406 0.6984084 0.7688769 -0.03006559 0.6386896 0.70981 0.09116005 0.6984695 0.7789076 -0.05566799 0.6246631 0.1660853 0.5653828 0.8079344 0.009272277 0.5865497 0.8098603 0.0967462 0.5749389 0.8124564 0.166092 0.5653882 0.8079293 0.09675806 0.5749394 0.8124547 0.1529815 0.5697128 0.8074801 0.1660348 -0.5909762 0.7894172 0.2430509 -0.5519729 0.7976542 0.1131249 -0.5967821 0.7943891 0.1658035 -0.5909882 0.789457 0.1128509 -0.5968135 0.7944044 0.3605549 -0.5247303 0.7711411 -0.1466196 0.5614608 0.8144105 -0.3837932 0.4203342 0.8222055 -0.2688203 0.4951618 0.8261661 -0.1465627 0.5614802 0.8144074 -0.2687904 0.4951586 0.8261779 -0.1515813 0.5601012 0.8144384 0.573906 0.3076801 0.7589235 0.7303288 0.06011295 0.6804457 0.6506875 0.201126 0.7322255 0.5739882 0.3076656 0.7588672 0.6507496 0.2011165 0.7321729 0.5940507 0.2755817 0.7557504 0.2430481 -0.5519826 0.7976484 0.5007786 -0.3546298 0.7895939 0.438954 -0.4261673 0.7910126 0.2430115 -0.5519934 0.797652 0.4389678 -0.4261499 0.7910143 0.1130844 -0.5968035 0.7943787 -0.5870624 0.1656381 0.7924152 -0.6054473 0.1148196 0.7875596 -0.6065487 0.1120968 0.7871042 -0.5870503 0.165661 0.7924194 -0.6065428 0.1121093 0.7871069 -0.5685638 0.2146136 0.7941512 -0.06706947 -0.6098564 0.7896689 -0.1691798 -0.5530959 0.8157593 -0.3432848 -0.4879781 0.8025166 -0.06700795 -0.609884 0.7896527 -0.3432427 -0.4879878 0.8025288 0.5699741 -0.6462005 0.5074982 -0.3986579 -0.448616 0.7998847 0.6049271 -0.6317975 0.4846599 0.1003878 -0.6372439 0.764096 -0.3987143 -0.4485974 0.7998672 0.1003226 -0.6372311 0.7641152 -0.4812598 -0.3914391 0.7843242 -0.5978305 -0.2652134 0.756479 -0.3986544 -0.4486119 0.7998888 -0.4812006 -0.3914588 0.7843507 -0.5978379 -0.2652168 0.7564721 -0.4811857 -0.3914797 0.7843494 -0.6401835 -0.1881439 0.7448268 -0.6509543 -0.1714332 0.7395061 -0.5978217 -0.2652309 0.75648 -0.6401966 -0.1881239 0.7448206 -0.6509808 -0.1714375 0.7394818 -0.6402181 -0.1881237 0.7448021 -0.6259257 -0.2217441 0.7476943 -0.169138 -0.5530781 0.8157801 0.3668566 -0.5108761 0.7774457 0.1865711 -0.5637918 0.8045682 -0.1691724 -0.5530835 0.8157692 0.1865407 -0.5637995 0.80457 -0.3432846 -0.4879899 0.8025096 0.732553 4.80144e-4 0.68071 0.4385691 5.05847e-4 -0.8986974 0.8603667 0.4545215 -0.2306065 0.8603568 0.4545586 -0.2305702 -0.06320518 0.4617666 0.8847467 0.7325544 4.44633e-4 0.6807085 0.4381859 5.49733e-4 -0.8988842 -0.8658353 -7.30411e-4 0.5003286 -0.4051433 0.5962927 -0.6930325 -0.4051047 0.5963161 -0.6930349 0.8584749 0.4565796 -0.2335723 0.4381855 5.05682e-4 -0.8988844 -0.8638838 -7.72259e-4 0.5036908 0.727605 4.34571e-4 0.6859962 -0.0633282 0.4616994 0.884773 -0.06332653 0.4616897 0.8847782 -0.4052703 0.5971145 -0.6922503 -0.8638866 -7.60974e-4 0.5036858 -0.06318604 0.461789 0.8847364 0.8579547 0.4579129 -0.2328728 -0.4053456 0.5982054 -0.6912636 0.2999173 0.9296667 -0.2139379 0.7735422 0.5682255 -0.2806285 -0.5905212 0.6829541 -0.4299519 0.201274 -0.1442255 0.968859 -0.1575912 -0.9721608 0.1734031 -0.5030819 -0.6819338 0.530919 -0.9302111 -0.06497639 -0.3612277 0.3806153 0.1542795 0.9117729 -0.1577007 -0.9721435 0.1734005 0.3805968 0.1542965 0.9117779 -0.1577087 -0.9721378 0.1734246 -0.9302208 -0.06492376 -0.3612123 -0.1576262 -0.9721418 0.1734771 6.61612e-6 9.44734e-6 1 0.04991477 0.03085362 0.9982768 -0.5030421 -0.6819849 0.5308911 -0.1576376 -0.9721484 0.1734304 0.0499159 0.03080576 0.9982782 0.380657 0.1542564 0.9117595 -0.930226 -0.06495696 -0.3611928 0.04992055 0.03082054 0.9982776 0.2012922 -0.144231 0.9688544 0.3806501 0.1542428 0.9117646 0.04986709 0.03082889 0.9982799 6.78003e-6 8.43406e-6 1 0.2013103 -0.1442496 0.9688479 -0.930211 -0.06498306 -0.3612267 -0.5030108 -0.6819807 0.5309262 0.04987823 0.03083091 0.9982793 -0.01194262 0.9187607 0.3946341 -0.1204226 0.9082717 0.4006759 -0.001504719 0.9173744 0.3980225 -0.01195758 0.9187611 0.3946331 -0.00151968 0.9173707 0.3980311 -0.1416106 0.9086337 0.3928501 -0.8458794 -0.3860034 0.3680889 -0.5875331 -0.6796496 0.4391825 -0.6940867 -0.5891235 0.4137357 -0.8458762 -0.3860066 0.3680931 -0.6940855 -0.5891328 0.4137244 -0.8951992 -0.2759907 0.3499252 -0.8577157 -0.3639965 0.3630847 -0.8473953 -0.3866184 0.3639333 -0.852631 -0.3753145 0.3635373 -0.8577148 -0.3639976 0.3630855 -0.8526107 -0.3753595 0.3635384 0.9351367 0.09801489 0.3404594 0.9491055 -0.03633153 0.3128559 0.9499328 -0.06888657 0.3047661 0.9351432 0.09802246 0.3404393 0.9499343 -0.06888377 0.3047622 0.8780634 0.3019158 0.3712836 0.01691204 0.9171304 0.3982285 0.1661105 0.9019796 0.3985474 0.02512377 0.9182989 0.3950898 0.01691579 0.9171274 0.3982351 0.02512711 0.918294 0.395101 0.149415 0.9017157 0.4056895 -0.61264 0.6785319 0.4052984 -0.8066107 0.456391 0.375615 -0.7851624 0.4904312 0.3781499 -0.6126307 0.6785258 0.4053227 -0.7851586 0.4904338 0.3781542 -0.4240668 0.8068574 0.4112768 -0.806622 0.4563742 0.3756111 -0.8905501 0.2578889 0.3747184 -0.8618426 0.3414143 0.3750517 -0.806623 0.4563713 0.3756124 -0.8618431 0.3414114 0.375053 -0.7851739 0.4904104 0.3781529 0.8101005 0.4429986 0.3840434 0.9351363 0.09799551 0.340466 0.8780617 0.3018937 0.3713059 0.8100945 0.4430044 0.3840495 0.8780557 0.3018988 0.3713155 0.8326026 0.4007743 0.3822997 -0.2742454 -0.8464212 0.4564654 -0.2512424 -0.843099 0.4754591 -0.5019366 -0.7397171 0.4481946 -0.2742056 -0.8464341 0.4564654 -0.5019397 -0.739705 0.4482111 0.5098368 -0.798125 0.3210345 0.3499536 -0.8105142 0.46968 0.7216007 -0.5196515 0.4574437 0.6261289 -0.6276843 0.4625744 0.3499581 -0.81051 0.4696839 0.6261371 -0.6276851 0.4625622 0.1595538 -0.8718273 0.463098 0.8843631 0.2771146 0.3756453 0.4434667 0.7879902 0.4270936 0.6656721 0.6140137 0.4241085 0.8843672 0.2771182 0.3756331 0.6656754 0.6140186 0.4240962 0.9261253 0.1366298 0.3516024 -0.1204449 0.9082689 0.4006752 -0.2281054 0.8889057 0.3972591 -0.2320653 0.8877803 0.3974821 -0.1204427 0.9082723 0.400668 -0.2320629 0.8877812 0.3974813 -0.00152409 0.9173734 0.3980248 -0.8905527 0.2578715 0.3747242 -0.9121661 0.1729872 0.371522 -0.8905526 0.2578712 0.3747245 -0.912166 0.1729869 0.3715223 -0.8618512 0.3413988 0.375046 -0.84739 -0.3866305 0.3639327 -0.907701 -0.243398 0.3418135 -0.8779107 -0.3220306 0.3543573 -0.8473891 -0.3866314 0.363934 -0.8779116 -0.3220329 0.354353 -0.8526257 -0.375328 0.363536 -0.9076971 -0.243416 0.3418108 -0.8458681 -0.3860161 0.368102 -0.8951998 -0.2760081 0.3499097 -0.9076929 -0.2434189 0.3418199 -0.8951948 -0.2760103 0.3499209 -0.8779001 -0.3220503 0.354366 0.1660965 0.9019809 0.3985504 -0.08046621 0.9118759 0.4025018 0.1160482 0.9065742 0.4057783 0.1661002 0.9019781 0.3985552 0.116052 0.9065615 0.4058058 0.02511316 0.9182928 0.3951049 0.901217 0.06694155 0.4281668 0.8841396 0.2361391 0.4031569 0.9012283 0.06693845 0.4281435 0.8841399 0.2361384 0.4031567 0.8909633 -0.1095556 0.4406609 0.4434713 0.7880045 0.4270623 0.2533264 0.8789749 0.4040161 0.2295075 0.8864875 0.4018286 0.4434676 0.78801 0.427056 0.2295015 0.8864887 0.4018293 0.6656659 0.6140245 0.4241024 0.2533282 0.878975 0.4040145 0.01689922 0.9171286 0.3982333 0.1493989 0.9017214 0.4056828 0.2533225 0.8789765 0.4040152 0.1493932 0.9017231 0.4056811 0.2295035 0.8864886 0.4018284 0.7215889 -0.519677 0.4574336 0.838118 -0.3200774 0.4417111 0.8201868 -0.3621277 0.4428964 0.721587 -0.5196769 0.4574366 0.8201866 -0.3621289 0.442896 0.6261069 -0.6277024 0.4625797 -0.08045148 0.9118813 0.4024924 -0.01196289 0.9187607 0.394634 -0.1416163 0.9086263 0.3928654 -0.08043903 0.9118842 0.4024884 -0.1416049 0.908633 0.3928538 0.1160743 0.9065599 0.4058027 0.5512249 -0.7744122 0.310543 -0.2742286 -0.8464226 0.4564731 0.509857 -0.7981153 0.3210265 0.5512242 -0.7743969 0.3105823 0.5098505 -0.798124 0.3210152 -0.03734529 -0.8883694 0.4576081 -0.25121 -0.8430998 0.4754747 0.4973993 -0.7394678 0.4536312 0.2484329 -0.8425213 0.4779532 -0.2512144 -0.8430994 0.4754733 0.2484331 -0.8425403 0.4779193 -0.5019508 -0.7396875 0.4482277 0.9491024 -0.03631192 0.3128679 0.8843624 0.2771183 0.3756442 0.9261174 0.136627 0.3516245 0.9491018 -0.03631037 0.3128694 0.9261186 0.1366302 0.3516198 0.9499297 -0.06886559 0.3047803 -0.2280595 0.8889178 0.3972582 -0.612607 0.6785358 0.4053418 -0.4240511 0.8068806 0.4112473 -0.2281079 0.8889056 0.397258 -0.4240561 0.8068845 0.4112344 -0.2320679 0.8877806 0.3974798 0.853159 0.3577301 0.3796696 0.8101094 0.442977 0.3840498 0.8326194 0.4007483 0.3822903 0.85316 0.3577287 0.3796686 0.8326184 0.4007456 0.382295 0.838109 -0.3200998 0.441712 0.9012135 0.06694424 0.4281738 0.8909493 -0.1095502 0.4406904 0.838107 -0.3201015 0.4417146 0.8909562 -0.1095538 0.4406757 0.8201764 -0.3621523 0.4428957 0.4974011 -0.7394669 0.4536309 0.2289838 -0.8582071 0.4593987 0.4899008 -0.7492672 0.4456412 0.4974116 -0.7394764 0.4536037 0.4899023 -0.7492456 0.4456757 0.2484443 -0.8425171 0.4779544 -0.5875154 -0.6796634 0.439185 0.5512133 -0.7744119 0.3105644 -0.03735196 -0.8883573 0.457631 -0.5874938 -0.6796694 0.4392045 -0.0373308 -0.8883664 0.4576151 -0.694089 -0.5891246 0.4137304 0.2289971 -0.8582022 0.4594011 0.3499769 -0.8105159 0.4696597 0.1595678 -0.8718241 0.4630993 0.2289881 -0.858201 0.4594077 0.1595636 -0.8718366 0.4630774 0.4899024 -0.7492522 0.4456644 0.4931716 -0.8126085 -0.3105629 0.1714707 -0.9105489 -0.3761629 0.3809025 -0.8976099 -0.2218328 0.1714664 -0.9105494 -0.3761638 0.4931937 -0.8125947 -0.3105639 0.3188526 -0.8510605 -0.417168 0.1714587 -0.9105515 -0.3761619 0.31885 -0.8510777 -0.4171348 -0.1065876 -0.8688002 -0.4835547 -0.3385839 -0.8447937 -0.4143487 0.1714411 -0.9105517 -0.3761698 -0.1065784 -0.8688052 -0.4835481 -0.3385697 -0.8447852 -0.4143775 -0.1066045 -0.8688012 -0.4835492 -0.3306549 -0.8380271 -0.4340255 -0.3385822 -0.8447877 -0.4143622 -0.3306586 -0.8380253 -0.4340262 -0.6301492 -0.7599644 -0.1592679</float_array>
          <technique_common>
            <accessor source="#spearman_song_Mesh-mesh-normals-array" count="1662" stride="3">
              <param name="X" type="float"/>
              <param name="Y" type="float"/>
              <param name="Z" type="float"/>
            </accessor>
          </technique_common>
        </source>
        <source id="spearman_song_Mesh-mesh-map-0">
          <float_array id="spearman_song_Mesh-mesh-map-0-array" count="3462">0.853557 0.945412 0.866662 0.993366 0.795682 0.989664 0.853557 0.945412 0.881502 0.941711 0.866662 0.993366 0.795881 0.94418 0.795201 0.992445 0.860266 0.992878 0.866662 0.993366 0.860266 0.992878 0.795201 0.992445 0.860266 0.992878 0.881502 0.941711 0.795881 0.94418 0.795682 0.989664 0.795881 0.94418 0.853557 0.945412 0.795682 0.989664 0.795201 0.992445 0.795881 0.94418 0.881502 0.941711 0.860266 0.992878 0.866662 0.993366 0.866662 0.993366 0.795201 0.992445 0.795682 0.989664 0.853608 0.94954 0.795737 0.993793 0.866709 0.997494 0.853608 0.94954 0.866709 0.997494 0.881549 0.945838 0.795937 0.948307 0.860314 0.997005 0.79526 0.996778 0.866709 0.997494 0.79526 0.996778 0.860314 0.997005 0.860314 0.997005 0.795937 0.948307 0.881549 0.945838 0.795737 0.993793 0.853608 0.94954 0.795937 0.948307 0.795737 0.993793 0.795937 0.948307 0.79526 0.996778 0.881549 0.945838 0.866709 0.997494 0.860314 0.997005 0.866709 0.997494 0.795737 0.993793 0.79526 0.996778 0.853608 0.94954 0.881549 0.945838 0.878498 0.91716 0.853608 0.94954 0.878498 0.91716 0.850557 0.920862 0.881549 0.945838 0.795937 0.948307 0.792886 0.919629 0.881549 0.945838 0.792886 0.919629 0.878498 0.91716 0.795881 0.94418 0.881502 0.941711 0.878451 0.913033 0.795881 0.94418 0.878451 0.913033 0.79283 0.915502 0.795937 0.948307 0.853608 0.94954 0.850557 0.920862 0.795937 0.948307 0.850557 0.920862 0.792886 0.919629 0.853557 0.945412 0.795881 0.94418 0.79283 0.915502 0.853557 0.945412 0.79283 0.915502 0.850506 0.916734 0.881502 0.941711 0.853557 0.945412 0.850506 0.916734 0.881502 0.941711 0.850506 0.916734 0.878451 0.913033 0.5358282 0.9007246 0.5355889 0.9867337 0.3534594 0.9953279 0.5358282 0.9007246 0.3534594 0.9953279 0.3650916 0.9103152 0.5345218 0.9886358 0.3487789 0.9948184 0.534173 0.9922972 0.5355889 0.9867337 0.5351826 0.992098 0.3534594 0.9953279 0.3604101 0.9098147 0.3487789 0.9948184 0.5345218 0.9886358 0.3604101 0.9098147 0.5345218 0.9886358 0.5346943 0.9023174 0.3531839 0.9411413 0.3604101 0.9098147 0.5346943 0.9023174 0.3531839 0.9411413 0.5346943 0.9023174 0.5285682 0.9688333 0.3531839 0.9411413 0.5285682 0.9688333 0.534173 0.9922972 0.3531839 0.9411413 0.534173 0.9922972 0.3487789 0.9948184 0.3650916 0.9103152 0.3578664 0.9416458 0.5282838 0.9690517 0.3650916 0.9103152 0.5282838 0.9690517 0.5358282 0.9007246 0.3534594 0.9953279 0.5351826 0.992098 0.5351676 0.9863008 0.3534594 0.9953279 0.5351676 0.9863008 0.5282838 0.9690517 0.3534594 0.9953279 0.5282838 0.9690517 0.3578664 0.9416458 0.157029 0.268328 0.160351 0.19963 0.159832 0.1996309 0.157029 0.268328 0.159832 0.1996309 0.1570039 0.268328 0.160351 0.19963 0.157029 0.268328 0.150071 0.268328 0.110437 0.262732 0.122645 0.266799 0.150046 0.268328 0.110437 0.262732 0.150046 0.268328 0.159832 0.1996309 0.07099795 0.202139 0.160351 0.19963 0.112237 0.262823 0.07099795 0.202139 0.112237 0.262823 0.06147098 0.2318099 0.112237 0.262823 0.160351 0.19963 0.150071 0.268328 0.112237 0.262823 0.150071 0.268328 0.123371 0.266928 0.159832 0.1996309 0.05471295 0.2021349 0.06111997 0.202134 0.05471295 0.2021349 0.159832 0.1996309 0.160351 0.19963 0.05471295 0.2021349 0.160351 0.19963 0.07099795 0.202139 0.05980896 0.2318099 0.110437 0.262732 0.159832 0.1996309 0.05980896 0.2318099 0.159832 0.1996309 0.06111997 0.202134 0.05471295 0.2021349 0.07099795 0.202139 0.06147098 0.2318099 0.110437 0.262732 0.05980896 0.2318099 0.06147098 0.2318099 0.110437 0.262732 0.06147098 0.2318099 0.112237 0.262823 0.03640997 0.204864 0.03905498 0.215111 0.01212596 0.2158179 0.03640997 0.204864 0.01212596 0.2158179 0.009154975 0.2041559 0.05980896 0.2318099 0.01212596 0.2158179 0.03905498 0.215111 0.05980896 0.2318099 0.03905498 0.215111 0.06147098 0.2318099 0.06111997 0.202134 0.05471295 0.2021349 0.03640997 0.204864 0.03640997 0.204864 0.009154975 0.2041559 0.01905095 0.201891 0.03640997 0.204864 0.01905095 0.201891 0.06111997 0.202134 0.06147098 0.2318099 0.03905498 0.215111 0.03640997 0.204864 0.06147098 0.2318099 0.03640997 0.204864 0.05471295 0.2021349 0.06111997 0.202134 0.01905095 0.201891 0.01212596 0.2158179 0.06111997 0.202134 0.01212596 0.2158179 0.05980896 0.2318099 0.110437 0.262732 0.112237 0.262823 0.123371 0.266928 0.110437 0.262732 0.123371 0.266928 0.122645 0.266799 0.150046 0.268328 0.1570039 0.268328 0.159832 0.1996309 0.01212596 0.2158179 0.01905095 0.201891 0.009154975 0.2041559 0.159748 0.26838 0.160351 0.19963 0.159832 0.1996309 0.159748 0.26838 0.159832 0.1996309 0.159713 0.26838 0.160351 0.19963 0.159748 0.26838 0.150348 0.26838 0.110437 0.262732 0.114031 0.266421 0.150314 0.26838 0.110437 0.262732 0.150314 0.26838 0.159832 0.1996309 0.07099795 0.202139 0.160351 0.19963 0.112237 0.262823 0.07099795 0.202139 0.112237 0.262823 0.06147098 0.2318099 0.112237 0.262823 0.160351 0.19963 0.150348 0.26838 0.112237 0.262823 0.150348 0.26838 0.115012 0.266595 0.159832 0.1996309 0.05471295 0.2021349 0.06111997 0.202134 0.05471295 0.2021349 0.159832 0.1996309 0.160351 0.19963 0.05471295 0.2021349 0.160351 0.19963 0.07099795 0.202139 0.05980896 0.2318099 0.110437 0.262732 0.159832 0.1996309 0.05980896 0.2318099 0.159832 0.1996309 0.06111997 0.202134 0.05471295 0.2021349 0.07099795 0.202139 0.06147098 0.2318099 0.110437 0.262732 0.05980896 0.2318099 0.06147098 0.2318099 0.110437 0.262732 0.06147098 0.2318099 0.112237 0.262823 0.03640997 0.2048649 0.03905498 0.215111 0.01212596 0.2158179 0.03640997 0.2048649 0.01212596 0.2158179 0.009154975 0.2041559 0.05980896 0.2318099 0.01212596 0.2158179 0.03905498 0.215111 0.05980896 0.2318099 0.03905498 0.215111 0.06147098 0.2318099 0.06111997 0.202134 0.05471295 0.2021349 0.03640997 0.2048649 0.03640997 0.2048649 0.009154975 0.2041559 0.01905095 0.201891 0.03640997 0.2048649 0.01905095 0.201891 0.06111997 0.202134 0.06147098 0.2318099 0.03905498 0.215111 0.03640997 0.2048649 0.06147098 0.2318099 0.03640997 0.2048649 0.05471295 0.2021349 0.06111997 0.202134 0.01905095 0.201891 0.01212596 0.2158179 0.06111997 0.202134 0.01212596 0.2158179 0.05980896 0.2318099 0.110437 0.262732 0.112237 0.262823 0.115012 0.266595 0.110437 0.262732 0.115012 0.266595 0.114031 0.266421 0.150314 0.26838 0.159713 0.26838 0.159832 0.1996309 0.01212596 0.2158179 0.01905095 0.201891 0.009154975 0.2041559 0.6412015 0.958318 0.3437593 0.9516683 0.3436037 0.9247184 0.6309238 0.9576242 0.3444737 0.9534646 0.3443815 0.9369615 0.6309238 0.9576242 0.3443815 0.9369615 0.6558363 0.9273489 0.6593714 0.9894357 0.3447226 0.996557 0.3446192 0.9786639 0.6593714 0.9894357 0.3446192 0.9786639 0.6309238 0.9576242 0.6558363 0.9273489 0.3442689 0.9181469 0.347607 0.9811037 0.6558363 0.9273489 0.347607 0.9811037 0.6621054 0.9588344 0.671215 0.9221128 0.3434923 0.9053986 0.3464608 0.9222868 0.671215 0.9221128 0.3464608 0.9222868 0.6746829 0.9566732 0.6621054 0.9588344 0.347607 0.9811037 0.3447226 0.996557 0.6621054 0.9588344 0.3447226 0.996557 0.6593714 0.9894357 0.3446192 0.9786639 0.3444737 0.9534646 0.6309238 0.9576242 0.3438597 0.9694454 0.3437593 0.9516683 0.6412015 0.958318 0.3438597 0.9694454 0.6412015 0.958318 0.6681634 0.991876 0.3443815 0.9369615 0.3442689 0.9181469 0.6558363 0.9273489 0.3439729 0.9885783 0.3438597 0.9694454 0.6681634 0.991876 0.3436037 0.9247184 0.3434923 0.9053986 0.671215 0.9221128 0.3436037 0.9247184 0.671215 0.9221128 0.6412015 0.958318 0.3464608 0.9222868 0.3439729 0.9885783 0.6681634 0.991876 0.3464608 0.9222868 0.6681634 0.991876 0.6746829 0.9566732 0.4073172 0.3846954 0.3523592 0.3843814 0.466763 0.471016 0.283825 0.4698171 0.466763 0.471016 0.3523592 0.3843814 0.07977515 0.3942674 0.01594519 0.3952714 0.01807296 0.474748 0.01807296 0.474748 0.206474 0.472821 0.07977515 0.3942674 0.2381272 0.3924674 0.1587262 0.3943983 0.206474 0.472821 0.206474 0.472821 0.1201061 0.3463177 0.07977515 0.3942674 0.1201061 0.3463177 0.206474 0.472821 0.1587262 0.3943983 0.2363212 0.3944184 0.2835582 0.3919524 0.204753 0.472088 0.204753 0.472088 0.2835582 0.3919524 0.283895 0.469926 0.283624 0.470083 0.2863442 0.3905054 0.205869 0.471439 0.205869 0.471439 0.2863442 0.3905054 0.2391052 0.3929864 0.3523592 0.3843814 0.2848102 0.3910394 0.283825 0.4698171 0.466763 0.471016 0.4709702 0.3908724 0.4073172 0.3846954 0.01594519 0.3952714 0.05694806 0.3238427 0.009796082 0.3229727 0.05694806 0.3238427 0.01594519 0.3952714 0.07977515 0.3942674 0.1587262 0.3943983 0.2477891 0.3245837 0.176097 0.3240488 0.2477891 0.3245837 0.1587262 0.3943983 0.2381272 0.3924674 0.07977515 0.3942674 0.1202421 0.3239488 0.05694806 0.3238427 0.1202421 0.3239488 0.07977515 0.3942674 0.1201061 0.3463177 0.1201061 0.3463177 0.176097 0.3240488 0.120128 0.3225228 0.176097 0.3240488 0.1201061 0.3463177 0.1587262 0.3943983 0.3523592 0.3843814 0.4242521 0.3223248 0.3333891 0.3241537 0.4242521 0.3223248 0.3523592 0.3843814 0.4073172 0.3846954 0.2835582 0.3919524 0.24485 0.3239207 0.2753581 0.3239927 0.24485 0.3239207 0.2835582 0.3919524 0.2363212 0.3944184 0.2391052 0.3929864 0.2781381 0.3234317 0.2476321 0.3233177 0.2781381 0.3234317 0.2391052 0.3929864 0.2863442 0.3905054 0.2848102 0.3910394 0.3333891 0.3241537 0.2790151 0.3242847 0.3333891 0.3241537 0.2848102 0.3910394 0.3523592 0.3843814 0.4073172 0.3846954 0.4784861 0.3232337 0.4242521 0.3223248 0.4784861 0.3232337 0.4073172 0.3846954 0.4709702 0.3908724 0.0128448 0.3239623 0.05694806 0.2858629 0.009796082 0.2849929 0.05694806 0.2858629 0.0128448 0.3239623 0.07667481 0.3229584 0.1556258 0.3230894 0.2477891 0.2866039 0.176097 0.2860689 0.2477891 0.2866039 0.1556258 0.3230894 0.2350268 0.3211583 0.07667481 0.3229584 0.1202421 0.2859689 0.05694806 0.2858629 0.1202421 0.2859689 0.07667481 0.3229584 0.1201061 0.3083379 0.3492588 0.3130723 0.4242521 0.2843449 0.3333891 0.2861739 0.4242521 0.2843449 0.3492588 0.3130723 0.4042168 0.3133863 0.2804578 0.3206433 0.24485 0.2859409 0.2753581 0.2860129 0.24485 0.2859409 0.2804578 0.3206433 0.2332208 0.3231093 0.2360048 0.3216773 0.2781381 0.2854519 0.2476321 0.2853379 0.2781381 0.2854519 0.2360048 0.3216773 0.2832438 0.3191964 0.2817098 0.3197303 0.3333891 0.2861739 0.2790151 0.2863048 0.3333891 0.2861739 0.2817098 0.3197303 0.3492588 0.3130723 0.4042168 0.3133863 0.4784861 0.2852539 0.4242521 0.2843449 0.4784861 0.2852539 0.4042168 0.3133863 0.4678698 0.3195633 0.472887 0.642867 0.419724 0.647207 0.45708 0.591251 0.01279896 0.602717 0.09969896 0.669829 0.01162099 0.682382 0.100507 0.670409 0.100039 0.687849 0.009944975 0.682525 0.863927 0.1518149 0.896534 0.1828559 0.864734 0.2103649 0.898006 0.183068 0.88788 0.164901 0.898005 0.183068 0.898005 0.183068 0.887224 0.1654549 0.864734 0.2103649 0.996486 -0.532043 0.996532 -0.532131 0.99466 -0.533778 0.880058 0.01696497 0.911453 0.01696801 0.917156 0.002188026 0.917156 0.002188026 0.911453 0.01696801 0.929722 0.04129898 0.880058 0.01696497 0.917156 0.002188026 0.878173 0.002484977 0.878173 0.002484977 0.863787 0.03824901 0.880058 0.01696497 0.28002 0.470094 0.200785 0.468265 0.195073 0.597222 0.292494 0.596345 0.28002 0.470094 0.195073 0.597222 0.2038249 0.470639 0.280631 0.470098 0.197735 0.59968 0.197735 0.59968 0.280631 0.470098 0.294397 0.594362 0.419724 0.647207 0.329528 0.646723 0.295354 0.592627 0.295354 0.592627 0.45708 0.591251 0.419724 0.647207 0.461104 0.468875 0.45708 0.591251 0.295354 0.592627 0.461104 0.468875 0.295354 0.592627 0.281168 0.469594 0.01279896 0.602717 0.102334 0.597892 0.09969896 0.669829 0.201808 0.472831 0.19569 0.597023 0.103259 0.597295 0.01466697 0.603757 0.01830196 0.473768 0.103259 0.597295 0.898006 0.183068 0.926261 0.183364 0.911453 0.01696801 0.911453 0.01696801 0.926261 0.183364 0.929722 0.04129898 0.929722 0.04129898 0.926261 0.183364 0.896534 0.1828559 0.929722 0.04129898 0.896534 0.1828559 0.863787 0.03824901 0.896534 0.1828559 0.863927 0.1518149 0.863787 0.03824901 0.880058 0.01696497 0.898006 0.183068 0.911453 0.01696801 0.881614 0.1550289 0.880027 0.01695597 0.898003 0.183007 0.86388 0.143383 0.864513 0.2182459 0.89657 0.181141 0.898003 0.183007 0.864513 0.2182459 0.881614 0.1550289 0.880027 0.01695597 0.917148 0.002462029 0.911465 0.01696199 0.917148 0.002462029 0.930579 0.04170399 0.911465 0.01696199 0.877591 0.002741992 0.917148 0.002462029 0.880027 0.01695597 0.880027 0.01695597 0.864176 0.03723001 0.877591 0.002741992 0.898003 0.183007 0.911465 0.01696199 0.926237 0.18417 0.911465 0.01696199 0.930579 0.04170399 0.926237 0.18417 0.930579 0.04170399 0.89657 0.181141 0.926237 0.18417 0.930579 0.04170399 0.864176 0.03723001 0.89657 0.181141 0.89657 0.181141 0.864176 0.03723001 0.86388 0.143383 0.880027 0.01695597 0.911465 0.01696199 0.898003 0.183007 0.197227 0.599527 0.202666 0.683043 0.09969896 0.669829 0.100507 0.670409 0.202571 0.683341 0.100039 0.687849 0.275449 0.640572 0.295354 0.592627 0.329528 0.646723 0.103259 0.597295 0.01830196 0.473768 0.201808 0.472831 0.102334 0.597892 0.197227 0.599527 0.09969896 0.669829 0.328543 0.647593 0.257048 0.698804 0.378743 0.682048 0.326271 0.648117 0.418781 0.647593 0.378214 0.680297 0.254626 0.698673 0.275449 0.640572 0.329528 0.646723 0.326271 0.648117 0.378214 0.680297 0.254495 0.698493 0.274437 0.642867 0.257668 0.698673 0.3276 0.647207 0.864513 0.2182459 0.862876 0.3289811 0.89657 0.181141 0.89657 0.181141 0.862876 0.3289811 0.928863 0.327814 0.89657 0.181141 0.928863 0.327814 0.926237 0.18417 0.896534 0.1828559 0.926261 0.183364 0.928877 0.327358 0.896534 0.1828559 0.928877 0.327358 0.862885 0.328641 0.926237 0.18417 0.928863 0.327814 0.899358 0.327713 0.926237 0.18417 0.899358 0.327713 0.898003 0.183007 0.898006 0.183068 0.898005 0.183068 0.864734 0.2103649 0.864734 0.2103649 0.862885 0.328641 0.899362 0.327584 0.864734 0.2103649 0.899362 0.327584 0.898006 0.183068 0.864513 0.2182459 0.898003 0.183007 0.899358 0.327713 0.864513 0.2182459 0.899358 0.327713 0.862876 0.3289811 0.928877 0.327358 0.926261 0.183364 0.898006 0.183068 0.928877 0.327358 0.898006 0.183068 0.899362 0.327584 0.864734 0.2103649 0.896534 0.1828559 0.862885 0.328641 0.863927 0.1518149 0.887882 0.1649019 0.880058 0.01696497 0.863927 0.1518149 0.880058 0.01696497 0.863787 0.03824901 0.864734 0.2103649 0.887224 0.1654549 0.863927 0.1518149 0.881614 0.1550289 0.864513 0.2182459 0.86388 0.143383 0.880058 0.01696497 0.887882 0.1649019 0.898006 0.183068 0.880027 0.01695597 0.881614 0.1550289 0.86388 0.143383 0.880027 0.01695597 0.86388 0.143383 0.864176 0.03723001 0.1201061 0.3083379 0.176097 0.2860689 0.120128 0.2845429 0.176097 0.2860689 0.1201061 0.3083379 0.1556258 0.3230894 0.43342 0.01315701 0.478879 0.135522 0.480746 0.01207 0.478879 0.135522 0.43342 0.01315701 0.438338 0.1384649 0.479908 0.1340569 0.430369 0.01502001 0.478042 0.01060497 0.430369 0.01502001 0.479908 0.1340569 0.443557 0.1416609 0.438338 0.1384649 0.47822 0.1482219 0.478879 0.135522 0.443557 0.1416609 0.479908 0.1340569 0.480567 0.146757 0.455917 0.145892 0.470185 0.1759819 0.478971 0.135874 0.470185 0.1759819 0.45535 0.2022349 0.476178 0.212858 0.848981 0.32238 0.856157 0.275806 0.584551 0.276951 0.584551 0.276951 0.573408 0.324182 0.848981 0.32238 0.585132 0.279774 0.856714 0.277406 0.849986 0.324822 0.849986 0.324822 0.57188 0.324733 0.585132 0.279774 0.573408 0.324182 0.584551 0.276951 0.555658 0.275058 0.555658 0.275058 0.557981 0.323322 0.573408 0.324182 0.57188 0.324733 0.557208 0.279147 0.585132 0.279774 0.523918 0.324342 0.557981 0.323322 0.555658 0.275058 0.555658 0.275058 0.489215 0.274879 0.523918 0.324342 0.557208 0.279147 0.57188 0.324733 0.524982 0.324058 0.524982 0.324058 0.490765 0.275257 0.557208 0.279147 0.478042 0.01060497 0.430369 0.01502001 0.477329 0.01062601 0.455917 0.145892 0.478971 0.135874 0.470565 0.136178 0.43342 0.01315701 0.480746 0.01207 0.481459 0.01209098 0.455917 0.145892 0.470185 0.1759819 0.45535 0.2022349 0.455917 0.145892 0.45535 0.2022349 0.439944 0.174134 0.647007 0.790941 0.647114 0.791002 0.681707 0.78024 0.647007 0.790941 0.681707 0.78024 0.681681 0.780225 0.647114 0.791002 0.646898 0.755219 0.681653 0.771378 0.681653 0.771378 0.681707 0.78024 0.647114 0.791002 0.646898 0.755219 0.647007 0.790941 0.681681 0.780225 0.681681 0.780225 0.681653 0.771378 0.646898 0.755219 0.357721 0.527743 0.357202 0.490524 0.336549 0.496247 0.336549 0.496247 0.337002 0.526266 0.357721 0.527743 0.357202 0.490524 0.199275 0.509068 0.232052 0.512681 0.232052 0.512681 0.336549 0.496247 0.357202 0.490524 0.199275 0.509068 0.357721 0.527743 0.337002 0.526266 0.337002 0.526266 0.232052 0.512681 0.199275 0.509068 0.556073 0.774861 0.556075 0.774969 0.556074 0.774969 0.647114 0.791002 0.647007 0.790941 0.556074 0.774969 0.556074 0.774969 0.556075 0.774969 0.647114 0.791002 0.647007 0.790941 0.646898 0.755219 0.556073 0.774861 0.647007 0.790941 0.556073 0.774861 0.556074 0.774969 0.646898 0.755219 0.647114 0.791002 0.556075 0.774969 0.556075 0.774969 0.556073 0.774861 0.646898 0.755219 0.620252 0.782952 0.638841 0.768659 0.638232 0.768659 0.620252 0.782952 0.599033 0.768659 0.59737 0.768659 0.63039 0.768659 0.620252 0.782952 0.628185 0.768659 0.599033 0.768659 0.620252 0.782952 0.60284 0.768733 0.616795 0.768659 0.610532 0.768659 0.620252 0.782952 0.310139 0.842976 0.31027 0.842954 0.310278 0.836288 0.31026 0.850575 0.31027 0.842954 0.310139 0.842976 0.607166 0.768659 0.60284 0.768733 0.620252 0.782952 0.620252 0.782952 0.643984 0.768659 0.64608 0.768659 0.310251 0.858315 0.31025 0.859064 0.310249 0.859179 0.310214 0.887771 0.310213 0.88878 0.31021 0.891367 0.59737 0.768659 0.601231 0.768659 0.620252 0.782952 0.310214 0.887771 0.31021 0.891367 0.310214 0.887495 0.620252 0.782952 0.638297 0.768659 0.6383 0.768659 0.620252 0.782952 0.625613 0.768659 0.623846 0.768659 0.620252 0.782952 0.613811 0.768659 0.62647 0.768659 0.620252 0.782952 0.6383 0.768659 0.635346 0.768659 0.620252 0.782952 0.631629 0.768659 0.625613 0.768659 0.321311 0.913595 0.322644 0.904389 0.333232 0.901929 0.189167 0.785229 0.219412 0.874885 0.261713 0.88039 0.189167 0.785229 0.261713 0.88039 0.325533 0.874107 0.325533 0.874107 0.315201 0.746453 0.189167 0.785229 0.189188 0.785231 0.315218 0.746453 0.325545 0.874088 0.189188 0.785231 0.325545 0.874088 0.266297 0.879638 0.189188 0.785231 0.266297 0.879638 0.219034 0.87495 0.189188 0.785231 0.219034 0.87495 0.1988109 0.878281 0.620252 0.782952 0.603554 0.768659 0.61008 0.768659 0.613811 0.768659 0.620252 0.782952 0.612065 0.768659 0.189167 0.785229 0.315201 0.746453 0.259636 0.706278 0.189188 0.785231 0.259645 0.706278 0.315218 0.746453 0.193792 1.000735 0.198791 0.932274 0.216427 0.943706 0.216427 0.943706 0.218881 0.994905 0.193792 1.000735 0.320322 0.875491 0.324362 0.846238 0.324754 0.875497 0.26184 0.880692 0.259815 0.922588 0.216515 0.917985 0.26184 0.880692 0.216515 0.917985 0.218646 0.868709 0.216427 0.943706 0.198791 0.932274 0.258704 0.932691 0.258704 0.932691 0.258715 0.942171 0.216427 0.943706 0.258704 0.932691 0.198791 0.932274 0.216515 0.917985 0.216515 0.917985 0.259815 0.922588 0.258704 0.932691 0.258715 0.942171 0.257 0.984433 0.218881 0.994905 0.218881 0.994905 0.216427 0.943706 0.258715 0.942171 0.198791 0.932274 0.197863 0.862944 0.218646 0.868709 0.218646 0.868709 0.216515 0.917985 0.198791 0.932274 0.329122 0.86706 0.329591 0.862796 0.32937 0.86707 0.258704 0.932691 0.259294 0.932716 0.258715 0.942171 0.322644 0.904389 0.320322 0.875491 0.324754 0.875497 0.357864 0.890801 0.357895 0.867138 0.357928 0.842743 0.638841 0.768659 0.620252 0.782952 0.645688 0.768659 0.189167 0.785229 0.259636 0.706278 0.190542 0.707136 0.357864 0.890801 0.357928 0.842743 0.352632 0.832717 0.315218 0.746453 0.259645 0.706278 0.259636 0.706278 0.314411 0.851315 0.311735 0.998506 0.32681 0.988948 0.259645 0.706278 0.189188 0.785231 0.19055 0.707136 0.19055 0.707136 0.190542 0.707136 0.259636 0.706278 0.259636 0.706278 0.259645 0.706278 0.19055 0.707136 0.616795 0.768659 0.620252 0.782952 0.618733 0.768659 0.620252 0.782952 0.638232 0.768659 0.638297 0.768659 0.603316 0.768659 0.620252 0.782952 0.601231 0.768659 0.620252 0.782952 0.63039 0.768659 0.639763 0.768659 0.620252 0.782952 0.621378 0.768659 0.618733 0.768659 0.161511 0.239273 0.162383 0.2481139 0.11019 0.232719 0.11019 0.232719 0.11009 0.222473 0.161511 0.239273 0.162383 0.2481139 0.164547 0.261028 0.110375 0.251502 0.110375 0.251502 0.11019 0.232719 0.162383 0.2481139 0.110512 0.265444 0.110375 0.251502 0.164547 0.261028 0.164547 0.261028 0.168479 0.263444 0.110512 0.265444 0.168479 0.263444 0.1693339 0.268544 0.110585 0.272862 0.110585 0.272862 0.110512 0.265444 0.168479 0.263444 0.1693339 0.268544 0.1693339 0.268544 0.110585 0.272862 0.110585 0.272862 0.110585 0.272862 0.1693339 0.268544 0.1693339 0.268544 0.168479 0.263444 0.110512 0.265444 0.110512 0.265444 0.110585 0.272862 0.1693339 0.268544 0.165178 0.264792 0.164547 0.261028 0.110375 0.251502 0.168479 0.263444 0.165178 0.264792 0.110375 0.251502 0.168479 0.263444 0.110375 0.251502 0.110512 0.265444 0.164547 0.261028 0.162383 0.2481139 0.110191 0.232719 0.110191 0.232719 0.110375 0.251502 0.164547 0.261028 0.162383 0.2481139 0.161511 0.239273 0.11009 0.222472 0.11009 0.222472 0.110191 0.232719 0.162383 0.2481139 0.161511 0.239273 0.158166 0.2193149 0.10988 0.2011129 0.10988 0.2011129 0.11009 0.222472 0.161511 0.239273 0.158166 0.2193149 0.155225 0.2017639 0.109695 0.18233 0.109695 0.18233 0.10988 0.2011129 0.158166 0.2193149 0.155225 0.2017639 0.153042 0.1887379 0.109558 0.168388 0.109558 0.168388 0.109695 0.18233 0.155225 0.2017639 0.153042 0.1887379 0.15188 0.1818059 0.109485 0.1609699 0.109485 0.1609699 0.109558 0.168388 0.153042 0.1887379 0.15188 0.1818059 0.15188 0.1818059 0.109485 0.1609699 0.109485 0.1609699 0.109485 0.1609699 0.15188 0.1818059 0.15188 0.1818059 0.153041 0.1887379 0.109558 0.168388 0.109558 0.168388 0.109485 0.1609699 0.15188 0.1818059 0.153041 0.1887379 0.155225 0.2017639 0.109695 0.18233 0.109695 0.18233 0.109558 0.168388 0.153041 0.1887379 0.155225 0.2017639 0.158166 0.2193149 0.10988 0.2011129 0.10988 0.2011129 0.109695 0.18233 0.155225 0.2017639 0.158166 0.2193149 0.161511 0.239273 0.11009 0.222473 0.11009 0.222473 0.10988 0.2011129 0.158166 0.2193149 0.30996 0.835451 0.309963 0.832835 0.30996 0.835451 0.30996 0.835451 0.309951 0.842981 0.309937 0.85452 0.309937 0.85452 0.309919 0.868673 0.309901 0.883735 0.30996 0.835451 0.309937 0.85452 0.309901 0.883735 0.309901 0.883735 0.309883 0.897887 0.309869 0.909425 0.03976798 0.220862 0.06163698 0.2043679 0.08837699 0.194692 0.04203498 0.268657 0.03976798 0.220862 0.08837699 0.194692 0.09430897 0.268591 0.04203498 0.268657 0.08837699 0.194692 0.08837699 0.194692 0.102423 0.1959599 0.129032 0.202461 0.309869 0.909425 0.309883 0.897887 0.309901 0.883735 0.08837699 0.194692 0.129032 0.202461 0.164682 0.2360029 0.09430897 0.268591 0.08837699 0.194692 0.164682 0.2360029 0.309901 0.883735 0.309919 0.868673 0.309937 0.85452 0.30996 0.835451 0.309901 0.883735 0.309937 0.85452 0.30996 0.835451 0.30996 0.835451 0.309937 0.85452 0.309951 0.842981 0.30996 0.835451 0.309937 0.85452 0.33126 0.909856 0.331348 0.8882 0.331376 0.865154 0.263242 0.598057 0.234902 0.598136 0.211799 0.598286 0.211799 0.598286 0.196719 0.598487 0.191482 0.598717 0.263242 0.598057 0.211799 0.598286 0.191482 0.598717 0.191482 0.598717 0.196719 0.598827 0.211799 0.599029 0.191482 0.598717 0.211799 0.599029 0.220869 0.599088 0.220869 0.599088 0.234902 0.599179 0.263242 0.599259 0.263242 0.599259 0.293401 0.59926 0.32174 0.59918 0.220869 0.599088 0.263242 0.599259 0.32174 0.59918 0.191482 0.598717 0.220869 0.599088 0.32174 0.59918 0.32174 0.59918 0.344843 0.59903 0.346556 0.601259 0.346556 0.601259 0.351793 0.601149 0.346556 0.600919 0.32174 0.59918 0.346556 0.601259 0.346556 0.600919 0.191482 0.598717 0.32174 0.59918 0.346556 0.600919 0.263242 0.598057 0.191482 0.598717 0.346556 0.600919 0.32174 0.598137 0.263242 0.598057 0.346556 0.600919 0.32174 0.598137 0.346556 0.600919 0.344843 0.598287 0.08028 0.208781 0.079701 0.1895499 0.01392799 0.256967 0.08028 0.208781 0.01392799 0.256967 0.01403695 0.260592 0.079701 0.1895499 0.07961797 0.186792 0.01391196 0.256447 0.079701 0.1895499 0.01391196 0.256447 0.01392799 0.256967 0.08004695 0.2089679 0.08100396 0.232837 0.01417398 0.265127 0.08004695 0.2089679 0.01417398 0.265127 0.01399499 0.260627 0.08041697 0.213333 0.08035796 0.211367 0.01405197 0.261079 0.08041697 0.213333 0.01405197 0.261079 0.014063 0.26145 0.07945299 0.181324 0.07936996 0.178564 0.01386499 0.254896 0.07945299 0.181324 0.01386499 0.254896 0.01388096 0.255416 0.07951098 0.1832529 0.07970696 0.1897419 0.01394599 0.257573 0.07951098 0.1832529 0.01394599 0.257573 0.01390898 0.256349 0.07966798 0.188461 0.08004695 0.2089679 0.01399499 0.260627 0.07966798 0.188461 0.01399499 0.260627 0.01392197 0.256761 0.082183 0.271987 0.081299 0.2426289 0.01424598 0.267542 0.082183 0.271987 0.01424598 0.267542 0.01441299 0.273076 0.08116996 0.2383559 0.08179599 0.259172 0.01433998 0.270661 0.08116996 0.2383559 0.01433998 0.270661 0.01422196 0.266737 0.07942396 0.1803479 0.07958596 0.185727 0.013906 0.256246 0.07942396 0.1803479 0.013906 0.256246 0.01387596 0.255232 0.07936996 0.178564 0.07944798 0.18114 0.01387995 0.255381 0.07936996 0.178564 0.01387995 0.255381 0.01386499 0.254896 0.080356 0.2113209 0.08116996 0.2383559 0.01422196 0.266737 0.080356 0.2113209 0.01422196 0.266737 0.01406896 0.26164 0.081299 0.2426289 0.08086997 0.228389 0.01416498 0.264858 0.081299 0.2426289 0.01416498 0.264858 0.01424598 0.267542 0.07963097 0.1871979 0.07971298 0.1899369 0.01394695 0.257609 0.07963097 0.1871979 0.01394695 0.257609 0.01393198 0.257093 0.07944798 0.18114 0.07942396 0.1803479 0.01387596 0.255232 0.07944798 0.18114 0.01387596 0.255232 0.01387995 0.255381 0.08209896 0.269214 0.080513 0.2165229 0.014081 0.262051 0.08209896 0.269214 0.014081 0.262051 0.01437997 0.271984 0.07943201 0.1806169 0.07945299 0.181324 0.01388096 0.255416 0.07943201 0.1806169 0.01388096 0.255416 0.01387697 0.255283 0.620252 0.782952 0.603316 0.768659 0.603554 0.768659 0.628185 0.768659 0.620252 0.782952 0.62647 0.768659 0.620252 0.782952 0.611573 0.768659 0.612065 0.768659 0.621378 0.768659 0.620252 0.782952 0.623846 0.768659 0.610532 0.768659 0.607166 0.768659 0.620252 0.782952 0.64608 0.768659 0.645688 0.768659 0.620252 0.782952 0.620252 0.782952 0.61008 0.768659 0.611573 0.768659 0.643984 0.768659 0.620252 0.782952 0.639763 0.768659 0.620252 0.782952 0.635346 0.768659 0.631629 0.768659 0.08179599 0.259172 0.08193898 0.263905 0.01436698 0.271553 0.08179599 0.259172 0.01436698 0.271553 0.01433998 0.270661 0.08035796 0.211367 0.08028 0.208781 0.01403695 0.260592 0.08035796 0.211367 0.01403695 0.260592 0.01405197 0.261079 0.07961797 0.186792 0.07943201 0.1806169 0.01387697 0.255283 0.07961797 0.186792 0.01387697 0.255283 0.01391196 0.256447 0.07970696 0.1897419 0.07969999 0.189507 0.01394498 0.257528 0.07970696 0.1897419 0.01394498 0.257528 0.01394599 0.257573 0.07958596 0.185727 0.07966798 0.188461 0.01392197 0.256761 0.07958596 0.185727 0.01392197 0.256761 0.013906 0.256246 0.080513 0.2165229 0.08041697 0.213333 0.014063 0.26145 0.080513 0.2165229 0.014063 0.26145 0.014081 0.262051 0.07969999 0.189507 0.080356 0.2113209 0.01406896 0.26164 0.07969999 0.189507 0.01406896 0.26164 0.01394498 0.257528 0.08100396 0.232837 0.08185595 0.261132 0.01433396 0.27046 0.08100396 0.232837 0.01433396 0.27046 0.01417398 0.265127 0.07971298 0.1899369 0.079512 0.1832749 0.01390898 0.256353 0.07971298 0.1899369 0.01390898 0.256353 0.01394695 0.257609 0.07972097 0.190207 0.07963097 0.1871979 0.01393198 0.257093 0.07972097 0.190207 0.01393198 0.257093 0.01394897 0.25766 0.08073896 0.224017 0.07972097 0.190207 0.01394897 0.25766 0.08073896 0.224017 0.01394897 0.25766 0.01414096 0.264034 0.08086997 0.228389 0.08073896 0.224017 0.01414096 0.264034 0.08086997 0.228389 0.01414096 0.264034 0.01416498 0.264858 0.079512 0.1832749 0.07951098 0.1832529 0.01390898 0.256349 0.079512 0.1832749 0.01390898 0.256349 0.01390898 0.256353 0.564524 0.106637 0.564487 0.1065379 0.56099 0.250692 0.56099 0.250692 0.561027 0.250791 0.564524 0.106637 0.564487 0.1065379 0.586969 0.106939 0.583472 0.251093 0.583472 0.251093 0.56099 0.250692 0.564487 0.1065379 0.586969 0.106939 0.564524 0.106637 0.561027 0.250791 0.561027 0.250791 0.583472 0.251093 0.586969 0.106939 0.561027 0.250791 0.56099 0.250692 0.583472 0.251093 0.259636 0.706278 0.315201 0.746453 0.315218 0.746453 0.421495 0.269446 0.417984 0.186087 0.421495 0.269446 0.421495 0.269446 0.417984 0.186087 0.238782 0.1507869 0.23894 0.277134 0.421495 0.269446 0.421495 0.269446 0.23894 0.277134 0.421495 0.269446 0.238782 0.1507869 0.421495 0.269446 0.417984 0.186087 0.377257 0.2238069 0.417984 0.186087 0.421495 0.269446 0.377257 0.2238069 0.23894 0.277134 0.238782 0.1507869 0.377257 0.2238069 0.421495 0.269446 0.23894 0.277134 0.377257 0.2238069 0.417984 0.186087 0.421495 0.269446 0.377257 0.2238069 0.238782 0.1507869 0.417984 0.186087 0.377257 0.2238069 0.340663 0.03233498 0.340639 0.03158402 0.373389 0.03329598 0.340663 0.03233498 0.373389 0.03329598 0.373414 0.03404998 0.341833 0.06819701 0.340787 0.036125 0.373695 0.04267501 0.341833 0.06819701 0.373695 0.04267501 0.374743 0.07483798 0.343316 0.113698 0.342408 0.08585 0.37532 0.09254401 0.343316 0.113698 0.37532 0.09254401 0.376231 0.120472 0.341658 0.06287097 0.341597 0.061006 0.374351 0.06280398 0.341658 0.06287097 0.374351 0.06280398 0.374412 0.06467497 0.340648 0.03183901 0.340669 0.03250998 0.373419 0.03422498 0.340648 0.03183901 0.373419 0.03422498 0.373397 0.03355199 0.34089 0.03927898 0.341298 0.05873101 0.374049 0.06052297 0.34089 0.03927898 0.374049 0.06052297 0.37364 0.04101401 0.341298 0.05873101 0.342262 0.081371 0.375016 0.083229 0.341298 0.05873101 0.375016 0.083229 0.374049 0.06052297 0.341757 0.06589698 0.341658 0.06287097 0.374412 0.06467497 0.341757 0.06589698 0.374412 0.06467497 0.374511 0.06770896 0.340779 0.03587102 0.340573 0.02955001 0.37348 0.03608101 0.340779 0.03587102 0.37348 0.03608101 0.373687 0.042418 0.340765 0.03546202 0.341439 0.05615401 0.374349 0.062761 0.340765 0.03546202 0.374349 0.062761 0.373673 0.04200899 0.341518 0.05855298 0.340923 0.04031199 0.373674 0.04205 0.341518 0.05855298 0.373674 0.04205 0.374271 0.06034398 0.340639 0.03158402 0.340805 0.036686 0.373556 0.03841298 0.340639 0.03158402 0.373556 0.03841298 0.373389 0.03329598 0.342262 0.081371 0.343136 0.1082099 0.375894 0.1101449 0.342262 0.081371 0.375894 0.1101449 0.375016 0.083229 0.342408 0.08585 0.341968 0.07234299 0.374878 0.07899701 0.342408 0.08585 0.374878 0.07899701 0.37532 0.09254401 0.341968 0.07234299 0.341833 0.06819701 0.374743 0.07483798 0.341968 0.07234299 0.374743 0.07483798 0.374878 0.07899701 0.340669 0.03250998 0.340584 0.02989101 0.373333 0.03159898 0.340669 0.03250998 0.373333 0.03159898 0.373419 0.03422498 0.342918 0.101543 0.343065 0.106032 0.375979 0.112783 0.342918 0.101543 0.375979 0.112783 0.375832 0.108281 0.340923 0.04031199 0.340839 0.03769499 0.373589 0.03942596 0.340923 0.04031199 0.373589 0.03942596 0.373674 0.04205 0.340839 0.03769499 0.340648 0.03183901 0.373397 0.03355199 0.340839 0.03769499 0.373397 0.03355199 0.373589 0.03942596 0.341439 0.05615401 0.342275 0.081797 0.375187 0.08847898 0.341439 0.05615401 0.375187 0.08847898 0.374349 0.062761 0.340584 0.02989101 0.340663 0.03233498 0.373414 0.03404998 0.340584 0.02989101 0.373414 0.03404998 0.373333 0.03159898 0.340694 0.03327202 0.340779 0.03587102 0.373687 0.042418 0.340694 0.03327202 0.373687 0.042418 0.373602 0.03981298 0.340573 0.02955001 0.340572 0.029531 0.373479 0.03605997 0.340573 0.02955001 0.373479 0.03605997 0.37348 0.03608101 0.341597 0.061006 0.341518 0.05855298 0.374271 0.06034398 0.341597 0.061006 0.374271 0.06034398 0.374351 0.06280398 0.340805 0.036686 0.34089 0.03927898 0.37364 0.04101401 0.340805 0.036686 0.37364 0.04101401 0.373556 0.03841298 0.343386 0.115876 0.341757 0.06589698 0.374511 0.06770896 0.343386 0.115876 0.374511 0.06770896 0.376144 0.1178339 0.342275 0.081797 0.342918 0.101543 0.375832 0.108281 0.342275 0.081797 0.375832 0.108281 0.375187 0.08847898 0.340572 0.029531 0.340773 0.035685 0.373681 0.04223299 0.340572 0.029531 0.373681 0.04223299 0.373479 0.03605997 0.340787 0.036125 0.340694 0.03327202 0.373602 0.03981298 0.340787 0.036125 0.373602 0.03981298 0.373695 0.04267501 0.340773 0.035685 0.340765 0.03546202 0.373673 0.04200899 0.340773 0.035685 0.373673 0.04200899 0.373681 0.04223299 0.257 0.984433 0.326883 0.932876 0.32804 0.969262 0.326883 0.932876 0.257 0.984433 0.258715 0.942171 0.326883 0.932876 0.258715 0.942171 0.259294 0.932716 0.32696 0.875069 0.326883 0.932876 0.259294 0.932716 0.32696 0.875069 0.259294 0.932716 0.259815 0.922588 0.32696 0.875069 0.259815 0.922588 0.26184 0.880692</float_array>
          <technique_common>
            <accessor source="#spearman_song_Mesh-mesh-map-0-array" count="1731" stride="2">
              <param name="S" type="float"/>
              <param name="T" type="float"/>
            </accessor>
          </technique_common>
        </source>
        <vertices id="spearman_song_Mesh-mesh-vertices">
          <input semantic="POSITION" source="#spearman_song_Mesh-mesh-positions"/>
        </vertices>
        <triangles material="lukhata_003-material" count="577">
          <input semantic="VERTEX" source="#spearman_song_Mesh-mesh-vertices" offset="0"/>
          <input semantic="NORMAL" source="#spearman_song_Mesh-mesh-normals" offset="1"/>
          <input semantic="TEXCOORD" source="#spearman_song_Mesh-mesh-map-0" offset="2" set="0"/>
          <p>267 0 0 268 1 1 269 2 2 267 3 3 270 4 4 268 5 5 271 6 6 272 7 7 273 8 8 268 9 9 274 10 10 275 11 11 273 12 12 276 13 13 271 14 14 277 15 15 271 16 16 278 17 17 269 18 18 275 19 19 279 20 20 270 21 21 274 22 22 268 23 23 268 24 24 275 25 25 269 26 26 174 27 27 175 28 28 176 29 29 174 30 30 176 31 31 177 32 32 178 33 33 179 34 34 180 35 35 176 36 36 181 37 37 182 38 38 179 39 39 178 40 40 183 41 41 184 42 42 185 43 43 178 44 44 184 45 45 178 46 46 180 47 47 177 48 48 176 49 49 182 50 50 176 51 51 175 52 52 181 53 53 174 54 54 177 55 55 186 56 56 174 57 57 186 58 58 187 59 59 183 60 60 178 61 61 188 62 62 183 63 63 188 64 64 189 65 65 271 66 66 276 67 67 280 68 68 271 69 69 280 70 70 281 71 71 178 72 72 185 73 73 190 74 74 178 75 75 190 76 76 188 77 77 278 78 78 271 79 79 281 80 80 278 81 81 281 82 82 282 83 83 270 84 84 267 85 85 283 86 86 270 87 87 283 88 88 284 89 89 285 90 90 286 91 91 287 92 92 285 93 93 287 94 94 288 95 95 191 96 96 192 97 97 193 98 98 286 99 99 289 100 100 287 101 101 194 102 102 192 103 103 191 104 104 194 105 105 191 106 106 195 107 107 196 108 108 194 109 109 195 110 110 196 111 111 195 112 112 197 113 113 196 114 114 197 115 115 198 116 116 196 117 117 198 118 118 192 119 119 288 120 120 290 121 121 291 122 122 288 123 123 291 124 124 285 125 125 287 126 126 292 127 127 293 128 128 287 129 129 293 130 130 291 131 131 287 132 132 291 133 133 290 134 134 31 135 135 32 136 136 33 137 137 31 138 138 33 139 139 34 140 140 32 141 141 31 142 142 35 143 143 36 144 144 37 145 145 38 146 146 36 147 147 38 148 148 33 149 149 39 150 150 32 151 151 40 152 152 39 153 153 40 154 154 41 155 155 40 156 156 32 157 157 35 158 158 40 159 159 35 160 160 42 161 161 33 162 162 43 163 163 44 164 164 43 165 165 33 166 166 32 167 167 43 168 168 32 169 169 39 170 170 45 171 171 36 172 172 33 173 173 45 174 174 33 175 175 44 176 176 43 177 177 39 178 178 41 179 179 36 180 180 45 181 181 41 182 182 36 183 183 41 184 184 40 185 185 46 186 186 47 187 187 48 188 188 46 189 189 48 190 190 49 191 191 45 192 192 48 193 193 47 194 194 45 195 195 47 196 196 41 197 197 44 198 198 43 199 199 46 200 200 46 201 201 49 202 202 50 203 203 46 204 204 50 205 205 44 206 206 41 207 207 47 208 208 46 209 209 41 210 210 46 211 211 43 212 212 44 213 213 50 214 214 48 215 215 44 216 216 48 217 217 45 218 218 36 219 219 40 220 220 42 221 221 36 222 222 42 223 223 37 224 224 38 225 225 34 226 226 33 227 227 48 228 228 50 229 229 49 230 230 87 231 231 88 232 232 89 233 233 87 234 234 89 235 235 90 236 236 88 237 237 87 238 238 91 239 239 92 240 240 93 241 241 94 242 242 92 243 243 94 244 244 89 245 245 95 246 246 88 247 247 96 248 248 95 249 249 96 250 250 97 251 251 96 252 252 88 253 253 91 254 254 96 255 255 91 256 256 98 257 257 89 258 258 99 259 259 100 260 260 99 261 261 89 262 262 88 263 263 99 264 264 88 265 265 95 266 266 101 267 267 92 268 268 89 269 269 101 270 270 89 271 271 100 272 272 99 273 273 95 274 274 97 275 275 92 276 276 101 277 277 97 278 278 92 279 279 97 280 280 96 281 281 102 282 282 103 283 283 104 284 284 102 285 285 104 286 286 105 287 287 101 288 288 104 289 289 103 290 290 101 291 291 103 292 292 97 293 293 100 294 294 99 295 295 102 296 296 102 297 297 105 298 298 106 299 299 102 300 300 106 301 301 100 302 302 97 303 303 103 304 304 102 305 305 97 306 306 102 307 307 99 308 308 100 309 309 106 310 310 104 311 311 100 312 312 104 313 313 101 314 314 92 315 315 96 316 316 98 317 317 92 318 318 98 319 319 93 320 320 94 321 321 90 322 322 89 323 323 104 324 324 106 325 325 105 326 326 51 327 327 52 328 328 53 329 329 107 330 330 108 331 331 109 332 332 107 333 333 109 334 334 110 335 335 111 336 336 112 337 337 113 338 338 111 339 339 113 340 340 107 341 341 110 342 342 114 343 343 115 344 344 110 345 345 115 346 346 116 347 347 54 348 348 55 349 349 56 350 350 54 351 351 56 352 352 57 353 353 116 354 354 115 355 355 112 356 356 116 357 357 112 358 358 111 359 359 113 360 360 108 361 361 107 362 362 58 363 363 52 364 364 51 365 365 58 366 366 51 367 367 59 368 368 109 369 369 114 370 370 110 371 371 60 372 372 58 373 373 59 374 374 53 375 375 55 376 376 54 377 377 53 378 378 54 379 379 51 380 380 56 381 381 60 382 382 59 383 383 56 384 384 59 385 385 57 386 386 20 387 387 76 388 388 0 389 389 1 390 390 0 391 391 76 392 392 26 393 393 17 394 394 2 395 395 2 396 396 3 397 397 26 398 398 74 399 399 82 400 400 3 401 401 3 402 402 4 403 403 26 404 404 4 405 405 3 406 406 82 407 407 18 408 408 21 409 409 5 410 410 5 411 411 21 412 412 6 413 413 7 414 414 77 415 415 8 416 416 8 417 417 77 418 418 75 419 419 76 420 420 78 421 421 1 422 422 0 423 423 22 424 424 20 425 425 17 426 426 27 427 427 28 428 428 27 429 429 17 430 430 26 431 431 82 432 432 83 433 433 84 434 434 83 435 435 82 436 436 74 437 437 26 438 438 29 439 439 27 440 440 29 441 441 26 442 442 4 443 443 4 444 444 84 445 445 85 446 446 84 447 447 4 448 448 82 449 449 76 450 450 23 451 451 79 452 452 23 453 453 76 454 454 20 455 455 21 456 456 30 457 457 24 458 458 30 459 459 21 460 460 18 461 461 75 462 462 80 463 463 86 464 464 80 465 465 75 466 466 77 467 467 78 468 468 79 469 469 81 470 470 79 471 471 78 472 472 76 473 473 20 474 474 25 475 475 23 476 476 25 477 477 20 478 478 22 479 479 61 480 480 62 481 481 63 482 482 62 483 483 61 484 484 64 485 485 117 486 486 118 487 487 119 488 488 118 489 489 117 490 490 120 491 491 64 492 492 65 493 493 62 494 494 65 495 495 64 496 496 66 497 497 121 498 498 67 499 499 122 500 500 67 501 501 121 502 502 19 503 503 68 504 504 69 505 505 70 506 506 69 507 507 68 508 508 71 509 509 123 510 510 124 511 511 125 512 512 124 513 513 123 513 514 126 513 515 127 514 516 122 515 517 128 516 518 122 517 519 127 518 520 121 519 521 19 520 522 72 521 523 67 522 524 72 523 525 19 524 526 73 525 527 245 526 528 133 527 529 134 528 530 135 529 531 136 530 532 246 531 533 137 532 534 138 533 535 247 534 536 248 535 537 249 536 538 250 537 539 251 538 540 252 539 541 253 540 542 253 541 543 254 542 544 250 543 545 255 544 546 256 544 547 257 544 548 258 545 549 259 546 550 260 547 551 260 548 552 259 549 553 139 550 554 258 551 555 260 552 556 261 553 557 261 554 558 140 555 559 258 556 560 9 557 561 10 558 562 141 559 563 142 560 564 9 561 565 141 562 566 11 563 567 12 564 568 143 565 569 143 566 570 12 567 571 144 568 572 133 569 573 145 570 574 146 571 575 146 572 576 134 573 577 133 574 578 13 575 579 134 576 580 146 577 581 13 578 582 146 579 583 14 580 584 135 581 585 147 582 586 136 583 587 15 584 588 148 585 589 149 586 590 150 587 591 16 588 592 149 589 593 251 590 594 262 591 595 259 592 596 259 593 597 262 594 598 139 595 599 139 596 600 262 597 601 249 598 602 139 599 603 249 600 604 140 601 605 249 602 606 248 603 607 140 604 608 258 605 609 251 606 610 259 607 611 160 608 612 161 609 613 162 610 614 163 611 615 199 612 616 164 613 617 162 614 618 199 615 619 160 616 620 161 617 621 165 618 622 166 619 623 165 620 624 151 621 625 166 622 626 167 623 627 165 624 628 161 625 629 161 626 630 152 627 631 167 628 632 162 629 633 166 630 634 168 631 635 166 632 636 151 633 637 168 634 638 151 635 639 164 636 640 168 637 641 151 638 642 152 639 643 164 640 644 164 641 645 152 642 646 163 643 647 161 644 648 166 645 649 162 646 650 153 647 651 169 648 652 136 649 653 137 650 654 170 651 655 138 652 656 171 653 657 146 654 658 145 655 659 149 656 660 16 657 661 15 658 662 147 659 663 153 660 664 136 661 665 154 662 666 263 662 667 155 662 668 156 663 669 157 664 670 158 665 671 172 666 672 171 667 673 145 668 674 156 669 675 158 670 676 173 671 677 264 672 678 265 672 679 159 672 680 199 673 681 200 674 682 164 675 683 164 676 684 200 677 685 201 678 686 164 679 687 201 680 688 168 681 689 249 682 690 262 683 691 294 684 692 249 685 693 294 686 694 295 687 695 168 688 696 201 689 697 202 690 698 168 691 699 202 692 700 162 693 701 251 694 702 253 695 703 250 696 704 250 697 705 295 698 706 296 699 707 250 700 708 296 701 709 251 702 710 199 703 711 162 704 712 202 705 713 199 706 714 202 707 715 200 708 716 294 709 717 262 710 718 251 711 719 294 712 720 251 713 721 296 714 722 250 715 723 249 716 724 295 717 725 248 718 726 266 719 727 258 720 728 248 721 729 258 722 730 140 723 731 250 724 732 254 725 733 248 726 734 160 727 735 199 728 736 163 729 737 258 730 738 266 731 739 251 732 740 161 733 741 160 734 742 163 735 743 161 736 744 163 737 745 152 738 746 129 739 747 130 740 748 131 741 749 130 742 750 129 743 751 132 744 752 203 745 753 204 746 754 205 747 755 204 748 756 203 749 757 206 750 758 207 751 759 208 752 760 209 753 761 208 754 762 207 755 763 210 756 764 206 757 765 211 758 766 204 759 767 210 760 768 207 761 769 212 762 770 213 763 771 214 763 772 215 764 773 216 765 774 217 766 775 218 766 776 219 767 777 220 768 778 221 769 779 221 770 780 222 771 781 219 772 782 223 773 783 224 774 784 225 775 785 225 776 786 226 777 787 223 778 788 222 779 789 221 780 790 227 781 791 227 782 792 228 783 793 222 784 794 226 785 795 229 786 796 223 787 797 230 788 798 228 789 799 227 790 800 227 791 801 231 792 802 230 793 803 229 794 804 226 795 805 232 796 806 232 797 807 233 798 808 229 799 809 234 800 810 235 800 811 236 800 812 237 801 813 215 802 814 238 801 815 239 803 816 240 803 817 241 803 818 242 804 819 216 805 820 243 806 821 242 807 822 243 808 823 244 809 824 297 810 825 298 811 826 299 812 827 297 813 828 299 814 829 300 815 830 301 816 831 302 817 832 303 818 833 303 819 834 304 820 835 301 821 836 305 822 837 297 823 838 300 824 839 300 825 840 306 826 841 305 827 842 307 828 843 308 829 844 309 829 845 309 830 846 310 831 847 307 832 848 311 833 849 312 834 850 313 835 851 313 836 852 314 837 853 311 838 854 315 839 855 307 840 856 310 841 857 310 842 858 316 843 859 315 844 860 317 845 861 318 846 862 319 847 863 298 848 864 297 849 865 320 850 866 320 851 867 321 852 868 298 853 869 297 854 870 305 855 871 322 856 872 297 857 873 322 858 874 320 859 875 302 860 876 301 861 877 318 862 878 318 863 879 317 864 880 302 865 881 329 866 882 330 867 883 331 868 884 329 869 885 332 870 886 333 871 887 334 872 888 329 873 889 335 874 890 332 875 891 329 876 892 336 877 893 337 878 894 338 879 895 329 880 896 339 881 897 340 882 898 341 883 899 342 884 900 340 885 901 339 886 902 343 887 903 336 888 904 329 889 905 329 890 906 344 891 907 345 892 908 346 893 909 347 893 910 348 893 911 349 894 912 350 894 913 351 894 914 333 895 915 352 896 916 329 897 917 349 898 918 351 898 919 353 898 920 329 899 921 354 900 922 355 901 923 329 902 924 356 903 925 357 904 926 329 905 927 358 906 928 359 907 929 329 908 930 355 909 931 360 910 932 329 911 933 361 912 934 356 913 935 362 914 936 363 915 937 364 914 938 365 916 939 366 917 940 367 918 941 365 919 942 367 920 943 368 921 944 368 922 945 369 923 946 365 924 947 370 925 948 371 926 949 372 927 950 370 928 951 372 929 952 373 930 953 370 931 954 373 932 955 374 933 956 370 934 957 374 935 958 375 936 959 329 937 960 376 938 961 377 939 962 358 940 963 329 941 964 378 942 965 365 943 966 369 944 967 379 945 968 370 946 969 380 947 970 371 948 971 381 949 972 382 950 973 383 951 974 383 952 975 384 953 976 381 954 977 385 955 978 386 956 979 387 957 980 388 958 981 389 959 982 390 960 983 388 961 984 390 962 985 391 963 986 383 964 987 382 965 988 392 966 989 392 967 990 393 968 991 383 969 992 392 970 993 382 971 994 390 972 995 390 973 996 389 974 997 392 975 998 393 976 999 394 977 1000 384 978 1001 384 979 1002 383 980 1003 393 981 1004 382 982 1005 395 983 1006 391 984 1007 391 985 1008 390 986 1009 382 987 1010 396 988 1011 397 988 1012 398 988 1013 392 989 1014 399 990 1015 393 991 1016 363 992 1017 385 993 1018 387 994 1019 400 995 1020 401 996 1021 402 997 1022 330 998 1023 329 999 1024 403 1000 1025 365 1001 1026 379 1002 1027 404 1003 1028 400 1004 1029 402 1005 1030 405 1006 1031 371 1007 1032 380 1008 1033 379 1009 1034 406 1010 1035 407 1010 1036 408 1010 1037 380 1011 1038 370 1012 1039 409 1013 1040 409 1014 1041 404 1015 1042 379 1016 1043 379 1017 1044 380 1018 1045 409 1019 1046 337 1020 1047 329 1021 1048 410 1022 1049 329 1023 1050 331 1024 1051 354 1025 1052 411 1026 1053 329 1027 1054 352 1028 1055 329 1029 1056 334 1030 1057 412 1031 1058 329 1032 1059 413 1033 1060 410 1034 1061 414 1035 1062 415 1036 1063 416 1037 1064 416 1038 1065 417 1039 1066 414 1040 1067 415 1041 1068 418 1042 1069 419 1043 1070 419 1044 1071 416 1045 1072 415 1046 1073 420 1047 1074 419 1048 1075 418 1049 1076 418 1050 1077 421 1051 1078 420 1052 1079 421 1053 1080 422 1054 1081 423 1055 1082 423 1056 1083 420 1057 1084 421 1058 1085 422 1059 1086 424 1060 1087 425 1061 1088 425 1062 1089 423 1063 1090 422 1064 1091 424 1065 1092 426 1066 1093 427 1067 1094 427 1068 1095 425 1069 1096 424 1070 1097 428 1071 1098 429 1072 1099 430 1073 1100 426 1074 1101 428 1075 1102 430 1076 1103 426 1077 1104 430 1078 1105 427 1079 1106 429 1080 1107 431 1081 1108 432 1082 1109 432 1083 1110 430 1084 1111 429 1085 1112 431 1086 1113 433 1087 1114 434 1088 1115 434 1089 1116 432 1090 1117 431 1091 1118 433 1092 1119 435 1093 1120 436 1094 1121 436 1095 1122 434 1096 1123 433 1097 1124 435 1098 1125 437 1099 1126 438 1100 1127 438 1101 1128 436 1102 1129 435 1103 1130 437 1104 1131 439 1105 1132 440 1106 1133 440 1107 1134 438 1108 1135 437 1109 1136 439 1110 1137 441 1111 1138 442 1112 1139 442 1113 1140 440 1114 1141 439 1115 1142 441 1116 1143 443 1117 1144 444 1118 1145 444 1119 1146 442 1120 1147 441 1121 1148 443 1122 1149 445 1123 1150 446 1124 1151 446 1125 1152 444 1126 1153 443 1127 1154 445 1128 1155 447 1129 1156 448 1130 1157 448 1131 1158 446 1132 1159 445 1133 1160 447 1134 1161 449 1135 1162 450 1136 1163 450 1137 1164 448 1138 1165 447 1139 1166 449 1140 1167 414 1141 1168 417 1142 1169 417 1143 1170 450 1144 1171 449 1145 1172 451 1146 1173 452 1146 1174 453 1146 1175 453 1147 1176 454 1147 1177 455 1147 1178 455 1148 1179 456 1148 1180 457 1148 1181 453 1149 1182 455 1149 1183 457 1149 1184 457 1150 1185 458 1150 1186 459 1150 1187 460 1151 1188 461 1151 1189 462 1151 1190 463 1152 1191 460 1152 1192 462 1152 1193 464 1153 1194 463 1153 1195 462 1153 1196 462 1154 1197 465 1154 1198 466 1154 1199 467 1155 1200 468 1155 1201 469 1155 1202 462 1156 1203 466 1156 1204 470 1156 1205 464 1157 1206 462 1157 1207 470 1157 1208 469 1158 1209 471 1158 1210 472 1158 1211 453 1159 1212 469 1159 1213 472 1159 1214 451 1160 1215 453 1160 1216 472 1160 1217 473 1161 1218 451 1161 1219 472 1161 1220 474 1162 1221 475 1162 1222 476 1162 1223 477 1163 1224 478 1164 1225 479 1165 1226 479 1166 1227 480 1167 1228 481 1168 1229 477 1169 1230 479 1170 1231 481 1171 1232 481 1172 1233 482 1173 1234 483 1174 1235 481 1175 1236 483 1176 1237 484 1177 1238 484 1178 1239 485 1179 1240 486 1180 1241 486 1181 1242 487 1182 1243 488 1183 1244 484 1184 1245 486 1185 1246 488 1186 1247 481 1187 1248 484 1188 1249 488 1189 1250 488 1190 1251 489 1191 1252 490 1192 1253 490 1193 1254 491 1194 1255 492 1195 1256 488 1196 1257 490 1197 1258 492 1198 1259 481 1199 1260 488 1200 1261 492 1201 1262 477 1202 1263 481 1203 1264 492 1204 1265 493 1205 1266 477 1206 1267 492 1207 1268 493 1208 1269 492 1209 1270 494 1210 1271 495 1211 1272 496 1212 1273 497 1213 1274 495 1214 1275 497 1215 1276 498 1216 1277 496 1217 1278 499 1218 1279 500 1219 1280 496 1220 1281 500 1221 1282 497 1222 1283 501 1223 1284 502 1224 1285 503 1225 1286 501 1226 1287 503 1227 1288 504 1228 1289 505 1229 1290 506 1230 1291 507 1231 1292 505 1232 1293 507 1233 1294 508 1234 1295 509 1235 1296 510 1236 1297 511 1237 1298 509 1238 1299 511 1239 1300 512 1240 1301 513 1241 1302 514 1242 1303 515 1243 1304 513 1244 1305 515 1245 1306 516 1246 1307 517 1247 1308 501 1248 1309 504 1249 1310 517 1250 1311 504 1251 1312 518 1252 1313 519 1253 1314 520 1254 1315 521 1255 1316 519 1256 1317 521 1257 1318 522 1258 1319 523 1259 1320 524 1260 1321 525 1261 1322 523 1262 1323 525 1263 1324 526 1264 1325 527 1265 1326 528 1266 1327 529 1267 1328 527 1268 1329 529 1269 1330 530 1270 1331 510 1271 1332 531 1272 1333 532 1273 1334 510 1274 1335 532 1275 1336 511 1276 1337 533 1277 1338 523 1278 1339 526 1279 1340 533 1280 1341 526 1281 1342 534 1282 1343 520 1283 1344 535 1284 1345 536 1285 1346 520 1286 1347 536 1287 1348 521 1288 1349 537 1289 1350 538 1290 1351 539 1291 1352 537 1292 1353 539 1293 1354 540 1294 1355 531 1295 1356 527 1296 1357 530 1297 1358 531 1298 1359 530 1299 1360 532 1300 1361 541 1301 1362 542 1302 1363 543 1303 1364 541 1304 1365 543 1305 1366 544 1306 1367 545 1307 1368 509 1308 1369 512 1309 1370 545 1310 1371 512 1311 1372 546 1312 1373 329 1313 1374 411 1314 1375 376 1315 1376 335 1316 1377 329 1317 1378 359 1318 1379 329 1319 1380 547 1320 1381 378 1321 1382 413 1322 1383 329 1323 1384 357 1324 1385 338 1325 1386 343 1326 1387 329 1327 1388 345 1328 1389 403 1329 1390 329 1330 1391 329 1331 1392 377 1332 1393 547 1333 1394 344 1334 1395 329 1335 1396 412 1336 1397 329 1337 1398 360 1338 1399 361 1339 1400 524 1340 1401 548 1341 1402 549 1342 1403 524 1343 1404 549 1344 1405 525 1345 1406 506 1346 1407 495 1347 1408 498 1348 1409 506 1349 1410 498 1350 1411 507 1351 1412 499 1352 1413 545 1353 1414 546 1354 1415 499 1355 1416 546 1356 1417 500 1357 1418 514 1358 1419 550 1359 1420 551 1360 1421 514 1361 1422 551 1362 1423 515 1363 1424 528 1364 1425 517 1365 1426 518 1366 1427 528 1367 1428 518 1368 1429 529 1369 1430 542 1370 1431 505 1371 1432 508 1372 1433 542 1373 1434 508 1374 1435 543 1375 1436 550 1376 1437 533 1377 1438 534 1378 1439 550 1379 1440 534 1380 1441 551 1381 1442 502 1382 1443 552 1383 1444 553 1384 1445 502 1385 1446 553 1386 1447 503 1387 1448 538 1388 1449 554 1389 1450 555 1390 1451 538 1391 1452 555 1392 1453 539 1393 1454 556 1394 1455 537 1395 1456 540 1396 1457 556 1397 1458 540 1398 1459 557 1399 1460 558 1400 1461 556 1401 1462 557 1402 1463 558 1403 1464 557 1404 1465 559 1405 1466 535 1406 1467 558 1407 1468 559 1408 1469 535 1409 1470 559 1410 1471 536 1411 1472 554 1412 1473 513 1413 1474 516 1414 1475 554 1415 1476 516 1416 1477 555 1417 1478 323 1418 1479 324 1419 1480 325 1420 1481 325 1421 1482 326 1422 1483 323 1423 1484 324 1424 1485 327 1425 1486 328 1426 1487 328 1427 1488 325 1428 1489 324 1429 1490 327 1430 1491 323 1431 1492 326 1432 1493 326 1433 1494 328 1434 1495 327 1435 1496 326 1436 1497 325 1437 1498 328 1438 1499 379 1439 1500 369 1440 1501 371 1441 1502 560 1442 1503 561 894 1504 562 894 1505 562 1443 1506 563 1444 1507 564 1445 1508 565 1446 1509 560 894 1510 562 1447 1511 565 1448 1512 562 1449 1513 564 1450 1514 562 1451 1515 561 1452 1516 566 1453 1517 563 1454 1518 562 1455 1519 566 1456 1520 565 1457 1521 564 1458 1522 566 1459 1523 560 1460 1524 565 1461 1525 566 1462 1526 561 1463 1527 560 1464 1528 566 1456 1529 564 1465 1530 563 1466 1531 566 1467 1532 567 1468 1533 568 1469 1534 569 1470 1535 567 1471 1536 569 1472 1537 570 1473 1538 571 1474 1539 572 1475 1540 573 1476 1541 571 1477 1542 573 1478 1543 574 1479 1544 575 1480 1545 576 1481 1546 577 1482 1547 575 1483 1548 577 1484 1549 578 1483 1550 579 1485 1551 580 1486 1552 581 1487 1553 579 1488 1554 581 1489 1555 582 1490 1556 583 1491 1557 584 1492 1558 585 1493 1559 583 1494 1560 585 1495 1561 586 1496 1562 587 1497 1563 588 1498 1564 589 1499 1565 587 1500 1566 589 1501 1567 590 1502 1568 588 1503 1569 591 1504 1570 592 1505 1571 588 1506 1572 592 1507 1573 589 1508 1574 593 1509 1575 579 1510 1576 582 1511 1577 593 1512 1578 582 1513 1579 594 1514 1580 595 1515 1581 596 1516 1582 597 1517 1583 595 1518 1584 597 1519 1585 598 1520 1586 599 1521 1587 600 1522 1588 601 1523 1589 599 1524 1590 601 1525 1591 602 1526 1592 603 1527 1593 604 1528 1594 605 1529 1595 603 1530 1596 605 1531 1597 606 1532 1598 568 1533 1599 607 1534 1600 608 1535 1601 568 1536 1602 608 1537 1603 569 1538 1604 591 1539 1605 609 1540 1606 610 1540 1607 591 1541 1608 610 1542 1609 592 1543 1610 576 1544 1611 611 1545 1612 612 1546 1613 576 1547 1614 612 1548 1615 577 1549 1616 611 1550 1617 571 1551 1618 574 1552 1619 611 1553 1620 574 1554 1621 612 1555 1622 584 1556 1623 613 1557 1624 614 1558 1625 584 1559 1626 614 1560 1627 585 1561 1628 615 1562 1629 616 1563 1630 617 1563 1631 615 1564 1632 617 1565 1633 618 1566 1634 604 1567 1635 619 1568 1636 620 1569 1637 604 1570 1638 620 1571 1639 605 1572 1640 619 1573 1641 583 1574 1642 586 1575 1643 619 1576 1644 586 1577 1645 620 1578 1646 600 1579 1647 621 1580 1648 622 1581 1649 600 1582 1650 622 1583 1651 601 1584 1652 613 1585 1653 567 1586 1654 570 1587 1655 613 1588 1656 570 1589 1657 614 1590 1658 623 1591 1659 595 1592 1660 598 1593 1661 623 1594 1662 598 1595 1663 624 1596 1664 596 1597 1665 625 1598 1666 626 1599 1667 596 1600 1668 626 1601 1669 597 1602 1670 580 1603 1671 603 1604 1672 606 1605 1673 580 1606 1674 606 1607 1675 581 1608 1676 607 1609 1677 587 1610 1678 590 1611 1679 607 1612 1680 590 1613 1681 608 1614 1682 627 1615 1683 593 1616 1684 594 1617 1685 627 1618 1686 594 1619 1687 628 1618 1688 621 1620 1689 615 1621 1690 618 1622 1691 621 1623 1692 618 1624 1693 622 1625 1694 625 1626 1695 629 1627 1696 630 1628 1697 625 1629 1698 630 1630 1699 626 1631 1700 572 1632 1701 623 1633 1702 624 1634 1703 572 1635 1704 624 1636 1705 573 1637 1706 629 1638 1707 599 1639 1708 602 1640 1709 629 1641 1710 602 1642 1711 630 1643 1712 631 1644 1713 632 1645 1714 633 1646 1715 632 1647 1716 631 1648 1717 634 1649 1718 632 1650 1719 634 1651 1720 635 1652 1721 636 1653 1722 632 1654 1723 635 1655 1724 636 1656 1725 635 1657 1726 637 1658 1727 636 1659 1728 637 1660 1729 638 1661 1730</p>
        </triangles>
      </mesh>
    </geometry>
  </library_geometries>
  <library_controllers>
    <controller id="spearman_song_Skin_spearman_song-skin" name="spearman_song_Skin">
      <skin source="#spearman_song_Mesh-mesh">
        <bind_shape_matrix>1 0 0 0 0 1 0 0 0 0 1 0 0 0 0 1</bind_shape_matrix>
        <source id="spearman_song_Skin_spearman_song-skin-joints">
          <Name_array id="spearman_song_Skin_spearman_song-skin-joints-array" count="27">root pelvis femurleft butt-l knee-l-top knee-l-bopttom femurright butt-r knee-r-top knee-r-bopttom lumbar rib scapula ulna scapula01 ulna01 smoke_node_1 ammo_node_0 neck skull nogginbottom plumes skulltop smoke_node_0 cloaktop cloak cloakbottom</Name_array>
          <technique_common>
            <accessor source="#spearman_song_Skin_spearman_song-skin-joints-array" count="27" stride="1">
              <param name="JOINT" type="name"/>
            </accessor>
          </technique_common>
        </source>
        <source id="spearman_song_Skin_spearman_song-skin-bind_poses">
          <float_array id="spearman_song_Skin_spearman_song-skin-bind_poses-array" count="432">1 0 0 0 0 -1.19209e-7 1 -2.154822 0 -1 -1.34359e-7 1.88312e-7 0 0 0 1 1 0 0 -2.88205e-4 0 0 1 -1.989969 0 -1 0 0.05965083 0 0 0 1 1 0 0 -0.2295659 0 0 1 -1.980151 0 -1 0 0 0 0 0 1 1 0 0 -0.2300334 0 -5.28991e-7 1 -1.881625 0 -1 -5.43892e-7 0.2278663 0 0 0 1 1 0 0 -0.2579528 0 0 1 -1.492427 0 -1 0 -0.3577119 0 0 0 1 1 0 0 -0.2616621 0 -2.30968e-7 1 -1.243225 0 -1 -2.45869e-7 0.03760051 0 0 0 1 1 0 0 0.2313526 0 0 1 -1.980151 0 -1 0 0 0 0 0 1 1 0 0 0.2346149 0 -6.78003e-7 1 -1.884255 0 -1 -6.92904e-7 0.2262768 0 0 0 1 1 0 0 0.1784679 0 -6.78003e-7 1 -1.491813 0 -1 -6.85453e-7 -0.3589497 0 0 0 1 1 0 0 0.2454932 0 0 1 -1.243115 0 -1 0 0.03760027 0 0 0 1 1 0 0 -0.004826366 0 0 1 -2.179733 0 -1 0 0.1130514 0 0 0 1 1 0 0 0.007960081 0 0 1 -2.884791 0 -1 0 -1.77057e-7 0 0 0 1 0.2453181 0 0.9694427 -3.134788 -0.9694427 0 0.2453181 -0.3699887 0 -1 0 0 0 0 0 1 0.2453181 0 0.9694427 -3.258527 -0.9694427 0 0.2453181 0.229368 0 -1 0 -2.60496e-7 0 0 0 1 0.2377004 -1.48283e-7 -0.9713385 3.147316 0.9713385 0 0.2377004 -0.305648 0 -1 1.24945e-7 -7.61275e-7 0 0 0 1 0.2377005 0 -0.9713385 3.259319 0.9713386 -1.35776e-7 0.2377004 0.2937083 -1.46343e-7 -1 0 -5.18659e-7 0 0 0 1 0.2388135 -7.68881e-6 -0.9710654 3.372122 -0.006528019 -0.9999774 -0.001597523 -0.055215 -0.9710435 0.006720542 -0.2388083 -1.003043 0 0 0 1 0.2376756 7.82028e-7 -0.9713447 3.368328 0.9713445 1.01002e-6 0.2376756 1.062425 1.05798e-6 -1 -5.36442e-7 -1.617805 0 0 0 1 1 0 0 0.02165722 0 0 1 -3.354291 0 -1 -1.19453e-7 1.59906e-7 0 0 0 1 1 0 0 0.02895486 0 0 1 -3.806293 0 -1 0 0 0 0 0 1 1 3.03407e-7 0 0.02715581 0 0.04181396 0.9991254 -3.880911 3.03673e-7 -0.9991254 0.04181396 -0.4448743 0 0 0 1 1 5.89032e-7 0 0.03132408 0 0.02110123 0.9997774 -3.98341 5.8915e-7 -0.9997773 0.02110117 -0.2703227 0 0 0 1 1 0 0 0.03312313 0 0 1 -4.176582 0 -1 0 0 0 0 0 1 1 -1.01094e-4 -1.10455e-6 0.01512145 -1.01094e-4 -1 0 -0.2430224 -1.10468e-6 0 -1 3.446479 0 0 0 1 1 0 0 -0.001975059 0 -1.93715e-7 1 -3.236083 0 -1 -2.08616e-7 0.198127 0 0 0 1 1 0 0 -0.006513178 0 0 1 -2.377002 0 -1 0 0.4338245 0 0 0 1 1 0 0 0.02082639 0 0 1 -1.545783 0 -1 0 0.5515337 0 0 0 1</float_array>
          <technique_common>
            <accessor source="#spearman_song_Skin_spearman_song-skin-bind_poses-array" count="27" stride="16">
              <param name="TRANSFORM" type="float4x4"/>
            </accessor>
          </technique_common>
        </source>
        <source id="spearman_song_Skin_spearman_song-skin-weights">
          <float_array id="spearman_song_Skin_spearman_song-skin-weights-array" count="639">1 1 1 1 1 1 1 1 1 1 1 1 1 1 1 1 1 1 1 1 1 1 1 1 1 1 1 1 1 1 1 1 1 1 1 1 1 1 1 1 1 1 1 1 1 1 1 1 1 1 1 1 1 1 1 1 1 1 1 1 1 1 1 1 1 1 1 1 1 1 1 1 1 1 1 1 1 1 1 1 1 1 1 1 1 1 1 1 1 1 1 1 1 1 1 1 1 1 1 1 1 1 1 1 1 1 1 1 1 1 1 1 1 1 1 1 1 1 1 1 1 1 1 1 1 1 1 1 1 1 1 1 1 1 1 1 1 1 1 1 1 1 1 1 1 1 1 1 1 1 1 1 1 1 1 1 1 1 1 1 1 1 1 1 1 1 1 1 1 1 1 1 1 1 1 1 1 1 1 1 1 1 1 1 1 1 1 1 1 1 1 1 1 1 1 1 1 1 1 1 1 1 1 1 1 1 1 1 1 1 1 1 1 1 1 1 1 1 1 1 1 1 1 1 1 1 1 1 1 1 1 1 1 1 1 1 1 1 1 1 1 1 1 1 1 1 1 1 1 1 1 1 1 1 1 1 1 1 1 1 1 1 1 1 1 1 1 1 1 1 1 1 1 1 1 1 1 1 1 1 1 1 1 1 1 1 1 1 1 1 1 1 1 1 1 1 1 1 1 1 1 1 1 1 1 1 1 1 1 1 1 1 1 1 1 1 1 1 1 1 1 1 1 1 1 1 1 1 1 1 1 1 1 1 1 1 1 1 1 1 1 1 1 1 1 1 1 1 1 1 1 1 1 1 1 1 1 1 1 1 1 1 1 1 1 1 1 1 1 1 1 1 1 1 1 1 1 1 1 1 1 1 1 1 1 1 1 1 1 1 1 1 1 1 1 1 1 1 1 1 1 1 1 1 1 1 1 1 1 1 1 1 1 1 1 1 1 1 1 1 1 1 1 1 1 1 1 1 1 1 1 1 1 1 1 1 1 1 1 1 1 1 1 1 1 1 1 1 1 1 1 1 1 1 1 1 1 1 1 1 1 1 1 1 1 1 1 1 1 1 1 1 1 1 1 1 1 1 1 1 1 1 1 1 1 1 1 1 1 1 1 1 1 1 1 1 1 1 1 1 1 1 1 1 1 1 1 1 1 1 1 1 1 1 1 1 1 1 1 1 1 1 1 1 1 1 1 1 1 1 1 1 1 1 1 1 1 1 1 1 1 1 1 1 1 1 1 1 1 1 1 1 1 1 1 1 1 1 1 1 1 1 1 1 1 1 1 1 1 1 1 1 1 1 1 1 1 1 1 1 1 1 1 1 1 1 1 1 1 1 1 1 1 1 1 1 1 1 1 1 1 1 1 1 1 1 1 1 1 1 1 1 1 1 1 1 1 1 1 1 1 1 1 1 1 1 1 1 1 1 1 1 1 1 1 1 1 1 1</float_array>
          <technique_common>
            <accessor source="#spearman_song_Skin_spearman_song-skin-weights-array" count="639" stride="1">
              <param name="WEIGHT" type="float"/>
            </accessor>
          </technique_common>
        </source>
        <joints>
          <input semantic="JOINT" source="#spearman_song_Skin_spearman_song-skin-joints"/>
          <input semantic="INV_BIND_MATRIX" source="#spearman_song_Skin_spearman_song-skin-bind_poses"/>
        </joints>
        <vertex_weights count="639">
          <input semantic="JOINT" source="#spearman_song_Skin_spearman_song-skin-joints" offset="0"/>
          <input semantic="WEIGHT" source="#spearman_song_Skin_spearman_song-skin-weights" offset="1"/>
          <vcount>1 1 1 1 1 1 1 1 1 1 1 1 1 1 1 1 1 1 1 1 1 1 1 1 1 1 1 1 1 1 1 1 1 1 1 1 1 1 1 1 1 1 1 1 1 1 1 1 1 1 1 1 1 1 1 1 1 1 1 1 1 1 1 1 1 1 1 1 1 1 1 1 1 1 1 1 1 1 1 1 1 1 1 1 1 1 1 1 1 1 1 1 1 1 1 1 1 1 1 1 1 1 1 1 1 1 1 1 1 1 1 1 1 1 1 1 1 1 1 1 1 1 1 1 1 1 1 1 1 1 1 1 1 1 1 1 1 1 1 1 1 1 1 1 1 1 1 1 1 1 1 1 1 1 1 1 1 1 1 1 1 1 1 1 1 1 1 1 1 1 1 1 1 1 1 1 1 1 1 1 1 1 1 1 1 1 1 1 1 1 1 1 1 1 1 1 1 1 1 1 1 1 1 1 1 1 1 1 1 1 1 1 1 1 1 1 1 1 1 1 1 1 1 1 1 1 1 1 1 1 1 1 1 1 1 1 1 1 1 1 1 1 1 1 1 1 1 1 1 1 1 1 1 1 1 1 1 1 1 1 1 1 1 1 1 1 1 1 1 1 1 1 1 1 1 1 1 1 1 1 1 1 1 1 1 1 1 1 1 1 1 1 1 1 1 1 1 1 1 1 1 1 1 1 1 1 1 1 1 1 1 1 1 1 1 1 1 1 1 1 1 1 1 1 1 1 1 1 1 1 1 1 1 1 1 1 1 1 1 1 1 1 1 1 1 1 1 1 1 1 1 1 1 1 1 1 1 1 1 1 1 1 1 1 1 1 1 1 1 1 1 1 1 1 1 1 1 1 1 1 1 1 1 1 1 1 1 1 1 1 1 1 1 1 1 1 1 1 1 1 1 1 1 1 1 1 1 1 1 1 1 1 1 1 1 1 1 1 1 1 1 1 1 1 1 1 1 1 1 1 1 1 1 1 1 1 1 1 1 1 1 1 1 1 1 1 1 1 1 1 1 1 1 1 1 1 1 1 1 1 1 1 1 1 1 1 1 1 1 1 1 1 1 1 1 1 1 1 1 1 1 1 1 1 1 1 1 1 1 1 1 1 1 1 1 1 1 1 1 1 1 1 1 1 1 1 1 1 1 1 1 1 1 1 1 1 1 1 1 1 1 1 1 1 1 1 1 1 1 1 1 1 1 1 1 1 1 1 1 1 1 1 1 1 1 1 1 1 1 1 1 1 1 1 1 1 1 1 1 1 1 1 1 1 1 1 1 1 1 1 1 1 1 1 1 1 1 1 1 1 1 1 1 1 1 1 1 1 1 1 1 1 1 1 1 1 1 1 1 1 1 1 1 1 1 1 1 1 1 1 1 1 1 1 1 1 1 1 1 1 1 1 1 1 1 1 1 1 1 1 1 1 1 1 1 1 1 1 1 </vcount>
          <v>1 0 1 1 1 2 1 3 1 4 1 5 1 6 1 7 1 8 1 9 1 10 1 11 1 12 1 13 1 14 1 15 1 16 2 17 2 18 2 19 3 20 3 21 3 22 3 23 3 24 3 25 4 26 4 27 4 28 4 29 4 30 5 31 5 32 5 33 5 34 5 35 5 36 5 37 5 38 5 39 5 40 5 41 5 42 5 43 5 44 5 45 5 46 5 47 5 48 5 49 5 50 5 51 5 52 5 53 5 54 5 55 5 56 5 57 5 58 5 59 5 60 5 61 5 62 5 63 5 64 5 65 5 66 5 67 5 68 5 69 5 70 5 71 5 72 5 73 6 74 6 75 7 76 7 77 7 78 7 79 7 80 7 81 8 82 8 83 8 84 8 85 8 86 9 87 9 88 9 89 9 90 9 91 9 92 9 93 9 94 9 95 9 96 9 97 9 98 9 99 9 100 9 101 9 102 9 103 9 104 9 105 9 106 9 107 9 108 9 109 9 110 9 111 9 112 9 113 9 114 9 115 9 116 9 117 9 118 9 119 9 120 9 121 9 122 9 123 9 124 9 125 9 126 9 127 9 128 9 129 9 130 9 131 9 132 11 133 11 134 11 135 11 136 11 137 11 138 11 139 11 140 11 141 11 142 11 143 11 144 11 145 11 146 11 147 11 148 11 149 11 150 11 151 11 152 11 153 11 154 11 155 11 156 11 157 11 158 11 159 12 160 12 161 12 162 12 163 12 164 12 165 12 166 12 167 12 168 12 169 12 170 12 171 12 172 12 173 13 174 13 175 13 176 13 177 13 178 13 179 13 180 13 181 13 182 13 183 13 184 13 185 13 186 13 187 13 188 13 189 13 190 13 191 13 192 13 193 13 194 13 195 13 196 13 197 13 198 13 199 13 200 13 201 13 202 13 203 13 204 13 205 13 206 13 207 13 208 13 209 13 210 13 211 13 212 13 213 13 214 13 215 13 216 13 217 13 218 13 219 13 220 13 221 13 222 13 223 13 224 13 225 13 226 13 227 13 228 13 229 13 230 13 231 13 232 13 233 13 234 13 235 13 236 13 237 13 238 13 239 13 240 13 241 13 242 13 243 13 244 14 245 14 246 14 247 14 248 14 249 14 250 14 251 14 252 14 253 14 254 14 255 14 256 14 257 14 258 14 259 14 260 14 261 14 262 14 263 14 264 14 265 14 266 15 267 15 268 15 269 15 270 15 271 15 272 15 273 15 274 15 275 15 276 15 277 15 278 15 279 15 280 15 281 15 282 15 283 15 284 15 285 15 286 15 287 15 288 15 289 15 290 15 291 15 292 15 293 15 294 15 295 15 296 16 297 16 298 16 299 16 300 16 301 16 302 16 303 16 304 16 305 16 306 16 307 16 308 16 309 16 310 16 311 16 312 16 313 16 314 16 315 16 316 16 317 16 318 16 319 16 320 16 321 16 322 16 323 16 324 16 325 16 326 16 327 16 328 18 329 18 330 18 331 18 332 18 333 18 334 18 335 18 336 18 337 18 338 18 339 18 340 18 341 18 342 18 343 18 344 18 345 18 346 18 347 18 348 18 349 18 350 18 351 18 352 18 353 18 354 18 355 18 356 18 357 18 358 18 359 18 360 18 361 18 362 18 363 18 364 18 365 18 366 18 367 18 368 18 369 18 370 18 371 18 372 18 373 18 374 18 375 18 376 18 377 18 378 18 379 18 380 18 381 18 382 18 383 18 384 18 385 18 386 18 387 18 388 18 389 18 390 18 391 18 392 18 393 18 394 18 395 18 396 18 397 18 398 18 399 18 400 18 401 18 402 18 403 18 404 18 405 18 406 18 407 18 408 18 409 18 410 18 411 18 412 18 413 18 414 18 415 18 416 18 417 18 418 18 419 18 420 18 421 18 422 18 423 18 424 18 425 18 426 18 427 18 428 18 429 18 430 18 431 18 432 18 433 18 434 18 435 18 436 18 437 18 438 18 439 18 440 18 441 18 442 18 443 18 444 18 445 18 446 18 447 18 448 18 449 18 450 18 451 18 452 18 453 18 454 18 455 18 456 18 457 18 458 18 459 18 460 18 461 18 462 18 463 18 464 18 465 18 466 18 467 18 468 18 469 18 470 18 471 18 472 18 473 18 474 18 475 18 476 18 477 18 478 18 479 18 480 18 481 18 482 18 483 18 484 18 485 18 486 18 487 18 488 18 489 18 490 18 491 18 492 18 493 18 494 18 495 18 496 18 497 18 498 18 499 18 500 18 501 18 502 18 503 18 504 18 505 18 506 18 507 18 508 18 509 18 510 18 511 18 512 18 513 18 514 18 515 18 516 18 517 18 518 18 519 18 520 18 521 18 522 18 523 18 524 18 525 18 526 18 527 18 528 18 529 18 530 18 531 18 532 18 533 18 534 18 535 18 536 18 537 18 538 18 539 18 540 18 541 18 542 18 543 18 544 18 545 18 546 18 547 18 548 18 549 18 550 18 551 18 552 18 553 18 554 18 555 18 556 18 557 18 558 18 559 18 560 18 561 18 562 18 563 18 564 18 565 18 566 18 567 18 568 18 569 18 570 18 571 18 572 18 573 18 574 18 575 18 576 18 577 18 578 18 579 18 580 18 581 18 582 18 583 18 584 18 585 18 586 18 587 18 588 18 589 18 590 18 591 18 592 18 593 18 594 18 595 18 596 18 597 18 598 18 599 18 600 18 601 18 602 18 603 18 604 18 605 18 606 18 607 18 608 18 609 18 610 18 611 18 612 18 613 18 614 18 615 18 616 18 617 18 618 18 619 18 620 18 621 18 622 18 623 18 624 18 625 18 626 18 627 18 628 18 629 18 630 18 631 18 632 18 633 18 634 18 635 18 636 18 637 18 638</v>
        </vertex_weights>
      </skin>
    </controller>
  </library_controllers>
  <library_visual_scenes>
    <visual_scene id="Scene" name="Scene">
      <node id="Camera" name="Camera" type="NODE">
        <matrix sid="transform">0.6859207 -0.3240135 0.6515582 7.481132 0.7276763 0.3054208 -0.6141704 -6.50764 0 0.8953956 0.4452714 5.343665 0 0 0 1</matrix>
        <instance_camera url="#Camera-camera"/>
      </node>
      <node id="Lamp" name="Lamp" type="NODE">
        <matrix sid="transform">-0.2908646 -0.7711008 0.5663932 4.076245 0.9551712 -0.1998834 0.2183912 1.005454 -0.05518906 0.6045247 0.7946723 5.903862 0 0 0 1</matrix>
        <instance_light url="#Lamp-light"/>
      </node>
      <node id="spearman_song_Skin" name="spearman_song_Skin" type="NODE">
        <matrix sid="transform">1 0 0 0 0 1 0 0 0 0 1 0 0 0 0 1</matrix>
        <node id="spearman_song_Skin_root" name="root" sid="root" type="JOINT">
          <matrix sid="transform">1 1.59941e-15 3.71087e-8 0 3.71087e-8 -1.34359e-7 -1 -1.01207e-7 3.38647e-15 1 -1.19209e-7 2.154822 0 0 0 1</matrix>
          <node id="spearman_song_Skin_pelvis" name="pelvis" sid="pelvis" type="JOINT">
            <matrix sid="transform">1 0 1.12524e-8 2.88204e-4 -4.19184e-16 1 3.72528e-8 -0.1648533 -1.12524e-8 -3.72528e-8 1 -0.05965076 0 0 0 1</matrix>
            <node id="spearman_song_Skin_femurleft" name="femurleft" sid="femurleft" type="JOINT">
              <matrix sid="transform">1 -4.47914e-15 5.0942e-9 0.2292777 0 1 0 -0.0098176 -5.0942e-9 2.48278e-10 1 0.05965088 0 0 0 1</matrix>
              <node id="spearman_song_Skin_butt-l" name="butt-l" sid="butt-l" type="JOINT">
                <matrix sid="transform">1 -4.97381e-15 4.23191e-9 4.67554e-4 1.89181e-15 1 -4.47035e-7 -0.098526 -4.2319e-9 4.47035e-7 1 -0.2278655 0 0 0 1</matrix>
                <extra>
                  <technique profile="blender">
                    <layer sid="layer" type="string">0</layer>
                    <roll sid="roll" type="float">0</roll>
                    <tip_x sid="tip_x" type="float">0</tip_x>
                    <tip_y sid="tip_y" type="float">0</tip_y>
                    <tip_z sid="tip_z" type="float">0.1</tip_z>
                  </technique>
                </extra>
              </node>
              <node id="spearman_song_Skin_knee-l-top" name="knee-l-top" sid="knee-l-top" type="JOINT">
                <matrix sid="transform">1 -4.97382e-15 7.79386e-9 0.0283868 0 0.9999999 0 -0.4877242 -7.79386e-9 0 1 0.3577119 0 0 0 1</matrix>
                <extra>
                  <technique profile="blender">
                    <layer sid="layer" type="string">0</layer>
                    <roll sid="roll" type="float">0</roll>
                    <tip_x sid="tip_x" type="float">0</tip_x>
                    <tip_y sid="tip_y" type="float">0</tip_y>
                    <tip_z sid="tip_z" type="float">0.1</tip_z>
                  </technique>
                </extra>
              </node>
              <node id="spearman_song_Skin_knee-l-bopttom" name="knee-l-bopttom" sid="knee-l-bopttom" type="JOINT">
                <matrix sid="transform">1 -4.97382e-15 3.00215e-8 0.03209621 4.47355e-15 1 -1.49012e-7 -0.736926 -3.00215e-8 1.49012e-7 1 -0.03760034 0 0 0 1</matrix>
                <extra>
                  <technique profile="blender">
                    <layer sid="layer" type="string">0</layer>
                    <roll sid="roll" type="float">0</roll>
                    <tip_x sid="tip_x" type="float">0</tip_x>
                    <tip_y sid="tip_y" type="float">0</tip_y>
                    <tip_z sid="tip_z" type="float">0.1</tip_z>
                  </technique>
                </extra>
              </node>
              <extra>
                <technique profile="blender">
                  <layer sid="layer" type="string">0</layer>
                  <roll sid="roll" type="float">0</roll>
                  <tip_x sid="tip_x" type="float">0</tip_x>
                  <tip_y sid="tip_y" type="float">0</tip_y>
                  <tip_z sid="tip_z" type="float">0.0999999</tip_z>
                </technique>
              </extra>
            </node>
            <node id="spearman_song_Skin_femurright" name="femurright" sid="femurright" type="JOINT">
              <matrix sid="transform">1 -4.47914e-15 5.0942e-9 -0.2316408 0 1 0 -0.0098176 -5.0942e-9 2.48278e-10 1 0.05965088 0 0 0 1</matrix>
              <node id="spearman_song_Skin_butt-r" name="butt-r" sid="butt-r" type="JOINT">
                <matrix sid="transform">1 -4.97382e-15 5.58592e-9 -0.003262356 3.32947e-15 1 -5.96046e-7 -0.09589529 -5.58592e-9 5.96046e-7 1 -0.2262757 0 0 0 1</matrix>
                <extra>
                  <technique profile="blender">
                    <layer sid="layer" type="string">0</layer>
                    <roll sid="roll" type="float">0</roll>
                    <tip_x sid="tip_x" type="float">0</tip_x>
                    <tip_y sid="tip_y" type="float">0</tip_y>
                    <tip_z sid="tip_z" type="float">0.1</tip_z>
                  </technique>
                </extra>
              </node>
              <node id="spearman_song_Skin_knee-r-top" name="knee-r-top" sid="knee-r-top" type="JOINT">
                <matrix sid="transform">1 -4.97382e-15 9.03824e-9 0.05288468 5.38721e-15 0.9999999 -5.96046e-7 -0.4883386 -9.03824e-9 5.96046e-7 1 0.3589506 0 0 0 1</matrix>
                <extra>
                  <technique profile="blender">
                    <layer sid="layer" type="string">0</layer>
                    <roll sid="roll" type="float">0</roll>
                    <tip_x sid="tip_x" type="float">0</tip_x>
                    <tip_y sid="tip_y" type="float">0</tip_y>
                    <tip_z sid="tip_z" type="float">0.1</tip_z>
                  </technique>
                </extra>
              </node>
              <node id="spearman_song_Skin_knee-r-bopttom" name="knee-r-bopttom" sid="knee-r-bopttom" type="JOINT">
                <matrix sid="transform">1 -4.97382e-15 1.89711e-8 -0.01414061 0 1 0 -0.7370361 -1.89711e-8 0 1 -0.03760032 0 0 0 1</matrix>
                <extra>
                  <technique profile="blender">
                    <layer sid="layer" type="string">0</layer>
                    <roll sid="roll" type="float">0</roll>
                    <tip_x sid="tip_x" type="float">0</tip_x>
                    <tip_y sid="tip_y" type="float">0</tip_y>
                    <tip_z sid="tip_z" type="float">0.1</tip_z>
                  </technique>
                </extra>
              </node>
              <extra>
                <technique profile="blender">
                  <layer sid="layer" type="string">0</layer>
                  <roll sid="roll" type="float">0</roll>
                  <tip_x sid="tip_x" type="float">0</tip_x>
                  <tip_y sid="tip_y" type="float">0</tip_y>
                  <tip_z sid="tip_z" type="float">0.0999999</tip_z>
                </technique>
              </extra>
            </node>
            <node id="spearman_song_Skin_lumbar" name="lumbar" sid="lumbar" type="JOINT">
              <matrix sid="transform">1 -4.47914e-15 4.81516e-9 0.004538174 0 1 3.72529e-8 0.189765 -4.81516e-9 -3.70047e-8 1 -0.05340066 0 0 0 1</matrix>
              <node id="spearman_song_Skin_rib" name="rib" sid="rib" type="JOINT">
                <matrix sid="transform">1 -4.76734e-15 4.31032e-9 -0.01278648 0 1 0 0.7050576 -4.31032e-9 2.48249e-10 1 0.1130516 0 0 0 1</matrix>
                <node id="spearman_song_Skin_scapula" name="scapula" sid="scapula" type="JOINT">
                  <matrix sid="transform">0.2453181 -0.9694426 -5.21289e-8 0.4182977 0.9694425 0.2453181 -1.62569e-8 0.2449708 2.85483e-8 -4.65479e-8 1 -4.32614e-8 0 0 0 1</matrix>
                  <node id="spearman_song_Skin_ulna" name="ulna" sid="ulna" type="JOINT">
                    <matrix sid="transform">1 -7.45058e-8 6.14388e-8 0.1237385 8.9407e-8 1 1.39055e-14 -0.5993564 -6.14388e-8 -7.10543e-15 1 -1.22805e-9 0 0 0 1</matrix>
                    <extra>
                      <technique profile="blender">
                        <layer sid="layer" type="string">0</layer>
                        <roll sid="roll" type="float">-1.322949</roll>
                        <tip_x sid="tip_x" type="float">-0.09694445</tip_x>
                        <tip_y sid="tip_y" type="float">0</tip_y>
                        <tip_z sid="tip_z" type="float">0.02453184</tip_z>
                      </technique>
                    </extra>
                  </node>
                  <extra>
                    <technique profile="blender">
                      <layer sid="layer" type="string">0</layer>
                      <roll sid="roll" type="float">-1.322949</roll>
                      <tip_x sid="tip_x" type="float">-0.09694439</tip_x>
                      <tip_y sid="tip_y" type="float">0</tip_y>
                      <tip_z sid="tip_z" type="float">0.02453184</tip_z>
                    </technique>
                  </extra>
                </node>
                <node id="spearman_song_Skin_scapula01" name="scapula01" sid="scapula01" type="JOINT">
                  <matrix sid="transform">0.2377005 0.9713385 -1.08826e-7 -0.4432708 -0.9713385 0.2377004 1.84798e-7 0.2449708 2.0537e-7 6.17799e-8 1 -4.32614e-8 0 0 0 1</matrix>
                  <node id="spearman_song_Skin_ulna01" name="ulna01" sid="ulna01" type="JOINT">
                    <matrix sid="transform">1 0 8.74565e-8 -0.1120028 -1.49012e-8 0.9999999 -1.19209e-7 -0.5993562 -8.74565e-8 1.19209e-7 1 7.41943e-9 0 0 0 1</matrix>
                    <node id="spearman_song_Skin_smoke_node_1" name="smoke node 1" sid="smoke_node_1" type="JOINT">
                      <matrix sid="transform">0.9999993 7.4273e-8 0.001146168 -0.1116512 0.001146227 -0.006720423 -0.9999769 -0.7135482 7.62862e-6 0.9999775 -0.006720539 0.04844657 0 0 0 1</matrix>
                      <node id="spearman_song_Skin_ammo_node_0" name="ammo node 0" sid="ammo_node_0" type="JOINT">
                        <matrix sid="transform">0.9999992 0.001171589 8.47202e-6 0.002566099 -5.9593e-7 -0.006721605 0.9999774 1.569697 0.001171783 -0.9999768 -0.006721562 0.04453564 0 0 0 1</matrix>
                        <extra>
                          <technique profile="blender">
                            <layer sid="layer" type="string">0</layer>
                            <roll sid="roll" type="float">1.330825</roll>
                            <tip_x sid="tip_x" type="float">0.09764277</tip_x>
                            <tip_y sid="tip_y" type="float">1.19209e-7</tip_y>
                            <tip_z sid="tip_z" type="float">0.02389192</tip_z>
                          </technique>
                        </extra>
                      </node>
                      <extra>
                        <technique profile="blender">
                          <layer sid="layer" type="string">0</layer>
                          <roll sid="roll" type="float">1.330897</roll>
                          <tip_x sid="tip_x" type="float">-6.5279e-4</tip_x>
                          <tip_y sid="tip_y" type="float">-0.09999775</tip_y>
                          <tip_z sid="tip_z" type="float">-1.5974e-4</tip_z>
                        </technique>
                      </extra>
                    </node>
                    <extra>
                      <technique profile="blender">
                        <layer sid="layer" type="string">0</layer>
                        <roll sid="roll" type="float">1.330798</roll>
                        <tip_x sid="tip_x" type="float">0.09713399</tip_x>
                        <tip_y sid="tip_y" type="float">0</tip_y>
                        <tip_z sid="tip_z" type="float">0.02377009</tip_z>
                      </technique>
                    </extra>
                  </node>
                  <extra>
                    <technique profile="blender">
                      <layer sid="layer" type="string">0</layer>
                      <roll sid="roll" type="float">1.330798</roll>
                      <tip_x sid="tip_x" type="float">0.09713399</tip_x>
                      <tip_y sid="tip_y" type="float">0</tip_y>
                      <tip_z sid="tip_z" type="float">0.02377009</tip_z>
                    </technique>
                  </extra>
                </node>
                <node id="spearman_song_Skin_neck" name="neck" sid="neck" type="JOINT">
                  <matrix sid="transform">1 -5.02533e-15 3.80579e-9 -0.01369714 2.26826e-16 0.9999999 -5.96002e-8 0.4694993 -3.80579e-9 5.96002e-8 1 -1.36964e-7 0 0 0 1</matrix>
                  <node id="spearman_song_Skin_skull" name="skull" sid="skull" type="JOINT">
                    <matrix sid="transform">1 -5.47994e-15 1.57329e-9 -0.007297663 0 1 9.31308e-10 0.4520025 -1.57329e-9 -9.31308e-10 1 7.10192e-8 0 0 0 1</matrix>
                    <node id="spearman_song_Skin_nogginbottom" name="nogginbottom" sid="nogginbottom" type="JOINT">
                      <matrix sid="transform">1 2.3283e-9 2.40862e-7 0.001799159 -1.23977e-8 0.9991254 0.0418141 0.08982587 -2.40554e-7 -0.0418141 0.9991254 0.2822085 0 0 0 1</matrix>
                      <extra>
                        <technique profile="blender">
                          <layer sid="layer" type="string">0</layer>
                          <roll sid="roll" type="float">3.03673e-7</roll>
                          <tip_x sid="tip_x" type="float">0</tip_x>
                          <tip_y sid="tip_y" type="float">0.004181385</tip_y>
                          <tip_z sid="tip_z" type="float">0.09991264</tip_z>
                        </technique>
                      </extra>
                    </node>
                    <node id="spearman_song_Skin_plumes" name="plumes" sid="plumes" type="JOINT">
                      <matrix sid="transform">1 -4.77396e-15 5.26299e-7 -0.002369052 -1.11056e-8 0.9997773 0.02110134 0.1819341 -5.26182e-7 -0.02110134 0.9997773 0.1862074 0 0 0 1</matrix>
                      <extra>
                        <technique profile="blender">
                          <layer sid="layer" type="string">0</layer>
                          <roll sid="roll" type="float">5.8915e-7</roll>
                          <tip_x sid="tip_x" type="float">0</tip_x>
                          <tip_y sid="tip_y" type="float">0.002110123</tip_y>
                          <tip_z sid="tip_z" type="float">0.09997797</tip_z>
                        </technique>
                      </extra>
                    </node>
                    <node id="spearman_song_Skin_skulltop" name="skulltop" sid="skulltop" type="JOINT">
                      <matrix sid="transform">1 -5.66641e-15 4.68212e-9 -0.00416824 0 1 -4.9738e-13 0.3702886 -4.68212e-9 4.9738e-13 1 5.68434e-14 0 0 0 1</matrix>
                      <extra>
                        <technique profile="blender">
                          <layer sid="layer" type="string">0</layer>
                          <roll sid="roll" type="float">0</roll>
                          <tip_x sid="tip_x" type="float">0</tip_x>
                          <tip_y sid="tip_y" type="float">0</tip_y>
                          <tip_z sid="tip_z" type="float">0.0999999</tip_z>
                        </technique>
                      </extra>
                    </node>
                    <extra>
                      <technique profile="blender">
                        <layer sid="layer" type="string">0</layer>
                        <roll sid="roll" type="float">0</roll>
                        <tip_x sid="tip_x" type="float">0</tip_x>
                        <tip_y sid="tip_y" type="float">0</tip_y>
                        <tip_z sid="tip_z" type="float">0.1000001</tip_z>
                      </technique>
                    </extra>
                  </node>
                  <node id="spearman_song_Skin_smoke_node_0" name="smoke node 0" sid="smoke_node_0" type="JOINT">
                    <matrix sid="transform">1 -1.01156e-4 -1.10469e-6 0.00651496 -1.10467e-6 1.07102e-7 -0.9999999 0.09218764 1.01156e-4 0.9999999 2.28074e-7 0.2430202 0 0 0 1</matrix>
                    <extra>
                      <technique profile="blender">
                        <layer sid="layer" type="string">0</layer>
                        <roll sid="roll" type="float">3.141592</roll>
                        <tip_x sid="tip_x" type="float">-1.01095e-5</tip_x>
                        <tip_y sid="tip_y" type="float">-0.09999996</tip_y>
                        <tip_z sid="tip_z" type="float">0</tip_z>
                      </technique>
                    </extra>
                  </node>
                  <extra>
                    <technique profile="blender">
                      <layer sid="layer" type="string">0</layer>
                      <roll sid="roll" type="float">0</roll>
                      <tip_x sid="tip_x" type="float">0</tip_x>
                      <tip_y sid="tip_y" type="float">0</tip_y>
                      <tip_z sid="tip_z" type="float">0.1000001</tip_z>
                    </technique>
                  </extra>
                </node>
                <node id="spearman_song_Skin_cloaktop" name="cloaktop" sid="cloaktop" type="JOINT">
                  <matrix sid="transform">1 -5.02533e-15 6.60962e-9 0.009935169 9.8491e-16 0.9999999 -1.49012e-7 0.3512919 -6.60962e-9 1.49012e-7 1 -0.1981267 0 0 0 1</matrix>
                  <node id="spearman_song_Skin_cloak" name="cloak" sid="cloak" type="JOINT">
                    <matrix sid="transform">1 -6.40584e-15 1.47715e-10 0.004538157 0 1 1.49011e-7 -0.859081 -1.47715e-10 -1.48763e-7 1 -0.2356979 0 0 0 1</matrix>
                    <node id="spearman_song_Skin_cloakbottom" name="cloakbottom" sid="cloakbottom" type="JOINT">
                      <matrix sid="transform">1 -6.41469e-15 0 -0.02733967 0 1 0 -0.8312191 0 2.48605e-10 1 -0.1177092 0 0 0 1</matrix>
                      <extra>
                        <technique profile="blender">
                          <layer sid="layer" type="string">0</layer>
                          <roll sid="roll" type="float">0</roll>
                          <tip_x sid="tip_x" type="float">0</tip_x>
                          <tip_y sid="tip_y" type="float">0</tip_y>
                          <tip_z sid="tip_z" type="float">0.1</tip_z>
                        </technique>
                      </extra>
                    </node>
                    <extra>
                      <technique profile="blender">
                        <layer sid="layer" type="string">0</layer>
                        <roll sid="roll" type="float">0</roll>
                        <tip_x sid="tip_x" type="float">0</tip_x>
                        <tip_y sid="tip_y" type="float">0</tip_y>
                        <tip_z sid="tip_z" type="float">0.1000001</tip_z>
                      </technique>
                    </extra>
                  </node>
                  <extra>
                    <technique profile="blender">
                      <layer sid="layer" type="string">0</layer>
                      <roll sid="roll" type="float">0</roll>
                      <tip_x sid="tip_x" type="float">0</tip_x>
                      <tip_y sid="tip_y" type="float">0</tip_y>
                      <tip_z sid="tip_z" type="float">0.0999999</tip_z>
                    </technique>
                  </extra>
                </node>
                <extra>
                  <technique profile="blender">
                    <layer sid="layer" type="string">0</layer>
                    <roll sid="roll" type="float">0</roll>
                    <tip_x sid="tip_x" type="float">0</tip_x>
                    <tip_y sid="tip_y" type="float">0</tip_y>
                    <tip_z sid="tip_z" type="float">0.0999999</tip_z>
                  </technique>
                </extra>
              </node>
              <extra>
                <technique profile="blender">
                  <layer sid="layer" type="string">0</layer>
                  <roll sid="roll" type="float">0</roll>
                  <tip_x sid="tip_x" type="float">0</tip_x>
                  <tip_y sid="tip_y" type="float">0</tip_y>
                  <tip_z sid="tip_z" type="float">0.0999999</tip_z>
                </technique>
              </extra>
            </node>
            <extra>
              <technique profile="blender">
                <layer sid="layer" type="string">0</layer>
                <roll sid="roll" type="float">0</roll>
                <tip_x sid="tip_x" type="float">0</tip_x>
                <tip_y sid="tip_y" type="float">0</tip_y>
                <tip_z sid="tip_z" type="float">0.1000001</tip_z>
              </technique>
            </extra>
          </node>
          <extra>
            <technique profile="blender">
              <layer sid="layer" type="string">0</layer>
              <roll sid="roll" type="float">0</roll>
              <tip_x sid="tip_x" type="float">0</tip_x>
              <tip_y sid="tip_y" type="float">0</tip_y>
              <tip_z sid="tip_z" type="float">0.1000001</tip_z>
            </technique>
          </extra>
        </node>
      </node>
      <node id="spearman_song" name="spearman_song" type="NODE">
        <translate sid="location">0 0 0</translate>
        <rotate sid="rotationZ">0 0 1 0</rotate>
        <rotate sid="rotationY">0 1 0 0</rotate>
        <rotate sid="rotationX">1 0 0 0</rotate>
        <scale sid="scale">1 1 1</scale>
        <instance_controller url="#spearman_song_Skin_spearman_song-skin">
          <skeleton>#spearman_song_Skin_root</skeleton>
          <bind_material>
            <technique_common>
              <instance_material symbol="lukhata_003-material" target="#lukhata_003-material"/>
            </technique_common>
          </bind_material>
        </instance_controller>
      </node>
    </visual_scene>
  </library_visual_scenes>
  <scene>
    <instance_visual_scene url="#Scene"/>
  </scene>
</COLLADA>