<?xml version="1.0" encoding="utf-8"?>
<COLLADA xmlns="http://www.collada.org/2005/11/COLLADASchema" version="1.4.1" xmlns:xsi="http://www.w3.org/2001/XMLSchema-instance">
  <asset>
    <contributor>
      <author>Blender User</author>
      <authoring_tool>Blender 2.79.0 commit date:2017-09-11, commit time:10:43, hash:5bd8ac9</authoring_tool>
    </contributor>
    <created>2018-11-15T14:59:01</created>
    <modified>2018-11-15T14:59:01</modified>
    <unit name="meter" meter="1"/>
    <up_axis>Z_UP</up_axis>
  </asset>
  <library_cameras>
    <camera id="Camera-camera" name="Camera">
      <optics>
        <technique_common>
          <perspective>
            <xfov sid="xfov">49.13434</xfov>
            <aspect_ratio>1.777778</aspect_ratio>
            <znear sid="znear">0.1</znear>
            <zfar sid="zfar">100</zfar>
          </perspective>
        </technique_common>
      </optics>
      <extra>
        <technique profile="blender">
          <shiftx sid="shiftx" type="float">0</shiftx>
          <shifty sid="shifty" type="float">0</shifty>
          <YF_dofdist sid="YF_dofdist" type="float">0</YF_dofdist>
        </technique>
      </extra>
    </camera>
  </library_cameras>
  <library_lights>
    <light id="LAMP_FRONT_PEACH-light" name="Lamp.002">
      <technique_common>
        <ambient>
          <color>1 1 1</color>
        </ambient>
      </technique_common>
      <extra>
        <technique profile="blender">
          <type sid="type" type="int">3</type>
          <flag sid="flag" type="int">0</flag>
          <mode sid="mode" type="int">8192</mode>
          <gamma sid="blender_gamma" type="float">1</gamma>
          <red sid="red" type="float">1</red>
          <green sid="green" type="float">1</green>
          <blue sid="blue" type="float">1</blue>
          <shadow_r sid="blender_shadow_r" type="float">0</shadow_r>
          <shadow_g sid="blender_shadow_g" type="float">0</shadow_g>
          <shadow_b sid="blender_shadow_b" type="float">0</shadow_b>
          <energy sid="blender_energy" type="float">1</energy>
          <dist sid="blender_dist" type="float">29.99998</dist>
          <spotsize sid="spotsize" type="float">75</spotsize>
          <spotblend sid="spotblend" type="float">0.15</spotblend>
          <halo_intensity sid="blnder_halo_intensity" type="float">1</halo_intensity>
          <att1 sid="att1" type="float">0</att1>
          <att2 sid="att2" type="float">1</att2>
          <falloff_type sid="falloff_type" type="int">2</falloff_type>
          <clipsta sid="clipsta" type="float">1.000799</clipsta>
          <clipend sid="clipend" type="float">30.002</clipend>
          <bias sid="bias" type="float">1</bias>
          <soft sid="soft" type="float">3</soft>
          <compressthresh sid="compressthresh" type="float">0.04999995</compressthresh>
          <bufsize sid="bufsize" type="int">2880</bufsize>
          <samp sid="samp" type="int">3</samp>
          <buffers sid="buffers" type="int">1</buffers>
          <filtertype sid="filtertype" type="int">0</filtertype>
          <bufflag sid="bufflag" type="int">0</bufflag>
          <buftype sid="buftype" type="int">2</buftype>
          <ray_samp sid="ray_samp" type="int">1</ray_samp>
          <ray_sampy sid="ray_sampy" type="int">1</ray_sampy>
          <ray_sampz sid="ray_sampz" type="int">1</ray_sampz>
          <ray_samp_type sid="ray_samp_type" type="int">0</ray_samp_type>
          <area_shape sid="area_shape" type="int">0</area_shape>
          <area_size sid="area_size" type="float">10000</area_size>
          <area_sizey sid="area_sizey" type="float">100</area_sizey>
          <area_sizez sid="area_sizez" type="float">1</area_sizez>
          <adapt_thresh sid="adapt_thresh" type="float">0.000999987</adapt_thresh>
          <ray_samp_method sid="ray_samp_method" type="int">1</ray_samp_method>
          <shadhalostep sid="shadhalostep" type="int">0</shadhalostep>
          <sun_effect_type sid="sun_effect_type" type="int">0</sun_effect_type>
          <skyblendtype sid="skyblendtype" type="int">1</skyblendtype>
          <horizon_brightness sid="horizon_brightness" type="float">1</horizon_brightness>
          <spread sid="spread" type="float">1</spread>
          <sun_brightness sid="sun_brightness" type="float">1</sun_brightness>
          <sun_size sid="sun_size" type="float">1</sun_size>
          <backscattered_light sid="backscattered_light" type="float">1</backscattered_light>
          <sun_intensity sid="sun_intensity" type="float">1</sun_intensity>
          <atm_turbidity sid="atm_turbidity" type="float">2</atm_turbidity>
          <atm_extinction_factor sid="atm_extinction_factor" type="float">1</atm_extinction_factor>
          <atm_distance_factor sid="atm_distance_factor" type="float">1</atm_distance_factor>
          <skyblendfac sid="skyblendfac" type="float">1</skyblendfac>
          <sky_exposure sid="sky_exposure" type="float">1</sky_exposure>
          <sky_colorspace sid="sky_colorspace" type="int">0</sky_colorspace>
        </technique>
      </extra>
    </light>
    <light id="Lamp_WEST-light" name="Lamp.003">
      <technique_common>
        <directional>
          <color sid="color">1 1 1</color>
        </directional>
      </technique_common>
      <extra>
        <technique profile="blender">
          <type sid="type" type="int">1</type>
          <flag sid="flag" type="int">0</flag>
          <mode sid="mode" type="int">8192</mode>
          <gamma sid="blender_gamma" type="float">1</gamma>
          <red sid="red" type="float">1</red>
          <green sid="green" type="float">1</green>
          <blue sid="blue" type="float">1</blue>
          <shadow_r sid="blender_shadow_r" type="float">0</shadow_r>
          <shadow_g sid="blender_shadow_g" type="float">0</shadow_g>
          <shadow_b sid="blender_shadow_b" type="float">0</shadow_b>
          <energy sid="blender_energy" type="float">1</energy>
          <dist sid="blender_dist" type="float">29.99998</dist>
          <spotsize sid="spotsize" type="float">75</spotsize>
          <spotblend sid="spotblend" type="float">0.15</spotblend>
          <halo_intensity sid="blnder_halo_intensity" type="float">1</halo_intensity>
          <att1 sid="att1" type="float">0</att1>
          <att2 sid="att2" type="float">1</att2>
          <falloff_type sid="falloff_type" type="int">2</falloff_type>
          <clipsta sid="clipsta" type="float">1.000799</clipsta>
          <clipend sid="clipend" type="float">30.002</clipend>
          <bias sid="bias" type="float">1</bias>
          <soft sid="soft" type="float">3</soft>
          <compressthresh sid="compressthresh" type="float">0.04999995</compressthresh>
          <bufsize sid="bufsize" type="int">2880</bufsize>
          <samp sid="samp" type="int">3</samp>
          <buffers sid="buffers" type="int">1</buffers>
          <filtertype sid="filtertype" type="int">0</filtertype>
          <bufflag sid="bufflag" type="int">0</bufflag>
          <buftype sid="buftype" type="int">2</buftype>
          <ray_samp sid="ray_samp" type="int">1</ray_samp>
          <ray_sampy sid="ray_sampy" type="int">1</ray_sampy>
          <ray_sampz sid="ray_sampz" type="int">1</ray_sampz>
          <ray_samp_type sid="ray_samp_type" type="int">0</ray_samp_type>
          <area_shape sid="area_shape" type="int">1</area_shape>
          <area_size sid="area_size" type="float">0.1</area_size>
          <area_sizey sid="area_sizey" type="float">0.1</area_sizey>
          <area_sizez sid="area_sizez" type="float">1</area_sizez>
          <adapt_thresh sid="adapt_thresh" type="float">0.000999987</adapt_thresh>
          <ray_samp_method sid="ray_samp_method" type="int">1</ray_samp_method>
          <shadhalostep sid="shadhalostep" type="int">0</shadhalostep>
          <sun_effect_type sid="sun_effect_type" type="int">0</sun_effect_type>
          <skyblendtype sid="skyblendtype" type="int">1</skyblendtype>
          <horizon_brightness sid="horizon_brightness" type="float">1</horizon_brightness>
          <spread sid="spread" type="float">1</spread>
          <sun_brightness sid="sun_brightness" type="float">1</sun_brightness>
          <sun_size sid="sun_size" type="float">1</sun_size>
          <backscattered_light sid="backscattered_light" type="float">1</backscattered_light>
          <sun_intensity sid="sun_intensity" type="float">1</sun_intensity>
          <atm_turbidity sid="atm_turbidity" type="float">2</atm_turbidity>
          <atm_extinction_factor sid="atm_extinction_factor" type="float">1</atm_extinction_factor>
          <atm_distance_factor sid="atm_distance_factor" type="float">1</atm_distance_factor>
          <skyblendfac sid="skyblendfac" type="float">1</skyblendfac>
          <sky_exposure sid="sky_exposure" type="float">1</sky_exposure>
          <sky_colorspace sid="sky_colorspace" type="int">0</sky_colorspace>
        </technique>
      </extra>
    </light>
    <light id="Lamp-light" name="Lamp">
      <technique_common>
        <point>
          <color sid="color">1 1 1</color>
          <constant_attenuation>1</constant_attenuation>
          <linear_attenuation>0</linear_attenuation>
          <quadratic_attenuation>0.00111109</quadratic_attenuation>
        </point>
      </technique_common>
      <extra>
        <technique profile="blender">
          <type sid="type" type="int">0</type>
          <flag sid="flag" type="int">0</flag>
          <mode sid="mode" type="int">8192</mode>
          <gamma sid="blender_gamma" type="float">1</gamma>
          <red sid="red" type="float">1</red>
          <green sid="green" type="float">1</green>
          <blue sid="blue" type="float">1</blue>
          <shadow_r sid="blender_shadow_r" type="float">0</shadow_r>
          <shadow_g sid="blender_shadow_g" type="float">0</shadow_g>
          <shadow_b sid="blender_shadow_b" type="float">0</shadow_b>
          <energy sid="blender_energy" type="float">1</energy>
          <dist sid="blender_dist" type="float">29.99998</dist>
          <spotsize sid="spotsize" type="float">75</spotsize>
          <spotblend sid="spotblend" type="float">0.15</spotblend>
          <halo_intensity sid="blnder_halo_intensity" type="float">1</halo_intensity>
          <att1 sid="att1" type="float">0</att1>
          <att2 sid="att2" type="float">1</att2>
          <falloff_type sid="falloff_type" type="int">2</falloff_type>
          <clipsta sid="clipsta" type="float">1.000799</clipsta>
          <clipend sid="clipend" type="float">30.002</clipend>
          <bias sid="bias" type="float">1</bias>
          <soft sid="soft" type="float">3</soft>
          <compressthresh sid="compressthresh" type="float">0.04999995</compressthresh>
          <bufsize sid="bufsize" type="int">2880</bufsize>
          <samp sid="samp" type="int">3</samp>
          <buffers sid="buffers" type="int">1</buffers>
          <filtertype sid="filtertype" type="int">0</filtertype>
          <bufflag sid="bufflag" type="int">0</bufflag>
          <buftype sid="buftype" type="int">2</buftype>
          <ray_samp sid="ray_samp" type="int">1</ray_samp>
          <ray_sampy sid="ray_sampy" type="int">1</ray_sampy>
          <ray_sampz sid="ray_sampz" type="int">1</ray_sampz>
          <ray_samp_type sid="ray_samp_type" type="int">0</ray_samp_type>
          <area_shape sid="area_shape" type="int">1</area_shape>
          <area_size sid="area_size" type="float">0.1</area_size>
          <area_sizey sid="area_sizey" type="float">0.1</area_sizey>
          <area_sizez sid="area_sizez" type="float">1</area_sizez>
          <adapt_thresh sid="adapt_thresh" type="float">0.000999987</adapt_thresh>
          <ray_samp_method sid="ray_samp_method" type="int">1</ray_samp_method>
          <shadhalostep sid="shadhalostep" type="int">0</shadhalostep>
          <sun_effect_type sid="sun_effect_type" type="int">0</sun_effect_type>
          <skyblendtype sid="skyblendtype" type="int">1</skyblendtype>
          <horizon_brightness sid="horizon_brightness" type="float">1</horizon_brightness>
          <spread sid="spread" type="float">1</spread>
          <sun_brightness sid="sun_brightness" type="float">1</sun_brightness>
          <sun_size sid="sun_size" type="float">1</sun_size>
          <backscattered_light sid="backscattered_light" type="float">1</backscattered_light>
          <sun_intensity sid="sun_intensity" type="float">1</sun_intensity>
          <atm_turbidity sid="atm_turbidity" type="float">2</atm_turbidity>
          <atm_extinction_factor sid="atm_extinction_factor" type="float">1</atm_extinction_factor>
          <atm_distance_factor sid="atm_distance_factor" type="float">1</atm_distance_factor>
          <skyblendfac sid="skyblendfac" type="float">1</skyblendfac>
          <sky_exposure sid="sky_exposure" type="float">1</sky_exposure>
          <sky_colorspace sid="sky_colorspace" type="int">0</sky_colorspace>
        </technique>
      </extra>
    </light>
  </library_lights>
  <library_images/>
  <library_effects>
    <effect id="natarin-effect">
      <profile_COMMON>
        <technique sid="common">
          <phong>
            <emission>
              <color sid="emission">0 0 0 1</color>
            </emission>
            <ambient>
              <color sid="ambient">0 0 0 1</color>
            </ambient>
            <diffuse>
              <color sid="diffuse">0.64 0.64 0.64 1</color>
            </diffuse>
            <specular>
              <color sid="specular">0.5 0.5 0.5 1</color>
            </specular>
            <shininess>
              <float sid="shininess">50</float>
            </shininess>
            <index_of_refraction>
              <float sid="index_of_refraction">1</float>
            </index_of_refraction>
          </phong>
        </technique>
      </profile_COMMON>
    </effect>
    <effect id="RSoldier_001-effect">
      <profile_COMMON>
        <technique sid="common">
          <phong>
            <emission>
              <color sid="emission">0 0 0 1</color>
            </emission>
            <ambient>
              <color sid="ambient">0 0 0 1</color>
            </ambient>
            <diffuse>
              <color sid="diffuse">0.16 0.32 0.7184314 1</color>
            </diffuse>
            <specular>
              <color sid="specular">0 0 0 1</color>
            </specular>
            <shininess>
              <float sid="shininess">50</float>
            </shininess>
            <index_of_refraction>
              <float sid="index_of_refraction">1</float>
            </index_of_refraction>
          </phong>
        </technique>
      </profile_COMMON>
    </effect>
    <effect id="RSoldier_000-effect">
      <profile_COMMON>
        <technique sid="common">
          <phong>
            <emission>
              <color sid="emission">0 0 0 1</color>
            </emission>
            <ambient>
              <color sid="ambient">0 0 0 1</color>
            </ambient>
            <diffuse>
              <color sid="diffuse">0.16 0.32 0.7184314 1</color>
            </diffuse>
            <specular>
              <color sid="specular">0 0 0 1</color>
            </specular>
            <shininess>
              <float sid="shininess">50</float>
            </shininess>
            <index_of_refraction>
              <float sid="index_of_refraction">1</float>
            </index_of_refraction>
          </phong>
        </technique>
      </profile_COMMON>
    </effect>
    <effect id="dugunthiz_001-effect">
      <profile_COMMON>
        <technique sid="common">
          <phong>
            <emission>
              <color sid="emission">0 0 0 1</color>
            </emission>
            <ambient>
              <color sid="ambient">0 0 0 1</color>
            </ambient>
            <diffuse>
              <color sid="diffuse">0.64 0.64 0.64 1</color>
            </diffuse>
            <specular>
              <color sid="specular">0.5 0.5 0.5 1</color>
            </specular>
            <shininess>
              <float sid="shininess">50</float>
            </shininess>
            <index_of_refraction>
              <float sid="index_of_refraction">1</float>
            </index_of_refraction>
          </phong>
        </technique>
      </profile_COMMON>
    </effect>
    <effect id="RSoldier_002-effect">
      <profile_COMMON>
        <technique sid="common">
          <phong>
            <emission>
              <color sid="emission">0 0 0 1</color>
            </emission>
            <ambient>
              <color sid="ambient">0 0 0 1</color>
            </ambient>
            <diffuse>
              <color sid="diffuse">0.16 0.32 0.7184314 1</color>
            </diffuse>
            <specular>
              <color sid="specular">0 0 0 1</color>
            </specular>
            <shininess>
              <float sid="shininess">50</float>
            </shininess>
            <index_of_refraction>
              <float sid="index_of_refraction">1</float>
            </index_of_refraction>
          </phong>
        </technique>
      </profile_COMMON>
    </effect>
    <effect id="RSoldier_003-effect">
      <profile_COMMON>
        <technique sid="common">
          <phong>
            <emission>
              <color sid="emission">0 0 0 1</color>
            </emission>
            <ambient>
              <color sid="ambient">0 0 0 1</color>
            </ambient>
            <diffuse>
              <color sid="diffuse">0.16 0.32 0.7184314 1</color>
            </diffuse>
            <specular>
              <color sid="specular">0 0 0 1</color>
            </specular>
            <shininess>
              <float sid="shininess">50</float>
            </shininess>
            <index_of_refraction>
              <float sid="index_of_refraction">1</float>
            </index_of_refraction>
          </phong>
        </technique>
      </profile_COMMON>
    </effect>
  </library_effects>
  <library_materials>
    <material id="natarin-material" name="natarin">
      <instance_effect url="#natarin-effect"/>
    </material>
    <material id="RSoldier_001-material" name="RSoldier_001">
      <instance_effect url="#RSoldier_001-effect"/>
    </material>
    <material id="RSoldier_000-material" name="RSoldier_000">
      <instance_effect url="#RSoldier_000-effect"/>
    </material>
    <material id="dugunthiz_001-material" name="dugunthiz_001">
      <instance_effect url="#dugunthiz_001-effect"/>
    </material>
    <material id="RSoldier_002-material" name="RSoldier_002">
      <instance_effect url="#RSoldier_002-effect"/>
    </material>
    <material id="RSoldier_003-material" name="RSoldier_003">
      <instance_effect url="#RSoldier_003-effect"/>
    </material>
  </library_materials>
  <library_geometries>
    <geometry id="jead_001-mesh" name="jead.001">
      <mesh>
        <source id="jead_001-mesh-positions">
          <float_array id="jead_001-mesh-positions-array" count="1347">0.2381352 0.2556276 4.533445 0.1724219 0.1730505 4.471428 0.2482459 0.1558885 4.461204 0.1353581 0.1566728 4.513483 0.152197 0.006660938 4.291373 0.2354199 0.01836627 4.232527 0.1031774 0.03469175 4.226076 0.1575117 -0.03759378 4.177726 0.1672195 -0.03778129 4.089694 0.1406742 -0.03691792 4.093573 0.2607939 0.1290681 4.496031 0.2453924 0.03911495 4.272557 0.1041625 0.07024425 4.291988 0.1748262 0.2390395 4.526597 0.2811435 0.2141794 4.509067 0.1047746 -0.02528691 4.0232 0.1550875 -0.06746762 4.121548 0.1419079 -0.0265243 4.01662 0.240311 0.238426 4.602422 0.2051039 0.1559054 4.590176 -0.2399547 0.2556276 4.533445 -0.1742414 0.1730505 4.471428 -0.2500654 0.1558885 4.461204 -0.1371776 0.1566728 4.513483 -0.1540164 0.006660938 4.291373 -0.2372394 0.01836627 4.232527 -0.1049969 0.03469175 4.226076 -0.1593312 -0.03759378 4.177726 -0.169039 -0.03778129 4.089694 -0.1424937 -0.03691792 4.093573 -0.2626134 0.1290681 4.496031 -0.2472119 0.03911495 4.272557 -0.105982 0.07024425 4.291988 -0.1766457 0.2390395 4.526597 -0.2829629 0.2141794 4.509067 -0.1074602 -0.02528691 4.0232 -0.156907 -0.06746762 4.121548 -0.1445935 -0.0265243 4.01662 -0.2421305 0.238426 4.602422 -0.2069234 0.1559054 4.590176 -0.03289282 0.2285463 3.804041 -0.05358707 0.2311687 3.80404 -0.0368424 0.203453 3.829578 -0.1949404 -0.1948369 3.80404 -0.125277 -0.3067057 3.80404 -0.1232736 -0.2973084 3.829578 0.09893196 0.05354583 4.035979 -0.2609654 -0.03612017 3.80404 -0.219742 -0.1332582 3.80404 -0.2502184 -0.04415893 3.829577 0.1752656 0.12203 3.804042 0.1759596 0.1285349 3.804042 0.04055303 0.2302769 3.804041 0.02168387 0.2279375 3.804041 0.03187072 0.2050721 3.829579 0.03463041 -0.2044039 4.035977 -0.1563779 0.2043246 3.80404 -0.2025616 0.1364981 3.805044 -0.1275767 0.0622195 4.037358 -0.2432111 0.05749857 3.80404 -0.2336082 0.04342722 3.829578 0.1817677 0.1114755 3.804042 0.1639859 0.09392595 3.82958 -0.2026925 0.1369896 3.80404 -0.1040832 -0.3075966 3.804041 -0.08544594 -0.3296414 3.80404 -0.08600908 -0.3187663 3.829578 0.14916 -0.06668454 4.03598 0.09154367 -0.3090205 3.804041 0.1916131 -0.2368437 3.804042 -0.1093357 -0.3166608 3.80404 -0.1047819 -0.3128831 3.80404 0.1759936 0.137093 3.804042 0.1444605 0.2007201 3.804041 0.1585838 0.1178928 3.82958 -0.1204445 0.2133716 3.80404 -0.1187525 0.1892561 3.829578 0.06968772 -0.3134212 3.804041 0.07581716 -0.3176156 3.804041 -0.01642715 -0.06898462 4.167137 -0.1974823 -0.1803727 3.80404 0.01817125 0.1184402 4.035979 0.006859123 0.1170377 4.035979 0.02365511 -0.2172746 4.035977 -0.004656791 0.2370712 3.804041 0.2590484 -0.07851999 3.804042 0.254866 -0.06286007 3.804042 0.2323738 -0.06917577 3.82958 0.2362868 -0.0838266 3.82958 0.05667382 0.1061927 4.035979 0.1572661 -0.2475602 3.689756 -0.1691414 -0.2747868 3.680515 -0.1230078 -0.1364169 4.035977 -0.0685386 -0.2040167 4.035977 -0.004915595 -0.274385 3.678115 -0.004915714 -0.2951507 3.702988 -0.038266 0.1189749 4.035979 -0.1245316 -0.1277456 4.035975 0.2629626 -0.03211951 3.665621 0.2470668 0.03406095 3.80651 0.2629625 -0.01857328 3.80651 0.2012971 0.1161332 3.64954 0.1311738 0.202165 3.80651 0.1311739 0.1873317 3.641816 0.04515486 0.2402712 3.806509 0.04515498 0.2252155 3.637706 -0.04638463 0.2402712 3.806509 -0.1324034 0.1873314 3.641815 -0.1324036 0.2021651 3.806508 -0.2482964 0.02020758 3.659943 -0.2025268 -0.2371273 3.687857 -0.1324035 -0.2963995 3.806508 0.04515504 -0.3462094 3.699692 0.04515486 -0.3345057 3.806509 0.1311739 -0.3083254 3.695582 0.1311739 -0.2963995 3.80651 0.2470669 -0.1412015 3.677454 0.2470669 -0.1282953 3.80651 -0.2482964 0.03406089 3.806508 -0.2641923 -0.01857346 3.806508 -0.2482965 -0.1282955 3.806508 -0.2025269 -0.2247835 3.806508 -0.04638433 -0.3345057 3.806509 0.2012972 -0.2247834 3.80651 0.201297 0.130549 3.80651 -0.2025269 0.1305489 3.806508 -0.04638433 -0.3462095 3.699691 -0.1324034 -0.3083256 3.695581 -0.2482964 -0.1412019 3.677452 -0.2641922 -0.03211957 3.665619 -0.2025268 0.116133 3.649538 -0.1749953 0.1440865 3.646506 -0.04638451 0.2252154 3.637706 0.2470669 0.02020794 3.659945 0.2012972 -0.2371269 3.687859 0.1290826 0.1774199 3.82958 0.08046418 0.1007208 4.035979 0.09936839 0.06257617 4.035979 0.09195631 0.185959 3.82958 -0.195578 0.1173362 3.830517 -0.1519463 0.01485902 4.035976 0.1579027 0.1038004 3.82958 0.1585519 0.1098861 3.82958 0.099348 0.05744552 4.035979 0.01421743 0.2028834 3.829579 -0.008932173 0.1225134 4.035979 -0.1523704 0.180792 3.829578 -0.09988951 0.1028817 4.035979 -0.2116514 -0.1350376 3.829577 -0.1378764 -0.09950029 4.035975 -0.16259 -0.04126572 4.035975 -0.05620318 0.2059064 3.829578 -0.07834726 0.1083054 4.035979 -0.01042592 0.2114285 3.829579 -0.02585971 0.1174028 4.035979 0.1731968 -0.2319482 3.829579 -0.1908261 -0.1791161 3.829577 -0.1034454 -0.298142 3.829578 -0.07168745 -0.2094507 4.035977 0.1028299 0.04721838 4.035979 0.1466526 -0.05729639 4.03598 0.1047771 0.2098474 3.804041 0.2366773 -0.1473943 3.804042 0.2153571 -0.1482627 3.82958 -0.1083595 -0.3066221 3.829578 0.04970037 -0.3297114 3.804041 0.04042863 -0.3188318 3.829578 0.0680077 -0.3082425 3.804041 0.05755627 -0.2987462 3.829578 -0.08124434 -0.2034826 4.035977 0.1357484 -0.1079749 4.03598 0.1087324 -0.1616001 4.035977 0.07957565 -0.299474 3.829579 0.04874032 -0.2048703 4.035977 -0.05736547 -0.2172327 4.035977 -0.188448 -0.1926482 3.829578 0.07076418 0.2795073 3.815829 0.0401138 0.08656972 4.177309 -0.04943311 0.08699482 4.177309 -0.05749833 0.2801162 3.815829 -0.01185488 -0.1748456 4.011287 -0.00330007 0.2231066 3.616827 0.02709287 0.2623255 3.638092 -0.02748382 0.2629344 3.638091 0.04339647 0.2042322 4.055905 0.04831695 0.2305896 4.007671 0.03815484 0.2168385 4.010509 0.03404802 0.2186201 4.011229 -0.05622315 0.2310858 4.007671 -0.0556032 0.2047022 4.055904 -0.05410552 0.2172031 4.010202 -0.06245374 0.003574609 4.221988 0.04688578 0.003055632 4.221988 0.1929563 -0.118942 3.753438 0.1854826 0.036134 3.505312 0.1385514 -0.09311258 3.329696 0.1273413 -0.1683232 3.480232 0.08255296 -0.2384983 3.367961 0.08962678 -0.2804009 3.451109 0.1503984 -0.1834716 3.563742 0.1932218 0.03958004 3.709952 0.2084587 -0.119059 3.753362 0.2087239 0.03946298 3.709876 0.2105045 0.03601688 3.505236 0.1590387 -0.09322971 3.329621 0.1708857 -0.1835887 3.563667 0.1620746 -0.1684402 3.480156 0.1022883 -0.280518 3.451032 0.09521442 -0.2386152 3.367886 -0.2094158 -0.118942 3.753438 -0.2019422 0.03613394 3.505312 -0.1550109 -0.09311258 3.329696 -0.1438008 -0.1683232 3.480232 -0.09901249 -0.2384983 3.367961 -0.1060863 -0.2804009 3.451109 -0.166858 -0.1834716 3.563742 -0.2096813 0.03958004 3.709951 -0.2344381 -0.119059 3.753362 -0.2347033 0.03946298 3.709876 -0.2269641 0.03601688 3.505236 -0.1754982 -0.09322971 3.329621 -0.1873453 -0.1835887 3.563667 -0.1785342 -0.1684402 3.480156 -0.1187478 -0.280518 3.451032 -0.1116739 -0.2386152 3.367886 -0.03565728 -0.07242226 4.203052 -0.05202233 -0.1039547 4.278747 0.03114867 -0.1043494 4.278747 0.01040834 -0.07264095 4.203052 0.02549701 -0.1045563 4.278695 -1.658623 -2.3296 3.033958 -1.724787 -2.226679 3.110004 -1.785655 -2.227226 3.069785 -1.823597 1.875341 3.066274 -1.75047 -2.981084 3.072475 -1.714079 -2.226138 3.06317 -1.837812 -2.330687 3.047606 -1.684263 -2.13979 3.033001 -1.712997 -2.140332 3.159134 -1.750698 -2.981088 3.073465 -1.751526 -2.981093 3.072719 -1.818636 -2.140877 3.06401 -1.717958 1.875886 3.161398 -1.689224 1.876427 3.035265 -1.687501 -2.330141 3.160363 0.4524807 0.1187858 2.149452 0.4648841 0.3756185 2.196402 0.4458497 0.3704541 2.346461 0.4700371 0.1187844 2.29717 0.06596589 0.5191263 2.284744 0.1737991 0.5711033 2.427586 -0.2048767 0.5279417 2.644755 -0.07127034 0.5034987 2.73276 0.1348657 -0.3643224 2.587214 0.0830065 -0.4162994 2.427586 -0.1889925 -0.3643304 2.593466 0.01042908 -0.3643224 2.284744 0.4078729 -0.2653169 2.196402 0.428871 -0.249872 2.34646 0.4569123 0.3714977 2.51637 0.4597091 0.1187859 2.469422 0.1602469 0.456575 2.587214 0.00859493 0.5006639 2.766175 0.4101908 -0.265317 2.516369 -0.1583757 0.5062561 2.650363 -0.4065668 0.4698137 2.912847 -0.4585189 0.2475661 3.217288 -0.2370761 0.2796906 3.195112 -0.1171018 0.4617442 2.977121 -0.4320412 0.01781225 3.293026 -0.3389918 0.1727247 3.404734 -0.3947705 -0.3253769 3.038284 -0.2370761 -0.3099313 3.134717 -0.3553498 -0.3643369 2.851002 -0.2109916 -0.4163157 2.881146 0.0129953 -0.3326114 2.746709 -0.08813732 -0.4163089 2.691614 -0.1424944 0.2270805 3.33331 -0.09795874 0.5029388 2.891918 -0.2408152 0.04869413 3.357538 -0.09795892 -0.3037407 2.891918 -0.08617609 -0.2647807 3.075716 1.776122 1.600824 3.183726 2.010465 0.09143412 3.151816 1.286926 0.09548455 3.488288 1.264245 1.603568 3.253429 0.4997608 0.09953457 3.357527 0.7523697 1.606314 3.323135 1.757858 -1.415345 3.186214 1.245984 -1.4126 3.255913 0.7341042 -1.409856 3.325617 1.778053 1.600824 3.192087 1.266176 1.603568 3.26179 1.288856 0.09548455 3.496649 2.012396 0.09143412 3.160177 0.7543001 1.606314 3.331496 0.5016915 0.09953457 3.365888 1.247915 -1.4126 3.264275 1.759789 -1.415345 3.194574 0.7360354 -1.409856 3.333977 -0.2102079 -0.02025055 3.818008 -0.1901479 0.01837289 3.417438 0.2031862 -0.02025055 3.818011 0.1831331 0.01837295 3.417438 -0.1490961 -0.2802305 3.782474 -0.08518618 -0.2720103 3.391185 0.1375406 -0.2802305 3.782476 0.07363146 -0.2720103 3.391185 -0.1184927 0.1107024 3.762189 -0.00864464 0.2235762 3.69839 0.1365381 0.1107007 3.762193 0.1843194 0.02091974 3.417275 0.1293126 0.1618375 3.418014 -0.1050772 0.1628139 3.417726 -0.01626604 0.1860622 3.419477 -0.2098368 -0.1569281 3.806624 -0.1710802 -0.1988971 3.583875 -0.1171411 -0.3148341 3.556048 -0.1449835 -0.1500622 3.362259 -0.2162584 -9.34038e-4 3.617724 0.2092115 -9.46352e-4 3.617725 0.1640592 -0.1988973 3.583877 0.137975 -0.1504716 3.359616 0.1055856 -0.3148342 3.556049 0.2028154 -0.1569283 3.806627 -0.005777537 -0.2802305 3.782475 -0.1731649 -0.2304667 3.65433 0.166144 -0.2304667 3.654332 0.001334547 -0.3746699 3.58732 0.03900468 -0.3148536 3.556048 0.001336038 -0.367704 3.629841 -0.03633594 -0.3148536 3.556048 0.07878965 -0.1826535 3.119953 0.0541709 -0.2839804 2.878701 0.3344864 -0.2187708 2.862493 0.3362746 -0.1665448 2.958173 0.3981806 -0.06493091 3.112028 0.4280928 0.07392245 3.235148 0.4207082 0.1253375 3.218571 0.3753297 0.2840965 3.003782 0.3301153 0.3097417 2.854735 0.4203552 0.01810485 3.223055 0.3846479 -0.1209845 3.052328 0.04629415 0.3071372 2.914982 0.4357467 0.1285821 3.242041 0.3874084 0.2976959 3.013243 0.443613 0.07215559 3.270057 0.4353706 0.01019608 3.255669 0.1485932 -0.08017075 3.320985 0.070665 0.2956198 3.0829 0.03924375 0.3241788 2.913702 0.1034003 -0.1587783 3.238613 0.07627683 -0.2086582 3.138347 0.3973344 -0.1379652 3.064955 0.3454174 -0.1955239 2.956846 0.04843723 -0.3074331 2.882611 0.3436379 -0.2479323 2.860414 0.1422556 0.128733 3.310475 0.338442 0.3269531 2.848171 0.4117497 -0.07825553 3.12855 0.1738563 0.04698526 3.326292 -1.872536 0.116881 3.105101 1.847608 0.1168658 3.111864 1.848677 -0.1231876 3.168984 -1.658009 0.01647359 3.17503 -1.626355 -0.1209704 3.037347 1.5866 0.09794974 3.011729 1.633403 0.01647037 3.182767 1.60112 -0.1209574 3.045245 0.4289299 -0.02405673 1.223753 0.08205604 -0.02442824 1.202812 0.1733614 -0.4039305 0.002129733 -0.4065822 -0.1895741 2.894633 9.28307e-4 -0.1549994 3.328542 -1.612264 0.09501504 3.00498 -1.65783 0.07568645 3.174242 -0.4227681 -0.247725 2.172206 1.601018 -0.1131589 3.044802 0.5127007 -0.04742121 3.283707 -0.02244049 -0.285131 2.893168 0.2068878 0.1830288 3.220719 0.1820019 0.3937029 1.499534 -0.1541717 0.3936967 1.496511 -0.2206482 -0.3729059 1.5478 0.2180587 -0.3729047 1.547833 -0.5459492 0.286431 1.547766 0.5424069 0.2864364 1.547882 -0.4271138 0.2584282 2.181615 0.419341 0.2584327 2.180704 -0.2490826 0.1338598 1.198943 -0.3829554 0.1769894 1.831042 -0.08205604 -0.02442824 1.211228 -0.03055238 0.1765816 1.807237 -0.2607011 -0.08606088 0.1930382 -0.2431452 -0.2043769 0.9977698 -0.1610171 0.2084753 0.004186213 -0.1733614 -0.4039305 0.002129733 -1.611988 0.09796231 3.003761 -1.873343 -0.1232002 3.162231 -1.83917 -0.1246984 2.970948 1.81363 -0.1246855 2.977882 0.2490826 0.1338598 1.190527 0.2431452 -0.2043769 0.9893543 0.2607011 -0.08606088 0.1930382 0.2471483 -0.275974 1.42852 0.243673 -0.2103816 1.796766 0.3829554 0.1769894 1.831043 -1.03818 0.2488247 3.090317 -1.626187 -0.1131908 3.036603 -1.04176 -0.08892083 3.086269 -1.007146 0.07976418 3.000561 -0.3949493 0.3025278 2.903847 -1.06243 -0.04379785 3.235126 0.9903962 0.2489778 3.119008 1.586933 0.09498357 3.013174 1.01531 -0.04379773 3.26384 0.9939562 -0.089055 3.11492 0.9589505 0.07980984 3.029279 0.3653562 0.2998512 2.911963 0.4150016 -0.2477208 2.171295 -0.5459491 -0.1740467 1.547766 -0.5149934 0.1372714 3.185488 -0.4243429 0.02788585 3.266512 0.001026153 0.1282198 3.35259 -0.2170965 0.1821019 3.223133 0.399286 0.02788585 3.266512 0.4871315 0.1415845 3.181174 0.5424067 -0.1740417 1.547882 -0.2471484 -0.275974 1.436935 -0.243673 -0.2103816 1.796766 -0.3657453 0.2103645 0.004179 -1.840227 0.09827911 2.970119 1.814682 0.09826612 2.977048 0.03055238 0.1765816 1.807237 0.3850721 -0.3737065 0.002130866 0.3779783 -0.1960504 2.891643 0.5184448 0.1230345 3.308585 -0.42893 -0.02405673 1.232169 -0.3850721 -0.3737065 0.002130866 0.3657453 0.2103645 0.004179 0.1610171 0.2084753 0.004186213 -0.5493943 -0.04738903 3.268641 1.631586 0.07567846 3.174898 -0.5550251 0.1229508 3.293529 -0.4449408 0.1253375 3.218571 -0.3995623 0.2840965 3.003782 -0.4445878 0.01810485 3.223055 -0.4116411 0.2976959 3.013243 -0.09489762 0.2956198 3.0829</float_array>
          <technique_common>
            <accessor source="#jead_001-mesh-positions-array" count="449" stride="3">
              <param name="X" type="float"/>
              <param name="Y" type="float"/>
              <param name="Z" type="float"/>
            </accessor>
          </technique_common>
        </source>
        <source id="jead_001-mesh-normals">
          <float_array id="jead_001-mesh-normals-array" count="2166">-0.7520234 0.4386895 -0.4919475 0.1161549 0.5903256 -0.7987639 -0.7519985 -0.5712861 0.328832 -0.8380578 -0.5205072 0.1634978 0.2465236 -0.8837499 0.3977591 -0.7171177 0.2394006 0.6545453 -0.7543622 -0.5729918 0.3203408 -0.6708161 -0.7150838 0.1966242 0.98099 -0.1608774 0.108523 0.2909015 -0.9295541 0.2265071 0.3704634 -0.8591453 0.3530246 0.368872 -0.8707774 0.3250849 -0.5916897 0.7757462 -0.219366 0.9577036 0.2379662 -0.1617898 -0.08542782 0.6408956 -0.7628598 0.8893867 -0.1463122 -0.43311 0.7278395 0.6704088 0.1442281 0.8536743 -0.2721208 0.4440613 -0.891101 -0.00487715 0.4537789 0.6876977 -0.6429125 -0.337247 0.9551082 -0.2766776 0.1059153 0.7365984 -0.3956688 0.5485154 -0.2702994 0.9321296 0.2409831 -0.7374281 0.2198414 0.6386468 -0.5085011 -0.7309483 0.4551277 0.05680561 0.9892802 0.1345283 0.05183708 0.9895587 0.134486 -0.9433887 -0.2742574 0.1865496 0.7520235 0.4386896 -0.4919474 -0.1161428 0.5903267 -0.798765 0.7519988 -0.5712859 0.328832 0.8380578 -0.5205072 0.1634978 -0.2465235 -0.8837499 0.3977593 0.7171179 0.2394008 0.6545451 0.7543621 -0.5729919 0.3203409 0.670816 -0.7150839 0.1966242 -0.9809896 -0.1608793 0.1085231 -0.2909018 -0.9295541 0.2265073 -0.3704634 -0.8591452 0.3530246 -0.3688721 -0.8707774 0.3250848 0.5916899 0.7757459 -0.219366 -0.9577032 0.2379677 -0.16179 0.08542782 0.6408956 -0.7628598 -0.8893865 -0.1463128 -0.4331099 -0.7278388 0.6704095 0.1442286 -0.8536746 -0.2721197 0.4440613 0.8961817 -0.01680731 0.4433687 -0.6946268 -0.6388093 -0.3307815 -0.9551085 -0.2766763 0.1059156 -0.736598 -0.3956694 0.5485156 0.2702991 0.9321296 0.240983 0.7374282 0.2198418 0.6386465 0.5085012 -0.7309484 0.4551275 -0.05191826 0.9894762 0.1350605 -0.05691415 0.9891881 0.1351582 0.9433885 -0.274258 0.1865496 0.08910447 0.7035283 0.7050591 0.08914715 0.7035158 0.7050662 -0.8213316 -0.5114584 0.2526357 -0.8213282 -0.5114635 0.2526367 0.534765 0.3294451 0.778134 -0.8899471 -0.3776815 0.255638 -0.8899531 -0.3776714 0.2556321 0.8525497 -0.09094518 0.5146727 0.852545 -0.09094631 0.5146805 -0.6497461 0.123208 0.7501 -0.08974909 0.7239437 0.6839962 -0.08975976 0.7239414 0.6839972 -0.02308702 -0.7000205 0.7137495 -0.6880722 0.4766196 0.5471659 -0.6880777 0.4766203 0.5471583 -0.5759845 0.2739003 0.7702081 -0.1475913 0.554394 0.819063 -0.7703226 0.3899539 0.5045186 -0.7703121 0.3899623 0.5045282 0.6162493 0.3796536 0.6900001 0.6162628 0.3796473 0.6899915 -0.8438567 0.4302196 0.3206509 -0.7689998 0.5288285 0.3591377 -0.4938914 0.3630947 0.7900846 -0.7394222 -0.6251413 0.2499064 -0.7394251 -0.6251373 0.2499077 0.610269 -0.1982219 0.7669941 0.506609 -0.7023924 0.4999924 0.5066207 -0.7023875 0.4999874 1.73803e-4 -2.53265e-4 1 0.6513398 0.3227932 0.6867032 0.651333 0.3227921 0.68671 -0.1884065 0.7077859 0.6808393 -0.1884154 0.707784 0.6808388 0 -2.46338e-5 1 -0.6696376 -0.2841804 0.6861683 -3.8619e-6 -9.3075e-5 1 -0.8884522 0.1684877 0.4269245 -0.8884565 0.1684865 0.4269161 0.7511444 -0.002984404 0.6601313 -0.8757744 -0.4137676 0.2486279 -0.8757722 -0.4137709 0.2486299 -0.07201826 0.5807457 0.8108934 -3.39332e-4 -0.6625683 0.7490014 -0.9519914 -0.1673023 0.2563636 -0.9519946 -0.1672868 0.2563618 0.002239525 0.4718649 0.8816681 0.002241551 0.4718645 0.8816683 0.563439 0.2792356 0.7775373 0.7128788 0.1903967 0.6749466 0.712881 0.1903966 0.6749443 0.1727694 0.5431174 0.82169 -0.6118797 -0.3810353 0.69312 -0.548677 -0.4638589 0.695549 -0.00748527 -0.7676222 -0.640859 0.1704437 -0.7564124 -0.6314978 0.5958955 0.2498638 0.7632017 0.07309788 0.5764126 0.8138828 0.7858074 -0.08381897 0.6127651 -0.6599188 -0.3117854 0.6835913 0.3874933 -0.5372491 0.7491412 -0.1695008 0.5614042 0.8099969 0.9572898 0.2878472 -0.02720594 0.9569277 0.2889938 -0.02778577 0.9034793 0.4268358 -0.03919893 0.9027624 0.4282311 -0.04047477 0.713043 0.6981823 -0.06411904 0.7144584 0.6968573 -0.06276291 0.4049714 0.9107142 -0.08122736 0.4036687 0.9112169 -0.08206975 -4.80266e-7 0.9960461 -0.08883875 -4.80266e-7 0.9960461 -0.08883845 -0.4049782 0.9106402 -0.0820204 -0.4036926 0.9112772 -0.0812785 -0.7144656 0.6967384 -0.06398802 -0.714467 0.6967371 -0.06398844 -0.7131015 0.6982344 -0.06288945 -0.9034878 0.4267119 -0.04033327 -0.9028041 0.4282498 -0.03933048 -0.9572908 0.2877997 -0.02767193 -0.9569396 0.2889991 -0.02731674 -0.9896676 -0.1426694 0.01426702 -0.9895744 -0.1433618 0.01378297 -0.9035017 -0.4262841 0.04434698 -0.902674 -0.4281893 0.04282093 -0.7145124 -0.6956142 0.074786 -0.71263 -0.6977744 0.0725913 -0.4050343 -0.9088625 0.099581 -0.40309 -0.9099168 0.0978266 7.5744e-7 -0.9940512 0.1089147 7.5744e-7 -0.994051 0.1089156 0.4050352 -0.9090626 0.09773379 0.4030144 -0.9097492 0.09967899 0.7145085 -0.6958713 0.07239347 0.7125037 -0.6976481 0.07500463 0.9034972 -0.4264669 0.04264962 0.9026069 -0.4281553 0.04454267 0.9896669 -0.1427274 0.01372367 0.9895667 -0.1433604 0.01433748 2.30955e-5 0 1 1.70873e-5 9.58577e-6 1 1.37507e-6 6.63397e-6 1 -9.37473e-6 0 1 -1.70874e-5 1.43787e-5 1 0 0 1 -4.68736e-6 1.73429e-6 1 -3.46476e-6 3.6152e-7 1 -1.70875e-5 -1.43788e-5 1 -7.21684e-6 -2.67018e-6 1 -3.81506e-6 -3.18457e-7 1 0 -6.63404e-6 1 -4.39401e-6 0 1 0 -9.58581e-6 1 5.10514e-6 -0.1078523 -0.994167 1.70875e-5 -0.107827 -0.9941697 0 -0.1078481 -0.9941674 4.68735e-6 -0.1078432 -0.9941679 1.36194e-4 -0.1078168 -0.9941709 -7.53955e-5 -0.1078314 -0.9941692 1.40664e-5 -0.1078494 -0.9941673 0 -0.107841 -0.9941682 6.14783e-6 -0.1078422 -0.9941681 4.7319e-6 -0.1078383 -0.9941685 3.41751e-5 -0.1078343 -0.9941689 0 -0.1078443 -0.9941678 -1.26711e-5 -0.1078444 -0.9941679 7.63013e-6 -0.1078415 -0.9941681 6.92951e-6 -0.1078429 -0.9941679 0 -0.1078375 -0.9941686 0 -0.1078342 -0.994169 0.8386574 0.4156309 0.3520011 0.8386561 0.4156328 0.3520019 0.2070377 0.9001361 0.383263 0.2070326 0.9001371 0.3832635 -0.8231331 0.4186699 0.3836242 -0.8262577 0.4140085 0.3819624 0.9627668 -0.1027057 0.2500635 0.962766 -0.1027057 0.2500663 0.2882497 -0.9547453 0.07330465 0.711026 -0.6063185 0.356118 0.7110255 -0.606319 0.3561182 -0.7588858 0.5224844 0.3887192 -0.7546145 0.5270761 0.3908295 -0.8557844 -0.363177 0.3684233 -0.8557844 -0.3631768 0.3684234 0.8746404 -0.2840934 0.3928042 0.8746416 -0.2840927 0.3928022 -0.2363703 0.8879604 0.3945322 -0.2363668 0.887961 0.3945325 0.004639804 0.9774578 0.21108 -0.8979714 0.3278822 0.2934975 -0.8262659 0.5333461 0.1811813 -0.715654 0.5337375 0.4505149 0.8197519 -0.4129922 0.3967928 0.8197438 -0.4130025 0.3967986 -0.8404401 -0.3970726 0.3687735 -0.8404394 -0.3970729 0.3687749 0.8623068 -0.4996958 0.08204251 0.8623115 -0.4996888 0.08203703 0.1164343 0.918905 0.3769041 0.1164418 0.9189042 0.3769037 0.8674899 0.3637359 0.3393489 0.8674899 0.3637374 0.3393471 -0.1139225 0.918744 0.3780623 -0.1138978 0.9187467 0.3780634 0.1566005 0.6808521 0.7154836 0.1565901 0.6808536 0.7154845 -0.7360312 -0.129166 0.6645105 0.5472064 -0.4666522 0.6948388 0.2097257 0.6593121 0.7220268 0.2097173 0.6593257 0.7220169 0.7212214 -0.3633555 0.5897563 0.7212119 -0.363356 0.5897676 0.8526581 -0.4940727 0.1699013 0.1905686 0.5496297 0.8133823 0.3253719 0.9383434 -0.116811 0.3771597 0.9182463 -0.120724 -0.9550535 -0.2882105 -0.06933867 -0.9481192 -0.2973778 -0.1124123 0.8538047 -0.4947919 0.1618607 0.8538212 -0.4947667 0.1618502 -4.80663e-4 -0.9200503 0.3918002 -4.79075e-4 -0.9200557 0.3917874 -0.1401677 0.5567579 0.8187635 0.8274054 -0.00328952 0.5615957 0.827399 -0.003290057 0.561605 -0.1786262 0.709443 0.6817501 -0.1786112 0.7094428 0.6817544 0.6827985 0.2862994 0.6721748 0.6828134 0.2862944 0.6721618 0.748661 -0.2431738 0.616744 0.7486608 -0.2431743 0.6167441 0.6659562 -0.5678935 0.4837349 0.6659541 -0.5678949 0.4837362 0.6111773 0.1632369 0.774478 -0.4993662 -0.7996617 0.3334287 -0.4993749 -0.7996573 0.3334263 -0.0310955 -0.9409326 0.3371629 -0.03110718 -0.9409306 0.3371676 -0.3507697 -0.5616784 0.7493185 0.5802516 -0.2923612 0.7601534 0.1286479 0.5593985 0.8188548 0.9011976 0.2406953 0.3604288 0.901197 0.2406957 0.3604296 0.9614875 -0.003823339 0.2748225 0.961487 -0.00381869 0.2748238 0.2794628 0.8785732 0.387311 0.2794708 0.8785703 0.3873118 -0.03009843 -0.9103412 0.4127627 -0.03009074 -0.9103415 0.4127629 -0.2244509 0.8914712 0.3935747 -0.224451 0.8914712 0.3935747 0.7982524 0.4917582 0.3478033 0.7982527 0.4917564 0.347805 0.5316214 -0.7370693 0.4172621 0.5316259 -0.7370669 0.4172604 -0.9076057 0.1721177 0.3829197 -0.9076064 0.1721152 0.3829191 -0.7031737 -0.5944926 0.3900324 -0.7031797 -0.5944868 0.3900305 -0.4749993 -0.7606391 0.4424974 -0.4749929 -0.7606398 0.4425032 -0.7845448 -0.4885527 0.3818453 -0.7845439 -0.4885541 0.3818454 -0.9268592 -0.1628671 0.3382405 -0.9268755 -0.1627972 0.338229 -4.6726e-4 -0.8972799 0.441462 -4.65949e-4 -0.8972802 0.4414613 -0.004599452 -0.9688551 -0.2475859 -0.004598498 -0.968855 -0.2475863 -0.2670106 0.8843582 0.3829047 0.9810666 0.1762167 0.08035057 0.9384022 0.2706986 0.2147641 0.9489922 0.3057588 0.07697707 -0.8483848 -0.3060547 -0.431942 -0.9829656 -0.1647798 -0.08140254 -0.9607897 -0.2701088 -0.0626468 0.5673493 -0.7673109 -0.298913 0.4190672 0.8861713 0.1976949 0.9831877 -0.1381295 -0.1194246 0.965705 -0.1990074 -0.1667636 0.923977 -0.3708066 -0.09364348 0.7314763 -0.6763116 -0.08686286 0.7910103 -0.6042897 -0.09558749 0.0047248 0.995237 -0.0973699 0.01110595 0.9954766 -0.09435713 0.9704883 -0.0421369 -0.2374385 0.934827 -0.2195473 -0.2791015 0.9824821 -0.1857472 -0.01506543 0.02853113 0.0824387 -0.9961877 -0.02503645 0.08296996 -0.9962375 -0.9861136 0.07439684 -0.1484758 0.02526956 -0.4699777 -0.8823165 0.02530145 -0.4699779 -0.8823155 0.002215564 0.4669756 0.8842675 0.002215683 0.4669759 0.8842674 -0.3268583 -0.942628 0.06794291 0.7311248 -0.677527 -0.08008676 0.8189221 -0.5545991 -0.1476022 -0.9065272 -0.406523 -0.1137872 -0.8762626 -0.4653406 -0.124989 0.005301117 0.473474 -0.8807919 -0.7515297 0.6081474 0.255656 -0.004163861 -0.8773419 -0.4798477 -0.004164516 -0.8773412 -0.4798491 0.9834314 0.1640657 0.07710438 -0.003405272 -0.7180356 -0.695998 -0.003412067 -0.7180345 -0.6959992 -0.7969514 0.6011481 0.05907177 0.9870831 0.1566717 0.03348016 0.9598478 0.2713671 0.07107925 -0.79806 0.5996313 0.05951958 -0.04934895 0.1634198 0.9853216 0.04900705 0.1412764 0.9887565 9.30361e-4 0.1969029 0.9804226 -0.9992215 0.01198434 0.0375871 -0.974539 0.1881436 0.1219669 -0.6401696 0.7052339 0.304677 -0.8689445 0.4083002 0.2796897 -0.950841 0.2994812 0.07881915 -0.9690946 0.1950186 0.1510742 0.999962 7.10972e-4 0.008689105 0.9691607 -0.2094095 -0.1299048 0.9553369 -0.2562069 -0.147273 0.8428378 -0.4483554 -0.2976608 0.8828716 -0.4127394 -0.2240179 0.9706417 -0.2074859 -0.1216732 -0.004217088 -0.9464248 0.322897 -0.005576431 -0.9463701 0.3230366 -0.00495404 -0.2527175 -0.9675275 -0.008146822 -0.2511922 -0.967903 0.006674289 0.264531 0.9643541 0.006736278 0.264535 0.9643527 -0.003701984 -0.9841153 -0.177492 -0.006279706 -0.9840396 -0.1778386 0.007466375 0.9998257 -0.01711905 0.00462687 0.9998483 -0.01679694 0.003512859 -0.2525965 0.9675654 0.001257121 -0.2521302 0.9676925 0.001975417 0.8051427 -0.5930781 0.002411365 0.8050529 -0.5931983 -0.01093286 -0.8933303 -0.4492678 -0.01096975 -0.8933288 -0.4492698 -0.9992216 -0.01198482 -0.03758716 -0.9745389 -0.188144 -0.121967 -0.6401691 -0.7052345 -0.3046768 -0.8689445 -0.4083003 -0.27969 -0.9508411 -0.299481 -0.07881891 -0.9690946 -0.1950186 -0.1510742 0.9992215 0.01198232 0.03758728 0.9691609 0.2094092 0.1299046 0.9553371 0.2562061 0.1472733 0.8428375 0.4483556 0.2976615 0.8828716 0.4127395 0.2240179 0.9620512 0.2174295 0.1648694 -0.004217088 0.9464247 -0.3228973 -0.003455877 0.9464546 -0.3228186 -0.00495404 0.2527172 0.9675276 -0.008146822 0.2511924 0.9679029 0.004135072 -0.2645413 -0.9643656 0.004173457 -0.264543 -0.9643649 -0.003701984 0.9841153 0.1774923 -0.006279706 0.9840398 0.177838 0.00462687 -0.9998446 0.01701211 0.004625797 -0.9998446 0.01701205 0.003512859 0.2525969 -0.9675653 0.001257121 0.2521303 -0.9676926 0.001961112 -0.8051428 0.5930778 0.002411365 -0.8050538 0.593197 -0.01093286 0.8933302 0.449268 -0.01096975 0.8933288 0.4492698 -0.9772567 -0.0290839 -0.2100564 -0.9200112 -0.2489916 -0.3026264 -0.9352887 -0.3470407 0.06926697 -0.03725057 0.9180276 0.3947629 -0.004377067 -0.9227634 -0.3853423 -0.00437951 -0.9227629 -0.3853434 -0.004190921 -0.8822768 0.4707124 0.8856503 0.4170836 0.2041202 0.8839523 0.419289 0.2069422 -0.09307408 0.2240223 -0.9701296 -0.0751059 0.2450757 -0.9665904 -0.5491954 0.09896808 0.8298131 -0.5917092 0.1702871 0.7879611 0.9441134 -0.2516012 0.2129477 0.9441227 -0.2506715 0.2140007 -0.2154692 -0.2549465 -0.9426428 -0.09005415 -0.1006697 -0.990836 -0.6548705 -0.2014023 0.7284104 -0.5093882 -0.3719744 0.7759889 0.9750193 0.001079142 0.2221175 0.9750186 0.001079201 0.2221207 -0.2248592 2.71555e-4 -0.9743912 -0.2248586 2.71586e-4 -0.9743914 -0.6691536 -0.001245498 0.7431231 -0.6691547 -0.001245498 0.7431221 0.008179664 -0.9999623 -0.002939641 -0.007483422 0.9999687 0.002583324 0.967209 -0.1232752 0.2220588 0.9675495 -0.1233726 0.2205162 -0.6687584 -0.03415298 0.742695 -0.5992571 -0.04864692 0.7990774 -0.07556831 -0.04823029 -0.9959736 -0.2239223 -0.06726729 -0.972283 0.9898945 -0.07031649 0.123144 0.986106 0.1177263 -0.1171984 0.205573 0.8595132 -0.4679496 0.6103036 0.7852528 0.1044391 0.0235387 0.9719019 0.2342065 -0.215848 0.9585751 -0.1858587 -0.05937874 0.8110531 0.581951 -0.1112048 0.7920358 0.6002607 -0.823064 0.09000384 0.560772 -0.08930152 0.9040852 0.417918 -0.3843141 -0.576799 0.7208368 -0.1682206 -0.5080884 0.8447178 -0.3580346 -0.9263063 0.1173369 -0.1370481 -0.9183822 0.3712034 0.4012143 -0.7899815 0.4636339 0.3108522 -0.9288618 0.2014614 -0.2957293 -0.9358343 -0.1917248 -0.2968016 -0.9354906 -0.1917448 0.2545369 -0.9649627 0.06370151 0.2967483 -0.8390101 -0.456073 0.9847565 -0.1286709 -0.1170407 0.9840922 -0.1265587 -0.1246811 0.9919943 0.1081188 -0.06525182 0.9982074 -7.17582e-5 0.05985122 0.6061698 0.620947 0.4969739 0.2703971 0.9624617 -0.02351611 0.0615192 0.981867 0.1793118 -0.01701331 0.9797247 0.1996253 0.1005086 0.9824909 -0.1568748 0.4789223 0.6935026 0.5382264 -0.297007 0.806972 0.5104736 0.6765415 0.5918663 0.438162 0.7425641 0.3771656 0.5534843 -0.6522526 0.4430336 0.615051 -0.25296 -0.5124856 0.8205911 0.6436291 -0.6798734 0.3514456 0.3439694 -0.922802 0.173556 0.4012153 -0.7899812 0.4636337 0.6254088 -0.66674 0.4053662 0.4266089 -0.9037491 -0.03524959 0.3728166 -0.9111455 0.1755611 0.9929071 -0.1029135 0.05953443 0.9884517 -0.1154303 0.09817957 -0.2342615 0.9721736 0 -0.4152977 0.8692374 -0.268243 -0.9936349 -0.1124805 0.006157636 -0.5520931 -0.6257526 -0.5510237 -0.3069688 -0.7939502 -0.5247986 -0.1486692 0.1847663 -0.9714725 -0.8376677 -0.1674378 -0.5198825 -0.6920213 -0.4885174 -0.5314671 -0.7479693 0.1206902 -0.6526682 -0.7254101 0.5466127 -0.4183238 -0.1928828 -0.09694862 -0.9764207 0.2174333 0.09075373 0.971847 0.5261669 -0.149691 0.8371028 0.7935867 -0.01002192 0.6083747 0.7540683 0.1638446 0.6360315 0.9900327 -0.1365399 -0.03452593 0.9168186 0.1062232 0.3849163 0.8404314 -0.4935982 -0.2236875 0.4398742 -0.4706359 0.7648611 0.03177428 0.999456 0.008843541 -0.9796029 0.1163168 -0.1638556 -0.3811001 -0.885735 -0.265021 -0.2957286 -0.9358344 -0.1917253 -0.2951725 -0.9362207 -0.1906934 0.7935878 -0.01002192 0.6083733 0.2303311 -0.007121562 0.9730862 0.7598451 -0.02349346 0.6496796 -0.4214323 -0.04628324 -0.905678 -0.1341201 -0.1544575 -0.9788538 0.1634164 -0.0498861 -0.9852951 -0.1341263 -0.1544576 -0.9788529 -0.4209167 0.04988878 -0.9057264 -0.1324881 0.1544586 -0.9790759 -0.1349255 0 -0.9908558 0.1628465 0.145936 -0.975799 0.1341201 0.1544576 0.9788538 0.4214323 0.04628318 0.905678 0.1341254 0.1544576 0.9788531 -0.1634169 0.0498861 0.9852951 0.1324891 -0.1544587 0.9790757 0.420916 -0.04988884 0.9057267 -0.1628461 -0.145936 0.9757992 0.1349242 -1.33882e-7 0.990856 0.9310543 0.3632534 0.03442496 0.8883105 -0.3992328 0.226975 0.8073254 0.5881193 -0.04838913 0.8760848 0.4767053 0.0723024 -0.859878 0.506564 -0.06326746 -0.7737692 0.6278828 0.08393174 -0.8059948 0.5891008 0.05773073 0.5802688 0.8072648 0.1077585 0.1612934 0.9775071 -0.1358831 -0.6907453 0.7184578 0.08178883 -0.2490753 0.9607169 -0.1224113 -0.9847531 0.01178145 -0.1735588 -0.9673262 -0.219458 -0.126958 -0.8969085 -0.3535154 -0.2656728 -0.9063571 -0.3749196 -0.1948129 0.8291059 -0.5581922 -0.03170299 -0.8588096 -0.469655 -0.2046225 -0.9746113 -0.2237656 0.007861256 -0.9664256 -0.2111961 -0.1463485 0.9686334 -0.1944974 -0.1546617 0.9746405 -0.2236418 0.007765233 0.841795 -0.499077 -0.2056778 0.9670312 -0.2086245 -0.1460366 0.8841514 -0.3810389 -0.2703441 0.8927052 -0.4007989 -0.2060045 0.9847534 0.01178461 -0.1735563 0.9673267 -0.2194567 -0.1269568 5.20628e-7 -0.9678527 -0.2515179 0 -0.9678526 -0.2515184 4.54662e-6 -0.4633024 -0.8862003 0 -0.988523 0.1510707 -2.37618e-4 -0.9885055 0.1511852 2.89058e-4 -0.967867 -0.2514627 -2.33845e-4 -0.9678695 -0.2514532 -1.81567e-6 -0.988523 0.1510707 0.9154139 -0.329344 0.2314087 2.85299e-4 -0.9885018 0.1512092 0.8620864 -0.5001006 0.08189463 -0.8620932 -0.5000792 0.08195286 -0.9683506 -0.1941784 -0.156818 -0.8537908 -0.5189851 -0.04117935 -0.8972823 -0.4414477 -0.002899527 0.8825302 -0.4700335 0.01445794 -0.9027224 -0.3900749 0.1814771 -0.3328036 0.8303186 -0.4470044 -0.2536814 0.9153812 -0.312607 0.2103056 -0.9194523 0.3322336 0.3010798 -0.7283067 0.6155651 0.3493399 -0.8731796 0.3398808 0.1183877 0.8181303 0.5627142 0.1334851 0.8102469 0.5706854 0.3781275 -0.7913613 0.480382 0.3623251 -0.765496 0.5317298 0.2763555 -0.8970414 0.3448834 0.3400148 -0.8288942 0.444212 0.1406618 0.4559461 0.8788217 0.2190112 0.2662883 0.9386824 0.2198382 -0.2483234 0.9434017 0.2479128 -0.08952206 0.9646373 0.03000229 0.9857021 0.1658048 0.02625471 0.9865011 0.1616366 0.8202249 0.2202079 -0.527958 0.8003676 0.2768503 -0.5317572 0.8407282 0.2864226 -0.4594977 0.8407281 0.286424 -0.459497 -0.06908738 0.04934543 -0.9963895 -0.04317539 -0.1540189 -0.9871242 0.9029359 0.2376607 -0.3580842 0.8423088 0.3562985 -0.4044347 0.7985931 -0.3909025 -0.4576508 0.7985905 -0.3909048 -0.4576534 0.8440724 -0.05087584 -0.5338104 0.9096997 -0.07589155 -0.4082732 0.9351071 0.3034036 -0.1830878 0.9340741 0.3062244 -0.1836633 0.7948486 -0.5099617 -0.3288692 0.8079781 -0.4904145 -0.3265963 0.9123787 -0.03817689 -0.4075632 0.9060521 -0.02239859 -0.4225731 -0.2036957 -0.156848 -0.9663886 -0.2042238 -0.2610275 -0.9434816 -0.2040181 0.227279 0.952219 0.2441718 0.848578 0.4693564 0.2978753 -0.00213778 -0.9546025 -0.9726844 -0.005470573 -0.2320672 0.1437433 -0.1592673 -0.9767148 0.3592173 -0.6178957 0.6994054 0.01427561 -0.9998443 0.01038128 0.02077454 0.9910839 -0.1316094 -0.9837391 -0.03844189 -0.1754415 0.2083513 0.227279 0.9512802 -0.241994 0.848585 0.4704706 -0.3022072 -0.002139866 -0.9532399 0.9716066 -0.005469262 -0.2365391 -0.1481924 -0.1592707 -0.9760492 -0.3559791 -0.6179058 0.7010502 -0.01422864 -0.9998442 0.0104466 -0.02137213 0.991084 -0.1315132 0.9829228 -0.03844583 -0.1799579 0.6674234 0.7205528 -0.1880156 -0.6703007 0.6851865 -0.2849854 -0.7998099 -0.5909217 -0.1054315 -0.9084469 -0.395048 -0.1366065 0.7824074 -0.6028071 -0.1564045 0.9355811 -0.3516926 -0.03162813 -0.7931727 -0.6021685 -0.09094148 0.7608226 -0.6393668 -0.111171 -0.8716938 -0.482418 0.0861569 -0.864801 -0.4956799 0.08012932 0.9195588 -0.3469582 0.1844767 0.8441179 -0.5264178 0.1017323 -0.009206473 0.9979426 0.0634495 0.643868 0.7568765 0.1121255 -0.6809363 0.7259956 0.0962097 -0.8964619 -0.0195564 0.4426893 0.07545214 -0.5285528 0.8455407 0.8553711 0.02648997 0.5173381 0.003432095 0.9976865 -0.0678972 -4.72633e-4 0.003348469 -0.9999943 -6.77374e-5 0.003504335 -0.9999939 -0.1875757 0.8799869 0.4363927 -0.4076775 -0.7966003 0.4463486 -0.1787696 -0.0831803 0.9803686 0.005389809 0.4696856 -0.8828173 -0.002599537 0.4436991 0.8961722 -0.2639991 0.9637349 0.03898167 -0.01098579 -0.1494323 -0.988711 0.09411537 -0.466246 -0.8796346 -0.04368579 -0.5931451 0.8039095 -0.2152881 -0.9424551 0.255792 0.5226837 -0.8525052 0.006064593 2.18714e-4 -0.9804451 0.1967929 0.1013671 -0.1405467 0.9848712 0.4626643 -0.755488 0.4638748 0.9363613 -0.1148414 0.3317213 0.5997419 0.7336573 0.319463 -0.999692 -0.009012997 0.0231235 -0.998811 0.02280408 0.04308956 0.9986012 -0.009528219 0.05200803 0.997128 0.02241551 0.07234281 -4.76505e-4 0.9355715 0.3531371 -2.98974e-5 0.9352955 0.3538677 0.004166245 0.9981212 -0.06113088 -6.61744e-5 0.9983996 -0.05655425 -0.2299817 -0.9289788 0.2900118 -0.2402611 -0.9671335 0.08323132 -5.12894e-5 -0.9986583 -0.05178523 -0.02543705 -0.9576637 0.2867637 -0.04647254 -0.939488 0.3394154 -0.3217428 -0.3755843 -0.8691479 -0.1639314 0.02234178 -0.9862188 -0.2854627 0.4080047 -0.8672043 -0.06550592 -0.1463824 0.9870569 0.05112427 0.8988687 0.4352259 -0.2456889 0.4462116 0.8605418 -0.034011 0.4732338 -0.8802802 0.04258596 0.4459064 0.894066 0.2570621 0.9653808 0.04426139 -0.02168023 -0.1516283 -0.9881998 -0.1197011 -0.4686862 -0.8752171 0.07146537 -0.5736989 0.8159427 0.2193517 -0.9417968 0.2547617 -0.2341101 -0.1326811 0.9631138 -0.5395829 -0.7089318 0.4541653 -0.6570544 0.7060042 0.2642683 -0.8945198 -0.4177899 0.159016 0.01829856 -0.9573591 0.2883207 0.03890961 -0.9387151 0.3424912 0.3725154 -0.357176 -0.8565381 0.2098441 0.04536283 -0.976682 0.3175258 0.3975934 -0.8608699 0.04012066 -0.1456315 0.9885252 -0.06848281 0.901108 0.4281526 0.2280534 0.4472374 0.8648528 0.4299566 -0.7856349 0.4448766 0.1904773 -0.08312088 0.9781664 0.1912807 0.8815009 0.4317035 -0.5215714 -0.8532049 0.002218067 0.9797493 -6.10283e-7 0.2002283 0.9816394 -0.01195448 0.1903717 -0.9829011 -0.0118547 0.1837526 -0.9810931 -2.40751e-7 0.1935368 -0.2520574 0.9635345 0.08982402 0.2721965 0.9575102 0.09530627 0.2167409 -0.9728695 0.08092337 0.210096 -0.9397696 0.269616 -0.2735828 0.4157466 0.8673566 -0.1928196 0.7472854 0.6359128 1.67841e-4 0.9233251 0.3840192 0.3106707 0.6023178 0.7353211 0.1924153 0.4896417 0.8504278 -0.001774847 0.9807268 0.1953762 2.03269e-4 0.9810449 0.193781 -0.6673611 0.7199667 -0.1904658 0.6696867 0.6842554 -0.2886423 0.7993623 -0.591704 -0.1044342 0.9088314 -0.3945181 -0.1355769 -0.7819855 -0.6035979 -0.155462 -0.9356684 -0.3514928 -0.03126609 0.7931728 -0.6021683 -0.09094136 -0.7608221 -0.6393676 -0.1111711 0.871587 -0.4823919 0.08737391 0.865307 -0.4945247 0.08178776 -0.9190273 -0.3469938 0.1870405 -0.844686 -0.5250864 0.1038746 0.009206771 0.9979708 0.06300437 -0.6440075 0.7568724 0.1113491 0.681007 0.7260179 0.09553861 0.8964618 -0.01955646 0.4426894 -0.07545214 -0.5285528 0.8455407 -0.8553711 0.02648997 0.5173381 -0.003493726 0.9976237 -0.06880998 6.77384e-5 0.003504335 -0.9999939 4.72633e-4 0.003348469 -0.9999943 0.7985969 0.3908983 0.4576479 -1.23737e-5 -0.9804909 0.1965647</float_array>
          <technique_common>
            <accessor source="#jead_001-mesh-normals-array" count="722" stride="3">
              <param name="X" type="float"/>
              <param name="Y" type="float"/>
              <param name="Z" type="float"/>
            </accessor>
          </technique_common>
        </source>
        <source id="jead_001-mesh-map-0">
          <float_array id="jead_001-mesh-map-0-array" count="4344">0.100642 0.311708 0.103707 0.31888 0.110395 0.304991 0.121965 0.323211 0.140377 0.318229 0.136491 0.305017 0.100642 0.311708 0.09994399 0.261722 0.122607 0.261009 0.122669 0.2135249 0.1239359 0.233519 0.122607 0.261009 0.143719 0.31167 0.12321 0.330038 0.122607 0.261009 0.100642 0.311708 0.12321 0.330038 0.103707 0.31888 0.122607 0.261009 0.09994399 0.261722 0.103518 0.246788 0.122607 0.261009 0.103518 0.246788 0.122669 0.2135249 0.131485 0.213694 0.122607 0.261009 0.1239359 0.233519 0.147539 0.252342 0.122607 0.261009 0.131485 0.213694 0.122607 0.261009 0.147539 0.252342 0.148451 0.261722 0.148451 0.261722 0.143719 0.31167 0.122607 0.261009 0.100642 0.311708 0.110395 0.304991 0.09994399 0.261722 0.136491 0.305017 0.143719 0.31167 0.148451 0.261722 0.103707 0.31888 0.121965 0.323211 0.110395 0.304991 0.143719 0.31167 0.136491 0.305017 0.140377 0.318229 0.121965 0.323211 0.124897 0.336881 0.140377 0.318229 0.143719 0.31167 0.140377 0.318229 0.124897 0.336881 0.12522 0.253611 0.14579 0.2120479 0.105673 0.186556 0.12522 0.253611 0.104586 0.185325 0.146318 0.212191 0.148291 0.225682 0.126754 0.21003 0.152047 0.211564 0.143719 0.31167 0.124897 0.336881 0.12321 0.330038 0.121965 0.323211 0.103707 0.31888 0.124897 0.336881 0.12321 0.330038 0.124897 0.336881 0.103707 0.31888 0.12321 0.330038 0.100642 0.311708 0.122607 0.261009 0.104586 0.185325 0.105673 0.186556 0.14579 0.2120479 0.104586 0.185325 0.14579 0.2120479 0.146318 0.212191 0.126754 0.21003 0.148419 0.22575 0.152047 0.211564 0.100642 0.311708 0.110395 0.304991 0.103707 0.31888 0.140377 0.318229 0.121965 0.323211 0.136491 0.305017 0.100642 0.311708 0.122607 0.261009 0.09994399 0.261722 0.122669 0.2135249 0.122607 0.261009 0.1239359 0.233519 0.143719 0.31167 0.122607 0.261009 0.12321 0.330038 0.100642 0.311708 0.103707 0.31888 0.12321 0.330038 0.122607 0.261009 0.103518 0.246788 0.09994399 0.261722 0.122607 0.261009 0.122669 0.2135249 0.103518 0.246788 0.131485 0.213694 0.1239359 0.233519 0.122607 0.261009 0.147539 0.252342 0.131485 0.213694 0.122607 0.261009 0.122607 0.261009 0.148451 0.261722 0.147539 0.252342 0.148451 0.261722 0.122607 0.261009 0.143719 0.31167 0.100642 0.311708 0.09994399 0.261722 0.110395 0.304991 0.136491 0.305017 0.148451 0.261722 0.143719 0.31167 0.103707 0.31888 0.110395 0.304991 0.121965 0.323211 0.143719 0.31167 0.140377 0.318229 0.136491 0.305017 0.124897 0.336881 0.121965 0.323211 0.140377 0.318229 0.143719 0.31167 0.124897 0.336881 0.140377 0.318229 0.12522 0.253611 0.105673 0.186556 0.14579 0.2120479 0.12522 0.253611 0.146318 0.212191 0.104586 0.185325 0.148291 0.225682 0.152047 0.211564 0.126754 0.21003 0.143719 0.31167 0.12321 0.330038 0.124897 0.336881 0.103707 0.31888 0.121965 0.323211 0.124897 0.336881 0.12321 0.330038 0.103707 0.31888 0.124897 0.336881 0.12321 0.330038 0.122607 0.261009 0.100642 0.311708 0.104586 0.185325 0.146318 0.212191 0.14579 0.2120479 0.104586 0.185325 0.14579 0.2120479 0.105673 0.186556 0.126754 0.21003 0.152047 0.211564 0.148419 0.22575 0.062011 0.141565 0.062029 0.141172 0.065687 0.145138 0.062011 0.141565 0.065687 0.145138 0.06566995 0.145506 0.05910694 0.205097 0.05833995 0.221884 0.06223595 0.220649 0.05910694 0.205097 0.06223595 0.220649 0.062954 0.204944 0.09987396 0.187546 0.08698499 0.168979 0.08703595 0.167873 0.06019496 0.181281 0.05952894 0.195857 0.063349 0.196299 0.06019496 0.181281 0.063349 0.196299 0.06397199 0.182662 0.06127995 0.157549 0.06132495 0.1565729 0.06502896 0.159546 0.06127995 0.157549 0.06502896 0.159546 0.064987 0.160459 0.09987396 0.187546 0.086726 0.174634 0.08627796 0.184442 0.06202197 0.141306 0.06200599 0.1416569 0.06566697 0.145591 0.06202197 0.141306 0.06566697 0.145591 0.06568199 0.145263 0.08497101 0.213032 0.09987396 0.187546 0.084975 0.21295 0.06184399 0.1452 0.06152999 0.155385 0.06522095 0.158435 0.06184399 0.1452 0.06522095 0.158435 0.06551498 0.148906 0.086726 0.174634 0.09987396 0.187546 0.08734595 0.166369 0.08755797 0.15644 0.08747297 0.158304 0.09987396 0.187546 0.06152999 0.155385 0.06083697 0.167232 0.06457298 0.169519 0.06152999 0.155385 0.06457298 0.169519 0.06522095 0.158435 0.06120795 0.159133 0.06127995 0.157549 0.064987 0.160459 0.06120795 0.159133 0.064987 0.160459 0.06492 0.161941 0.06152999 0.155385 0.06138199 0.155304 0.06083697 0.167232 0.06184399 0.1452 0.06138199 0.155304 0.06152999 0.155385 0.08743 0.159252 0.08734595 0.166369 0.09987396 0.187546 0.05833399 0.222018 0.058182 0.225326 0.06208896 0.223869 0.05833399 0.222018 0.06208896 0.223869 0.062231 0.2207739 0.09987396 0.187546 0.08574599 0.196099 0.08607596 0.188884 0.05832397 0.222231 0.05881899 0.211401 0.06268495 0.210841 0.05832397 0.222231 0.06268495 0.210841 0.062222 0.220974 0.05827099 0.223378 0.05829697 0.222811 0.05833399 0.222018 0.06138294 0.1552889 0.06181997 0.145741 0.06549197 0.149412 0.06138294 0.1552889 0.06549197 0.149412 0.06508398 0.158345 0.062029 0.141172 0.06190699 0.143842 0.06557297 0.1476359 0.062029 0.141172 0.06557297 0.1476359 0.065687 0.145138 0.05829399 0.222892 0.05826497 0.2235209 0.05832397 0.222231 0.08627796 0.184442 0.08581298 0.194618 0.09987396 0.187546 0.05829399 0.222892 0.05832397 0.222231 0.05832898 0.222115 0.06083697 0.167232 0.06019496 0.181281 0.06397199 0.182662 0.06083697 0.167232 0.06397199 0.182662 0.06457298 0.169519 0.09987396 0.187546 0.087067 0.167192 0.08710795 0.166295 0.05952894 0.195857 0.05920594 0.2029269 0.06304699 0.202913 0.05952894 0.195857 0.06304699 0.202913 0.063349 0.196299 0.09987396 0.187546 0.08755397 0.156533 0.08754301 0.156778 0.09987396 0.187546 0.08487296 0.215192 0.084872 0.2151989 0.05920594 0.2029269 0.05910694 0.205097 0.062954 0.204944 0.05920594 0.2029269 0.062954 0.204944 0.06304699 0.202913 0.06733 0.221987 0.02026098 0.217433 0.01993197 0.214034 0.06733 0.221987 0.01993197 0.214034 0.06700199 0.218587 0.09987396 0.187546 0.08710795 0.166295 0.08741199 0.15963 0.05990499 0.187643 0.06001198 0.185293 0.06380099 0.186416 0.05990499 0.187643 0.06380099 0.186416 0.06370097 0.188614 0.09987396 0.187546 0.08745598 0.158673 0.08755397 0.156533 0.09987396 0.187546 0.085518 0.2010689 0.08498299 0.2127889 0.08487296 0.215192 0.09987396 0.187546 0.08497798 0.212882 0.2321889 0.91915 0.154209 0.912572 0.2321889 0.910456 0.317659 0.911309 0.2321889 0.91915 0.2321889 0.910456 0.08698499 0.168979 0.09987396 0.187546 0.086151 0.187243 0.08755797 0.15644 0.09987396 0.187546 0.08754599 0.156714 0.09987396 0.187546 0.08703595 0.167873 0.087067 0.167192 0.08558696 0.199554 0.09987396 0.187546 0.08581298 0.194618 0.09987396 0.187546 0.08497101 0.213032 0.08531695 0.20547 0.09987396 0.187546 0.08758598 0.155821 0.08754599 0.156714 0.01116096 0.177018 0.01066797 0.169127 0.06104695 0.1707659 0.06104695 0.1707659 0.06068599 0.178665 0.01116096 0.177018 0.01066797 0.169127 0.01867598 0.152619 0.06170898 0.156288 0.06170898 0.156288 0.06104695 0.1707659 0.01066797 0.169127 0.06219995 0.145541 0.06170898 0.156288 0.01867598 0.152619 0.01867598 0.152619 0.01800495 0.141882 0.06219995 0.145541 0.01800495 0.141882 0.01764798 0.136169 0.06246095 0.139823 0.06246095 0.139823 0.06219995 0.145541 0.01800495 0.141882 0.01764798 0.136169 0.01764798 0.136169 0.06246095 0.139823 0.06246095 0.139823 0.06246095 0.139823 0.01764798 0.136169 0.01764798 0.136169 0.01800495 0.141882 0.06219995 0.145541 0.06219995 0.145541 0.06246095 0.139823 0.01764798 0.136169 0.01841199 0.148404 0.01867598 0.152619 0.06170898 0.156288 0.01800495 0.141882 0.01841199 0.148404 0.06170898 0.156288 0.01800495 0.141882 0.06170898 0.156288 0.06219995 0.145541 0.01867598 0.152619 0.01066797 0.169127 0.06104695 0.1707659 0.06104695 0.1707659 0.06170898 0.156288 0.01867598 0.152619 0.01066797 0.169127 0.01115995 0.177018 0.06068599 0.178665 0.06068599 0.178665 0.06104695 0.1707659 0.01066797 0.169127 0.01115995 0.177018 0.01218795 0.193468 0.05993396 0.195129 0.05993396 0.195129 0.06068599 0.178665 0.01115995 0.177018 0.01218795 0.193468 0.01309198 0.207934 0.05927199 0.209608 0.05927199 0.209608 0.05993396 0.195129 0.01218795 0.193468 0.01309198 0.207934 0.01376199 0.218671 0.05878096 0.220354 0.05878096 0.220354 0.05927199 0.209608 0.01309198 0.207934 0.01376199 0.218671 0.01411896 0.2243829 0.05851894 0.226073 0.05851894 0.226073 0.05878096 0.220354 0.01376199 0.218671 0.01411896 0.2243829 0.01411896 0.2243829 0.05851894 0.226073 0.05851894 0.226073 0.05851894 0.226073 0.01411896 0.2243829 0.01411896 0.2243829 0.01376295 0.218671 0.05878096 0.220354 0.05878096 0.220354 0.05851894 0.226073 0.01411896 0.2243829 0.01376295 0.218671 0.01309198 0.207934 0.05927199 0.209608 0.05927199 0.209608 0.05878096 0.220354 0.01376295 0.218671 0.01309198 0.207934 0.01218795 0.193468 0.05993396 0.195129 0.05993396 0.195129 0.05927199 0.209608 0.01309198 0.207934 0.01218795 0.193468 0.01116096 0.177018 0.06068599 0.178665 0.06068599 0.178665 0.05993396 0.195129 0.01218795 0.193468 0.06104695 0.1707659 0.06068599 0.178665 0.05993396 0.195129 0.05993396 0.195129 0.05927199 0.209608 0.05878096 0.220354 0.05878096 0.220354 0.05851894 0.226073 0.05851894 0.226073 0.05993396 0.195129 0.05878096 0.220354 0.05851894 0.226073 0.05851894 0.226073 0.05878096 0.220354 0.05927199 0.209608 0.05927199 0.209608 0.05993396 0.195129 0.06068599 0.178665 0.05851894 0.226073 0.05927199 0.209608 0.06068599 0.178665 0.05993396 0.195129 0.05851894 0.226073 0.06068599 0.178665 0.06068599 0.178665 0.06104695 0.1707659 0.06170898 0.156288 0.06170898 0.156288 0.06219995 0.145541 0.06246095 0.139823 0.06068599 0.178665 0.06170898 0.156288 0.06246095 0.139823 0.05993396 0.195129 0.06068599 0.178665 0.06246095 0.139823 0.06246095 0.139823 0.06246095 0.139823 0.06219995 0.145541 0.05993396 0.195129 0.06246095 0.139823 0.06219995 0.145541 0.06104695 0.1707659 0.05993396 0.195129 0.06219995 0.145541 0.06170898 0.156288 0.06104695 0.1707659 0.06219995 0.145541 0.01376295 0.218671 0.01411896 0.2243829 0.01411896 0.2243829 0.01411896 0.2243829 0.01376199 0.218671 0.01309198 0.207934 0.01309198 0.207934 0.01218795 0.193468 0.01115995 0.177018 0.01411896 0.2243829 0.01309198 0.207934 0.01115995 0.177018 0.01115995 0.177018 0.01066797 0.169127 0.01867598 0.152619 0.01115995 0.177018 0.01867598 0.152619 0.01841199 0.148404 0.01841199 0.148404 0.01800495 0.141882 0.01764798 0.136169 0.01764798 0.136169 0.01764798 0.136169 0.01800495 0.141882 0.01841199 0.148404 0.01764798 0.136169 0.01800495 0.141882 0.01115995 0.177018 0.01841199 0.148404 0.01800495 0.141882 0.01800495 0.141882 0.01867598 0.152619 0.01066797 0.169127 0.01066797 0.169127 0.01116096 0.177018 0.01218795 0.193468 0.01800495 0.141882 0.01066797 0.169127 0.01218795 0.193468 0.01115995 0.177018 0.01800495 0.141882 0.01218795 0.193468 0.01411896 0.2243829 0.01115995 0.177018 0.01218795 0.193468 0.01376295 0.218671 0.01411896 0.2243829 0.01218795 0.193468 0.01376295 0.218671 0.01218795 0.193468 0.01309198 0.207934 0.06508398 0.158345 0.06549197 0.149412 0.08741199 0.15963 0.06508398 0.158345 0.08741199 0.15963 0.08710795 0.166295 0.06549197 0.149412 0.06555098 0.148131 0.08745598 0.158673 0.06549197 0.149412 0.08745598 0.158673 0.08741199 0.15963 0.06522095 0.158435 0.06457298 0.169519 0.086726 0.174634 0.06522095 0.158435 0.086726 0.174634 0.08734595 0.166369 0.064987 0.160459 0.06502896 0.159546 0.087067 0.167192 0.064987 0.160459 0.087067 0.167192 0.08703595 0.167873 0 0 0 0 0 0 0.06208896 0.223879 0.06222599 0.220865 0.084975 0.21295 0.06208896 0.223879 0.084975 0.21295 0.084872 0.2151989 0.06551498 0.148906 0.06522095 0.158435 0.08734595 0.166369 0.06551498 0.148906 0.08734595 0.166369 0.08743 0.159252 0.06397199 0.182662 0.063349 0.196299 0.08581298 0.194618 0.06397199 0.182662 0.08581298 0.194618 0.08627796 0.184442 0.063259 0.198284 0.06370097 0.188614 0.08607596 0.188884 0.063259 0.198284 0.08607596 0.188884 0.08574599 0.196099 0.065687 0.145138 0.06557297 0.1476359 0.08747297 0.158304 0.065687 0.145138 0.08747297 0.158304 0.08755797 0.15644 0.06518501 0.193985 0.06700199 0.218587 0.01993197 0.214034 0.01993197 0.214034 0.019584 0.193662 0.02285599 0.183794 0.02285599 0.183794 0.06425398 0.162373 0.06518501 0.193985 0.01993197 0.214034 0.02285599 0.183794 0.06518501 0.193985 0.06268495 0.210841 0.063259 0.198284 0.08574599 0.196099 0.06268495 0.210841 0.08574599 0.196099 0.08531695 0.20547 0.063349 0.196299 0.06304699 0.202913 0.08558696 0.199554 0.063349 0.196299 0.08558696 0.199554 0.08581298 0.194618 0.06217199 0.222047 0.062231 0.2207739 0.08497798 0.212882 0.06217199 0.222047 0.08497798 0.212882 0.084935 0.213832 0.06566995 0.145506 0.065687 0.145138 0.08755797 0.15644 0.06566995 0.145506 0.08755797 0.15644 0.08754599 0.156714 0.06380099 0.186416 0.06492 0.161941 0.08698499 0.168979 0.06380099 0.186416 0.08698499 0.168979 0.086151 0.187243 0.06568199 0.145263 0.06566697 0.145591 0.08754301 0.156778 0.06568199 0.145263 0.08754301 0.156778 0.08755397 0.156533 0.06181997 0.145741 0.06188195 0.144371 0.06555098 0.148131 0.06181997 0.145741 0.06555098 0.148131 0.06549197 0.149412 0.09987396 0.187546 0.08558696 0.199554 0.085518 0.2010689 0.084975 0.21295 0.09987396 0.187546 0.084872 0.2151989 0.06188195 0.144371 0.06202197 0.141306 0.06568199 0.145263 0.06188195 0.144371 0.06568199 0.145263 0.06555098 0.148131 0.05881899 0.211401 0.05943197 0.197978 0.063259 0.198284 0.05881899 0.211401 0.063259 0.198284 0.06268495 0.210841 0.09987396 0.187546 0.084935 0.213832 0.08497798 0.212882 0.08758598 0.155821 0.09987396 0.187546 0.08754301 0.156778 0.05908596 0.161867 0.06425398 0.162373 0.02285599 0.183794 0.05908596 0.161867 0.02285599 0.183794 0.02187097 0.18352 0.07230496 0.188328 0.06979399 0.162916 0.06518501 0.193985 0.06518501 0.193985 0.072052 0.198745 0.07230496 0.188328 0.05827099 0.223378 0.05833399 0.222018 0.062231 0.2207739 0.05827099 0.223378 0.062231 0.2207739 0.06217199 0.222047 0.058182 0.225326 0.058182 0.225336 0.06208896 0.223879 0.058182 0.225326 0.06208896 0.223879 0.06208896 0.223869 0.08747297 0.158304 0.08743 0.159252 0.09987396 0.187546 0.06132495 0.1565729 0.06138294 0.1552889 0.06508398 0.158345 0.06132495 0.1565729 0.06508398 0.158345 0.06502896 0.159546 0.06190699 0.143842 0.06184399 0.1452 0.06551498 0.148906 0.06190699 0.143842 0.06551498 0.148906 0.06557297 0.1476359 0.06001198 0.185293 0.06120795 0.159133 0.06492 0.161941 0.06001198 0.185293 0.06492 0.161941 0.06380099 0.186416 0.05943197 0.197978 0.05990499 0.187643 0.06370097 0.188614 0.05943197 0.197978 0.06370097 0.188614 0.063259 0.198284 0.058182 0.225336 0.05832898 0.222115 0.06222599 0.220865 0.058182 0.225336 0.06222599 0.220865 0.06208896 0.223879 0.08607596 0.188884 0.086151 0.187243 0.09987396 0.187546 0.05833995 0.221884 0.05827099 0.223378 0.06217199 0.222047 0.05833995 0.221884 0.06217199 0.222047 0.06223595 0.220649 0.05832898 0.222115 0.05832397 0.222231 0.062222 0.220974 0.05832898 0.222115 0.062222 0.220974 0.06222599 0.220865 0.09987396 0.187546 0.08498299 0.2127889 0.084935 0.213832 0.08574599 0.196099 0.09987396 0.187546 0.08531695 0.20547 0.09987396 0.187546 0.08741199 0.15963 0.08745598 0.158673 0.06370097 0.188614 0.06380099 0.186416 0.086151 0.187243 0.06370097 0.188614 0.086151 0.187243 0.08607596 0.188884 0.06502896 0.159546 0.06508398 0.158345 0.08710795 0.166295 0.06502896 0.159546 0.08710795 0.166295 0.087067 0.167192 0.06555098 0.148131 0.06568199 0.145263 0.08755397 0.156533 0.06555098 0.148131 0.08755397 0.156533 0.08745598 0.158673 0.06222599 0.220865 0.062222 0.220974 0.08497101 0.213032 0.06222599 0.220865 0.08497101 0.213032 0.084975 0.21295 0.06557297 0.1476359 0.06551498 0.148906 0.08743 0.159252 0.06557297 0.1476359 0.08743 0.159252 0.08747297 0.158304 0.06492 0.161941 0.064987 0.160459 0.08703595 0.167873 0.06492 0.161941 0.08703595 0.167873 0.08698499 0.168979 0.062222 0.220974 0.06268495 0.210841 0.08531695 0.20547 0.062222 0.220974 0.08531695 0.20547 0.08497101 0.213032 0.06457298 0.169519 0.06397199 0.182662 0.08627796 0.184442 0.06457298 0.169519 0.08627796 0.184442 0.086726 0.174634 0.062231 0.2207739 0.06208896 0.223869 0.08487296 0.215192 0.062231 0.2207739 0.08487296 0.215192 0.08497798 0.212882 0.06223595 0.220649 0.06217199 0.222047 0.084935 0.213832 0.06223595 0.220649 0.084935 0.213832 0.08498299 0.2127889 0.062954 0.204944 0.06223595 0.220649 0.08498299 0.2127889 0.062954 0.204944 0.08498299 0.2127889 0.085518 0.2010689 0.06304699 0.202913 0.062954 0.204944 0.085518 0.2010689 0.06304699 0.202913 0.085518 0.2010689 0.08558696 0.199554 0.06208896 0.223869 0.06208896 0.223879 0.084872 0.2151989 0.06208896 0.223869 0.084872 0.2151989 0.08487296 0.215192 0.073278 0.187799 0.07440799 0.160457 0.01921898 0.155108 0.073278 0.187799 0.01921898 0.155108 0.01945698 0.182583 0.06518501 0.193985 0.06425398 0.162373 0.06979399 0.162916 0.06979399 0.162916 0.07230496 0.188328 0.072052 0.198745 0.072052 0.198745 0.06700199 0.218587 0.06518501 0.193985 0.06979399 0.162916 0.072052 0.198745 0.06518501 0.193985 0.07440799 0.160457 0.06949096 0.157479 0.06979399 0.162916 0.06979399 0.162916 0.07230496 0.188328 0.073278 0.187799 0.06979399 0.162916 0.073278 0.187799 0.07440799 0.160457 0.01993197 0.214034 0.05719494 0.193202 0.05908596 0.161867 0.02187097 0.18352 0.02185899 0.183468 0.019584 0.193662 0.01993197 0.214034 0.05908596 0.161867 0.02187097 0.18352 0.02187097 0.18352 0.019584 0.193662 0.01993197 0.214034 0.02187097 0.18352 0.05908596 0.161867 0.05804497 0.156358 0.05804497 0.156358 0.01921898 0.155108 0.01945698 0.182584 0.05804497 0.156358 0.01945698 0.182584 0.02187097 0.18352 0.07440799 0.160457 0.01921898 0.155108 0.02511399 0.144912 0.07440799 0.160457 0.02511399 0.144912 0.07389998 0.149634 0.05988395 0.2128379 0.05719494 0.193202 0.01993197 0.214034 0.01993197 0.214034 0.02448397 0.215128 0.03561496 0.21483 0.01993197 0.214034 0.03561496 0.21483 0.05988395 0.2128379 0 0 0 0 0 0 0 0 0 0 0 0 0.06733 0.221987 0.06700199 0.218587 0.06518501 0.193985 0.01993197 0.214034 0.02026098 0.217433 0.02376794 0.216378 0.01993197 0.214034 0.02376794 0.216378 0.02448397 0.215128 0.02026098 0.217433 0.06733 0.221987 0.06520795 0.22038 0.02026098 0.217433 0.06520795 0.22038 0.02376794 0.216378 0 0 0 0 0 0 0.01921898 0.155108 0.05804497 0.156358 0.06343096 0.134446 0.01921898 0.155108 0.06343096 0.134446 0.02511399 0.144912 0.06949096 0.157479 0.07440799 0.160457 0.07389998 0.149634 0.06949096 0.157479 0.07389998 0.149634 0.06343096 0.134446 0.07389998 0.149634 0.02511399 0.144912 0.06343096 0.134446 0.019584 0.193662 0.01951998 0.1899369 0.02121299 0.1901029 0.073278 0.187799 0.01945698 0.182583 0.019584 0.193662 0.073278 0.187799 0.019584 0.193662 0.072052 0.198745 0.073278 0.187799 0.07238596 0.195058 0.073242 0.188678 0.01993197 0.214034 0.06700199 0.218587 0.072052 0.198745 0.01993197 0.214034 0.072052 0.198745 0.019584 0.193662 0.05908596 0.161867 0.02187097 0.18352 0.01945698 0.182584 0.07440799 0.160457 0.073278 0.187799 0.07230496 0.188328 0.07440799 0.160457 0.07230496 0.188328 0.06979399 0.162916 0.05908596 0.161867 0.01945698 0.182584 0.01921898 0.155108 0.07440799 0.160457 0.06979399 0.162916 0.06425398 0.162373 0.06425398 0.162373 0.05908596 0.161867 0.01921898 0.155108 0.06425398 0.162373 0.01921898 0.155108 0.07440799 0.160457 0.274003 0.432252 0.245431 0.43306 0.237574 0.467771 0.252164 0.502768 0.277081 0.466958 0.237574 0.467771 0.277081 0.466958 0.252164 0.502768 0.271078 0.48044 0.288809 0.489982 0.252164 0.502768 0.278302 0.5023 0.252164 0.502768 0.288809 0.489982 0.271078 0.48044 0.237574 0.467771 0.277081 0.466958 0.274003 0.432252 0.27402 0.432269 0.23759 0.467789 0.2454479 0.433077 0.252181 0.502785 0.23759 0.467789 0.277097 0.466975 0.277097 0.466975 0.271094 0.480458 0.252181 0.502785 0.288826 0.49 0.278318 0.502317 0.252181 0.502785 0.252181 0.502785 0.271094 0.480458 0.288826 0.49 0.23759 0.467789 0.27402 0.432269 0.277097 0.466975 0.274003 0.432252 0.277081 0.466958 0.277097 0.466975 0.274003 0.432252 0.277097 0.466975 0.27402 0.432269 0.278302 0.5023 0.252164 0.502768 0.252181 0.502785 0.278302 0.5023 0.252181 0.502785 0.278318 0.502317 0.245431 0.43306 0.274003 0.432252 0.27402 0.432269 0.245431 0.43306 0.27402 0.432269 0.2454479 0.433077 0.277081 0.466958 0.271078 0.48044 0.271094 0.480458 0.277081 0.466958 0.271094 0.480458 0.277097 0.466975 0.237574 0.467771 0.245431 0.43306 0.2454479 0.433077 0.237574 0.467771 0.2454479 0.433077 0.23759 0.467789 0.271078 0.48044 0.288809 0.489982 0.288826 0.49 0.271078 0.48044 0.288826 0.49 0.271094 0.480458 0.252164 0.502768 0.237574 0.467771 0.23759 0.467789 0.252164 0.502768 0.23759 0.467789 0.252181 0.502785 0.288809 0.489982 0.278302 0.5023 0.278318 0.502317 0.288809 0.489982 0.278318 0.502317 0.288826 0.49 0.274003 0.432252 0.245431 0.43306 0.237574 0.467771 0.252164 0.502768 0.277081 0.466958 0.237574 0.467771 0.277081 0.466958 0.252164 0.502768 0.271078 0.48044 0.288809 0.489982 0.252164 0.502768 0.278302 0.5023 0.252164 0.502768 0.288809 0.489982 0.271078 0.48044 0.237574 0.467771 0.277081 0.466958 0.274003 0.432252 0.27402 0.432269 0.23759 0.467789 0.2454479 0.433077 0.252181 0.502785 0.23759 0.467789 0.277097 0.466975 0.277097 0.466975 0.271094 0.480458 0.252181 0.502785 0.288826 0.49 0.278318 0.502317 0.252181 0.502785 0.252181 0.502785 0.271094 0.480458 0.288826 0.49 0.23759 0.467789 0.27402 0.432269 0.277097 0.466975 0.274003 0.432252 0.277081 0.466958 0.277097 0.466975 0.274003 0.432252 0.277097 0.466975 0.27402 0.432269 0.278302 0.5023 0.252164 0.502768 0.252181 0.502785 0.278302 0.5023 0.252181 0.502785 0.278318 0.502317 0.245431 0.43306 0.274003 0.432252 0.27402 0.432269 0.245431 0.43306 0.27402 0.432269 0.2454479 0.433077 0.277081 0.466958 0.271078 0.48044 0.271094 0.480458 0.277081 0.466958 0.271094 0.480458 0.277097 0.466975 0.237574 0.467771 0.245431 0.43306 0.2454479 0.433077 0.237574 0.467771 0.2454479 0.433077 0.23759 0.467789 0.271078 0.48044 0.288809 0.489982 0.288826 0.49 0.271078 0.48044 0.288826 0.49 0.271094 0.480458 0.252164 0.502768 0.237574 0.467771 0.23759 0.467789 0.252164 0.502768 0.23759 0.467789 0.252181 0.502785 0.288809 0.489982 0.278302 0.5023 0.278318 0.502317 0.288809 0.489982 0.278318 0.502317 0.288826 0.49 0.06733 0.221987 0.06518501 0.193985 0.05988395 0.2128379 0.06259 0.2174299 0.06520795 0.22038 0.06733 0.221987 0.05988395 0.2128379 0.06259 0.2174299 0.06733 0.221987 0.02376794 0.216378 0.03340697 0.217021 0.02448397 0.215128 0.06259 0.2174299 0.03561496 0.21483 0.02376794 0.216378 0.06259 0.2174299 0.02376794 0.216378 0.06520795 0.22038 0.06259 0.2174299 0.05988395 0.2128379 0.03561496 0.21483 0.650711 0.763876 0.650754 0.763851 0.652173 0.75687 0.652173 0.75687 0.652131 0.756908 0.650711 0.763876 0.653165 0.758794 0.653893 0.784283 0.652166 0.782367 0.652166 0.782367 0.651638 0.76488 0.653165 0.758794 0.652131 0.756908 0.653211 0.782403 0.651438 0.78136 0.651438 0.78136 0.650711 0.763876 0.652131 0.756908 0.652131 0.756908 0.652173 0.75687 0.662703 0.762905 0.662703 0.762905 0.66266 0.76293 0.652131 0.756908 0.663581 0.763742 0.664109 0.781228 0.653893 0.784283 0.653893 0.784283 0.653165 0.758794 0.663581 0.763742 0.66266 0.76293 0.663387 0.780414 0.653211 0.782403 0.653211 0.782403 0.652131 0.756908 0.66266 0.76293 0.259784 0.341834 0.259761 0.372082 2.21e-4 0.374057 2.21e-4 0.374057 2.45e-4 0.343808 0.259784 0.341834 0.259601 0.341835 0.259784 0.341834 2.45e-4 0.343808 2.45e-4 0.343808 6.1e-5 0.343809 0.259601 0.341835 0.259761 0.372082 0.259601 0.341835 6.1e-5 0.343809 6.1e-5 0.343809 2.21e-4 0.374057 0.259761 0.372082 0.625904 0.771541 0.625908 0.771678 0.625908 0.771677 0.259761 0.372082 0.259784 0.341834 0.259601 0.341835 0.650754 0.763851 0.625183 0.772997 0.625183 0.772996 0.650754 0.763851 0.650711 0.763876 0.625183 0.772997 0.625189 0.773134 0.625183 0.772997 0.650711 0.763876 0.650711 0.763876 0.651438 0.78136 0.625189 0.773134 0.651638 0.76488 0.652166 0.782367 0.625908 0.771678 0.625908 0.771678 0.625904 0.771541 0.651638 0.76488 0.25876 0.03368794 0.258325 0.002258956 0.2188079 0.001293957 0.25876 0.03368794 0.2188079 0.001293957 0.218048 0.03201198 0.259183 0.141231 0.259049 0.07687997 0.2195399 0.076514 0.2195399 0.076514 0.219666 0.140264 0.259183 0.141231 0.259371 0.144168 0.219892 0.1424919 0.219362 0.182048 0.259371 0.144168 0.219362 0.182048 0.25887 0.182413 0.259744 0.1156859 0.258989 0.06031495 0.219499 0.06129497 0.219499 0.06129497 0.220246 0.116064 0.259744 0.1156859 0.259882 0.1835409 0.258034 0.05343198 0.2185479 0.05464196 0.2185479 0.05464196 0.220392 0.1845189 0.259882 0.1835409 0.258962 0.05423396 0.260808 0.18434 0.222514 0.185201 0.222514 0.185201 0.22067 0.055323 0.258962 0.05423396 0.260571 0.06321495 0.261711 0.145499 0.223408 0.145757 0.223408 0.145757 0.222276 0.06407499 0.260571 0.06321495 0.1604509 0.127941 0.160908 0.09301298 0.222258 0.08860695 0.1604509 0.127941 0.222258 0.08860695 0.221744 0.127017 0.260533 0.09112399 0.222258 0.08860695 0.222627 0.06103497 0.260533 0.09112399 0.222627 0.06103497 0.26093 0.06077599 0.259976 0.07767796 0.26011 0.142031 0.221789 0.140947 0.216929 0.04741096 0.216621 0.003915965 0.254934 0.004400968 0.259252 0.003059983 0.259687 0.03448897 0.21926 0.032444 0.21926 0.032444 0.22093 0.001973986 0.259252 0.003059983 0.218048 0.03201198 0.2188079 0.001293957 0.158719 0.00269699 0.158719 0.00269699 0.159155 0.03412699 0.218048 0.03201198 0.219666 0.140264 0.2195399 0.076514 0.159442 0.07731699 0.159442 0.07731699 0.159577 0.14167 0.219666 0.140264 0.220246 0.116064 0.219892 0.1424919 0.259371 0.144168 0.220246 0.116064 0.259371 0.144168 0.259744 0.1156859 0.219892 0.1424919 0.1597779 0.14366 0.159265 0.182852 0.219892 0.1424919 0.159265 0.182852 0.219362 0.182048 0.220246 0.116064 0.219499 0.06129497 0.159385 0.060754 0.159385 0.060754 0.160138 0.116126 0.220246 0.116064 0.220392 0.1845189 0.2185479 0.05464196 0.158429 0.05386996 0.158429 0.05386996 0.160275 0.183979 0.220392 0.1845189 0.222514 0.185201 0.159355 0.05467098 0.22067 0.055323 0.222276 0.06407499 0.223408 0.145757 0.162105 0.145938 0.162105 0.145938 0.160965 0.06365197 0.222276 0.06407499 0.222258 0.08860695 0.160908 0.09301298 0.161325 0.06121397 0.222258 0.08860695 0.161325 0.06121397 0.222627 0.06103497 0.216621 0.003915965 0.216929 0.04741096 0.1556439 0.04893499 0.1556439 0.04893499 0.155328 0.004838943 0.216621 0.003915965 0.22093 0.001973986 0.21926 0.032444 0.160081 0.03492796 0.160081 0.03492796 0.159647 0.003497958 0.22093 0.001973986 0.260564 0.08001899 0.26104 0.043639 0.261437 0.01329296 0.259328 0.1846089 0.261711 0.145499 0.260571 0.06321495 0.260808 0.18434 0.258962 0.05423396 0.260808 0.18434 0.259916 0.06111496 0.260672 0.116487 0.260299 0.144967 0.259916 0.06111496 0.260299 0.144967 0.259846 0.133524 0.261127 0.07649499 0.261262 0.140848 0.262672 0.144333 0.260571 0.06321495 0.260728 0.151584 0.259328 0.1846089 0.260571 0.06321495 0.259328 0.1846089 0.200446 0.183878 0.260571 0.06321495 0.260571 0.06321495 0.200446 0.183878 0.259328 0.1846089 0.260571 0.06321495 0.200446 0.183878 0.256908 -1.71e-4 0.2134079 7.1e-5 0.258319 0.003314971 0.171228 0.07968199 0.254091 0.053101 0.1707929 0.04825299 0.255242 0.05191695 0.172379 0.07849895 0.171944 0.04706996 0.256389 0.117397 0.255973 0.1491979 0.256029 0.144933 0.256029 0.144933 0.256389 0.117397 0.25525 0.035115 0.256029 0.144933 0.25525 0.035115 0.256389 0.117397 0.256389 0.117397 0.254814 0.003684997 0.25525 0.035115 0.162105 0.145938 0.160965 0.06365197 0.160531 0.03222399 0.161204 0.184778 0.159355 0.05467098 0.222514 0.185201 0.160138 0.116126 0.1597779 0.14366 0.219892 0.1424919 0.160138 0.116126 0.219892 0.1424919 0.220246 0.116064 0.259846 0.133524 0.260299 0.144967 0.259798 0.1832129 0.221744 0.127017 0.222258 0.08860695 0.260533 0.09112399 0.221744 0.127017 0.260533 0.09112399 0.260058 0.127502 0.255757 0.01272797 0.255701 0.01699095 0.255242 0.05191695 0.255242 0.05191695 0.171944 0.04706996 0.255242 0.05191695 0.255242 0.05191695 0.255242 0.05191695 0.255757 0.01272797 0.5886278 0.9979512 0.6177653 0.7578924 0.5273702 0.7578924 0.5886278 0.9979512 0.5273702 0.7578924 0.5273702 0.9979512 0.5273702 0.7578924 0.4369751 0.7578924 0.4661126 0.9979512 0.4661126 0.9979512 0.5273702 0.9979512 0.5273702 0.7578924 0.526216 0.7584537 0.6166091 0.7584537 0.5874736 0.9985136 0.5874736 0.9985136 0.526216 0.9985136 0.526216 0.7584537 0.526216 0.9985136 0.4649583 0.9985136 0.4358218 0.7584537 0.4358218 0.7584537 0.526216 0.7584537 0.526216 0.9985136 0.662845 0.328733 0.782017 0.327868 0.783155 0.005981981 0.783155 0.005981981 0.610567 0.004033982 0.662845 0.328733 0.781598 0.005593955 0.781613 0.327767 0.662674 0.328691 0.662674 0.328691 0.610316 0.00397098 0.781598 0.005593955 0.781255 0.004444956 0.781525 0.327469 0.662636 0.328565 0.662636 0.328565 0.610261 0.003785967 0.781255 0.004444956 0.782107 0.327368 0.783498 0.004055976 0.610624 0.003722965 0.610624 0.003722965 0.662881 0.328523 0.782107 0.327368 0.09562796 0.762672 0.05945599 0.759263 0.06900399 0.998288 0.09839099 0.763238 0.09562796 0.762672 0.06900399 0.998288 0.103049 0.881276 0.09839099 0.763238 0.06900399 0.998288 0.11534 0.996162 0.103049 0.881276 0.06900399 0.998288 0.05954694 0.759283 0.094428 0.762233 0.102252 0.879049 0.112742 0.994188 0.05954694 0.759283 0.102252 0.879049 0.112742 0.994188 0.06926095 0.998901 0.05954694 0.759283 0.00395298 0.993012 0.06900399 0.998288 0.05945599 0.759263 0.05945599 0.759263 0.001675963 0.759239 0.00395298 0.993012 0.05954694 0.759283 0.06926095 0.998901 0.005213975 0.995576 0.005213975 0.995576 0.002953946 0.761835 0.05954694 0.759283 0.151419 0.993658 0.112742 0.994188 0.1695089 0.867117 0.165862 0.869471 0.184156 0.913914 0.15237 0.997714 0.165862 0.869471 0.252523 0.756506 0.240683 0.861517 0.240683 0.861517 0.184156 0.913914 0.165862 0.869471 0.18371 0.915151 0.220775 0.988762 0.241909 0.861903 0.183863 0.761939 0.246968 0.758311 0.1695089 0.867117 0.1695089 0.867117 0.112742 0.994188 0.102252 0.879049 0.102252 0.879049 0.094428 0.762233 0.183863 0.761939 0.103049 0.881276 0.170202 0.867982 0.183656 0.762016 0.103049 0.881276 0.11534 0.996162 0.170202 0.867982 0.170202 0.867982 0.247665 0.758483 0.183656 0.762016 0.183656 0.762016 0.09839099 0.763238 0.103049 0.881276 0.241909 0.861903 0.251746 0.755762 0.165661 0.87066 0.165661 0.87066 0.18371 0.915151 0.241909 0.861903 0.170202 0.867982 0.11534 0.996162 0.153814 0.994635 0.151026 0.998675 0.18371 0.915151 0.165661 0.87066 0.365141 0.754987 0.33873 0.860329 0.283557 0.861138 0.365141 0.754987 0.283557 0.861138 0.252523 0.756506 0.310293 0.881749 0.283557 0.861138 0.33873 0.860329 0.307595 0.986535 0.219716 0.986188 0.240683 0.861517 0.307595 0.986535 0.240683 0.861517 0.283557 0.861138 0.241909 0.861903 0.278157 0.861104 0.251746 0.755762 0.240683 0.861517 0.252523 0.756506 0.283557 0.861138 0.241909 0.861903 0.220775 0.988762 0.309291 0.98731 0.307595 0.986535 0.310182 0.89441 0.33873 0.860329 0.241909 0.861903 0.309291 0.98731 0.278157 0.861104 0.310182 0.89441 0.310293 0.881749 0.33873 0.860329 0.283557 0.861138 0.310293 0.881749 0.310182 0.89441 0.102252 0.879049 0.183863 0.761939 0.1695089 0.867117 0.240683 0.861517 0.219716 0.986188 0.184156 0.913914 0.184156 0.913914 0.219716 0.986188 0.15237 0.997714 0.18371 0.915151 0.151026 0.998675 0.220775 0.988762 0.283557 0.861138 0.310182 0.89441 0.307595 0.986535 0.784177 0.502007 0.782396 0.46342 0.693746 0.526445 0.784177 0.502007 0.693746 0.526445 0.781145 0.536959 0.691873 0.531072 0.700956 0.472772 0.77027 0.468367 0.691873 0.531072 0.783615 0.541089 0.78177 0.557921 0.691873 0.531072 0.78177 0.557921 0.692304 0.558996 0.785981 0.523755 0.694082 0.516252 0.691939 0.580491 0.785981 0.523755 0.691939 0.580491 0.778684 0.58189 0.692304 0.558996 0.78177 0.557921 0.777684 0.585416 0.692304 0.558996 0.777684 0.585416 0.690056 0.583661 0.771998 0.507149 0.783615 0.541089 0.691873 0.531072 0.771998 0.507149 0.691873 0.531072 0.77027 0.468367 0.703977 0.58778 0.792721 0.591864 0.790831 0.55287 0.703977 0.58778 0.790831 0.55287 0.704086 0.551471 0.79091 0.553733 0.792721 0.591864 0.703977 0.58778 0.79091 0.553733 0.703977 0.58778 0.703283 0.551979 0.697465 0.516559 0.785981 0.523755 0.783318 0.477123 0.697465 0.516559 0.783318 0.477123 0.695995 0.478569 0.70241 0.991251 0.72853 0.991544 0.727039 0.996041 0.70241 0.991251 0.727039 0.996041 0.701284 0.997647 0.72853 0.991544 0.747942 0.992601 0.747622 0.997342 0.72853 0.991544 0.747622 0.997342 0.727039 0.996041 0.702709 0.472132 0.782396 0.46342 0.784918 0.463484 0.702709 0.472132 0.784918 0.463484 0.700956 0.472772 0.747942 0.992601 0.786894 0.99155 0.784729 0.998744 0.747942 0.992601 0.784729 0.998744 0.747622 0.997342 0.829337 0.992507 0.878445 0.992885 0.879386 0.996472 0.829337 0.992507 0.879386 0.996472 0.829777 0.997793 0.804108 0.99005 0.829337 0.992507 0.829777 0.997793 0.804108 0.99005 0.829777 0.997793 0.803288 0.997832 0.678447 0.992044 0.70241 0.991251 0.701284 0.997647 0.678447 0.992044 0.701284 0.997647 0.677148 0.998459 0.878445 0.992885 0.917404 0.989893 0.917886 0.993988 0.878445 0.992885 0.917886 0.993988 0.879386 0.996472 0.786894 0.99155 0.804108 0.99005 0.803288 0.997832 0.786894 0.99155 0.803288 0.997832 0.784729 0.998744 0.782667 0.46461 0.702669 0.472226 0.700916 0.471426 0.782667 0.46461 0.700916 0.471426 0.785271 0.463451 0.952778 0.716175 0.919692 0.785271 0.994503 0.78356 0.952778 0.716175 0.927477 0.713293 0.919692 0.785271 0.995555 0.717141 0.994897 0.786327 0.925496 0.78488 0.919692 0.785271 0.925496 0.78488 0.994897 0.786327 0.925496 0.78488 0.927477 0.713293 0.995555 0.717141 0.994503 0.78356 0.995555 0.717141 0.952778 0.716175 0.994503 0.78356 0.994897 0.786327 0.995555 0.717141 0.927477 0.713293 0.925496 0.78488 0.919692 0.785271 0.919692 0.785271 0.994897 0.786327 0.994503 0.78356 0.952675 0.720127 0.994395 0.787511 0.919593 0.789223 0.952675 0.720127 0.919593 0.789223 0.927377 0.717244 0.995447 0.721092 0.925396 0.78883 0.994789 0.790277 0.919593 0.789223 0.994789 0.790277 0.925396 0.78883 0.925396 0.78883 0.995447 0.721092 0.927377 0.717244 0.994395 0.787511 0.952675 0.720127 0.995447 0.721092 0.994395 0.787511 0.995447 0.721092 0.994789 0.790277 0.927377 0.717244 0.919593 0.789223 0.925396 0.78883 0.919593 0.789223 0.994395 0.787511 0.994789 0.790277 0.858756 0.1648949 0.885263 0.161723 0.885984 0.322565 0.887864 0.161564 0.861229 0.163107 0.888443 0.320554 0.829831 0.02116894 0.827849 0.147195 0.861229 0.163107 0.8838 0.001018941 0.829831 0.02116894 0.861229 0.163107 0.883044 0.001068949 0.858756 0.1648949 0.825248 0.1473529 0.825248 0.1473529 0.82723 0.02132695 0.883044 0.001068949 0.827849 0.147195 0.816095 0.181698 0.861229 0.163107 0.858756 0.1648949 0.813494 0.181856 0.825248 0.1473529 0.817968 0.321284 0.888443 0.320554 0.861229 0.163107 0.861229 0.163107 0.816095 0.181698 0.817968 0.321284 0.858756 0.1648949 0.885984 0.322565 0.815367 0.321442 0.813494 0.181856 0.858756 0.1648949 0.815367 0.321442 0.883916 0.001015961 0.8838 0.001018941 0.887864 0.161564 0.858756 0.1648949 0.883044 0.001068949 0.885263 0.161723 0.887864 0.161564 0.8838 0.001018941 0.861229 0.163107 0.8838 0.001018941 0.79202 0.00110495 0.829831 0.02116894 0.794921 0.001142978 0.82723 0.02132695 0.789419 0.001263976 0.82723 0.02132695 0.794921 0.001142978 0.883044 0.001068949 0.888585 0.322407 0.887864 0.161564 0.888443 0.320554 0.797522 9.85e-4 0.79202 0.00110495 0.8838 0.001018941 0.8838 0.001018941 0.883916 0.001015961 0.797522 9.85e-4 0.99425 0.650052 0.937346 0.646908 0.985497 0.581911 0.517228 0.595173 0.613322 0.658889 0.515268 0.667321 0.613322 0.658889 0.612439 0.710259 0.515268 0.667321 0.998072 0.139874 0.958879 0.141525 0.986898 0.004972994 0.90688 0.138968 0.998072 0.139874 0.985137 0.004212975 0.985137 0.004212975 0.998072 0.139874 0.986898 0.004972994 0.986898 0.004972994 0.958879 0.141525 0.903172 0.004212975 0.900179 0.1366879 0.903172 0.004212975 0.958879 0.141525 0.985137 0.004212975 0.903172 0.004212975 0.900179 0.1366879 0.985137 0.004212975 0.900179 0.1366879 0.90688 0.138968 0.643634 0.4107 0.700413 0.412202 0.675182 0.492477 0.675182 0.492477 0.548629 0.492479 0.643634 0.4107 0.970937 0.261915 0.932514 0.259824 0.937713 0.321786 0.937713 0.321786 0.932514 0.259824 0.900204 0.223605 0.968808 0.32268 1.004893 0.222038 0.970937 0.261915 0.970937 0.261915 0.937713 0.321786 0.968808 0.32268 0.800277 0.487898 0.703914 0.489304 0.714046 0.593158 0.806998 0.592085 0.800277 0.487898 0.714046 0.593158 0.703943 0.48922 0.800864 0.489047 0.714067 0.59427 0.714067 0.59427 0.800864 0.489047 0.806988 0.593958 0.806963 0.594626 0.982814 0.584415 0.942775 0.651039 0.942775 0.651039 0.854317 0.650623 0.806963 0.594626 0.979776 0.486899 0.982814 0.584415 0.806963 0.594626 0.979776 0.486899 0.806963 0.594626 0.800538 0.488765 0.517228 0.595173 0.607323 0.598734 0.613322 0.658889 0.519114 0.493593 0.607323 0.598734 0.517228 0.595173 0.703928 0.490814 0.607323 0.598734 0.519114 0.493593 0.90688 0.138968 0.900179 0.1366879 0.932514 0.259824 0.932514 0.259824 0.900179 0.1366879 0.900204 0.223605 0.900204 0.223605 0.900179 0.1366879 0.958879 0.141525 0.900204 0.223605 0.958879 0.141525 1.004893 0.222038 0.958879 0.141525 0.998072 0.139874 1.004893 0.222038 0.970937 0.261915 0.90688 0.138968 0.932514 0.259824 0.970937 0.261915 1.004893 0.222038 0.998072 0.139874 0.998072 0.139874 0.90688 0.138968 0.970937 0.261915 0.998033 0.140787 0.98696 0.003791987 0.958723 0.144586 0.906768 0.141022 0.985201 0.003031969 0.998033 0.140787 0.985201 0.003031969 0.98696 0.003791987 0.998033 0.140787 0.98696 0.003791987 0.903274 0.002424955 0.958723 0.144586 0.900047 0.1387349 0.958723 0.144586 0.903274 0.002424955 0.985201 0.003031969 0.900047 0.1387349 0.903274 0.002424955 0.985201 0.003031969 0.906768 0.141022 0.900047 0.1387349 0.971965 0.261899 0.937032 0.321438 0.932642 0.260461 0.937032 0.321438 0.899799 0.223199 0.932642 0.260461 0.969114 0.322403 0.937032 0.321438 0.971965 0.261899 0.970956 0.261921 1.004189 0.223836 0.969834 0.32176 0.906768 0.141022 0.932507 0.259827 0.900047 0.1387349 0.932507 0.259827 0.89878 0.222851 0.900047 0.1387349 0.89878 0.222851 0.958723 0.144586 0.900047 0.1387349 0.89878 0.222851 1.004189 0.223836 0.958723 0.144586 0.958723 0.144586 1.004189 0.223836 0.998033 0.140787 0.970956 0.261921 0.932507 0.259827 0.906768 0.141022 0.970956 0.261921 0.998033 0.140787 1.004189 0.223836 0.998033 0.140787 0.970956 0.261921 0.906768 0.141022 0.714045 0.591801 0.724865 0.666942 0.613322 0.658889 0.613322 0.658889 0.724865 0.666942 0.612439 0.710259 0.778453 0.660966 0.80651 0.59543 0.859311 0.651327 0.521638 0.411704 0.578543 0.410311 0.548629 0.492479 0.700087 0.412799 0.813993 0.411002 0.675062 0.491447 0.675062 0.491447 0.813993 0.411002 0.834771 0.491216 0.833286 0.490427 0.81493 0.410532 0.676337 0.491215 0.676337 0.491215 0.81493 0.410532 0.700087 0.412799 0.934498 0.399974 0.996529 0.409428 0.965393 0.491799 0.834996 0.491799 0.813962 0.409428 0.879617 0.4007 0.703928 0.490814 0.714045 0.591801 0.607323 0.598734 0.607323 0.598734 0.714045 0.591801 0.613322 0.658889 0.990328 0.653877 0.985679 0.700413 0.90567 0.693735 0.90567 0.693735 0.942426 0.650659 0.990328 0.653877 0.943806 0.651462 0.853265 0.651649 0.905879 0.694092 0.853101 0.651555 0.90567 0.693735 0.824152 0.698884 0.824152 0.698884 0.810531 0.654979 0.853101 0.651555 0.879617 0.4007 0.934498 0.399974 0.834996 0.491799 0.965393 0.491799 0.834996 0.491799 0.934498 0.399974 0.858756 0.1648949 0.885984 0.322565 0.885263 0.161723 0.887864 0.161564 0.888443 0.320554 0.861229 0.163107 0.829831 0.02116894 0.861229 0.163107 0.827849 0.147195 0.8838 0.001018941 0.861229 0.163107 0.829831 0.02116894 0.883044 0.001068949 0.825248 0.1473529 0.858756 0.1648949 0.825248 0.1473529 0.883044 0.001068949 0.82723 0.02132695 0.827849 0.147195 0.861229 0.163107 0.816095 0.181698 0.858756 0.1648949 0.825248 0.1473529 0.813494 0.181856 0.817968 0.321284 0.861229 0.163107 0.888443 0.320554 0.861229 0.163107 0.817968 0.321284 0.816095 0.181698 0.858756 0.1648949 0.815367 0.321442 0.885984 0.322565 0.813494 0.181856 0.815367 0.321442 0.858756 0.1648949 0.883916 0.001015961 0.887864 0.161564 0.8838 0.001018941 0.858756 0.1648949 0.885263 0.161723 0.883044 0.001068949 0.887864 0.161564 0.861229 0.163107 0.8838 0.001018941 0.8838 0.001018941 0.829831 0.02116894 0.79202 0.00110495 0.794921 0.001142978 0.789419 0.001263976 0.82723 0.02132695 0.82723 0.02132695 0.883044 0.001068949 0.794921 0.001142978 0.888585 0.322407 0.888443 0.320554 0.887864 0.161564 0.797522 9.85e-4 0.883916 0.001015961 0.8838 0.001018941 0.8838 0.001018941 0.79202 0.00110495 0.797522 9.85e-4 0.829337 0.992507 0.878445 0.992885 0.879386 0.996472 0.643634 0.4107 0.548629 0.492479 0.578543 0.410311</float_array>
          <technique_common>
            <accessor source="#jead_001-mesh-map-0-array" count="2172" stride="2">
              <param name="S" type="float"/>
              <param name="T" type="float"/>
            </accessor>
          </technique_common>
        </source>
        <vertices id="jead_001-mesh-vertices">
          <input semantic="POSITION" source="#jead_001-mesh-positions"/>
        </vertices>
        <lines count="1">
          <input semantic="VERTEX" source="#jead_001-mesh-vertices" offset="0"/>
          <p>448 447</p>
        </lines>
        <triangles material="RSoldier_001-material" count="724">
          <input semantic="VERTEX" source="#jead_001-mesh-vertices" offset="0"/>
          <input semantic="NORMAL" source="#jead_001-mesh-normals" offset="1"/>
          <input semantic="TEXCOORD" source="#jead_001-mesh-map-0" offset="2" set="0"/>
          <p>3 0 0 13 0 1 1 0 2 0 1 3 14 1 4 2 1 5 3 2 6 12 2 7 4 2 8 9 3 9 7 3 10 4 3 11 10 4 12 19 4 13 4 4 14 3 5 15 19 5 16 13 5 17 4 6 18 12 6 19 6 6 20 4 7 21 6 7 22 9 7 23 8 8 24 4 8 25 7 8 26 5 9 27 4 9 28 8 9 29 4 10 30 5 10 31 11 10 32 11 11 33 10 11 34 4 11 35 3 12 36 1 12 37 12 12 38 2 13 39 10 13 40 11 13 41 13 14 42 0 14 43 1 14 44 10 15 45 2 15 46 14 15 47 0 16 48 18 16 49 14 16 50 10 17 51 14 17 52 18 17 53 16 18 54 9 18 55 15 18 56 16 19 57 17 19 58 8 19 59 8 20 60 7 20 61 16 20 62 10 21 63 18 21 64 19 21 65 0 22 66 13 22 67 18 22 68 19 23 69 18 23 70 13 23 71 19 24 72 3 24 73 4 24 74 17 25 75 15 25 76 9 25 77 17 26 78 9 26 79 8 26 80 7 27 81 9 27 82 16 27 83 23 28 84 21 28 85 33 28 86 34 29 87 20 29 88 22 29 89 23 30 90 24 30 91 32 30 92 29 31 93 24 31 94 27 31 95 30 32 96 24 32 97 39 32 98 23 33 99 33 33 100 39 33 101 24 34 102 26 34 103 32 34 104 24 35 105 29 35 106 26 35 107 28 36 108 27 36 109 24 36 110 25 37 111 28 37 112 24 37 113 24 38 114 31 38 115 25 38 116 31 39 117 24 39 118 30 39 119 23 40 120 32 40 121 21 40 122 22 41 123 31 41 124 30 41 125 33 42 126 21 42 127 20 42 128 30 43 129 34 43 130 22 43 131 38 44 132 20 44 133 34 44 134 30 45 135 38 45 136 34 45 137 36 46 138 35 46 139 29 46 140 36 47 141 28 47 142 37 47 143 28 48 144 36 48 145 27 48 146 30 49 147 39 49 148 38 49 149 33 50 150 20 50 151 38 50 152 39 51 153 33 51 154 38 51 155 39 52 156 24 52 157 23 52 158 37 53 159 28 53 160 29 53 161 37 54 162 29 54 163 35 54 164 27 55 165 36 55 166 29 55 167 40 56 168 41 56 169 151 56 170 40 57 171 151 57 172 42 57 173 43 58 174 44 58 175 45 58 176 43 59 177 45 59 178 175 59 179 79 60 180 159 60 181 46 60 182 47 61 183 48 61 184 148 61 185 47 62 186 148 62 187 49 62 188 50 63 189 51 63 190 142 63 191 50 64 192 142 64 193 141 64 194 79 65 195 140 65 196 150 65 197 52 66 198 53 66 199 144 66 200 52 67 201 144 67 202 54 67 203 173 68 204 79 68 205 55 68 206 56 69 207 57 69 208 139 69 209 56 70 210 139 70 211 146 70 212 140 71 213 79 71 214 58 71 215 96 72 216 152 72 217 79 72 218 57 73 219 59 73 220 60 73 221 57 74 222 60 74 223 139 74 224 61 75 225 50 75 226 141 75 227 61 76 228 141 76 229 62 76 230 57 77 231 63 77 232 59 77 233 56 78 234 63 78 235 57 78 236 147 79 237 58 79 238 79 79 239 64 80 240 65 80 241 66 80 242 64 81 243 66 81 244 157 81 245 79 82 246 170 82 247 67 82 248 68 83 249 69 83 250 155 83 251 68 84 252 155 84 253 172 84 254 70 85 255 71 85 256 64 85 257 72 86 258 73 86 259 135 86 260 72 87 261 135 87 262 74 87 263 41 88 264 75 88 265 76 88 266 41 89 267 76 89 268 151 89 269 77 90 270 78 90 271 68 90 272 150 91 273 149 91 274 79 91 275 77 92 276 68 92 277 167 92 278 59 93 279 47 93 280 49 93 281 59 94 282 49 94 283 60 94 284 79 95 285 143 95 286 137 95 287 48 96 288 80 96 289 156 96 290 48 97 291 156 97 292 148 97 293 79 98 294 81 98 295 82 98 296 79 99 297 174 99 298 83 99 299 80 100 300 43 100 301 175 100 302 80 101 303 175 101 304 156 101 305 191 102 306 192 102 307 177 102 308 191 103 309 177 103 310 178 103 311 79 104 312 137 104 313 136 104 314 85 105 315 86 105 316 87 105 317 85 106 318 87 106 319 88 106 320 79 107 321 89 107 322 81 107 323 79 108 324 92 108 325 169 108 326 174 109 327 79 109 328 93 109 329 95 110 330 91 110 331 94 110 332 90 111 333 95 111 334 94 111 335 159 112 336 79 112 337 160 112 338 96 113 339 79 113 340 154 113 341 79 114 342 46 114 343 143 114 344 97 115 345 79 115 346 149 115 347 79 116 348 173 116 349 171 116 350 79 117 351 145 117 352 154 117 353 98 118 354 133 118 355 99 118 356 99 119 357 100 119 358 98 119 359 133 120 360 101 120 361 124 120 362 124 121 363 99 121 364 133 121 365 102 122 366 124 122 367 101 122 368 101 123 369 103 123 370 102 123 371 103 124 372 105 124 373 104 124 374 104 125 375 102 125 376 103 125 377 105 126 378 132 126 379 106 126 380 106 127 381 104 127 382 105 127 383 132 128 384 107 128 385 108 128 386 108 129 387 106 129 388 132 129 389 131 130 390 130 130 391 125 130 392 107 131 393 131 131 394 125 131 395 107 132 396 125 132 397 108 132 398 130 133 399 109 133 400 118 133 401 118 134 402 125 134 403 130 134 404 109 135 405 129 135 406 119 135 407 119 136 408 118 136 409 109 136 410 129 137 411 128 137 412 120 137 413 120 138 414 119 138 415 129 138 416 128 139 417 110 139 418 121 139 419 121 140 420 120 140 421 128 140 422 110 141 423 127 141 424 111 141 425 111 142 426 121 142 427 110 142 428 127 143 429 126 143 430 122 143 431 122 144 432 111 144 433 127 144 434 126 145 435 112 145 436 113 145 437 113 146 438 122 146 439 126 146 440 112 147 441 114 147 442 115 147 443 115 148 444 113 148 445 112 148 446 114 149 447 134 149 448 123 149 449 123 150 450 115 150 451 114 150 452 134 151 453 116 151 454 117 151 455 117 152 456 123 152 457 134 152 458 116 153 459 98 153 460 100 153 461 100 154 462 117 154 463 116 154 464 118 155 465 119 155 466 120 155 467 120 156 468 121 156 469 111 156 470 111 157 471 122 157 472 113 157 473 120 158 474 111 158 475 113 158 476 113 159 477 115 159 478 123 159 479 123 160 480 117 160 481 100 160 482 113 161 483 123 161 484 100 161 485 120 162 486 113 162 487 100 162 488 100 160 489 99 160 490 124 160 491 124 163 492 102 163 493 104 163 494 100 164 495 124 164 496 104 164 497 120 165 498 100 165 499 104 165 500 104 166 501 106 166 502 108 166 503 120 167 504 104 167 505 108 167 506 118 160 507 120 160 508 108 160 509 125 168 510 118 168 511 108 168 512 114 169 513 112 169 514 126 169 515 126 170 516 127 170 517 110 170 518 110 171 519 128 171 520 129 171 521 126 172 522 110 172 523 129 172 524 129 173 525 109 173 526 130 173 527 129 174 528 130 174 529 131 174 530 131 175 531 107 175 532 132 175 533 132 176 534 105 176 535 103 176 536 131 177 537 132 177 538 103 177 539 129 178 540 131 178 541 103 178 542 103 179 543 101 179 544 133 179 545 133 180 546 98 180 547 116 180 548 103 181 549 133 181 550 116 181 551 129 182 552 103 182 553 116 182 554 126 183 555 129 183 556 116 183 557 114 184 558 126 184 559 116 184 560 114 185 561 116 185 562 134 185 563 74 186 564 135 186 565 136 186 566 74 187 567 136 187 568 137 187 569 135 188 570 138 188 571 89 188 572 135 189 573 89 189 574 136 189 575 139 190 576 60 190 577 140 190 578 139 191 579 140 191 580 58 191 581 141 192 582 142 192 583 143 192 584 141 193 585 143 193 586 46 193 587 84 194 588 40 194 589 181 194 590 166 195 591 168 195 592 55 195 593 166 196 594 55 196 595 83 196 596 146 197 597 139 197 598 58 197 599 146 198 600 58 198 601 147 198 602 49 199 603 148 199 604 149 199 605 49 200 606 149 200 607 150 200 608 163 201 609 88 201 610 67 201 611 163 202 612 67 202 613 170 202 614 151 203 615 76 203 616 152 203 617 151 204 618 152 204 619 96 204 620 154 205 621 178 205 622 177 205 623 177 206 624 184 206 625 187 206 626 187 207 627 153 207 628 154 207 629 177 208 630 187 208 631 154 208 632 155 209 633 163 209 634 170 209 635 155 210 636 170 210 637 171 210 638 148 211 639 156 211 640 97 211 641 148 212 642 97 212 643 149 212 644 164 213 645 157 213 646 93 213 647 164 214 648 93 214 649 158 214 650 42 215 651 151 215 652 96 215 653 42 216 654 96 216 655 154 216 656 87 217 657 62 217 658 159 217 659 87 218 660 159 218 661 160 218 662 54 219 663 144 219 664 82 219 665 54 220 666 82 220 667 81 220 668 73 221 669 161 221 670 138 221 671 73 222 672 138 222 673 135 222 674 79 223 675 97 223 676 92 223 677 55 224 678 79 224 679 83 224 680 161 225 681 52 225 682 54 225 683 161 226 684 54 226 685 138 226 686 69 227 687 162 227 688 163 227 689 69 228 690 163 228 691 155 228 692 79 229 693 158 229 694 93 229 695 145 230 696 79 230 697 82 230 698 144 231 699 153 231 700 187 231 701 144 232 702 187 232 703 186 232 704 190 233 705 42 233 706 154 233 707 154 234 708 189 234 709 190 234 710 70 235 711 64 235 712 157 235 713 70 236 714 157 236 715 164 236 716 65 237 717 165 237 718 166 237 719 65 238 720 166 238 721 66 238 722 152 239 723 147 239 724 79 239 725 51 240 726 72 240 727 74 240 728 51 241 729 74 241 730 142 241 731 75 242 732 56 242 733 146 242 734 75 243 735 146 243 736 76 243 737 86 244 738 61 244 739 62 244 740 86 245 741 62 245 742 87 245 743 162 246 744 85 246 745 88 246 746 162 247 747 88 247 748 163 247 749 165 248 750 167 248 751 168 248 752 165 249 753 168 249 754 166 249 755 67 250 756 160 250 757 79 250 758 44 251 759 70 251 760 164 251 761 44 252 762 164 252 763 45 252 764 167 253 765 68 253 766 172 253 767 167 254 768 172 254 769 168 254 770 79 255 771 169 255 772 158 255 773 170 256 774 79 256 775 171 256 776 79 257 777 136 257 778 89 257 779 88 258 780 87 258 781 160 258 782 88 259 783 160 259 784 67 259 785 142 260 786 74 260 787 137 260 788 142 261 789 137 261 790 143 261 791 138 262 792 54 262 793 81 262 794 138 263 795 81 263 796 89 263 797 168 264 798 172 264 799 173 264 800 168 265 801 173 265 802 55 265 803 76 266 804 146 266 805 147 266 806 76 267 807 147 267 808 152 267 809 62 268 810 141 268 811 46 268 812 62 269 813 46 269 814 159 269 815 172 270 816 155 270 817 171 270 818 172 271 819 171 271 820 173 271 821 60 272 822 49 272 823 150 272 824 60 273 825 150 273 826 140 273 827 157 274 828 66 274 829 174 274 830 157 275 831 174 275 832 93 275 833 45 276 834 164 276 835 158 276 836 45 277 837 158 277 838 169 277 839 175 278 840 45 278 841 169 278 842 175 279 843 169 279 844 92 279 845 156 280 846 175 280 847 92 280 848 156 281 849 92 281 850 97 281 851 66 282 852 166 282 853 83 282 854 66 283 855 83 283 856 174 283 857 188 284 858 179 284 859 176 284 860 188 285 861 176 285 862 185 285 863 154 286 864 153 286 865 42 286 866 42 287 867 190 287 868 189 287 869 189 288 870 178 288 871 154 288 872 42 289 873 189 289 874 154 289 875 179 290 876 40 290 877 42 290 878 42 291 879 190 291 880 188 291 881 42 292 882 188 292 883 179 292 884 177 293 885 82 293 886 144 293 887 186 294 888 187 294 889 184 294 890 177 295 891 144 295 892 186 295 893 186 296 894 184 296 895 177 296 896 186 297 897 144 297 898 53 297 899 53 298 900 176 298 901 185 298 902 53 299 903 185 299 904 186 299 905 179 300 906 176 300 907 182 300 908 179 301 909 182 301 910 183 301 911 180 302 912 82 302 913 177 302 914 177 303 915 229 303 916 228 303 917 177 304 918 228 304 919 180 304 920 145 305 921 82 305 922 180 305 923 154 306 924 145 306 925 180 306 926 191 307 927 178 307 928 154 307 929 177 308 930 192 308 931 227 308 932 177 309 933 227 309 934 229 309 935 192 310 936 191 310 937 226 310 938 192 311 939 226 311 940 227 311 941 53 312 942 84 312 943 181 312 944 176 313 945 53 313 946 181 313 947 176 314 948 181 314 949 182 314 950 40 315 951 179 315 952 183 315 953 40 316 954 183 316 955 181 316 956 183 317 957 182 317 958 181 317 959 184 318 960 185 318 961 186 318 962 188 319 963 185 319 964 184 319 965 188 320 966 184 320 967 189 320 968 188 321 969 189 321 970 190 321 971 177 322 972 178 322 973 189 322 974 177 323 975 189 323 976 184 323 977 144 324 978 186 324 979 185 324 980 179 325 981 188 325 982 190 325 983 179 326 984 190 326 985 42 326 986 144 327 987 185 327 988 176 327 989 179 328 990 42 328 991 153 328 992 153 329 993 144 329 994 176 329 995 153 330 996 176 330 997 179 330 998 193 331 999 200 331 1000 194 331 1001 195 332 1002 199 332 1003 194 332 1004 199 333 1005 195 333 1006 196 333 1007 198 334 1008 195 334 1009 197 334 1010 195 335 1011 198 335 1012 196 335 1013 194 336 1014 199 336 1015 193 336 1016 201 337 1017 203 337 1018 202 337 1019 204 338 1020 203 338 1021 205 338 1022 205 339 1023 206 339 1024 204 339 1025 207 340 1026 208 340 1027 204 340 1028 204 341 1029 206 341 1030 207 341 1031 203 342 1032 201 342 1033 205 342 1034 193 343 1035 199 343 1036 205 343 1037 193 344 1038 205 344 1039 201 344 1040 197 345 1041 195 345 1042 204 345 1043 197 346 1044 204 346 1045 208 346 1046 200 347 1047 193 347 1048 201 347 1049 200 348 1050 201 348 1051 202 348 1052 199 349 1053 196 349 1054 206 349 1055 199 350 1056 206 350 1057 205 350 1058 194 351 1059 200 351 1060 202 351 1061 194 352 1062 202 352 1063 203 352 1064 196 353 1065 198 353 1066 207 353 1067 196 354 1068 207 354 1069 206 354 1070 195 355 1071 194 355 1072 203 355 1073 195 356 1074 203 356 1075 204 356 1076 198 357 1077 197 357 1078 208 357 1079 198 358 1080 208 358 1081 207 358 1082 209 359 1083 216 359 1084 210 359 1085 211 360 1086 215 360 1087 210 360 1088 215 361 1089 211 361 1090 212 361 1091 214 362 1092 211 362 1093 213 362 1094 211 363 1095 214 363 1096 212 363 1097 210 364 1098 215 364 1099 209 364 1100 217 365 1101 219 365 1102 218 365 1103 220 366 1104 219 366 1105 221 366 1106 221 367 1107 222 367 1108 220 367 1109 223 368 1110 224 368 1111 220 368 1112 220 369 1113 222 369 1114 223 369 1115 219 370 1116 217 370 1117 221 370 1118 209 371 1119 215 371 1120 221 371 1121 209 372 1122 221 372 1123 217 372 1124 213 373 1125 211 373 1126 220 373 1127 213 374 1128 220 374 1129 224 374 1130 216 375 1131 209 375 1132 217 375 1133 216 376 1134 217 376 1135 218 376 1136 215 377 1137 212 377 1138 222 377 1139 215 378 1140 222 378 1141 221 378 1142 210 379 1143 216 379 1144 218 379 1145 210 380 1146 218 380 1147 219 380 1148 212 381 1149 214 381 1150 223 381 1151 212 382 1152 223 382 1153 222 382 1154 211 383 1155 210 383 1156 219 383 1157 211 384 1158 219 384 1159 220 384 1160 214 385 1161 213 385 1162 224 385 1163 214 386 1164 224 386 1165 223 386 1166 191 387 1167 154 387 1168 180 387 1169 225 388 1170 226 388 1171 191 388 1172 180 389 1173 225 389 1174 191 389 1175 227 390 1176 228 390 1177 229 390 1178 225 391 1179 228 391 1180 227 391 1181 225 392 1182 227 392 1183 226 392 1184 225 393 1185 180 393 1186 228 393 1187 244 394 1188 230 394 1189 235 394 1190 235 395 1191 231 395 1192 244 395 1193 232 396 1194 235 396 1195 230 396 1196 230 397 1197 236 397 1198 232 397 1199 231 398 1200 232 398 1201 236 398 1202 236 399 1203 244 399 1204 231 399 1205 231 400 1206 235 400 1207 237 400 1208 237 401 1209 238 401 1210 231 401 1211 241 402 1212 237 402 1213 235 402 1214 235 403 1215 232 403 1216 241 403 1217 238 404 1218 241 404 1219 232 404 1220 232 405 1221 231 405 1222 238 405 1223 243 406 1224 242 406 1225 238 406 1226 238 407 1227 237 407 1228 243 407 1229 233 408 1230 243 408 1231 237 408 1232 237 409 1233 241 409 1234 233 409 1235 242 410 1236 233 410 1237 241 410 1238 241 411 1239 238 411 1240 242 411 1241 240 412 1242 234 412 1243 239 412 1244 242 413 1245 243 413 1246 233 413 1247 230 414 1248 239 414 1249 234 414 1250 230 415 1251 244 415 1252 239 415 1253 240 416 1254 239 416 1255 244 416 1256 244 417 1257 236 417 1258 240 417 1259 236 418 1260 230 418 1261 234 418 1262 234 419 1263 240 419 1264 236 419 1265 245 420 1266 246 420 1267 247 420 1268 245 421 1269 247 421 1270 248 421 1271 246 422 1272 249 422 1273 250 422 1274 250 423 1275 247 423 1276 246 423 1277 251 424 1278 252 424 1279 250 424 1280 251 425 1281 250 425 1282 249 425 1283 265 426 1284 266 426 1285 267 426 1286 267 427 1287 268 427 1288 265 427 1289 266 428 1290 269 428 1291 270 428 1292 270 429 1293 267 429 1294 266 429 1295 269 430 1296 271 430 1297 272 430 1298 272 431 1299 270 431 1300 269 431 1301 271 432 1302 273 432 1303 274 432 1304 274 433 1305 272 433 1306 271 433 1307 253 434 1308 275 434 1309 276 434 1310 253 435 1311 276 435 1312 254 435 1313 255 436 1314 276 436 1315 274 436 1316 255 437 1317 274 437 1318 273 437 1319 256 438 1320 257 438 1321 258 438 1322 258 439 1323 254 439 1324 256 439 1325 257 440 1326 245 440 1327 248 440 1328 248 441 1329 258 441 1330 257 441 1331 248 442 1332 247 442 1333 259 442 1334 259 443 1335 260 443 1336 248 443 1337 247 444 1338 250 444 1339 261 444 1340 261 445 1341 259 445 1342 247 445 1343 268 446 1344 252 446 1345 251 446 1346 268 447 1347 251 447 1348 265 447 1349 252 448 1350 262 448 1351 261 448 1352 252 449 1353 261 449 1354 250 449 1355 268 450 1356 267 450 1357 277 450 1358 277 451 1359 278 451 1360 268 451 1361 267 452 1362 270 452 1363 279 452 1364 279 453 1365 277 453 1366 267 453 1367 272 454 1368 279 454 1369 270 454 1370 272 455 1371 274 455 1372 280 455 1373 280 456 1374 281 456 1375 272 456 1376 276 457 1377 275 457 1378 280 457 1379 276 458 1380 280 458 1381 274 458 1382 254 459 1383 258 459 1384 263 459 1385 263 460 1386 253 460 1387 254 460 1388 258 461 1389 248 461 1390 260 461 1391 260 462 1392 263 462 1393 258 462 1394 256 463 1395 255 463 1396 273 463 1397 256 464 1398 273 464 1399 271 464 1400 271 465 1401 269 465 1402 266 465 1403 266 466 1404 265 466 1405 251 466 1406 266 467 1407 251 467 1408 264 467 1409 249 468 1410 246 468 1411 245 468 1412 266 469 1413 264 469 1414 249 469 1415 266 470 1416 249 470 1417 245 470 1418 271 471 1419 266 471 1420 245 471 1421 256 472 1422 271 472 1423 245 472 1424 257 473 1425 256 473 1426 245 473 1427 260 474 1428 253 474 1429 263 474 1430 253 475 1431 260 475 1432 259 475 1433 280 476 1434 275 476 1435 262 476 1436 262 477 1437 278 477 1438 281 477 1439 262 478 1440 281 478 1441 280 478 1442 278 479 1443 279 479 1444 281 479 1445 278 480 1446 277 480 1447 279 480 1448 281 481 1449 279 481 1450 272 481 1451 278 482 1452 262 482 1453 252 482 1454 278 483 1455 252 483 1456 268 483 1457 264 484 1458 251 484 1459 249 484 1460 254 485 1461 276 485 1462 255 485 1463 254 486 1464 255 486 1465 256 486 1466 262 487 1467 275 487 1468 253 487 1469 253 488 1470 259 488 1471 261 488 1472 253 489 1473 261 489 1474 262 489 1475 282 490 1476 283 490 1477 284 490 1478 282 491 1479 284 491 1480 285 491 1481 284 492 1482 286 492 1483 287 492 1484 287 493 1485 285 493 1486 284 493 1487 284 494 1488 283 494 1489 288 494 1490 288 495 1491 289 495 1492 284 495 1493 289 496 1494 290 496 1495 286 496 1496 286 497 1497 284 497 1498 289 497 1499 291 498 1500 292 498 1501 293 498 1502 293 499 1503 294 499 1504 291 499 1505 293 500 1506 292 500 1507 295 500 1508 295 501 1509 296 501 1510 293 501 1511 293 502 1512 297 502 1513 298 502 1514 298 503 1515 294 503 1516 293 503 1517 297 504 1518 293 504 1519 296 504 1520 296 505 1521 299 505 1522 297 505 1523 311 506 1524 312 506 1525 310 506 1526 303 507 1527 311 507 1528 310 507 1529 320 508 1530 303 508 1531 310 508 1532 302 509 1533 320 509 1534 310 509 1535 313 510 1536 301 510 1537 319 510 1538 300 511 1539 313 511 1540 319 511 1541 300 512 1542 308 512 1543 313 512 1544 309 513 1545 310 513 1546 312 513 1547 312 514 1548 314 514 1549 309 514 1550 313 515 1551 308 515 1552 309 515 1553 309 516 1554 314 516 1555 313 516 1556 315 517 1557 300 517 1558 316 517 1559 316 518 1560 326 518 1561 315 518 1562 316 519 1563 305 519 1564 317 519 1565 317 520 1566 326 520 1567 316 520 1568 327 521 1569 306 521 1570 323 521 1571 318 522 1572 305 522 1573 316 522 1574 316 523 1575 300 523 1576 319 523 1577 319 524 1578 301 524 1579 318 524 1580 320 525 1581 321 525 1582 322 525 1583 320 526 1584 302 526 1585 321 526 1586 321 527 1587 307 527 1588 322 527 1589 322 528 1590 303 528 1591 320 528 1592 323 529 1593 307 529 1594 321 529 1595 321 530 1596 327 530 1597 323 530 1598 321 531 1599 302 531 1600 324 531 1601 324 532 1602 327 532 1603 321 532 1604 307 533 1605 329 533 1606 331 533 1607 307 534 1608 331 534 1609 305 534 1610 328 535 1611 331 535 1612 329 535 1613 325 536 1614 304 536 1615 317 536 1616 325 537 1617 317 537 1618 331 537 1619 323 538 1620 329 538 1621 307 538 1622 317 539 1623 305 539 1624 331 539 1625 323 540 1626 306 540 1627 325 540 1628 325 541 1629 330 541 1630 329 541 1631 323 542 1632 325 542 1633 329 542 1634 330 543 1635 328 543 1636 329 543 1637 331 544 1638 328 544 1639 330 544 1640 319 545 1641 318 545 1642 316 545 1643 317 546 1644 304 546 1645 326 546 1646 326 547 1647 304 547 1648 315 547 1649 327 548 1650 324 548 1651 306 548 1652 331 549 1653 330 549 1654 325 549 1655 335 550 1656 334 550 1657 332 550 1658 335 551 1659 332 551 1660 342 551 1661 352 552 1662 355 552 1663 356 552 1664 352 553 1665 353 553 1666 359 553 1667 352 554 1668 359 554 1669 351 554 1670 345 555 1671 349 555 1672 357 555 1673 345 556 1674 357 556 1675 344 556 1676 351 557 1677 359 557 1678 347 557 1679 351 558 1680 347 558 1681 348 558 1682 354 559 1683 353 559 1684 352 559 1685 354 560 1686 352 560 1687 356 560 1688 360 561 1689 346 561 1690 344 561 1691 360 562 1692 344 562 1693 357 562 1694 347 563 1695 346 563 1696 360 563 1697 347 564 1698 360 564 1699 348 564 1700 349 565 1701 345 565 1702 358 565 1703 349 566 1704 358 566 1705 350 566 1706 335 567 1707 342 567 1708 353 567 1709 335 568 1710 353 568 1711 354 568 1712 342 569 1713 336 569 1714 359 569 1715 342 570 1716 359 570 1717 353 570 1718 333 571 1719 334 571 1720 356 571 1721 333 572 1722 356 572 1723 355 572 1724 336 573 1725 341 573 1726 347 573 1727 336 574 1728 347 574 1729 359 574 1730 338 575 1731 339 575 1732 345 575 1733 338 576 1734 345 576 1735 344 576 1736 337 577 1737 338 577 1738 344 577 1739 337 578 1740 344 578 1741 346 578 1742 334 579 1743 335 579 1744 354 579 1745 334 580 1746 354 580 1747 356 580 1748 339 581 1749 340 581 1750 358 581 1751 339 582 1752 358 582 1753 345 582 1754 341 583 1755 337 583 1756 346 583 1757 341 584 1758 346 584 1759 347 584 1760 340 585 1761 343 585 1762 350 585 1763 340 586 1764 350 586 1765 358 586 1766 364 587 1767 361 587 1768 398 587 1769 364 588 1770 397 588 1771 361 588 1772 365 589 1773 399 589 1774 431 589 1775 361 590 1776 431 590 1777 399 590 1778 431 591 1779 397 591 1780 365 591 1781 398 592 1782 365 592 1783 364 592 1784 398 593 1785 399 593 1786 365 593 1787 397 594 1788 431 594 1789 361 594 1790 361 595 1791 399 595 1792 398 595 1793 367 596 1794 363 596 1795 362 596 1796 367 597 1797 362 597 1798 366 597 1799 368 598 1800 432 598 1801 400 598 1802 362 599 1803 400 599 1804 432 599 1805 432 600 1806 368 600 1807 366 600 1808 363 601 1809 367 601 1810 368 601 1811 363 602 1812 368 602 1813 400 602 1814 366 603 1815 362 603 1816 432 603 1817 362 604 1818 363 604 1819 400 604 1820 369 605 1821 401 605 1822 406 605 1823 401 606 1824 370 606 1825 433 606 1826 403 607 1827 402 607 1828 370 607 1829 440 608 1830 403 608 1831 370 608 1832 439 609 1833 369 609 1834 402 609 1835 402 610 1836 403 610 1837 439 610 1838 402 611 1839 404 611 1840 370 611 1841 369 612 1842 404 612 1843 402 612 1844 405 613 1845 433 613 1846 370 613 1847 370 614 1848 404 614 1849 405 614 1850 369 615 1851 406 615 1852 405 615 1853 404 616 1854 369 616 1855 405 616 1856 439 617 1857 440 617 1858 401 617 1859 369 618 1860 439 618 1861 401 618 1862 401 619 1863 440 619 1864 370 619 1865 440 620 1866 371 620 1867 403 620 1868 434 621 1869 403 621 1870 371 621 1871 403 622 1872 434 622 1873 439 622 1874 406 623 1875 401 623 1876 433 623 1877 434 624 1878 371 624 1879 440 624 1880 440 625 1881 439 625 1882 434 625 1883 421 626 1884 424 626 1885 411 626 1886 372 627 1887 373 627 1888 422 627 1889 373 628 1890 423 628 1891 422 628 1892 407 629 1893 410 629 1894 374 629 1895 412 630 1896 407 630 1897 375 630 1898 375 631 1899 407 631 1900 374 631 1901 374 632 1902 410 632 1903 408 632 1904 409 633 1905 408 633 1906 410 633 1907 375 634 1908 408 634 1909 409 634 1910 375 635 1911 409 635 1912 412 635 1913 384 636 1914 427 636 1915 419 636 1916 419 637 1917 376 637 1918 384 637 1919 443 638 1920 441 638 1921 422 638 1922 422 639 1923 441 639 1924 372 639 1925 421 640 1926 411 640 1927 443 640 1928 443 641 1929 422 641 1930 421 641 1931 387 642 1932 376 642 1933 372 642 1934 411 643 1935 387 643 1936 372 643 1937 419 644 1938 388 644 1939 435 644 1940 435 645 1941 388 645 1942 418 645 1943 418 646 1944 411 646 1945 424 646 1946 424 647 1947 380 647 1948 418 647 1949 387 648 1950 411 648 1951 418 648 1952 387 649 1953 418 649 1954 388 649 1955 372 650 1956 379 650 1957 373 650 1958 376 651 1959 379 651 1960 372 651 1961 419 652 1962 379 652 1963 376 652 1964 412 653 1965 409 653 1966 441 653 1967 441 654 1968 409 654 1969 372 654 1970 372 655 1971 409 655 1972 410 655 1973 372 656 1974 410 656 1975 411 656 1976 410 657 1977 407 657 1978 411 657 1979 443 658 1980 412 658 1981 441 658 1982 443 659 1983 411 659 1984 407 659 1985 407 660 1986 412 660 1987 443 660 1988 413 661 1989 414 661 1990 417 661 1991 415 662 1992 442 662 1993 413 662 1994 442 663 1995 414 663 1996 413 663 1997 414 664 1998 377 664 1999 417 664 2000 416 665 2001 417 665 2002 377 665 2003 442 666 2004 416 666 2005 377 666 2006 442 667 2007 415 667 2008 416 667 2009 436 668 2010 425 668 2011 378 668 2012 425 669 2013 435 669 2014 378 669 2015 426 670 2016 425 670 2017 436 670 2018 436 671 2019 418 671 2020 426 671 2021 415 672 2022 378 672 2023 416 672 2024 378 673 2025 435 673 2026 416 673 2027 435 674 2028 417 674 2029 416 674 2030 435 675 2031 418 675 2032 417 675 2033 417 676 2034 418 676 2035 413 676 2036 436 677 2037 378 677 2038 415 677 2039 436 678 2040 413 678 2041 418 678 2042 413 679 2043 436 679 2044 415 679 2045 435 680 2046 425 680 2047 373 680 2048 373 681 2049 425 681 2050 423 681 2051 426 682 2052 418 682 2053 380 682 2054 420 683 2055 383 683 2056 376 683 2057 427 684 2058 386 684 2059 419 684 2060 419 685 2061 386 685 2062 388 685 2063 387 686 2064 385 686 2065 376 686 2066 376 687 2067 385 687 2068 420 687 2069 382 688 2070 385 688 2071 387 688 2072 388 689 2073 386 689 2074 381 689 2075 419 690 2076 435 690 2077 379 690 2078 379 691 2079 435 691 2080 373 691 2081 421 692 2082 422 692 2083 423 692 2084 423 693 2085 424 693 2086 421 693 2087 380 694 2088 424 694 2089 423 694 2090 380 695 2091 423 695 2092 425 695 2093 425 696 2094 426 696 2095 380 696 2096 381 697 2097 382 697 2098 388 697 2099 387 698 2100 388 698 2101 382 698 2102 437 699 2103 390 699 2104 389 699 2105 389 700 2106 392 700 2107 391 700 2108 393 701 2109 391 701 2110 394 701 2111 395 702 2112 391 702 2113 393 702 2114 430 703 2115 394 703 2116 437 703 2117 394 704 2118 430 704 2119 393 704 2120 394 705 2121 391 705 2122 428 705 2123 437 706 2124 394 706 2125 428 706 2126 429 707 2127 391 707 2128 392 707 2129 391 708 2130 429 708 2131 428 708 2132 437 709 2133 429 709 2134 390 709 2135 428 710 2136 429 710 2137 437 710 2138 430 711 2139 389 711 2140 395 711 2141 437 712 2142 389 712 2143 430 712 2144 389 713 2145 391 713 2146 395 713 2147 395 714 2148 393 714 2149 396 714 2150 438 715 2151 396 715 2152 393 715 2153 393 716 2154 430 716 2155 438 716 2156 390 717 2157 392 717 2158 389 717 2159 438 718 2160 430 718 2161 395 718 2162 395 719 2163 396 719 2164 438 719 2165 444 720 2166 445 720 2167 447 720 2168 384 721 2169 376 721 2170 383 721 2171</p>
        </triangles>
      </mesh>
    </geometry>
  </library_geometries>
  <library_controllers>
    <controller id="Dorkim_b_hurim_Skin_Herthaganautoz-skin" name="Dorkim b'hurim_Skin">
      <skin source="#jead_001-mesh">
        <bind_shape_matrix>1 0 0 0 0 1 0 0 0 0 1 0 0 0 0 1</bind_shape_matrix>
        <source id="Dorkim_b_hurim_Skin_Herthaganautoz-skin-joints">
          <Name_array id="Dorkim_b_hurim_Skin_Herthaganautoz-skin-joints-array" count="17">pelvis femurleft butt-l knee-l-top knee-l-bopttom femurright butt-r knee-r-top knee-r-bopttom lumbar rib scapula ulna scapula01 ulna01 smoke_node_1 neck</Name_array>
          <technique_common>
            <accessor source="#Dorkim_b_hurim_Skin_Herthaganautoz-skin-joints-array" count="17" stride="1">
              <param name="JOINT" type="name"/>
            </accessor>
          </technique_common>
        </source>
        <source id="Dorkim_b_hurim_Skin_Herthaganautoz-skin-bind_poses">
          <float_array id="Dorkim_b_hurim_Skin_Herthaganautoz-skin-bind_poses-array" count="272">1 0 0 -2.88205e-4 0 -1.19209e-7 1 -1.989969 0 -1 -1.3411e-7 0.05965095 0 0 0 1 1 0 0 -0.2295659 0 0 1 -1.980151 0 -1 0 0 0 0 0 1 1 0 0 -0.2300334 0 -6.78003e-7 1 -1.881625 0 -1 -6.92904e-7 0.2278666 0 0 0 1 1 0 0 -0.2579527 0 -3.7998e-7 1 -1.492427 0 -1 -4.02331e-7 -0.3577114 0 0 0 1 1 0 0 -0.2616621 0 -2.30968e-7 1 -1.243225 0 -1 -2.44007e-7 0.03760045 0 0 0 1 1 0 0 0.2313526 0 -1.19209e-7 1 -1.980151 0 -1 -1.34359e-7 0 0 0 0 1 1 0 0 0.2346149 0 -7.15256e-7 1 -1.884256 0 -1 -7.30157e-7 0.2262769 0 0 0 1 1 0 0 0.1784679 0 -1.01328e-6 1 -1.491813 0 -1 -1.02818e-6 -0.3589492 0 0 0 1 1 0 0 0.2454932 0 0 1 -1.243115 0 -1 0 0.03760027 0 0 0 1 1 0 0 -0.004826366 0 -1.19209e-7 1 -2.179733 0 -1 -1.3411e-7 0.1130516 0 0 0 1 1 0 0 0.007960081 0 0 1 -2.884791 0 -1 -1.34359e-7 0 0 0 0 1 0.2249813 1.7524e-6 0.974363 -3.141843 -0.974363 0 0.2249813 -0.3043202 4.06105e-7 -1 1.68959e-6 -5.75383e-6 0 0 0 1 0.2249833 -4.55689e-7 0.9743626 -3.265582 -0.9743626 0 0.2249833 0.2950294 0 -1 -4.61892e-7 1.23261e-6 0 0 0 1 0.2205276 0 -0.9753807 3.152219 0.9753808 0 0.2205278 -0.2500776 0 -1 0 -5.81693e-7 0 0 0 1 0.2205273 0 -0.9753808 3.264221 0.9753807 -1.25372e-7 0.2205276 0.3492795 -1.22398e-7 -1 0 -3.31033e-7 0 0 0 1 0.2224934 -1.44158e-5 -0.9749342 3.378006 -0.006572782 -0.9999774 -0.001485228 -0.05561035 -0.9749122 0.006738662 -0.2224885 -1.055669 0 0 0 1 1 0 0 0.02165722 0 0 1 -3.354291 0 -1 -1.19697e-7 1.60604e-7 0 0 0 1</float_array>
          <technique_common>
            <accessor source="#Dorkim_b_hurim_Skin_Herthaganautoz-skin-bind_poses-array" count="17" stride="16">
              <param name="TRANSFORM" type="float4x4"/>
            </accessor>
          </technique_common>
        </source>
        <source id="Dorkim_b_hurim_Skin_Herthaganautoz-skin-weights">
          <float_array id="Dorkim_b_hurim_Skin_Herthaganautoz-skin-weights-array" count="449">1 1 1 1 1 1 1 1 1 1 1 1 1 1 1 1 1 1 1 1 1 1 1 1 1 1 1 1 1 1 1 1 1 1 1 1 1 1 1 1 1 1 1 1 1 1 1 1 1 1 1 1 1 1 1 1 1 1 1 1 1 1 1 1 1 1 1 1 1 1 1 1 1 1 1 1 1 1 1 1 1 1 1 1 1 1 1 1 1 1 1 1 1 1 1 1 1 1 1 1 1 1 1 1 1 1 1 1 1 1 1 1 1 1 1 1 1 1 1 1 1 1 1 1 1 1 1 1 1 1 1 1 1 1 1 1 1 1 1 1 1 1 1 1 1 1 1 1 1 1 1 1 1 1 1 1 1 1 1 1 1 1 1 1 1 1 1 1 1 1 1 1 1 1 1 1 1 1 1 1 1 1 1 1 1 1 1 1 1 1 1 1 1 1 1 1 1 1 1 1 1 1 1 1 1 1 1 1 1 1 1 1 1 1 1 1 1 1 1 1 1 1 1 1 1 1 1 1 1 1 1 1 1 1 1 1 1 1 1 1 1 1 1 1 1 1 1 1 1 1 1 1 1 1 1 1 1 1 1 1 1 1 1 1 1 1 1 1 1 1 1 1 1 1 1 1 1 1 1 1 1 1 1 1 1 1 1 1 1 1 1 1 1 1 1 1 1 1 1 1 1 1 1 1 1 1 1 1 1 1 1 1 1 1 1 1 1 1 1 1 1 1 1 1 1 1 1 1 1 1 1 1 1 1 1 1 1 1 1 1 1 1 1 1 1 1 1 1 1 1 1 1 1 1 1 1 1 1 1 1 1 1 1 1 1 1 1 1 1 1 1 1 1 1 1 1 1 1 1 1 1 1 1 1 1 1 1 1 1 1 1 1 1 1 1 1 1 1 1 1 1 1 1 1 1 1 1 1 1 1 1 1 1 1 1 1 1 1 1 1 1 1 1 1 1 1 1 1 1 1 1 1 1 1 1 1 1 1 1 1 1 1 1 1 1 1 1 1 1</float_array>
          <technique_common>
            <accessor source="#Dorkim_b_hurim_Skin_Herthaganautoz-skin-weights-array" count="449" stride="1">
              <param name="WEIGHT" type="float"/>
            </accessor>
          </technique_common>
        </source>
        <joints>
          <input semantic="JOINT" source="#Dorkim_b_hurim_Skin_Herthaganautoz-skin-joints"/>
          <input semantic="INV_BIND_MATRIX" source="#Dorkim_b_hurim_Skin_Herthaganautoz-skin-bind_poses"/>
        </joints>
        <vertex_weights count="449">
          <input semantic="JOINT" source="#Dorkim_b_hurim_Skin_Herthaganautoz-skin-joints" offset="0"/>
          <input semantic="WEIGHT" source="#Dorkim_b_hurim_Skin_Herthaganautoz-skin-weights" offset="1"/>
          <vcount>1 1 1 1 1 1 1 1 1 1 1 1 1 1 1 1 1 1 1 1 1 1 1 1 1 1 1 1 1 1 1 1 1 1 1 1 1 1 1 1 1 1 1 1 1 1 1 1 1 1 1 1 1 1 1 1 1 1 1 1 1 1 1 1 1 1 1 1 1 1 1 1 1 1 1 1 1 1 1 1 1 1 1 1 1 1 1 1 1 1 1 1 1 1 1 1 1 1 1 1 1 1 1 1 1 1 1 1 1 1 1 1 1 1 1 1 1 1 1 1 1 1 1 1 1 1 1 1 1 1 1 1 1 1 1 1 1 1 1 1 1 1 1 1 1 1 1 1 1 1 1 1 1 1 1 1 1 1 1 1 1 1 1 1 1 1 1 1 1 1 1 1 1 1 1 1 1 1 1 1 1 1 1 1 1 1 1 1 1 1 1 1 1 1 1 1 1 1 1 1 1 1 1 1 1 1 1 1 1 1 1 1 1 1 1 1 1 1 1 1 1 1 1 1 1 1 1 1 1 1 1 1 1 1 1 1 1 1 1 1 1 1 1 1 1 1 1 1 1 1 1 1 1 1 1 1 1 1 1 1 1 1 1 1 1 1 1 1 1 1 1 1 1 1 1 1 1 1 1 1 1 1 1 1 1 1 1 1 1 1 1 1 1 1 1 1 1 1 1 1 1 1 1 1 1 1 1 1 1 1 1 1 1 1 1 1 1 1 1 1 1 1 1 1 1 1 1 1 1 1 1 1 1 1 1 1 1 1 1 1 1 1 1 1 1 1 1 1 1 1 1 1 1 1 1 1 1 1 1 1 1 1 1 1 1 1 1 1 1 1 1 1 1 1 1 1 1 1 1 1 1 1 1 1 1 1 1 1 1 1 1 1 1 1 1 1 1 1 1 1 1 1 1 1 1 1 1 1 1 1 1 1 1 1 1 1 1 1 1 1 1 1 1 1 1 1 1 1 1 1 1 1 1 1 1 1 1 1 1 1 1 1 1 1 1 1 1 1 1 </vcount>
          <v>16 0 16 1 16 2 16 3 16 4 16 5 16 6 16 7 16 8 16 9 16 10 16 11 16 12 16 13 16 14 16 15 16 16 16 17 16 18 16 19 16 20 16 21 16 22 16 23 16 24 16 25 16 26 16 27 16 28 16 29 16 30 16 31 16 32 16 33 16 34 16 35 16 36 16 37 16 38 16 39 16 40 16 41 16 42 16 43 16 44 16 45 16 46 16 47 16 48 16 49 16 50 16 51 16 52 16 53 16 54 16 55 16 56 16 57 16 58 16 59 16 60 16 61 16 62 16 63 16 64 16 65 16 66 16 67 16 68 16 69 16 70 16 71 16 72 16 73 16 74 16 75 16 76 16 77 16 78 16 79 16 80 16 81 16 82 16 83 16 84 16 85 16 86 16 87 16 88 16 89 16 90 16 91 16 92 16 93 16 94 16 95 16 96 16 97 16 98 16 99 16 100 16 101 16 102 16 103 16 104 16 105 16 106 16 107 16 108 16 109 16 110 16 111 16 112 16 113 16 114 16 115 16 116 16 117 16 118 16 119 16 120 16 121 16 122 16 123 16 124 16 125 16 126 16 127 16 128 16 129 16 130 16 131 16 132 16 133 16 134 16 135 16 136 16 137 16 138 16 139 16 140 16 141 16 142 16 143 16 144 16 145 16 146 16 147 16 148 16 149 16 150 16 151 16 152 16 153 16 154 16 155 16 156 16 157 16 158 16 159 16 160 16 161 16 162 16 163 16 164 16 165 16 166 16 167 16 168 16 169 16 170 16 171 16 172 16 173 16 174 16 175 16 176 16 177 16 178 16 179 16 180 16 181 16 182 16 183 16 184 16 185 16 186 16 187 16 188 16 189 16 190 16 191 16 192 16 193 16 194 16 195 16 196 16 197 16 198 16 199 16 200 16 201 16 202 16 203 16 204 16 205 16 206 16 207 16 208 16 209 16 210 16 211 16 212 16 213 16 214 16 215 16 216 16 217 16 218 16 219 16 220 16 221 16 222 16 223 16 224 16 225 16 226 16 227 16 228 16 229 15 230 15 231 15 232 15 233 15 234 15 235 15 236 15 237 15 238 15 239 15 240 15 241 15 242 15 243 15 244 9 245 9 246 9 247 9 248 9 249 9 250 10 251 10 252 10 253 9 254 10 255 9 256 9 257 9 258 9 259 9 260 9 261 10 262 9 263 10 264 10 265 10 266 10 267 10 268 10 269 10 270 10 271 10 272 10 273 10 274 10 275 10 276 10 277 10 278 10 279 10 280 10 281 12 282 12 283 12 284 12 285 12 286 12 287 12 288 12 289 12 290 12 291 12 292 12 293 12 294 12 295 12 296 12 297 12 298 12 299 16 300 16 301 16 302 16 303 16 304 16 305 16 306 16 307 16 308 16 309 16 310 16 311 16 312 16 313 16 314 16 315 16 316 16 317 16 318 16 319 16 320 16 321 16 322 16 323 16 324 16 325 16 326 16 327 16 328 16 329 16 330 16 331 10 332 10 333 10 334 10 335 10 336 10 337 10 338 10 339 10 340 10 341 10 342 10 343 10 344 10 345 10 346 10 347 10 348 10 349 10 350 10 351 10 352 10 353 10 354 10 355 10 356 10 357 10 358 10 359 10 360 14 361 12 362 12 363 14 364 14 365 12 366 12 367 12 368 4 369 4 370 4 371 10 372 10 373 14 374 14 375 0 376 12 377 11 378 10 379 10 380 2 381 6 382 5 383 1 384 6 385 2 386 0 387 0 388 8 389 5 390 8 391 5 392 8 393 8 394 8 395 8 396 14 397 14 398 14 399 12 400 4 401 4 402 4 403 1 404 1 405 1 406 13 407 14 408 14 409 14 410 10 411 14 412 11 413 12 414 12 415 12 416 12 417 10 418 0 419 5 420 10 421 10 422 10 423 10 424 10 425 10 426 1 427 5 428 5 429 8 430 14 431 12 432 1 433 4 434 10 435 11 436 8 437 8 438 4 439 4 440 13 441 12 442 13 443 10 444 10 445 10 446 10 447 10 448</v>
        </vertex_weights>
      </skin>
    </controller>
  </library_controllers>
  <library_visual_scenes>
    <visual_scene id="Scene" name="Scene">
      <node id="Dorkim_b_hurim_Skin" name="Dorkim_b_hurim_Skin" type="NODE">
        <matrix sid="transform">1 0 0 0 0 1 0 0 0 0 1 0 0 0 0 1</matrix>
        <node id="Dorkim_b_hurim_Skin_root" name="root" sid="root" type="JOINT">
          <matrix sid="transform">1 0 3.38755e-8 0 3.38755e-8 -1.34359e-7 -1 -1.01207e-7 4.50959e-15 1 -1.19209e-7 2.154822 0 0 0 1</matrix>
          <node id="Dorkim_b_hurim_Skin_pelvis" name="pelvis" sid="pelvis" type="JOINT">
            <matrix sid="transform">1 0 1.06555e-8 2.88204e-4 0 1 0 -0.1648533 -1.06555e-8 0 1 -0.05965076 0 0 0 1</matrix>
            <node id="Dorkim_b_hurim_Skin_femurleft" name="femurleft" sid="femurleft" type="JOINT">
              <matrix sid="transform">1 -5.94125e-15 5.09364e-9 0.2292777 0 1 3.7253e-8 -0.009817481 -5.09364e-9 -3.70048e-8 1 0.05965088 0 0 0 1</matrix>
              <node id="Dorkim_b_hurim_Skin_butt-l" name="butt-l" sid="butt-l" type="JOINT">
                <matrix sid="transform">1 -6.43587e-15 4.2319e-9 4.67524e-4 2.52241e-15 1 -5.96046e-7 -0.09852624 -4.2319e-9 5.96046e-7 1 -0.2278655 0 0 0 1</matrix>
                <extra>
                  <technique profile="blender">
                    <layer sid="layer" type="string">0</layer>
                    <roll sid="roll" type="float">0</roll>
                    <tip_x sid="tip_x" type="float">0</tip_x>
                    <tip_y sid="tip_y" type="float">0</tip_y>
                    <tip_z sid="tip_z" type="float">0.1</tip_z>
                  </technique>
                </extra>
              </node>
              <node id="Dorkim_b_hurim_Skin_knee-l-top" name="knee-l-top" sid="knee-l-top" type="JOINT">
                <matrix sid="transform">1 -6.43587e-15 7.79386e-9 0.02838679 2.32275e-15 1 -2.98023e-7 -0.4877243 -7.79386e-9 2.98023e-7 1 0.3577119 0 0 0 1</matrix>
                <extra>
                  <technique profile="blender">
                    <layer sid="layer" type="string">0</layer>
                    <roll sid="roll" type="float">0</roll>
                    <tip_x sid="tip_x" type="float">0</tip_x>
                    <tip_y sid="tip_y" type="float">0</tip_y>
                    <tip_z sid="tip_z" type="float">0.0999999</tip_z>
                  </technique>
                </extra>
              </node>
              <node id="Dorkim_b_hurim_Skin_knee-l-bopttom" name="knee-l-bopttom" sid="knee-l-bopttom" type="JOINT">
                <matrix sid="transform">1 -6.43587e-15 3.00215e-8 0.03209619 4.47356e-15 1 -1.49012e-7 -0.7369261 -3.00215e-8 1.49012e-7 1 -0.03760033 0 0 0 1</matrix>
                <node id="Dorkim_b_hurim_Skin_ankle_left" name="ankle left" sid="ankle_left" type="JOINT">
                  <matrix sid="transform">1 -2.79397e-8 9.33215e-7 0.008728176 3.18127e-7 -0.9295396 -0.3687221 -1.121673 8.77764e-7 0.3687221 -0.9295379 -0.0627567 0 0 0 1</matrix>
                  <node id="Dorkim_b_hurim_Skin_foot_left01" name="foot left01" sid="foot_left01" type="JOINT">
                    <matrix sid="transform">1 7.90969e-7 3.24131e-5 2.38419e-7 -3.01684e-5 0.3889573 0.9212558 0.2168393 -1.18786e-5 -0.9212558 0.3889574 -0.2809228 0 0 0 1</matrix>
                    <extra>
                      <technique profile="blender">
                        <layer sid="layer" type="string">0</layer>
                        <roll sid="roll" type="float">3.274e-5</roll>
                        <tip_x sid="tip_x" type="float">0</tip_x>
                        <tip_y sid="tip_y" type="float">-0.09997612</tip_y>
                        <tip_z sid="tip_z" type="float">-0.002186357</tip_z>
                      </technique>
                    </extra>
                  </node>
                  <extra>
                    <technique profile="blender">
                      <layer sid="layer" type="string">0</layer>
                      <roll sid="roll" type="float">8.59183e-7</roll>
                      <tip_x sid="tip_x" type="float">0</tip_x>
                      <tip_y sid="tip_y" type="float">-0.03687214</tip_y>
                      <tip_z sid="tip_z" type="float">-0.09295386</tip_z>
                    </technique>
                  </extra>
                </node>
                <extra>
                  <technique profile="blender">
                    <layer sid="layer" type="string">0</layer>
                    <roll sid="roll" type="float">0</roll>
                    <tip_x sid="tip_x" type="float">0</tip_x>
                    <tip_y sid="tip_y" type="float">0</tip_y>
                    <tip_z sid="tip_z" type="float">0.0999999</tip_z>
                  </technique>
                </extra>
              </node>
              <extra>
                <technique profile="blender">
                  <layer sid="layer" type="string">0</layer>
                  <roll sid="roll" type="float">0</roll>
                  <tip_x sid="tip_x" type="float">0</tip_x>
                  <tip_y sid="tip_y" type="float">0</tip_y>
                  <tip_z sid="tip_z" type="float">0.09999978</tip_z>
                </technique>
              </extra>
            </node>
            <node id="Dorkim_b_hurim_Skin_femurright" name="femurright" sid="femurright" type="JOINT">
              <matrix sid="transform">1 -5.94125e-15 5.09365e-9 -0.2316408 0 1 0 -0.009817481 -5.09365e-9 2.48221e-10 1 0.05965088 0 0 0 1</matrix>
              <node id="Dorkim_b_hurim_Skin_butt-r" name="butt-r" sid="butt-r" type="JOINT">
                <matrix sid="transform">1 -6.62562e-15 5.58592e-9 -0.003262341 3.32947e-15 1 -5.96046e-7 -0.09589541 -5.58592e-9 5.96046e-7 1 -0.2262758 0 0 0 1</matrix>
                <extra>
                  <technique profile="blender">
                    <layer sid="layer" type="string">0</layer>
                    <roll sid="roll" type="float">0</roll>
                    <tip_x sid="tip_x" type="float">0</tip_x>
                    <tip_y sid="tip_y" type="float">0</tip_y>
                    <tip_z sid="tip_z" type="float">0.1</tip_z>
                  </technique>
                </extra>
              </node>
              <node id="Dorkim_b_hurim_Skin_knee-r-top" name="knee-r-top" sid="knee-r-top" type="JOINT">
                <matrix sid="transform">1 -6.62562e-15 9.03824e-9 0.0528847 8.08082e-15 1 -8.9407e-7 -0.4883387 -9.03824e-9 8.9407e-7 1 0.3589506 0 0 0 1</matrix>
                <extra>
                  <technique profile="blender">
                    <layer sid="layer" type="string">0</layer>
                    <roll sid="roll" type="float">0</roll>
                    <tip_x sid="tip_x" type="float">0</tip_x>
                    <tip_y sid="tip_y" type="float">-1.19209e-7</tip_y>
                    <tip_z sid="tip_z" type="float">0.1</tip_z>
                  </technique>
                </extra>
              </node>
              <node id="Dorkim_b_hurim_Skin_knee-r-bopttom" name="knee-r-bopttom" sid="knee-r-bopttom" type="JOINT">
                <matrix sid="transform">1 -6.62562e-15 1.89711e-8 -0.01414061 -7.0673e-16 1 3.72529e-8 -0.7370362 -1.89711e-8 -3.72529e-8 1 -0.03760029 0 0 0 1</matrix>
                <node id="Dorkim_b_hurim_Skin_ankleright" name="ankleright" sid="ankleright" type="JOINT">
                  <matrix sid="transform">1 -2.79397e-8 8.61673e-7 -0.0131759 2.91746e-7 -0.92954 -0.3687212 -1.118303 8.11262e-7 0.3687212 -0.92954 -0.06275678 0 0 0 1</matrix>
                  <node id="Dorkim_b_hurim_Skin_foot_right01" name="foot right01" sid="foot_right01" type="JOINT">
                    <matrix sid="transform">1 7.36109e-7 2.45211e-5 2.68221e-7 -2.28765e-5 0.3889574 0.9212557 0.2168392 -8.85953e-6 -0.9212557 0.3889574 -0.2809221 0 0 0 1</matrix>
                    <extra>
                      <technique profile="blender">
                        <layer sid="layer" type="string">0</layer>
                        <roll sid="roll" type="float">2.4842e-5</roll>
                        <tip_x sid="tip_x" type="float">0</tip_x>
                        <tip_y sid="tip_y" type="float">-0.09997606</tip_y>
                        <tip_z sid="tip_z" type="float">-0.002186477</tip_z>
                      </technique>
                    </extra>
                  </node>
                  <extra>
                    <technique profile="blender">
                      <layer sid="layer" type="string">0</layer>
                      <roll sid="roll" type="float">7.97911e-7</roll>
                      <tip_x sid="tip_x" type="float">0</tip_x>
                      <tip_y sid="tip_y" type="float">-0.03687208</tip_y>
                      <tip_z sid="tip_z" type="float">-0.09295403</tip_z>
                    </technique>
                  </extra>
                </node>
                <extra>
                  <technique profile="blender">
                    <layer sid="layer" type="string">0</layer>
                    <roll sid="roll" type="float">0</roll>
                    <tip_x sid="tip_x" type="float">0</tip_x>
                    <tip_y sid="tip_y" type="float">0</tip_y>
                    <tip_z sid="tip_z" type="float">0.1</tip_z>
                  </technique>
                </extra>
              </node>
              <extra>
                <technique profile="blender">
                  <layer sid="layer" type="string">0</layer>
                  <roll sid="roll" type="float">0</roll>
                  <tip_x sid="tip_x" type="float">0</tip_x>
                  <tip_y sid="tip_y" type="float">0</tip_y>
                  <tip_z sid="tip_z" type="float">0.09999978</tip_z>
                </technique>
              </extra>
            </node>
            <node id="Dorkim_b_hurim_Skin_lumbar" name="lumbar" sid="lumbar" type="JOINT">
              <matrix sid="transform">1 -5.94125e-15 4.81516e-9 0.004538174 0 1 0 0.189765 -4.81516e-9 2.48221e-10 1 -0.05340067 0 0 0 1</matrix>
              <node id="Dorkim_b_hurim_Skin_rib" name="rib" sid="rib" type="JOINT">
                <matrix sid="transform">1 -6.58821e-15 4.3098e-9 -0.01278647 0 1 0 0.7050576 -4.3098e-9 2.48221e-10 1 0.1130516 0 0 0 1</matrix>
                <node id="Dorkim_b_hurim_Skin_scapula" name="scapula" sid="scapula" type="JOINT">
                  <matrix sid="transform">0.2249813 -0.9743631 3.52449e-7 0.4182977 0.974363 0.2249814 1.82395e-6 0.244971 -1.85649e-6 -6.6942e-8 1 -5.40272e-8 0 0 0 1</matrix>
                  <node id="Dorkim_b_hurim_Skin_ulna" name="ulna" sid="ulna" type="JOINT">
                    <matrix sid="transform">1 2.16067e-6 -2.20809e-6 0.1237376 -2.13087e-6 0.9999999 3.12639e-13 -0.5993565 2.20809e-6 4.40536e-12 1 2.24262e-7 0 0 0 1</matrix>
                    <node id="Dorkim_b_hurim_Skin_carpal" name="carpal" sid="carpal" type="JOINT">
                      <matrix sid="transform">1 -1.81794e-6 4.66881e-7 0.1033108 1.92225e-6 1 -1.49011e-7 -0.5754041 -4.66881e-7 1.49012e-7 1 0.07377813 0 0 0 1</matrix>
                      <node id="Dorkim_b_hurim_Skin_ammo_node_1" name="ammo node 1" sid="ammo_node_1" type="JOINT">
                        <matrix sid="transform">0.9999998 -4.46831e-7 6.24418e-4 0.176682 6.24493e-4 0.001919865 -0.999998 0.2353451 -7.54334e-7 0.9999982 0.001919866 -0.07377823 0 0 0 1</matrix>
                        <extra>
                          <technique profile="blender">
                            <layer sid="layer" type="string">0</layer>
                            <roll sid="roll" type="float">-2.250599</roll>
                            <tip_x sid="tip_x" type="float">-1.87039e-4</tip_x>
                            <tip_y sid="tip_y" type="float">-0.09999984</tip_y>
                            <tip_z sid="tip_z" type="float">4.31538e-5</tip_z>
                          </technique>
                        </extra>
                      </node>
                      <extra>
                        <technique profile="blender">
                          <layer sid="layer" type="string">0</layer>
                          <roll sid="roll" type="float">-1.343872</roll>
                          <tip_x sid="tip_x" type="float">-0.09743618</tip_x>
                          <tip_y sid="tip_y" type="float">0</tip_y>
                          <tip_z sid="tip_z" type="float">0.02249813</tip_z>
                        </technique>
                      </extra>
                    </node>
                    <extra>
                      <technique profile="blender">
                        <layer sid="layer" type="string">0</layer>
                        <roll sid="roll" type="float">-1.343871</roll>
                        <tip_x sid="tip_x" type="float">-0.09743636</tip_x>
                        <tip_y sid="tip_y" type="float">0</tip_y>
                        <tip_z sid="tip_z" type="float">0.02249836</tip_z>
                      </technique>
                    </extra>
                  </node>
                  <extra>
                    <technique profile="blender">
                      <layer sid="layer" type="string">0</layer>
                      <roll sid="roll" type="float">-1.343871</roll>
                      <tip_x sid="tip_x" type="float">-0.09743624</tip_x>
                      <tip_y sid="tip_y" type="float">0</tip_y>
                      <tip_z sid="tip_z" type="float">0.02249813</tip_z>
                    </technique>
                  </extra>
                </node>
                <node id="Dorkim_b_hurim_Skin_scapula01" name="scapula01" sid="scapula01" type="JOINT">
                  <matrix sid="transform">0.2205278 0.9753807 -7.96239e-8 -0.4432708 -0.9753806 0.2205276 2.06114e-7 0.244971 2.18599e-7 3.22097e-8 1 -5.40272e-8 0 0 0 1</matrix>
                  <node id="Dorkim_b_hurim_Skin_ulna01" name="ulna01" sid="ulna01" type="JOINT">
                    <matrix sid="transform">1 1.49012e-7 8.99855e-8 -0.1120019 -1.63913e-7 1 -1.19209e-7 -0.5993565 -8.99855e-8 1.19209e-7 1 1.43552e-9 0 0 0 1</matrix>
                    <node id="Dorkim_b_hurim_Skin_carpal_right" name="carpal right" sid="carpal_right" type="JOINT">
                      <matrix sid="transform">1 -6.25849e-7 2.4898e-7 -0.1377444 4.47035e-7 0.9999999 -3.19744e-13 -0.5311355 -2.4898e-7 4.50306e-13 1 -1.53725e-7 0 0 0 1</matrix>
                      <node id="Dorkim_b_hurim_Skin_smoke_node_1" name="smoke node 1" sid="smoke_node_1" type="JOINT">
                        <matrix sid="transform">0.999998 -1.08068e-6 0.002015501 0.02609372 0.002015516 -0.006738602 -0.9999751 -0.1824127 1.46622e-5 0.9999772 -0.006738409 0.04844673 0 0 0 1</matrix>
                        <node id="Dorkim_b_hurim_Skin_ammo_node_0" name="ammo node 0" sid="ammo_node_0" type="JOINT">
                          <matrix sid="transform">0.9999979 0.002056345 1.47595e-5 0.002527714 -8.9989e-7 -0.006739378 0.9999774 1.569696 0.00205633 -0.9999754 -0.006739566 0.04452074 0 0 0 1</matrix>
                          <extra>
                            <technique profile="blender">
                              <layer sid="layer" type="string">0</layer>
                              <roll sid="roll" type="float">1.348482</roll>
                              <tip_x sid="tip_x" type="float">0.09801518</tip_x>
                              <tip_y sid="tip_y" type="float">1.19209e-7</tip_y>
                              <tip_z sid="tip_z" type="float">0.02215647</tip_z>
                            </technique>
                          </extra>
                        </node>
                        <extra>
                          <technique profile="blender">
                            <layer sid="layer" type="string">0</layer>
                            <roll sid="roll" type="float">1.349618</roll>
                            <tip_x sid="tip_x" type="float">-6.5732e-4</tip_x>
                            <tip_y sid="tip_y" type="float">-0.09999775</tip_y>
                            <tip_z sid="tip_z" type="float">-1.48535e-4</tip_z>
                          </technique>
                        </extra>
                      </node>
                      <extra>
                        <technique profile="blender">
                          <layer sid="layer" type="string">0</layer>
                          <roll sid="roll" type="float">1.348441</roll>
                          <tip_x sid="tip_x" type="float">0.09753799</tip_x>
                          <tip_y sid="tip_y" type="float">0</tip_y>
                          <tip_z sid="tip_z" type="float">0.02205276</tip_z>
                        </technique>
                      </extra>
                    </node>
                    <extra>
                      <technique profile="blender">
                        <layer sid="layer" type="string">0</layer>
                        <roll sid="roll" type="float">1.348441</roll>
                        <tip_x sid="tip_x" type="float">0.09753811</tip_x>
                        <tip_y sid="tip_y" type="float">0</tip_y>
                        <tip_z sid="tip_z" type="float">0.02205276</tip_z>
                      </technique>
                    </extra>
                  </node>
                  <extra>
                    <technique profile="blender">
                      <layer sid="layer" type="string">0</layer>
                      <roll sid="roll" type="float">1.348441</roll>
                      <tip_x sid="tip_x" type="float">0.09753805</tip_x>
                      <tip_y sid="tip_y" type="float">0</tip_y>
                      <tip_z sid="tip_z" type="float">0.02205276</tip_z>
                    </technique>
                  </extra>
                </node>
                <node id="Dorkim_b_hurim_Skin_neck" name="neck" sid="neck" type="JOINT">
                  <matrix sid="transform">1 -7.16726e-15 3.8053e-9 -0.01369714 0 0.9999999 1.46615e-8 0.4694993 -3.8053e-9 -1.46615e-8 1 -1.64404e-7 0 0 0 1</matrix>
                  <node id="Dorkim_b_hurim_Skin_skull" name="skull" sid="skull" type="JOINT">
                    <matrix sid="transform">1 -7.62275e-15 1.56953e-9 -0.007297663 0 1 1.86318e-9 0.4520025 -1.56953e-9 -1.86318e-9 1 7.10191e-8 0 0 0 1</matrix>
                    <node id="Dorkim_b_hurim_Skin_cloaktop" name="cloaktop" sid="cloaktop" type="JOINT">
                      <matrix sid="transform">1 -7.80769e-15 3.25259e-9 0.03092997 9.6935e-16 1 -2.98024e-7 -0.57021 -3.25259e-9 2.98024e-7 1 -0.1981267 0 0 0 1</matrix>
                      <node id="Dorkim_b_hurim_Skin_cloak" name="cloak" sid="cloak" type="JOINT">
                        <matrix sid="transform">1 -9.16031e-15 1.42791e-10 0.004538156 0 1 4.47035e-7 -0.859081 -1.42791e-10 -4.52136e-7 1 -0.2356977 0 0 0 1</matrix>
                        <node id="Dorkim_b_hurim_Skin_cloakbottom" name="cloakbottom" sid="cloakbottom" type="JOINT">
                          <matrix sid="transform">1 -9.15586e-15 0 -0.02733967 0 1 -7.45057e-8 -0.8312193 0 7.31303e-8 1 -0.1177092 0 0 0 1</matrix>
                          <extra>
                            <technique profile="blender">
                              <layer sid="layer" type="string">0</layer>
                              <roll sid="roll" type="float">0</roll>
                              <tip_x sid="tip_x" type="float">0</tip_x>
                              <tip_y sid="tip_y" type="float">0</tip_y>
                              <tip_z sid="tip_z" type="float">0.1000001</tip_z>
                            </technique>
                          </extra>
                        </node>
                        <extra>
                          <technique profile="blender">
                            <layer sid="layer" type="string">0</layer>
                            <roll sid="roll" type="float">0</roll>
                            <tip_x sid="tip_x" type="float">0</tip_x>
                            <tip_y sid="tip_y" type="float">0</tip_y>
                            <tip_z sid="tip_z" type="float">0.0999999</tip_z>
                          </technique>
                        </extra>
                      </node>
                      <extra>
                        <technique profile="blender">
                          <layer sid="layer" type="string">0</layer>
                          <roll sid="roll" type="float">0</roll>
                          <tip_x sid="tip_x" type="float">0</tip_x>
                          <tip_y sid="tip_y" type="float">0</tip_y>
                          <tip_z sid="tip_z" type="float">0.0999999</tip_z>
                        </technique>
                      </extra>
                    </node>
                    <node id="Dorkim_b_hurim_Skin_nogginbottom" name="nogginbottom" sid="nogginbottom" type="JOINT">
                      <matrix sid="transform">1 2.32829e-9 2.3955e-7 0.001799159 -1.23427e-8 0.9991255 0.04181361 0.08982563 -2.39243e-7 -0.04181361 0.9991254 0.2822085 0 0 0 1</matrix>
                      <extra>
                        <technique profile="blender">
                          <layer sid="layer" type="string">0</layer>
                          <roll sid="roll" type="float">2.98529e-7</roll>
                          <tip_x sid="tip_x" type="float">0</tip_x>
                          <tip_y sid="tip_y" type="float">0.004181385</tip_y>
                          <tip_z sid="tip_z" type="float">0.09991312</tip_z>
                        </technique>
                      </extra>
                    </node>
                    <node id="Dorkim_b_hurim_Skin_plumes" name="plumes" sid="plumes" type="JOINT">
                      <matrix sid="transform">1 -7.77156e-15 4.80032e-7 -0.002369056 -1.01294e-8 0.9997773 0.02110154 0.1819344 -4.79925e-7 -0.02110154 0.9997773 0.1862074 0 0 0 1</matrix>
                      <extra>
                        <technique profile="blender">
                          <layer sid="layer" type="string">0</layer>
                          <roll sid="roll" type="float">5.3905e-7</roll>
                          <tip_x sid="tip_x" type="float">0</tip_x>
                          <tip_y sid="tip_y" type="float">0.002110123</tip_y>
                          <tip_z sid="tip_z" type="float">0.09997773</tip_z>
                        </technique>
                      </extra>
                    </node>
                    <node id="Dorkim_b_hurim_Skin_skulltop" name="skulltop" sid="skulltop" type="JOINT">
                      <matrix sid="transform">1 -7.80769e-15 4.67863e-9 -0.00416824 0 1 -4.9738e-13 0.3702886 -4.67863e-9 4.9738e-13 1 1.77636e-13 0 0 0 1</matrix>
                      <extra>
                        <technique profile="blender">
                          <layer sid="layer" type="string">0</layer>
                          <roll sid="roll" type="float">0</roll>
                          <tip_x sid="tip_x" type="float">0</tip_x>
                          <tip_y sid="tip_y" type="float">0</tip_y>
                          <tip_z sid="tip_z" type="float">0.0999999</tip_z>
                        </technique>
                      </extra>
                    </node>
                    <extra>
                      <technique profile="blender">
                        <layer sid="layer" type="string">0</layer>
                        <roll sid="roll" type="float">0</roll>
                        <tip_x sid="tip_x" type="float">0</tip_x>
                        <tip_y sid="tip_y" type="float">0</tip_y>
                        <tip_z sid="tip_z" type="float">0.1000003</tip_z>
                      </technique>
                    </extra>
                  </node>
                  <node id="Dorkim_b_hurim_Skin_smoke_node_0" name="smoke node 0" sid="smoke_node_0" type="JOINT">
                    <matrix sid="transform">1 -5.06174e-5 -1.10467e-6 0.006514961 -1.10466e-6 1.02446e-7 -1 0.09218764 5.06174e-5 1 1.16591e-7 0.2430202 0 0 0 1</matrix>
                    <extra>
                      <technique profile="blender">
                        <layer sid="layer" type="string">0</layer>
                        <roll sid="roll" type="float">3.141592</roll>
                        <tip_x sid="tip_x" type="float">-5.05615e-6</tip_x>
                        <tip_y sid="tip_y" type="float">-0.09999996</tip_y>
                        <tip_z sid="tip_z" type="float">0</tip_z>
                      </technique>
                    </extra>
                  </node>
                  <extra>
                    <technique profile="blender">
                      <layer sid="layer" type="string">0</layer>
                      <roll sid="roll" type="float">0</roll>
                      <tip_x sid="tip_x" type="float">0</tip_x>
                      <tip_y sid="tip_y" type="float">0</tip_y>
                      <tip_z sid="tip_z" type="float">0.1000001</tip_z>
                    </technique>
                  </extra>
                </node>
                <extra>
                  <technique profile="blender">
                    <layer sid="layer" type="string">0</layer>
                    <roll sid="roll" type="float">0</roll>
                    <tip_x sid="tip_x" type="float">0</tip_x>
                    <tip_y sid="tip_y" type="float">0</tip_y>
                    <tip_z sid="tip_z" type="float">0.0999999</tip_z>
                  </technique>
                </extra>
              </node>
              <extra>
                <technique profile="blender">
                  <layer sid="layer" type="string">0</layer>
                  <roll sid="roll" type="float">0</roll>
                  <tip_x sid="tip_x" type="float">0</tip_x>
                  <tip_y sid="tip_y" type="float">0</tip_y>
                  <tip_z sid="tip_z" type="float">0.0999999</tip_z>
                </technique>
              </extra>
            </node>
            <extra>
              <technique profile="blender">
                <layer sid="layer" type="string">0</layer>
                <roll sid="roll" type="float">0</roll>
                <tip_x sid="tip_x" type="float">0</tip_x>
                <tip_y sid="tip_y" type="float">0</tip_y>
                <tip_z sid="tip_z" type="float">0.1000001</tip_z>
              </technique>
            </extra>
          </node>
          <extra>
            <technique profile="blender">
              <layer sid="layer" type="string">0</layer>
              <roll sid="roll" type="float">0</roll>
              <tip_x sid="tip_x" type="float">0</tip_x>
              <tip_y sid="tip_y" type="float">0</tip_y>
              <tip_z sid="tip_z" type="float">0.1000001</tip_z>
            </technique>
          </extra>
        </node>
      </node>
      <node id="Herthaganautoz" name="Herthaganautoz" type="NODE">
        <translate sid="location">0 0 0</translate>
        <rotate sid="rotationZ">0 0 1 0</rotate>
        <rotate sid="rotationY">0 1 0 0</rotate>
        <rotate sid="rotationX">1 0 0 0</rotate>
        <scale sid="scale">1 1 1</scale>
        <instance_controller url="#Dorkim_b_hurim_Skin_Herthaganautoz-skin">
          <skeleton>#Dorkim_b_hurim_Skin_root</skeleton>
          <bind_material>
            <technique_common>
              <instance_material symbol="natarin-material" target="#natarin-material"/>
              <instance_material symbol="RSoldier_001-material" target="#RSoldier_001-material"/>
              <instance_material symbol="RSoldier_000-material" target="#RSoldier_000-material"/>
              <instance_material symbol="dugunthiz_001-material" target="#dugunthiz_001-material"/>
              <instance_material symbol="RSoldier_002-material" target="#RSoldier_002-material"/>
              <instance_material symbol="RSoldier_003-material" target="#RSoldier_003-material"/>
            </technique_common>
          </bind_material>
        </instance_controller>
      </node>
      <node id="LAMP_FRONT_PEACH" name="LAMP_FRONT_PEACH" type="NODE">
        <matrix sid="transform">3.595629 0.1442683 -0.009944758 0.07793808 -0.1375951 3.336951 -1.339883 -21.84175 -0.04449517 1.339181 3.339772 55.79722 0 0 0 1</matrix>
        <instance_light url="#LAMP_FRONT_PEACH-light"/>
      </node>
      <node id="Lamp_WEST" name="Lamp_WEST" type="NODE">
        <matrix sid="transform">-0.3873922 2.703377 -2.343318 -28.80603 -3.577471 -0.3144135 0.2286955 3.436447 -0.03293585 2.354221 2.7214 33.30629 0 0 0 1</matrix>
        <instance_light url="#Lamp_WEST-light"/>
      </node>
      <node id="Camera" name="Camera" type="NODE">
        <matrix sid="transform">0.6859207 -0.3240135 0.6515582 7.481132 0.7276763 0.3054208 -0.6141704 -6.50764 0 0.8953956 0.4452714 5.343665 0 0 0 1</matrix>
        <instance_camera url="#Camera-camera"/>
      </node>
      <node id="Lamp" name="Lamp" type="NODE">
        <matrix sid="transform">-0.2908646 -0.7711008 0.5663932 4.076245 0.9551712 -0.1998834 0.2183912 1.005454 -0.05518906 0.6045247 0.7946723 5.903862 0 0 0 1</matrix>
        <instance_light url="#Lamp-light"/>
      </node>
    </visual_scene>
  </library_visual_scenes>
  <scene>
    <instance_visual_scene url="#Scene"/>
  </scene>
</COLLADA>