<?xml version="1.0" encoding="utf-8"?>
<COLLADA xmlns="http://www.collada.org/2005/11/COLLADASchema" version="1.4.1" xmlns:xsi="http://www.w3.org/2001/XMLSchema-instance">
  <asset>
    <contributor>
      <author>Blender User</author>
      <authoring_tool>Blender 2.79.0 commit date:2017-09-11, commit time:10:43, hash:5bd8ac9</authoring_tool>
    </contributor>
    <created>2019-02-03T08:30:05</created>
    <modified>2019-02-03T08:30:05</modified>
    <unit name="meter" meter="1"/>
    <up_axis>Z_UP</up_axis>
  </asset>
  <library_cameras>
    <camera id="Camera-camera" name="Camera">
      <optics>
        <technique_common>
          <perspective>
            <xfov sid="xfov">49.13434</xfov>
            <aspect_ratio>1.777778</aspect_ratio>
            <znear sid="znear">0.1</znear>
            <zfar sid="zfar">100</zfar>
          </perspective>
        </technique_common>
      </optics>
      <extra>
        <technique profile="blender">
          <shiftx sid="shiftx" type="float">0</shiftx>
          <shifty sid="shifty" type="float">0</shifty>
          <YF_dofdist sid="YF_dofdist" type="float">0</YF_dofdist>
        </technique>
      </extra>
    </camera>
    <camera id="Camera_001-camera" name="Camera.001">
      <optics>
        <technique_common>
          <perspective>
            <xfov sid="xfov">49.13434</xfov>
            <aspect_ratio>1.777778</aspect_ratio>
            <znear sid="znear">0.1</znear>
            <zfar sid="zfar">100</zfar>
          </perspective>
        </technique_common>
      </optics>
      <extra>
        <technique profile="blender">
          <shiftx sid="shiftx" type="float">0</shiftx>
          <shifty sid="shifty" type="float">0</shifty>
          <YF_dofdist sid="YF_dofdist" type="float">0</YF_dofdist>
        </technique>
      </extra>
    </camera>
  </library_cameras>
  <library_lights>
    <light id="LAMP_FRONT_PEACH-light" name="Lamp.002">
      <technique_common>
        <ambient>
          <color>1 1 1</color>
        </ambient>
      </technique_common>
      <extra>
        <technique profile="blender">
          <type sid="type" type="int">3</type>
          <flag sid="flag" type="int">0</flag>
          <mode sid="mode" type="int">8192</mode>
          <gamma sid="blender_gamma" type="float">1</gamma>
          <red sid="red" type="float">1</red>
          <green sid="green" type="float">1</green>
          <blue sid="blue" type="float">1</blue>
          <shadow_r sid="blender_shadow_r" type="float">0</shadow_r>
          <shadow_g sid="blender_shadow_g" type="float">0</shadow_g>
          <shadow_b sid="blender_shadow_b" type="float">0</shadow_b>
          <energy sid="blender_energy" type="float">1</energy>
          <dist sid="blender_dist" type="float">29.99998</dist>
          <spotsize sid="spotsize" type="float">75</spotsize>
          <spotblend sid="spotblend" type="float">0.15</spotblend>
          <halo_intensity sid="blnder_halo_intensity" type="float">1</halo_intensity>
          <att1 sid="att1" type="float">0</att1>
          <att2 sid="att2" type="float">1</att2>
          <falloff_type sid="falloff_type" type="int">2</falloff_type>
          <clipsta sid="clipsta" type="float">1.000799</clipsta>
          <clipend sid="clipend" type="float">30.002</clipend>
          <bias sid="bias" type="float">1</bias>
          <soft sid="soft" type="float">3</soft>
          <compressthresh sid="compressthresh" type="float">0.04999995</compressthresh>
          <bufsize sid="bufsize" type="int">2880</bufsize>
          <samp sid="samp" type="int">3</samp>
          <buffers sid="buffers" type="int">1</buffers>
          <filtertype sid="filtertype" type="int">0</filtertype>
          <bufflag sid="bufflag" type="int">0</bufflag>
          <buftype sid="buftype" type="int">2</buftype>
          <ray_samp sid="ray_samp" type="int">1</ray_samp>
          <ray_sampy sid="ray_sampy" type="int">1</ray_sampy>
          <ray_sampz sid="ray_sampz" type="int">1</ray_sampz>
          <ray_samp_type sid="ray_samp_type" type="int">0</ray_samp_type>
          <area_shape sid="area_shape" type="int">0</area_shape>
          <area_size sid="area_size" type="float">10000</area_size>
          <area_sizey sid="area_sizey" type="float">100</area_sizey>
          <area_sizez sid="area_sizez" type="float">1</area_sizez>
          <adapt_thresh sid="adapt_thresh" type="float">0.000999987</adapt_thresh>
          <ray_samp_method sid="ray_samp_method" type="int">1</ray_samp_method>
          <shadhalostep sid="shadhalostep" type="int">0</shadhalostep>
          <sun_effect_type sid="sun_effect_type" type="int">0</sun_effect_type>
          <skyblendtype sid="skyblendtype" type="int">1</skyblendtype>
          <horizon_brightness sid="horizon_brightness" type="float">1</horizon_brightness>
          <spread sid="spread" type="float">1</spread>
          <sun_brightness sid="sun_brightness" type="float">1</sun_brightness>
          <sun_size sid="sun_size" type="float">1</sun_size>
          <backscattered_light sid="backscattered_light" type="float">1</backscattered_light>
          <sun_intensity sid="sun_intensity" type="float">1</sun_intensity>
          <atm_turbidity sid="atm_turbidity" type="float">2</atm_turbidity>
          <atm_extinction_factor sid="atm_extinction_factor" type="float">1</atm_extinction_factor>
          <atm_distance_factor sid="atm_distance_factor" type="float">1</atm_distance_factor>
          <skyblendfac sid="skyblendfac" type="float">1</skyblendfac>
          <sky_exposure sid="sky_exposure" type="float">1</sky_exposure>
          <sky_colorspace sid="sky_colorspace" type="int">0</sky_colorspace>
        </technique>
      </extra>
    </light>
    <light id="Lamp_WEST-light" name="Lamp.003">
      <technique_common>
        <directional>
          <color sid="color">1 1 1</color>
        </directional>
      </technique_common>
      <extra>
        <technique profile="blender">
          <type sid="type" type="int">1</type>
          <flag sid="flag" type="int">0</flag>
          <mode sid="mode" type="int">8192</mode>
          <gamma sid="blender_gamma" type="float">1</gamma>
          <red sid="red" type="float">1</red>
          <green sid="green" type="float">1</green>
          <blue sid="blue" type="float">1</blue>
          <shadow_r sid="blender_shadow_r" type="float">0</shadow_r>
          <shadow_g sid="blender_shadow_g" type="float">0</shadow_g>
          <shadow_b sid="blender_shadow_b" type="float">0</shadow_b>
          <energy sid="blender_energy" type="float">1</energy>
          <dist sid="blender_dist" type="float">29.99998</dist>
          <spotsize sid="spotsize" type="float">75</spotsize>
          <spotblend sid="spotblend" type="float">0.15</spotblend>
          <halo_intensity sid="blnder_halo_intensity" type="float">1</halo_intensity>
          <att1 sid="att1" type="float">0</att1>
          <att2 sid="att2" type="float">1</att2>
          <falloff_type sid="falloff_type" type="int">2</falloff_type>
          <clipsta sid="clipsta" type="float">1.000799</clipsta>
          <clipend sid="clipend" type="float">30.002</clipend>
          <bias sid="bias" type="float">1</bias>
          <soft sid="soft" type="float">3</soft>
          <compressthresh sid="compressthresh" type="float">0.04999995</compressthresh>
          <bufsize sid="bufsize" type="int">2880</bufsize>
          <samp sid="samp" type="int">3</samp>
          <buffers sid="buffers" type="int">1</buffers>
          <filtertype sid="filtertype" type="int">0</filtertype>
          <bufflag sid="bufflag" type="int">0</bufflag>
          <buftype sid="buftype" type="int">2</buftype>
          <ray_samp sid="ray_samp" type="int">1</ray_samp>
          <ray_sampy sid="ray_sampy" type="int">1</ray_sampy>
          <ray_sampz sid="ray_sampz" type="int">1</ray_sampz>
          <ray_samp_type sid="ray_samp_type" type="int">0</ray_samp_type>
          <area_shape sid="area_shape" type="int">1</area_shape>
          <area_size sid="area_size" type="float">0.1</area_size>
          <area_sizey sid="area_sizey" type="float">0.1</area_sizey>
          <area_sizez sid="area_sizez" type="float">1</area_sizez>
          <adapt_thresh sid="adapt_thresh" type="float">0.000999987</adapt_thresh>
          <ray_samp_method sid="ray_samp_method" type="int">1</ray_samp_method>
          <shadhalostep sid="shadhalostep" type="int">0</shadhalostep>
          <sun_effect_type sid="sun_effect_type" type="int">0</sun_effect_type>
          <skyblendtype sid="skyblendtype" type="int">1</skyblendtype>
          <horizon_brightness sid="horizon_brightness" type="float">1</horizon_brightness>
          <spread sid="spread" type="float">1</spread>
          <sun_brightness sid="sun_brightness" type="float">1</sun_brightness>
          <sun_size sid="sun_size" type="float">1</sun_size>
          <backscattered_light sid="backscattered_light" type="float">1</backscattered_light>
          <sun_intensity sid="sun_intensity" type="float">1</sun_intensity>
          <atm_turbidity sid="atm_turbidity" type="float">2</atm_turbidity>
          <atm_extinction_factor sid="atm_extinction_factor" type="float">1</atm_extinction_factor>
          <atm_distance_factor sid="atm_distance_factor" type="float">1</atm_distance_factor>
          <skyblendfac sid="skyblendfac" type="float">1</skyblendfac>
          <sky_exposure sid="sky_exposure" type="float">1</sky_exposure>
          <sky_colorspace sid="sky_colorspace" type="int">0</sky_colorspace>
        </technique>
      </extra>
    </light>
    <light id="Lamp-light" name="Lamp">
      <technique_common>
        <point>
          <color sid="color">1 1 1</color>
          <constant_attenuation>1</constant_attenuation>
          <linear_attenuation>0</linear_attenuation>
          <quadratic_attenuation>0.00111109</quadratic_attenuation>
        </point>
      </technique_common>
      <extra>
        <technique profile="blender">
          <type sid="type" type="int">0</type>
          <flag sid="flag" type="int">0</flag>
          <mode sid="mode" type="int">8192</mode>
          <gamma sid="blender_gamma" type="float">1</gamma>
          <red sid="red" type="float">1</red>
          <green sid="green" type="float">1</green>
          <blue sid="blue" type="float">1</blue>
          <shadow_r sid="blender_shadow_r" type="float">0</shadow_r>
          <shadow_g sid="blender_shadow_g" type="float">0</shadow_g>
          <shadow_b sid="blender_shadow_b" type="float">0</shadow_b>
          <energy sid="blender_energy" type="float">1</energy>
          <dist sid="blender_dist" type="float">29.99998</dist>
          <spotsize sid="spotsize" type="float">75</spotsize>
          <spotblend sid="spotblend" type="float">0.15</spotblend>
          <halo_intensity sid="blnder_halo_intensity" type="float">1</halo_intensity>
          <att1 sid="att1" type="float">0</att1>
          <att2 sid="att2" type="float">1</att2>
          <falloff_type sid="falloff_type" type="int">2</falloff_type>
          <clipsta sid="clipsta" type="float">1.000799</clipsta>
          <clipend sid="clipend" type="float">30.002</clipend>
          <bias sid="bias" type="float">1</bias>
          <soft sid="soft" type="float">3</soft>
          <compressthresh sid="compressthresh" type="float">0.04999995</compressthresh>
          <bufsize sid="bufsize" type="int">2880</bufsize>
          <samp sid="samp" type="int">3</samp>
          <buffers sid="buffers" type="int">1</buffers>
          <filtertype sid="filtertype" type="int">0</filtertype>
          <bufflag sid="bufflag" type="int">0</bufflag>
          <buftype sid="buftype" type="int">2</buftype>
          <ray_samp sid="ray_samp" type="int">1</ray_samp>
          <ray_sampy sid="ray_sampy" type="int">1</ray_sampy>
          <ray_sampz sid="ray_sampz" type="int">1</ray_sampz>
          <ray_samp_type sid="ray_samp_type" type="int">0</ray_samp_type>
          <area_shape sid="area_shape" type="int">1</area_shape>
          <area_size sid="area_size" type="float">0.1</area_size>
          <area_sizey sid="area_sizey" type="float">0.1</area_sizey>
          <area_sizez sid="area_sizez" type="float">1</area_sizez>
          <adapt_thresh sid="adapt_thresh" type="float">0.000999987</adapt_thresh>
          <ray_samp_method sid="ray_samp_method" type="int">1</ray_samp_method>
          <shadhalostep sid="shadhalostep" type="int">0</shadhalostep>
          <sun_effect_type sid="sun_effect_type" type="int">0</sun_effect_type>
          <skyblendtype sid="skyblendtype" type="int">1</skyblendtype>
          <horizon_brightness sid="horizon_brightness" type="float">1</horizon_brightness>
          <spread sid="spread" type="float">1</spread>
          <sun_brightness sid="sun_brightness" type="float">1</sun_brightness>
          <sun_size sid="sun_size" type="float">1</sun_size>
          <backscattered_light sid="backscattered_light" type="float">1</backscattered_light>
          <sun_intensity sid="sun_intensity" type="float">1</sun_intensity>
          <atm_turbidity sid="atm_turbidity" type="float">2</atm_turbidity>
          <atm_extinction_factor sid="atm_extinction_factor" type="float">1</atm_extinction_factor>
          <atm_distance_factor sid="atm_distance_factor" type="float">1</atm_distance_factor>
          <skyblendfac sid="skyblendfac" type="float">1</skyblendfac>
          <sky_exposure sid="sky_exposure" type="float">1</sky_exposure>
          <sky_colorspace sid="sky_colorspace" type="int">0</sky_colorspace>
        </technique>
      </extra>
    </light>
  </library_lights>
  <library_images/>
  <library_effects>
    <effect id="RSoldier_000-effect">
      <profile_COMMON>
        <technique sid="common">
          <phong>
            <emission>
              <color sid="emission">0 0 0 1</color>
            </emission>
            <ambient>
              <color sid="ambient">0 0 0 1</color>
            </ambient>
            <diffuse>
              <color sid="diffuse">0.7184312 0 0.001267113 1</color>
            </diffuse>
            <specular>
              <color sid="specular">0 0 0 1</color>
            </specular>
            <shininess>
              <float sid="shininess">50</float>
            </shininess>
            <index_of_refraction>
              <float sid="index_of_refraction">1</float>
            </index_of_refraction>
          </phong>
        </technique>
      </profile_COMMON>
    </effect>
  </library_effects>
  <library_materials>
    <material id="RSoldier_000-material" name="RSoldier_000">
      <instance_effect url="#RSoldier_000-effect"/>
    </material>
  </library_materials>
  <library_geometries>
    <geometry id="Herthaganaut_000-mesh" name="Herthaganaut.000">
      <mesh>
        <source id="Herthaganaut_000-mesh-positions">
          <float_array id="Herthaganaut_000-mesh-positions-array" count="981">0.002384483 0.08861696 4.163551 -0.005618572 -0.05982547 4.287187 -0.05330497 0.08894944 4.164589 -0.02450674 -0.01405423 4.203837 0.02250432 -0.01924473 4.018827 -0.06841576 -0.01804971 4.018707 0.1415178 0.1793363 4.376723 0.1221604 0.400637 3.996055 0.07990986 0.3128193 3.942341 -0.1094745 0.3963739 3.997683 -0.08492416 0.3130812 3.943703 -0.06795328 0.3297481 3.822944 0.05332213 0.3311243 3.822555 0.05382335 0.3297481 3.822944 0.1459274 0.2690336 3.965126 0.002775847 -0.0373376 4.410419 -0.1305796 0.17912 4.376458 -0.001032114 0.2064298 4.496933 0.1233505 0.182034 4.094713 -0.1547124 0.1885415 4.093012 -0.1604714 0.2690372 3.965128 0.009887576 0.4504114 3.788862 -0.01493984 0.4507891 3.79022 -0.01168781 0.5123351 4.024415 -0.469674 0.1183341 3.249619 -0.469674 0.02788621 3.249619 -0.2170963 0.1422637 3.274194 0.3362747 -0.193334 2.99447 0.384648 -0.1477736 3.088625 0.07878965 -0.2094427 3.156251 0.07627683 -0.2354474 3.174644 0.08377045 -0.3342222 2.918908 0.2251961 -0.2747215 2.896712 0.3454174 -0.222313 2.993143 -0.3605074 -0.193334 2.99447 -0.1030223 -0.2094427 3.156251 -0.4088805 -0.1477736 3.088625 -0.1005095 -0.2354473 3.174644 -0.2494288 -0.2747216 2.896712 -0.108003 -0.3342224 2.918908 -0.3696502 -0.222313 2.993143 0.2190914 -0.2455598 2.898791 0.3973345 -0.1647543 3.101253 -0.2433241 -0.2455599 2.898791 -0.4215671 -0.1647543 3.101253 0.1034004 -0.1855674 3.274911 0.4117498 -0.1050447 3.164847 0.4798089 0.1851494 3.271201 -0.01211631 0.1466535 3.369932 0.1485932 -0.1069599 3.357282 0.4353707 -0.01659286 3.291966 0.1738564 0.02019613 3.372353 0.4436131 0.0453664 3.306354 0.3981807 -0.09172004 3.148326 0.09284973 -0.3107697 2.914998 0.4203552 -0.008684217 3.259352 0.4632424 0.1816723 3.243133 0.428093 0.04713326 3.271445 -0.127633 -0.1855674 3.274911 -0.4359825 -0.1050447 3.164847 -0.5069288 0.1851494 3.271201 -0.1728259 -0.1069599 3.357282 -0.4596033 -0.01659291 3.291966 -0.1980891 0.02019613 3.372353 -0.4678457 0.0453664 3.306354 -0.4224133 -0.09172004 3.148326 -0.1170824 -0.3107697 2.914998 -0.4445878 -0.008684217 3.259352 -0.4903622 0.1816723 3.243133 -0.4523256 0.04713326 3.271445 0.5397761 0.4942587 3.287861 -0.01675665 0.4625192 3.402225 0 0.7444964 3.36686 0.5524794 0.6655569 3.262772 0.5229352 0.5005379 3.267779 0.5389464 0.647208 3.243446 -0.587011 0.6655569 3.262772 -0.5734778 0.647208 3.243446 -0.5743075 0.4942587 3.287861 -0.5574666 0.5005376 3.267779 0 0.6995661 3.219951 -0.4299484 1.177209 3.173679 -0.4403862 1.183815 3.191384 0.006116807 1.128331 3.314998 0.4384862 1.183816 3.191383 0.006116807 1.093706 3.201782 0.4280484 1.169676 3.17649 0.266107 1.274337 3.228999 0.02797102 1.275562 3.284995 0.02797102 1.256568 3.222891 -0.1799408 1.26658 3.220829 0.2607459 1.26658 3.220829 -0.185302 1.274337 3.228999 0.4476837 0.001962006 1.252539 0.04524976 0.0016433 1.232718 0.3943449 0.161774 1.832953 0.0323807 0.1614313 1.817913 0.2367851 -0.2532688 1.298222 0.2327533 -0.2225432 1.811297 0.248162 0.111393 1.27145 -0.04696041 0.209053 1.828692 0.2397298 -0.2476036 1.078211 -0.4256047 0.003481984 1.248339 -0.04064673 0.003147304 1.228546 -0.2121686 -0.265196 1.294021 -0.2307813 -0.2338632 1.811187 -0.3943767 0.1711317 1.83284 -0.2360191 0.1228075 1.266335 -0.2274532 -0.2575259 1.073095 -0.344705 0.09852939 0.2498579 0.3476607 0.09557157 0.2497766 -0.2379575 -0.08725947 0.249827 -0.08834117 0.2129903 0.2497838 0.2413823 -0.07826173 0.2498072 -0.4205083 0.2161347 0.2498795 -0.2140457 -0.0472424 0.2498202 0.2172842 -0.0416485 0.2498143 0.4238495 0.2047276 0.2497549 0.09583371 0.2017797 0.2498496 0.3571878 0.2404844 0.2610933 -0.3551141 0.2561791 0.262459 0.1704182 0.2421756 0.002054452 0.2525087 -0.01224297 0.2271173 0.3743781 0.2437953 0.002051532 0.1156281 -0.348581 0.006905496 0.3685376 -0.2578483 0.006905734 -0.3744874 0.2549075 7.87974e-6 -0.1674992 0.2531742 1.09315e-5 -0.2510623 -0.01371753 0.2250733 -0.103214 -0.3711563 0.004417002 -0.359957 -0.2784513 0.004416823 -0.3298709 0.09941303 0.3256287 0.3339164 0.09613031 0.3254368 -0.2482635 -0.04262059 0.3256051 -0.1338834 0.1869172 0.3255721 0.2510321 -0.03943878 0.3254607 -0.3878217 0.1893211 0.3256453 -0.2299832 -0.01202797 0.3255999 0.2322385 -0.01088488 0.3254663 0.3933345 0.1812587 0.32542 0.1375218 0.1789597 0.3254938 0.3413465 0.2091447 0.3342624 -0.3378285 0.2199346 0.3352621 -1.658694 -2.329601 3.03485 -1.724801 -2.226679 3.110945 -1.7857 -2.227226 3.070772 -1.823644 1.875342 3.067288 -1.750513 -2.981084 3.073435 -1.714128 -2.226139 3.064103 -1.837873 -2.330687 3.048631 -1.684334 -2.139791 3.033912 -1.712975 -2.140332 3.160067 -1.75074 -2.981089 3.074426 -1.751569 -2.981094 3.07368 -1.818685 -2.140877 3.06502 -1.717935 1.875886 3.162335 -1.689294 1.876427 3.03618 -1.687479 -2.330142 3.161277 1.774571 1.600824 3.214312 2.00957 0.09143406 3.187659 1.278674 0.09548455 3.507838 1.261261 1.603569 3.272529 0.4946362 0.09953457 3.359474 0.7479521 1.606314 3.330749 1.756256 -1.415346 3.216389 1.242949 -1.412601 3.274604 0.7296352 -1.409857 3.332821 1.776313 1.600824 3.222714 1.263004 1.603569 3.280931 1.280417 0.09548455 3.51624 2.011312 0.09143406 3.196062 0.7496949 1.606314 3.339152 0.496379 0.09953457 3.367877 1.244691 -1.412601 3.283006 1.757999 -1.415346 3.224791 0.7313789 -1.409857 3.341223 -0.1960778 -0.02025049 3.818009 -0.1901479 0.01837289 3.417439 0.189056 -0.02025055 3.818012 0.1831331 0.01837295 3.417439 -0.1490961 -0.2802306 3.782475 -0.08518624 -0.2720103 3.391186 0.1375406 -0.2802305 3.782477 0.07363146 -0.2720104 3.391186 -0.1184927 0.1107024 3.76219 -0.00864458 0.2235763 3.698391 0.1365381 0.1107007 3.762194 0.1843194 0.02091974 3.417276 0.1293126 0.1618376 3.418015 -0.1050772 0.1628139 3.417727 -0.01626598 0.1860622 3.419478 -0.2098368 -0.1569282 3.806625 -0.1710802 -0.1988972 3.583876 -0.1171412 -0.3148342 3.556049 -0.1449835 -0.1500623 3.362259 -0.2162585 -9.34038e-4 3.617725 0.2092115 -9.46352e-4 3.617726 0.1640592 -0.1988973 3.583878 0.137975 -0.1504717 3.359616 0.1055856 -0.3148342 3.55605 0.2028154 -0.1569283 3.806627 -0.005777478 -0.2802305 3.782476 -0.173165 -0.2304668 3.654331 0.166144 -0.2304668 3.654333 0.001334547 -0.3746699 3.58732 0.03900468 -0.3148536 3.556049 0.001336038 -0.3677041 3.629842 -0.03633594 -0.3148537 3.556049 -1.872555 0.116881 3.106151 1.847649 0.1168658 3.144069 1.847437 -0.1231876 3.201199 -1.657975 0.01647353 3.175923 -1.626424 -0.1209704 3.038216 1.588949 0.09794974 3.038112 1.631909 0.01647037 3.210155 1.602715 -0.1209575 3.071945 -0.4065822 -0.1895741 2.894633 9.28308e-4 -0.1549994 3.328543 -1.612356 0.09501504 3.005838 -1.657798 0.07568645 3.175134 -0.4227682 -0.2477251 2.172206 1.602623 -0.113159 3.071499 0.5092266 -0.04742115 3.285962 -0.02244049 -0.285131 2.893168 0.2068879 0.1830288 3.22072 0.182002 0.393703 1.499535 -0.1541717 0.3936969 1.496512 -0.2206482 -0.372906 1.5478 0.2180587 -0.3729048 1.547833 -0.5459493 0.286431 1.547766 0.542407 0.2864364 1.547882 -0.427114 0.2584283 2.181615 0.4193412 0.2584328 2.180704 -1.612081 0.09796231 3.004619 -1.873319 -0.1232002 3.163282 -1.839288 -0.1246984 2.971974 1.816681 -0.1246855 3.009359 -1.03821 0.2488247 3.090751 -1.626256 -0.1131909 3.037471 -1.041793 -0.08892083 3.086705 -1.007242 0.07976418 3.000972 -0.3949494 0.3025279 2.903847 -1.062352 -0.04379791 3.235578 0.9904921 0.2489778 3.132006 1.58925 0.09498357 3.039564 1.012155 -0.04379773 3.277361 0.9941426 -0.089055 3.128 0.9610644 0.07980984 3.041596 0.3653563 0.2998514 2.911964 0.4150017 -0.2477208 2.171295 -0.5459492 -0.1740468 1.547766 -0.5149935 0.1372714 3.185488 -0.424343 0.02788585 3.266513 0.001026093 0.1282198 3.352591 -0.2170966 0.1821019 3.223134 0.3992861 0.02788585 3.266513 0.4871316 0.1415845 3.181174 0.5424069 -0.1740418 1.547882 -1.840345 0.09827911 2.971146 1.817752 0.09826612 3.008549 0.3779784 -0.1960505 2.891643 0.5144117 0.1230345 3.310964 -0.5492916 -0.04738909 3.268715 1.630269 0.07567846 3.202248 -0.554904 0.1229509 3.293607 -0.1465837 -0.1746253 4.025222 0.1412622 -0.1675242 4.020305 -0.03021967 0.0793606 4.165485 -0.2334842 -0.3050082 3.732783 -0.00395447 0.01196885 4.182988 0.02240782 0.06706917 4.169985 0.218236 -0.2749224 3.731134 -0.2389317 0.1224497 3.650846 -0.00295937 0.1131092 4.155514 0.2203344 0.1224498 3.652052 -0.009297609 0.2363786 3.604829 0.01569545 -0.3647423 3.767649 -0.003591537 0.07201009 4.188662 0.006587326 -0.1952204 4.028006 0.1656191 -0.1159844 4.005995 0.1949269 0.03375148 3.964398 0.08307987 0.1641392 3.929994 -0.003150641 0.2004075 3.918098 -0.08799731 0.1652325 3.930041 -0.2075313 0.0340839 3.964908 0.006572544 -0.1951586 4.02805 -0.1796723 -0.1161859 4.009035 0.1929563 -0.2008275 3.723079 0.1854827 0.036134 3.505313 0.1385514 -0.08932512 3.407886 0.1273413 -0.09028798 3.406578 0.08255296 -0.0911864 3.407553 0.08962678 -0.09172284 3.406831 0.1503984 -0.1834717 3.563743 0.1932218 0.1215927 3.66121 0.2084587 -0.2010717 3.723016 0.2087239 0.1213485 3.661147 0.2105045 0.03601694 3.505237 0.1590387 -0.08932662 3.407886 0.1708857 -0.1835888 3.563668 0.1620746 -0.09028947 3.406578 0.1022883 -0.09172433 3.406831 0.09521442 -0.09118789 3.407554 -0.2094159 -0.2008275 3.723079 -0.2019423 0.03613394 3.505313 -0.1550109 -0.08932512 3.407886 -0.1438009 -0.09028798 3.406578 -0.09901255 -0.0911864 3.407553 -0.1060864 -0.09172284 3.406831 -0.166858 -0.1834717 3.563743 -0.2096814 0.1215927 3.66121 -0.2344381 -0.2010717 3.723016 -0.2347033 0.1213485 3.661147 -0.2269641 0.03601688 3.505237 -0.1754983 -0.08932662 3.407886 -0.1873453 -0.1835888 3.563668 -0.1785342 -0.09028947 3.406578 -0.1187478 -0.09172433 3.406831 -0.111674 -0.09118789 3.407554 0.182002 0.393703 0.9589529 -0.1541717 0.3936969 0.95593 -0.2206482 -0.372906 1.007219 0.2180587 -0.3729048 1.007252 -0.6063877 0.286431 1.007185 0.6028453 0.2864364 1.007301 -0.6063875 -0.2294205 1.007185 0.6028453 -0.2294155 1.0073</float_array>
          <technique_common>
            <accessor source="#Herthaganaut_000-mesh-positions-array" count="327" stride="3">
              <param name="X" type="float"/>
              <param name="Y" type="float"/>
              <param name="Z" type="float"/>
            </accessor>
          </technique_common>
        </source>
        <source id="Herthaganaut_000-mesh-normals">
          <float_array id="Herthaganaut_000-mesh-normals-array" count="1437">-0.9246335 0.3069509 0.2254641 0.9700886 0.1813573 0.1613619 0.9409431 0.2964393 -0.1635538 -0.829087 0.5480802 0.1105581 -0.9941589 0.09549009 0.05029606 0.6246239 0.2698396 -0.7328244 -0.4965274 -0.7611592 -0.4172496 0.09437114 -0.8340737 -0.543521 -0.3940597 0.8184308 0.4181962 0.9690324 0.2227143 -0.1066518 0.572344 0.7751137 0.2676218 -0.1529401 -0.839438 -0.5214915 0.8463051 0.5299198 0.05433875 -0.4963003 -0.8471211 -0.189926 0.02921199 0.963522 0.2660306 0.4433157 -0.8684255 -0.2220551 0.8946642 -0.3031228 0.3281657 -0.9234071 0.2916433 0.2495267 -0.8808248 -0.1994425 0.4293839 0.9701866 0.1829292 0.1589805 0.7146716 -0.6576024 0.238335 0.7636893 -0.5774555 -0.2886587 -0.9566782 0.1534953 -0.2473988 0.956331 0.1794725 -0.2306957 0.9675257 0.2364296 -0.08941572 0.5684877 -0.6846945 -0.4560869 -0.6151524 -0.7745317 0.147269 -0.6340122 -0.655604 -0.4101365 -0.592816 0.2611163 -0.7618317 -0.01133614 -0.8025109 0.5965298 0.006205558 -0.8066457 0.5910028 -0.8383173 0.3748841 0.3958358 -0.09684032 0 0.9952999 0.253684 -0.9153801 0.3126079 0.4095401 -0.8469232 0.3391137 0.2132239 -0.9450578 0.247793 -0.2536842 -0.9153801 0.3126082 -0.4095401 -0.8469229 0.3391144 -0.2132242 -0.9450576 0.2477936 0.2162716 -0.9437187 0.2502436 0.2763544 -0.8970426 0.3448811 -0.2162724 -0.9437183 0.2502442 -0.2763546 -0.8970425 0.3448812 0.2791526 -0.887719 0.3660998 0.3933627 -0.7130664 0.5803466 0.205478 -0.09237539 0.9742924 0.2031226 -0.09663128 0.9743735 0.3844664 -0.7640014 0.5181578 0.3614434 -0.7954961 0.4863585 0.1694594 0.2673736 0.9485753 0.2172584 0.1847811 0.9584648 0.2683746 -0.1657927 0.9489404 0.2520678 -0.2505871 0.9347021 0.1939857 0.1107187 0.9747364 0.2011803 0.1273368 0.9712425 -0.7943847 -0.2754095 0.5413895 -0.8237666 -0.2301362 0.5181179 -0.8407323 -0.2864161 0.4594944 -0.8407258 -0.2864232 0.4595021 0.1023357 0.124908 0.9868766 0.1473425 -0.03961378 0.9882919 -0.8425434 -0.3369152 0.4202485 -0.8990038 -0.2630854 0.350112 0.8601659 -0.1404454 -0.4902956 0.7492045 -0.08952897 -0.65626 -0.8587747 0.3224958 0.3981241 -0.8342812 0.3134157 0.4535918 -0.5680205 -0.1762224 0.8039268 -0.5591833 -0.2131019 0.8011876 0.7224733 -0.1891931 -0.66501 0.8671591 -0.1345425 -0.4795137 -0.9047396 0.0334205 0.4246519 -0.9129273 0.02687722 0.4072361 -0.7560396 0.1200456 -0.6434232 -0.8236873 0.1580252 -0.5445799 -0.2791527 -0.8877189 0.3660997 -0.3933625 -0.7130668 0.5803461 -0.2052906 -0.09723788 0.9738586 -0.2023104 -0.1025429 0.9739382 -0.3844663 -0.7640016 0.5181577 -0.3614435 -0.7954961 0.4863585 -0.1686561 0.2662014 0.949048 -0.2178513 0.1803079 0.9591819 -0.2683731 -0.1657928 0.9489408 -0.2520677 -0.2505867 0.9347023 -0.192264 0.1282445 0.9729275 -0.1903891 0.1332948 0.9726173 0.7943838 -0.2754136 0.5413889 0.8237655 -0.2301406 0.5181175 0.8407301 -0.286419 0.4594965 0.8407248 -0.2864232 0.4595037 -0.1023401 0.1249064 0.9868764 -0.1473496 -0.03961366 0.9882909 0.8425417 -0.3369189 0.4202489 0.8990055 -0.2630828 0.3501096 -0.8585574 -0.1609065 -0.4868147 -0.7453498 -0.1059878 -0.6581948 0.8533999 0.3383316 0.3965355 0.8304334 0.3293382 0.4493516 0.5680183 -0.176223 0.8039284 0.5591863 -0.2131023 0.8011854 -0.7224808 -0.1891905 -0.6650027 -0.8671563 -0.1345441 -0.4795185 0.9047396 0.03342002 0.4246522 0.9129275 0.02687799 0.4072359 -0.1959394 0.1880053 0.962425 -0.2489706 0.1335795 0.959255 0.2289422 0.03167194 0.9729247 0.2527968 0.1570217 0.9546926 0.0861082 0.1166853 -0.9894291 0.02847611 0.4029613 -0.914774 0.05530899 -0.04683536 -0.9973703 -0.02944821 -0.12261 -0.992018 -0.05166655 -0.04518771 -0.9976416 0.03155189 -0.1204595 -0.9922167 0.2066899 0.1779862 0.9620812 0.2578171 0.1253379 0.9580297 0.7765429 0.08481734 -0.6243295 0.7763678 0.08473128 -0.6245589 -0.2435873 0.3036563 0.9211179 -0.2334911 0.2273135 0.9454156 -0.2229747 0.8629521 -0.453427 -0.1320503 0.6740934 -0.7267467 0.1789673 0.6477988 -0.7404914 0.1810517 0.6511019 -0.7370798 -0.08420574 0.1391837 -0.98668 -0.02455645 0.3805848 -0.9244199 0.4570736 0.8673784 -0.1968211 -0.424044 0.8712458 -0.2472196 -0.505939 0.8359248 -0.2127336 0.4603161 0.841183 -0.283761 0.848513 -0.5187827 -0.1043568 -0.7959479 -0.6047968 -0.02622681 0.7703274 -0.6376194 -0.006107747 -0.8807398 -0.4614412 0.1066285 -0.8027351 -0.5956127 0.02936041 0.9011482 -0.3896123 0.1900899 0.7739809 -0.6316847 0.04391056 0.8525949 -0.5094786 -0.1162478 0.8396964 -0.5292862 -0.121517 -0.8345831 -0.5379144 -0.1188253 -0.8277234 -0.5483167 -0.1192598 0.8315148 -0.5501919 -0.07662928 -0.7852964 -0.6182471 0.03286588 0.9123401 -0.3842325 0.1414253 0.8477806 -0.5266611 0.06241947 -0.9127798 -0.3771024 0.1569294 -0.7837501 -0.6210049 0.009416878 0.1658229 0.9658688 0.1989982 0.5286412 0.8473796 0.04986453 0.4876918 0.8578775 0.1618737 0.4862923 0.858614 0.1621785 -0.5383569 0.8246777 0.1734319 -0.5363481 0.8260359 0.1731921 -0.8634325 -0.4960818 -0.09158164 -0.1091449 0.987382 -0.1147359 0.002800345 0.9959298 -0.09008902 -0.8299373 -0.546227 -0.1133148 -0.8170743 -0.5642951 -0.1181555 0.8920934 -0.4309417 -0.1358634 -0.8865467 -0.4422937 -0.1356886 0.8126008 -0.5672063 -0.1340045 0.8053942 -0.5773406 -0.1342318 -0.1518164 0.9700322 0.1897093 -0.4836494 0.873245 0.05938315 -0.8242351 -0.5424638 -0.1623879 -0.8809371 -0.4394894 -0.1754965 -0.8809372 -0.4394891 -0.1754963 0.8098513 -0.5652925 -0.1567975 0.8859655 -0.4279875 -0.1785827 0.8859656 -0.4279875 -0.1785824 -0.8609946 -0.4946767 -0.1182507 -0.8609946 -0.4946769 -0.1182507 0.8458934 -0.5171856 -0.1303213 0.8458933 -0.5171858 -0.1303211 -0.9002059 0.08699393 0.4266865 0.2132568 -0.5944368 0.7753493 0.8820508 -0.005710661 0.4711197 -0.207466 -0.5745677 0.7917258 0.8912601 0.09489959 0.4434519 -0.8866626 -0.0203365 0.4619698 -0.00264585 -0.007329583 -0.9999697 -5.44921e-5 -0.008267641 -0.9999659 6.25278e-5 -0.009676814 -0.9999533 0.003048181 -0.0084939 -0.9999594 -0.1515931 0.9728767 0.17473 -0.00789684 0.9946542 0.1029603 0.846076 -0.5055924 -0.1689139 -0.832014 -0.536253 -0.1420759 0.4863107 0.862765 0.1383427 -0.5368628 0.8310465 0.1453968 0.1655346 0.9695945 0.1802361 0.008327543 0.9946621 0.10285 0.8858039 0.4170768 0.2034662 0.8841146 0.4192745 0.2062775 -0.09379482 0.2240223 -0.9700602 -0.07582229 0.2450774 -0.966534 -0.5485692 0.09895569 0.8302288 -0.5911281 0.1702977 0.7883948 0.9442712 -0.2515988 0.2122501 0.9442803 -0.2506722 0.2133029 -0.2161657 -0.2549445 -0.9424839 -0.09078598 -0.1006819 -0.9907679 -0.6543331 -0.2013984 0.7288943 -0.5088063 -0.3719854 0.7763653 0.9751824 0.001079261 0.2214008 0.9751825 0.00107932 0.2214 -0.2255818 2.71606e-4 -0.9742242 -0.2255737 2.71626e-4 -0.9742261 -0.6686053 -0.001245498 0.7436165 -0.6686038 -0.001245558 0.7436178 0.008595943 -0.9999592 -0.002819418 -0.007475852 0.9999687 0.002590775 0.967432 -0.1233029 0.2210698 0.9677122 -0.1233716 0.2198014 -0.6685497 -0.03414988 0.7428831 -0.598668 -0.0486471 0.7995188 -0.07630544 -0.0482304 -0.9959173 -0.2244517 -0.06726598 -0.9721609 -0.4010382 -0.04628258 -0.9148914 -0.112154 -0.1544578 -0.9816131 0.1854506 -0.0498864 -0.9813865 -0.1121626 -0.1544578 -0.9816122 -0.4005205 0.04988884 -0.9149287 -0.1105219 0.1544586 -0.9817982 -0.1126916 5.45088e-7 -0.9936301 0.1846676 0.1459361 -0.9719057 0.1121554 0.1544577 0.981613 0.4010376 0.0462833 0.9148917 0.1121635 0.1544576 0.9816121 -0.1854482 0.0498861 0.981387 0.1105204 -0.1544589 0.9817983 0.4005196 -0.04988908 0.914929 -0.1846669 -0.145936 0.9719058 0.1126926 -9.84986e-7 0.99363 0.9310544 0.363253 0.03442507 0.8882923 -0.3992661 0.2269878 0.8073258 0.5881187 -0.04838907 0.8996841 0.4165216 0.1306843 -0.8598774 0.506565 -0.0632677 -0.7328332 0.6662468 0.1380971 -0.8506879 0.523647 0.04608815 0.5802688 0.8072647 0.1077589 0.161293 0.9775072 -0.1358833 -0.6907454 0.7184576 0.08178877 -0.2490752 0.960717 -0.1224112 -0.9749172 0.1140614 -0.1911192 -0.9673263 -0.2194576 -0.1269584 -0.8969087 -0.3535155 -0.2656723 -0.906357 -0.3749196 -0.194814 0.8291047 -0.5581938 -0.03170335 -0.8588097 -0.4696552 -0.2046216 -0.9693192 -0.2340536 0.07509529 -0.9664261 -0.2111943 -0.1463474 0.9686333 -0.1944981 -0.1546614 0.9693555 -0.2339329 0.07500237 0.841794 -0.4990789 -0.2056775 0.9670315 -0.2086233 -0.1460356 0.8841521 -0.381038 -0.270343 0.8927056 -0.4007973 -0.2060056 0.974917 0.1140651 -0.191118 0.9673271 -0.2194542 -0.1269568 7.80955e-7 -0.9678529 -0.2515172 -1.10163e-6 -0.9678527 -0.2515179 3.88967e-6 -0.4632911 -0.8862063 -9.07837e-7 -0.9885229 0.1510713 -2.37797e-4 -0.9885054 0.1511858 2.8643e-4 -0.9678674 -0.2514609 -2.31679e-4 -0.9678694 -0.2514535 -9.07837e-7 -0.988523 0.151071 0.9154142 -0.3293437 0.2314082 2.853e-4 -0.9885019 0.1512089 0.8620865 -0.5001005 0.0818938 -0.8620956 -0.5000754 0.08195024 -0.9683505 -0.1941794 -0.1568179 -0.8537907 -0.5189855 -0.04117929 -0.8972827 -0.441447 -0.002899229 0.88253 -0.4700338 0.01445847 -0.9027228 -0.3900739 0.1814772 -0.2033197 0.2272773 0.9523688 0.2445176 0.8485794 0.4691741 0.2971707 -0.002135574 -0.954822 -0.9728544 -0.005469262 -0.2313535 0.1430209 -0.1592705 -0.9768204 0.3597317 -0.617899 0.6991381 0.01428341 -0.9998443 0.01037079 0.02067685 0.991084 -0.1316251 -0.9838681 -0.03844457 -0.1747156 0.1869887 0.227283 0.955708 -0.2524729 0.8485841 0.4649327 -0.2807767 -0.002137601 -0.9597707 0.9766628 -0.005471587 -0.2147092 -0.1262907 -0.1592692 -0.9791241 -0.3715978 -0.6179041 0.6928995 -0.01445895 -0.9998443 0.01012492 -0.01842075 0.991084 -0.131959 0.986708 -0.0384469 -0.1578899 -0.1875765 0.8799868 0.4363924 -0.4076768 -0.7966007 0.4463484 -0.1787691 -0.08318114 0.9803686 0.004738986 0.4696865 -0.8828207 -0.001936078 0.4437009 0.8961729 -0.2639728 0.9637343 0.03917515 -0.01171612 -0.1494333 -0.9887025 0.09346634 -0.466247 -0.8797032 -0.04309225 -0.5931465 0.8039404 -0.2150978 -0.9424555 0.2559506 0.5226835 -0.8525054 0.006064832 2.18994e-4 -0.9804451 0.196793 0.1020269 -0.1405494 0.9848027 0.4631693 -0.7552496 0.4637591 0.9365668 -0.1177014 0.3301352 0.6002609 0.7335485 0.3187375 -0.999692 -0.009013175 0.02312362 -0.998811 0.02280408 0.04308956 0.9986013 -0.009528398 0.05200791 0.997128 0.02241533 0.07234281 -4.76504e-4 0.9355718 0.3531365 -2.98974e-5 0.9352953 0.3538683 0.004166305 0.9981211 -0.06113082 -6.61983e-5 0.9983996 -0.05655437 -0.2299816 -0.9289788 0.2900118 -0.240261 -0.9671335 0.08323144 -5.12155e-5 -0.9986582 -0.05178529 -0.0252251 -0.957664 0.2867811 -0.04622489 -0.9394857 0.3394554 -0.3222652 -0.3756231 -0.8689376 -0.1645542 0.02235352 -0.9861148 -0.2859835 0.4080396 -0.8670162 -0.06477916 -0.1463817 0.9871049 0.05142003 0.8988474 0.435235 -0.2450548 0.4462128 0.860722 -0.0142799 0.4732323 -0.880822 0.02254557 0.4459071 0.8947953 0.2560061 0.9653809 0.05000871 4.65187e-4 -0.1516258 -0.9884379 -0.100064 -0.4686889 -0.8776776 0.05316883 -0.5737 0.817338 0.2135898 -0.9417965 0.2596128 -0.2598957 -0.1323937 0.9565178 -0.5576813 -0.6982528 0.4488148 -0.6718965 0.7002339 0.2413038 -0.8724747 -0.474808 0.1155219 0.01183408 -0.9573587 0.2886593 0.03127056 -0.9386682 0.3434008 0.3879608 -0.3584731 -0.8491076 0.2284881 0.04566538 -0.9724751 0.3331931 0.3986786 -0.8544225 0.01796495 -0.1456362 0.9891751 -0.07735252 0.9004871 0.4279481 0.208621 0.4472383 0.8697444 0.4299564 -0.7856352 0.4448764 0.1904768 -0.08312171 0.9781664 0.1912807 0.8815006 0.4317041 -0.5215713 -0.8532049 0.002218008 0.9797492 -2.03428e-7 0.2002287 0.9816393 -0.01195484 0.1903718 -0.9829011 -0.01185488 0.1837525 -0.9810931 0 0.1935366 -0.2520576 0.9635345 0.08982396 0.2721968 0.9575102 0.09530615 0.2167409 -0.9728695 0.08092319 0.2100958 -0.9397696 0.269616 -0.2735838 0.4157501 0.8673546 -0.1928212 0.7472822 0.6359161 1.68338e-4 0.9233248 0.3840198 0.3106698 0.6023178 0.7353214 0.1924186 0.4896422 0.8504267 -0.001774609 0.9807267 0.1953764 2.03269e-4 0.9810448 0.1937813 -0.8377624 -0.3608309 0.4098234 0.6781568 -0.1191269 0.725198 0.6571782 -0.1396301 0.7406891 -0.9948265 0.006751954 0.1013639 -0.9608737 -0.1025853 0.2572895 -0.6654583 -0.06623739 0.7434903 0.7679222 0.02747452 0.6399537 -0.6226709 0.6734516 0.3984268 -0.6537803 0.6449884 0.3956785 -0.3222861 0.8883982 0.3269256 0.6436513 0.6560939 0.3940228 0.6884096 0.5336899 0.4911899 0.3280085 0.8867211 0.3257853 -0.1275214 -0.8912338 0.435248 -0.5171287 -0.5743001 0.6346318 -0.2672538 -0.8117836 0.5192136 0.1657322 -0.5852934 0.793703 0.1586421 -0.5459026 0.8226927 0.5628082 0.5136665 0.6476061 0.5713859 -0.08063274 0.8167108 -0.4469279 0.5657634 0.6929411 0.2068738 -0.8979048 0.388549 0.4244052 -0.7519409 0.5044456 0.8801286 -0.3180838 0.3524151 0.9824193 -0.1846551 0.02747642 0.9847148 0.02897983 0.1717471 0.702416 0.6676353 0.2467286 0.3742325 0.9220851 0.09853518 0.4302564 0.8993676 0.0775721 -0.3749225 0.9250516 0.06093317 -0.4236415 0.8989374 0.1115332 -0.6778571 0.6872518 0.2611413 -0.09503507 -0.5993731 0.7948083 -0.6230257 -0.1395882 0.7696454 -0.6893353 -0.08170258 0.7198205 -0.7540393 0.05247032 0.6547302 -0.9989672 0.009354412 0.04446321 -0.9585996 0.2055737 0.1970438 -0.1331449 0.8438247 0.5198388 0.01917326 -0.7034997 0.7104369 0.03789156 -0.9316824 0.3612925 -0.9356215 0.2224119 0.2741267 0.9999415 0.001238703 0.010742 0.9509062 -0.2274048 -0.2099156 0.4383122 0.7833806 0.4406781 -0.01722049 0.7149456 -0.698968 -0.02139365 0.7808053 -0.624408 0.9398732 -0.2353972 -0.2474401 -0.006070435 -0.9942749 -0.1066799 -0.01609486 -0.9943106 -0.1052971 -5.71644e-6 0.1757749 -0.9844304 1.16312e-4 0.1725221 -0.9850056 0.006963849 0.1884417 0.9820597 0.006932973 0.1884413 0.98206 -3.44796e-5 -0.8601764 -0.5099968 -0.006783127 -0.859937 -0.5103553 0.01186007 0.8765815 -0.4811075 0.002640426 0.8772188 -0.4800837 -7.07817e-6 0.173101 0.9849042 1.83716e-5 0.17332 0.9848656 4.83323e-4 0.6132314 -0.7899032 3.66622e-5 0.6133856 -0.7897836 1.34983e-4 0.8033246 -0.5955416 1.02195e-4 0.8034819 -0.5953291 -0.9989672 -0.009354591 -0.04446315 -0.9585995 -0.2055739 -0.1970444 -0.1331462 -0.843824 -0.5198398 0.01917326 0.7034994 -0.7104372 0.03789174 0.9316851 -0.3612856 -0.9356219 -0.222411 -0.2741258 0.998967 0.009354531 0.0444678 0.9509062 0.2274048 0.2099156 0.4383165 -0.7833759 -0.4406824 -0.01722031 -0.7149388 0.698975 -0.02139359 -0.7808061 0.6244071 0.9218648 0.2459821 0.29943 -0.006070435 0.9942749 0.1066802 -0.009973466 0.9943008 0.1061435 -5.71661e-6 -0.1757808 0.9844293 1.16312e-4 -0.1725221 0.9850056 0.004314541 -0.1884462 -0.9820741 0.004295349 -0.1884465 -0.9820742 -3.44796e-5 0.8601763 0.5099971 -0.006783187 0.8599365 0.5103562 0.007349431 -0.8767137 0.4809567 0.00263971 -0.8771505 0.4802084 -7.07817e-6 -0.1730991 -0.9849044 1.83716e-5 -0.1733199 -0.9848656 4.98295e-4 -0.6132319 0.7899029 1.8331e-5 -0.6133863 0.7897831 1.34983e-4 -0.8033248 0.5955412 1.02196e-4 -0.8034793 0.5953328 -0.5161331 -0.8442847 0.1441882 -0.3486371 -0.9372579 0 -0.264074 0.9645025 0 -0.2279856 0.9733309 0.02548938 0.5226941 -0.8525204 0 0.3462451 -0.92855 0.1338257 -1.81736e-5 1 0 -1.81736e-5 1 0 -0.9938082 -4.7593e-7 0.1111105 -0.9938082 -4.24842e-7 0.1111102 0.2812433 0.9591212 0.03144371 0.2469881 0.9690186 0 0.9938081 0 0.1111102 0.9938081 -2.74246e-7 0.1111103 2.78522e-6 -1 0 -1.21604e-5 -0.9804909 0.1965648 2.71728e-6 -1 0</float_array>
          <technique_common>
            <accessor source="#Herthaganaut_000-mesh-normals-array" count="479" stride="3">
              <param name="X" type="float"/>
              <param name="Y" type="float"/>
              <param name="Z" type="float"/>
            </accessor>
          </technique_common>
        </source>
        <source id="Herthaganaut_000-mesh-map-0">
          <float_array id="Herthaganaut_000-mesh-map-0-array" count="2874">0.09369498 0.92423 0.11448 0.961335 0.12202 0.938756 0.115023 0.960429 0.121716 0.938649 0.145262 0.981646 0.06453895 0.998863 0.06925398 0.969451 0.06474798 0.99868 0.09369498 0.92423 0.08735495 0.877301 0.04821199 0.865214 0.05808699 0.817365 0.02928888 0.829433 0.04821199 0.865214 0.09377396 0.924218 0.08583998 0.933586 0.04821199 0.865214 0.09369498 0.92423 0.08583998 0.933586 0.11448 0.961335 0.04821199 0.865214 0.08735495 0.877301 0.07534396 0.853321 0.05808699 0.817365 0.04821199 0.865214 0.07534396 0.853321 0.05769598 0.817707 0.04821199 0.865214 0.02928888 0.829433 0.07534396 0.853321 0.04821199 0.865214 0.05769598 0.817707 0.04821199 0.865214 0.07534396 0.853321 0.087354 0.877302 0.087354 0.877302 0.09377396 0.924218 0.04821199 0.865214 0.09369498 0.92423 0.12202 0.938756 0.08735495 0.877301 0.12967 0.974277 0.108003 0.943956 0.1081719 0.944151 0.121716 0.938649 0.09377396 0.924218 0.087354 0.877302 0.115023 0.960429 0.145262 0.981646 0.116132 0.998221 0.11448 0.961335 0.145067 0.981914 0.12202 0.938756 0.117139 0.997342 0.145067 0.981914 0.11448 0.961335 0.09377396 0.924218 0.121716 0.938649 0.115023 0.960429 0.101014 0.961951 0.115023 0.960429 0.117139 0.997342 0.09377396 0.924218 0.115023 0.960429 0.101014 0.961951 0.02491295 0.137646 0.141336 0.09132295 0.01929897 0.068026 0.02491295 0.137646 0.01848191 0.06660097 0.141825 0.091569 0.05769598 0.817707 0.02928888 0.829433 0.01048195 0.795206 0.09377396 0.924218 0.101014 0.961951 0.08583998 0.933586 0.13025 0.973671 0.138716 0.979667 0.108003 0.943956 0.08583998 0.933586 0.101014 0.961951 0.11448 0.961335 0.08583998 0.933586 0.09369498 0.92423 0.04821199 0.865214 0.01848191 0.06660097 0.01929897 0.068026 0.141336 0.09132295 0.01848191 0.06660097 0.141336 0.09132295 0.141825 0.091569 0.02928888 0.829433 0.05808699 0.817365 0.01048195 0.795206 0.220345 0.68739 0.253449 0.732469 0.161062 0.69223 0.739725 0.997279 0.731585 0.989389 0.760367 0.975588 0.841807 0.937935 0.731434 0.912775 0.753009 0.8538 0.809364 0.811179 0.841807 0.937935 0.753009 0.8538 0.738469 0.99477 0.758847 0.973765 0.730588 0.986983 0.842322 0.935326 0.753524 0.851191 0.731949 0.910166 0.80988 0.808569 0.753524 0.851191 0.842322 0.935326 0.739725 0.997279 0.760367 0.975588 0.753688 1.004648 0.809364 0.811179 0.865161 0.798989 0.841807 0.937935 0.738847 0.989125 0.75281 0.981667 0.75965 1.010769 0.80988 0.808569 0.842322 0.935326 0.865676 0.79638 0.89078 0.935484 0.841807 0.937935 0.865161 0.798989 0.89078 0.935484 0.865161 0.798989 0.903897 0.800198 0.719257 0.805544 0.754306 0.798524 0.7533 0.992185 0.719257 0.805544 0.7533 0.992185 0.710475 0.99246 0.943566 0.925706 0.89078 0.935484 0.903897 0.800198 0.943566 0.925706 0.903897 0.800198 0.972176 0.803127 0.719257 0.805544 0.710475 0.99246 0.700392 0.972331 0.719257 0.805544 0.700392 0.972331 0.704497 0.807398 0.98645 0.922883 0.943566 0.925706 0.972176 0.803127 0.98645 0.922883 0.972176 0.803127 0.995018 0.803955 0.790068 0.992102 0.7533 0.992185 0.754306 0.798524 0.790068 0.992102 0.754306 0.798524 0.780975 0.796535 0.738161 0.98414 0.73139 0.994481 0.739361 0.986826 0.738161 0.98414 0.729168 0.99343 0.73139 0.994481 0.7293 0.990456 0.728093 0.981659 0.731585 0.989389 0.7293 0.990456 0.725582 0.982221 0.728093 0.981659 0.752236 0.976905 0.765012 0.972693 0.765807 0.970351 0.752236 0.976905 0.753007 0.979705 0.765012 0.972693 0.725582 0.982221 0.721019 0.969175 0.728093 0.981659 0.725582 0.982221 0.717322 0.968508 0.721019 0.969175 0.754578 0.797803 0.722517 0.810791 0.725407 0.812485 0.754578 0.797803 0.725407 0.812485 0.75481 0.798336 0.722517 0.810791 0.721876 0.963349 0.718203 0.962013 0.722517 0.810791 0.725407 0.812485 0.721876 0.963349 0.738161 0.98414 0.753007 0.979705 0.752236 0.976905 0.738161 0.98414 0.739361 0.986826 0.753007 0.979705 0.754578 0.797803 0.75481 0.798336 0.78107 0.796532 0.754578 0.797803 0.78107 0.796532 0.781206 0.796253 0.717322 0.968508 0.721876 0.963349 0.721019 0.969175 0.717322 0.968508 0.718203 0.962013 0.721876 0.963349 0.781007 0.796118 0.855022 0.795517 0.780873 0.796388 0.781007 0.796118 0.855022 0.795517 0.855022 0.795517 0.891296 0.932874 0.865676 0.79638 0.842322 0.935326 0.891296 0.932874 0.904412 0.797588 0.865676 0.79638 0.718301 0.802794 0.753397 0.991814 0.754255 0.797633 0.718301 0.802794 0.710121 0.991362 0.753397 0.991814 0.944081 0.923097 0.904412 0.797588 0.891296 0.932874 0.944081 0.923097 0.972691 0.800518 0.904412 0.797588 0.718301 0.802794 0.699431 0.97095 0.710121 0.991362 0.718301 0.802794 0.7032 0.805253 0.699431 0.97095 0.986966 0.920274 0.972691 0.800518 0.944081 0.923097 0.986966 0.920274 0.995533 0.801346 0.972691 0.800518 0.753397 0.991814 0.781066 0.796045 0.754255 0.797633 0.753397 0.991814 0.789987 0.992089 0.781066 0.796045 0.737588 0.986376 0.738847 0.989125 0.730726 0.997077 0.737588 0.986376 0.730726 0.997077 0.728431 0.996018 0.728345 0.988004 0.730588 0.986983 0.727249 0.979395 0.728345 0.988004 0.727249 0.979395 0.724788 0.979922 0.751989 0.978796 0.76588 0.971921 0.765086 0.974339 0.751989 0.978796 0.765086 0.974339 0.75281 0.981667 0.724788 0.979922 0.727249 0.979395 0.720451 0.967128 0.724788 0.979922 0.720451 0.967128 0.716845 0.966442 0.75431 0.797472 0.724761 0.810818 0.721956 0.809135 0.75431 0.797472 0.754531 0.797993 0.724761 0.810818 0.721956 0.809135 0.714667 0.822138 0.721343 0.961444 0.721956 0.809135 0.721343 0.961444 0.724761 0.810818 0.737588 0.986376 0.751989 0.978796 0.75281 0.981667 0.737588 0.986376 0.75281 0.981667 0.738847 0.989125 0.75431 0.797472 0.780873 0.796388 0.754531 0.797993 0.75431 0.797472 0.781007 0.796118 0.780873 0.796388 0.716845 0.966442 0.720451 0.967128 0.721343 0.961444 0.716845 0.966442 0.721343 0.961444 0.714667 0.822138 0.789987 0.992089 0.855022 0.795517 0.781066 0.796045 0.789987 0.992089 0.855415 0.992225 0.855022 0.795517 0.855022 0.795517 0.922176 0.797659 0.9250001 0.99245 0.855022 0.795517 0.9250001 0.99245 0.854915 0.992277 0.855022 0.795517 0.925057 0.992387 0.85498 0.992258 0.855022 0.795517 0.922086 0.796972 0.925057 0.992387 0.790119 0.992078 0.855022 0.795517 0.85498 0.992258 0.790119 0.992078 0.780873 0.796388 0.855022 0.795517 0.790039 0.992114 0.855482 0.992244 0.855022 0.795517 0.790039 0.992114 0.855022 0.795517 0.78107 0.796532 0.790068 0.992102 0.780975 0.796535 0.855022 0.795517 0.790068 0.992102 0.855022 0.795517 0.854915 0.992277 0.781206 0.796253 0.78107 0.796532 0.855022 0.795517 0.781206 0.796253 0.855022 0.795517 0.855022 0.795517 0.855022 0.795517 0.925278 0.9924 0.921852 0.797359 0.855022 0.795517 0.855415 0.992225 0.925278 0.9924 0.855022 0.795517 0.922086 0.796972 0.855022 0.795517 0.855022 0.795517 0.921969 0.797206 0.922086 0.796972 0.855022 0.795517 0.855022 0.795517 0.921657 0.797399 0.855022 0.795517 0.921657 0.797399 0.921542 0.797639 0.855022 0.795517 0.855482 0.992244 0.925337 0.992467 0.855022 0.795517 0.925337 0.992467 0.921657 0.797399 0.065831 0.289854 0.06879895 0.239305 0.149148 0.240944 0.06879895 0.239305 0.06295698 0.290084 0.1469669 0.241133 0.06795096 0.2376959 0.065207 0.289671 0.149044 0.2395859 0.06233698 0.289905 0.06795096 0.2376959 0.148089 0.23412 0.125006 0.329256 0.003210902 0.329222 0.001546919 0.287144 0.125006 0.329256 0.156998 0.328031 0.145117 0.291635 0.147991 0.291404 0.156998 0.328031 0.125006 0.329256 0.150113 0.326981 0.1469669 0.241133 0.06295698 0.290084 0.06295698 0.290084 0.07483798 0.326481 0.150113 0.326981 0.065831 0.289854 0.149148 0.240944 0.150113 0.326981 0.07483798 0.326481 0.065831 0.289854 0.150113 0.326981 0.124355 0.330744 0.003296971 0.330528 0.002881944 0.307876 0.124355 0.330744 0.002881944 0.307876 0.144497 0.291455 0.147367 0.291222 0.004342973 0.246335 0.001530945 0.286714 0.147367 0.291222 0.001530945 0.286714 0.124355 0.330744 0.156499 0.329802 0.124355 0.330744 0.144497 0.291455 0.156499 0.329802 0.147367 0.291222 0.124355 0.330744 0.148089 0.23412 0.150202 0.328626 0.06233698 0.289905 0.07433795 0.328252 0.06233698 0.289905 0.150202 0.328626 0.149044 0.2395859 0.065207 0.289671 0.150202 0.328626 0.065207 0.289671 0.07433795 0.328252 0.150202 0.328626 0.144497 0.291455 0.004357933 0.246793 0.005795896 0.240405 0.144497 0.291455 0.005795896 0.240405 0.150111 0.239246 0.147991 0.291404 0.00443089 0.247992 0.00574398 0.242696 0.147991 0.291404 0.00574398 0.242696 0.15096 0.240855 0.150111 0.239246 0.005795896 0.240405 0.004342973 0.246335 0.150111 0.239246 0.004342973 0.246335 0.147367 0.291222 0.001530945 0.286714 0.003296971 0.330528 0.124355 0.330744 0.148089 0.23412 0.06795096 0.2376959 0.149044 0.2395859 0.149148 0.240944 0.06879895 0.239305 0.1469669 0.241133 0.002828896 0.307064 0.003210902 0.329222 0.125006 0.329256 0.002828896 0.307064 0.125006 0.329256 0.145117 0.291635 0.002881944 0.307876 0.004357933 0.246793 0.144497 0.291455 0.004471898 0.248419 0.002828896 0.307064 0.145117 0.291635 0.001546919 0.287144 0.00443089 0.247992 0.147991 0.291404 0.001546919 0.287144 0.147991 0.291404 0.125006 0.329256 0.00574398 0.242696 0.004471898 0.248419 0.145117 0.291635 0.00574398 0.242696 0.145117 0.291635 0.15096 0.240855 0.699073 0.715044 0.668768 0.708275 0.669201 0.716954 0.77197 0.78649 0.699073 0.715044 0.669201 0.716954 0.77197 0.78649 0.669201 0.716954 0.672697 0.772199 0.771996 0.786982 0.672754 0.772896 0.671453 0.747021 0.699672 0.714565 0.772759 0.789803 0.672794 0.774618 0.699672 0.714565 0.672794 0.774618 0.669143 0.716609 0.699672 0.714565 0.668675 0.70731 0.671445 0.748022 0.699672 0.714565 0.671445 0.748022 0.772787 0.790329 0.671453 0.747021 0.668768 0.708275 0.699073 0.715044 0.671453 0.747021 0.699073 0.715044 0.771996 0.786982 0.77197 0.78649 0.767656 0.713429 0.699073 0.715044 0.672273 0.791198 0.71225 0.710394 0.773204 0.790445 0.699073 0.715044 0.769038 0.741008 0.771996 0.786982 0.672471 0.788381 0.773372 0.787635 0.712849 0.709915 0.772759 0.789803 0.699672 0.714565 0.768069 0.70653 0.772787 0.790329 0.769481 0.734708 0.699672 0.714565 0.772759 0.789803 0.768069 0.70653 0.769481 0.734708 0.769481 0.734708 0.772787 0.790329 0.772759 0.789803 0.77197 0.78649 0.771996 0.786982 0.769038 0.741008 0.769038 0.741008 0.767656 0.713429 0.77197 0.78649 0.77197 0.78649 0.672697 0.772199 0.670491 0.781507 0.77197 0.78649 0.670491 0.781507 0.771996 0.786982 0.669143 0.716609 0.668675 0.70731 0.699672 0.714565 0.671445 0.748022 0.672808 0.77535 0.772787 0.790329 0.670491 0.781507 0.672754 0.772896 0.771996 0.786982 0.672808 0.77535 0.670352 0.784802 0.772787 0.790329 0.670352 0.784802 0.672794 0.774618 0.772759 0.789803 0.670352 0.784802 0.772759 0.789803 0.772787 0.790329 0.650711 0.763876 0.650754 0.763851 0.652173 0.75687 0.652173 0.75687 0.652131 0.756908 0.650711 0.763876 0.653165 0.758794 0.653893 0.784283 0.652166 0.782367 0.652166 0.782367 0.651638 0.76488 0.653165 0.758794 0.652131 0.756908 0.653211 0.782403 0.651438 0.78136 0.651438 0.78136 0.650711 0.763876 0.652131 0.756908 0.652131 0.756908 0.652173 0.75687 0.662703 0.762905 0.662703 0.762905 0.66266 0.76293 0.652131 0.756908 0.663581 0.763742 0.664109 0.781228 0.653893 0.784283 0.653893 0.784283 0.653165 0.758794 0.663581 0.763742 0.66266 0.76293 0.663387 0.780414 0.653211 0.782403 0.653211 0.782403 0.652131 0.756908 0.66266 0.76293 0.259784 0.341834 0.259761 0.372082 2.21e-4 0.374057 2.21e-4 0.374057 2.45e-4 0.343808 0.259784 0.341834 0.259601 0.341835 0.259784 0.341834 2.45e-4 0.343808 2.45e-4 0.343808 6.1e-5 0.343809 0.259601 0.341835 0.259761 0.372082 0.259601 0.341835 6.1e-5 0.343809 6.1e-5 0.343809 2.21e-4 0.374057 0.259761 0.372082 0.625904 0.771541 0.625908 0.771678 0.625908 0.771677 0.259761 0.372082 0.259784 0.341834 0.259601 0.341835 0.650754 0.763851 0.625183 0.772997 0.625183 0.772996 0.650754 0.763851 0.650711 0.763876 0.625183 0.772997 0.625189 0.773134 0.625183 0.772997 0.650711 0.763876 0.650711 0.763876 0.651438 0.78136 0.625189 0.773134 0.651638 0.76488 0.652166 0.782367 0.625908 0.771678 0.625908 0.771678 0.625904 0.771541 0.651638 0.76488 0.588628 0.997951 0.617765 0.757892 0.52737 0.757892 0.588628 0.997951 0.52737 0.757892 0.52737 0.997951 0.52737 0.757892 0.436975 0.757892 0.466113 0.997951 0.466113 0.997951 0.52737 0.997951 0.52737 0.757892 0.526216 0.758454 0.616609 0.758454 0.587474 0.998514 0.587474 0.998514 0.526216 0.998514 0.526216 0.758454 0.526216 0.998514 0.464958 0.998514 0.435822 0.758454 0.435822 0.758454 0.526216 0.758454 0.526216 0.998514 0.554431 0.00208199 0.443858 0.002714931 0.445251 0.329131 0.445251 0.329131 0.613055 0.328196 0.554431 0.00208199 0.445251 0.329131 0.443858 0.002714931 0.333284 0.00334692 0.333284 0.00334692 0.286717 0.330063 0.445251 0.329131 0.444862 0.329818 0.4474 0.005665898 0.557973 0.005032896 0.557973 0.005032896 0.612665 0.328883 0.444862 0.329818 0.4474 0.005665898 0.444862 0.329818 0.286328 0.33075 0.286328 0.33075 0.336825 0.006297886 0.4474 0.005665898 0.09562796 0.762672 0.05945599 0.759263 0.06900399 0.998288 0.09839099 0.763238 0.09562796 0.762672 0.06900399 0.998288 0.103049 0.881276 0.09839099 0.763238 0.06900399 0.998288 0.1153399 0.996162 0.103049 0.881276 0.06900399 0.998288 0.05954688 0.759283 0.094428 0.762233 0.102252 0.879049 0.112742 0.994188 0.05954688 0.759283 0.102252 0.879049 0.112742 0.994188 0.06926095 0.998901 0.05954688 0.759283 0.00395298 0.993012 0.06900399 0.998288 0.05945599 0.759263 0.05945599 0.759263 0.001675963 0.759239 0.00395298 0.993012 0.05954688 0.759283 0.06926095 0.998901 0.005213916 0.995576 0.005213916 0.995576 0.002953886 0.761835 0.05954688 0.759283 0.151419 0.993658 0.112742 0.994188 0.1695089 0.867117 0.165862 0.869471 0.184156 0.913914 0.15237 0.997714 0.165862 0.869471 0.252523 0.756506 0.240683 0.861517 0.240683 0.861517 0.184156 0.913914 0.165862 0.869471 0.18371 0.915151 0.220775 0.988762 0.241909 0.861903 0.183863 0.761939 0.246968 0.758311 0.1695089 0.867117 0.1695089 0.867117 0.112742 0.994188 0.102252 0.879049 0.102252 0.879049 0.094428 0.762233 0.183863 0.761939 0.103049 0.881276 0.170202 0.867982 0.183656 0.762016 0.103049 0.881276 0.1153399 0.996162 0.170202 0.867982 0.170202 0.867982 0.247665 0.758483 0.183656 0.762016 0.183656 0.762016 0.09839099 0.763238 0.103049 0.881276 0.241909 0.861903 0.251746 0.755762 0.165661 0.87066 0.165661 0.87066 0.18371 0.915151 0.241909 0.861903 0.170202 0.867982 0.1153399 0.996162 0.153814 0.994635 0.151026 0.998675 0.18371 0.915151 0.165661 0.87066 0.365141 0.754987 0.33873 0.860329 0.283557 0.861138 0.365141 0.754987 0.283557 0.861138 0.252523 0.756506 0.310293 0.881749 0.283557 0.861138 0.33873 0.860329 0.307595 0.986535 0.219716 0.986188 0.240683 0.861517 0.307595 0.986535 0.240683 0.861517 0.283557 0.861138 0.241909 0.861903 0.278157 0.861104 0.251746 0.755762 0.240683 0.861517 0.252523 0.756506 0.283557 0.861138 0.241909 0.861903 0.220775 0.988762 0.309291 0.98731 0.307595 0.986535 0.310182 0.89441 0.33873 0.860329 0.241909 0.861903 0.309291 0.98731 0.278157 0.861104 0.310182 0.89441 0.310293 0.881749 0.33873 0.860329 0.283557 0.861138 0.310293 0.881749 0.310182 0.89441 0.102252 0.879049 0.183863 0.761939 0.1695089 0.867117 0.240683 0.861517 0.219716 0.986188 0.184156 0.913914 0.184156 0.913914 0.219716 0.986188 0.15237 0.997714 0.18371 0.915151 0.151026 0.998675 0.220775 0.988762 0.283557 0.861138 0.310182 0.89441 0.307595 0.986535 0.952778 0.716175 0.919692 0.785271 0.994503 0.78356 0.952778 0.716175 0.927477 0.713293 0.919692 0.785271 0.995555 0.717141 0.994897 0.786327 0.925496 0.78488 0.919692 0.785271 0.925496 0.78488 0.994897 0.786327 0.925496 0.78488 0.927477 0.713293 0.995555 0.717141 0.994503 0.78356 0.995555 0.717141 0.952778 0.716175 0.994503 0.78356 0.994897 0.786327 0.995555 0.717141 0.927477 0.713293 0.925496 0.78488 0.919692 0.785271 0.919692 0.785271 0.994897 0.786327 0.994503 0.78356 0.952675 0.720127 0.994395 0.787511 0.919593 0.789223 0.952675 0.720127 0.919593 0.789223 0.927377 0.717244 0.995447 0.721092 0.925396 0.78883 0.994789 0.790277 0.919593 0.789223 0.994789 0.790277 0.925396 0.78883 0.925396 0.78883 0.995447 0.721092 0.927377 0.717244 0.994395 0.787511 0.952675 0.720127 0.995447 0.721092 0.994395 0.787511 0.995447 0.721092 0.994789 0.790277 0.927377 0.717244 0.919593 0.789223 0.925396 0.78883 0.919593 0.789223 0.994395 0.787511 0.994789 0.790277 0.483049 0.700475 0.426145 0.697331 0.474296 0.632334 0.006026983 0.645596 0.102121 0.709312 0.004066944 0.717744 0.102121 0.709312 0.101238 0.760682 0.004066944 0.717744 0.259837 0.141104 0.2206439 0.142755 0.248663 0.006202936 0.168645 0.1401979 0.259837 0.141104 0.246902 0.005442917 0.246902 0.005442917 0.259837 0.141104 0.248663 0.006202936 0.248663 0.006202936 0.2206439 0.142755 0.164937 0.005442917 0.161944 0.1379179 0.164937 0.005442917 0.2206439 0.142755 0.246902 0.005442917 0.164937 0.005442917 0.161944 0.1379179 0.246902 0.005442917 0.161944 0.1379179 0.168645 0.1401979 0.1324329 0.461123 0.189212 0.462625 0.163981 0.5429 0.163981 0.5429 0.03742796 0.542902 0.1324329 0.461123 0.232702 0.263145 0.194279 0.261054 0.199478 0.323016 0.199478 0.323016 0.194279 0.261054 0.161969 0.224835 0.2305729 0.32391 0.266658 0.223268 0.232702 0.263145 0.232702 0.263145 0.199478 0.323016 0.2305729 0.32391 0.289076 0.538321 0.192713 0.539727 0.202845 0.643581 0.295797 0.642508 0.289076 0.538321 0.202845 0.643581 0.192742 0.539643 0.289663 0.53947 0.202866 0.644693 0.202866 0.644693 0.289663 0.53947 0.295787 0.644381 0.295762 0.645049 0.471613 0.634838 0.431574 0.701462 0.431574 0.701462 0.343116 0.701046 0.295762 0.645049 0.468576 0.537322 0.471613 0.634838 0.295762 0.645049 0.468576 0.537322 0.295762 0.645049 0.289337 0.539188 0.006026983 0.645596 0.09612196 0.649157 0.102121 0.709312 0.007912993 0.544016 0.09612196 0.649157 0.006026983 0.645596 0.192727 0.541237 0.09612196 0.649157 0.007912993 0.544016 0.168645 0.1401979 0.161944 0.1379179 0.194279 0.261054 0.194279 0.261054 0.161944 0.1379179 0.161969 0.224835 0.161969 0.224835 0.161944 0.1379179 0.2206439 0.142755 0.161969 0.224835 0.2206439 0.142755 0.266658 0.223268 0.2206439 0.142755 0.259837 0.141104 0.266658 0.223268 0.232702 0.263145 0.168645 0.1401979 0.194279 0.261054 0.232702 0.263145 0.266658 0.223268 0.259837 0.141104 0.259837 0.141104 0.168645 0.1401979 0.232702 0.263145 0.259798 0.142017 0.2487249 0.005021989 0.220488 0.145816 0.168533 0.142252 0.246966 0.00426197 0.259798 0.142017 0.246966 0.00426197 0.2487249 0.005021989 0.259798 0.142017 0.2487249 0.005021989 0.165039 0.003654897 0.220488 0.145816 0.161812 0.1399649 0.220488 0.145816 0.165039 0.003654897 0.246966 0.00426197 0.161812 0.1399649 0.165039 0.003654897 0.246966 0.00426197 0.168533 0.142252 0.161812 0.1399649 0.23373 0.263129 0.198797 0.322668 0.194407 0.261691 0.198797 0.322668 0.1615639 0.224429 0.194407 0.261691 0.230879 0.323633 0.198797 0.322668 0.23373 0.263129 0.232721 0.263151 0.265954 0.225066 0.231599 0.32299 0.168533 0.142252 0.194272 0.261057 0.161812 0.1399649 0.194272 0.261057 0.160545 0.224081 0.161812 0.1399649 0.160545 0.224081 0.220488 0.145816 0.161812 0.1399649 0.160545 0.224081 0.265954 0.225066 0.220488 0.145816 0.220488 0.145816 0.265954 0.225066 0.259798 0.142017 0.232721 0.263151 0.194272 0.261057 0.168533 0.142252 0.232721 0.263151 0.259798 0.142017 0.265954 0.225066 0.259798 0.142017 0.232721 0.263151 0.168533 0.142252 0.202844 0.642224 0.2136639 0.717365 0.102121 0.709312 0.102121 0.709312 0.2136639 0.717365 0.101238 0.760682 0.267252 0.711389 0.295309 0.645853 0.34811 0.70175 0.01043695 0.462127 0.06734198 0.460734 0.03742796 0.542902 0.188886 0.463222 0.302792 0.461425 0.163861 0.54187 0.163861 0.54187 0.302792 0.461425 0.32357 0.541639 0.322085 0.54085 0.303729 0.460955 0.165136 0.541638 0.165136 0.541638 0.303729 0.460955 0.188886 0.463222 0.423297 0.450397 0.485328 0.459851 0.454192 0.542222 0.323795 0.542222 0.302761 0.459851 0.368416 0.451123 0.192727 0.541237 0.202844 0.642224 0.09612196 0.649157 0.09612196 0.649157 0.202844 0.642224 0.102121 0.709312 0.479127 0.7043 0.474478 0.750836 0.394469 0.744158 0.394469 0.744158 0.431225 0.701082 0.479127 0.7043 0.432605 0.701885 0.342064 0.702072 0.394678 0.744515 0.3419 0.701978 0.394469 0.744158 0.312951 0.749307 0.312951 0.749307 0.29933 0.705402 0.3419 0.701978 0.368416 0.451123 0.423297 0.450397 0.323795 0.542222 0.454192 0.542222 0.323795 0.542222 0.423297 0.450397 0.133116 0.06498098 0.139488 0.13313 0.122582 0.06416696 0.02730697 0.064956 0.019131 0.06417196 0.06838899 0.005407989 0.06838899 0.005407989 0.07442396 0.005414903 0.02730697 0.064956 0.141022 0.06489896 0.13854 0.128064 0.139488 0.13313 0.139488 0.13313 0.133116 0.06498098 0.141022 0.06489896 0.074099 0.00118798 0.07986998 0.005781888 0.07442396 0.005414903 0.019131 0.06417196 0.005938947 0.06375396 0.06838899 0.005407989 0.099339 0.064619 0.141022 0.06489896 0.07986998 0.005781888 0.07986998 0.005781888 0.07373398 0.006198883 0.099339 0.064619 0.099339 0.064619 0.07373398 0.006198883 0.07223999 0.06596797 0.005938947 0.06375396 0.04397493 0.06456398 0.07373398 0.006198883 0.07373398 0.006198883 0.06838899 0.005407989 0.005938947 0.06375396 0.04397493 0.06456398 0.07223999 0.06596797 0.07373398 0.006198883 0.072057 0.06467598 0.122582 0.06416696 0.139488 0.13313 0.072052 0.064695 0.072057 0.06467598 0.139488 0.13313 0.072052 0.064695 0.139488 0.13313 0.070293 0.127284 0.02730697 0.064956 0.07442396 0.005414903 0.072057 0.06467598 0.072057 0.06467598 0.072052 0.064695 0.02730697 0.064956 0.06838899 0.005407989 0.07373398 0.006198883 0.074099 0.00118798 0.06838899 0.005407989 0.074099 0.00118798 0.07442396 0.005414903 0.074099 0.00118798 0.07373398 0.006198883 0.07986998 0.005781888 0.01317298 0.131314 0.02730697 0.064956 0.072052 0.064695 0.072052 0.064695 0.070293 0.127284 0.01317298 0.131314 0.019131 0.06417196 0.02730697 0.064956 0.01317298 0.131314 0.01028496 0.127391 0.005938947 0.06375396 0.019131 0.06417196 0.019131 0.06417196 0.01317298 0.131314 0.01028496 0.127391 0.005938947 0.06375396 0.01028496 0.127391 0.04397493 0.06456398 0.073704 0.133114 0.07223999 0.06596797 0.04397493 0.06456398 0.04397493 0.06456398 0.01028496 0.127391 0.073704 0.133114 0.13854 0.128064 0.099339 0.064619 0.07223999 0.06596797 0.07223999 0.06596797 0.073704 0.133114 0.13854 0.128064 0.13854 0.128064 0.141022 0.06489896 0.099339 0.064619 0.072057 0.06467598 0.07442396 0.005414903 0.122582 0.06416696 0.07986998 0.005781888 0.133116 0.06498098 0.122582 0.06416696 0.122582 0.06416696 0.07442396 0.005414903 0.07986998 0.005781888 0.141022 0.06489896 0.133116 0.06498098 0.07986998 0.005781888 7.55e-4 0.212854 1.75e-4 0.15431 0.072636 0.135517 0.152646 0.150974 0.07210397 0.217797 0.072636 0.135517 0.07210397 0.217797 0.152646 0.150974 0.107844 0.192102 0.1276839 0.228469 0.152646 0.150974 0.1534759 0.206194 0.152646 0.150974 0.1276839 0.228469 0.107844 0.192102 0.072636 0.135517 0.07210397 0.217797 7.55e-4 0.212854 8.03e-4 0.212886 0.072685 0.13555 2.24e-4 0.1543419 0.152695 0.151006 0.072685 0.13555 0.07215195 0.217829 0.07215195 0.217829 0.107892 0.192134 0.152695 0.151006 0.127732 0.228501 0.153524 0.206225 0.152695 0.151006 0.152695 0.151006 0.107892 0.192134 0.127732 0.228501 0.072685 0.13555 8.03e-4 0.212886 0.07215195 0.217829 7.55e-4 0.212854 0.07210397 0.217797 0.07215195 0.217829 7.55e-4 0.212854 0.07215195 0.217829 8.03e-4 0.212886 0.1534759 0.206194 0.152646 0.150974 0.152695 0.151006 0.1534759 0.206194 0.152695 0.151006 0.153524 0.206225 1.75e-4 0.15431 7.55e-4 0.212854 8.03e-4 0.212886 1.75e-4 0.15431 8.03e-4 0.212886 2.24e-4 0.1543419 0.07210397 0.217797 0.107844 0.192102 0.107892 0.192134 0.07210397 0.217797 0.107892 0.192134 0.07215195 0.217829 0.072636 0.135517 1.75e-4 0.15431 2.24e-4 0.1543419 0.072636 0.135517 2.24e-4 0.1543419 0.072685 0.13555 0.107844 0.192102 0.1276839 0.228469 0.127732 0.228501 0.107844 0.192102 0.127732 0.228501 0.107892 0.192134 0.152646 0.150974 0.072636 0.135517 0.072685 0.13555 0.152646 0.150974 0.072685 0.13555 0.152695 0.151006 0.1276839 0.228469 0.1534759 0.206194 0.153524 0.206225 0.1276839 0.228469 0.153524 0.206225 0.127732 0.228501 7.55e-4 0.212854 1.75e-4 0.154311 0.072636 0.135517 0.152646 0.150974 0.07210397 0.217797 0.072636 0.135517 0.07210397 0.217797 0.152646 0.150974 0.107844 0.192102 0.1276839 0.228469 0.152646 0.150974 0.1534759 0.206194 0.152646 0.150974 0.1276839 0.228469 0.107844 0.192102 0.072636 0.135517 0.07210397 0.217797 7.55e-4 0.212854 8.03e-4 0.212886 0.072685 0.13555 2.24e-4 0.1543419 0.152695 0.151006 0.072685 0.13555 0.07215195 0.217829 0.07215195 0.217829 0.107892 0.192134 0.152695 0.151006 0.127732 0.228501 0.153524 0.206225 0.152695 0.151006 0.152695 0.151006 0.107892 0.192134 0.127732 0.228501 0.072685 0.13555 8.03e-4 0.212886 0.07215195 0.217829 7.55e-4 0.212854 0.07210397 0.217797 0.07215195 0.217829 7.55e-4 0.212854 0.07215195 0.217829 8.03e-4 0.212886 0.1534759 0.206194 0.152646 0.150974 0.152695 0.151006 0.1534759 0.206194 0.152695 0.151006 0.153524 0.206225 1.75e-4 0.154311 7.55e-4 0.212854 8.03e-4 0.212886 1.75e-4 0.154311 8.03e-4 0.212886 2.24e-4 0.1543419 0.07210397 0.217797 0.107844 0.192102 0.107892 0.192134 0.07210397 0.217797 0.107892 0.192134 0.07215195 0.217829 0.072636 0.135517 1.75e-4 0.154311 2.24e-4 0.1543419 0.072636 0.135517 2.24e-4 0.1543419 0.072685 0.13555 0.107844 0.192102 0.1276839 0.228469 0.127732 0.228501 0.107844 0.192102 0.127732 0.228501 0.107892 0.192134 0.152646 0.150974 0.072636 0.135517 0.072685 0.13555 0.152646 0.150974 0.072685 0.13555 0.152695 0.151006 0.1276839 0.228469 0.1534759 0.206194 0.153524 0.206225 0.1276839 0.228469 0.153524 0.206225 0.127732 0.228501 0.06734198 0.460734 0.01043695 0.462127 0.005882978 0.381651 0.06734198 0.460734 0.005882978 0.381651 0.06599301 0.38227 0.485328 0.459851 0.423297 0.450397 0.42261 0.38237 0.485328 0.459851 0.42261 0.38237 0.486605 0.382293 0.189212 0.462625 0.1324329 0.461123 0.132046 0.382534 0.189212 0.462625 0.132046 0.382534 0.193865 0.382695 0.368416 0.451123 0.42261 0.38237 0.423297 0.450397 0.368416 0.451123 0.367226 0.383077 0.42261 0.38237 0.188886 0.463222 0.303729 0.460955 0.292197 0.381575 0.188886 0.463222 0.292197 0.381575 0.195051 0.382701 0.368416 0.451123 0.302761 0.459851 0.291728 0.380593 0.368416 0.451123 0.291728 0.380593 0.367226 0.383077 0.302792 0.461425 0.188886 0.463222 0.194667 0.382375 0.302792 0.461425 0.194667 0.382375 0.292424 0.381179 0.06599301 0.38227 0.132046 0.382534 0.1324329 0.461123 0.1324329 0.461123 0.03742796 0.542902 0.06734198 0.460734 0.1324329 0.461123 0.06734198 0.460734 0.06599301 0.38227</float_array>
          <technique_common>
            <accessor source="#Herthaganaut_000-mesh-map-0-array" count="1437" stride="2">
              <param name="S" type="float"/>
              <param name="T" type="float"/>
            </accessor>
          </technique_common>
        </source>
        <vertices id="Herthaganaut_000-mesh-vertices">
          <input semantic="POSITION" source="#Herthaganaut_000-mesh-positions"/>
        </vertices>
        <triangles material="RSoldier_000-material" count="479">
          <input semantic="VERTEX" source="#Herthaganaut_000-mesh-vertices" offset="0"/>
          <input semantic="NORMAL" source="#Herthaganaut_000-mesh-normals" offset="1"/>
          <input semantic="TEXCOORD" source="#Herthaganaut_000-mesh-map-0" offset="2" set="0"/>
          <p>6 0 0 7 0 1 8 0 2 9 1 3 10 1 4 11 1 5 12 2 6 8 2 7 13 2 8 6 3 9 14 3 10 15 3 11 0 4 12 1 4 13 15 4 14 16 5 15 17 5 16 15 5 17 6 6 18 17 6 19 7 6 20 15 7 21 14 7 22 18 7 23 0 8 24 15 8 25 18 8 26 2 9 27 15 9 28 1 9 29 19 10 30 15 10 31 2 10 32 15 11 33 19 11 34 20 11 35 20 12 36 16 12 37 15 12 38 6 13 39 8 13 40 14 13 41 9 14 42 21 14 43 22 14 44 10 15 45 16 15 46 20 15 47 9 16 48 11 16 49 22 16 50 7 17 51 12 17 52 8 17 53 21 18 54 12 18 55 7 18 56 16 19 57 10 19 58 9 19 59 23 20 60 9 20 61 21 20 62 16 21 63 9 21 64 23 21 65 3 22 66 0 22 67 4 22 68 3 23 69 5 23 70 2 23 71 2 24 72 1 24 73 3 24 74 16 25 75 23 25 76 17 25 77 7 26 78 23 26 79 21 26 80 17 27 81 23 27 82 7 27 83 17 28 84 6 28 85 15 28 86 5 29 87 4 29 88 0 29 89 5 30 90 0 30 91 2 30 92 1 31 93 0 31 94 3 31 95 24 32 96 25 32 97 26 32 98 27 33 99 28 33 100 29 33 101 30 34 102 31 34 103 32 34 104 33 35 105 30 35 106 32 35 107 34 36 108 35 36 109 36 36 110 37 37 111 38 37 112 39 37 113 40 38 114 38 38 115 37 38 116 27 39 117 29 39 118 41 39 119 33 40 120 42 40 121 30 40 122 34 41 123 43 41 124 35 41 125 40 42 126 37 42 127 44 42 128 45 43 129 30 43 130 42 43 131 45 44 132 42 44 133 46 44 134 47 45 135 70 45 136 71 45 137 47 46 138 71 46 139 48 46 140 49 47 141 45 47 142 46 47 143 49 48 144 46 48 145 50 48 146 47 49 147 48 49 148 51 49 149 47 50 150 51 50 151 52 50 152 51 51 153 49 51 154 50 51 155 51 52 156 50 52 157 52 52 158 72 53 159 71 53 160 70 53 161 72 54 162 70 54 163 73 54 164 33 55 165 28 55 166 27 55 167 33 56 168 42 56 169 28 56 170 42 57 171 53 57 172 28 57 173 42 58 174 46 58 175 53 58 176 32 59 177 54 59 178 31 59 179 32 60 180 41 60 181 54 60 182 46 61 183 55 61 184 53 61 185 46 62 186 50 62 187 55 62 188 70 63 189 47 63 190 56 63 191 70 64 192 56 64 193 74 64 194 47 65 195 57 65 196 52 65 197 47 66 198 56 66 199 57 66 200 33 67 201 41 67 202 32 67 203 33 68 204 27 68 205 41 68 206 70 69 207 74 69 208 75 69 209 70 70 210 75 70 211 73 70 212 50 71 213 57 71 214 55 71 215 50 72 216 52 72 217 57 72 218 76 73 219 81 73 220 77 73 221 76 74 222 82 74 223 81 74 224 58 75 225 44 75 226 37 75 227 58 76 228 59 76 229 44 76 230 60 77 231 71 77 232 78 77 233 60 78 234 48 78 235 71 78 236 61 79 237 59 79 238 58 79 239 61 80 240 62 80 241 59 80 242 60 81 243 63 81 244 48 81 245 60 82 246 64 82 247 63 82 248 63 83 249 62 83 250 61 83 251 63 84 252 64 84 253 62 84 254 71 85 255 76 85 256 78 85 257 71 86 258 72 86 259 76 86 260 40 87 261 34 87 262 36 87 263 40 88 264 36 88 265 44 88 266 44 89 267 36 89 268 65 89 269 44 90 270 65 90 271 59 90 272 38 91 273 39 91 274 66 91 275 38 92 276 66 92 277 43 92 278 59 93 279 65 93 280 67 93 281 59 94 282 67 94 283 62 94 284 78 95 285 68 95 286 60 95 287 78 96 288 79 96 289 68 96 290 60 97 291 64 97 292 69 97 293 60 98 294 69 98 295 68 98 296 40 99 297 38 99 298 43 99 299 40 100 300 43 100 301 34 100 302 78 101 303 77 101 304 79 101 305 78 102 306 76 102 307 77 102 308 62 103 309 67 103 310 69 103 311 62 104 312 69 104 313 64 104 314 72 105 315 82 105 316 76 105 317 72 106 318 83 106 319 82 106 320 84 107 321 87 107 322 88 107 323 84 108 324 88 108 325 83 108 326 81 109 327 89 109 328 85 109 329 81 110 330 90 110 331 89 110 332 80 111 333 81 111 334 85 111 335 80 112 336 77 112 337 81 112 338 80 113 339 85 113 340 86 113 341 80 114 342 86 114 343 75 114 344 72 115 345 73 115 346 84 115 347 72 116 348 84 116 349 83 116 350 73 117 351 75 117 352 86 117 353 73 118 354 86 118 355 84 118 356 82 119 357 88 119 358 92 119 359 82 120 360 83 120 361 88 120 362 82 121 363 90 121 364 81 121 365 82 122 366 92 122 367 90 122 368 84 123 369 86 123 370 91 123 371 84 124 372 91 124 373 87 124 374 86 125 375 85 125 376 89 125 377 86 126 378 89 126 379 91 126 380 93 127 381 99 127 382 95 127 383 99 128 384 94 128 385 96 128 386 107 129 387 102 129 388 106 129 389 103 130 390 107 130 391 100 130 392 101 131 393 113 131 394 110 131 395 101 132 396 97 132 397 94 132 398 93 133 399 97 133 400 101 133 401 98 134 402 96 134 403 94 134 404 94 135 405 97 135 406 98 135 407 93 136 408 95 136 409 98 136 410 97 137 411 93 137 412 98 137 413 108 138 414 111 138 415 115 138 416 108 139 417 115 139 418 103 139 419 102 140 420 114 140 421 109 140 422 102 141 423 109 141 424 108 141 425 104 142 426 108 142 427 103 142 428 104 143 429 102 143 430 108 143 431 100 144 432 105 144 433 103 144 434 104 145 435 103 145 436 105 145 437 106 146 438 102 146 439 105 146 440 102 147 441 104 147 442 105 147 443 103 148 444 112 148 445 120 148 446 103 149 447 120 149 448 107 149 449 93 150 450 117 150 451 119 150 452 93 151 453 119 151 454 99 151 455 107 152 456 120 152 457 114 152 458 107 153 459 114 153 460 102 153 461 109 154 462 111 154 463 108 154 464 100 155 465 107 155 466 106 155 467 95 156 468 99 156 469 96 156 470 116 157 471 113 157 472 101 157 473 116 158 474 101 158 475 94 158 476 115 159 477 112 159 478 103 159 479 118 160 480 116 160 481 94 160 482 110 161 483 117 161 484 93 161 485 110 162 486 93 162 487 101 162 488 119 163 489 118 163 490 94 163 491 119 164 492 94 164 493 99 164 494 122 165 495 135 165 496 138 165 497 121 166 498 122 166 499 138 166 500 121 167 501 138 167 502 140 167 503 123 168 504 139 168 505 132 168 506 128 169 507 127 169 508 134 169 509 128 170 510 134 170 511 137 170 512 128 171 513 133 171 514 131 171 515 128 172 516 131 172 517 126 172 518 132 173 519 135 173 520 122 173 521 132 174 522 122 174 523 123 174 524 121 175 525 124 175 526 122 175 527 125 176 528 122 176 529 124 176 530 122 177 531 125 177 532 123 177 533 130 178 534 129 178 535 128 178 536 127 179 537 128 179 538 129 179 539 126 180 540 130 180 541 128 180 542 127 181 543 129 181 544 130 181 545 130 182 546 126 182 547 127 182 548 121 183 549 123 183 550 125 183 551 125 184 552 124 184 553 121 184 554 121 185 555 140 185 556 141 185 557 121 186 558 141 186 559 123 186 560 137 187 561 133 187 562 128 187 563 131 188 564 136 188 565 126 188 566 141 189 567 139 189 568 123 189 569 136 190 570 142 190 571 126 190 572 142 191 573 134 191 574 127 191 575 142 192 576 127 192 577 126 192 578 157 193 579 143 193 580 148 193 581 148 194 582 144 194 583 157 194 584 145 195 585 148 195 586 143 195 587 143 196 588 149 196 589 145 196 590 144 197 591 145 197 592 149 197 593 149 198 594 157 198 595 144 198 596 144 199 597 148 199 598 150 199 599 150 200 600 151 200 601 144 200 602 154 201 603 150 201 604 148 201 605 148 202 606 145 202 607 154 202 608 151 203 609 154 203 610 145 203 611 145 204 612 144 204 613 151 204 614 156 205 615 155 205 616 151 205 617 151 206 618 150 206 619 156 206 620 146 207 621 156 207 622 150 207 623 150 208 624 154 208 625 146 208 626 155 209 627 146 209 628 154 209 629 154 210 630 151 210 631 155 210 632 153 211 633 147 211 634 152 211 635 155 212 636 156 212 637 146 212 638 143 213 639 152 213 640 147 213 641 143 214 642 157 214 643 152 214 644 153 215 645 152 215 646 157 215 647 157 216 648 149 216 649 153 216 650 149 217 651 143 217 652 147 217 653 147 218 654 153 218 655 149 218 656 158 219 657 159 219 658 160 219 659 158 220 660 160 220 661 161 220 662 160 221 663 162 221 664 163 221 665 163 222 666 161 222 667 160 222 668 160 223 669 159 223 670 164 223 671 164 224 672 165 224 673 160 224 674 165 225 675 166 225 676 162 225 677 162 226 678 160 226 679 165 226 680 167 227 681 168 227 682 169 227 683 169 228 684 170 228 685 167 228 686 169 229 687 168 229 688 171 229 689 171 230 690 172 230 691 169 230 692 169 231 693 173 231 694 174 231 695 174 232 696 170 232 697 169 232 698 173 233 699 169 233 700 172 233 701 172 234 702 175 234 703 173 234 704 187 235 705 188 235 706 186 235 707 179 236 708 187 236 709 186 236 710 196 237 711 179 237 712 186 237 713 178 238 714 196 238 715 186 238 716 189 239 717 177 239 718 195 239 719 176 240 720 189 240 721 195 240 722 176 241 723 184 241 724 189 241 725 185 242 726 186 242 727 188 242 728 188 243 729 190 243 730 185 243 731 189 244 732 184 244 733 185 244 734 185 245 735 190 245 736 189 245 737 191 246 738 176 246 739 192 246 740 192 247 741 202 247 742 191 247 743 192 248 744 181 248 745 193 248 746 193 249 747 202 249 748 192 249 749 203 250 750 182 250 751 199 250 752 194 251 753 181 251 754 192 251 755 192 252 756 176 252 757 195 252 758 195 253 759 177 253 760 194 253 761 196 254 762 197 254 763 198 254 764 196 255 765 178 255 766 197 255 767 197 256 768 183 256 769 198 256 770 198 257 771 179 257 772 196 257 773 199 258 774 183 258 775 197 258 776 197 259 777 203 259 778 199 259 779 197 260 780 178 260 781 200 260 782 200 261 783 203 261 784 197 261 785 183 262 786 205 262 787 207 262 788 183 263 789 207 263 790 181 263 791 204 264 792 207 264 793 205 264 794 201 265 795 180 265 796 193 265 797 201 266 798 193 266 799 207 266 800 199 267 801 205 267 802 183 267 803 193 268 804 181 268 805 207 268 806 199 269 807 182 269 808 201 269 809 201 270 810 206 270 811 205 270 812 199 271 813 201 271 814 205 271 815 206 272 816 204 272 817 205 272 818 207 273 819 204 273 820 206 273 821 195 274 822 194 274 823 192 274 824 193 275 825 180 275 826 202 275 827 202 276 828 180 276 829 191 276 830 203 277 831 200 277 832 182 277 833 207 278 834 206 278 835 201 278 836 211 279 837 208 279 838 234 279 839 211 280 840 233 280 841 208 280 842 212 281 843 235 281 844 258 281 845 208 282 846 258 282 847 235 282 848 258 283 849 233 283 850 212 283 851 234 284 852 212 284 853 211 284 854 234 285 855 235 285 856 212 285 857 233 286 858 258 286 859 208 286 860 208 287 861 235 287 862 234 287 863 214 288 864 210 288 865 209 288 866 214 289 867 209 289 868 213 289 869 215 290 870 259 290 871 236 290 872 209 291 873 236 291 874 259 291 875 259 292 876 215 292 877 213 292 878 210 293 879 214 293 880 215 293 881 210 294 882 215 294 883 236 294 884 213 295 885 209 295 886 259 295 887 209 296 888 210 296 889 236 296 890 251 297 891 254 297 892 241 297 893 216 298 894 217 298 895 252 298 896 217 299 897 253 299 898 252 299 899 237 300 900 240 300 901 218 300 902 242 301 903 237 301 904 219 301 905 219 302 906 237 302 907 218 302 908 218 303 909 240 303 910 238 303 911 239 304 912 238 304 913 240 304 914 219 305 915 238 305 916 239 305 917 219 306 918 239 306 919 242 306 920 228 307 921 257 307 922 249 307 923 249 308 924 220 308 925 228 308 926 264 309 927 262 309 928 252 309 929 252 310 930 262 310 931 216 310 932 251 311 933 241 311 934 264 311 935 264 312 936 252 312 937 251 312 938 231 313 939 220 313 940 216 313 941 241 314 942 231 314 943 216 314 944 249 315 945 232 315 946 260 315 947 260 316 948 232 316 949 248 316 950 248 317 951 241 317 952 254 317 953 254 318 954 224 318 955 248 318 956 231 319 957 241 319 958 248 319 959 231 320 960 248 320 961 232 320 962 216 321 963 223 321 964 217 321 965 220 322 966 223 322 967 216 322 968 249 323 969 223 323 970 220 323 971 242 324 972 239 324 973 262 324 974 262 325 975 239 325 976 216 325 977 216 326 978 239 326 979 240 326 980 216 327 981 240 327 982 241 327 983 240 328 984 237 328 985 241 328 986 264 329 987 242 329 988 262 329 989 264 330 990 241 330 991 237 330 992 237 331 993 242 331 994 264 331 995 243 332 996 244 332 997 247 332 998 245 333 999 263 333 1000 243 333 1001 263 334 1002 244 334 1003 243 334 1004 244 335 1005 221 335 1006 247 335 1007 246 336 1008 247 336 1009 221 336 1010 263 337 1011 246 337 1012 221 337 1013 263 338 1014 245 338 1015 246 338 1016 261 339 1017 255 339 1018 222 339 1019 255 340 1020 260 340 1021 222 340 1022 256 341 1023 255 341 1024 261 341 1025 261 342 1026 248 342 1027 256 342 1028 245 343 1029 222 343 1030 246 343 1031 222 344 1032 260 344 1033 246 344 1034 260 345 1035 247 345 1036 246 345 1037 260 346 1038 248 346 1039 247 346 1040 247 347 1041 248 347 1042 243 347 1043 261 348 1044 222 348 1045 245 348 1046 261 349 1047 243 349 1048 248 349 1049 243 350 1050 261 350 1051 245 350 1052 260 351 1053 255 351 1054 217 351 1055 217 352 1056 255 352 1057 253 352 1058 256 353 1059 248 353 1060 224 353 1061 250 354 1062 227 354 1063 220 354 1064 257 355 1065 230 355 1066 249 355 1067 249 356 1068 230 356 1069 232 356 1070 231 357 1071 229 357 1072 220 357 1073 220 358 1074 229 358 1075 250 358 1076 226 359 1077 229 359 1078 231 359 1079 232 360 1080 230 360 1081 225 360 1082 249 361 1083 260 361 1084 223 361 1085 223 362 1086 260 362 1087 217 362 1088 251 363 1089 252 363 1090 253 363 1091 253 364 1092 254 364 1093 251 364 1094 224 365 1095 254 365 1096 253 365 1097 224 366 1098 253 366 1099 255 366 1100 255 367 1101 256 367 1102 224 367 1103 225 368 1104 226 368 1105 232 368 1106 231 369 1107 232 369 1108 226 369 1109 286 370 1110 268 370 1111 265 370 1112 266 371 1113 279 371 1114 270 371 1115 270 372 1116 269 372 1117 266 372 1118 284 373 1119 272 373 1120 268 373 1121 268 374 1122 286 374 1123 284 374 1124 277 375 1125 267 375 1126 269 375 1127 279 376 1128 280 376 1129 270 376 1130 283 377 1131 284 377 1132 267 377 1133 267 378 1134 273 378 1135 283 378 1136 283 379 1137 273 379 1138 282 379 1139 280 380 1140 281 380 1141 273 380 1142 273 381 1143 270 381 1144 280 381 1145 281 382 1146 282 382 1147 273 382 1148 285 383 1149 265 383 1150 268 383 1151 278 384 1152 285 384 1153 268 384 1154 278 385 1155 268 385 1156 276 385 1157 266 386 1158 269 386 1159 285 386 1160 285 387 1161 278 387 1162 266 387 1163 270 388 1164 273 388 1165 277 388 1166 270 389 1167 277 389 1168 269 389 1169 277 390 1170 273 390 1171 267 390 1172 271 391 1173 266 391 1174 278 391 1175 278 392 1176 276 392 1177 271 392 1178 279 393 1179 266 393 1180 271 393 1181 274 394 1182 280 394 1183 279 394 1184 279 395 1185 271 395 1186 274 395 1187 280 396 1188 274 396 1189 281 396 1190 275 397 1191 282 397 1192 281 397 1193 281 398 1194 274 398 1195 275 398 1196 272 399 1197 283 399 1198 282 399 1199 282 400 1200 275 400 1201 272 400 1202 272 401 1203 284 401 1204 283 401 1205 285 402 1206 269 402 1207 265 402 1208 267 403 1209 286 403 1210 265 403 1211 265 404 1212 269 404 1213 267 404 1214 284 405 1215 286 405 1216 267 405 1217 287 406 1218 294 406 1219 288 406 1220 289 407 1221 293 407 1222 288 407 1223 293 408 1224 289 408 1225 290 408 1226 292 409 1227 289 409 1228 291 409 1229 289 410 1230 292 410 1231 290 410 1232 288 411 1233 293 411 1234 287 411 1235 295 412 1236 297 412 1237 296 412 1238 298 413 1239 297 413 1240 299 413 1241 299 414 1242 300 414 1243 298 414 1244 301 415 1245 302 415 1246 298 415 1247 298 416 1248 300 416 1249 301 416 1250 297 417 1251 295 417 1252 299 417 1253 287 418 1254 293 418 1255 299 418 1256 287 419 1257 299 419 1258 295 419 1259 291 420 1260 289 420 1261 298 420 1262 291 421 1263 298 421 1264 302 421 1265 294 422 1266 287 422 1267 295 422 1268 294 423 1269 295 423 1270 296 423 1271 293 424 1272 290 424 1273 300 424 1274 293 425 1275 300 425 1276 299 425 1277 288 426 1278 294 426 1279 296 426 1280 288 427 1281 296 427 1282 297 427 1283 290 428 1284 292 428 1285 301 428 1286 290 429 1287 301 429 1288 300 429 1289 289 430 1290 288 430 1291 297 430 1292 289 431 1293 297 431 1294 298 431 1295 292 432 1296 291 432 1297 302 432 1298 292 433 1299 302 433 1300 301 433 1301 303 434 1302 310 434 1303 304 434 1304 305 435 1305 309 435 1306 304 435 1307 309 436 1308 305 436 1309 306 436 1310 308 437 1311 305 437 1312 307 437 1313 305 438 1314 308 438 1315 306 438 1316 304 439 1317 309 439 1318 303 439 1319 311 440 1320 313 440 1321 312 440 1322 314 441 1323 313 441 1324 315 441 1325 315 442 1326 316 442 1327 314 442 1328 317 443 1329 318 443 1330 314 443 1331 314 444 1332 316 444 1333 317 444 1334 313 445 1335 311 445 1336 315 445 1337 303 446 1338 309 446 1339 315 446 1340 303 447 1341 315 447 1342 311 447 1343 307 448 1344 305 448 1345 314 448 1346 307 449 1347 314 449 1348 318 449 1349 310 450 1350 303 450 1351 311 450 1352 310 451 1353 311 451 1354 312 451 1355 309 452 1356 306 452 1357 316 452 1358 309 453 1359 316 453 1360 315 453 1361 304 454 1362 310 454 1363 312 454 1364 304 455 1365 312 455 1366 313 455 1367 306 456 1368 308 456 1369 317 456 1370 306 457 1371 317 457 1372 316 457 1373 305 458 1374 304 458 1375 313 458 1376 305 459 1377 313 459 1378 314 459 1379 308 460 1380 307 460 1381 318 460 1382 308 461 1383 318 461 1384 317 461 1385 227 462 1386 250 462 1387 325 462 1388 227 463 1389 325 463 1390 321 463 1391 229 464 1392 226 464 1393 320 464 1394 229 465 1395 320 465 1396 323 465 1397 257 466 1398 228 466 1399 322 466 1400 257 467 1401 322 467 1402 326 467 1403 225 468 1404 320 468 1405 226 468 1406 225 469 1407 319 469 1408 320 469 1409 250 470 1410 229 470 1411 323 470 1412 250 471 1413 323 471 1414 325 471 1415 225 472 1416 230 472 1417 324 472 1418 225 473 1419 324 473 1420 319 473 1421 230 474 1422 257 474 1423 326 474 1424 230 475 1425 326 475 1426 324 475 1427 321 476 1428 322 476 1429 228 476 1430 228 477 1431 220 477 1432 227 477 1433 228 478 1434 227 478 1435 321 478 1436</p>
        </triangles>
      </mesh>
    </geometry>
  </library_geometries>
  <library_controllers>
    <controller id="Dorkim_b_hurim_Skin_Herthaganaut-skin" name="Dorkim_b_hurim_Skin">
      <skin source="#Herthaganaut_000-mesh">
        <bind_shape_matrix>1 0 0 0 0 1 0 0 0 0 1 0 0 0 0 1</bind_shape_matrix>
        <source id="Dorkim_b_hurim_Skin_Herthaganaut-skin-joints">
          <Name_array id="Dorkim_b_hurim_Skin_Herthaganaut-skin-joints-array" count="19">pelvis femurleft butt-l knee-l-top knee-l-bopttom femurright butt-r knee-r-top knee-r-bopttom lumbar rib scapula ulna scapula01 ulna01 smoke_node_1 neck cloaktop cloak</Name_array>
          <technique_common>
            <accessor source="#Dorkim_b_hurim_Skin_Herthaganaut-skin-joints-array" count="19" stride="1">
              <param name="JOINT" type="name"/>
            </accessor>
          </technique_common>
        </source>
        <source id="Dorkim_b_hurim_Skin_Herthaganaut-skin-bind_poses">
          <float_array id="Dorkim_b_hurim_Skin_Herthaganaut-skin-bind_poses-array" count="304">1 0 0 -2.88205e-4 0 0 1 -1.989969 0 -1 0 0.05965077 0 0 0 1 1 0 0 -0.229566 0 0 1 -1.980152 0 -1 0 0 0 0 0 1 1 0 0 -0.2300335 0 -5.28991e-7 1 -1.881625 0 -1 -5.43892e-7 0.2278664 0 0 0 1 1 0 0 -0.2579528 0 0 1 -1.492427 0 -1 0 -0.3577119 0 0 0 1 1 0 0 -0.2616623 0 -2.30968e-7 1 -1.243225 0 -1 -2.45869e-7 0.03760051 0 0 0 1 1 0 0 0.2313525 0 0 1 -1.980152 0 -1 0 0 0 0 0 1 1 0 0 0.234615 0 -6.78003e-7 1 -1.884256 0 -1 -6.92904e-7 0.2262768 0 0 0 1 1 0 0 0.1784679 0 -6.78003e-7 1 -1.491813 0 -0.9999999 -7.15256e-7 -0.3589498 0 0 0 1 1 0 0 0.2454932 0 0 1 -1.243115 0 -1 0 0.03760021 0 0 0 1 1 0 0 -0.004826307 0 0 1 -2.179734 0 -1 0 0.1130515 0 0 0 1 1 0 0 0.007960081 0 0 1 -2.884792 0 -1 0 -1.77087e-7 0 0 0 1 0.203097 0 0.9791587 -3.147873 -0.9791586 0 0.2030972 -0.2338603 0 -1 0 0 0 0 0 1 0.2030966 -1.78114e-7 0.9791588 -3.271611 -0.9791587 0 0.2030972 0.3654958 0 -1 -1.89119e-7 3.21161e-7 0 0 0 1 0.2198078 0 -0.9755433 3.152404 0.9755432 0 0.2198078 -0.2477511 0 -1 0 -5.40564e-7 0 0 0 1 0.2198076 0 -0.9755434 3.264406 0.9755431 0 0.2198079 0.3516052 0 -1 0 -4.94339e-7 0 0 0 1 0.2187412 6.61311e-6 -0.9757827 3.374891 -0.006573915 -0.9999774 -0.00148046 -0.05562585 -0.9757607 0.006738603 -0.2187363 -1.068493 0 0 0 1 1 0 0 0.02165716 0 0 1 -3.354292 0 -1 -1.19697e-7 1.60605e-7 0 0 0 1 1 0 0 -0.001975059 0 -5.49719e-7 1 -3.236084 0 -1 -5.66244e-7 0.1981282 0 0 0 1 1 0 0 -0.006513178 0 0 1 -2.377003 0 -1 -1.19209e-7 0.4338248 0 0 0 1</float_array>
          <technique_common>
            <accessor source="#Dorkim_b_hurim_Skin_Herthaganaut-skin-bind_poses-array" count="19" stride="16">
              <param name="TRANSFORM" type="float4x4"/>
            </accessor>
          </technique_common>
        </source>
        <source id="Dorkim_b_hurim_Skin_Herthaganaut-skin-weights">
          <float_array id="Dorkim_b_hurim_Skin_Herthaganaut-skin-weights-array" count="327">1 1 1 1 1 1 1 1 1 1 1 1 1 1 1 1 1 1 1 1 1 1 1 1 1 1 1 1 1 1 1 1 1 1 1 1 1 1 1 1 1 1 1 1 1 1 1 1 1 1 1 1 1 1 1 1 1 1 1 1 1 1 1 1 1 1 1 1 1 1 1 1 1 1 1 1 1 1 1 1 1 1 1 1 1 1 1 1 1 1 1 1 1 1 1 1 1 1 1 1 1 1 1 1 1 1 1 1 1 1 1 1 1 1 1 1 1 1 1 1 1 1 1 1 1 1 1 1 1 1 1 1 1 1 1 1 1 1 1 1 1 1 1 1 1 1 1 1 1 1 1 1 1 1 1 1 1 1 1 1 1 1 1 1 1 1 1 1 1 1 1 1 1 1 1 1 1 1 1 1 1 1 1 1 1 1 1 1 1 1 1 1 1 1 1 1 1 1 1 1 1 1 1 1 1 1 1 1 1 1 1 1 1 1 1 1 1 1 1 1 1 1 1 1 1 1 1 1 1 1 1 1 1 1 1 1 1 1 1 1 1 1 1 1 1 1 1 1 1 1 1 1 1 1 1 1 1 1 1 1 1 1 1 1 1 1 1 1 1 1 1 1 1 1 1 1 1 1 1 1 1 1 1 1 1 1 1 1 1 1 1 1 1 1 1 1 1 1 1 1 1 1 1 1 1 1 1 1 1 1 1 1 1 1 1 1 1 1 1 1 1 1 1 1 1 1 1</float_array>
          <technique_common>
            <accessor source="#Dorkim_b_hurim_Skin_Herthaganaut-skin-weights-array" count="327" stride="1">
              <param name="WEIGHT" type="float"/>
            </accessor>
          </technique_common>
        </source>
        <joints>
          <input semantic="JOINT" source="#Dorkim_b_hurim_Skin_Herthaganaut-skin-joints"/>
          <input semantic="INV_BIND_MATRIX" source="#Dorkim_b_hurim_Skin_Herthaganaut-skin-bind_poses"/>
        </joints>
        <vertex_weights count="327">
          <input semantic="JOINT" source="#Dorkim_b_hurim_Skin_Herthaganaut-skin-joints" offset="0"/>
          <input semantic="WEIGHT" source="#Dorkim_b_hurim_Skin_Herthaganaut-skin-weights" offset="1"/>
          <vcount>1 1 1 1 1 1 1 1 1 1 1 1 1 1 1 1 1 1 1 1 1 1 1 1 1 1 1 1 1 1 1 1 1 1 1 1 1 1 1 1 1 1 1 1 1 1 1 1 1 1 1 1 1 1 1 1 1 1 1 1 1 1 1 1 1 1 1 1 1 1 1 1 1 1 1 1 1 1 1 1 1 1 1 1 1 1 1 1 1 1 1 1 1 1 1 1 1 1 1 1 1 1 1 1 1 1 1 1 1 1 1 1 1 1 1 1 1 1 1 1 1 1 1 1 1 1 1 1 1 1 1 1 1 1 1 1 1 1 1 1 1 1 1 1 1 1 1 1 1 1 1 1 1 1 1 1 1 1 1 1 1 1 1 1 1 1 1 1 1 1 1 1 1 1 1 1 1 1 1 1 1 1 1 1 1 1 1 1 1 1 1 1 1 1 1 1 1 1 1 1 1 1 1 1 1 1 1 1 1 1 1 1 1 1 1 1 1 1 1 1 1 1 1 1 1 1 1 1 1 1 1 1 1 1 1 1 1 1 1 1 1 1 1 1 1 1 1 1 1 1 1 1 1 1 1 1 1 1 1 1 1 1 1 1 1 1 1 1 1 1 1 1 1 1 1 1 1 1 1 1 1 1 1 1 1 1 1 1 1 1 1 1 1 1 1 1 1 1 1 1 1 1 1 1 1 1 1 1 1 1 1 1 1 1 1 1 1 1 1 1 1 1 1 1 1 1 1 </vcount>
          <v>16 0 16 1 16 2 16 3 16 4 16 5 16 6 16 7 16 8 16 9 16 10 16 11 16 12 16 13 16 14 16 15 16 16 16 17 16 18 16 19 16 20 16 21 16 22 16 23 10 24 10 25 10 26 10 27 10 28 10 29 10 30 10 31 10 32 10 33 10 34 10 35 10 36 10 37 10 38 10 39 10 40 10 41 10 42 10 43 10 44 10 45 10 46 10 47 10 48 10 49 10 50 10 51 10 52 10 53 10 54 10 55 10 56 10 57 10 58 10 59 10 60 10 61 10 62 10 63 10 64 10 65 10 66 10 67 10 68 10 69 17 70 17 71 18 72 17 73 17 74 17 75 17 76 17 77 17 78 17 79 17 80 18 81 18 82 18 83 18 84 18 85 18 86 18 87 18 88 18 89 18 90 18 91 18 92 1 93 1 94 1 95 1 96 4 97 1 98 4 99 5 100 4 101 5 102 5 103 8 104 5 105 5 106 8 107 8 108 8 109 4 110 8 111 8 112 4 113 8 114 8 115 4 116 4 117 4 118 4 119 8 120 4 121 4 122 4 123 4 124 4 125 8 126 8 127 8 128 8 129 8 130 8 131 4 132 8 133 8 134 4 135 8 136 8 137 4 138 4 139 4 140 4 141 8 142 15 143 15 144 15 145 15 146 15 147 15 148 15 149 15 150 15 151 15 152 15 153 15 154 15 155 15 156 15 157 12 158 12 159 12 160 12 161 12 162 12 163 12 164 12 165 12 166 12 167 12 168 12 169 12 170 12 171 12 172 12 173 12 174 12 175 16 176 16 177 16 178 16 179 16 180 16 181 16 182 16 183 16 184 16 185 16 186 16 187 16 188 16 189 16 190 16 191 16 192 16 193 16 194 16 195 16 196 16 197 16 198 16 199 16 200 16 201 16 202 16 203 16 204 16 205 16 206 16 207 14 208 12 209 12 210 14 211 14 212 12 213 12 214 12 215 10 216 10 217 14 218 14 219 0 220 12 221 11 222 10 223 10 224 2 225 6 226 5 227 1 228 6 229 2 230 0 231 0 232 14 233 14 234 14 235 12 236 13 237 14 238 14 239 14 240 10 241 14 242 11 243 12 244 12 245 12 246 12 247 10 248 0 249 5 250 10 251 10 252 10 253 10 254 10 255 10 256 1 257 14 258 12 259 10 260 11 261 13 262 12 263 13 264 16 265 16 266 16 267 16 268 16 269 16 270 16 271 16 272 16 273 16 274 16 275 16 276 16 277 16 278 16 279 16 280 16 281 16 282 16 283 16 284 16 285 16 286 16 287 16 288 16 289 16 290 16 291 16 292 16 293 16 294 16 295 16 296 16 297 16 298 16 299 16 300 16 301 16 302 16 303 16 304 16 305 16 306 16 307 16 308 16 309 16 310 16 311 16 312 16 313 16 314 16 315 16 316 16 317 16 318 2 319 6 320 7 321 3 322 6 323 2 324 7 325 3 326</v>
        </vertex_weights>
      </skin>
    </controller>
  </library_controllers>
  <library_visual_scenes>
    <visual_scene id="Scene" name="Scene">
      <node id="LAMP_FRONT_PEACH" name="LAMP_FRONT_PEACH" type="NODE">
        <matrix sid="transform">3.595629 0.1442683 -0.009944758 0.07793808 -0.1375951 3.336951 -1.339883 -21.84175 -0.04449517 1.339181 3.339772 55.79722 0 0 0 1</matrix>
        <instance_light url="#LAMP_FRONT_PEACH-light"/>
      </node>
      <node id="Lamp_WEST" name="Lamp_WEST" type="NODE">
        <matrix sid="transform">-0.3873922 2.703377 -2.343318 -28.80603 -3.577471 -0.3144135 0.2286955 3.436447 -0.03293585 2.354221 2.7214 33.30629 0 0 0 1</matrix>
        <instance_light url="#Lamp_WEST-light"/>
      </node>
      <node id="Camera" name="Camera" type="NODE">
        <matrix sid="transform">0.6859207 -0.3240135 0.6515582 7.481132 0.7276763 0.3054208 -0.6141704 -6.50764 0 0.8953956 0.4452714 5.343665 0 0 0 1</matrix>
        <instance_camera url="#Camera-camera"/>
      </node>
      <node id="Lamp" name="Lamp" type="NODE">
        <matrix sid="transform">-0.2908646 -0.7711008 0.5663932 4.076245 0.9551712 -0.1998834 0.2183912 1.005454 -0.05518906 0.6045247 0.7946723 5.903862 0 0 0 1</matrix>
        <instance_light url="#Lamp-light"/>
      </node>
      <node id="Dorkim_b_hurim_Skin" name="Dorkim_b_hurim_Skin" type="NODE">
        <matrix sid="transform">1 0 0 0 0 1 0 0 0 0 1 0 0 0 0 1</matrix>
        <node id="Dorkim_b_hurim_Skin_root" name="root" sid="root" type="JOINT">
          <matrix sid="transform">1 0 0 0 0 0 -1 -1.01207e-7 0 1 0 2.154822 0 0 0 1</matrix>
          <node id="Dorkim_b_hurim_Skin_pelvis" name="pelvis" sid="pelvis" type="JOINT">
            <matrix sid="transform">1 0 1.06555e-8 2.88204e-4 -3.96948e-16 1 3.72528e-8 -0.1648533 -1.06555e-8 -3.72528e-8 1 -0.05965078 0 0 0 1</matrix>
            <node id="Dorkim_b_hurim_Skin_femurleft" name="femurleft" sid="femurleft" type="JOINT">
              <matrix sid="transform">1 -5.5443e-15 5.09364e-9 0.2292778 0 1 0 -0.0098176 -5.09364e-9 2.48349e-10 1 0.05965089 0 0 0 1</matrix>
              <node id="Dorkim_b_hurim_Skin_butt-l" name="butt-l" sid="butt-l" type="JOINT">
                <matrix sid="transform">1 -6.03893e-15 4.2319e-9 4.67524e-4 1.89181e-15 1 -4.47035e-7 -0.09852624 -4.2319e-9 4.47035e-7 1 -0.2278655 0 0 0 1</matrix>
                <extra>
                  <technique profile="blender">
                    <layer sid="layer" type="string">0</layer>
                    <tip_x sid="tip_x" type="float">0</tip_x>
                    <tip_y sid="tip_y" type="float">0</tip_y>
                    <tip_z sid="tip_z" type="float">0.1</tip_z>
                  </technique>
                </extra>
              </node>
              <node id="Dorkim_b_hurim_Skin_knee-l-top" name="knee-l-top" sid="knee-l-top" type="JOINT">
                <matrix sid="transform">1 -6.03892e-15 7.79386e-9 0.02838679 0 0.9999999 0 -0.4877245 -7.79386e-9 0 1 0.3577119 0 0 0 1</matrix>
                <extra>
                  <technique profile="blender">
                    <layer sid="layer" type="string">0</layer>
                    <tip_x sid="tip_x" type="float">0</tip_x>
                    <tip_y sid="tip_y" type="float">0</tip_y>
                    <tip_z sid="tip_z" type="float">0.1</tip_z>
                  </technique>
                </extra>
              </node>
              <node id="Dorkim_b_hurim_Skin_knee-l-bopttom" name="knee-l-bopttom" sid="knee-l-bopttom" type="JOINT">
                <matrix sid="transform">1 -6.03892e-15 3.00215e-8 0.03209619 4.47355e-15 1 -1.49012e-7 -0.7369263 -3.00215e-8 1.49012e-7 1 -0.03760035 0 0 0 1</matrix>
                <node id="Dorkim_b_hurim_Skin_ankle_left" name="ankle left" sid="ankle_left" type="JOINT">
                  <matrix sid="transform">1 2.31645e-8 8.64678e-7 0.008728266 3.25456e-7 -0.92954 -0.3687212 -1.121673 7.95211e-7 0.3687213 -0.9295409 -0.06275699 0 0 0 1</matrix>
                  <node id="Dorkim_b_hurim_Skin_foot_left01" name="foot left01" sid="foot_left01" type="JOINT">
                    <matrix sid="transform">1 7.87906e-7 3.24063e-5 1.78814e-7 -3.01609e-5 0.3889568 0.9212561 0.2168391 -1.18788e-5 -0.9212561 0.3889568 -0.2809222 0 0 0 1</matrix>
                    <extra>
                      <technique profile="blender">
                        <layer sid="layer" type="string">0</layer>
                        <roll sid="roll" type="float">3.27396e-5</roll>
                        <tip_x sid="tip_x" type="float">0</tip_x>
                        <tip_y sid="tip_y" type="float">-0.09997606</tip_y>
                        <tip_z sid="tip_z" type="float">-0.002186417</tip_z>
                      </technique>
                    </extra>
                  </node>
                  <extra>
                    <technique profile="blender">
                      <layer sid="layer" type="string">0</layer>
                      <roll sid="roll" type="float">8.59183e-7</roll>
                      <tip_x sid="tip_x" type="float">0</tip_x>
                      <tip_y sid="tip_y" type="float">-0.03687208</tip_y>
                      <tip_z sid="tip_z" type="float">-0.09295403</tip_z>
                    </technique>
                  </extra>
                </node>
                <extra>
                  <technique profile="blender">
                    <layer sid="layer" type="string">0</layer>
                    <tip_x sid="tip_x" type="float">0</tip_x>
                    <tip_y sid="tip_y" type="float">0</tip_y>
                    <tip_z sid="tip_z" type="float">0.1</tip_z>
                  </technique>
                </extra>
              </node>
              <extra>
                <technique profile="blender">
                  <layer sid="layer" type="string">0</layer>
                  <tip_x sid="tip_x" type="float">0</tip_x>
                  <tip_y sid="tip_y" type="float">0</tip_y>
                  <tip_z sid="tip_z" type="float">0.09999978</tip_z>
                </technique>
              </extra>
            </node>
            <node id="Dorkim_b_hurim_Skin_femurright" name="femurright" sid="femurright" type="JOINT">
              <matrix sid="transform">1 -5.5443e-15 5.09365e-9 -0.2316408 0 1 0 -0.0098176 -5.09365e-9 2.48349e-10 1 0.05965089 0 0 0 1</matrix>
              <node id="Dorkim_b_hurim_Skin_butt-r" name="butt-r" sid="butt-r" type="JOINT">
                <matrix sid="transform">1 -6.03893e-15 5.58592e-9 -0.003262326 3.32947e-15 1 -5.96046e-7 -0.09589553 -5.58592e-9 5.96046e-7 1 -0.2262758 0 0 0 1</matrix>
                <extra>
                  <technique profile="blender">
                    <layer sid="layer" type="string">0</layer>
                    <tip_x sid="tip_x" type="float">0</tip_x>
                    <tip_y sid="tip_y" type="float">0</tip_y>
                    <tip_z sid="tip_z" type="float">0.1</tip_z>
                  </technique>
                </extra>
              </node>
              <node id="Dorkim_b_hurim_Skin_knee-r-top" name="knee-r-top" sid="knee-r-top" type="JOINT">
                <matrix sid="transform">1 -6.03893e-15 9.03824e-9 0.05288471 5.38721e-15 0.9999999 -5.96046e-7 -0.4883389 -9.03824e-9 5.96046e-7 1 0.3589507 0 0 0 1</matrix>
                <extra>
                  <technique profile="blender">
                    <layer sid="layer" type="string">0</layer>
                    <tip_x sid="tip_x" type="float">0</tip_x>
                    <tip_y sid="tip_y" type="float">0</tip_y>
                    <tip_z sid="tip_z" type="float">0.1</tip_z>
                  </technique>
                </extra>
              </node>
              <node id="Dorkim_b_hurim_Skin_knee-r-bopttom" name="knee-r-bopttom" sid="knee-r-bopttom" type="JOINT">
                <matrix sid="transform">1 -6.03893e-15 1.89711e-8 -0.01414061 -7.06728e-16 1 3.72528e-8 -0.7370366 -1.89711e-8 -3.72528e-8 1 -0.03760033 0 0 0 1</matrix>
                <node id="Dorkim_b_hurim_Skin_ankleright" name="ankleright" sid="ankleright" type="JOINT">
                  <matrix sid="transform">1 0 7.97911e-7 -0.0131759 2.94206e-7 -0.9295402 -0.3687207 -1.118303 7.4169e-7 0.3687207 -0.9295403 -0.06275684 0 0 0 1</matrix>
                  <node id="Dorkim_b_hurim_Skin_foot_right01" name="foot right01" sid="foot_right01" type="JOINT">
                    <matrix sid="transform">1 7.3508e-7 2.45652e-5 2.38419e-7 -2.29167e-5 0.3889569 0.9212561 0.2168391 -8.8776e-6 -0.9212561 0.3889569 -0.2809225 0 0 0 1</matrix>
                    <extra>
                      <technique profile="blender">
                        <layer sid="layer" type="string">0</layer>
                        <roll sid="roll" type="float">2.48535e-5</roll>
                        <tip_x sid="tip_x" type="float">0</tip_x>
                        <tip_y sid="tip_y" type="float">-0.09997612</tip_y>
                        <tip_z sid="tip_z" type="float">-0.002186477</tip_z>
                      </technique>
                    </extra>
                  </node>
                  <extra>
                    <technique profile="blender">
                      <layer sid="layer" type="string">0</layer>
                      <roll sid="roll" type="float">7.97911e-7</roll>
                      <tip_x sid="tip_x" type="float">0</tip_x>
                      <tip_y sid="tip_y" type="float">-0.03687202</tip_y>
                      <tip_z sid="tip_z" type="float">-0.09295403</tip_z>
                    </technique>
                  </extra>
                </node>
                <extra>
                  <technique profile="blender">
                    <layer sid="layer" type="string">0</layer>
                    <tip_x sid="tip_x" type="float">0</tip_x>
                    <tip_y sid="tip_y" type="float">0</tip_y>
                    <tip_z sid="tip_z" type="float">0.1000001</tip_z>
                  </technique>
                </extra>
              </node>
              <extra>
                <technique profile="blender">
                  <layer sid="layer" type="string">0</layer>
                  <tip_x sid="tip_x" type="float">0</tip_x>
                  <tip_y sid="tip_y" type="float">0</tip_y>
                  <tip_z sid="tip_z" type="float">0.09999978</tip_z>
                </technique>
              </extra>
            </node>
            <node id="Dorkim_b_hurim_Skin_lumbar" name="lumbar" sid="lumbar" type="JOINT">
              <matrix sid="transform">1 -5.5443e-15 4.81516e-9 0.004538175 0 1 3.72529e-8 0.189765 -4.81516e-9 -3.70046e-8 1 -0.05340067 0 0 0 1</matrix>
              <node id="Dorkim_b_hurim_Skin_rib" name="rib" sid="rib" type="JOINT">
                <matrix sid="transform">1 -5.8325e-15 4.3098e-9 -0.01278648 0 1 0 0.7050579 -4.3098e-9 2.4832e-10 1 0.1130517 0 0 0 1</matrix>
                <node id="Dorkim_b_hurim_Skin_scapula" name="scapula" sid="scapula" type="JOINT">
                  <matrix sid="transform">0.2030972 -0.9791585 -6.94363e-8 0.4182978 0.9791585 0.203097 -2.09004e-8 0.2449713 3.45671e-8 -6.37444e-8 1 -4.3226e-8 0 0 0 1</matrix>
                  <node id="Dorkim_b_hurim_Skin_ulna" name="ulna" sid="ulna" type="JOINT">
                    <matrix sid="transform">0.9999999 1.78814e-7 -1.10672e-7 0.1237385 -1.63913e-7 0.9999999 -5.29354e-13 -0.5993565 1.10672e-7 5.47118e-13 1 9.59421e-10 0 0 0 1</matrix>
                    <node id="Dorkim_b_hurim_Skin_carpal" name="carpal" sid="carpal" type="JOINT">
                      <matrix sid="transform">0.9999999 2.5332e-7 9.11752e-7 0.1033108 -1.49012e-7 0.9999999 -1.20792e-13 -0.575404 -9.11753e-7 -5.68434e-14 1 0.07377815 0 0 0 1</matrix>
                      <node id="Dorkim_b_hurim_Skin_ammo_node_1" name="ammo node 1" sid="ammo_node_1" type="JOINT">
                        <matrix sid="transform">1 2.98227e-7 -2.38568e-5 0.1766813 -2.37972e-5 0.001921206 -0.9999982 0.2353452 -2.53307e-7 0.9999982 0.001921178 -0.07377815 0 0 0 1</matrix>
                        <extra>
                          <technique profile="blender">
                            <layer sid="layer" type="string">0</layer>
                            <roll sid="roll" type="float">-2.185218</roll>
                            <tip_x sid="tip_x" type="float">-1.88112e-4</tip_x>
                            <tip_y sid="tip_y" type="float">-0.09999984</tip_y>
                            <tip_z sid="tip_z" type="float">3.91006e-5</tip_z>
                          </technique>
                        </extra>
                      </node>
                      <extra>
                        <technique profile="blender">
                          <layer sid="layer" type="string">0</layer>
                          <roll sid="roll" type="float">-1.366276</roll>
                          <tip_x sid="tip_x" type="float">-0.09791576</tip_x>
                          <tip_y sid="tip_y" type="float">0</tip_y>
                          <tip_z sid="tip_z" type="float">0.02030968</tip_z>
                        </technique>
                      </extra>
                    </node>
                    <extra>
                      <technique profile="blender">
                        <layer sid="layer" type="string">0</layer>
                        <roll sid="roll" type="float">-1.366277</roll>
                        <tip_x sid="tip_x" type="float">-0.09791576</tip_x>
                        <tip_y sid="tip_y" type="float">0</tip_y>
                        <tip_z sid="tip_z" type="float">0.02030968</tip_z>
                      </technique>
                    </extra>
                  </node>
                  <extra>
                    <technique profile="blender">
                      <layer sid="layer" type="string">0</layer>
                      <roll sid="roll" type="float">-1.366277</roll>
                      <tip_x sid="tip_x" type="float">-0.09791576</tip_x>
                      <tip_y sid="tip_y" type="float">0</tip_y>
                      <tip_z sid="tip_z" type="float">0.02030968</tip_z>
                    </technique>
                  </extra>
                </node>
                <node id="Dorkim_b_hurim_Skin_scapula01" name="scapula01" sid="scapula01" type="JOINT">
                  <matrix sid="transform">0.2198079 0.9755432 -5.80383e-8 -0.4432709 -0.9755432 0.2198078 1.21579e-7 0.2449713 1.31363e-7 2.98948e-8 1 -4.3226e-8 0 0 0 1</matrix>
                  <node id="Dorkim_b_hurim_Skin_ulna01" name="ulna01" sid="ulna01" type="JOINT">
                    <matrix sid="transform">1 -8.9407e-8 2.72332e-8 -0.1120024 7.45058e-8 1 -1.19209e-7 -0.5993567 -2.72332e-8 1.19209e-7 1 7.60849e-10 0 0 0 1</matrix>
                    <node id="Dorkim_b_hurim_Skin_carpal_right" name="carpal right" sid="carpal_right" type="JOINT">
                      <matrix sid="transform">1 3.27826e-7 -3.68534e-7 -0.1377451 -2.98023e-7 0.9999999 1.06581e-13 -0.5311357 3.68534e-7 4.70735e-14 1 -1.55273e-7 0 0 0 1</matrix>
                      <node id="Dorkim_b_hurim_Skin_smoke_node_1" name="smoke node 1" sid="smoke_node_1" type="JOINT">
                        <matrix sid="transform">0.9999995 -6.71367e-7 -0.001092941 0.02609372 -0.001092792 -0.0067386 -0.9999768 -0.1824128 -6.6936e-6 0.9999773 -0.00673854 0.04844672 0 0 0 1</matrix>
                        <node id="Dorkim_b_hurim_Skin_ammo_node_0" name="ammo node 0" sid="ammo_node_0" type="JOINT">
                          <matrix sid="transform">0.9999975 -0.00222455 -1.41309e-5 0.002717972 -8.60891e-7 -0.006738178 0.9999772 1.569697 -0.002224326 -0.9999747 -0.006738145 0.0445087 0 0 0 1</matrix>
                          <extra>
                            <technique profile="blender">
                              <layer sid="layer" type="string">0</layer>
                              <roll sid="roll" type="float">1.349219</roll>
                              <tip_x sid="tip_x" type="float">0.09803164</tip_x>
                              <tip_y sid="tip_y" type="float">0</tip_y>
                              <tip_z sid="tip_z" type="float">0.02208423</tip_z>
                            </technique>
                          </extra>
                        </node>
                        <extra>
                          <technique profile="blender">
                            <layer sid="layer" type="string">0</layer>
                            <roll sid="roll" type="float">1.348299</roll>
                            <tip_x sid="tip_x" type="float">-6.57439e-4</tip_x>
                            <tip_y sid="tip_y" type="float">-0.09999769</tip_y>
                            <tip_z sid="tip_z" type="float">-1.48058e-4</tip_z>
                          </technique>
                        </extra>
                      </node>
                      <extra>
                        <technique profile="blender">
                          <layer sid="layer" type="string">0</layer>
                          <roll sid="roll" type="float">1.349179</roll>
                          <tip_x sid="tip_x" type="float">0.09755444</tip_x>
                          <tip_y sid="tip_y" type="float">0</tip_y>
                          <tip_z sid="tip_z" type="float">0.02198076</tip_z>
                        </technique>
                      </extra>
                    </node>
                    <extra>
                      <technique profile="blender">
                        <layer sid="layer" type="string">0</layer>
                        <roll sid="roll" type="float">1.349179</roll>
                        <tip_x sid="tip_x" type="float">0.09755426</tip_x>
                        <tip_y sid="tip_y" type="float">0</tip_y>
                        <tip_z sid="tip_z" type="float">0.02198076</tip_z>
                      </technique>
                    </extra>
                  </node>
                  <extra>
                    <technique profile="blender">
                      <layer sid="layer" type="string">0</layer>
                      <roll sid="roll" type="float">1.349179</roll>
                      <tip_x sid="tip_x" type="float">0.0975542</tip_x>
                      <tip_y sid="tip_y" type="float">0</tip_y>
                      <tip_z sid="tip_z" type="float">0.02198076</tip_z>
                    </technique>
                  </extra>
                </node>
                <node id="Dorkim_b_hurim_Skin_neck" name="neck" sid="neck" type="JOINT">
                  <matrix sid="transform">1 -6.09046e-15 3.8053e-9 -0.01369714 2.27727e-16 1 -5.98445e-8 0.4694998 -3.8053e-9 5.98445e-8 1 -1.36874e-7 0 0 0 1</matrix>
                  <node id="Dorkim_b_hurim_Skin_skull" name="skull" sid="skull" type="JOINT">
                    <matrix sid="transform">1 4.65661e-10 0 -0.007297661 0 1 0 0.4520023 0 0 1 1.25122e-7 0 0 0 1</matrix>
                    <node id="Dorkim_b_hurim_Skin_cloaktop" name="cloaktop" sid="cloaktop" type="JOINT">
                      <matrix sid="transform">1 -6.73089e-15 3.25259e-9 0.03092998 1.45402e-15 1 -4.47034e-7 -0.5702102 -3.25259e-9 4.47034e-7 1 -0.1981268 0 0 0 1</matrix>
                      <node id="Dorkim_b_hurim_Skin_cloak" name="cloak" sid="cloak" type="JOINT">
                        <matrix sid="transform">1 5.81991e-11 1.42791e-10 0.004538157 0 1 4.47035e-7 -0.8590815 -1.42784e-10 -4.48411e-7 0.9999999 -0.2356975 0 0 0 1</matrix>
                        <node id="Dorkim_b_hurim_Skin_cloakbottom" name="cloakbottom" sid="cloakbottom" type="JOINT">
                          <matrix sid="transform">1 -1.35924e-10 1.97795e-10 -0.02733968 0 1 1.75834e-6 -0.8312196 0 -1.75834e-6 0.9999999 -0.1177087 0 0 0 1</matrix>
                          <extra>
                            <technique profile="blender">
                              <layer sid="layer" type="string">0</layer>
                              <roll sid="roll" type="float">0</roll>
                              <tip_x sid="tip_x" type="float">0</tip_x>
                              <tip_y sid="tip_y" type="float">-0.09369146</tip_y>
                              <tip_z sid="tip_z" type="float">0.03495621</tip_z>
                            </technique>
                          </extra>
                        </node>
                        <extra>
                          <technique profile="blender">
                            <layer sid="layer" type="string">0</layer>
                            <roll sid="roll" type="float">0</roll>
                            <tip_x sid="tip_x" type="float">0</tip_x>
                            <tip_y sid="tip_y" type="float">-0.09369128</tip_y>
                            <tip_z sid="tip_z" type="float">0.03495597</tip_z>
                          </technique>
                        </extra>
                      </node>
                      <extra>
                        <technique profile="blender">
                          <layer sid="layer" type="string">0</layer>
                          <roll sid="roll" type="float">0</roll>
                          <tip_x sid="tip_x" type="float">0</tip_x>
                          <tip_y sid="tip_y" type="float">-0.09369146</tip_y>
                          <tip_z sid="tip_z" type="float">0.03495621</tip_z>
                        </technique>
                      </extra>
                    </node>
                    <node id="Dorkim_b_hurim_Skin_nogginbottom" name="nogginbottom" sid="nogginbottom" type="JOINT">
                      <matrix sid="transform">1 0 2.98529e-7 0.001799161 -1.24826e-8 0.9991255 0.04181361 0.08982563 -2.98268e-7 -0.04181361 0.9991254 0.2822086 0 0 0 1</matrix>
                      <extra>
                        <technique profile="blender">
                          <layer sid="layer" type="string">0</layer>
                          <roll sid="roll" type="float">2.98529e-7</roll>
                          <tip_x sid="tip_x" type="float">0</tip_x>
                          <tip_y sid="tip_y" type="float">0.004181385</tip_y>
                          <tip_z sid="tip_z" type="float">0.09991312</tip_z>
                        </technique>
                      </extra>
                    </node>
                    <node id="Dorkim_b_hurim_Skin_plumes" name="plumes" sid="plumes" type="JOINT">
                      <matrix sid="transform">1 0 5.3905e-7 -0.002369056 -1.13746e-8 0.9997773 0.02110119 0.1819341 -5.3893e-7 -0.02110119 0.9997773 0.1862074 0 0 0 1</matrix>
                      <extra>
                        <technique profile="blender">
                          <layer sid="layer" type="string">0</layer>
                          <roll sid="roll" type="float">5.3905e-7</roll>
                          <tip_x sid="tip_x" type="float">0</tip_x>
                          <tip_y sid="tip_y" type="float">0.002110123</tip_y>
                          <tip_z sid="tip_z" type="float">0.09997797</tip_z>
                        </technique>
                      </extra>
                    </node>
                    <node id="Dorkim_b_hurim_Skin_skulltop" name="skulltop" sid="skulltop" type="JOINT">
                      <matrix sid="transform">1 0 0 -0.00416824 0 1 0 0.3702886 0 0 1 4.36391e-8 0 0 0 1</matrix>
                      <extra>
                        <technique profile="blender">
                          <layer sid="layer" type="string">0</layer>
                          <tip_x sid="tip_x" type="float">0</tip_x>
                          <tip_y sid="tip_y" type="float">0</tip_y>
                          <tip_z sid="tip_z" type="float">0.0999999</tip_z>
                        </technique>
                      </extra>
                    </node>
                    <extra>
                      <technique profile="blender">
                        <layer sid="layer" type="string">0</layer>
                        <tip_x sid="tip_x" type="float">0</tip_x>
                        <tip_y sid="tip_y" type="float">0</tip_y>
                        <tip_z sid="tip_z" type="float">0.1000003</tip_z>
                      </technique>
                    </extra>
                  </node>
                  <node id="Dorkim_b_hurim_Skin_smoke_node_0" name="smoke node 0" sid="smoke_node_0" type="JOINT">
                    <matrix sid="transform">1 -5.05522e-5 -6.28297e-7 0.006514965 -6.27832e-7 0 -1 0.0921874 5.05522e-5 1 -2.58726e-9 0.2430203 0 0 0 1</matrix>
                    <extra>
                      <technique profile="blender">
                        <layer sid="layer" type="string">0</layer>
                        <roll sid="roll" type="float">3.141592</roll>
                        <tip_x sid="tip_x" type="float">-5.05522e-6</tip_x>
                        <tip_y sid="tip_y" type="float">-0.1</tip_y>
                        <tip_z sid="tip_z" type="float">0</tip_z>
                      </technique>
                    </extra>
                  </node>
                  <extra>
                    <technique profile="blender">
                      <layer sid="layer" type="string">0</layer>
                      <tip_x sid="tip_x" type="float">0</tip_x>
                      <tip_y sid="tip_y" type="float">0</tip_y>
                      <tip_z sid="tip_z" type="float">0.0999999</tip_z>
                    </technique>
                  </extra>
                </node>
                <extra>
                  <technique profile="blender">
                    <layer sid="layer" type="string">0</layer>
                    <tip_x sid="tip_x" type="float">0</tip_x>
                    <tip_y sid="tip_y" type="float">0</tip_y>
                    <tip_z sid="tip_z" type="float">0.0999999</tip_z>
                  </technique>
                </extra>
              </node>
              <extra>
                <technique profile="blender">
                  <layer sid="layer" type="string">0</layer>
                  <tip_x sid="tip_x" type="float">0</tip_x>
                  <tip_y sid="tip_y" type="float">0</tip_y>
                  <tip_z sid="tip_z" type="float">0.0999999</tip_z>
                </technique>
              </extra>
            </node>
            <extra>
              <technique profile="blender">
                <layer sid="layer" type="string">0</layer>
                <tip_x sid="tip_x" type="float">0</tip_x>
                <tip_y sid="tip_y" type="float">0</tip_y>
                <tip_z sid="tip_z" type="float">0.1000001</tip_z>
              </technique>
            </extra>
          </node>
          <extra>
            <technique profile="blender">
              <layer sid="layer" type="string">0</layer>
              <tip_x sid="tip_x" type="float">0</tip_x>
              <tip_y sid="tip_y" type="float">0</tip_y>
              <tip_z sid="tip_z" type="float">0.1000001</tip_z>
            </technique>
          </extra>
        </node>
      </node>
      <node id="Herthaganaut" name="Herthaganaut" type="NODE">
        <translate sid="location">0 0 0</translate>
        <rotate sid="rotationZ">0 0 1 0</rotate>
        <rotate sid="rotationY">0 1 0 0</rotate>
        <rotate sid="rotationX">1 0 0 0</rotate>
        <scale sid="scale">1 1 1</scale>
        <instance_controller url="#Dorkim_b_hurim_Skin_Herthaganaut-skin">
          <skeleton>#Dorkim_b_hurim_Skin_root</skeleton>
          <bind_material>
            <technique_common>
              <instance_material symbol="RSoldier_000-material" target="#RSoldier_000-material"/>
            </technique_common>
          </bind_material>
        </instance_controller>
      </node>
      <node id="Camera_001" name="Camera_001" type="NODE">
        <matrix sid="transform">0.6859207 -0.3240135 0.6515582 7.481132 0.7276763 0.3054209 -0.6141704 -6.50764 -4.01133e-9 0.8953956 0.4452714 5.343665 0 0 0 1</matrix>
        <instance_camera url="#Camera_001-camera"/>
      </node>
    </visual_scene>
  </library_visual_scenes>
  <scene>
    <instance_visual_scene url="#Scene"/>
  </scene>
</COLLADA>